=== [1/4] ESMFold 回折 + pLDDT（confumpnn-esmfold，递归扫描所有 arm 的 seqs.fa）===
ESMFold 加载完成（cuda）
批量模式：找到 16 个 seqs.fa
[code/output/phase3_antidrift_s1_n20/1BC8/A_base/seqs.fa] 共 20 条序列
  seed_111 arm=base scenario=A p   L=  93  mean_pLDDT= 82.35
  seed_112 arm=base scenario=A p   L=  93  mean_pLDDT= 82.30
  seed_113 arm=base scenario=A p   L=  93  mean_pLDDT= 81.60
  seed_114 arm=base scenario=A p   L=  93  mean_pLDDT= 83.46
  seed_115 arm=base scenario=A p   L=  93  mean_pLDDT= 81.70
  seed_116 arm=base scenario=A p   L=  93  mean_pLDDT= 81.17
  seed_117 arm=base scenario=A p   L=  93  mean_pLDDT= 82.17
  seed_118 arm=base scenario=A p   L=  93  mean_pLDDT= 80.62
  seed_119 arm=base scenario=A p   L=  93  mean_pLDDT= 80.37
  seed_120 arm=base scenario=A p   L=  93  mean_pLDDT= 82.92
  seed_121 arm=base scenario=A p   L=  93  mean_pLDDT= 82.45
  seed_122 arm=base scenario=A p   L=  93  mean_pLDDT= 82.57
  seed_123 arm=base scenario=A p   L=  93  mean_pLDDT= 83.36
  seed_124 arm=base scenario=A p   L=  93  mean_pLDDT= 82.97
  seed_125 arm=base scenario=A p   L=  93  mean_pLDDT= 82.48
  seed_126 arm=base scenario=A p   L=  93  mean_pLDDT= 81.22
  seed_127 arm=base scenario=A p   L=  93  mean_pLDDT= 82.01
  seed_128 arm=base scenario=A p   L=  93  mean_pLDDT= 83.75
  seed_129 arm=base scenario=A p   L=  93  mean_pLDDT= 83.02
  seed_130 arm=base scenario=A p   L=  93  mean_pLDDT= 81.91
  已写入 code/output/phase3_antidrift_s1_n20/1BC8/A_base/plddt.csv
[code/output/phase3_antidrift_s1_n20/1BC8/A_cond/seqs.fa] 共 20 条序列
  seed_111 arm=cond scenario=A p   L=  93  mean_pLDDT= 82.17
  seed_112 arm=cond scenario=A p   L=  93  mean_pLDDT= 84.53
  seed_113 arm=cond scenario=A p   L=  93  mean_pLDDT= 78.97
  seed_114 arm=cond scenario=A p   L=  93  mean_pLDDT= 80.16
  seed_115 arm=cond scenario=A p   L=  93  mean_pLDDT= 80.25
  seed_116 arm=cond scenario=A p   L=  93  mean_pLDDT= 81.09
  seed_117 arm=cond scenario=A p   L=  93  mean_pLDDT= 81.59
  seed_118 arm=cond scenario=A p   L=  93  mean_pLDDT= 82.65
  seed_119 arm=cond scenario=A p   L=  93  mean_pLDDT= 81.02
  seed_120 arm=cond scenario=A p   L=  93  mean_pLDDT= 79.91
  seed_121 arm=cond scenario=A p   L=  93  mean_pLDDT= 81.14
  seed_122 arm=cond scenario=A p   L=  93  mean_pLDDT= 82.59
  seed_123 arm=cond scenario=A p   L=  93  mean_pLDDT= 81.90
  seed_124 arm=cond scenario=A p   L=  93  mean_pLDDT= 79.62
  seed_125 arm=cond scenario=A p   L=  93  mean_pLDDT= 82.48
  seed_126 arm=cond scenario=A p   L=  93  mean_pLDDT= 82.24
  seed_127 arm=cond scenario=A p   L=  93  mean_pLDDT= 84.32
  seed_128 arm=cond scenario=A p   L=  93  mean_pLDDT= 84.46
  seed_129 arm=cond scenario=A p   L=  93  mean_pLDDT= 83.67
  seed_130 arm=cond scenario=A p   L=  93  mean_pLDDT= 81.06
  已写入 code/output/phase3_antidrift_s1_n20/1BC8/A_cond/plddt.csv
[code/output/phase3_antidrift_s1_n20/1BC8/B_base/seqs.fa] 共 20 条序列
  seed_111 arm=base scenario=B p   L=  93  mean_pLDDT= 82.35
  seed_112 arm=base scenario=B p   L=  93  mean_pLDDT= 82.30
  seed_113 arm=base scenario=B p   L=  93  mean_pLDDT= 81.60
  seed_114 arm=base scenario=B p   L=  93  mean_pLDDT= 83.46
  seed_115 arm=base scenario=B p   L=  93  mean_pLDDT= 81.70
  seed_116 arm=base scenario=B p   L=  93  mean_pLDDT= 81.17
  seed_117 arm=base scenario=B p   L=  93  mean_pLDDT= 82.17
  seed_118 arm=base scenario=B p   L=  93  mean_pLDDT= 80.62
  seed_119 arm=base scenario=B p   L=  93  mean_pLDDT= 80.37
  seed_120 arm=base scenario=B p   L=  93  mean_pLDDT= 82.92
  seed_121 arm=base scenario=B p   L=  93  mean_pLDDT= 82.45
  seed_122 arm=base scenario=B p   L=  93  mean_pLDDT= 82.57
  seed_123 arm=base scenario=B p   L=  93  mean_pLDDT= 83.36
  seed_124 arm=base scenario=B p   L=  93  mean_pLDDT= 82.97
  seed_125 arm=base scenario=B p   L=  93  mean_pLDDT= 82.48
  seed_126 arm=base scenario=B p   L=  93  mean_pLDDT= 81.22
  seed_127 arm=base scenario=B p   L=  93  mean_pLDDT= 82.01
  seed_128 arm=base scenario=B p   L=  93  mean_pLDDT= 83.75
  seed_129 arm=base scenario=B p   L=  93  mean_pLDDT= 83.02
  seed_130 arm=base scenario=B p   L=  93  mean_pLDDT= 81.91
  已写入 code/output/phase3_antidrift_s1_n20/1BC8/B_base/plddt.csv
[code/output/phase3_antidrift_s1_n20/1BC8/B_cond/seqs.fa] 共 20 条序列
  seed_111 arm=cond scenario=B p   L=  93  mean_pLDDT= 80.58
  seed_112 arm=cond scenario=B p   L=  93  mean_pLDDT= 83.92
  seed_113 arm=cond scenario=B p   L=  93  mean_pLDDT= 81.26
  seed_114 arm=cond scenario=B p   L=  93  mean_pLDDT= 83.19
  seed_115 arm=cond scenario=B p   L=  93  mean_pLDDT= 83.66
  seed_116 arm=cond scenario=B p   L=  93  mean_pLDDT= 82.54
  seed_117 arm=cond scenario=B p   L=  93  mean_pLDDT= 83.23
  seed_118 arm=cond scenario=B p   L=  93  mean_pLDDT= 83.24
  seed_119 arm=cond scenario=B p   L=  93  mean_pLDDT= 82.39
  seed_120 arm=cond scenario=B p   L=  93  mean_pLDDT= 83.84
  seed_121 arm=cond scenario=B p   L=  93  mean_pLDDT= 77.53
  seed_122 arm=cond scenario=B p   L=  93  mean_pLDDT= 82.52
  seed_123 arm=cond scenario=B p   L=  93  mean_pLDDT= 83.09
  seed_124 arm=cond scenario=B p   L=  93  mean_pLDDT= 84.19
  seed_125 arm=cond scenario=B p   L=  93  mean_pLDDT= 83.49
  seed_126 arm=cond scenario=B p   L=  93  mean_pLDDT= 82.46
  seed_127 arm=cond scenario=B p   L=  93  mean_pLDDT= 81.83
  seed_128 arm=cond scenario=B p   L=  93  mean_pLDDT= 86.09
  seed_129 arm=cond scenario=B p   L=  93  mean_pLDDT= 81.68
  seed_130 arm=cond scenario=B p   L=  93  mean_pLDDT= 79.41
  已写入 code/output/phase3_antidrift_s1_n20/1BC8/B_cond/plddt.csv
[code/output/phase3_antidrift_s1_n20/1CRN/A_base/seqs.fa] 共 20 条序列
  seed_111 arm=base scenario=A p   L=  46  mean_pLDDT= 88.40
  seed_112 arm=base scenario=A p   L=  46  mean_pLDDT= 87.81
  seed_113 arm=base scenario=A p   L=  46  mean_pLDDT= 87.66
  seed_114 arm=base scenario=A p   L=  46  mean_pLDDT= 87.53
  seed_115 arm=base scenario=A p   L=  46  mean_pLDDT= 89.28
  seed_116 arm=base scenario=A p   L=  46  mean_pLDDT= 89.51
  seed_117 arm=base scenario=A p   L=  46  mean_pLDDT= 89.12
  seed_118 arm=base scenario=A p   L=  46  mean_pLDDT= 86.21
  seed_119 arm=base scenario=A p   L=  46  mean_pLDDT= 87.40
  seed_120 arm=base scenario=A p   L=  46  mean_pLDDT= 85.46
  seed_121 arm=base scenario=A p   L=  46  mean_pLDDT= 87.84
  seed_122 arm=base scenario=A p   L=  46  mean_pLDDT= 87.53
  seed_123 arm=base scenario=A p   L=  46  mean_pLDDT= 87.18
  seed_124 arm=base scenario=A p   L=  46  mean_pLDDT= 88.96
  seed_125 arm=base scenario=A p   L=  46  mean_pLDDT= 89.51
  seed_126 arm=base scenario=A p   L=  46  mean_pLDDT= 86.52
  seed_127 arm=base scenario=A p   L=  46  mean_pLDDT= 89.16
  seed_128 arm=base scenario=A p   L=  46  mean_pLDDT= 87.20
  seed_129 arm=base scenario=A p   L=  46  mean_pLDDT= 90.18
  seed_130 arm=base scenario=A p   L=  46  mean_pLDDT= 89.84
  已写入 code/output/phase3_antidrift_s1_n20/1CRN/A_base/plddt.csv
[code/output/phase3_antidrift_s1_n20/1CRN/A_cond/seqs.fa] 共 20 条序列
  seed_111 arm=cond scenario=A p   L=  46  mean_pLDDT= 92.34
  seed_112 arm=cond scenario=A p   L=  46  mean_pLDDT= 89.90
  seed_113 arm=cond scenario=A p   L=  46  mean_pLDDT= 88.80
  seed_114 arm=cond scenario=A p   L=  46  mean_pLDDT= 90.20
  seed_115 arm=cond scenario=A p   L=  46  mean_pLDDT= 89.93
  seed_116 arm=cond scenario=A p   L=  46  mean_pLDDT= 90.28
  seed_117 arm=cond scenario=A p   L=  46  mean_pLDDT= 90.96
  seed_118 arm=cond scenario=A p   L=  46  mean_pLDDT= 87.10
  seed_119 arm=cond scenario=A p   L=  46  mean_pLDDT= 91.60
  seed_120 arm=cond scenario=A p   L=  46  mean_pLDDT= 93.20
  seed_121 arm=cond scenario=A p   L=  46  mean_pLDDT= 88.27
  seed_122 arm=cond scenario=A p   L=  46  mean_pLDDT= 89.38
  seed_123 arm=cond scenario=A p   L=  46  mean_pLDDT= 89.96
  seed_124 arm=cond scenario=A p   L=  46  mean_pLDDT= 92.46
  seed_125 arm=cond scenario=A p   L=  46  mean_pLDDT= 92.55
  seed_126 arm=cond scenario=A p   L=  46  mean_pLDDT= 86.22
  seed_127 arm=cond scenario=A p   L=  46  mean_pLDDT= 58.09
  seed_128 arm=cond scenario=A p   L=  46  mean_pLDDT= 87.22
  seed_129 arm=cond scenario=A p   L=  46  mean_pLDDT= 89.07
  seed_130 arm=cond scenario=A p   L=  46  mean_pLDDT= 89.83
  已写入 code/output/phase3_antidrift_s1_n20/1CRN/A_cond/plddt.csv
[code/output/phase3_antidrift_s1_n20/1CRN/B_base/seqs.fa] 共 20 条序列
  seed_111 arm=base scenario=B p   L=  46  mean_pLDDT= 88.40
  seed_112 arm=base scenario=B p   L=  46  mean_pLDDT= 87.81
  seed_113 arm=base scenario=B p   L=  46  mean_pLDDT= 87.66
  seed_114 arm=base scenario=B p   L=  46  mean_pLDDT= 87.53
  seed_115 arm=base scenario=B p   L=  46  mean_pLDDT= 89.28
  seed_116 arm=base scenario=B p   L=  46  mean_pLDDT= 89.51
  seed_117 arm=base scenario=B p   L=  46  mean_pLDDT= 89.12
  seed_118 arm=base scenario=B p   L=  46  mean_pLDDT= 86.21
  seed_119 arm=base scenario=B p   L=  46  mean_pLDDT= 87.40
  seed_120 arm=base scenario=B p   L=  46  mean_pLDDT= 85.46
  seed_121 arm=base scenario=B p   L=  46  mean_pLDDT= 87.84
  seed_122 arm=base scenario=B p   L=  46  mean_pLDDT= 87.53
  seed_123 arm=base scenario=B p   L=  46  mean_pLDDT= 87.18
  seed_124 arm=base scenario=B p   L=  46  mean_pLDDT= 88.96
  seed_125 arm=base scenario=B p   L=  46  mean_pLDDT= 89.51
  seed_126 arm=base scenario=B p   L=  46  mean_pLDDT= 86.52
  seed_127 arm=base scenario=B p   L=  46  mean_pLDDT= 89.16
  seed_128 arm=base scenario=B p   L=  46  mean_pLDDT= 87.20
  seed_129 arm=base scenario=B p   L=  46  mean_pLDDT= 90.18
  seed_130 arm=base scenario=B p   L=  46  mean_pLDDT= 89.84
  已写入 code/output/phase3_antidrift_s1_n20/1CRN/B_base/plddt.csv
[code/output/phase3_antidrift_s1_n20/1CRN/B_cond/seqs.fa] 共 20 条序列
  seed_111 arm=cond scenario=B p   L=  46  mean_pLDDT= 89.97
  seed_112 arm=cond scenario=B p   L=  46  mean_pLDDT= 87.62
  seed_113 arm=cond scenario=B p   L=  46  mean_pLDDT= 88.81
  seed_114 arm=cond scenario=B p   L=  46  mean_pLDDT= 91.59
  seed_115 arm=cond scenario=B p   L=  46  mean_pLDDT= 87.77
  seed_116 arm=cond scenario=B p   L=  46  mean_pLDDT= 92.15
  seed_117 arm=cond scenario=B p   L=  46  mean_pLDDT= 89.38
  seed_118 arm=cond scenario=B p   L=  46  mean_pLDDT= 89.32
  seed_119 arm=cond scenario=B p   L=  46  mean_pLDDT= 90.35
  seed_120 arm=cond scenario=B p   L=  46  mean_pLDDT= 90.84
  seed_121 arm=cond scenario=B p   L=  46  mean_pLDDT= 88.48
  seed_122 arm=cond scenario=B p   L=  46  mean_pLDDT= 87.50
  seed_123 arm=cond scenario=B p   L=  46  mean_pLDDT= 91.36
  seed_124 arm=cond scenario=B p   L=  46  mean_pLDDT= 70.96
  seed_125 arm=cond scenario=B p   L=  46  mean_pLDDT= 75.30
  seed_126 arm=cond scenario=B p   L=  46  mean_pLDDT= 88.61
  seed_127 arm=cond scenario=B p   L=  46  mean_pLDDT= 71.77
  seed_128 arm=cond scenario=B p   L=  46  mean_pLDDT= 87.81
  seed_129 arm=cond scenario=B p   L=  46  mean_pLDDT= 91.14
  seed_130 arm=cond scenario=B p   L=  46  mean_pLDDT= 89.45
  已写入 code/output/phase3_antidrift_s1_n20/1CRN/B_cond/plddt.csv
[code/output/phase3_antidrift_s1_n20/1UBQ/A_base/seqs.fa] 共 20 条序列
  seed_111 arm=base scenario=A p   L=  76  mean_pLDDT= 87.83
  seed_112 arm=base scenario=A p   L=  76  mean_pLDDT= 89.26
  seed_113 arm=base scenario=A p   L=  76  mean_pLDDT= 87.78
  seed_114 arm=base scenario=A p   L=  76  mean_pLDDT= 88.66
  seed_115 arm=base scenario=A p   L=  76  mean_pLDDT= 89.50
  seed_116 arm=base scenario=A p   L=  76  mean_pLDDT= 88.54
  seed_117 arm=base scenario=A p   L=  76  mean_pLDDT= 88.40
  seed_118 arm=base scenario=A p   L=  76  mean_pLDDT= 87.77
  seed_119 arm=base scenario=A p   L=  76  mean_pLDDT= 88.99
  seed_120 arm=base scenario=A p   L=  76  mean_pLDDT= 88.55
  seed_121 arm=base scenario=A p   L=  76  mean_pLDDT= 89.15
  seed_122 arm=base scenario=A p   L=  76  mean_pLDDT= 89.03
  seed_123 arm=base scenario=A p   L=  76  mean_pLDDT= 87.67
  seed_124 arm=base scenario=A p   L=  76  mean_pLDDT= 88.99
  seed_125 arm=base scenario=A p   L=  76  mean_pLDDT= 88.37
  seed_126 arm=base scenario=A p   L=  76  mean_pLDDT= 88.32
  seed_127 arm=base scenario=A p   L=  76  mean_pLDDT= 87.15
  seed_128 arm=base scenario=A p   L=  76  mean_pLDDT= 88.07
  seed_129 arm=base scenario=A p   L=  76  mean_pLDDT= 88.10
  seed_130 arm=base scenario=A p   L=  76  mean_pLDDT= 88.73
  已写入 code/output/phase3_antidrift_s1_n20/1UBQ/A_base/plddt.csv
[code/output/phase3_antidrift_s1_n20/1UBQ/A_cond/seqs.fa] 共 20 条序列
  seed_111 arm=cond scenario=A p   L=  76  mean_pLDDT= 90.17
  seed_112 arm=cond scenario=A p   L=  76  mean_pLDDT= 89.28
  seed_113 arm=cond scenario=A p   L=  76  mean_pLDDT= 90.29
  seed_114 arm=cond scenario=A p   L=  76  mean_pLDDT= 89.31
  seed_115 arm=cond scenario=A p   L=  76  mean_pLDDT= 88.15
  seed_116 arm=cond scenario=A p   L=  76  mean_pLDDT= 89.35
  seed_117 arm=cond scenario=A p   L=  76  mean_pLDDT= 88.81
  seed_118 arm=cond scenario=A p   L=  76  mean_pLDDT= 88.64
  seed_119 arm=cond scenario=A p   L=  76  mean_pLDDT= 89.41
  seed_120 arm=cond scenario=A p   L=  76  mean_pLDDT= 90.68
  seed_121 arm=cond scenario=A p   L=  76  mean_pLDDT= 89.68
  seed_122 arm=cond scenario=A p   L=  76  mean_pLDDT= 88.47
  seed_123 arm=cond scenario=A p   L=  76  mean_pLDDT= 89.58
  seed_124 arm=cond scenario=A p   L=  76  mean_pLDDT= 88.76
  seed_125 arm=cond scenario=A p   L=  76  mean_pLDDT= 89.24
  seed_126 arm=cond scenario=A p   L=  76  mean_pLDDT= 89.58
  seed_127 arm=cond scenario=A p   L=  76  mean_pLDDT= 89.91
  seed_128 arm=cond scenario=A p   L=  76  mean_pLDDT= 88.65
  seed_129 arm=cond scenario=A p   L=  76  mean_pLDDT= 89.51
  seed_130 arm=cond scenario=A p   L=  76  mean_pLDDT= 89.12
  已写入 code/output/phase3_antidrift_s1_n20/1UBQ/A_cond/plddt.csv
[code/output/phase3_antidrift_s1_n20/1UBQ/B_base/seqs.fa] 共 20 条序列
  seed_111 arm=base scenario=B p   L=  76  mean_pLDDT= 87.83
  seed_112 arm=base scenario=B p   L=  76  mean_pLDDT= 89.26
  seed_113 arm=base scenario=B p   L=  76  mean_pLDDT= 87.78
  seed_114 arm=base scenario=B p   L=  76  mean_pLDDT= 88.66
  seed_115 arm=base scenario=B p   L=  76  mean_pLDDT= 89.50
  seed_116 arm=base scenario=B p   L=  76  mean_pLDDT= 88.54
  seed_117 arm=base scenario=B p   L=  76  mean_pLDDT= 88.40
  seed_118 arm=base scenario=B p   L=  76  mean_pLDDT= 87.77
  seed_119 arm=base scenario=B p   L=  76  mean_pLDDT= 88.99
  seed_120 arm=base scenario=B p   L=  76  mean_pLDDT= 88.55
  seed_121 arm=base scenario=B p   L=  76  mean_pLDDT= 89.15
  seed_122 arm=base scenario=B p   L=  76  mean_pLDDT= 89.03
  seed_123 arm=base scenario=B p   L=  76  mean_pLDDT= 87.67
  seed_124 arm=base scenario=B p   L=  76  mean_pLDDT= 88.99
  seed_125 arm=base scenario=B p   L=  76  mean_pLDDT= 88.37
  seed_126 arm=base scenario=B p   L=  76  mean_pLDDT= 88.32
  seed_127 arm=base scenario=B p   L=  76  mean_pLDDT= 87.15
  seed_128 arm=base scenario=B p   L=  76  mean_pLDDT= 88.07
  seed_129 arm=base scenario=B p   L=  76  mean_pLDDT= 88.10
  seed_130 arm=base scenario=B p   L=  76  mean_pLDDT= 88.73
  已写入 code/output/phase3_antidrift_s1_n20/1UBQ/B_base/plddt.csv
[code/output/phase3_antidrift_s1_n20/1UBQ/B_cond/seqs.fa] 共 20 条序列
  seed_111 arm=cond scenario=B p   L=  76  mean_pLDDT= 86.78
  seed_112 arm=cond scenario=B p   L=  76  mean_pLDDT= 89.30
  seed_113 arm=cond scenario=B p   L=  76  mean_pLDDT= 88.83
  seed_114 arm=cond scenario=B p   L=  76  mean_pLDDT= 89.05
  seed_115 arm=cond scenario=B p   L=  76  mean_pLDDT= 87.97
  seed_116 arm=cond scenario=B p   L=  76  mean_pLDDT= 89.63
  seed_117 arm=cond scenario=B p   L=  76  mean_pLDDT= 90.52
  seed_118 arm=cond scenario=B p   L=  76  mean_pLDDT= 89.31
  seed_119 arm=cond scenario=B p   L=  76  mean_pLDDT= 89.21
  seed_120 arm=cond scenario=B p   L=  76  mean_pLDDT= 91.33
  seed_121 arm=cond scenario=B p   L=  76  mean_pLDDT= 89.32
  seed_122 arm=cond scenario=B p   L=  76  mean_pLDDT= 88.05
  seed_123 arm=cond scenario=B p   L=  76  mean_pLDDT= 89.54
  seed_124 arm=cond scenario=B p   L=  76  mean_pLDDT= 87.81
  seed_125 arm=cond scenario=B p   L=  76  mean_pLDDT= 89.74
  seed_126 arm=cond scenario=B p   L=  76  mean_pLDDT= 89.38
  seed_127 arm=cond scenario=B p   L=  76  mean_pLDDT= 89.16
  seed_128 arm=cond scenario=B p   L=  76  mean_pLDDT= 89.29
  seed_129 arm=cond scenario=B p   L=  76  mean_pLDDT= 89.71
  seed_130 arm=cond scenario=B p   L=  76  mean_pLDDT= 88.08
  已写入 code/output/phase3_antidrift_s1_n20/1UBQ/B_cond/plddt.csv
[code/output/phase3_antidrift_s1_n20/2LZM/A_base/seqs.fa] 共 20 条序列
  seed_111 arm=base scenario=A p   L= 164  mean_pLDDT= 87.61
  seed_112 arm=base scenario=A p   L= 164  mean_pLDDT= 89.65
  seed_113 arm=base scenario=A p   L= 164  mean_pLDDT= 87.22
  seed_114 arm=base scenario=A p   L= 164  mean_pLDDT= 87.88
  seed_115 arm=base scenario=A p   L= 164  mean_pLDDT= 87.27
  seed_116 arm=base scenario=A p   L= 164  mean_pLDDT= 88.51
  seed_117 arm=base scenario=A p   L= 164  mean_pLDDT= 86.15
  seed_118 arm=base scenario=A p   L= 164  mean_pLDDT= 87.65
  seed_119 arm=base scenario=A p   L= 164  mean_pLDDT= 85.82
  seed_120 arm=base scenario=A p   L= 164  mean_pLDDT= 88.62
  seed_121 arm=base scenario=A p   L= 164  mean_pLDDT= 87.67
  seed_122 arm=base scenario=A p   L= 164  mean_pLDDT= 86.76
  seed_123 arm=base scenario=A p   L= 164  mean_pLDDT= 87.49
  seed_124 arm=base scenario=A p   L= 164  mean_pLDDT= 86.42
  seed_125 arm=base scenario=A p   L= 164  mean_pLDDT= 88.45
  seed_126 arm=base scenario=A p   L= 164  mean_pLDDT= 86.28
  seed_127 arm=base scenario=A p   L= 164  mean_pLDDT= 86.79
  seed_128 arm=base scenario=A p   L= 164  mean_pLDDT= 86.93
  seed_129 arm=base scenario=A p   L= 164  mean_pLDDT= 86.84
  seed_130 arm=base scenario=A p   L= 164  mean_pLDDT= 88.05
  已写入 code/output/phase3_antidrift_s1_n20/2LZM/A_base/plddt.csv
[code/output/phase3_antidrift_s1_n20/2LZM/A_cond/seqs.fa] 共 20 条序列
  seed_111 arm=cond scenario=A p   L= 164  mean_pLDDT= 84.92
  seed_112 arm=cond scenario=A p   L= 164  mean_pLDDT= 87.14
  seed_113 arm=cond scenario=A p   L= 164  mean_pLDDT= 83.55
  seed_114 arm=cond scenario=A p   L= 164  mean_pLDDT= 84.91
  seed_115 arm=cond scenario=A p   L= 164  mean_pLDDT= 87.27
  seed_116 arm=cond scenario=A p   L= 164  mean_pLDDT= 87.11
  seed_117 arm=cond scenario=A p   L= 164  mean_pLDDT= 84.96
  seed_118 arm=cond scenario=A p   L= 164  mean_pLDDT= 86.71
  seed_119 arm=cond scenario=A p   L= 164  mean_pLDDT= 87.06
  seed_120 arm=cond scenario=A p   L= 164  mean_pLDDT= 89.57
  seed_121 arm=cond scenario=A p   L= 164  mean_pLDDT= 89.39
  seed_122 arm=cond scenario=A p   L= 164  mean_pLDDT= 84.23
  seed_123 arm=cond scenario=A p   L= 164  mean_pLDDT= 83.46
  seed_124 arm=cond scenario=A p   L= 164  mean_pLDDT= 87.78
  seed_125 arm=cond scenario=A p   L= 164  mean_pLDDT= 84.76
  seed_126 arm=cond scenario=A p   L= 164  mean_pLDDT= 87.26
  seed_127 arm=cond scenario=A p   L= 164  mean_pLDDT= 85.74
  seed_128 arm=cond scenario=A p   L= 164  mean_pLDDT= 86.19
  seed_129 arm=cond scenario=A p   L= 164  mean_pLDDT= 87.25
  seed_130 arm=cond scenario=A p   L= 164  mean_pLDDT= 86.21
  已写入 code/output/phase3_antidrift_s1_n20/2LZM/A_cond/plddt.csv
[code/output/phase3_antidrift_s1_n20/2LZM/B_base/seqs.fa] 共 20 条序列
  seed_111 arm=base scenario=B p   L= 164  mean_pLDDT= 87.61
  seed_112 arm=base scenario=B p   L= 164  mean_pLDDT= 89.65
  seed_113 arm=base scenario=B p   L= 164  mean_pLDDT= 87.22
  seed_114 arm=base scenario=B p   L= 164  mean_pLDDT= 87.88
  seed_115 arm=base scenario=B p   L= 164  mean_pLDDT= 87.27
  seed_116 arm=base scenario=B p   L= 164  mean_pLDDT= 88.51
  seed_117 arm=base scenario=B p   L= 164  mean_pLDDT= 86.15
  seed_118 arm=base scenario=B p   L= 164  mean_pLDDT= 87.65
  seed_119 arm=base scenario=B p   L= 164  mean_pLDDT= 85.82
  seed_120 arm=base scenario=B p   L= 164  mean_pLDDT= 88.62
  seed_121 arm=base scenario=B p   L= 164  mean_pLDDT= 87.67
  seed_122 arm=base scenario=B p   L= 164  mean_pLDDT= 86.76
  seed_123 arm=base scenario=B p   L= 164  mean_pLDDT= 87.49
  seed_124 arm=base scenario=B p   L= 164  mean_pLDDT= 86.42
  seed_125 arm=base scenario=B p   L= 164  mean_pLDDT= 88.45
  seed_126 arm=base scenario=B p   L= 164  mean_pLDDT= 86.28
  seed_127 arm=base scenario=B p   L= 164  mean_pLDDT= 86.79
  seed_128 arm=base scenario=B p   L= 164  mean_pLDDT= 86.93
  seed_129 arm=base scenario=B p   L= 164  mean_pLDDT= 86.84
  seed_130 arm=base scenario=B p   L= 164  mean_pLDDT= 88.05
  已写入 code/output/phase3_antidrift_s1_n20/2LZM/B_base/plddt.csv
[code/output/phase3_antidrift_s1_n20/2LZM/B_cond/seqs.fa] 共 20 条序列
  seed_111 arm=cond scenario=B p   L= 164  mean_pLDDT= 83.88
  seed_112 arm=cond scenario=B p   L= 164  mean_pLDDT= 86.79
  seed_113 arm=cond scenario=B p   L= 164  mean_pLDDT= 85.05
  seed_114 arm=cond scenario=B p   L= 164  mean_pLDDT= 87.18
  seed_115 arm=cond scenario=B p   L= 164  mean_pLDDT= 87.63
  seed_116 arm=cond scenario=B p   L= 164  mean_pLDDT= 85.84
  seed_117 arm=cond scenario=B p   L= 164  mean_pLDDT= 85.31
  seed_118 arm=cond scenario=B p   L= 164  mean_pLDDT= 87.16
  seed_119 arm=cond scenario=B p   L= 164  mean_pLDDT= 87.30
  seed_120 arm=cond scenario=B p   L= 164  mean_pLDDT= 87.90
  seed_121 arm=cond scenario=B p   L= 164  mean_pLDDT= 88.02
  seed_122 arm=cond scenario=B p   L= 164  mean_pLDDT= 86.19
  seed_123 arm=cond scenario=B p   L= 164  mean_pLDDT= 86.46
  seed_124 arm=cond scenario=B p   L= 164  mean_pLDDT= 85.82
  seed_125 arm=cond scenario=B p   L= 164  mean_pLDDT= 87.05
  seed_126 arm=cond scenario=B p   L= 164  mean_pLDDT= 85.77
  seed_127 arm=cond scenario=B p   L= 164  mean_pLDDT= 82.09
  seed_128 arm=cond scenario=B p   L= 164  mean_pLDDT= 87.75
  seed_129 arm=cond scenario=B p   L= 164  mean_pLDDT= 87.09
  seed_130 arm=cond scenario=B p   L= 164  mean_pLDDT= 87.87
  已写入 code/output/phase3_antidrift_s1_n20/2LZM/B_cond/plddt.csv
  ESMFold DONE 10:06:37
=== [2/4] TM-score 自洽性（USalign，每 arm 的 folds/ vs 原骨架）===
  seed_111_arm_base_scenario_A_pH_7_4_target__9_char TM-score=0.91428  RMSD=1.31
  seed_112_arm_base_scenario_A_pH_7_4_target__9_char TM-score=0.91545  RMSD=1.5
  seed_113_arm_base_scenario_A_pH_7_4_target__9_char TM-score=0.90908  RMSD=1.62
  seed_114_arm_base_scenario_A_pH_7_4_target__9_char TM-score=0.90482  RMSD=1.35
  seed_115_arm_base_scenario_A_pH_7_4_target__9_char TM-score=0.89225  RMSD=2.01
  seed_116_arm_base_scenario_A_pH_7_4_target__9_char TM-score=0.91009  RMSD=1.37
  seed_117_arm_base_scenario_A_pH_7_4_target__9_char TM-score=0.93034  RMSD=1.04
  seed_118_arm_base_scenario_A_pH_7_4_target__9_char TM-score=0.92181  RMSD=1.47
  seed_119_arm_base_scenario_A_pH_7_4_target__9_char TM-score=0.8896  RMSD=1.81
  seed_120_arm_base_scenario_A_pH_7_4_target__9_char TM-score=0.92348  RMSD=1.25
  seed_121_arm_base_scenario_A_pH_7_4_target__9_char TM-score=0.92165  RMSD=1.43
  seed_122_arm_base_scenario_A_pH_7_4_target__9_char TM-score=0.96447  RMSD=0.71
  seed_123_arm_base_scenario_A_pH_7_4_target__9_char TM-score=0.95624  RMSD=0.78
  seed_124_arm_base_scenario_A_pH_7_4_target__9_char TM-score=0.90518  RMSD=1.51
  seed_125_arm_base_scenario_A_pH_7_4_target__9_char TM-score=0.91108  RMSD=1.5
  seed_126_arm_base_scenario_A_pH_7_4_target__9_char TM-score=0.90047  RMSD=1.32
  seed_127_arm_base_scenario_A_pH_7_4_target__9_char TM-score=0.90413  RMSD=1.58
  seed_128_arm_base_scenario_A_pH_7_4_target__9_char TM-score=0.90941  RMSD=1.39
  seed_129_arm_base_scenario_A_pH_7_4_target__9_char TM-score=0.93916  RMSD=1.06
  seed_130_arm_base_scenario_A_pH_7_4_target__9_char TM-score=0.88982  RMSD=2.08
已写入 code/output/phase3_antidrift_s1_n20/1BC8/A_base//tm.csv
  1BC8/A_base tm DONE
  seed_111_arm_cond_scenario_A_pH_7_4_target__9_char TM-score=0.90495  RMSD=1.57
  seed_112_arm_cond_scenario_A_pH_7_4_target__9_char TM-score=0.90216  RMSD=1.54
  seed_113_arm_cond_scenario_A_pH_7_4_target__9_char TM-score=0.84527  RMSD=2.07
  seed_114_arm_cond_scenario_A_pH_7_4_target__9_char TM-score=0.89452  RMSD=1.53
  seed_115_arm_cond_scenario_A_pH_7_4_target__9_char TM-score=0.87499  RMSD=1.81
  seed_116_arm_cond_scenario_A_pH_7_4_target__9_char TM-score=0.88838  RMSD=1.32
  seed_117_arm_cond_scenario_A_pH_7_4_target__9_char TM-score=0.91829  RMSD=1.08
  seed_118_arm_cond_scenario_A_pH_7_4_target__9_char TM-score=0.89555  RMSD=1.78
  seed_119_arm_cond_scenario_A_pH_7_4_target__9_char TM-score=0.87812  RMSD=1.64
  seed_120_arm_cond_scenario_A_pH_7_4_target__9_char TM-score=0.87181  RMSD=1.54
  seed_121_arm_cond_scenario_A_pH_7_4_target__9_char TM-score=0.89251  RMSD=1.82
  seed_122_arm_cond_scenario_A_pH_7_4_target__9_char TM-score=0.86295  RMSD=1.93
  seed_123_arm_cond_scenario_A_pH_7_4_target__9_char TM-score=0.87197  RMSD=1.97
  seed_124_arm_cond_scenario_A_pH_7_4_target__9_char TM-score=0.92408  RMSD=1.36
  seed_125_arm_cond_scenario_A_pH_7_4_target__9_char TM-score=0.91145  RMSD=1.3
  seed_126_arm_cond_scenario_A_pH_7_4_target__9_char TM-score=0.89024  RMSD=1.9
  seed_127_arm_cond_scenario_A_pH_7_4_target__9_char TM-score=0.94719  RMSD=1.06
  seed_128_arm_cond_scenario_A_pH_7_4_target__9_char TM-score=0.90358  RMSD=1.77
  seed_129_arm_cond_scenario_A_pH_7_4_target__9_char TM-score=0.93976  RMSD=1.02
  seed_130_arm_cond_scenario_A_pH_7_4_target__9_char TM-score=0.90756  RMSD=1.57
已写入 code/output/phase3_antidrift_s1_n20/1BC8/A_cond//tm.csv
  1BC8/A_cond tm DONE
  seed_111_arm_base_scenario_B_pH_4_0_target__14_cha TM-score=0.91428  RMSD=1.31
  seed_112_arm_base_scenario_B_pH_4_0_target__14_cha TM-score=0.91545  RMSD=1.5
  seed_113_arm_base_scenario_B_pH_4_0_target__14_cha TM-score=0.90908  RMSD=1.62
  seed_114_arm_base_scenario_B_pH_4_0_target__14_cha TM-score=0.90482  RMSD=1.35
  seed_115_arm_base_scenario_B_pH_4_0_target__14_cha TM-score=0.89225  RMSD=2.01
  seed_116_arm_base_scenario_B_pH_4_0_target__14_cha TM-score=0.91009  RMSD=1.37
  seed_117_arm_base_scenario_B_pH_4_0_target__14_cha TM-score=0.93034  RMSD=1.04
  seed_118_arm_base_scenario_B_pH_4_0_target__14_cha TM-score=0.92181  RMSD=1.47
  seed_119_arm_base_scenario_B_pH_4_0_target__14_cha TM-score=0.8896  RMSD=1.81
  seed_120_arm_base_scenario_B_pH_4_0_target__14_cha TM-score=0.92348  RMSD=1.25
  seed_121_arm_base_scenario_B_pH_4_0_target__14_cha TM-score=0.92165  RMSD=1.43
  seed_122_arm_base_scenario_B_pH_4_0_target__14_cha TM-score=0.96447  RMSD=0.71
  seed_123_arm_base_scenario_B_pH_4_0_target__14_cha TM-score=0.95624  RMSD=0.78
  seed_124_arm_base_scenario_B_pH_4_0_target__14_cha TM-score=0.90518  RMSD=1.51
  seed_125_arm_base_scenario_B_pH_4_0_target__14_cha TM-score=0.91108  RMSD=1.5
  seed_126_arm_base_scenario_B_pH_4_0_target__14_cha TM-score=0.90047  RMSD=1.32
  seed_127_arm_base_scenario_B_pH_4_0_target__14_cha TM-score=0.90413  RMSD=1.58
  seed_128_arm_base_scenario_B_pH_4_0_target__14_cha TM-score=0.90941  RMSD=1.39
  seed_129_arm_base_scenario_B_pH_4_0_target__14_cha TM-score=0.93916  RMSD=1.06
  seed_130_arm_base_scenario_B_pH_4_0_target__14_cha TM-score=0.88982  RMSD=2.08
已写入 code/output/phase3_antidrift_s1_n20/1BC8/B_base//tm.csv
  1BC8/B_base tm DONE
  seed_111_arm_cond_scenario_B_pH_4_0_target__14_cha TM-score=0.88832  RMSD=1.43
  seed_112_arm_cond_scenario_B_pH_4_0_target__14_cha TM-score=0.89649  RMSD=1.44
  seed_113_arm_cond_scenario_B_pH_4_0_target__14_cha TM-score=0.90892  RMSD=1.32
  seed_114_arm_cond_scenario_B_pH_4_0_target__14_cha TM-score=0.91766  RMSD=1.31
  seed_115_arm_cond_scenario_B_pH_4_0_target__14_cha TM-score=0.90301  RMSD=1.36
  seed_116_arm_cond_scenario_B_pH_4_0_target__14_cha TM-score=0.87823  RMSD=1.62
  seed_117_arm_cond_scenario_B_pH_4_0_target__14_cha TM-score=0.89191  RMSD=1.39
  seed_118_arm_cond_scenario_B_pH_4_0_target__14_cha TM-score=0.90428  RMSD=1.48
  seed_119_arm_cond_scenario_B_pH_4_0_target__14_cha TM-score=0.89572  RMSD=1.43
  seed_120_arm_cond_scenario_B_pH_4_0_target__14_cha TM-score=0.89808  RMSD=1.63
  seed_121_arm_cond_scenario_B_pH_4_0_target__14_cha TM-score=0.83954  RMSD=2.08
  seed_122_arm_cond_scenario_B_pH_4_0_target__14_cha TM-score=0.87754  RMSD=1.89
  seed_123_arm_cond_scenario_B_pH_4_0_target__14_cha TM-score=0.87486  RMSD=1.87
  seed_124_arm_cond_scenario_B_pH_4_0_target__14_cha TM-score=0.95024  RMSD=0.95
  seed_125_arm_cond_scenario_B_pH_4_0_target__14_cha TM-score=0.92855  RMSD=1.46
  seed_126_arm_cond_scenario_B_pH_4_0_target__14_cha TM-score=0.89692  RMSD=1.62
  seed_127_arm_cond_scenario_B_pH_4_0_target__14_cha TM-score=0.90707  RMSD=1.61
  seed_128_arm_cond_scenario_B_pH_4_0_target__14_cha TM-score=0.91386  RMSD=1.3
  seed_129_arm_cond_scenario_B_pH_4_0_target__14_cha TM-score=0.94285  RMSD=1.07
  seed_130_arm_cond_scenario_B_pH_4_0_target__14_cha TM-score=0.89067  RMSD=1.79
已写入 code/output/phase3_antidrift_s1_n20/1BC8/B_cond//tm.csv
  1BC8/B_cond tm DONE
  seed_111_arm_base_scenario_A_pH_7_4_target_-1_char TM-score=0.90484  RMSD=0.83
  seed_112_arm_base_scenario_A_pH_7_4_target_-1_char TM-score=0.89075  RMSD=0.73
  seed_113_arm_base_scenario_A_pH_7_4_target_-1_char TM-score=0.86917  RMSD=0.94
  seed_114_arm_base_scenario_A_pH_7_4_target_-1_char TM-score=0.89572  RMSD=0.88
  seed_115_arm_base_scenario_A_pH_7_4_target_-1_char TM-score=0.90058  RMSD=0.68
  seed_116_arm_base_scenario_A_pH_7_4_target_-1_char TM-score=0.91564  RMSD=0.67
  seed_117_arm_base_scenario_A_pH_7_4_target_-1_char TM-score=0.91728  RMSD=0.7
  seed_118_arm_base_scenario_A_pH_7_4_target_-1_char TM-score=0.87064  RMSD=0.91
  seed_119_arm_base_scenario_A_pH_7_4_target_-1_char TM-score=0.87672  RMSD=0.95
  seed_120_arm_base_scenario_A_pH_7_4_target_-1_char TM-score=0.90524  RMSD=0.71
  seed_121_arm_base_scenario_A_pH_7_4_target_-1_char TM-score=0.88891  RMSD=0.96
  seed_122_arm_base_scenario_A_pH_7_4_target_-1_char TM-score=0.90679  RMSD=0.76
  seed_123_arm_base_scenario_A_pH_7_4_target_-1_char TM-score=0.86832  RMSD=0.93
  seed_124_arm_base_scenario_A_pH_7_4_target_-1_char TM-score=0.90149  RMSD=0.78
  seed_125_arm_base_scenario_A_pH_7_4_target_-1_char TM-score=0.9033  RMSD=0.79
  seed_126_arm_base_scenario_A_pH_7_4_target_-1_char TM-score=0.92773  RMSD=0.63
  seed_127_arm_base_scenario_A_pH_7_4_target_-1_char TM-score=0.89571  RMSD=0.84
  seed_128_arm_base_scenario_A_pH_7_4_target_-1_char TM-score=0.91413  RMSD=0.79
  seed_129_arm_base_scenario_A_pH_7_4_target_-1_char TM-score=0.87775  RMSD=1.0
  seed_130_arm_base_scenario_A_pH_7_4_target_-1_char TM-score=0.91718  RMSD=0.69
已写入 code/output/phase3_antidrift_s1_n20/1CRN/A_base//tm.csv
  1CRN/A_base tm DONE
  seed_111_arm_cond_scenario_A_pH_7_4_target_-1_char TM-score=0.91239  RMSD=0.69
  seed_112_arm_cond_scenario_A_pH_7_4_target_-1_char TM-score=0.89359  RMSD=0.78
  seed_113_arm_cond_scenario_A_pH_7_4_target_-1_char TM-score=0.88028  RMSD=1.01
  seed_114_arm_cond_scenario_A_pH_7_4_target_-1_char TM-score=0.87807  RMSD=0.96
  seed_115_arm_cond_scenario_A_pH_7_4_target_-1_char TM-score=0.90054  RMSD=0.77
  seed_116_arm_cond_scenario_A_pH_7_4_target_-1_char TM-score=0.87299  RMSD=0.87
  seed_117_arm_cond_scenario_A_pH_7_4_target_-1_char TM-score=0.86489  RMSD=0.98
  seed_118_arm_cond_scenario_A_pH_7_4_target_-1_char TM-score=0.8726  RMSD=0.94
  seed_119_arm_cond_scenario_A_pH_7_4_target_-1_char TM-score=0.88716  RMSD=0.81
  seed_120_arm_cond_scenario_A_pH_7_4_target_-1_char TM-score=0.88693  RMSD=0.81
  seed_121_arm_cond_scenario_A_pH_7_4_target_-1_char TM-score=0.87617  RMSD=0.97
  seed_122_arm_cond_scenario_A_pH_7_4_target_-1_char TM-score=0.86333  RMSD=1.02
  seed_123_arm_cond_scenario_A_pH_7_4_target_-1_char TM-score=0.87429  RMSD=0.94
  seed_124_arm_cond_scenario_A_pH_7_4_target_-1_char TM-score=0.88824  RMSD=0.79
  seed_125_arm_cond_scenario_A_pH_7_4_target_-1_char TM-score=0.87758  RMSD=0.92
  seed_126_arm_cond_scenario_A_pH_7_4_target_-1_char TM-score=0.84645  RMSD=1.21
  seed_127_arm_cond_scenario_A_pH_7_4_target_-1_char TM-score=0.5794  RMSD=3.1
  seed_128_arm_cond_scenario_A_pH_7_4_target_-1_char TM-score=0.85055  RMSD=1.05
  seed_129_arm_cond_scenario_A_pH_7_4_target_-1_char TM-score=0.87637  RMSD=0.94
  seed_130_arm_cond_scenario_A_pH_7_4_target_-1_char TM-score=0.86775  RMSD=1.0
已写入 code/output/phase3_antidrift_s1_n20/1CRN/A_cond//tm.csv
  1CRN/A_cond tm DONE
  seed_111_arm_base_scenario_B_pH_4_0_target__4_char TM-score=0.90484  RMSD=0.83
  seed_112_arm_base_scenario_B_pH_4_0_target__4_char TM-score=0.89075  RMSD=0.73
  seed_113_arm_base_scenario_B_pH_4_0_target__4_char TM-score=0.86917  RMSD=0.94
  seed_114_arm_base_scenario_B_pH_4_0_target__4_char TM-score=0.89572  RMSD=0.88
  seed_115_arm_base_scenario_B_pH_4_0_target__4_char TM-score=0.90058  RMSD=0.68
  seed_116_arm_base_scenario_B_pH_4_0_target__4_char TM-score=0.91564  RMSD=0.67
  seed_117_arm_base_scenario_B_pH_4_0_target__4_char TM-score=0.91728  RMSD=0.7
  seed_118_arm_base_scenario_B_pH_4_0_target__4_char TM-score=0.87064  RMSD=0.91
  seed_119_arm_base_scenario_B_pH_4_0_target__4_char TM-score=0.87672  RMSD=0.95
  seed_120_arm_base_scenario_B_pH_4_0_target__4_char TM-score=0.90524  RMSD=0.71
  seed_121_arm_base_scenario_B_pH_4_0_target__4_char TM-score=0.88891  RMSD=0.96
  seed_122_arm_base_scenario_B_pH_4_0_target__4_char TM-score=0.90679  RMSD=0.76
  seed_123_arm_base_scenario_B_pH_4_0_target__4_char TM-score=0.86832  RMSD=0.93
  seed_124_arm_base_scenario_B_pH_4_0_target__4_char TM-score=0.90149  RMSD=0.78
  seed_125_arm_base_scenario_B_pH_4_0_target__4_char TM-score=0.9033  RMSD=0.79
  seed_126_arm_base_scenario_B_pH_4_0_target__4_char TM-score=0.92773  RMSD=0.63
  seed_127_arm_base_scenario_B_pH_4_0_target__4_char TM-score=0.89571  RMSD=0.84
  seed_128_arm_base_scenario_B_pH_4_0_target__4_char TM-score=0.91413  RMSD=0.79
  seed_129_arm_base_scenario_B_pH_4_0_target__4_char TM-score=0.87775  RMSD=1.0
  seed_130_arm_base_scenario_B_pH_4_0_target__4_char TM-score=0.91718  RMSD=0.69
已写入 code/output/phase3_antidrift_s1_n20/1CRN/B_base//tm.csv
  1CRN/B_base tm DONE
  seed_111_arm_cond_scenario_B_pH_4_0_target__4_char TM-score=0.91192  RMSD=0.75
  seed_112_arm_cond_scenario_B_pH_4_0_target__4_char TM-score=0.88598  RMSD=0.96
  seed_113_arm_cond_scenario_B_pH_4_0_target__4_char TM-score=0.90944  RMSD=0.73
  seed_114_arm_cond_scenario_B_pH_4_0_target__4_char TM-score=0.90157  RMSD=0.8
  seed_115_arm_cond_scenario_B_pH_4_0_target__4_char TM-score=0.87159  RMSD=1.0
  seed_116_arm_cond_scenario_B_pH_4_0_target__4_char TM-score=0.89852  RMSD=0.81
  seed_117_arm_cond_scenario_B_pH_4_0_target__4_char TM-score=0.91993  RMSD=0.65
  seed_118_arm_cond_scenario_B_pH_4_0_target__4_char TM-score=0.88948  RMSD=0.79
  seed_119_arm_cond_scenario_B_pH_4_0_target__4_char TM-score=0.8813  RMSD=0.84
  seed_120_arm_cond_scenario_B_pH_4_0_target__4_char TM-score=0.90174  RMSD=0.81
  seed_121_arm_cond_scenario_B_pH_4_0_target__4_char TM-score=0.89787  RMSD=0.79
  seed_122_arm_cond_scenario_B_pH_4_0_target__4_char TM-score=0.86482  RMSD=0.91
  seed_123_arm_cond_scenario_B_pH_4_0_target__4_char TM-score=0.89975  RMSD=0.81
  seed_124_arm_cond_scenario_B_pH_4_0_target__4_char TM-score=0.65593  RMSD=2.12
  seed_125_arm_cond_scenario_B_pH_4_0_target__4_char TM-score=0.6504  RMSD=2.07
  seed_126_arm_cond_scenario_B_pH_4_0_target__4_char TM-score=0.87793  RMSD=1.03
  seed_127_arm_cond_scenario_B_pH_4_0_target__4_char TM-score=0.72947  RMSD=1.61
  seed_128_arm_cond_scenario_B_pH_4_0_target__4_char TM-score=0.89864  RMSD=0.69
  seed_129_arm_cond_scenario_B_pH_4_0_target__4_char TM-score=0.90872  RMSD=0.72
  seed_130_arm_cond_scenario_B_pH_4_0_target__4_char TM-score=0.89345  RMSD=0.8
已写入 code/output/phase3_antidrift_s1_n20/1CRN/B_cond//tm.csv
  1CRN/B_cond tm DONE
  seed_111_arm_base_scenario_A_pH_7_4_target__0_char TM-score=0.95581  RMSD=0.82
  seed_112_arm_base_scenario_A_pH_7_4_target__0_char TM-score=0.95483  RMSD=0.84
  seed_113_arm_base_scenario_A_pH_7_4_target__0_char TM-score=0.95599  RMSD=0.64
  seed_114_arm_base_scenario_A_pH_7_4_target__0_char TM-score=0.95959  RMSD=0.93
  seed_115_arm_base_scenario_A_pH_7_4_target__0_char TM-score=0.96473  RMSD=0.82
  seed_116_arm_base_scenario_A_pH_7_4_target__0_char TM-score=0.96617  RMSD=0.77
  seed_117_arm_base_scenario_A_pH_7_4_target__0_char TM-score=0.95205  RMSD=1.14
  seed_118_arm_base_scenario_A_pH_7_4_target__0_char TM-score=0.96099  RMSD=0.71
  seed_119_arm_base_scenario_A_pH_7_4_target__0_char TM-score=0.96496  RMSD=0.66
  seed_120_arm_base_scenario_A_pH_7_4_target__0_char TM-score=0.96191  RMSD=0.73
  seed_121_arm_base_scenario_A_pH_7_4_target__0_char TM-score=0.9672  RMSD=0.74
  seed_122_arm_base_scenario_A_pH_7_4_target__0_char TM-score=0.95601  RMSD=0.97
  seed_123_arm_base_scenario_A_pH_7_4_target__0_char TM-score=0.94715  RMSD=1.02
  seed_124_arm_base_scenario_A_pH_7_4_target__0_char TM-score=0.95974  RMSD=0.74
  seed_125_arm_base_scenario_A_pH_7_4_target__0_char TM-score=0.95276  RMSD=1.0
  seed_126_arm_base_scenario_A_pH_7_4_target__0_char TM-score=0.95309  RMSD=0.84
  seed_127_arm_base_scenario_A_pH_7_4_target__0_char TM-score=0.9713  RMSD=0.59
  seed_128_arm_base_scenario_A_pH_7_4_target__0_char TM-score=0.95573  RMSD=0.82
  seed_129_arm_base_scenario_A_pH_7_4_target__0_char TM-score=0.96011  RMSD=0.9
  seed_130_arm_base_scenario_A_pH_7_4_target__0_char TM-score=0.96257  RMSD=0.93
已写入 code/output/phase3_antidrift_s1_n20/1UBQ/A_base//tm.csv
  1UBQ/A_base tm DONE
  seed_111_arm_cond_scenario_A_pH_7_4_target__0_char TM-score=0.96246  RMSD=0.74
  seed_112_arm_cond_scenario_A_pH_7_4_target__0_char TM-score=0.96346  RMSD=0.8
  seed_113_arm_cond_scenario_A_pH_7_4_target__0_char TM-score=0.96283  RMSD=1.06
  seed_114_arm_cond_scenario_A_pH_7_4_target__0_char TM-score=0.95763  RMSD=0.78
  seed_115_arm_cond_scenario_A_pH_7_4_target__0_char TM-score=0.95098  RMSD=1.24
  seed_116_arm_cond_scenario_A_pH_7_4_target__0_char TM-score=0.95908  RMSD=0.92
  seed_117_arm_cond_scenario_A_pH_7_4_target__0_char TM-score=0.96116  RMSD=0.79
  seed_118_arm_cond_scenario_A_pH_7_4_target__0_char TM-score=0.967  RMSD=0.88
  seed_119_arm_cond_scenario_A_pH_7_4_target__0_char TM-score=0.95578  RMSD=1.16
  seed_120_arm_cond_scenario_A_pH_7_4_target__0_char TM-score=0.95774  RMSD=1.03
  seed_121_arm_cond_scenario_A_pH_7_4_target__0_char TM-score=0.94176  RMSD=0.94
  seed_122_arm_cond_scenario_A_pH_7_4_target__0_char TM-score=0.96857  RMSD=0.93
  seed_123_arm_cond_scenario_A_pH_7_4_target__0_char TM-score=0.966  RMSD=0.71
  seed_124_arm_cond_scenario_A_pH_7_4_target__0_char TM-score=0.96847  RMSD=0.9
  seed_125_arm_cond_scenario_A_pH_7_4_target__0_char TM-score=0.95264  RMSD=0.85
  seed_126_arm_cond_scenario_A_pH_7_4_target__0_char TM-score=0.95913  RMSD=0.79
  seed_127_arm_cond_scenario_A_pH_7_4_target__0_char TM-score=0.94984  RMSD=0.87
  seed_128_arm_cond_scenario_A_pH_7_4_target__0_char TM-score=0.95117  RMSD=1.23
  seed_129_arm_cond_scenario_A_pH_7_4_target__0_char TM-score=0.95729  RMSD=0.86
  seed_130_arm_cond_scenario_A_pH_7_4_target__0_char TM-score=0.96502  RMSD=0.87
已写入 code/output/phase3_antidrift_s1_n20/1UBQ/A_cond//tm.csv
  1UBQ/A_cond tm DONE
  seed_111_arm_base_scenario_B_pH_4_0_target__5_char TM-score=0.95581  RMSD=0.82
  seed_112_arm_base_scenario_B_pH_4_0_target__5_char TM-score=0.95483  RMSD=0.84
  seed_113_arm_base_scenario_B_pH_4_0_target__5_char TM-score=0.95599  RMSD=0.64
  seed_114_arm_base_scenario_B_pH_4_0_target__5_char TM-score=0.95959  RMSD=0.93
  seed_115_arm_base_scenario_B_pH_4_0_target__5_char TM-score=0.96473  RMSD=0.82
  seed_116_arm_base_scenario_B_pH_4_0_target__5_char TM-score=0.96617  RMSD=0.77
  seed_117_arm_base_scenario_B_pH_4_0_target__5_char TM-score=0.95205  RMSD=1.14
  seed_118_arm_base_scenario_B_pH_4_0_target__5_char TM-score=0.96099  RMSD=0.71
  seed_119_arm_base_scenario_B_pH_4_0_target__5_char TM-score=0.96496  RMSD=0.66
  seed_120_arm_base_scenario_B_pH_4_0_target__5_char TM-score=0.96191  RMSD=0.73
  seed_121_arm_base_scenario_B_pH_4_0_target__5_char TM-score=0.9672  RMSD=0.74
  seed_122_arm_base_scenario_B_pH_4_0_target__5_char TM-score=0.95601  RMSD=0.97
  seed_123_arm_base_scenario_B_pH_4_0_target__5_char TM-score=0.94715  RMSD=1.02
  seed_124_arm_base_scenario_B_pH_4_0_target__5_char TM-score=0.95974  RMSD=0.74
  seed_125_arm_base_scenario_B_pH_4_0_target__5_char TM-score=0.95276  RMSD=1.0
  seed_126_arm_base_scenario_B_pH_4_0_target__5_char TM-score=0.95309  RMSD=0.84
  seed_127_arm_base_scenario_B_pH_4_0_target__5_char TM-score=0.9713  RMSD=0.59
  seed_128_arm_base_scenario_B_pH_4_0_target__5_char TM-score=0.95573  RMSD=0.82
  seed_129_arm_base_scenario_B_pH_4_0_target__5_char TM-score=0.96011  RMSD=0.9
  seed_130_arm_base_scenario_B_pH_4_0_target__5_char TM-score=0.96257  RMSD=0.93
已写入 code/output/phase3_antidrift_s1_n20/1UBQ/B_base//tm.csv
  1UBQ/B_base tm DONE
  seed_111_arm_cond_scenario_B_pH_4_0_target__5_char TM-score=0.95941  RMSD=0.86
  seed_112_arm_cond_scenario_B_pH_4_0_target__5_char TM-score=0.96472  RMSD=0.86
  seed_113_arm_cond_scenario_B_pH_4_0_target__5_char TM-score=0.9605  RMSD=0.88
  seed_114_arm_cond_scenario_B_pH_4_0_target__5_char TM-score=0.97001  RMSD=1.05
  seed_115_arm_cond_scenario_B_pH_4_0_target__5_char TM-score=0.96025  RMSD=1.16
  seed_116_arm_cond_scenario_B_pH_4_0_target__5_char TM-score=0.95845  RMSD=0.8
  seed_117_arm_cond_scenario_B_pH_4_0_target__5_char TM-score=0.93994  RMSD=1.18
  seed_118_arm_cond_scenario_B_pH_4_0_target__5_char TM-score=0.9613  RMSD=0.94
  seed_119_arm_cond_scenario_B_pH_4_0_target__5_char TM-score=0.95308  RMSD=1.27
  seed_120_arm_cond_scenario_B_pH_4_0_target__5_char TM-score=0.96821  RMSD=1.04
  seed_121_arm_cond_scenario_B_pH_4_0_target__5_char TM-score=0.94057  RMSD=1.09
  seed_122_arm_cond_scenario_B_pH_4_0_target__5_char TM-score=0.96713  RMSD=1.12
  seed_123_arm_cond_scenario_B_pH_4_0_target__5_char TM-score=0.95713  RMSD=0.91
  seed_124_arm_cond_scenario_B_pH_4_0_target__5_char TM-score=0.96634  RMSD=0.8
  seed_125_arm_cond_scenario_B_pH_4_0_target__5_char TM-score=0.94968  RMSD=0.84
  seed_126_arm_cond_scenario_B_pH_4_0_target__5_char TM-score=0.96027  RMSD=0.85
  seed_127_arm_cond_scenario_B_pH_4_0_target__5_char TM-score=0.94969  RMSD=1.02
  seed_128_arm_cond_scenario_B_pH_4_0_target__5_char TM-score=0.94813  RMSD=0.78
  seed_129_arm_cond_scenario_B_pH_4_0_target__5_char TM-score=0.94741  RMSD=0.9
  seed_130_arm_cond_scenario_B_pH_4_0_target__5_char TM-score=0.97173  RMSD=0.86
已写入 code/output/phase3_antidrift_s1_n20/1UBQ/B_cond//tm.csv
  1UBQ/B_cond tm DONE
  seed_111_arm_base_scenario_A_pH_7_4_target__8_char TM-score=0.98454  RMSD=0.61
  seed_112_arm_base_scenario_A_pH_7_4_target__8_char TM-score=0.98772  RMSD=0.54
  seed_113_arm_base_scenario_A_pH_7_4_target__8_char TM-score=0.98624  RMSD=0.58
  seed_114_arm_base_scenario_A_pH_7_4_target__8_char TM-score=0.98054  RMSD=0.82
  seed_115_arm_base_scenario_A_pH_7_4_target__8_char TM-score=0.98279  RMSD=0.65
  seed_116_arm_base_scenario_A_pH_7_4_target__8_char TM-score=0.98443  RMSD=0.62
  seed_117_arm_base_scenario_A_pH_7_4_target__8_char TM-score=0.98387  RMSD=0.62
  seed_118_arm_base_scenario_A_pH_7_4_target__8_char TM-score=0.98964  RMSD=0.5
  seed_119_arm_base_scenario_A_pH_7_4_target__8_char TM-score=0.98662  RMSD=0.56
  seed_120_arm_base_scenario_A_pH_7_4_target__8_char TM-score=0.98247  RMSD=0.65
  seed_121_arm_base_scenario_A_pH_7_4_target__8_char TM-score=0.98344  RMSD=0.64
  seed_122_arm_base_scenario_A_pH_7_4_target__8_char TM-score=0.97408  RMSD=0.8
  seed_123_arm_base_scenario_A_pH_7_4_target__8_char TM-score=0.98149  RMSD=0.67
  seed_124_arm_base_scenario_A_pH_7_4_target__8_char TM-score=0.98107  RMSD=0.68
  seed_125_arm_base_scenario_A_pH_7_4_target__8_char TM-score=0.98627  RMSD=0.57
  seed_126_arm_base_scenario_A_pH_7_4_target__8_char TM-score=0.98559  RMSD=0.59
  seed_127_arm_base_scenario_A_pH_7_4_target__8_char TM-score=0.9883  RMSD=0.53
  seed_128_arm_base_scenario_A_pH_7_4_target__8_char TM-score=0.98394  RMSD=0.63
  seed_129_arm_base_scenario_A_pH_7_4_target__8_char TM-score=0.97739  RMSD=0.74
  seed_130_arm_base_scenario_A_pH_7_4_target__8_char TM-score=0.96901  RMSD=0.87
已写入 code/output/phase3_antidrift_s1_n20/2LZM/A_base//tm.csv
  2LZM/A_base tm DONE
  seed_111_arm_cond_scenario_A_pH_7_4_target__8_char TM-score=0.97525  RMSD=0.8
  seed_112_arm_cond_scenario_A_pH_7_4_target__8_char TM-score=0.98108  RMSD=0.67
  seed_113_arm_cond_scenario_A_pH_7_4_target__8_char TM-score=0.93076  RMSD=1.36
  seed_114_arm_cond_scenario_A_pH_7_4_target__8_char TM-score=0.96363  RMSD=0.99
  seed_115_arm_cond_scenario_A_pH_7_4_target__8_char TM-score=0.98082  RMSD=0.68
  seed_116_arm_cond_scenario_A_pH_7_4_target__8_char TM-score=0.9706  RMSD=0.87
  seed_117_arm_cond_scenario_A_pH_7_4_target__8_char TM-score=0.93709  RMSD=1.28
  seed_118_arm_cond_scenario_A_pH_7_4_target__8_char TM-score=0.98467  RMSD=0.6
  seed_119_arm_cond_scenario_A_pH_7_4_target__8_char TM-score=0.94616  RMSD=1.2
  seed_120_arm_cond_scenario_A_pH_7_4_target__8_char TM-score=0.97643  RMSD=0.75
  seed_121_arm_cond_scenario_A_pH_7_4_target__8_char TM-score=0.98053  RMSD=0.68
  seed_122_arm_cond_scenario_A_pH_7_4_target__8_char TM-score=0.9614  RMSD=1.01
  seed_123_arm_cond_scenario_A_pH_7_4_target__8_char TM-score=0.95939  RMSD=1.0
  seed_124_arm_cond_scenario_A_pH_7_4_target__8_char TM-score=0.97397  RMSD=0.84
  seed_125_arm_cond_scenario_A_pH_7_4_target__8_char TM-score=0.89362  RMSD=1.72
  seed_126_arm_cond_scenario_A_pH_7_4_target__8_char TM-score=0.973  RMSD=0.82
  seed_127_arm_cond_scenario_A_pH_7_4_target__8_char TM-score=0.96998  RMSD=0.85
  seed_128_arm_cond_scenario_A_pH_7_4_target__8_char TM-score=0.97187  RMSD=0.95
  seed_129_arm_cond_scenario_A_pH_7_4_target__8_char TM-score=0.96517  RMSD=1.02
  seed_130_arm_cond_scenario_A_pH_7_4_target__8_char TM-score=0.97657  RMSD=0.77
已写入 code/output/phase3_antidrift_s1_n20/2LZM/A_cond//tm.csv
  2LZM/A_cond tm DONE
  seed_111_arm_base_scenario_B_pH_4_0_target__13_cha TM-score=0.98454  RMSD=0.61
  seed_112_arm_base_scenario_B_pH_4_0_target__13_cha TM-score=0.98772  RMSD=0.54
  seed_113_arm_base_scenario_B_pH_4_0_target__13_cha TM-score=0.98624  RMSD=0.58
  seed_114_arm_base_scenario_B_pH_4_0_target__13_cha TM-score=0.98054  RMSD=0.82
  seed_115_arm_base_scenario_B_pH_4_0_target__13_cha TM-score=0.98279  RMSD=0.65
  seed_116_arm_base_scenario_B_pH_4_0_target__13_cha TM-score=0.98443  RMSD=0.62
  seed_117_arm_base_scenario_B_pH_4_0_target__13_cha TM-score=0.98387  RMSD=0.62
  seed_118_arm_base_scenario_B_pH_4_0_target__13_cha TM-score=0.98964  RMSD=0.5
  seed_119_arm_base_scenario_B_pH_4_0_target__13_cha TM-score=0.98662  RMSD=0.56
  seed_120_arm_base_scenario_B_pH_4_0_target__13_cha TM-score=0.98247  RMSD=0.65
  seed_121_arm_base_scenario_B_pH_4_0_target__13_cha TM-score=0.98344  RMSD=0.64
  seed_122_arm_base_scenario_B_pH_4_0_target__13_cha TM-score=0.97408  RMSD=0.8
  seed_123_arm_base_scenario_B_pH_4_0_target__13_cha TM-score=0.98149  RMSD=0.67
  seed_124_arm_base_scenario_B_pH_4_0_target__13_cha TM-score=0.98107  RMSD=0.68
  seed_125_arm_base_scenario_B_pH_4_0_target__13_cha TM-score=0.98627  RMSD=0.57
  seed_126_arm_base_scenario_B_pH_4_0_target__13_cha TM-score=0.98559  RMSD=0.59
  seed_127_arm_base_scenario_B_pH_4_0_target__13_cha TM-score=0.9883  RMSD=0.53
  seed_128_arm_base_scenario_B_pH_4_0_target__13_cha TM-score=0.98394  RMSD=0.63
  seed_129_arm_base_scenario_B_pH_4_0_target__13_cha TM-score=0.97739  RMSD=0.74
  seed_130_arm_base_scenario_B_pH_4_0_target__13_cha TM-score=0.96901  RMSD=0.87
已写入 code/output/phase3_antidrift_s1_n20/2LZM/B_base//tm.csv
  2LZM/B_base tm DONE
  seed_111_arm_cond_scenario_B_pH_4_0_target__13_cha TM-score=0.9834  RMSD=0.63
  seed_112_arm_cond_scenario_B_pH_4_0_target__13_cha TM-score=0.98811  RMSD=0.53
  seed_113_arm_cond_scenario_B_pH_4_0_target__13_cha TM-score=0.96927  RMSD=0.87
  seed_114_arm_cond_scenario_B_pH_4_0_target__13_cha TM-score=0.94819  RMSD=1.14
  seed_115_arm_cond_scenario_B_pH_4_0_target__13_cha TM-score=0.97851  RMSD=0.71
  seed_116_arm_cond_scenario_B_pH_4_0_target__13_cha TM-score=0.98543  RMSD=0.58
  seed_117_arm_cond_scenario_B_pH_4_0_target__13_cha TM-score=0.97354  RMSD=0.81
  seed_118_arm_cond_scenario_B_pH_4_0_target__13_cha TM-score=0.96909  RMSD=0.94
  seed_119_arm_cond_scenario_B_pH_4_0_target__13_cha TM-score=0.96927  RMSD=0.88
  seed_120_arm_cond_scenario_B_pH_4_0_target__13_cha TM-score=0.97127  RMSD=0.84
  seed_121_arm_cond_scenario_B_pH_4_0_target__13_cha TM-score=0.98079  RMSD=0.68
  seed_122_arm_cond_scenario_B_pH_4_0_target__13_cha TM-score=0.94352  RMSD=1.22
  seed_123_arm_cond_scenario_B_pH_4_0_target__13_cha TM-score=0.97405  RMSD=0.8
  seed_124_arm_cond_scenario_B_pH_4_0_target__13_cha TM-score=0.96808  RMSD=0.89
  seed_125_arm_cond_scenario_B_pH_4_0_target__13_cha TM-score=0.98317  RMSD=0.63
  seed_126_arm_cond_scenario_B_pH_4_0_target__13_cha TM-score=0.95956  RMSD=1.0
  seed_127_arm_cond_scenario_B_pH_4_0_target__13_cha TM-score=0.95469  RMSD=1.09
  seed_128_arm_cond_scenario_B_pH_4_0_target__13_cha TM-score=0.97602  RMSD=0.76
  seed_129_arm_cond_scenario_B_pH_4_0_target__13_cha TM-score=0.98442  RMSD=0.61
  seed_130_arm_cond_scenario_B_pH_4_0_target__13_cha TM-score=0.98285  RMSD=0.64
已写入 code/output/phase3_antidrift_s1_n20/2LZM/B_cond//tm.csv
  2LZM/B_cond tm DONE
=== [3/4] Protein-Sol %sol（系统 python3，递归 arm 目录）===

============================================================
Starting Protein-Sol Prediction Pipeline
Input: code/output/phase3_antidrift_s1_n20/1BC8/A_base/seqs.fa
Working directory: /data/nfs/IC/baokun_yu/ConfuMPNN/protein_sol_mcp/scripts/protein-sol
============================================================

Step 1: Reformatting FASTA file...
Running fasta_seq_reformat_export.pl...
✓ fasta_seq_reformat_export.pl completed successfully
✓ Original file backed up to input.fasta_ORIGINAL

Step 2: Calculating sequence composition...
Running seq_compositions_perc_pipeline_export.pl...
✓ seq_compositions_perc_pipeline_export.pl completed successfully
✓ Composition data saved to seq_composition.txt

Step 3: Making solubility predictions...
Running server_prediction_seq_export.pl...
✓ server_prediction_seq_export.pl completed successfully
✓ Predictions generated

Step 4: Calculating sequence properties...
Running seq_props_ALL_export.pl...
✓ seq_props_ALL_export.pl completed successfully
✓ Sequence properties calculated

Step 5: Gathering profiles...
Running profiles_gather_export.pl...
✓ profiles_gather_export.pl completed successfully
✓ Profiles gathered

Step 6: Creating CSV output...
✓ CSV output saved to seqs.fa-protein_sol.csv

Step 7: Cleaning up intermediate files...
✓ Cleanup completed

============================================================
Prediction Results:
============================================================
ID                   percent-sol     scaled-sol      population-sol  pI        
--------------------------------------------------------------------------------
>seed_111            89.605          0.781           0.446           10.100    
>seed_112            89.605          0.781           0.446           4.550     
>seed_113            89.605          0.781           0.446           4.600     
>seed_114            79.126          0.684           0.446           5.340     
>seed_115            76.611          0.661           0.446           6.430     
>seed_116            79.126          0.684           0.446           9.200     
>seed_117            92.086          0.804           0.446           4.890     
>seed_118            75.040          0.646           0.446           5.310     
>seed_119            76.611          0.661           0.446           5.670     
>seed_120            79.126          0.684           0.446           9.190     
>seed_121            89.605          0.781           0.446           4.500     
>seed_122            85.264          0.741           0.446           9.170     
>seed_123            83.317          0.723           0.446           9.390     
>seed_124            85.798          0.746           0.446           5.030     
>seed_125            79.091          0.684           0.446           7.240     
>seed_126            79.126          0.684           0.446           9.180     
>seed_127            76.611          0.661           0.446           8.810     
>seed_128            81.241          0.704           0.446           7.280     
>seed_129            76.611          0.661           0.446           5.640     
>seed_130            83.317          0.723           0.446           9.430     

============================================================
Pipeline completed successfully!
============================================================

Output files in /data/nfs/IC/baokun_yu/ConfuMPNN/code/output/phase3_antidrift_s1_n20/1BC8/A_base:
  - seqs.fa-protein_sol.csv              : CSV with ID, sequence, and metrics
  - seqs.fa-protein_sol_prediction.txt : Main prediction results
  - seqs.fa-protein_sol_composition.txt: Sequence composition data
  - seqs.fa-protein_sol.log        : Detailed execution log

  A_base sol DONE

============================================================
Starting Protein-Sol Prediction Pipeline
Input: code/output/phase3_antidrift_s1_n20/1BC8/A_cond/seqs.fa
Working directory: /data/nfs/IC/baokun_yu/ConfuMPNN/protein_sol_mcp/scripts/protein-sol
============================================================

Step 1: Reformatting FASTA file...
Running fasta_seq_reformat_export.pl...
✓ fasta_seq_reformat_export.pl completed successfully
✓ Original file backed up to input.fasta_ORIGINAL

Step 2: Calculating sequence composition...
Running seq_compositions_perc_pipeline_export.pl...
✓ seq_compositions_perc_pipeline_export.pl completed successfully
✓ Composition data saved to seq_composition.txt

Step 3: Making solubility predictions...
Running server_prediction_seq_export.pl...
✓ server_prediction_seq_export.pl completed successfully
✓ Predictions generated

Step 4: Calculating sequence properties...
Running seq_props_ALL_export.pl...
✓ seq_props_ALL_export.pl completed successfully
✓ Sequence properties calculated

Step 5: Gathering profiles...
Running profiles_gather_export.pl...
✓ profiles_gather_export.pl completed successfully
✓ Profiles gathered

Step 6: Creating CSV output...
✓ CSV output saved to seqs.fa-protein_sol.csv

Step 7: Cleaning up intermediate files...
✓ Cleanup completed

============================================================
Prediction Results:
============================================================
ID                   percent-sol     scaled-sol      population-sol  pI        
--------------------------------------------------------------------------------
>seed_111            62.042          0.526           0.446           10.340    
>seed_112            81.784          0.709           0.446           10.590    
>seed_113            77.385          0.668           0.446           10.980    
>seed_114            70.943          0.608           0.446           10.600    
>seed_115            60.535          0.512           0.446           11.750    
>seed_116            71.898          0.617           0.446           11.420    
>seed_117            74.918          0.645           0.446           11.300    
>seed_118            77.081          0.665           0.446           10.720    
>seed_119            50.056          0.415           0.446           9.890     
>seed_120            58.054          0.489           0.446           11.420    
>seed_121            70.794          0.607           0.446           9.820     
>seed_122            59.803          0.505           0.446           11.630    
>seed_123            77.081          0.665           0.446           10.560    
>seed_124            61.207          0.518           0.446           12.020    
>seed_125            71.902          0.617           0.446           10.440    
>seed_126            79.304          0.686           0.446           10.650    
>seed_127            79.043          0.683           0.446           10.370    
>seed_128            70.943          0.608           0.446           10.800    
>seed_129            74.918          0.645           0.446           11.130    
>seed_130            54.556          0.457           0.446           12.010    

============================================================
Pipeline completed successfully!
============================================================

Output files in /data/nfs/IC/baokun_yu/ConfuMPNN/code/output/phase3_antidrift_s1_n20/1BC8/A_cond:
  - seqs.fa-protein_sol.csv              : CSV with ID, sequence, and metrics
  - seqs.fa-protein_sol_prediction.txt : Main prediction results
  - seqs.fa-protein_sol_composition.txt: Sequence composition data
  - seqs.fa-protein_sol.log        : Detailed execution log

  A_cond sol DONE

============================================================
Starting Protein-Sol Prediction Pipeline
Input: code/output/phase3_antidrift_s1_n20/1BC8/B_base/seqs.fa
Working directory: /data/nfs/IC/baokun_yu/ConfuMPNN/protein_sol_mcp/scripts/protein-sol
============================================================

Step 1: Reformatting FASTA file...
Running fasta_seq_reformat_export.pl...
✓ fasta_seq_reformat_export.pl completed successfully
✓ Original file backed up to input.fasta_ORIGINAL

Step 2: Calculating sequence composition...
Running seq_compositions_perc_pipeline_export.pl...
✓ seq_compositions_perc_pipeline_export.pl completed successfully
✓ Composition data saved to seq_composition.txt

Step 3: Making solubility predictions...
Running server_prediction_seq_export.pl...
✓ server_prediction_seq_export.pl completed successfully
✓ Predictions generated

Step 4: Calculating sequence properties...
Running seq_props_ALL_export.pl...
✓ seq_props_ALL_export.pl completed successfully
✓ Sequence properties calculated

Step 5: Gathering profiles...
Running profiles_gather_export.pl...
✓ profiles_gather_export.pl completed successfully
✓ Profiles gathered

Step 6: Creating CSV output...
✓ CSV output saved to seqs.fa-protein_sol.csv

Step 7: Cleaning up intermediate files...
✓ Cleanup completed

============================================================
Prediction Results:
============================================================
ID                   percent-sol     scaled-sol      population-sol  pI        
--------------------------------------------------------------------------------
>seed_111            89.605          0.781           0.446           10.100    
>seed_112            89.605          0.781           0.446           4.550     
>seed_113            89.605          0.781           0.446           4.600     
>seed_114            79.126          0.684           0.446           5.340     
>seed_115            76.611          0.661           0.446           6.430     
>seed_116            79.126          0.684           0.446           9.200     
>seed_117            92.086          0.804           0.446           4.890     
>seed_118            75.040          0.646           0.446           5.310     
>seed_119            76.611          0.661           0.446           5.670     
>seed_120            79.126          0.684           0.446           9.190     
>seed_121            89.605          0.781           0.446           4.500     
>seed_122            85.264          0.741           0.446           9.170     
>seed_123            83.317          0.723           0.446           9.390     
>seed_124            85.798          0.746           0.446           5.030     
>seed_125            79.091          0.684           0.446           7.240     
>seed_126            79.126          0.684           0.446           9.180     
>seed_127            76.611          0.661           0.446           8.810     
>seed_128            81.241          0.704           0.446           7.280     
>seed_129            76.611          0.661           0.446           5.640     
>seed_130            83.317          0.723           0.446           9.430     

============================================================
Pipeline completed successfully!
============================================================

Output files in /data/nfs/IC/baokun_yu/ConfuMPNN/code/output/phase3_antidrift_s1_n20/1BC8/B_base:
  - seqs.fa-protein_sol.csv              : CSV with ID, sequence, and metrics
  - seqs.fa-protein_sol_prediction.txt : Main prediction results
  - seqs.fa-protein_sol_composition.txt: Sequence composition data
  - seqs.fa-protein_sol.log        : Detailed execution log

  B_base sol DONE

============================================================
Starting Protein-Sol Prediction Pipeline
Input: code/output/phase3_antidrift_s1_n20/1BC8/B_cond/seqs.fa
Working directory: /data/nfs/IC/baokun_yu/ConfuMPNN/protein_sol_mcp/scripts/protein-sol
============================================================

Step 1: Reformatting FASTA file...
Running fasta_seq_reformat_export.pl...
✓ fasta_seq_reformat_export.pl completed successfully
✓ Original file backed up to input.fasta_ORIGINAL

Step 2: Calculating sequence composition...
Running seq_compositions_perc_pipeline_export.pl...
✓ seq_compositions_perc_pipeline_export.pl completed successfully
✓ Composition data saved to seq_composition.txt

Step 3: Making solubility predictions...
Running server_prediction_seq_export.pl...
✓ server_prediction_seq_export.pl completed successfully
✓ Predictions generated

Step 4: Calculating sequence properties...
Running seq_props_ALL_export.pl...
✓ seq_props_ALL_export.pl completed successfully
✓ Sequence properties calculated

Step 5: Gathering profiles...
Running profiles_gather_export.pl...
✓ profiles_gather_export.pl completed successfully
✓ Profiles gathered

Step 6: Creating CSV output...
✓ CSV output saved to seqs.fa-protein_sol.csv

Step 7: Cleaning up intermediate files...
✓ Cleanup completed

============================================================
Prediction Results:
============================================================
ID                   percent-sol     scaled-sol      population-sol  pI        
--------------------------------------------------------------------------------
>seed_111            83.729          0.727           0.446           10.400    
>seed_112            67.136          0.573           0.446           9.530     
>seed_113            85.854          0.746           0.446           10.580    
>seed_114            79.304          0.686           0.446           10.390    
>seed_115            79.304          0.686           0.446           10.860    
>seed_116            81.285          0.704           0.446           10.060    
>seed_117            85.710          0.745           0.446           9.910     
>seed_118            91.992          0.803           0.446           10.020    
>seed_119            86.210          0.750           0.446           9.970     
>seed_120            85.871          0.747           0.446           4.300     
>seed_121            62.410          0.529           0.446           9.040     
>seed_122            77.659          0.671           0.446           10.310    
>seed_123            81.784          0.709           0.446           10.600    
>seed_124            70.943          0.608           0.446           10.370    
>seed_125            79.304          0.686           0.446           10.110    
>seed_126            86.157          0.749           0.446           9.740     
>seed_127            81.784          0.709           0.446           10.190    
>seed_128            57.949          0.488           0.446           9.250     
>seed_129            79.304          0.686           0.446           10.280    
>seed_130            66.415          0.567           0.446           11.370    

============================================================
Pipeline completed successfully!
============================================================

Output files in /data/nfs/IC/baokun_yu/ConfuMPNN/code/output/phase3_antidrift_s1_n20/1BC8/B_cond:
  - seqs.fa-protein_sol.csv              : CSV with ID, sequence, and metrics
  - seqs.fa-protein_sol_prediction.txt : Main prediction results
  - seqs.fa-protein_sol_composition.txt: Sequence composition data
  - seqs.fa-protein_sol.log        : Detailed execution log

  B_cond sol DONE

============================================================
Starting Protein-Sol Prediction Pipeline
Input: code/output/phase3_antidrift_s1_n20/1CRN/A_base/seqs.fa
Working directory: /data/nfs/IC/baokun_yu/ConfuMPNN/protein_sol_mcp/scripts/protein-sol
============================================================

Step 1: Reformatting FASTA file...
Running fasta_seq_reformat_export.pl...
✓ fasta_seq_reformat_export.pl completed successfully
✓ Original file backed up to input.fasta_ORIGINAL

Step 2: Calculating sequence composition...
Running seq_compositions_perc_pipeline_export.pl...
✓ seq_compositions_perc_pipeline_export.pl completed successfully
✓ Composition data saved to seq_composition.txt

Step 3: Making solubility predictions...
Running server_prediction_seq_export.pl...
✓ server_prediction_seq_export.pl completed successfully
✓ Predictions generated

Step 4: Calculating sequence properties...
Running seq_props_ALL_export.pl...
✓ seq_props_ALL_export.pl completed successfully
✓ Sequence properties calculated

Step 5: Gathering profiles...
Running profiles_gather_export.pl...
✓ profiles_gather_export.pl completed successfully
✓ Profiles gathered

Step 6: Creating CSV output...
✓ CSV output saved to seqs.fa-protein_sol.csv

Step 7: Cleaning up intermediate files...
✓ Cleanup completed

============================================================
Prediction Results:
============================================================
ID                   percent-sol     scaled-sol      population-sol  pI        
--------------------------------------------------------------------------------
>seed_111            93.785          0.820           0.446           7.310     
>seed_112            93.490          0.817           0.446           9.390     
>seed_113            96.300          0.843           0.446           5.180     
>seed_114            105.103         0.925           0.446           4.860     
>seed_115            106.779         0.940           0.446           4.480     
>seed_116            96.300          0.843           0.446           5.180     
>seed_117            83.412          0.724           0.446           5.260     
>seed_118            106.779         0.940           0.446           4.590     
>seed_119            102.293         0.899           0.446           9.620     
>seed_120            64.750          0.551           0.446           5.000     
>seed_121            96.300          0.843           0.446           5.320     
>seed_122            106.779         0.940           0.446           4.380     
>seed_123            105.103         0.925           0.446           4.860     
>seed_124            105.103         0.925           0.446           9.590     
>seed_125            105.103         0.925           0.446           9.590     
>seed_126            93.785          0.820           0.446           7.230     
>seed_127            103.969         0.914           0.446           10.070    
>seed_128            103.143         0.907           0.446           4.690     
>seed_129            95.067          0.832           0.446           5.230     
>seed_130            94.801          0.829           0.446           9.700     

============================================================
Pipeline completed successfully!
============================================================

Output files in /data/nfs/IC/baokun_yu/ConfuMPNN/code/output/phase3_antidrift_s1_n20/1CRN/A_base:
  - seqs.fa-protein_sol.csv              : CSV with ID, sequence, and metrics
  - seqs.fa-protein_sol_prediction.txt : Main prediction results
  - seqs.fa-protein_sol_composition.txt: Sequence composition data
  - seqs.fa-protein_sol.log        : Detailed execution log

  A_base sol DONE

============================================================
Starting Protein-Sol Prediction Pipeline
Input: code/output/phase3_antidrift_s1_n20/1CRN/A_cond/seqs.fa
Working directory: /data/nfs/IC/baokun_yu/ConfuMPNN/protein_sol_mcp/scripts/protein-sol
============================================================

Step 1: Reformatting FASTA file...
Running fasta_seq_reformat_export.pl...
✓ fasta_seq_reformat_export.pl completed successfully
✓ Original file backed up to input.fasta_ORIGINAL

Step 2: Calculating sequence composition...
Running seq_compositions_perc_pipeline_export.pl...
✓ seq_compositions_perc_pipeline_export.pl completed successfully
✓ Composition data saved to seq_composition.txt

Step 3: Making solubility predictions...
Running server_prediction_seq_export.pl...
✓ server_prediction_seq_export.pl completed successfully
✓ Predictions generated

Step 4: Calculating sequence properties...
Running seq_props_ALL_export.pl...
✓ seq_props_ALL_export.pl completed successfully
✓ Sequence properties calculated

Step 5: Gathering profiles...
Running profiles_gather_export.pl...
✓ profiles_gather_export.pl completed successfully
✓ Profiles gathered

Step 6: Creating CSV output...
✓ CSV output saved to seqs.fa-protein_sol.csv

Step 7: Cleaning up intermediate files...
✓ Cleanup completed

============================================================
Prediction Results:
============================================================
ID                   percent-sol     scaled-sol      population-sol  pI        
--------------------------------------------------------------------------------
>seed_111            77.638          0.670           0.446           9.530     
>seed_112            75.123          0.647           0.446           7.180     
>seed_113            66.428          0.567           0.446           4.900     
>seed_114            77.638          0.670           0.446           9.530     
>seed_115            88.117          0.767           0.446           3.750     
>seed_116            77.638          0.670           0.446           4.390     
>seed_117            63.913          0.543           0.446           7.250     
>seed_118            82.804          0.718           0.446           4.390     
>seed_119            88.117          0.767           0.446           3.750     
>seed_120            86.440          0.752           0.446           10.030    
>seed_121            71.487          0.614           0.446           1.000     
>seed_122            75.123          0.647           0.446           7.410     
>seed_123            75.123          0.647           0.446           7.150     
>seed_124            63.913          0.543           0.446           7.010     
>seed_125            71.487          0.614           0.446           1.000     
>seed_126            75.123          0.647           0.446           7.180     
>seed_127            88.117          0.767           0.446           10.060    
>seed_128            80.506          0.697           0.446           5.000     
>seed_129            62.235          0.528           0.446           7.190     
>seed_130            86.440          0.752           0.446           4.390     

============================================================
Pipeline completed successfully!
============================================================

Output files in /data/nfs/IC/baokun_yu/ConfuMPNN/code/output/phase3_antidrift_s1_n20/1CRN/A_cond:
  - seqs.fa-protein_sol.csv              : CSV with ID, sequence, and metrics
  - seqs.fa-protein_sol_prediction.txt : Main prediction results
  - seqs.fa-protein_sol_composition.txt: Sequence composition data
  - seqs.fa-protein_sol.log        : Detailed execution log

  A_cond sol DONE

============================================================
Starting Protein-Sol Prediction Pipeline
Input: code/output/phase3_antidrift_s1_n20/1CRN/B_base/seqs.fa
Working directory: /data/nfs/IC/baokun_yu/ConfuMPNN/protein_sol_mcp/scripts/protein-sol
============================================================

Step 1: Reformatting FASTA file...
Running fasta_seq_reformat_export.pl...
✓ fasta_seq_reformat_export.pl completed successfully
✓ Original file backed up to input.fasta_ORIGINAL

Step 2: Calculating sequence composition...
Running seq_compositions_perc_pipeline_export.pl...
✓ seq_compositions_perc_pipeline_export.pl completed successfully
✓ Composition data saved to seq_composition.txt

Step 3: Making solubility predictions...
Running server_prediction_seq_export.pl...
✓ server_prediction_seq_export.pl completed successfully
✓ Predictions generated

Step 4: Calculating sequence properties...
Running seq_props_ALL_export.pl...
✓ seq_props_ALL_export.pl completed successfully
✓ Sequence properties calculated

Step 5: Gathering profiles...
Running profiles_gather_export.pl...
✓ profiles_gather_export.pl completed successfully
✓ Profiles gathered

Step 6: Creating CSV output...
✓ CSV output saved to seqs.fa-protein_sol.csv

Step 7: Cleaning up intermediate files...
✓ Cleanup completed

============================================================
Prediction Results:
============================================================
ID                   percent-sol     scaled-sol      population-sol  pI        
--------------------------------------------------------------------------------
>seed_111            93.785          0.820           0.446           7.310     
>seed_112            93.490          0.817           0.446           9.390     
>seed_113            96.300          0.843           0.446           5.180     
>seed_114            105.103         0.925           0.446           4.860     
>seed_115            106.779         0.940           0.446           4.480     
>seed_116            96.300          0.843           0.446           5.180     
>seed_117            83.412          0.724           0.446           5.260     
>seed_118            106.779         0.940           0.446           4.590     
>seed_119            102.293         0.899           0.446           9.620     
>seed_120            64.750          0.551           0.446           5.000     
>seed_121            96.300          0.843           0.446           5.320     
>seed_122            106.779         0.940           0.446           4.380     
>seed_123            105.103         0.925           0.446           4.860     
>seed_124            105.103         0.925           0.446           9.590     
>seed_125            105.103         0.925           0.446           9.590     
>seed_126            93.785          0.820           0.446           7.230     
>seed_127            103.969         0.914           0.446           10.070    
>seed_128            103.143         0.907           0.446           4.690     
>seed_129            95.067          0.832           0.446           5.230     
>seed_130            94.801          0.829           0.446           9.700     

============================================================
Pipeline completed successfully!
============================================================

Output files in /data/nfs/IC/baokun_yu/ConfuMPNN/code/output/phase3_antidrift_s1_n20/1CRN/B_base:
  - seqs.fa-protein_sol.csv              : CSV with ID, sequence, and metrics
  - seqs.fa-protein_sol_prediction.txt : Main prediction results
  - seqs.fa-protein_sol_composition.txt: Sequence composition data
  - seqs.fa-protein_sol.log        : Detailed execution log

  B_base sol DONE

============================================================
Starting Protein-Sol Prediction Pipeline
Input: code/output/phase3_antidrift_s1_n20/1CRN/B_cond/seqs.fa
Working directory: /data/nfs/IC/baokun_yu/ConfuMPNN/protein_sol_mcp/scripts/protein-sol
============================================================

Step 1: Reformatting FASTA file...
Running fasta_seq_reformat_export.pl...
✓ fasta_seq_reformat_export.pl completed successfully
✓ Original file backed up to input.fasta_ORIGINAL

Step 2: Calculating sequence composition...
Running seq_compositions_perc_pipeline_export.pl...
✓ seq_compositions_perc_pipeline_export.pl completed successfully
✓ Composition data saved to seq_composition.txt

Step 3: Making solubility predictions...
Running server_prediction_seq_export.pl...
✓ server_prediction_seq_export.pl completed successfully
✓ Predictions generated

Step 4: Calculating sequence properties...
Running seq_props_ALL_export.pl...
✓ seq_props_ALL_export.pl completed successfully
✓ Sequence properties calculated

Step 5: Gathering profiles...
Running profiles_gather_export.pl...
✓ profiles_gather_export.pl completed successfully
✓ Profiles gathered

Step 6: Creating CSV output...
✓ CSV output saved to seqs.fa-protein_sol.csv

Step 7: Cleaning up intermediate files...
✓ Cleanup completed

============================================================
Prediction Results:
============================================================
ID                   percent-sol     scaled-sol      population-sol  pI        
--------------------------------------------------------------------------------
>seed_111            85.999          0.748           0.446           4.950     
>seed_112            78.872          0.682           0.446           5.000     
>seed_113            93.490          0.817           0.446           5.070     
>seed_114            77.638          0.670           0.446           9.530     
>seed_115            84.481          0.734           0.446           4.210     
>seed_116            77.638          0.670           0.446           4.730     
>seed_117            88.117          0.767           0.446           10.240    
>seed_118            71.487          0.614           0.446           7.410     
>seed_119            86.440          0.752           0.446           4.590     
>seed_120            76.908          0.664           0.446           10.770    
>seed_121            89.308          0.778           0.446           10.040    
>seed_122            77.638          0.670           0.446           4.600     
>seed_123            77.638          0.670           0.446           9.460     
>seed_124            64.750          0.551           0.446           9.760     
>seed_125            66.428          0.567           0.446           4.390     
>seed_126            77.638          0.670           0.446           9.520     
>seed_127            94.559          0.827           0.446           10.200    
>seed_128            77.638          0.670           0.446           5.000     
>seed_129            73.552          0.633           0.446           4.430     
>seed_130            77.638          0.670           0.446           9.520     

============================================================
Pipeline completed successfully!
============================================================

Output files in /data/nfs/IC/baokun_yu/ConfuMPNN/code/output/phase3_antidrift_s1_n20/1CRN/B_cond:
  - seqs.fa-protein_sol.csv              : CSV with ID, sequence, and metrics
  - seqs.fa-protein_sol_prediction.txt : Main prediction results
  - seqs.fa-protein_sol_composition.txt: Sequence composition data
  - seqs.fa-protein_sol.log        : Detailed execution log

  B_cond sol DONE

============================================================
Starting Protein-Sol Prediction Pipeline
Input: code/output/phase3_antidrift_s1_n20/1UBQ/A_base/seqs.fa
Working directory: /data/nfs/IC/baokun_yu/ConfuMPNN/protein_sol_mcp/scripts/protein-sol
============================================================

Step 1: Reformatting FASTA file...
Running fasta_seq_reformat_export.pl...
✓ fasta_seq_reformat_export.pl completed successfully
✓ Original file backed up to input.fasta_ORIGINAL

Step 2: Calculating sequence composition...
Running seq_compositions_perc_pipeline_export.pl...
✓ seq_compositions_perc_pipeline_export.pl completed successfully
✓ Composition data saved to seq_composition.txt

Step 3: Making solubility predictions...
Running server_prediction_seq_export.pl...
✓ server_prediction_seq_export.pl completed successfully
✓ Predictions generated

Step 4: Calculating sequence properties...
Running seq_props_ALL_export.pl...
✓ seq_props_ALL_export.pl completed successfully
✓ Sequence properties calculated

Step 5: Gathering profiles...
Running profiles_gather_export.pl...
✓ profiles_gather_export.pl completed successfully
✓ Profiles gathered

Step 6: Creating CSV output...
✓ CSV output saved to seqs.fa-protein_sol.csv

Step 7: Cleaning up intermediate files...
✓ Cleanup completed

============================================================
Prediction Results:
============================================================
ID                   percent-sol     scaled-sol      population-sol  pI        
--------------------------------------------------------------------------------
>seed_111            107.340         0.945           0.446           4.750     
>seed_112            104.403         0.918           0.446           5.240     
>seed_113            98.300          0.862           0.446           5.270     
>seed_114            110.302         0.973           0.446           4.810     
>seed_115            100.553         0.883           0.446           4.620     
>seed_116            98.007          0.859           0.446           4.880     
>seed_117            100.211         0.879           0.446           5.600     
>seed_118            100.553         0.883           0.446           4.710     
>seed_119            113.205         1.000           0.446           4.710     
>seed_120            107.067         0.943           0.446           4.910     
>seed_121            101.201         0.889           0.446           4.790     
>seed_122            101.201         0.889           0.446           4.810     
>seed_123            100.709         0.884           0.446           4.730     
>seed_124            95.598          0.837           0.446           5.250     
>seed_125            94.109          0.823           0.446           7.300     
>seed_126            94.073          0.823           0.446           7.300     
>seed_127            94.452          0.826           0.446           4.730     
>seed_128            92.399          0.807           0.446           5.210     
>seed_129            91.750          0.801           0.446           5.220     
>seed_130            88.207          0.768           0.446           5.520     

============================================================
Pipeline completed successfully!
============================================================

Output files in /data/nfs/IC/baokun_yu/ConfuMPNN/code/output/phase3_antidrift_s1_n20/1UBQ/A_base:
  - seqs.fa-protein_sol.csv              : CSV with ID, sequence, and metrics
  - seqs.fa-protein_sol_prediction.txt : Main prediction results
  - seqs.fa-protein_sol_composition.txt: Sequence composition data
  - seqs.fa-protein_sol.log        : Detailed execution log

  A_base sol DONE

============================================================
Starting Protein-Sol Prediction Pipeline
Input: code/output/phase3_antidrift_s1_n20/1UBQ/A_cond/seqs.fa
Working directory: /data/nfs/IC/baokun_yu/ConfuMPNN/protein_sol_mcp/scripts/protein-sol
============================================================

Step 1: Reformatting FASTA file...
Running fasta_seq_reformat_export.pl...
✓ fasta_seq_reformat_export.pl completed successfully
✓ Original file backed up to input.fasta_ORIGINAL

Step 2: Calculating sequence composition...
Running seq_compositions_perc_pipeline_export.pl...
✓ seq_compositions_perc_pipeline_export.pl completed successfully
✓ Composition data saved to seq_composition.txt

Step 3: Making solubility predictions...
Running server_prediction_seq_export.pl...
✓ server_prediction_seq_export.pl completed successfully
✓ Predictions generated

Step 4: Calculating sequence properties...
Running seq_props_ALL_export.pl...
✓ seq_props_ALL_export.pl completed successfully
✓ Sequence properties calculated

Step 5: Gathering profiles...
Running profiles_gather_export.pl...
✓ profiles_gather_export.pl completed successfully
✓ Profiles gathered

Step 6: Creating CSV output...
✓ CSV output saved to seqs.fa-protein_sol.csv

Step 7: Cleaning up intermediate files...
✓ Cleanup completed

============================================================
Prediction Results:
============================================================
ID                   percent-sol     scaled-sol      population-sol  pI        
--------------------------------------------------------------------------------
>seed_111            75.035          0.646           0.446           9.610     
>seed_112            88.029          0.767           0.446           4.300     
>seed_113            81.549          0.707           0.446           9.330     
>seed_114            81.736          0.708           0.446           10.020    
>seed_115            81.453          0.706           0.446           4.300     
>seed_116            85.090          0.739           0.446           3.330     
>seed_117            72.096          0.619           0.446           7.820     
>seed_118            72.096          0.619           0.446           5.050     
>seed_119            66.695          0.569           0.446           9.540     
>seed_120            91.190          0.796           0.446           4.270     
>seed_121            75.035          0.646           0.446           7.180     
>seed_122            81.950          0.710           0.446           10.460    
>seed_123            85.324          0.742           0.446           10.020    
>seed_124            93.127          0.814           0.446           4.390     
>seed_125            75.035          0.646           0.446           7.260     
>seed_126            87.116          0.758           0.446           4.210     
>seed_127            79.227          0.685           0.446           9.920     
>seed_128            73.499          0.632           0.446           9.560     
>seed_129            75.035          0.646           0.446           9.380     
>seed_130            81.039          0.702           0.446           4.720     

============================================================
Pipeline completed successfully!
============================================================

Output files in /data/nfs/IC/baokun_yu/ConfuMPNN/code/output/phase3_antidrift_s1_n20/1UBQ/A_cond:
  - seqs.fa-protein_sol.csv              : CSV with ID, sequence, and metrics
  - seqs.fa-protein_sol_prediction.txt : Main prediction results
  - seqs.fa-protein_sol_composition.txt: Sequence composition data
  - seqs.fa-protein_sol.log        : Detailed execution log

  A_cond sol DONE

============================================================
Starting Protein-Sol Prediction Pipeline
Input: code/output/phase3_antidrift_s1_n20/1UBQ/B_base/seqs.fa
Working directory: /data/nfs/IC/baokun_yu/ConfuMPNN/protein_sol_mcp/scripts/protein-sol
============================================================

Step 1: Reformatting FASTA file...
Running fasta_seq_reformat_export.pl...
✓ fasta_seq_reformat_export.pl completed successfully
✓ Original file backed up to input.fasta_ORIGINAL

Step 2: Calculating sequence composition...
Running seq_compositions_perc_pipeline_export.pl...
✓ seq_compositions_perc_pipeline_export.pl completed successfully
✓ Composition data saved to seq_composition.txt

Step 3: Making solubility predictions...
Running server_prediction_seq_export.pl...
✓ server_prediction_seq_export.pl completed successfully
✓ Predictions generated

Step 4: Calculating sequence properties...
Running seq_props_ALL_export.pl...
✓ seq_props_ALL_export.pl completed successfully
✓ Sequence properties calculated

Step 5: Gathering profiles...
Running profiles_gather_export.pl...
✓ profiles_gather_export.pl completed successfully
✓ Profiles gathered

Step 6: Creating CSV output...
✓ CSV output saved to seqs.fa-protein_sol.csv

Step 7: Cleaning up intermediate files...
✓ Cleanup completed

============================================================
Prediction Results:
============================================================
ID                   percent-sol     scaled-sol      population-sol  pI        
--------------------------------------------------------------------------------
>seed_111            107.340         0.945           0.446           4.750     
>seed_112            104.403         0.918           0.446           5.240     
>seed_113            98.300          0.862           0.446           5.270     
>seed_114            110.302         0.973           0.446           4.810     
>seed_115            100.553         0.883           0.446           4.620     
>seed_116            98.007          0.859           0.446           4.880     
>seed_117            100.211         0.879           0.446           5.600     
>seed_118            100.553         0.883           0.446           4.710     
>seed_119            113.205         1.000           0.446           4.710     
>seed_120            107.067         0.943           0.446           4.910     
>seed_121            101.201         0.889           0.446           4.790     
>seed_122            101.201         0.889           0.446           4.810     
>seed_123            100.709         0.884           0.446           4.730     
>seed_124            95.598          0.837           0.446           5.250     
>seed_125            94.109          0.823           0.446           7.300     
>seed_126            94.073          0.823           0.446           7.300     
>seed_127            94.452          0.826           0.446           4.730     
>seed_128            92.399          0.807           0.446           5.210     
>seed_129            91.750          0.801           0.446           5.220     
>seed_130            88.207          0.768           0.446           5.520     

============================================================
Pipeline completed successfully!
============================================================

Output files in /data/nfs/IC/baokun_yu/ConfuMPNN/code/output/phase3_antidrift_s1_n20/1UBQ/B_base:
  - seqs.fa-protein_sol.csv              : CSV with ID, sequence, and metrics
  - seqs.fa-protein_sol_prediction.txt : Main prediction results
  - seqs.fa-protein_sol_composition.txt: Sequence composition data
  - seqs.fa-protein_sol.log        : Detailed execution log

  B_base sol DONE

============================================================
Starting Protein-Sol Prediction Pipeline
Input: code/output/phase3_antidrift_s1_n20/1UBQ/B_cond/seqs.fa
Working directory: /data/nfs/IC/baokun_yu/ConfuMPNN/protein_sol_mcp/scripts/protein-sol
============================================================

Step 1: Reformatting FASTA file...
Running fasta_seq_reformat_export.pl...
✓ fasta_seq_reformat_export.pl completed successfully
✓ Original file backed up to input.fasta_ORIGINAL

Step 2: Calculating sequence composition...
Running seq_compositions_perc_pipeline_export.pl...
✓ seq_compositions_perc_pipeline_export.pl completed successfully
✓ Composition data saved to seq_composition.txt

Step 3: Making solubility predictions...
Running server_prediction_seq_export.pl...
✓ server_prediction_seq_export.pl completed successfully
✓ Predictions generated

Step 4: Calculating sequence properties...
Running seq_props_ALL_export.pl...
✓ seq_props_ALL_export.pl completed successfully
✓ Sequence properties calculated

Step 5: Gathering profiles...
Running profiles_gather_export.pl...
✓ profiles_gather_export.pl completed successfully
✓ Profiles gathered

Step 6: Creating CSV output...
✓ CSV output saved to seqs.fa-protein_sol.csv

Step 7: Cleaning up intermediate files...
✓ Cleanup completed

============================================================
Prediction Results:
============================================================
ID                   percent-sol     scaled-sol      population-sol  pI        
--------------------------------------------------------------------------------
>seed_111            84.325          0.732           0.446           4.860     
>seed_112            98.330          0.862           0.446           4.110     
>seed_113            83.389          0.724           0.446           4.950     
>seed_114            79.847          0.691           0.446           5.880     
>seed_115            76.934          0.664           0.446           5.280     
>seed_116            98.330          0.862           0.446           3.560     
>seed_117            68.897          0.590           0.446           5.220     
>seed_118            88.838          0.774           0.446           4.730     
>seed_119            68.307          0.584           0.446           5.220     
>seed_120            85.741          0.745           0.446           4.730     
>seed_121            72.096          0.619           0.446           9.320     
>seed_122            85.103          0.740           0.446           10.170    
>seed_123            72.744          0.625           0.446           7.260     
>seed_124            80.239          0.695           0.446           4.430     
>seed_125            81.253          0.704           0.446           4.900     
>seed_126            92.192          0.805           0.446           4.510     
>seed_127            78.314          0.677           0.446           4.820     
>seed_128            86.805          0.755           0.446           4.920     
>seed_129            86.414          0.752           0.446           10.220    
>seed_130            76.886          0.663           0.446           4.730     

============================================================
Pipeline completed successfully!
============================================================

Output files in /data/nfs/IC/baokun_yu/ConfuMPNN/code/output/phase3_antidrift_s1_n20/1UBQ/B_cond:
  - seqs.fa-protein_sol.csv              : CSV with ID, sequence, and metrics
  - seqs.fa-protein_sol_prediction.txt : Main prediction results
  - seqs.fa-protein_sol_composition.txt: Sequence composition data
  - seqs.fa-protein_sol.log        : Detailed execution log

  B_cond sol DONE

============================================================
Starting Protein-Sol Prediction Pipeline
Input: code/output/phase3_antidrift_s1_n20/2LZM/A_base/seqs.fa
Working directory: /data/nfs/IC/baokun_yu/ConfuMPNN/protein_sol_mcp/scripts/protein-sol
============================================================

Step 1: Reformatting FASTA file...
Running fasta_seq_reformat_export.pl...
✓ fasta_seq_reformat_export.pl completed successfully
✓ Original file backed up to input.fasta_ORIGINAL

Step 2: Calculating sequence composition...
Running seq_compositions_perc_pipeline_export.pl...
✓ seq_compositions_perc_pipeline_export.pl completed successfully
✓ Composition data saved to seq_composition.txt

Step 3: Making solubility predictions...
Running server_prediction_seq_export.pl...
✓ server_prediction_seq_export.pl completed successfully
✓ Predictions generated

Step 4: Calculating sequence properties...
Running seq_props_ALL_export.pl...
✓ seq_props_ALL_export.pl completed successfully
✓ Sequence properties calculated

Step 5: Gathering profiles...
Running profiles_gather_export.pl...
✓ profiles_gather_export.pl completed successfully
✓ Profiles gathered

Step 6: Creating CSV output...
✓ CSV output saved to seqs.fa-protein_sol.csv

Step 7: Cleaning up intermediate files...
✓ Cleanup completed

============================================================
Prediction Results:
============================================================
ID                   percent-sol     scaled-sol      population-sol  pI        
--------------------------------------------------------------------------------
>seed_111            82.594          0.716           0.446           7.610     
>seed_112            77.575          0.670           0.446           9.360     
>seed_113            65.907          0.562           0.446           7.820     
>seed_114            74.649          0.643           0.446           9.180     
>seed_115            59.199          0.500           0.446           7.680     
>seed_116            81.639          0.707           0.446           9.480     
>seed_117            84.341          0.732           0.446           9.510     
>seed_118            83.021          0.720           0.446           9.420     
>seed_119            76.465          0.660           0.446           9.230     
>seed_120            89.603          0.781           0.446           5.040     
>seed_121            75.955          0.655           0.446           8.790     
>seed_122            79.964          0.692           0.446           9.360     
>seed_123            89.603          0.781           0.446           9.850     
>seed_124            68.065          0.582           0.446           9.630     
>seed_125            75.955          0.655           0.446           5.740     
>seed_126            80.988          0.701           0.446           8.870     
>seed_127            81.826          0.709           0.446           9.260     
>seed_128            81.639          0.707           0.446           5.390     
>seed_129            95.008          0.831           0.446           9.830     
>seed_130            76.337          0.658           0.446           8.730     

============================================================
Pipeline completed successfully!
============================================================

Output files in /data/nfs/IC/baokun_yu/ConfuMPNN/code/output/phase3_antidrift_s1_n20/2LZM/A_base:
  - seqs.fa-protein_sol.csv              : CSV with ID, sequence, and metrics
  - seqs.fa-protein_sol_prediction.txt : Main prediction results
  - seqs.fa-protein_sol_composition.txt: Sequence composition data
  - seqs.fa-protein_sol.log        : Detailed execution log

  A_base sol DONE

============================================================
Starting Protein-Sol Prediction Pipeline
Input: code/output/phase3_antidrift_s1_n20/2LZM/A_cond/seqs.fa
Working directory: /data/nfs/IC/baokun_yu/ConfuMPNN/protein_sol_mcp/scripts/protein-sol
============================================================

Step 1: Reformatting FASTA file...
Running fasta_seq_reformat_export.pl...
✓ fasta_seq_reformat_export.pl completed successfully
✓ Original file backed up to input.fasta_ORIGINAL

Step 2: Calculating sequence composition...
Running seq_compositions_perc_pipeline_export.pl...
✓ seq_compositions_perc_pipeline_export.pl completed successfully
✓ Composition data saved to seq_composition.txt

Step 3: Making solubility predictions...
Running server_prediction_seq_export.pl...
✓ server_prediction_seq_export.pl completed successfully
✓ Predictions generated

Step 4: Calculating sequence properties...
Running seq_props_ALL_export.pl...
✓ seq_props_ALL_export.pl completed successfully
✓ Sequence properties calculated

Step 5: Gathering profiles...
Running profiles_gather_export.pl...
✓ profiles_gather_export.pl completed successfully
✓ Profiles gathered

Step 6: Creating CSV output...
✓ CSV output saved to seqs.fa-protein_sol.csv

Step 7: Cleaning up intermediate files...
✓ Cleanup completed

============================================================
Prediction Results:
============================================================
ID                   percent-sol     scaled-sol      population-sol  pI        
--------------------------------------------------------------------------------
>seed_111            73.976          0.637           0.446           11.740    
>seed_112            62.432          0.530           0.446           11.760    
>seed_113            62.979          0.535           0.446           11.560    
>seed_114            65.134          0.555           0.446           11.590    
>seed_115            69.549          0.596           0.446           11.360    
>seed_116            65.134          0.555           0.446           11.660    
>seed_117            68.570          0.587           0.446           11.690    
>seed_118            64.193          0.546           0.446           11.720    
>seed_119            68.181          0.583           0.446           10.000    
>seed_120            60.466          0.511           0.446           10.750    
>seed_121            67.306          0.575           0.446           10.600    
>seed_122            67.837          0.580           0.446           12.150    
>seed_123            73.976          0.637           0.446           11.830    
>seed_124            54.843          0.459           0.446           10.260    
>seed_125            68.384          0.585           0.446           11.290    
>seed_126            73.976          0.637           0.446           11.730    
>seed_127            64.005          0.544           0.446           11.250    
>seed_128            65.681          0.560           0.446           11.360    
>seed_129            75.320          0.649           0.446           10.270    
>seed_130            62.432          0.530           0.446           11.850    

============================================================
Pipeline completed successfully!
============================================================

Output files in /data/nfs/IC/baokun_yu/ConfuMPNN/code/output/phase3_antidrift_s1_n20/2LZM/A_cond:
  - seqs.fa-protein_sol.csv              : CSV with ID, sequence, and metrics
  - seqs.fa-protein_sol_prediction.txt : Main prediction results
  - seqs.fa-protein_sol_composition.txt: Sequence composition data
  - seqs.fa-protein_sol.log        : Detailed execution log

  A_cond sol DONE

============================================================
Starting Protein-Sol Prediction Pipeline
Input: code/output/phase3_antidrift_s1_n20/2LZM/B_base/seqs.fa
Working directory: /data/nfs/IC/baokun_yu/ConfuMPNN/protein_sol_mcp/scripts/protein-sol
============================================================

Step 1: Reformatting FASTA file...
Running fasta_seq_reformat_export.pl...
✓ fasta_seq_reformat_export.pl completed successfully
✓ Original file backed up to input.fasta_ORIGINAL

Step 2: Calculating sequence composition...
Running seq_compositions_perc_pipeline_export.pl...
✓ seq_compositions_perc_pipeline_export.pl completed successfully
✓ Composition data saved to seq_composition.txt

Step 3: Making solubility predictions...
Running server_prediction_seq_export.pl...
✓ server_prediction_seq_export.pl completed successfully
✓ Predictions generated

Step 4: Calculating sequence properties...
Running seq_props_ALL_export.pl...
✓ seq_props_ALL_export.pl completed successfully
✓ Sequence properties calculated

Step 5: Gathering profiles...
Running profiles_gather_export.pl...
✓ profiles_gather_export.pl completed successfully
✓ Profiles gathered

Step 6: Creating CSV output...
✓ CSV output saved to seqs.fa-protein_sol.csv

Step 7: Cleaning up intermediate files...
✓ Cleanup completed

============================================================
Prediction Results:
============================================================
ID                   percent-sol     scaled-sol      population-sol  pI        
--------------------------------------------------------------------------------
>seed_111            82.594          0.716           0.446           7.610     
>seed_112            77.575          0.670           0.446           9.360     
>seed_113            65.907          0.562           0.446           7.820     
>seed_114            74.649          0.643           0.446           9.180     
>seed_115            59.199          0.500           0.446           7.680     
>seed_116            81.639          0.707           0.446           9.480     
>seed_117            84.341          0.732           0.446           9.510     
>seed_118            83.021          0.720           0.446           9.420     
>seed_119            76.465          0.660           0.446           9.230     
>seed_120            89.603          0.781           0.446           5.040     
>seed_121            75.955          0.655           0.446           8.790     
>seed_122            79.964          0.692           0.446           9.360     
>seed_123            89.603          0.781           0.446           9.850     
>seed_124            68.065          0.582           0.446           9.630     
>seed_125            75.955          0.655           0.446           5.740     
>seed_126            80.988          0.701           0.446           8.870     
>seed_127            81.826          0.709           0.446           9.260     
>seed_128            81.639          0.707           0.446           5.390     
>seed_129            95.008          0.831           0.446           9.830     
>seed_130            76.337          0.658           0.446           8.730     

============================================================
Pipeline completed successfully!
============================================================

Output files in /data/nfs/IC/baokun_yu/ConfuMPNN/code/output/phase3_antidrift_s1_n20/2LZM/B_base:
  - seqs.fa-protein_sol.csv              : CSV with ID, sequence, and metrics
  - seqs.fa-protein_sol_prediction.txt : Main prediction results
  - seqs.fa-protein_sol_composition.txt: Sequence composition data
  - seqs.fa-protein_sol.log        : Detailed execution log

  B_base sol DONE

============================================================
Starting Protein-Sol Prediction Pipeline
Input: code/output/phase3_antidrift_s1_n20/2LZM/B_cond/seqs.fa
Working directory: /data/nfs/IC/baokun_yu/ConfuMPNN/protein_sol_mcp/scripts/protein-sol
============================================================

Step 1: Reformatting FASTA file...
Running fasta_seq_reformat_export.pl...
✓ fasta_seq_reformat_export.pl completed successfully
✓ Original file backed up to input.fasta_ORIGINAL

Step 2: Calculating sequence composition...
Running seq_compositions_perc_pipeline_export.pl...
✓ seq_compositions_perc_pipeline_export.pl completed successfully
✓ Composition data saved to seq_composition.txt

Step 3: Making solubility predictions...
Running server_prediction_seq_export.pl...
✓ server_prediction_seq_export.pl completed successfully
✓ Predictions generated

Step 4: Calculating sequence properties...
Running seq_props_ALL_export.pl...
✓ seq_props_ALL_export.pl completed successfully
✓ Sequence properties calculated

Step 5: Gathering profiles...
Running profiles_gather_export.pl...
✓ profiles_gather_export.pl completed successfully
✓ Profiles gathered

Step 6: Creating CSV output...
✓ CSV output saved to seqs.fa-protein_sol.csv

Step 7: Cleaning up intermediate files...
✓ Cleanup completed

============================================================
Prediction Results:
============================================================
ID                   percent-sol     scaled-sol      population-sol  pI        
--------------------------------------------------------------------------------
>seed_111            76.334          0.658           0.446           11.680    
>seed_112            59.014          0.498           0.446           11.060    
>seed_113            62.378          0.529           0.446           10.250    
>seed_114            72.617          0.624           0.446           10.420    
>seed_115            58.787          0.496           0.446           10.130    
>seed_116            62.432          0.530           0.446           10.650    
>seed_117            66.755          0.570           0.446           9.590     
>seed_118            59.519          0.503           0.446           10.130    
>seed_119            72.357          0.622           0.446           9.100     
>seed_120            62.776          0.533           0.446           10.140    
>seed_121            62.017          0.526           0.446           9.720     
>seed_122            63.704          0.541           0.446           11.540    
>seed_123            64.540          0.549           0.446           10.050    
>seed_124            63.092          0.536           0.446           5.320     
>seed_125            60.162          0.509           0.446           5.340     
>seed_126            70.179          0.601           0.446           7.760     
>seed_127            53.679          0.449           0.446           10.140    
>seed_128            79.218          0.685           0.446           10.740    
>seed_129            65.662          0.560           0.446           9.350     
>seed_130            61.906          0.525           0.446           10.150    

============================================================
Pipeline completed successfully!
============================================================

Output files in /data/nfs/IC/baokun_yu/ConfuMPNN/code/output/phase3_antidrift_s1_n20/2LZM/B_cond:
  - seqs.fa-protein_sol.csv              : CSV with ID, sequence, and metrics
  - seqs.fa-protein_sol_prediction.txt : Main prediction results
  - seqs.fa-protein_sol_composition.txt: Sequence composition data
  - seqs.fa-protein_sol.log        : Detailed execution log

  B_cond sol DONE
=== [4/4] TemBERTure Tm（confumpnn-temberture，每 arm 一进程并行）===
/home/baokun_yu/miniconda3/envs/confumpnn-temberture/lib/python3.10/site-packages/transformers/utils/generic.py:441: FutureWarning: `torch.utils._pytree._register_pytree_node` is deprecated. Please use `torch.utils._pytree.register_pytree_node` instead.
  _torch_pytree._register_pytree_node(
/home/baokun_yu/miniconda3/envs/confumpnn-temberture/lib/python3.10/site-packages/transformers/utils/generic.py:441: FutureWarning: `torch.utils._pytree._register_pytree_node` is deprecated. Please use `torch.utils._pytree.register_pytree_node` instead.
  _torch_pytree._register_pytree_node(
/home/baokun_yu/miniconda3/envs/confumpnn-temberture/lib/python3.10/site-packages/transformers/utils/generic.py:441: FutureWarning: `torch.utils._pytree._register_pytree_node` is deprecated. Please use `torch.utils._pytree.register_pytree_node` instead.
  _torch_pytree._register_pytree_node(
/home/baokun_yu/miniconda3/envs/confumpnn-temberture/lib/python3.10/site-packages/transformers/utils/generic.py:441: FutureWarning: `torch.utils._pytree._register_pytree_node` is deprecated. Please use `torch.utils._pytree.register_pytree_node` instead.
  _torch_pytree._register_pytree_node(
/home/baokun_yu/miniconda3/envs/confumpnn-temberture/lib/python3.10/site-packages/transformers/utils/generic.py:441: FutureWarning: `torch.utils._pytree._register_pytree_node` is deprecated. Please use `torch.utils._pytree.register_pytree_node` instead.
  _torch_pytree._register_pytree_node(
/home/baokun_yu/miniconda3/envs/confumpnn-temberture/lib/python3.10/site-packages/transformers/utils/generic.py:441: FutureWarning: `torch.utils._pytree._register_pytree_node` is deprecated. Please use `torch.utils._pytree.register_pytree_node` instead.
  _torch_pytree._register_pytree_node(
/home/baokun_yu/miniconda3/envs/confumpnn-temberture/lib/python3.10/site-packages/transformers/utils/generic.py:441: FutureWarning: `torch.utils._pytree._register_pytree_node` is deprecated. Please use `torch.utils._pytree.register_pytree_node` instead.
  _torch_pytree._register_pytree_node(
/home/baokun_yu/miniconda3/envs/confumpnn-temberture/lib/python3.10/site-packages/transformers/utils/generic.py:309: FutureWarning: `torch.utils._pytree._register_pytree_node` is deprecated. Please use `torch.utils._pytree.register_pytree_node` instead.
  _torch_pytree._register_pytree_node(
/home/baokun_yu/miniconda3/envs/confumpnn-temberture/lib/python3.10/site-packages/transformers/utils/generic.py:441: FutureWarning: `torch.utils._pytree._register_pytree_node` is deprecated. Please use `torch.utils._pytree.register_pytree_node` instead.
  _torch_pytree._register_pytree_node(
/home/baokun_yu/miniconda3/envs/confumpnn-temberture/lib/python3.10/site-packages/transformers/utils/generic.py:309: FutureWarning: `torch.utils._pytree._register_pytree_node` is deprecated. Please use `torch.utils._pytree.register_pytree_node` instead.
  _torch_pytree._register_pytree_node(
/home/baokun_yu/miniconda3/envs/confumpnn-temberture/lib/python3.10/site-packages/transformers/utils/generic.py:441: FutureWarning: `torch.utils._pytree._register_pytree_node` is deprecated. Please use `torch.utils._pytree.register_pytree_node` instead.
  _torch_pytree._register_pytree_node(
/home/baokun_yu/miniconda3/envs/confumpnn-temberture/lib/python3.10/site-packages/transformers/utils/generic.py:441: FutureWarning: `torch.utils._pytree._register_pytree_node` is deprecated. Please use `torch.utils._pytree.register_pytree_node` instead.
  _torch_pytree._register_pytree_node(
/home/baokun_yu/miniconda3/envs/confumpnn-temberture/lib/python3.10/site-packages/transformers/utils/generic.py:309: FutureWarning: `torch.utils._pytree._register_pytree_node` is deprecated. Please use `torch.utils._pytree.register_pytree_node` instead.
  _torch_pytree._register_pytree_node(
/home/baokun_yu/miniconda3/envs/confumpnn-temberture/lib/python3.10/site-packages/transformers/utils/generic.py:441: FutureWarning: `torch.utils._pytree._register_pytree_node` is deprecated. Please use `torch.utils._pytree.register_pytree_node` instead.
  _torch_pytree._register_pytree_node(
/home/baokun_yu/miniconda3/envs/confumpnn-temberture/lib/python3.10/site-packages/transformers/utils/generic.py:309: FutureWarning: `torch.utils._pytree._register_pytree_node` is deprecated. Please use `torch.utils._pytree.register_pytree_node` instead.
  _torch_pytree._register_pytree_node(
/home/baokun_yu/miniconda3/envs/confumpnn-temberture/lib/python3.10/site-packages/transformers/utils/generic.py:441: FutureWarning: `torch.utils._pytree._register_pytree_node` is deprecated. Please use `torch.utils._pytree.register_pytree_node` instead.
  _torch_pytree._register_pytree_node(
/home/baokun_yu/miniconda3/envs/confumpnn-temberture/lib/python3.10/site-packages/transformers/utils/generic.py:441: FutureWarning: `torch.utils._pytree._register_pytree_node` is deprecated. Please use `torch.utils._pytree.register_pytree_node` instead.
  _torch_pytree._register_pytree_node(
/home/baokun_yu/miniconda3/envs/confumpnn-temberture/lib/python3.10/site-packages/transformers/utils/generic.py:309: FutureWarning: `torch.utils._pytree._register_pytree_node` is deprecated. Please use `torch.utils._pytree.register_pytree_node` instead.
  _torch_pytree._register_pytree_node(
加载 replica1...
加载 replica1...
/home/baokun_yu/miniconda3/envs/confumpnn-temberture/lib/python3.10/site-packages/transformers/utils/generic.py:309: FutureWarning: `torch.utils._pytree._register_pytree_node` is deprecated. Please use `torch.utils._pytree.register_pytree_node` instead.
  _torch_pytree._register_pytree_node(
/home/baokun_yu/miniconda3/envs/confumpnn-temberture/lib/python3.10/site-packages/transformers/utils/generic.py:309: FutureWarning: `torch.utils._pytree._register_pytree_node` is deprecated. Please use `torch.utils._pytree.register_pytree_node` instead.
  _torch_pytree._register_pytree_node(
加载 replica1...
加载 replica1...
加载 replica1...
/home/baokun_yu/miniconda3/envs/confumpnn-temberture/lib/python3.10/site-packages/transformers/utils/generic.py:309: FutureWarning: `torch.utils._pytree._register_pytree_node` is deprecated. Please use `torch.utils._pytree.register_pytree_node` instead.
  _torch_pytree._register_pytree_node(
/home/baokun_yu/miniconda3/envs/confumpnn-temberture/lib/python3.10/site-packages/transformers/utils/generic.py:309: FutureWarning: `torch.utils._pytree._register_pytree_node` is deprecated. Please use `torch.utils._pytree.register_pytree_node` instead.
  _torch_pytree._register_pytree_node(
/home/baokun_yu/miniconda3/envs/confumpnn-temberture/lib/python3.10/site-packages/transformers/utils/generic.py:309: FutureWarning: `torch.utils._pytree._register_pytree_node` is deprecated. Please use `torch.utils._pytree.register_pytree_node` instead.
  _torch_pytree._register_pytree_node(
/home/baokun_yu/miniconda3/envs/confumpnn-temberture/lib/python3.10/site-packages/transformers/utils/generic.py:309: FutureWarning: `torch.utils._pytree._register_pytree_node` is deprecated. Please use `torch.utils._pytree.register_pytree_node` instead.
  _torch_pytree._register_pytree_node(
/home/baokun_yu/miniconda3/envs/confumpnn-temberture/lib/python3.10/site-packages/transformers/utils/generic.py:309: FutureWarning: `torch.utils._pytree._register_pytree_node` is deprecated. Please use `torch.utils._pytree.register_pytree_node` instead.
  _torch_pytree._register_pytree_node(
/home/baokun_yu/miniconda3/envs/confumpnn-temberture/lib/python3.10/site-packages/transformers/utils/generic.py:441: FutureWarning: `torch.utils._pytree._register_pytree_node` is deprecated. Please use `torch.utils._pytree.register_pytree_node` instead.
  _torch_pytree._register_pytree_node(
加载 replica1...
/home/baokun_yu/miniconda3/envs/confumpnn-temberture/lib/python3.10/site-packages/transformers/utils/generic.py:309: FutureWarning: `torch.utils._pytree._register_pytree_node` is deprecated. Please use `torch.utils._pytree.register_pytree_node` instead.
  _torch_pytree._register_pytree_node(
加载 replica1...
加载 replica1...
加载 replica1...
加载 replica1...
加载 replica1...
加载 replica1...
加载 replica1...
/home/baokun_yu/miniconda3/envs/confumpnn-temberture/lib/python3.10/site-packages/transformers/utils/generic.py:441: FutureWarning: `torch.utils._pytree._register_pytree_node` is deprecated. Please use `torch.utils._pytree.register_pytree_node` instead.
  _torch_pytree._register_pytree_node(
/home/baokun_yu/miniconda3/envs/confumpnn-temberture/lib/python3.10/site-packages/transformers/utils/generic.py:309: FutureWarning: `torch.utils._pytree._register_pytree_node` is deprecated. Please use `torch.utils._pytree.register_pytree_node` instead.
  _torch_pytree._register_pytree_node(
/home/baokun_yu/miniconda3/envs/confumpnn-temberture/lib/python3.10/site-packages/transformers/utils/generic.py:441: FutureWarning: `torch.utils._pytree._register_pytree_node` is deprecated. Please use `torch.utils._pytree.register_pytree_node` instead.
  _torch_pytree._register_pytree_node(
加载 replica1...
/home/baokun_yu/miniconda3/envs/confumpnn-temberture/lib/python3.10/site-packages/transformers/utils/generic.py:309: FutureWarning: `torch.utils._pytree._register_pytree_node` is deprecated. Please use `torch.utils._pytree.register_pytree_node` instead.
  _torch_pytree._register_pytree_node(
/home/baokun_yu/miniconda3/envs/confumpnn-temberture/lib/python3.10/site-packages/transformers/utils/generic.py:309: FutureWarning: `torch.utils._pytree._register_pytree_node` is deprecated. Please use `torch.utils._pytree.register_pytree_node` instead.
  _torch_pytree._register_pytree_node(
加载 replica1...
加载 replica1...
Traceback (most recent call last):
  File "/home/baokun_yu/miniconda3/envs/confumpnn-temberture/lib/python3.10/site-packages/urllib3/connectionpool.py", line 464, in _make_request
Traceback (most recent call last):
  File "/home/baokun_yu/miniconda3/envs/confumpnn-temberture/lib/python3.10/site-packages/urllib3/connectionpool.py", line 464, in _make_request
    self._validate_conn(conn)
    self._validate_conn(conn)
  File "/home/baokun_yu/miniconda3/envs/confumpnn-temberture/lib/python3.10/site-packages/urllib3/connectionpool.py", line 1106, in _validate_conn
Traceback (most recent call last):
  File "/home/baokun_yu/miniconda3/envs/confumpnn-temberture/lib/python3.10/site-packages/urllib3/connectionpool.py", line 1106, in _validate_conn
Traceback (most recent call last):
  File "/home/baokun_yu/miniconda3/envs/confumpnn-temberture/lib/python3.10/site-packages/urllib3/connectionpool.py", line 464, in _make_request
Traceback (most recent call last):
Traceback (most recent call last):
  File "/home/baokun_yu/miniconda3/envs/confumpnn-temberture/lib/python3.10/site-packages/urllib3/connectionpool.py", line 464, in _make_request
  File "/home/baokun_yu/miniconda3/envs/confumpnn-temberture/lib/python3.10/site-packages/urllib3/connectionpool.py", line 464, in _make_request
  File "/home/baokun_yu/miniconda3/envs/confumpnn-temberture/lib/python3.10/site-packages/urllib3/connectionpool.py", line 464, in _make_request
Traceback (most recent call last):
  File "/home/baokun_yu/miniconda3/envs/confumpnn-temberture/lib/python3.10/site-packages/urllib3/connectionpool.py", line 464, in _make_request
    self._validate_conn(conn)
  File "/home/baokun_yu/miniconda3/envs/confumpnn-temberture/lib/python3.10/site-packages/urllib3/connectionpool.py", line 1106, in _validate_conn
    conn.connect()
  File "/home/baokun_yu/miniconda3/envs/confumpnn-temberture/lib/python3.10/site-packages/urllib3/connection.py", line 796, in connect
    sock_and_verified = _ssl_wrap_socket_and_match_hostname(
  File "/home/baokun_yu/miniconda3/envs/confumpnn-temberture/lib/python3.10/site-packages/urllib3/connection.py", line 975, in _ssl_wrap_socket_and_match_hostname
    ssl_sock = ssl_wrap_socket(
  File "/home/baokun_yu/miniconda3/envs/confumpnn-temberture/lib/python3.10/site-packages/urllib3/util/ssl_.py", line 433, in ssl_wrap_socket
    ssl_sock = _ssl_wrap_socket_impl(sock, context, tls_in_tls, server_hostname)
  File "/home/baokun_yu/miniconda3/envs/confumpnn-temberture/lib/python3.10/site-packages/urllib3/util/ssl_.py", line 477, in _ssl_wrap_socket_impl
    return ssl_context.wrap_socket(sock, server_hostname=server_hostname)
  File "/home/baokun_yu/miniconda3/envs/confumpnn-temberture/lib/python3.10/ssl.py", line 513, in wrap_socket
Traceback (most recent call last):
Traceback (most recent call last):
  File "/home/baokun_yu/miniconda3/envs/confumpnn-temberture/lib/python3.10/site-packages/urllib3/connectionpool.py", line 464, in _make_request
Traceback (most recent call last):
  File "/home/baokun_yu/miniconda3/envs/confumpnn-temberture/lib/python3.10/site-packages/urllib3/connectionpool.py", line 464, in _make_request
Traceback (most recent call last):
Traceback (most recent call last):
  File "/home/baokun_yu/miniconda3/envs/confumpnn-temberture/lib/python3.10/site-packages/urllib3/connectionpool.py", line 464, in _make_request
  File "/home/baokun_yu/miniconda3/envs/confumpnn-temberture/lib/python3.10/site-packages/urllib3/connectionpool.py", line 464, in _make_request
Traceback (most recent call last):
  File "/home/baokun_yu/miniconda3/envs/confumpnn-temberture/lib/python3.10/site-packages/urllib3/connectionpool.py", line 464, in _make_request
Traceback (most recent call last):
Traceback (most recent call last):
  File "/home/baokun_yu/miniconda3/envs/confumpnn-temberture/lib/python3.10/site-packages/urllib3/connectionpool.py", line 464, in _make_request
Traceback (most recent call last):
  File "/home/baokun_yu/miniconda3/envs/confumpnn-temberture/lib/python3.10/site-packages/urllib3/connectionpool.py", line 464, in _make_request
    conn.connect()
  File "/home/baokun_yu/miniconda3/envs/confumpnn-temberture/lib/python3.10/site-packages/urllib3/connectionpool.py", line 464, in _make_request
    self._validate_conn(conn)
    self._validate_conn(conn)
  File "/home/baokun_yu/miniconda3/envs/confumpnn-temberture/lib/python3.10/site-packages/urllib3/connectionpool.py", line 1106, in _validate_conn
    conn.connect()
  File "/home/baokun_yu/miniconda3/envs/confumpnn-temberture/lib/python3.10/site-packages/urllib3/connectionpool.py", line 1106, in _validate_conn
    self._validate_conn(conn)
    self._validate_conn(conn)
  File "/home/baokun_yu/miniconda3/envs/confumpnn-temberture/lib/python3.10/site-packages/urllib3/connectionpool.py", line 1106, in _validate_conn
    return self.sslsocket_class._create(
  File "/home/baokun_yu/miniconda3/envs/confumpnn-temberture/lib/python3.10/site-packages/urllib3/connectionpool.py", line 464, in _make_request
  File "/home/baokun_yu/miniconda3/envs/confumpnn-temberture/lib/python3.10/ssl.py", line 1104, in _create
  File "/home/baokun_yu/miniconda3/envs/confumpnn-temberture/lib/python3.10/site-packages/urllib3/connection.py", line 796, in connect
    self._validate_conn(conn)
    self._validate_conn(conn)
  File "/home/baokun_yu/miniconda3/envs/confumpnn-temberture/lib/python3.10/site-packages/urllib3/connectionpool.py", line 1106, in _validate_conn
    self._validate_conn(conn)
  File "/home/baokun_yu/miniconda3/envs/confumpnn-temberture/lib/python3.10/site-packages/urllib3/connectionpool.py", line 1106, in _validate_conn
    self._validate_conn(conn)
  File "/home/baokun_yu/miniconda3/envs/confumpnn-temberture/lib/python3.10/site-packages/urllib3/connectionpool.py", line 1106, in _validate_conn
    self._validate_conn(conn)
  File "/home/baokun_yu/miniconda3/envs/confumpnn-temberture/lib/python3.10/site-packages/urllib3/connectionpool.py", line 1106, in _validate_conn
    self._validate_conn(conn)
    self._validate_conn(conn)
  File "/home/baokun_yu/miniconda3/envs/confumpnn-temberture/lib/python3.10/site-packages/urllib3/connection.py", line 796, in connect
  File "/home/baokun_yu/miniconda3/envs/confumpnn-temberture/lib/python3.10/site-packages/urllib3/connectionpool.py", line 1106, in _validate_conn
    self._validate_conn(conn)
  File "/home/baokun_yu/miniconda3/envs/confumpnn-temberture/lib/python3.10/site-packages/urllib3/connectionpool.py", line 1106, in _validate_conn
    conn.connect()
  File "/home/baokun_yu/miniconda3/envs/confumpnn-temberture/lib/python3.10/site-packages/urllib3/connectionpool.py", line 1106, in _validate_conn
    conn.connect()
  File "/home/baokun_yu/miniconda3/envs/confumpnn-temberture/lib/python3.10/site-packages/urllib3/connection.py", line 796, in connect
  File "/home/baokun_yu/miniconda3/envs/confumpnn-temberture/lib/python3.10/site-packages/urllib3/connectionpool.py", line 1106, in _validate_conn
  File "/home/baokun_yu/miniconda3/envs/confumpnn-temberture/lib/python3.10/site-packages/urllib3/connectionpool.py", line 1106, in _validate_conn
    conn.connect()
    sock_and_verified = _ssl_wrap_socket_and_match_hostname(
  File "/home/baokun_yu/miniconda3/envs/confumpnn-temberture/lib/python3.10/site-packages/urllib3/connection.py", line 796, in connect
    conn.connect()
  File "/home/baokun_yu/miniconda3/envs/confumpnn-temberture/lib/python3.10/site-packages/urllib3/connection.py", line 975, in _ssl_wrap_socket_and_match_hostname
    conn.connect()
  File "/home/baokun_yu/miniconda3/envs/confumpnn-temberture/lib/python3.10/site-packages/urllib3/connection.py", line 796, in connect
    self._validate_conn(conn)
  File "/home/baokun_yu/miniconda3/envs/confumpnn-temberture/lib/python3.10/site-packages/urllib3/connection.py", line 796, in connect
    self.do_handshake()
    conn.connect()
  File "/home/baokun_yu/miniconda3/envs/confumpnn-temberture/lib/python3.10/ssl.py", line 1375, in do_handshake
    conn.connect()
  File "/home/baokun_yu/miniconda3/envs/confumpnn-temberture/lib/python3.10/site-packages/urllib3/connectionpool.py", line 1106, in _validate_conn
  File "/home/baokun_yu/miniconda3/envs/confumpnn-temberture/lib/python3.10/site-packages/urllib3/connection.py", line 796, in connect
  File "/home/baokun_yu/miniconda3/envs/confumpnn-temberture/lib/python3.10/site-packages/urllib3/connection.py", line 796, in connect
    conn.connect()
  File "/home/baokun_yu/miniconda3/envs/confumpnn-temberture/lib/python3.10/site-packages/urllib3/connection.py", line 796, in connect
    conn.connect()
    sock_and_verified = _ssl_wrap_socket_and_match_hostname(
    conn.connect()
  File "/home/baokun_yu/miniconda3/envs/confumpnn-temberture/lib/python3.10/site-packages/urllib3/connection.py", line 796, in connect
  File "/home/baokun_yu/miniconda3/envs/confumpnn-temberture/lib/python3.10/site-packages/urllib3/connection.py", line 975, in _ssl_wrap_socket_and_match_hostname
    sock_and_verified = _ssl_wrap_socket_and_match_hostname(
  File "/home/baokun_yu/miniconda3/envs/confumpnn-temberture/lib/python3.10/site-packages/urllib3/connection.py", line 796, in connect
    sock_and_verified = _ssl_wrap_socket_and_match_hostname(
  File "/home/baokun_yu/miniconda3/envs/confumpnn-temberture/lib/python3.10/site-packages/urllib3/connection.py", line 975, in _ssl_wrap_socket_and_match_hostname
  File "/home/baokun_yu/miniconda3/envs/confumpnn-temberture/lib/python3.10/site-packages/urllib3/connection.py", line 796, in connect
  File "/home/baokun_yu/miniconda3/envs/confumpnn-temberture/lib/python3.10/site-packages/urllib3/connection.py", line 975, in _ssl_wrap_socket_and_match_hostname
    conn.connect()
    sock_and_verified = _ssl_wrap_socket_and_match_hostname(
    ssl_sock = ssl_wrap_socket(
  File "/home/baokun_yu/miniconda3/envs/confumpnn-temberture/lib/python3.10/site-packages/urllib3/connection.py", line 975, in _ssl_wrap_socket_and_match_hostname
    sock_and_verified = _ssl_wrap_socket_and_match_hostname(
  File "/home/baokun_yu/miniconda3/envs/confumpnn-temberture/lib/python3.10/site-packages/urllib3/util/ssl_.py", line 433, in ssl_wrap_socket
    sock_and_verified = _ssl_wrap_socket_and_match_hostname(
    sock_and_verified = _ssl_wrap_socket_and_match_hostname(
    self._sslobj.do_handshake()
  File "/home/baokun_yu/miniconda3/envs/confumpnn-temberture/lib/python3.10/site-packages/urllib3/connection.py", line 975, in _ssl_wrap_socket_and_match_hostname
  File "/home/baokun_yu/miniconda3/envs/confumpnn-temberture/lib/python3.10/site-packages/urllib3/connection.py", line 975, in _ssl_wrap_socket_and_match_hostname
  File "/home/baokun_yu/miniconda3/envs/confumpnn-temberture/lib/python3.10/site-packages/urllib3/connection.py", line 975, in _ssl_wrap_socket_and_match_hostname
    conn.connect()
    conn.connect()
    sock_and_verified = _ssl_wrap_socket_and_match_hostname(
  File "/home/baokun_yu/miniconda3/envs/confumpnn-temberture/lib/python3.10/site-packages/urllib3/connection.py", line 796, in connect
  File "/home/baokun_yu/miniconda3/envs/confumpnn-temberture/lib/python3.10/site-packages/urllib3/connection.py", line 796, in connect
  File "/home/baokun_yu/miniconda3/envs/confumpnn-temberture/lib/python3.10/site-packages/urllib3/connection.py", line 975, in _ssl_wrap_socket_and_match_hostname
    sock_and_verified = _ssl_wrap_socket_and_match_hostname(
  File "/home/baokun_yu/miniconda3/envs/confumpnn-temberture/lib/python3.10/site-packages/urllib3/connection.py", line 796, in connect
    sock_and_verified = _ssl_wrap_socket_and_match_hostname(
  File "/home/baokun_yu/miniconda3/envs/confumpnn-temberture/lib/python3.10/site-packages/urllib3/connection.py", line 975, in _ssl_wrap_socket_and_match_hostname
    ssl_sock = ssl_wrap_socket(
  File "/home/baokun_yu/miniconda3/envs/confumpnn-temberture/lib/python3.10/site-packages/urllib3/util/ssl_.py", line 433, in ssl_wrap_socket
    ssl_sock = ssl_wrap_socket(
    sock_and_verified = _ssl_wrap_socket_and_match_hostname(
    ssl_sock = ssl_wrap_socket(
  File "/home/baokun_yu/miniconda3/envs/confumpnn-temberture/lib/python3.10/site-packages/urllib3/util/ssl_.py", line 433, in ssl_wrap_socket
  File "/home/baokun_yu/miniconda3/envs/confumpnn-temberture/lib/python3.10/site-packages/urllib3/connection.py", line 975, in _ssl_wrap_socket_and_match_hostname
ssl.SSLCertVerificationError: [SSL: CERTIFICATE_VERIFY_FAILED] certificate verify failed: Hostname mismatch, certificate is not valid for 'huggingface.co'. (_ssl.c:1017)
  File "/home/baokun_yu/miniconda3/envs/confumpnn-temberture/lib/python3.10/site-packages/urllib3/util/ssl_.py", line 433, in ssl_wrap_socket
    ssl_sock = _ssl_wrap_socket_impl(sock, context, tls_in_tls, server_hostname)
    ssl_sock = ssl_wrap_socket(
  File "/home/baokun_yu/miniconda3/envs/confumpnn-temberture/lib/python3.10/site-packages/urllib3/util/ssl_.py", line 477, in _ssl_wrap_socket_impl

During handling of the above exception, another exception occurred:

    ssl_sock = _ssl_wrap_socket_impl(sock, context, tls_in_tls, server_hostname)
Traceback (most recent call last):
  File "/home/baokun_yu/miniconda3/envs/confumpnn-temberture/lib/python3.10/site-packages/urllib3/util/ssl_.py", line 433, in ssl_wrap_socket
    ssl_sock = ssl_wrap_socket(
    ssl_sock = ssl_wrap_socket(
  File "/home/baokun_yu/miniconda3/envs/confumpnn-temberture/lib/python3.10/site-packages/urllib3/util/ssl_.py", line 433, in ssl_wrap_socket
    ssl_sock = ssl_wrap_socket(
  File "/home/baokun_yu/miniconda3/envs/confumpnn-temberture/lib/python3.10/site-packages/urllib3/util/ssl_.py", line 433, in ssl_wrap_socket
  File "/home/baokun_yu/miniconda3/envs/confumpnn-temberture/lib/python3.10/site-packages/urllib3/connection.py", line 975, in _ssl_wrap_socket_and_match_hostname
    ssl_sock = ssl_wrap_socket(
  File "/home/baokun_yu/miniconda3/envs/confumpnn-temberture/lib/python3.10/site-packages/urllib3/util/ssl_.py", line 433, in ssl_wrap_socket
    sock_and_verified = _ssl_wrap_socket_and_match_hostname(
  File "/home/baokun_yu/miniconda3/envs/confumpnn-temberture/lib/python3.10/site-packages/urllib3/util/ssl_.py", line 433, in ssl_wrap_socket
    sock_and_verified = _ssl_wrap_socket_and_match_hostname(
  File "/home/baokun_yu/miniconda3/envs/confumpnn-temberture/lib/python3.10/site-packages/urllib3/connection.py", line 975, in _ssl_wrap_socket_and_match_hostname
    sock_and_verified = _ssl_wrap_socket_and_match_hostname(
  File "/home/baokun_yu/miniconda3/envs/confumpnn-temberture/lib/python3.10/site-packages/urllib3/connectionpool.py", line 788, in urlopen
  File "/home/baokun_yu/miniconda3/envs/confumpnn-temberture/lib/python3.10/site-packages/urllib3/util/ssl_.py", line 477, in _ssl_wrap_socket_impl
  File "/home/baokun_yu/miniconda3/envs/confumpnn-temberture/lib/python3.10/site-packages/urllib3/connection.py", line 975, in _ssl_wrap_socket_and_match_hostname
    ssl_sock = ssl_wrap_socket(
    return ssl_context.wrap_socket(sock, server_hostname=server_hostname)
    ssl_sock = _ssl_wrap_socket_impl(sock, context, tls_in_tls, server_hostname)
  File "/home/baokun_yu/miniconda3/envs/confumpnn-temberture/lib/python3.10/ssl.py", line 513, in wrap_socket
    ssl_sock = _ssl_wrap_socket_impl(sock, context, tls_in_tls, server_hostname)
    ssl_sock = ssl_wrap_socket(
    ssl_sock = _ssl_wrap_socket_impl(sock, context, tls_in_tls, server_hostname)
  File "/home/baokun_yu/miniconda3/envs/confumpnn-temberture/lib/python3.10/site-packages/urllib3/util/ssl_.py", line 477, in _ssl_wrap_socket_impl
  File "/home/baokun_yu/miniconda3/envs/confumpnn-temberture/lib/python3.10/site-packages/urllib3/util/ssl_.py", line 433, in ssl_wrap_socket
  File "/home/baokun_yu/miniconda3/envs/confumpnn-temberture/lib/python3.10/site-packages/urllib3/connection.py", line 975, in _ssl_wrap_socket_and_match_hostname
  File "/home/baokun_yu/miniconda3/envs/confumpnn-temberture/lib/python3.10/site-packages/urllib3/util/ssl_.py", line 477, in _ssl_wrap_socket_impl
    ssl_sock = _ssl_wrap_socket_impl(sock, context, tls_in_tls, server_hostname)
    ssl_sock = _ssl_wrap_socket_impl(sock, context, tls_in_tls, server_hostname)
    ssl_sock = _ssl_wrap_socket_impl(sock, context, tls_in_tls, server_hostname)
  File "/home/baokun_yu/miniconda3/envs/confumpnn-temberture/lib/python3.10/site-packages/urllib3/util/ssl_.py", line 477, in _ssl_wrap_socket_impl
  File "/home/baokun_yu/miniconda3/envs/confumpnn-temberture/lib/python3.10/site-packages/urllib3/util/ssl_.py", line 477, in _ssl_wrap_socket_impl
    ssl_sock = _ssl_wrap_socket_impl(sock, context, tls_in_tls, server_hostname)
  File "/home/baokun_yu/miniconda3/envs/confumpnn-temberture/lib/python3.10/site-packages/urllib3/util/ssl_.py", line 477, in _ssl_wrap_socket_impl
  File "/home/baokun_yu/miniconda3/envs/confumpnn-temberture/lib/python3.10/site-packages/urllib3/util/ssl_.py", line 477, in _ssl_wrap_socket_impl
    ssl_sock = ssl_wrap_socket(
  File "/home/baokun_yu/miniconda3/envs/confumpnn-temberture/lib/python3.10/site-packages/urllib3/util/ssl_.py", line 477, in _ssl_wrap_socket_impl
  File "/home/baokun_yu/miniconda3/envs/confumpnn-temberture/lib/python3.10/site-packages/urllib3/util/ssl_.py", line 433, in ssl_wrap_socket
  File "/home/baokun_yu/miniconda3/envs/confumpnn-temberture/lib/python3.10/site-packages/urllib3/util/ssl_.py", line 433, in ssl_wrap_socket
    return self.sslsocket_class._create(
    ssl_sock = ssl_wrap_socket(
  File "/home/baokun_yu/miniconda3/envs/confumpnn-temberture/lib/python3.10/ssl.py", line 1104, in _create
    ssl_sock = ssl_wrap_socket(
    return ssl_context.wrap_socket(sock, server_hostname=server_hostname)
  File "/home/baokun_yu/miniconda3/envs/confumpnn-temberture/lib/python3.10/site-packages/urllib3/util/ssl_.py", line 433, in ssl_wrap_socket
  File "/home/baokun_yu/miniconda3/envs/confumpnn-temberture/lib/python3.10/site-packages/urllib3/util/ssl_.py", line 433, in ssl_wrap_socket
    response = self._make_request(
  File "/home/baokun_yu/miniconda3/envs/confumpnn-temberture/lib/python3.10/ssl.py", line 513, in wrap_socket
    ssl_sock = _ssl_wrap_socket_impl(sock, context, tls_in_tls, server_hostname)
    return ssl_context.wrap_socket(sock, server_hostname=server_hostname)
    ssl_sock = ssl_wrap_socket(
  File "/home/baokun_yu/miniconda3/envs/confumpnn-temberture/lib/python3.10/ssl.py", line 513, in wrap_socket
    return ssl_context.wrap_socket(sock, server_hostname=server_hostname)
    return ssl_context.wrap_socket(sock, server_hostname=server_hostname)
  File "/home/baokun_yu/miniconda3/envs/confumpnn-temberture/lib/python3.10/ssl.py", line 513, in wrap_socket
    return ssl_context.wrap_socket(sock, server_hostname=server_hostname)
  File "/home/baokun_yu/miniconda3/envs/confumpnn-temberture/lib/python3.10/ssl.py", line 513, in wrap_socket
  File "/home/baokun_yu/miniconda3/envs/confumpnn-temberture/lib/python3.10/site-packages/urllib3/util/ssl_.py", line 433, in ssl_wrap_socket
    return ssl_context.wrap_socket(sock, server_hostname=server_hostname)
  File "/home/baokun_yu/miniconda3/envs/confumpnn-temberture/lib/python3.10/ssl.py", line 513, in wrap_socket
    return ssl_context.wrap_socket(sock, server_hostname=server_hostname)
  File "/home/baokun_yu/miniconda3/envs/confumpnn-temberture/lib/python3.10/ssl.py", line 513, in wrap_socket
    ssl_sock = _ssl_wrap_socket_impl(sock, context, tls_in_tls, server_hostname)
  File "/home/baokun_yu/miniconda3/envs/confumpnn-temberture/lib/python3.10/ssl.py", line 513, in wrap_socket
    return ssl_context.wrap_socket(sock, server_hostname=server_hostname)
  File "/home/baokun_yu/miniconda3/envs/confumpnn-temberture/lib/python3.10/site-packages/urllib3/util/ssl_.py", line 477, in _ssl_wrap_socket_impl
    return self.sslsocket_class._create(
  File "/home/baokun_yu/miniconda3/envs/confumpnn-temberture/lib/python3.10/ssl.py", line 1104, in _create
  File "/home/baokun_yu/miniconda3/envs/confumpnn-temberture/lib/python3.10/site-packages/urllib3/connectionpool.py", line 488, in _make_request
  File "/home/baokun_yu/miniconda3/envs/confumpnn-temberture/lib/python3.10/ssl.py", line 513, in wrap_socket
  File "/home/baokun_yu/miniconda3/envs/confumpnn-temberture/lib/python3.10/site-packages/urllib3/util/ssl_.py", line 477, in _ssl_wrap_socket_impl
    self.do_handshake()
    ssl_sock = _ssl_wrap_socket_impl(sock, context, tls_in_tls, server_hostname)
  File "/home/baokun_yu/miniconda3/envs/confumpnn-temberture/lib/python3.10/ssl.py", line 1375, in do_handshake
  File "/home/baokun_yu/miniconda3/envs/confumpnn-temberture/lib/python3.10/site-packages/urllib3/util/ssl_.py", line 477, in _ssl_wrap_socket_impl
    ssl_sock = _ssl_wrap_socket_impl(sock, context, tls_in_tls, server_hostname)
    ssl_sock = _ssl_wrap_socket_impl(sock, context, tls_in_tls, server_hostname)
  File "/home/baokun_yu/miniconda3/envs/confumpnn-temberture/lib/python3.10/site-packages/urllib3/util/ssl_.py", line 477, in _ssl_wrap_socket_impl
    return self.sslsocket_class._create(
  File "/home/baokun_yu/miniconda3/envs/confumpnn-temberture/lib/python3.10/site-packages/urllib3/util/ssl_.py", line 477, in _ssl_wrap_socket_impl
    return self.sslsocket_class._create(
  File "/home/baokun_yu/miniconda3/envs/confumpnn-temberture/lib/python3.10/ssl.py", line 1104, in _create
    return self.sslsocket_class._create(
  File "/home/baokun_yu/miniconda3/envs/confumpnn-temberture/lib/python3.10/ssl.py", line 1104, in _create
    self.do_handshake()
  File "/home/baokun_yu/miniconda3/envs/confumpnn-temberture/lib/python3.10/ssl.py", line 1375, in do_handshake
    ssl_sock = _ssl_wrap_socket_impl(sock, context, tls_in_tls, server_hostname)
    return ssl_context.wrap_socket(sock, server_hostname=server_hostname)
    return ssl_context.wrap_socket(sock, server_hostname=server_hostname)
  File "/home/baokun_yu/miniconda3/envs/confumpnn-temberture/lib/python3.10/site-packages/urllib3/util/ssl_.py", line 477, in _ssl_wrap_socket_impl
  File "/home/baokun_yu/miniconda3/envs/confumpnn-temberture/lib/python3.10/ssl.py", line 513, in wrap_socket
    return self.sslsocket_class._create(
  File "/home/baokun_yu/miniconda3/envs/confumpnn-temberture/lib/python3.10/ssl.py", line 513, in wrap_socket
    return ssl_context.wrap_socket(sock, server_hostname=server_hostname)
  File "/home/baokun_yu/miniconda3/envs/confumpnn-temberture/lib/python3.10/ssl.py", line 1104, in _create
    return self.sslsocket_class._create(
  File "/home/baokun_yu/miniconda3/envs/confumpnn-temberture/lib/python3.10/ssl.py", line 513, in wrap_socket
    return self.sslsocket_class._create(
    return self.sslsocket_class._create(
  File "/home/baokun_yu/miniconda3/envs/confumpnn-temberture/lib/python3.10/ssl.py", line 1104, in _create
    self._sslobj.do_handshake()
    raise new_e
  File "/home/baokun_yu/miniconda3/envs/confumpnn-temberture/lib/python3.10/ssl.py", line 1104, in _create
    return ssl_context.wrap_socket(sock, server_hostname=server_hostname)
ssl.SSLCertVerificationError: [SSL: CERTIFICATE_VERIFY_FAILED] certificate verify failed: Hostname mismatch, certificate is not valid for 'huggingface.co'. (_ssl.c:1017)

During handling of the above exception, another exception occurred:

urllib3.exceptions.SSLError: [SSL: CERTIFICATE_VERIFY_FAILED] certificate verify failed: Hostname mismatch, certificate is not valid for 'huggingface.co'. (_ssl.c:1017)
  File "/home/baokun_yu/miniconda3/envs/confumpnn-temberture/lib/python3.10/ssl.py", line 1104, in _create
Traceback (most recent call last):

The above exception was the direct cause of the following exception:

  File "/home/baokun_yu/miniconda3/envs/confumpnn-temberture/lib/python3.10/ssl.py", line 513, in wrap_socket
  File "/home/baokun_yu/miniconda3/envs/confumpnn-temberture/lib/python3.10/site-packages/urllib3/connectionpool.py", line 788, in urlopen
Traceback (most recent call last):
  File "/home/baokun_yu/miniconda3/envs/confumpnn-temberture/lib/python3.10/site-packages/requests/adapters.py", line 696, in send
    return ssl_context.wrap_socket(sock, server_hostname=server_hostname)
    self.do_handshake()
  File "/home/baokun_yu/miniconda3/envs/confumpnn-temberture/lib/python3.10/ssl.py", line 513, in wrap_socket
  File "/home/baokun_yu/miniconda3/envs/confumpnn-temberture/lib/python3.10/ssl.py", line 1104, in _create
    self._sslobj.do_handshake()
  File "/home/baokun_yu/miniconda3/envs/confumpnn-temberture/lib/python3.10/ssl.py", line 1375, in do_handshake
    return self.sslsocket_class._create(
    self.do_handshake()
ssl.SSLCertVerificationError: [SSL: CERTIFICATE_VERIFY_FAILED] certificate verify failed: Hostname mismatch, certificate is not valid for 'huggingface.co'. (_ssl.c:1017)
  File "/home/baokun_yu/miniconda3/envs/confumpnn-temberture/lib/python3.10/ssl.py", line 1104, in _create

During handling of the above exception, another exception occurred:

Traceback (most recent call last):
    return ssl_context.wrap_socket(sock, server_hostname=server_hostname)
  File "/home/baokun_yu/miniconda3/envs/confumpnn-temberture/lib/python3.10/ssl.py", line 1375, in do_handshake
  File "/home/baokun_yu/miniconda3/envs/confumpnn-temberture/lib/python3.10/site-packages/urllib3/connectionpool.py", line 788, in urlopen
    return self.sslsocket_class._create(
    return self.sslsocket_class._create(
    self.do_handshake()
  File "/home/baokun_yu/miniconda3/envs/confumpnn-temberture/lib/python3.10/ssl.py", line 1104, in _create
    response = self._make_request(
  File "/home/baokun_yu/miniconda3/envs/confumpnn-temberture/lib/python3.10/site-packages/urllib3/connectionpool.py", line 488, in _make_request
    self.do_handshake()
  File "/home/baokun_yu/miniconda3/envs/confumpnn-temberture/lib/python3.10/ssl.py", line 1375, in do_handshake
    resp = conn.urlopen(
  File "/home/baokun_yu/miniconda3/envs/confumpnn-temberture/lib/python3.10/ssl.py", line 1375, in do_handshake
  File "/home/baokun_yu/miniconda3/envs/confumpnn-temberture/lib/python3.10/site-packages/urllib3/connectionpool.py", line 842, in urlopen
    self.do_handshake()
    return self.sslsocket_class._create(
    self.do_handshake()
  File "/home/baokun_yu/miniconda3/envs/confumpnn-temberture/lib/python3.10/ssl.py", line 1375, in do_handshake
  File "/home/baokun_yu/miniconda3/envs/confumpnn-temberture/lib/python3.10/ssl.py", line 1375, in do_handshake
  File "/home/baokun_yu/miniconda3/envs/confumpnn-temberture/lib/python3.10/ssl.py", line 513, in wrap_socket
  File "/home/baokun_yu/miniconda3/envs/confumpnn-temberture/lib/python3.10/ssl.py", line 1104, in _create
  File "/home/baokun_yu/miniconda3/envs/confumpnn-temberture/lib/python3.10/ssl.py", line 1104, in _create
    response = self._make_request(
    self.do_handshake()
    return self.sslsocket_class._create(
    self.do_handshake()
  File "/home/baokun_yu/miniconda3/envs/confumpnn-temberture/lib/python3.10/ssl.py", line 1375, in do_handshake
    self._sslobj.do_handshake()
  File "/home/baokun_yu/miniconda3/envs/confumpnn-temberture/lib/python3.10/ssl.py", line 1375, in do_handshake
  File "/home/baokun_yu/miniconda3/envs/confumpnn-temberture/lib/python3.10/ssl.py", line 1104, in _create
    self._sslobj.do_handshake()
    raise new_e
ssl.SSLCertVerificationError: [SSL: CERTIFICATE_VERIFY_FAILED] certificate verify failed: Hostname mismatch, certificate is not valid for 'huggingface.co'. (_ssl.c:1017)
    self.do_handshake()

During handling of the above exception, another exception occurred:

urllib3.exceptions.SSLError: [SSL: CERTIFICATE_VERIFY_FAILED] certificate verify failed: Hostname mismatch, certificate is not valid for 'huggingface.co'. (_ssl.c:1017)
    retries = retries.increment(
Traceback (most recent call last):
    self._sslobj.do_handshake()
  File "/home/baokun_yu/miniconda3/envs/confumpnn-temberture/lib/python3.10/site-packages/urllib3/connectionpool.py", line 788, in urlopen
    self._sslobj.do_handshake()
  File "/home/baokun_yu/miniconda3/envs/confumpnn-temberture/lib/python3.10/site-packages/urllib3/connectionpool.py", line 488, in _make_request
    self._sslobj.do_handshake()
    self.do_handshake()
ssl.SSLCertVerificationError: [SSL: CERTIFICATE_VERIFY_FAILED] certificate verify failed: Hostname mismatch, certificate is not valid for 'huggingface.co'. (_ssl.c:1017)
ssl.SSLCertVerificationError: [SSL: CERTIFICATE_VERIFY_FAILED] certificate verify failed: Hostname mismatch, certificate is not valid for 'huggingface.co'. (_ssl.c:1017)
ssl.SSLCertVerificationError: [SSL: CERTIFICATE_VERIFY_FAILED] certificate verify failed: Hostname mismatch, certificate is not valid for 'huggingface.co'. (_ssl.c:1017)

During handling of the above exception, another exception occurred:

    self.do_handshake()

During handling of the above exception, another exception occurred:

    return self.sslsocket_class._create(
    self._sslobj.do_handshake()
  File "/home/baokun_yu/miniconda3/envs/confumpnn-temberture/lib/python3.10/ssl.py", line 1104, in _create
  File "/home/baokun_yu/miniconda3/envs/confumpnn-temberture/lib/python3.10/ssl.py", line 1375, in do_handshake
ssl.SSLCertVerificationError: [SSL: CERTIFICATE_VERIFY_FAILED] certificate verify failed: Hostname mismatch, certificate is not valid for 'huggingface.co'. (_ssl.c:1017)

The above exception was the direct cause of the following exception:

  File "/home/baokun_yu/miniconda3/envs/confumpnn-temberture/lib/python3.10/site-packages/urllib3/util/retry.py", line 543, in increment
    self._sslobj.do_handshake()
Traceback (most recent call last):
    self.do_handshake()
    self._sslobj.do_handshake()
ssl.SSLCertVerificationError: [SSL: CERTIFICATE_VERIFY_FAILED] certificate verify failed: Hostname mismatch, certificate is not valid for 'huggingface.co'. (_ssl.c:1017)
  File "/home/baokun_yu/miniconda3/envs/confumpnn-temberture/lib/python3.10/site-packages/requests/adapters.py", line 696, in send
  File "/home/baokun_yu/miniconda3/envs/confumpnn-temberture/lib/python3.10/ssl.py", line 1375, in do_handshake
  File "/home/baokun_yu/miniconda3/envs/confumpnn-temberture/lib/python3.10/ssl.py", line 1375, in do_handshake

During handling of the above exception, another exception occurred:


During handling of the above exception, another exception occurred:

Traceback (most recent call last):
ssl.SSLCertVerificationError: [SSL: CERTIFICATE_VERIFY_FAILED] certificate verify failed: Hostname mismatch, certificate is not valid for 'huggingface.co'. (_ssl.c:1017)
Traceback (most recent call last):

During handling of the above exception, another exception occurred:

  File "/home/baokun_yu/miniconda3/envs/confumpnn-temberture/lib/python3.10/ssl.py", line 1375, in do_handshake
Traceback (most recent call last):
  File "/home/baokun_yu/miniconda3/envs/confumpnn-temberture/lib/python3.10/site-packages/urllib3/connectionpool.py", line 788, in urlopen
    raise new_e
  File "/home/baokun_yu/miniconda3/envs/confumpnn-temberture/lib/python3.10/site-packages/urllib3/connectionpool.py", line 788, in urlopen
    response = self._make_request(
Traceback (most recent call last):
urllib3.exceptions.SSLError: [SSL: CERTIFICATE_VERIFY_FAILED] certificate verify failed: Hostname mismatch, certificate is not valid for 'huggingface.co'. (_ssl.c:1017)

The above exception was the direct cause of the following exception:


During handling of the above exception, another exception occurred:

  File "/home/baokun_yu/miniconda3/envs/confumpnn-temberture/lib/python3.10/site-packages/urllib3/connectionpool.py", line 488, in _make_request
  File "/home/baokun_yu/miniconda3/envs/confumpnn-temberture/lib/python3.10/site-packages/urllib3/connectionpool.py", line 788, in urlopen
Traceback (most recent call last):
  File "/home/baokun_yu/miniconda3/envs/confumpnn-temberture/lib/python3.10/site-packages/requests/adapters.py", line 696, in send
ssl.SSLCertVerificationError: [SSL: CERTIFICATE_VERIFY_FAILED] certificate verify failed: Hostname mismatch, certificate is not valid for 'huggingface.co'. (_ssl.c:1017)
Traceback (most recent call last):
    self._sslobj.do_handshake()
  File "/home/baokun_yu/miniconda3/envs/confumpnn-temberture/lib/python3.10/site-packages/urllib3/connectionpool.py", line 788, in urlopen
    self.do_handshake()
ssl.SSLCertVerificationError: [SSL: CERTIFICATE_VERIFY_FAILED] certificate verify failed: Hostname mismatch, certificate is not valid for 'huggingface.co'. (_ssl.c:1017)

During handling of the above exception, another exception occurred:

  File "/home/baokun_yu/miniconda3/envs/confumpnn-temberture/lib/python3.10/site-packages/urllib3/connectionpool.py", line 788, in urlopen

During handling of the above exception, another exception occurred:

  File "/home/baokun_yu/miniconda3/envs/confumpnn-temberture/lib/python3.10/ssl.py", line 1375, in do_handshake
Traceback (most recent call last):
Traceback (most recent call last):
Traceback (most recent call last):
  File "/home/baokun_yu/miniconda3/envs/confumpnn-temberture/lib/python3.10/site-packages/urllib3/connectionpool.py", line 788, in urlopen
    raise MaxRetryError(_pool, url, reason) from reason  # type: ignore[arg-type]
    self._sslobj.do_handshake()
    resp = conn.urlopen(
urllib3.exceptions.MaxRetryError: HTTPSConnectionPool(host='huggingface.co', port=443): Max retries exceeded with url: /Rostlab/prot_bert_bfd/resolve/main/config.json (Caused by SSLError(SSLCertVerificationError(1, "[SSL: CERTIFICATE_VERIFY_FAILED] certificate verify failed: Hostname mismatch, certificate is not valid for 'huggingface.co'. (_ssl.c:1017)")))
ssl.SSLCertVerificationError: [SSL: CERTIFICATE_VERIFY_FAILED] certificate verify failed: Hostname mismatch, certificate is not valid for 'huggingface.co'. (_ssl.c:1017)

During handling of the above exception, another exception occurred:


During handling of the above exception, another exception occurred:

Traceback (most recent call last):
    self._sslobj.do_handshake()
  File "/home/baokun_yu/miniconda3/envs/confumpnn-temberture/lib/python3.10/site-packages/urllib3/connectionpool.py", line 842, in urlopen
Traceback (most recent call last):
  File "/home/baokun_yu/miniconda3/envs/confumpnn-temberture/lib/python3.10/site-packages/urllib3/connectionpool.py", line 788, in urlopen
  File "/home/baokun_yu/miniconda3/envs/confumpnn-temberture/lib/python3.10/site-packages/urllib3/connectionpool.py", line 788, in urlopen
  File "/home/baokun_yu/miniconda3/envs/confumpnn-temberture/lib/python3.10/site-packages/urllib3/connectionpool.py", line 788, in urlopen
  File "/data/nfs/IC/baokun_yu/ConfuMPNN/code/tests/temberture_score.py", line 89, in <module>
    raise new_e
    response = self._make_request(
ssl.SSLCertVerificationError: [SSL: CERTIFICATE_VERIFY_FAILED] certificate verify failed: Hostname mismatch, certificate is not valid for 'huggingface.co'. (_ssl.c:1017)
    resp = conn.urlopen(
  File "/home/baokun_yu/miniconda3/envs/confumpnn-temberture/lib/python3.10/site-packages/urllib3/connectionpool.py", line 488, in _make_request
urllib3.exceptions.SSLError: [SSL: CERTIFICATE_VERIFY_FAILED] certificate verify failed: Hostname mismatch, certificate is not valid for 'huggingface.co'. (_ssl.c:1017)

During handling of the above exception, another exception occurred:

    response = self._make_request(
  File "/home/baokun_yu/miniconda3/envs/confumpnn-temberture/lib/python3.10/site-packages/urllib3/connectionpool.py", line 842, in urlopen

The above exception was the direct cause of the following exception:

Traceback (most recent call last):
    response = self._make_request(
Traceback (most recent call last):
  File "/home/baokun_yu/miniconda3/envs/confumpnn-temberture/lib/python3.10/site-packages/urllib3/connectionpool.py", line 488, in _make_request
    response = self._make_request(
  File "/home/baokun_yu/miniconda3/envs/confumpnn-temberture/lib/python3.10/site-packages/requests/adapters.py", line 696, in send
    response = self._make_request(
  File "/home/baokun_yu/miniconda3/envs/confumpnn-temberture/lib/python3.10/site-packages/urllib3/connectionpool.py", line 788, in urlopen
  File "/home/baokun_yu/miniconda3/envs/confumpnn-temberture/lib/python3.10/site-packages/urllib3/connectionpool.py", line 488, in _make_request
    response = self._make_request(
  File "/home/baokun_yu/miniconda3/envs/confumpnn-temberture/lib/python3.10/site-packages/urllib3/connectionpool.py", line 488, in _make_request
    self._sslobj.do_handshake()
    self._sslobj.do_handshake()
ssl.SSLCertVerificationError: [SSL: CERTIFICATE_VERIFY_FAILED] certificate verify failed: Hostname mismatch, certificate is not valid for 'huggingface.co'. (_ssl.c:1017)
  File "/home/baokun_yu/miniconda3/envs/confumpnn-temberture/lib/python3.10/site-packages/urllib3/connectionpool.py", line 488, in _make_request

During handling of the above exception, another exception occurred:

Traceback (most recent call last):
  File "/home/baokun_yu/miniconda3/envs/confumpnn-temberture/lib/python3.10/site-packages/urllib3/connectionpool.py", line 488, in _make_request
ssl.SSLCertVerificationError: [SSL: CERTIFICATE_VERIFY_FAILED] certificate verify failed: Hostname mismatch, certificate is not valid for 'huggingface.co'. (_ssl.c:1017)
    response = self._make_request(
  File "/home/baokun_yu/miniconda3/envs/confumpnn-temberture/lib/python3.10/site-packages/urllib3/connectionpool.py", line 788, in urlopen

During handling of the above exception, another exception occurred:

  File "/home/baokun_yu/miniconda3/envs/confumpnn-temberture/lib/python3.10/site-packages/urllib3/connectionpool.py", line 488, in _make_request
    raise new_e
Traceback (most recent call last):
    raise new_e
    retries = retries.increment(
    raise new_e
  File "/home/baokun_yu/miniconda3/envs/confumpnn-temberture/lib/python3.10/site-packages/urllib3/util/retry.py", line 543, in increment
    resp = conn.urlopen(
urllib3.exceptions.SSLError: [SSL: CERTIFICATE_VERIFY_FAILED] certificate verify failed: Hostname mismatch, certificate is not valid for 'huggingface.co'. (_ssl.c:1017)

The above exception was the direct cause of the following exception:

    main()
  File "/home/baokun_yu/miniconda3/envs/confumpnn-temberture/lib/python3.10/site-packages/urllib3/connectionpool.py", line 842, in urlopen
urllib3.exceptions.SSLError: [SSL: CERTIFICATE_VERIFY_FAILED] certificate verify failed: Hostname mismatch, certificate is not valid for 'huggingface.co'. (_ssl.c:1017)
Traceback (most recent call last):
    retries = retries.increment(

The above exception was the direct cause of the following exception:

  File "/home/baokun_yu/miniconda3/envs/confumpnn-temberture/lib/python3.10/site-packages/requests/adapters.py", line 696, in send
  File "/data/nfs/IC/baokun_yu/ConfuMPNN/code/tests/temberture_score.py", line 63, in main
Traceback (most recent call last):
  File "/home/baokun_yu/miniconda3/envs/confumpnn-temberture/lib/python3.10/site-packages/requests/adapters.py", line 696, in send
    response = self._make_request(
    response = self._make_request(
  File "/home/baokun_yu/miniconda3/envs/confumpnn-temberture/lib/python3.10/site-packages/urllib3/connectionpool.py", line 488, in _make_request
    response = self._make_request(
  File "/home/baokun_yu/miniconda3/envs/confumpnn-temberture/lib/python3.10/site-packages/urllib3/connectionpool.py", line 488, in _make_request
  File "/home/baokun_yu/miniconda3/envs/confumpnn-temberture/lib/python3.10/site-packages/urllib3/connectionpool.py", line 788, in urlopen
urllib3.exceptions.SSLError: [SSL: CERTIFICATE_VERIFY_FAILED] certificate verify failed: Hostname mismatch, certificate is not valid for 'huggingface.co'. (_ssl.c:1017)
  File "/home/baokun_yu/miniconda3/envs/confumpnn-temberture/lib/python3.10/site-packages/urllib3/connectionpool.py", line 488, in _make_request
    raise new_e

The above exception was the direct cause of the following exception:

    raise new_e
Traceback (most recent call last):
urllib3.exceptions.SSLError: [SSL: CERTIFICATE_VERIFY_FAILED] certificate verify failed: Hostname mismatch, certificate is not valid for 'huggingface.co'. (_ssl.c:1017)
    raise new_e
  File "/home/baokun_yu/miniconda3/envs/confumpnn-temberture/lib/python3.10/site-packages/requests/adapters.py", line 696, in send

The above exception was the direct cause of the following exception:

urllib3.exceptions.SSLError: [SSL: CERTIFICATE_VERIFY_FAILED] certificate verify failed: Hostname mismatch, certificate is not valid for 'huggingface.co'. (_ssl.c:1017)
    response = self._make_request(
Traceback (most recent call last):

The above exception was the direct cause of the following exception:

Traceback (most recent call last):
  File "/home/baokun_yu/miniconda3/envs/confumpnn-temberture/lib/python3.10/site-packages/requests/adapters.py", line 696, in send
urllib3.exceptions.SSLError: [SSL: CERTIFICATE_VERIFY_FAILED] certificate verify failed: Hostname mismatch, certificate is not valid for 'huggingface.co'. (_ssl.c:1017)
  File "/home/baokun_yu/miniconda3/envs/confumpnn-temberture/lib/python3.10/site-packages/requests/adapters.py", line 696, in send
  File "/home/baokun_yu/miniconda3/envs/confumpnn-temberture/lib/python3.10/site-packages/urllib3/connectionpool.py", line 488, in _make_request

The above exception was the direct cause of the following exception:

Traceback (most recent call last):
  File "/home/baokun_yu/miniconda3/envs/confumpnn-temberture/lib/python3.10/site-packages/requests/adapters.py", line 696, in send
    raise new_e
    raise new_e
  File "/home/baokun_yu/miniconda3/envs/confumpnn-temberture/lib/python3.10/site-packages/urllib3/util/retry.py", line 543, in increment
urllib3.exceptions.SSLError: [SSL: CERTIFICATE_VERIFY_FAILED] certificate verify failed: Hostname mismatch, certificate is not valid for 'huggingface.co'. (_ssl.c:1017)
    raise MaxRetryError(_pool, url, reason) from reason  # type: ignore[arg-type]

The above exception was the direct cause of the following exception:

urllib3.exceptions.SSLError: [SSL: CERTIFICATE_VERIFY_FAILED] certificate verify failed: Hostname mismatch, certificate is not valid for 'huggingface.co'. (_ssl.c:1017)
    resp = conn.urlopen(
Traceback (most recent call last):

The above exception was the direct cause of the following exception:

    retries = retries.increment(
urllib3.exceptions.MaxRetryError: HTTPSConnectionPool(host='huggingface.co', port=443): Max retries exceeded with url: /Rostlab/prot_bert_bfd/resolve/main/config.json (Caused by SSLError(SSLCertVerificationError(1, "[SSL: CERTIFICATE_VERIFY_FAILED] certificate verify failed: Hostname mismatch, certificate is not valid for 'huggingface.co'. (_ssl.c:1017)")))
Traceback (most recent call last):
  File "/home/baokun_yu/miniconda3/envs/confumpnn-temberture/lib/python3.10/site-packages/requests/adapters.py", line 696, in send
    m = TemBERTure(adapter_path=f"{TM}/{r}/", device="cpu",

During handling of the above exception, another exception occurred:

  File "/home/baokun_yu/miniconda3/envs/confumpnn-temberture/lib/python3.10/site-packages/urllib3/connectionpool.py", line 842, in urlopen
  File "/home/baokun_yu/miniconda3/envs/confumpnn-temberture/lib/python3.10/site-packages/requests/adapters.py", line 696, in send
  File "/home/baokun_yu/miniconda3/envs/confumpnn-temberture/lib/python3.10/site-packages/urllib3/util/retry.py", line 543, in increment
    resp = conn.urlopen(
Traceback (most recent call last):
  File "/data/nfs/IC/baokun_yu/ConfuMPNN/TemBERTure/temBERTure/temBERTure.py", line 29, in __init__
    raise new_e
  File "/data/nfs/IC/baokun_yu/ConfuMPNN/code/tests/temberture_score.py", line 89, in <module>
  File "/home/baokun_yu/miniconda3/envs/confumpnn-temberture/lib/python3.10/site-packages/urllib3/connectionpool.py", line 842, in urlopen
    raise new_e
urllib3.exceptions.SSLError: [SSL: CERTIFICATE_VERIFY_FAILED] certificate verify failed: Hostname mismatch, certificate is not valid for 'huggingface.co'. (_ssl.c:1017)
    response = self._make_request(

The above exception was the direct cause of the following exception:

    resp = conn.urlopen(
urllib3.exceptions.SSLError: [SSL: CERTIFICATE_VERIFY_FAILED] certificate verify failed: Hostname mismatch, certificate is not valid for 'huggingface.co'. (_ssl.c:1017)
Traceback (most recent call last):

The above exception was the direct cause of the following exception:

  File "/home/baokun_yu/miniconda3/envs/confumpnn-temberture/lib/python3.10/site-packages/urllib3/connectionpool.py", line 842, in urlopen
  File "/home/baokun_yu/miniconda3/envs/confumpnn-temberture/lib/python3.10/site-packages/requests/adapters.py", line 696, in send
Traceback (most recent call last):
    raise new_e
  File "/home/baokun_yu/miniconda3/envs/confumpnn-temberture/lib/python3.10/site-packages/requests/adapters.py", line 696, in send
    self.model = BertAdapterModel.from_pretrained(model_name) 
    raise MaxRetryError(_pool, url, reason) from reason  # type: ignore[arg-type]
  File "/home/baokun_yu/miniconda3/envs/confumpnn-temberture/lib/python3.10/site-packages/urllib3/connectionpool.py", line 488, in _make_request
    resp = conn.urlopen(
    raise MaxRetryError(_pool, url, reason) from reason  # type: ignore[arg-type]
  File "/home/baokun_yu/miniconda3/envs/confumpnn-temberture/lib/python3.10/site-packages/transformers/modeling_utils.py", line 2600, in from_pretrained
    resp = conn.urlopen(
urllib3.exceptions.MaxRetryError: HTTPSConnectionPool(host='huggingface.co', port=443): Max retries exceeded with url: /Rostlab/prot_bert_bfd/resolve/main/config.json (Caused by SSLError(SSLCertVerificationError(1, "[SSL: CERTIFICATE_VERIFY_FAILED] certificate verify failed: Hostname mismatch, certificate is not valid for 'huggingface.co'. (_ssl.c:1017)")))
    main()
    resp = conn.urlopen(
    resp = conn.urlopen(
urllib3.exceptions.SSLError: [SSL: CERTIFICATE_VERIFY_FAILED] certificate verify failed: Hostname mismatch, certificate is not valid for 'huggingface.co'. (_ssl.c:1017)
    resp = conn.urlopen(
urllib3.exceptions.MaxRetryError: HTTPSConnectionPool(host='huggingface.co', port=443): Max retries exceeded with url: /Rostlab/prot_bert_bfd/resolve/main/config.json (Caused by SSLError(SSLCertVerificationError(1, "[SSL: CERTIFICATE_VERIFY_FAILED] certificate verify failed: Hostname mismatch, certificate is not valid for 'huggingface.co'. (_ssl.c:1017)")))

During handling of the above exception, another exception occurred:

  File "/home/baokun_yu/miniconda3/envs/confumpnn-temberture/lib/python3.10/site-packages/urllib3/connectionpool.py", line 842, in urlopen
  File "/home/baokun_yu/miniconda3/envs/confumpnn-temberture/lib/python3.10/site-packages/urllib3/connectionpool.py", line 842, in urlopen
  File "/data/nfs/IC/baokun_yu/ConfuMPNN/code/tests/temberture_score.py", line 63, in main
    retries = retries.increment(
  File "/home/baokun_yu/miniconda3/envs/confumpnn-temberture/lib/python3.10/site-packages/urllib3/connectionpool.py", line 842, in urlopen
    retries = retries.increment(

The above exception was the direct cause of the following exception:


During handling of the above exception, another exception occurred:

  File "/home/baokun_yu/miniconda3/envs/confumpnn-temberture/lib/python3.10/site-packages/urllib3/connectionpool.py", line 842, in urlopen
  File "/home/baokun_yu/miniconda3/envs/confumpnn-temberture/lib/python3.10/site-packages/urllib3/connectionpool.py", line 842, in urlopen
Traceback (most recent call last):
  File "/home/baokun_yu/miniconda3/envs/confumpnn-temberture/lib/python3.10/site-packages/urllib3/util/retry.py", line 543, in increment
  File "/home/baokun_yu/miniconda3/envs/confumpnn-temberture/lib/python3.10/site-packages/urllib3/util/retry.py", line 543, in increment
Traceback (most recent call last):
Traceback (most recent call last):
  File "/data/nfs/IC/baokun_yu/ConfuMPNN/code/tests/temberture_score.py", line 89, in <module>
    retries = retries.increment(
    resp = conn.urlopen(
  File "/data/nfs/IC/baokun_yu/ConfuMPNN/code/tests/temberture_score.py", line 89, in <module>
  File "/home/baokun_yu/miniconda3/envs/confumpnn-temberture/lib/python3.10/site-packages/urllib3/util/retry.py", line 543, in increment
  File "/home/baokun_yu/miniconda3/envs/confumpnn-temberture/lib/python3.10/site-packages/urllib3/connectionpool.py", line 842, in urlopen
  File "/home/baokun_yu/miniconda3/envs/confumpnn-temberture/lib/python3.10/site-packages/requests/adapters.py", line 696, in send
    m = TemBERTure(adapter_path=f"{TM}/{r}/", device="cpu",
  File "/data/nfs/IC/baokun_yu/ConfuMPNN/TemBERTure/temBERTure/temBERTure.py", line 29, in __init__
    self.model = BertAdapterModel.from_pretrained(model_name) 
    raise MaxRetryError(_pool, url, reason) from reason  # type: ignore[arg-type]
  File "/home/baokun_yu/miniconda3/envs/confumpnn-temberture/lib/python3.10/site-packages/transformers/modeling_utils.py", line 2600, in from_pretrained
    retries = retries.increment(
urllib3.exceptions.MaxRetryError: HTTPSConnectionPool(host='huggingface.co', port=443): Max retries exceeded with url: /Rostlab/prot_bert_bfd/resolve/main/config.json (Caused by SSLError(SSLCertVerificationError(1, "[SSL: CERTIFICATE_VERIFY_FAILED] certificate verify failed: Hostname mismatch, certificate is not valid for 'huggingface.co'. (_ssl.c:1017)")))
    raise MaxRetryError(_pool, url, reason) from reason  # type: ignore[arg-type]
    retries = retries.increment(
  File "/home/baokun_yu/miniconda3/envs/confumpnn-temberture/lib/python3.10/site-packages/urllib3/util/retry.py", line 543, in increment

During handling of the above exception, another exception occurred:

    retries = retries.increment(
    main()
    raise MaxRetryError(_pool, url, reason) from reason  # type: ignore[arg-type]
  File "/home/baokun_yu/miniconda3/envs/confumpnn-temberture/lib/python3.10/site-packages/urllib3/util/retry.py", line 543, in increment
    main()
urllib3.exceptions.MaxRetryError: HTTPSConnectionPool(host='huggingface.co', port=443): Max retries exceeded with url: /Rostlab/prot_bert_bfd/resolve/main/config.json (Caused by SSLError(SSLCertVerificationError(1, "[SSL: CERTIFICATE_VERIFY_FAILED] certificate verify failed: Hostname mismatch, certificate is not valid for 'huggingface.co'. (_ssl.c:1017)")))
Traceback (most recent call last):
    resp = conn.urlopen(
  File "/home/baokun_yu/miniconda3/envs/confumpnn-temberture/lib/python3.10/site-packages/urllib3/util/retry.py", line 543, in increment
  File "/data/nfs/IC/baokun_yu/ConfuMPNN/code/tests/temberture_score.py", line 63, in main
  File "/data/nfs/IC/baokun_yu/ConfuMPNN/code/tests/temberture_score.py", line 63, in main

During handling of the above exception, another exception occurred:

urllib3.exceptions.MaxRetryError: HTTPSConnectionPool(host='huggingface.co', port=443): Max retries exceeded with url: /Rostlab/prot_bert_bfd/resolve/main/config.json (Caused by SSLError(SSLCertVerificationError(1, "[SSL: CERTIFICATE_VERIFY_FAILED] certificate verify failed: Hostname mismatch, certificate is not valid for 'huggingface.co'. (_ssl.c:1017)")))
  File "/data/nfs/IC/baokun_yu/ConfuMPNN/code/tests/temberture_score.py", line 89, in <module>
  File "/home/baokun_yu/miniconda3/envs/confumpnn-temberture/lib/python3.10/site-packages/urllib3/connectionpool.py", line 842, in urlopen
Traceback (most recent call last):

During handling of the above exception, another exception occurred:

Traceback (most recent call last):
  File "/data/nfs/IC/baokun_yu/ConfuMPNN/code/tests/temberture_score.py", line 89, in <module>
  File "/data/nfs/IC/baokun_yu/ConfuMPNN/code/tests/temberture_score.py", line 89, in <module>
    retries = retries.increment(
  File "/home/baokun_yu/miniconda3/envs/confumpnn-temberture/lib/python3.10/site-packages/urllib3/util/retry.py", line 543, in increment
    retries = retries.increment(
  File "/home/baokun_yu/miniconda3/envs/confumpnn-temberture/lib/python3.10/site-packages/urllib3/util/retry.py", line 543, in increment
    m = TemBERTure(adapter_path=f"{TM}/{r}/", device="cpu",
    m = TemBERTure(adapter_path=f"{TM}/{r}/", device="cpu",
  File "/data/nfs/IC/baokun_yu/ConfuMPNN/TemBERTure/temBERTure/temBERTure.py", line 29, in __init__
  File "/data/nfs/IC/baokun_yu/ConfuMPNN/TemBERTure/temBERTure/temBERTure.py", line 29, in __init__
    raise MaxRetryError(_pool, url, reason) from reason  # type: ignore[arg-type]
    raise MaxRetryError(_pool, url, reason) from reason  # type: ignore[arg-type]
    raise new_e
urllib3.exceptions.MaxRetryError: HTTPSConnectionPool(host='huggingface.co', port=443): Max retries exceeded with url: /Rostlab/prot_bert_bfd/resolve/main/config.json (Caused by SSLError(SSLCertVerificationError(1, "[SSL: CERTIFICATE_VERIFY_FAILED] certificate verify failed: Hostname mismatch, certificate is not valid for 'huggingface.co'. (_ssl.c:1017)")))
urllib3.exceptions.MaxRetryError: HTTPSConnectionPool(host='huggingface.co', port=443): Max retries exceeded with url: /Rostlab/prot_bert_bfd/resolve/main/config.json (Caused by SSLError(SSLCertVerificationError(1, "[SSL: CERTIFICATE_VERIFY_FAILED] certificate verify failed: Hostname mismatch, certificate is not valid for 'huggingface.co'. (_ssl.c:1017)")))
    raise MaxRetryError(_pool, url, reason) from reason  # type: ignore[arg-type]

During handling of the above exception, another exception occurred:


During handling of the above exception, another exception occurred:

Traceback (most recent call last):
Traceback (most recent call last):
urllib3.exceptions.MaxRetryError: HTTPSConnectionPool(host='huggingface.co', port=443): Max retries exceeded with url: /Rostlab/prot_bert_bfd/resolve/main/config.json (Caused by SSLError(SSLCertVerificationError(1, "[SSL: CERTIFICATE_VERIFY_FAILED] certificate verify failed: Hostname mismatch, certificate is not valid for 'huggingface.co'. (_ssl.c:1017)")))
urllib3.exceptions.SSLError: [SSL: CERTIFICATE_VERIFY_FAILED] certificate verify failed: Hostname mismatch, certificate is not valid for 'huggingface.co'. (_ssl.c:1017)

During handling of the above exception, another exception occurred:

  File "/data/nfs/IC/baokun_yu/ConfuMPNN/code/tests/temberture_score.py", line 89, in <module>
  File "/data/nfs/IC/baokun_yu/ConfuMPNN/code/tests/temberture_score.py", line 89, in <module>
Traceback (most recent call last):
    main()

The above exception was the direct cause of the following exception:

    self.model = BertAdapterModel.from_pretrained(model_name) 
    self.model = BertAdapterModel.from_pretrained(model_name) 
    raise MaxRetryError(_pool, url, reason) from reason  # type: ignore[arg-type]
  File "/data/nfs/IC/baokun_yu/ConfuMPNN/code/tests/temberture_score.py", line 63, in main
  File "/data/nfs/IC/baokun_yu/ConfuMPNN/code/tests/temberture_score.py", line 89, in <module>
    main()
    main()
Traceback (most recent call last):
  File "/home/baokun_yu/miniconda3/envs/confumpnn-temberture/lib/python3.10/site-packages/transformers/modeling_utils.py", line 2600, in from_pretrained
  File "/home/baokun_yu/miniconda3/envs/confumpnn-temberture/lib/python3.10/site-packages/transformers/modeling_utils.py", line 2600, in from_pretrained
urllib3.exceptions.MaxRetryError: HTTPSConnectionPool(host='huggingface.co', port=443): Max retries exceeded with url: /Rostlab/prot_bert_bfd/resolve/main/config.json (Caused by SSLError(SSLCertVerificationError(1, "[SSL: CERTIFICATE_VERIFY_FAILED] certificate verify failed: Hostname mismatch, certificate is not valid for 'huggingface.co'. (_ssl.c:1017)")))
  File "/data/nfs/IC/baokun_yu/ConfuMPNN/code/tests/temberture_score.py", line 63, in main

During handling of the above exception, another exception occurred:

  File "/data/nfs/IC/baokun_yu/ConfuMPNN/code/tests/temberture_score.py", line 63, in main
    raise MaxRetryError(_pool, url, reason) from reason  # type: ignore[arg-type]
  File "/home/baokun_yu/miniconda3/envs/confumpnn-temberture/lib/python3.10/site-packages/requests/adapters.py", line 696, in send
Traceback (most recent call last):
urllib3.exceptions.MaxRetryError: HTTPSConnectionPool(host='huggingface.co', port=443): Max retries exceeded with url: /Rostlab/prot_bert_bfd/resolve/main/config.json (Caused by SSLError(SSLCertVerificationError(1, "[SSL: CERTIFICATE_VERIFY_FAILED] certificate verify failed: Hostname mismatch, certificate is not valid for 'huggingface.co'. (_ssl.c:1017)")))
  File "/data/nfs/IC/baokun_yu/ConfuMPNN/code/tests/temberture_score.py", line 89, in <module>

During handling of the above exception, another exception occurred:

Traceback (most recent call last):
  File "/data/nfs/IC/baokun_yu/ConfuMPNN/code/tests/temberture_score.py", line 89, in <module>
    m = TemBERTure(adapter_path=f"{TM}/{r}/", device="cpu",
  File "/data/nfs/IC/baokun_yu/ConfuMPNN/TemBERTure/temBERTure/temBERTure.py", line 29, in __init__
    retries = retries.increment(
    m = TemBERTure(adapter_path=f"{TM}/{r}/", device="cpu",
    m = TemBERTure(adapter_path=f"{TM}/{r}/", device="cpu",
    main()
    main()
  File "/data/nfs/IC/baokun_yu/ConfuMPNN/TemBERTure/temBERTure/temBERTure.py", line 29, in __init__
  File "/home/baokun_yu/miniconda3/envs/confumpnn-temberture/lib/python3.10/site-packages/urllib3/util/retry.py", line 543, in increment
  File "/data/nfs/IC/baokun_yu/ConfuMPNN/TemBERTure/temBERTure/temBERTure.py", line 29, in __init__
  File "/data/nfs/IC/baokun_yu/ConfuMPNN/code/tests/temberture_score.py", line 63, in main
  File "/data/nfs/IC/baokun_yu/ConfuMPNN/code/tests/temberture_score.py", line 63, in main
    resolved_config_file = cached_file(
    main()
  File "/home/baokun_yu/miniconda3/envs/confumpnn-temberture/lib/python3.10/site-packages/transformers/utils/hub.py", line 430, in cached_file
  File "/data/nfs/IC/baokun_yu/ConfuMPNN/code/tests/temberture_score.py", line 63, in main
    retries = retries.increment(
    self.model = BertAdapterModel.from_pretrained(model_name) 
  File "/home/baokun_yu/miniconda3/envs/confumpnn-temberture/lib/python3.10/site-packages/urllib3/util/retry.py", line 543, in increment
  File "/home/baokun_yu/miniconda3/envs/confumpnn-temberture/lib/python3.10/site-packages/transformers/modeling_utils.py", line 2600, in from_pretrained
    main()
  File "/data/nfs/IC/baokun_yu/ConfuMPNN/code/tests/temberture_score.py", line 63, in main
    self.model = BertAdapterModel.from_pretrained(model_name) 
    main()
  File "/home/baokun_yu/miniconda3/envs/confumpnn-temberture/lib/python3.10/site-packages/transformers/modeling_utils.py", line 2600, in from_pretrained
  File "/data/nfs/IC/baokun_yu/ConfuMPNN/code/tests/temberture_score.py", line 63, in main
    resp = conn.urlopen(
    self.model = BertAdapterModel.from_pretrained(model_name) 
    m = TemBERTure(adapter_path=f"{TM}/{r}/", device="cpu",
  File "/home/baokun_yu/miniconda3/envs/confumpnn-temberture/lib/python3.10/site-packages/transformers/modeling_utils.py", line 2600, in from_pretrained
  File "/data/nfs/IC/baokun_yu/ConfuMPNN/TemBERTure/temBERTure/temBERTure.py", line 29, in __init__
    m = TemBERTure(adapter_path=f"{TM}/{r}/", device="cpu",
    m = TemBERTure(adapter_path=f"{TM}/{r}/", device="cpu",
  File "/home/baokun_yu/miniconda3/envs/confumpnn-temberture/lib/python3.10/site-packages/urllib3/connectionpool.py", line 842, in urlopen
  File "/data/nfs/IC/baokun_yu/ConfuMPNN/TemBERTure/temBERTure/temBERTure.py", line 29, in __init__
  File "/data/nfs/IC/baokun_yu/ConfuMPNN/TemBERTure/temBERTure/temBERTure.py", line 29, in __init__
    resolved_file = hf_hub_download(
    m = TemBERTure(adapter_path=f"{TM}/{r}/", device="cpu",
    m = TemBERTure(adapter_path=f"{TM}/{r}/", device="cpu",
  File "/home/baokun_yu/miniconda3/envs/confumpnn-temberture/lib/python3.10/site-packages/huggingface_hub/utils/_validators.py", line 118, in _inner_fn
  File "/data/nfs/IC/baokun_yu/ConfuMPNN/TemBERTure/temBERTure/temBERTure.py", line 29, in __init__
  File "/data/nfs/IC/baokun_yu/ConfuMPNN/TemBERTure/temBERTure/temBERTure.py", line 29, in __init__
    self.model = BertAdapterModel.from_pretrained(model_name) 
  File "/home/baokun_yu/miniconda3/envs/confumpnn-temberture/lib/python3.10/site-packages/transformers/modeling_utils.py", line 2600, in from_pretrained
    self.model = BertAdapterModel.from_pretrained(model_name) 
  File "/home/baokun_yu/miniconda3/envs/confumpnn-temberture/lib/python3.10/site-packages/transformers/modeling_utils.py", line 2600, in from_pretrained
    self.model = BertAdapterModel.from_pretrained(model_name) 
    raise MaxRetryError(_pool, url, reason) from reason  # type: ignore[arg-type]
    resolved_config_file = cached_file(
  File "/home/baokun_yu/miniconda3/envs/confumpnn-temberture/lib/python3.10/site-packages/transformers/modeling_utils.py", line 2600, in from_pretrained
  File "/home/baokun_yu/miniconda3/envs/confumpnn-temberture/lib/python3.10/site-packages/transformers/utils/hub.py", line 430, in cached_file
    self.model = BertAdapterModel.from_pretrained(model_name) 
    return fn(*args, **kwargs)
urllib3.exceptions.MaxRetryError: HTTPSConnectionPool(host='huggingface.co', port=443): Max retries exceeded with url: /Rostlab/prot_bert_bfd/resolve/main/config.json (Caused by SSLError(SSLCertVerificationError(1, "[SSL: CERTIFICATE_VERIFY_FAILED] certificate verify failed: Hostname mismatch, certificate is not valid for 'huggingface.co'. (_ssl.c:1017)")))
  File "/home/baokun_yu/miniconda3/envs/confumpnn-temberture/lib/python3.10/site-packages/transformers/modeling_utils.py", line 2600, in from_pretrained
  File "/home/baokun_yu/miniconda3/envs/confumpnn-temberture/lib/python3.10/site-packages/huggingface_hub/file_download.py", line 1238, in hf_hub_download

During handling of the above exception, another exception occurred:

    self.model = BertAdapterModel.from_pretrained(model_name) 
Traceback (most recent call last):
  File "/home/baokun_yu/miniconda3/envs/confumpnn-temberture/lib/python3.10/site-packages/transformers/modeling_utils.py", line 2600, in from_pretrained
  File "/data/nfs/IC/baokun_yu/ConfuMPNN/code/tests/temberture_score.py", line 89, in <module>
    resp = conn.urlopen(
  File "/home/baokun_yu/miniconda3/envs/confumpnn-temberture/lib/python3.10/site-packages/urllib3/connectionpool.py", line 842, in urlopen
    raise MaxRetryError(_pool, url, reason) from reason  # type: ignore[arg-type]
    resolved_file = hf_hub_download(
urllib3.exceptions.MaxRetryError: HTTPSConnectionPool(host='huggingface.co', port=443): Max retries exceeded with url: /Rostlab/prot_bert_bfd/resolve/main/config.json (Caused by SSLError(SSLCertVerificationError(1, "[SSL: CERTIFICATE_VERIFY_FAILED] certificate verify failed: Hostname mismatch, certificate is not valid for 'huggingface.co'. (_ssl.c:1017)")))
  File "/home/baokun_yu/miniconda3/envs/confumpnn-temberture/lib/python3.10/site-packages/huggingface_hub/utils/_validators.py", line 118, in _inner_fn

During handling of the above exception, another exception occurred:

Traceback (most recent call last):
  File "/data/nfs/IC/baokun_yu/ConfuMPNN/code/tests/temberture_score.py", line 89, in <module>
    return fn(*args, **kwargs)
  File "/home/baokun_yu/miniconda3/envs/confumpnn-temberture/lib/python3.10/site-packages/huggingface_hub/file_download.py", line 1238, in hf_hub_download
    resolved_config_file = cached_file(
  File "/home/baokun_yu/miniconda3/envs/confumpnn-temberture/lib/python3.10/site-packages/transformers/utils/hub.py", line 430, in cached_file
    main()
  File "/data/nfs/IC/baokun_yu/ConfuMPNN/code/tests/temberture_score.py", line 63, in main
    retries = retries.increment(
  File "/home/baokun_yu/miniconda3/envs/confumpnn-temberture/lib/python3.10/site-packages/urllib3/util/retry.py", line 543, in increment
    resolved_config_file = cached_file(
    resolved_file = hf_hub_download(
  File "/home/baokun_yu/miniconda3/envs/confumpnn-temberture/lib/python3.10/site-packages/transformers/utils/hub.py", line 430, in cached_file
  File "/home/baokun_yu/miniconda3/envs/confumpnn-temberture/lib/python3.10/site-packages/huggingface_hub/utils/_validators.py", line 118, in _inner_fn
    resolved_config_file = cached_file(
  File "/home/baokun_yu/miniconda3/envs/confumpnn-temberture/lib/python3.10/site-packages/transformers/utils/hub.py", line 430, in cached_file
    metadata = get_hf_file_metadata(
  File "/home/baokun_yu/miniconda3/envs/confumpnn-temberture/lib/python3.10/site-packages/huggingface_hub/utils/_validators.py", line 118, in _inner_fn
    retries = retries.increment(
    resolved_config_file = cached_file(
    m = TemBERTure(adapter_path=f"{TM}/{r}/", device="cpu",
  File "/home/baokun_yu/miniconda3/envs/confumpnn-temberture/lib/python3.10/site-packages/urllib3/util/retry.py", line 543, in increment
  File "/home/baokun_yu/miniconda3/envs/confumpnn-temberture/lib/python3.10/site-packages/transformers/utils/hub.py", line 430, in cached_file
    return fn(*args, **kwargs)
  File "/data/nfs/IC/baokun_yu/ConfuMPNN/TemBERTure/temBERTure/temBERTure.py", line 29, in __init__
  File "/home/baokun_yu/miniconda3/envs/confumpnn-temberture/lib/python3.10/site-packages/huggingface_hub/file_download.py", line 1238, in hf_hub_download
    return fn(*args, **kwargs)
  File "/home/baokun_yu/miniconda3/envs/confumpnn-temberture/lib/python3.10/site-packages/huggingface_hub/file_download.py", line 1631, in get_hf_file_metadata
    resolved_file = hf_hub_download(
  File "/home/baokun_yu/miniconda3/envs/confumpnn-temberture/lib/python3.10/site-packages/huggingface_hub/utils/_validators.py", line 118, in _inner_fn
    resolved_file = hf_hub_download(
    return fn(*args, **kwargs)
    resolved_config_file = cached_file(
  File "/home/baokun_yu/miniconda3/envs/confumpnn-temberture/lib/python3.10/site-packages/huggingface_hub/utils/_validators.py", line 118, in _inner_fn
    resolved_config_file = cached_file(
    main()
  File "/home/baokun_yu/miniconda3/envs/confumpnn-temberture/lib/python3.10/site-packages/huggingface_hub/file_download.py", line 1238, in hf_hub_download
  File "/home/baokun_yu/miniconda3/envs/confumpnn-temberture/lib/python3.10/site-packages/transformers/utils/hub.py", line 430, in cached_file
  File "/home/baokun_yu/miniconda3/envs/confumpnn-temberture/lib/python3.10/site-packages/transformers/utils/hub.py", line 430, in cached_file
    resolved_config_file = cached_file(
    self.model = BertAdapterModel.from_pretrained(model_name) 
  File "/data/nfs/IC/baokun_yu/ConfuMPNN/code/tests/temberture_score.py", line 63, in main
  File "/home/baokun_yu/miniconda3/envs/confumpnn-temberture/lib/python3.10/site-packages/transformers/utils/hub.py", line 430, in cached_file
  File "/home/baokun_yu/miniconda3/envs/confumpnn-temberture/lib/python3.10/site-packages/transformers/modeling_utils.py", line 2600, in from_pretrained
    resolved_file = hf_hub_download(
    metadata = get_hf_file_metadata(
  File "/home/baokun_yu/miniconda3/envs/confumpnn-temberture/lib/python3.10/site-packages/huggingface_hub/utils/_validators.py", line 118, in _inner_fn
  File "/home/baokun_yu/miniconda3/envs/confumpnn-temberture/lib/python3.10/site-packages/huggingface_hub/utils/_validators.py", line 118, in _inner_fn
    return fn(*args, **kwargs)
  File "/home/baokun_yu/miniconda3/envs/confumpnn-temberture/lib/python3.10/site-packages/huggingface_hub/file_download.py", line 1238, in hf_hub_download
    resolved_config_file = cached_file(
  File "/home/baokun_yu/miniconda3/envs/confumpnn-temberture/lib/python3.10/site-packages/transformers/utils/hub.py", line 430, in cached_file
    return fn(*args, **kwargs)
    return fn(*args, **kwargs)
  File "/home/baokun_yu/miniconda3/envs/confumpnn-temberture/lib/python3.10/site-packages/huggingface_hub/file_download.py", line 1238, in hf_hub_download
    raise MaxRetryError(_pool, url, reason) from reason  # type: ignore[arg-type]
  File "/home/baokun_yu/miniconda3/envs/confumpnn-temberture/lib/python3.10/site-packages/huggingface_hub/file_download.py", line 1631, in get_hf_file_metadata
    resolved_config_file = cached_file(
    resolved_file = hf_hub_download(
  File "/home/baokun_yu/miniconda3/envs/confumpnn-temberture/lib/python3.10/site-packages/transformers/utils/hub.py", line 430, in cached_file
  File "/home/baokun_yu/miniconda3/envs/confumpnn-temberture/lib/python3.10/site-packages/huggingface_hub/utils/_validators.py", line 118, in _inner_fn
urllib3.exceptions.MaxRetryError: HTTPSConnectionPool(host='huggingface.co', port=443): Max retries exceeded with url: /Rostlab/prot_bert_bfd/resolve/main/config.json (Caused by SSLError(SSLCertVerificationError(1, "[SSL: CERTIFICATE_VERIFY_FAILED] certificate verify failed: Hostname mismatch, certificate is not valid for 'huggingface.co'. (_ssl.c:1017)")))
    resolved_file = hf_hub_download(
    resolved_file = hf_hub_download(
  File "/home/baokun_yu/miniconda3/envs/confumpnn-temberture/lib/python3.10/site-packages/huggingface_hub/utils/_validators.py", line 118, in _inner_fn
    raise MaxRetryError(_pool, url, reason) from reason  # type: ignore[arg-type]

During handling of the above exception, another exception occurred:

  File "/home/baokun_yu/miniconda3/envs/confumpnn-temberture/lib/python3.10/site-packages/huggingface_hub/utils/_validators.py", line 118, in _inner_fn
    return fn(*args, **kwargs)
Traceback (most recent call last):
urllib3.exceptions.MaxRetryError: HTTPSConnectionPool(host='huggingface.co', port=443): Max retries exceeded with url: /Rostlab/prot_bert_bfd/resolve/main/config.json (Caused by SSLError(SSLCertVerificationError(1, "[SSL: CERTIFICATE_VERIFY_FAILED] certificate verify failed: Hostname mismatch, certificate is not valid for 'huggingface.co'. (_ssl.c:1017)")))
  File "/home/baokun_yu/miniconda3/envs/confumpnn-temberture/lib/python3.10/site-packages/huggingface_hub/file_download.py", line 1238, in hf_hub_download
    resolved_file = hf_hub_download(

During handling of the above exception, another exception occurred:

  File "/data/nfs/IC/baokun_yu/ConfuMPNN/code/tests/temberture_score.py", line 89, in <module>
  File "/home/baokun_yu/miniconda3/envs/confumpnn-temberture/lib/python3.10/site-packages/huggingface_hub/utils/_validators.py", line 118, in _inner_fn
Traceback (most recent call last):
    return fn(*args, **kwargs)
    m = TemBERTure(adapter_path=f"{TM}/{r}/", device="cpu",
  File "/data/nfs/IC/baokun_yu/ConfuMPNN/code/tests/temberture_score.py", line 89, in <module>
  File "/home/baokun_yu/miniconda3/envs/confumpnn-temberture/lib/python3.10/site-packages/huggingface_hub/file_download.py", line 1238, in hf_hub_download
    return fn(*args, **kwargs)
  File "/data/nfs/IC/baokun_yu/ConfuMPNN/TemBERTure/temBERTure/temBERTure.py", line 29, in __init__
    resolved_file = hf_hub_download(
  File "/home/baokun_yu/miniconda3/envs/confumpnn-temberture/lib/python3.10/site-packages/huggingface_hub/file_download.py", line 1238, in hf_hub_download
    metadata = get_hf_file_metadata(
  File "/home/baokun_yu/miniconda3/envs/confumpnn-temberture/lib/python3.10/site-packages/huggingface_hub/utils/_validators.py", line 118, in _inner_fn
  File "/home/baokun_yu/miniconda3/envs/confumpnn-temberture/lib/python3.10/site-packages/huggingface_hub/utils/_validators.py", line 118, in _inner_fn
    return fn(*args, **kwargs)
  File "/home/baokun_yu/miniconda3/envs/confumpnn-temberture/lib/python3.10/site-packages/huggingface_hub/file_download.py", line 1238, in hf_hub_download
    return fn(*args, **kwargs)
  File "/home/baokun_yu/miniconda3/envs/confumpnn-temberture/lib/python3.10/site-packages/huggingface_hub/file_download.py", line 1631, in get_hf_file_metadata
    return fn(*args, **kwargs)
  File "/home/baokun_yu/miniconda3/envs/confumpnn-temberture/lib/python3.10/site-packages/huggingface_hub/file_download.py", line 1238, in hf_hub_download
    r = _request_wrapper(
  File "/home/baokun_yu/miniconda3/envs/confumpnn-temberture/lib/python3.10/site-packages/huggingface_hub/file_download.py", line 385, in _request_wrapper
    metadata = get_hf_file_metadata(
  File "/home/baokun_yu/miniconda3/envs/confumpnn-temberture/lib/python3.10/site-packages/huggingface_hub/utils/_validators.py", line 118, in _inner_fn
    self.model = BertAdapterModel.from_pretrained(model_name) 
  File "/home/baokun_yu/miniconda3/envs/confumpnn-temberture/lib/python3.10/site-packages/transformers/modeling_utils.py", line 2600, in from_pretrained
    response = _request_wrapper(
  File "/home/baokun_yu/miniconda3/envs/confumpnn-temberture/lib/python3.10/site-packages/huggingface_hub/file_download.py", line 408, in _request_wrapper
    metadata = get_hf_file_metadata(
  File "/home/baokun_yu/miniconda3/envs/confumpnn-temberture/lib/python3.10/site-packages/huggingface_hub/utils/_validators.py", line 118, in _inner_fn
    return fn(*args, **kwargs)
  File "/home/baokun_yu/miniconda3/envs/confumpnn-temberture/lib/python3.10/site-packages/huggingface_hub/file_download.py", line 1631, in get_hf_file_metadata
    r = _request_wrapper(
    return fn(*args, **kwargs)
  File "/home/baokun_yu/miniconda3/envs/confumpnn-temberture/lib/python3.10/site-packages/huggingface_hub/file_download.py", line 385, in _request_wrapper
    metadata = get_hf_file_metadata(
  File "/home/baokun_yu/miniconda3/envs/confumpnn-temberture/lib/python3.10/site-packages/huggingface_hub/file_download.py", line 1631, in get_hf_file_metadata
  File "/home/baokun_yu/miniconda3/envs/confumpnn-temberture/lib/python3.10/site-packages/huggingface_hub/utils/_validators.py", line 118, in _inner_fn
    response = get_session().request(method=method, url=url, **params)
  File "/home/baokun_yu/miniconda3/envs/confumpnn-temberture/lib/python3.10/site-packages/requests/sessions.py", line 651, in request
    main()
    r = _request_wrapper(
  File "/data/nfs/IC/baokun_yu/ConfuMPNN/code/tests/temberture_score.py", line 63, in main
  File "/home/baokun_yu/miniconda3/envs/confumpnn-temberture/lib/python3.10/site-packages/huggingface_hub/file_download.py", line 385, in _request_wrapper
    return fn(*args, **kwargs)
  File "/home/baokun_yu/miniconda3/envs/confumpnn-temberture/lib/python3.10/site-packages/huggingface_hub/file_download.py", line 1631, in get_hf_file_metadata
    metadata = get_hf_file_metadata(
    main()
    metadata = get_hf_file_metadata(
  File "/home/baokun_yu/miniconda3/envs/confumpnn-temberture/lib/python3.10/site-packages/huggingface_hub/utils/_validators.py", line 118, in _inner_fn
  File "/home/baokun_yu/miniconda3/envs/confumpnn-temberture/lib/python3.10/site-packages/huggingface_hub/utils/_validators.py", line 118, in _inner_fn
  File "/data/nfs/IC/baokun_yu/ConfuMPNN/code/tests/temberture_score.py", line 63, in main
    metadata = get_hf_file_metadata(
  File "/home/baokun_yu/miniconda3/envs/confumpnn-temberture/lib/python3.10/site-packages/huggingface_hub/utils/_validators.py", line 118, in _inner_fn
    response = _request_wrapper(
  File "/home/baokun_yu/miniconda3/envs/confumpnn-temberture/lib/python3.10/site-packages/huggingface_hub/file_download.py", line 408, in _request_wrapper
    response = _request_wrapper(
  File "/home/baokun_yu/miniconda3/envs/confumpnn-temberture/lib/python3.10/site-packages/huggingface_hub/file_download.py", line 408, in _request_wrapper
    return fn(*args, **kwargs)
    return fn(*args, **kwargs)
    metadata = get_hf_file_metadata(
  File "/home/baokun_yu/miniconda3/envs/confumpnn-temberture/lib/python3.10/site-packages/huggingface_hub/file_download.py", line 1631, in get_hf_file_metadata
  File "/home/baokun_yu/miniconda3/envs/confumpnn-temberture/lib/python3.10/site-packages/huggingface_hub/file_download.py", line 1631, in get_hf_file_metadata
  File "/home/baokun_yu/miniconda3/envs/confumpnn-temberture/lib/python3.10/site-packages/huggingface_hub/utils/_validators.py", line 118, in _inner_fn
    return fn(*args, **kwargs)
  File "/home/baokun_yu/miniconda3/envs/confumpnn-temberture/lib/python3.10/site-packages/huggingface_hub/file_download.py", line 1631, in get_hf_file_metadata
    resp = self.send(prep, **send_kwargs)
    response = get_session().request(method=method, url=url, **params)
  File "/home/baokun_yu/miniconda3/envs/confumpnn-temberture/lib/python3.10/site-packages/requests/sessions.py", line 784, in send
  File "/home/baokun_yu/miniconda3/envs/confumpnn-temberture/lib/python3.10/site-packages/requests/sessions.py", line 651, in request
    metadata = get_hf_file_metadata(
    return fn(*args, **kwargs)
    response = get_session().request(method=method, url=url, **params)
  File "/home/baokun_yu/miniconda3/envs/confumpnn-temberture/lib/python3.10/site-packages/huggingface_hub/file_download.py", line 1631, in get_hf_file_metadata
  File "/home/baokun_yu/miniconda3/envs/confumpnn-temberture/lib/python3.10/site-packages/requests/sessions.py", line 651, in request
    m = TemBERTure(adapter_path=f"{TM}/{r}/", device="cpu",
  File "/home/baokun_yu/miniconda3/envs/confumpnn-temberture/lib/python3.10/site-packages/huggingface_hub/utils/_validators.py", line 118, in _inner_fn
  File "/data/nfs/IC/baokun_yu/ConfuMPNN/TemBERTure/temBERTure/temBERTure.py", line 29, in __init__
    resolved_config_file = cached_file(
  File "/home/baokun_yu/miniconda3/envs/confumpnn-temberture/lib/python3.10/site-packages/transformers/utils/hub.py", line 430, in cached_file
    resp = self.send(prep, **send_kwargs)
  File "/home/baokun_yu/miniconda3/envs/confumpnn-temberture/lib/python3.10/site-packages/requests/sessions.py", line 784, in send
    m = TemBERTure(adapter_path=f"{TM}/{r}/", device="cpu",
  File "/data/nfs/IC/baokun_yu/ConfuMPNN/TemBERTure/temBERTure/temBERTure.py", line 29, in __init__
    r = _request_wrapper(
  File "/home/baokun_yu/miniconda3/envs/confumpnn-temberture/lib/python3.10/site-packages/huggingface_hub/file_download.py", line 385, in _request_wrapper
    r = adapter.send(request, **kwargs)
  File "/home/baokun_yu/miniconda3/envs/confumpnn-temberture/lib/python3.10/site-packages/huggingface_hub/utils/_http.py", line 67, in send
    r = _request_wrapper(
    resp = self.send(prep, **send_kwargs)
  File "/home/baokun_yu/miniconda3/envs/confumpnn-temberture/lib/python3.10/site-packages/huggingface_hub/file_download.py", line 385, in _request_wrapper
  File "/home/baokun_yu/miniconda3/envs/confumpnn-temberture/lib/python3.10/site-packages/requests/sessions.py", line 784, in send
    r = adapter.send(request, **kwargs)
  File "/home/baokun_yu/miniconda3/envs/confumpnn-temberture/lib/python3.10/site-packages/huggingface_hub/utils/_http.py", line 67, in send
    self.model = BertAdapterModel.from_pretrained(model_name) 
    return super().send(request, *args, **kwargs)
    r = _request_wrapper(
  File "/home/baokun_yu/miniconda3/envs/confumpnn-temberture/lib/python3.10/site-packages/requests/adapters.py", line 727, in send
  File "/home/baokun_yu/miniconda3/envs/confumpnn-temberture/lib/python3.10/site-packages/transformers/modeling_utils.py", line 2600, in from_pretrained
  File "/home/baokun_yu/miniconda3/envs/confumpnn-temberture/lib/python3.10/site-packages/huggingface_hub/file_download.py", line 385, in _request_wrapper
    response = _request_wrapper(
    return super().send(request, *args, **kwargs)
  File "/home/baokun_yu/miniconda3/envs/confumpnn-temberture/lib/python3.10/site-packages/huggingface_hub/file_download.py", line 408, in _request_wrapper
  File "/home/baokun_yu/miniconda3/envs/confumpnn-temberture/lib/python3.10/site-packages/requests/adapters.py", line 727, in send
    resolved_file = hf_hub_download(
  File "/home/baokun_yu/miniconda3/envs/confumpnn-temberture/lib/python3.10/site-packages/huggingface_hub/utils/_validators.py", line 118, in _inner_fn
    response = _request_wrapper(
  File "/home/baokun_yu/miniconda3/envs/confumpnn-temberture/lib/python3.10/site-packages/huggingface_hub/file_download.py", line 408, in _request_wrapper
    return fn(*args, **kwargs)
    self.model = BertAdapterModel.from_pretrained(model_name) 
    response = _request_wrapper(
  File "/home/baokun_yu/miniconda3/envs/confumpnn-temberture/lib/python3.10/site-packages/huggingface_hub/file_download.py", line 1631, in get_hf_file_metadata
    r = _request_wrapper(
    response = get_session().request(method=method, url=url, **params)
  File "/home/baokun_yu/miniconda3/envs/confumpnn-temberture/lib/python3.10/site-packages/transformers/modeling_utils.py", line 2600, in from_pretrained
  File "/home/baokun_yu/miniconda3/envs/confumpnn-temberture/lib/python3.10/site-packages/huggingface_hub/file_download.py", line 408, in _request_wrapper
    r = _request_wrapper(
    return fn(*args, **kwargs)
    r = _request_wrapper(
  File "/home/baokun_yu/miniconda3/envs/confumpnn-temberture/lib/python3.10/site-packages/huggingface_hub/file_download.py", line 385, in _request_wrapper
  File "/home/baokun_yu/miniconda3/envs/confumpnn-temberture/lib/python3.10/site-packages/requests/sessions.py", line 651, in request
    raise SSLError(e, request=request)
  File "/home/baokun_yu/miniconda3/envs/confumpnn-temberture/lib/python3.10/site-packages/huggingface_hub/file_download.py", line 385, in _request_wrapper
  File "/home/baokun_yu/miniconda3/envs/confumpnn-temberture/lib/python3.10/site-packages/huggingface_hub/file_download.py", line 1238, in hf_hub_download
  File "/home/baokun_yu/miniconda3/envs/confumpnn-temberture/lib/python3.10/site-packages/huggingface_hub/file_download.py", line 385, in _request_wrapper
    r = adapter.send(request, **kwargs)
    response = get_session().request(method=method, url=url, **params)
  File "/home/baokun_yu/miniconda3/envs/confumpnn-temberture/lib/python3.10/site-packages/huggingface_hub/utils/_http.py", line 67, in send
  File "/home/baokun_yu/miniconda3/envs/confumpnn-temberture/lib/python3.10/site-packages/requests/sessions.py", line 651, in request
requests.exceptions.SSLError: (MaxRetryError('HTTPSConnectionPool(host=\'huggingface.co\', port=443): Max retries exceeded with url: /Rostlab/prot_bert_bfd/resolve/main/config.json (Caused by SSLError(SSLCertVerificationError(1, "[SSL: CERTIFICATE_VERIFY_FAILED] certificate verify failed: Hostname mismatch, certificate is not valid for \'huggingface.co\'. (_ssl.c:1017)")))'), '(Request ID: b7745064-790c-4d20-93ea-917585c444a8)')
    raise SSLError(e, request=request)
requests.exceptions.SSLError: (MaxRetryError('HTTPSConnectionPool(host=\'huggingface.co\', port=443): Max retries exceeded with url: /Rostlab/prot_bert_bfd/resolve/main/config.json (Caused by SSLError(SSLCertVerificationError(1, "[SSL: CERTIFICATE_VERIFY_FAILED] certificate verify failed: Hostname mismatch, certificate is not valid for \'huggingface.co\'. (_ssl.c:1017)")))'), '(Request ID: 6f39c4fc-5bd3-4310-bcb7-5abffc157d81)')
    r = _request_wrapper(
  File "/home/baokun_yu/miniconda3/envs/confumpnn-temberture/lib/python3.10/site-packages/huggingface_hub/file_download.py", line 385, in _request_wrapper
    response = get_session().request(method=method, url=url, **params)
    return super().send(request, *args, **kwargs)
  File "/home/baokun_yu/miniconda3/envs/confumpnn-temberture/lib/python3.10/site-packages/requests/sessions.py", line 651, in request
  File "/home/baokun_yu/miniconda3/envs/confumpnn-temberture/lib/python3.10/site-packages/requests/adapters.py", line 727, in send
    response = _request_wrapper(
  File "/home/baokun_yu/miniconda3/envs/confumpnn-temberture/lib/python3.10/site-packages/huggingface_hub/file_download.py", line 408, in _request_wrapper
    response = _request_wrapper(
    response = _request_wrapper(
  File "/home/baokun_yu/miniconda3/envs/confumpnn-temberture/lib/python3.10/site-packages/huggingface_hub/file_download.py", line 408, in _request_wrapper
  File "/home/baokun_yu/miniconda3/envs/confumpnn-temberture/lib/python3.10/site-packages/huggingface_hub/file_download.py", line 408, in _request_wrapper
    resp = self.send(prep, **send_kwargs)
    response = _request_wrapper(
  File "/home/baokun_yu/miniconda3/envs/confumpnn-temberture/lib/python3.10/site-packages/requests/sessions.py", line 784, in send
  File "/home/baokun_yu/miniconda3/envs/confumpnn-temberture/lib/python3.10/site-packages/huggingface_hub/file_download.py", line 408, in _request_wrapper
    resp = self.send(prep, **send_kwargs)
  File "/home/baokun_yu/miniconda3/envs/confumpnn-temberture/lib/python3.10/site-packages/requests/sessions.py", line 784, in send
    response = get_session().request(method=method, url=url, **params)
  File "/home/baokun_yu/miniconda3/envs/confumpnn-temberture/lib/python3.10/site-packages/requests/sessions.py", line 651, in request
    response = get_session().request(method=method, url=url, **params)
    response = get_session().request(method=method, url=url, **params)
    resp = self.send(prep, **send_kwargs)
  File "/home/baokun_yu/miniconda3/envs/confumpnn-temberture/lib/python3.10/site-packages/requests/sessions.py", line 651, in request
  File "/home/baokun_yu/miniconda3/envs/confumpnn-temberture/lib/python3.10/site-packages/requests/sessions.py", line 651, in request
  File "/home/baokun_yu/miniconda3/envs/confumpnn-temberture/lib/python3.10/site-packages/requests/sessions.py", line 784, in send
    raise SSLError(e, request=request)
    response = get_session().request(method=method, url=url, **params)
requests.exceptions.SSLError: (MaxRetryError('HTTPSConnectionPool(host=\'huggingface.co\', port=443): Max retries exceeded with url: /Rostlab/prot_bert_bfd/resolve/main/config.json (Caused by SSLError(SSLCertVerificationError(1, "[SSL: CERTIFICATE_VERIFY_FAILED] certificate verify failed: Hostname mismatch, certificate is not valid for \'huggingface.co\'. (_ssl.c:1017)")))'), '(Request ID: d555e87e-21af-4d4c-8f8d-401565ae440b)')
  File "/home/baokun_yu/miniconda3/envs/confumpnn-temberture/lib/python3.10/site-packages/requests/sessions.py", line 651, in request
    r = adapter.send(request, **kwargs)
    resp = self.send(prep, **send_kwargs)
    r = adapter.send(request, **kwargs)
  File "/home/baokun_yu/miniconda3/envs/confumpnn-temberture/lib/python3.10/site-packages/huggingface_hub/utils/_http.py", line 67, in send
  File "/home/baokun_yu/miniconda3/envs/confumpnn-temberture/lib/python3.10/site-packages/requests/sessions.py", line 784, in send
  File "/home/baokun_yu/miniconda3/envs/confumpnn-temberture/lib/python3.10/site-packages/huggingface_hub/utils/_http.py", line 67, in send
    resp = self.send(prep, **send_kwargs)
  File "/home/baokun_yu/miniconda3/envs/confumpnn-temberture/lib/python3.10/site-packages/requests/sessions.py", line 784, in send
    resp = self.send(prep, **send_kwargs)
    r = adapter.send(request, **kwargs)
  File "/home/baokun_yu/miniconda3/envs/confumpnn-temberture/lib/python3.10/site-packages/requests/sessions.py", line 784, in send
  File "/home/baokun_yu/miniconda3/envs/confumpnn-temberture/lib/python3.10/site-packages/huggingface_hub/utils/_http.py", line 67, in send
    return super().send(request, *args, **kwargs)
  File "/home/baokun_yu/miniconda3/envs/confumpnn-temberture/lib/python3.10/site-packages/requests/adapters.py", line 727, in send
    return super().send(request, *args, **kwargs)
  File "/home/baokun_yu/miniconda3/envs/confumpnn-temberture/lib/python3.10/site-packages/requests/adapters.py", line 727, in send
    resp = self.send(prep, **send_kwargs)
  File "/home/baokun_yu/miniconda3/envs/confumpnn-temberture/lib/python3.10/site-packages/requests/sessions.py", line 784, in send
    return super().send(request, *args, **kwargs)
    resolved_config_file = cached_file(
  File "/home/baokun_yu/miniconda3/envs/confumpnn-temberture/lib/python3.10/site-packages/requests/adapters.py", line 727, in send
  File "/home/baokun_yu/miniconda3/envs/confumpnn-temberture/lib/python3.10/site-packages/transformers/utils/hub.py", line 430, in cached_file
    r = adapter.send(request, **kwargs)
    raise SSLError(e, request=request)
    metadata = get_hf_file_metadata(
  File "/home/baokun_yu/miniconda3/envs/confumpnn-temberture/lib/python3.10/site-packages/huggingface_hub/utils/_http.py", line 67, in send
  File "/home/baokun_yu/miniconda3/envs/confumpnn-temberture/lib/python3.10/site-packages/huggingface_hub/utils/_validators.py", line 118, in _inner_fn
requests.exceptions.SSLError: (MaxRetryError('HTTPSConnectionPool(host=\'huggingface.co\', port=443): Max retries exceeded with url: /Rostlab/prot_bert_bfd/resolve/main/config.json (Caused by SSLError(SSLCertVerificationError(1, "[SSL: CERTIFICATE_VERIFY_FAILED] certificate verify failed: Hostname mismatch, certificate is not valid for \'huggingface.co\'. (_ssl.c:1017)")))'), '(Request ID: 34aa7a6d-af23-4343-949f-df8ff52c6e03)')
    r = adapter.send(request, **kwargs)
  File "/home/baokun_yu/miniconda3/envs/confumpnn-temberture/lib/python3.10/site-packages/huggingface_hub/utils/_http.py", line 67, in send
    r = adapter.send(request, **kwargs)
  File "/home/baokun_yu/miniconda3/envs/confumpnn-temberture/lib/python3.10/site-packages/huggingface_hub/utils/_http.py", line 67, in send
    raise SSLError(e, request=request)
    return super().send(request, *args, **kwargs)
  File "/home/baokun_yu/miniconda3/envs/confumpnn-temberture/lib/python3.10/site-packages/requests/adapters.py", line 727, in send
    raise SSLError(e, request=request)
requests.exceptions.SSLError: (MaxRetryError('HTTPSConnectionPool(host=\'huggingface.co\', port=443): Max retries exceeded with url: /Rostlab/prot_bert_bfd/resolve/main/config.json (Caused by SSLError(SSLCertVerificationError(1, "[SSL: CERTIFICATE_VERIFY_FAILED] certificate verify failed: Hostname mismatch, certificate is not valid for \'huggingface.co\'. (_ssl.c:1017)")))'), '(Request ID: a6d48e0f-97f5-4a19-916e-e9e2b3449ccf)')
    return super().send(request, *args, **kwargs)
    r = adapter.send(request, **kwargs)
  File "/home/baokun_yu/miniconda3/envs/confumpnn-temberture/lib/python3.10/site-packages/requests/adapters.py", line 727, in send
  File "/home/baokun_yu/miniconda3/envs/confumpnn-temberture/lib/python3.10/site-packages/huggingface_hub/utils/_http.py", line 67, in send
    return super().send(request, *args, **kwargs)
requests.exceptions.SSLError: (MaxRetryError('HTTPSConnectionPool(host=\'huggingface.co\', port=443): Max retries exceeded with url: /Rostlab/prot_bert_bfd/resolve/main/config.json (Caused by SSLError(SSLCertVerificationError(1, "[SSL: CERTIFICATE_VERIFY_FAILED] certificate verify failed: Hostname mismatch, certificate is not valid for \'huggingface.co\'. (_ssl.c:1017)")))'), '(Request ID: abbac770-2686-466e-8eec-3b35991cfd9d)')
  File "/home/baokun_yu/miniconda3/envs/confumpnn-temberture/lib/python3.10/site-packages/requests/adapters.py", line 727, in send
    return fn(*args, **kwargs)
  File "/home/baokun_yu/miniconda3/envs/confumpnn-temberture/lib/python3.10/site-packages/huggingface_hub/file_download.py", line 1631, in get_hf_file_metadata
    return super().send(request, *args, **kwargs)
  File "/home/baokun_yu/miniconda3/envs/confumpnn-temberture/lib/python3.10/site-packages/requests/adapters.py", line 727, in send
    resolved_file = hf_hub_download(
  File "/home/baokun_yu/miniconda3/envs/confumpnn-temberture/lib/python3.10/site-packages/huggingface_hub/utils/_validators.py", line 118, in _inner_fn
    raise SSLError(e, request=request)
    raise SSLError(e, request=request)
requests.exceptions.SSLError: (MaxRetryError('HTTPSConnectionPool(host=\'huggingface.co\', port=443): Max retries exceeded with url: /Rostlab/prot_bert_bfd/resolve/main/config.json (Caused by SSLError(SSLCertVerificationError(1, "[SSL: CERTIFICATE_VERIFY_FAILED] certificate verify failed: Hostname mismatch, certificate is not valid for \'huggingface.co\'. (_ssl.c:1017)")))'), '(Request ID: df876ddd-124f-4206-9b01-4d7ccf48b803)')
    raise SSLError(e, request=request)
requests.exceptions.SSLError: (MaxRetryError('HTTPSConnectionPool(host=\'huggingface.co\', port=443): Max retries exceeded with url: /Rostlab/prot_bert_bfd/resolve/main/config.json (Caused by SSLError(SSLCertVerificationError(1, "[SSL: CERTIFICATE_VERIFY_FAILED] certificate verify failed: Hostname mismatch, certificate is not valid for \'huggingface.co\'. (_ssl.c:1017)")))'), '(Request ID: bbe0b862-0448-4075-b797-40d2f0a4db50)')
requests.exceptions.SSLError: (MaxRetryError('HTTPSConnectionPool(host=\'huggingface.co\', port=443): Max retries exceeded with url: /Rostlab/prot_bert_bfd/resolve/main/config.json (Caused by SSLError(SSLCertVerificationError(1, "[SSL: CERTIFICATE_VERIFY_FAILED] certificate verify failed: Hostname mismatch, certificate is not valid for \'huggingface.co\'. (_ssl.c:1017)")))'), '(Request ID: d3cc29cf-a791-472d-8c65-5b6f412383bf)')
    raise SSLError(e, request=request)
    return fn(*args, **kwargs)
  File "/home/baokun_yu/miniconda3/envs/confumpnn-temberture/lib/python3.10/site-packages/huggingface_hub/file_download.py", line 1238, in hf_hub_download
requests.exceptions.SSLError: (MaxRetryError('HTTPSConnectionPool(host=\'huggingface.co\', port=443): Max retries exceeded with url: /Rostlab/prot_bert_bfd/resolve/main/config.json (Caused by SSLError(SSLCertVerificationError(1, "[SSL: CERTIFICATE_VERIFY_FAILED] certificate verify failed: Hostname mismatch, certificate is not valid for \'huggingface.co\'. (_ssl.c:1017)")))'), '(Request ID: f70bc22e-1bff-4291-bc25-91cc77f5f7d3)')
    r = _request_wrapper(
  File "/home/baokun_yu/miniconda3/envs/confumpnn-temberture/lib/python3.10/site-packages/huggingface_hub/file_download.py", line 385, in _request_wrapper
    resolved_config_file = cached_file(
  File "/home/baokun_yu/miniconda3/envs/confumpnn-temberture/lib/python3.10/site-packages/transformers/utils/hub.py", line 430, in cached_file
    response = _request_wrapper(
  File "/home/baokun_yu/miniconda3/envs/confumpnn-temberture/lib/python3.10/site-packages/huggingface_hub/file_download.py", line 408, in _request_wrapper
    r = _request_wrapper(
  File "/home/baokun_yu/miniconda3/envs/confumpnn-temberture/lib/python3.10/site-packages/huggingface_hub/file_download.py", line 385, in _request_wrapper
    resolved_config_file = cached_file(
    resolved_file = hf_hub_download(
  File "/home/baokun_yu/miniconda3/envs/confumpnn-temberture/lib/python3.10/site-packages/transformers/utils/hub.py", line 430, in cached_file
  File "/home/baokun_yu/miniconda3/envs/confumpnn-temberture/lib/python3.10/site-packages/huggingface_hub/utils/_validators.py", line 118, in _inner_fn
    response = _request_wrapper(
    return fn(*args, **kwargs)
  File "/home/baokun_yu/miniconda3/envs/confumpnn-temberture/lib/python3.10/site-packages/huggingface_hub/file_download.py", line 408, in _request_wrapper
  File "/home/baokun_yu/miniconda3/envs/confumpnn-temberture/lib/python3.10/site-packages/huggingface_hub/file_download.py", line 1238, in hf_hub_download
    response = get_session().request(method=method, url=url, **params)
  File "/home/baokun_yu/miniconda3/envs/confumpnn-temberture/lib/python3.10/site-packages/requests/sessions.py", line 651, in request
    response = get_session().request(method=method, url=url, **params)
  File "/home/baokun_yu/miniconda3/envs/confumpnn-temberture/lib/python3.10/site-packages/requests/sessions.py", line 651, in request
    resolved_file = hf_hub_download(
  File "/home/baokun_yu/miniconda3/envs/confumpnn-temberture/lib/python3.10/site-packages/huggingface_hub/utils/_validators.py", line 118, in _inner_fn
    metadata = get_hf_file_metadata(
  File "/home/baokun_yu/miniconda3/envs/confumpnn-temberture/lib/python3.10/site-packages/huggingface_hub/utils/_validators.py", line 118, in _inner_fn
    return fn(*args, **kwargs)
  File "/home/baokun_yu/miniconda3/envs/confumpnn-temberture/lib/python3.10/site-packages/huggingface_hub/file_download.py", line 1238, in hf_hub_download
    return fn(*args, **kwargs)
    resp = self.send(prep, **send_kwargs)
  File "/home/baokun_yu/miniconda3/envs/confumpnn-temberture/lib/python3.10/site-packages/huggingface_hub/file_download.py", line 1631, in get_hf_file_metadata
  File "/home/baokun_yu/miniconda3/envs/confumpnn-temberture/lib/python3.10/site-packages/requests/sessions.py", line 784, in send
    resp = self.send(prep, **send_kwargs)
  File "/home/baokun_yu/miniconda3/envs/confumpnn-temberture/lib/python3.10/site-packages/requests/sessions.py", line 784, in send
    r = adapter.send(request, **kwargs)
  File "/home/baokun_yu/miniconda3/envs/confumpnn-temberture/lib/python3.10/site-packages/huggingface_hub/utils/_http.py", line 67, in send
    return super().send(request, *args, **kwargs)
  File "/home/baokun_yu/miniconda3/envs/confumpnn-temberture/lib/python3.10/site-packages/requests/adapters.py", line 727, in send
    metadata = get_hf_file_metadata(
  File "/home/baokun_yu/miniconda3/envs/confumpnn-temberture/lib/python3.10/site-packages/huggingface_hub/utils/_validators.py", line 118, in _inner_fn
    r = adapter.send(request, **kwargs)
  File "/home/baokun_yu/miniconda3/envs/confumpnn-temberture/lib/python3.10/site-packages/huggingface_hub/utils/_http.py", line 67, in send
    return fn(*args, **kwargs)
  File "/home/baokun_yu/miniconda3/envs/confumpnn-temberture/lib/python3.10/site-packages/huggingface_hub/file_download.py", line 1631, in get_hf_file_metadata
    return super().send(request, *args, **kwargs)
    raise SSLError(e, request=request)
  File "/home/baokun_yu/miniconda3/envs/confumpnn-temberture/lib/python3.10/site-packages/requests/adapters.py", line 727, in send
requests.exceptions.SSLError: (MaxRetryError('HTTPSConnectionPool(host=\'huggingface.co\', port=443): Max retries exceeded with url: /Rostlab/prot_bert_bfd/resolve/main/config.json (Caused by SSLError(SSLCertVerificationError(1, "[SSL: CERTIFICATE_VERIFY_FAILED] certificate verify failed: Hostname mismatch, certificate is not valid for \'huggingface.co\'. (_ssl.c:1017)")))'), '(Request ID: 435bff11-0150-442a-ad7e-4fc27f96ff21)')
    metadata = get_hf_file_metadata(
  File "/home/baokun_yu/miniconda3/envs/confumpnn-temberture/lib/python3.10/site-packages/huggingface_hub/utils/_validators.py", line 118, in _inner_fn
    r = _request_wrapper(
  File "/home/baokun_yu/miniconda3/envs/confumpnn-temberture/lib/python3.10/site-packages/huggingface_hub/file_download.py", line 385, in _request_wrapper
    return fn(*args, **kwargs)
  File "/home/baokun_yu/miniconda3/envs/confumpnn-temberture/lib/python3.10/site-packages/huggingface_hub/file_download.py", line 1631, in get_hf_file_metadata
    raise SSLError(e, request=request)
requests.exceptions.SSLError: (MaxRetryError('HTTPSConnectionPool(host=\'huggingface.co\', port=443): Max retries exceeded with url: /Rostlab/prot_bert_bfd/resolve/main/config.json (Caused by SSLError(SSLCertVerificationError(1, "[SSL: CERTIFICATE_VERIFY_FAILED] certificate verify failed: Hostname mismatch, certificate is not valid for \'huggingface.co\'. (_ssl.c:1017)")))'), '(Request ID: 6eb56134-3516-426e-8e5f-87171d33b931)')
    response = _request_wrapper(
  File "/home/baokun_yu/miniconda3/envs/confumpnn-temberture/lib/python3.10/site-packages/huggingface_hub/file_download.py", line 408, in _request_wrapper
    response = get_session().request(method=method, url=url, **params)
  File "/home/baokun_yu/miniconda3/envs/confumpnn-temberture/lib/python3.10/site-packages/requests/sessions.py", line 651, in request
    r = _request_wrapper(
  File "/home/baokun_yu/miniconda3/envs/confumpnn-temberture/lib/python3.10/site-packages/huggingface_hub/file_download.py", line 385, in _request_wrapper
    response = _request_wrapper(
  File "/home/baokun_yu/miniconda3/envs/confumpnn-temberture/lib/python3.10/site-packages/huggingface_hub/file_download.py", line 408, in _request_wrapper
    resp = self.send(prep, **send_kwargs)
  File "/home/baokun_yu/miniconda3/envs/confumpnn-temberture/lib/python3.10/site-packages/requests/sessions.py", line 784, in send
    response = get_session().request(method=method, url=url, **params)
  File "/home/baokun_yu/miniconda3/envs/confumpnn-temberture/lib/python3.10/site-packages/requests/sessions.py", line 651, in request
    r = _request_wrapper(
  File "/home/baokun_yu/miniconda3/envs/confumpnn-temberture/lib/python3.10/site-packages/huggingface_hub/file_download.py", line 385, in _request_wrapper
    r = adapter.send(request, **kwargs)
  File "/home/baokun_yu/miniconda3/envs/confumpnn-temberture/lib/python3.10/site-packages/huggingface_hub/utils/_http.py", line 67, in send
    resp = self.send(prep, **send_kwargs)
  File "/home/baokun_yu/miniconda3/envs/confumpnn-temberture/lib/python3.10/site-packages/requests/sessions.py", line 784, in send
    response = _request_wrapper(
  File "/home/baokun_yu/miniconda3/envs/confumpnn-temberture/lib/python3.10/site-packages/huggingface_hub/file_download.py", line 408, in _request_wrapper
    return super().send(request, *args, **kwargs)
  File "/home/baokun_yu/miniconda3/envs/confumpnn-temberture/lib/python3.10/site-packages/requests/adapters.py", line 727, in send
    response = get_session().request(method=method, url=url, **params)
  File "/home/baokun_yu/miniconda3/envs/confumpnn-temberture/lib/python3.10/site-packages/requests/sessions.py", line 651, in request
    r = adapter.send(request, **kwargs)
  File "/home/baokun_yu/miniconda3/envs/confumpnn-temberture/lib/python3.10/site-packages/huggingface_hub/utils/_http.py", line 67, in send
    return super().send(request, *args, **kwargs)
  File "/home/baokun_yu/miniconda3/envs/confumpnn-temberture/lib/python3.10/site-packages/requests/adapters.py", line 727, in send
    raise SSLError(e, request=request)
requests.exceptions.SSLError: (MaxRetryError('HTTPSConnectionPool(host=\'huggingface.co\', port=443): Max retries exceeded with url: /Rostlab/prot_bert_bfd/resolve/main/config.json (Caused by SSLError(SSLCertVerificationError(1, "[SSL: CERTIFICATE_VERIFY_FAILED] certificate verify failed: Hostname mismatch, certificate is not valid for \'huggingface.co\'. (_ssl.c:1017)")))'), '(Request ID: 3d289693-c8fd-44ef-b33c-93d5dd1aaa34)')
    resp = self.send(prep, **send_kwargs)
  File "/home/baokun_yu/miniconda3/envs/confumpnn-temberture/lib/python3.10/site-packages/requests/sessions.py", line 784, in send
    raise SSLError(e, request=request)
requests.exceptions.SSLError: (MaxRetryError('HTTPSConnectionPool(host=\'huggingface.co\', port=443): Max retries exceeded with url: /Rostlab/prot_bert_bfd/resolve/main/config.json (Caused by SSLError(SSLCertVerificationError(1, "[SSL: CERTIFICATE_VERIFY_FAILED] certificate verify failed: Hostname mismatch, certificate is not valid for \'huggingface.co\'. (_ssl.c:1017)")))'), '(Request ID: 8d573029-8838-4cab-9349-27c88fc7e4bd)')
    r = adapter.send(request, **kwargs)
  File "/home/baokun_yu/miniconda3/envs/confumpnn-temberture/lib/python3.10/site-packages/huggingface_hub/utils/_http.py", line 67, in send
    return super().send(request, *args, **kwargs)
  File "/home/baokun_yu/miniconda3/envs/confumpnn-temberture/lib/python3.10/site-packages/requests/adapters.py", line 727, in send
    resolved_config_file = cached_file(
    raise SSLError(e, request=request)
requests.exceptions.SSLError: (MaxRetryError('HTTPSConnectionPool(host=\'huggingface.co\', port=443): Max retries exceeded with url: /Rostlab/prot_bert_bfd/resolve/main/config.json (Caused by SSLError(SSLCertVerificationError(1, "[SSL: CERTIFICATE_VERIFY_FAILED] certificate verify failed: Hostname mismatch, certificate is not valid for \'huggingface.co\'. (_ssl.c:1017)")))'), '(Request ID: e809f640-efd1-4dc3-8415-844ab1b5998a)')
  File "/home/baokun_yu/miniconda3/envs/confumpnn-temberture/lib/python3.10/site-packages/transformers/utils/hub.py", line 430, in cached_file
    resolved_file = hf_hub_download(
  File "/home/baokun_yu/miniconda3/envs/confumpnn-temberture/lib/python3.10/site-packages/huggingface_hub/utils/_validators.py", line 118, in _inner_fn
    return fn(*args, **kwargs)
  File "/home/baokun_yu/miniconda3/envs/confumpnn-temberture/lib/python3.10/site-packages/huggingface_hub/file_download.py", line 1238, in hf_hub_download
    metadata = get_hf_file_metadata(
  File "/home/baokun_yu/miniconda3/envs/confumpnn-temberture/lib/python3.10/site-packages/huggingface_hub/utils/_validators.py", line 118, in _inner_fn
    return fn(*args, **kwargs)
  File "/home/baokun_yu/miniconda3/envs/confumpnn-temberture/lib/python3.10/site-packages/huggingface_hub/file_download.py", line 1631, in get_hf_file_metadata
    r = _request_wrapper(
  File "/home/baokun_yu/miniconda3/envs/confumpnn-temberture/lib/python3.10/site-packages/huggingface_hub/file_download.py", line 385, in _request_wrapper
    response = _request_wrapper(
  File "/home/baokun_yu/miniconda3/envs/confumpnn-temberture/lib/python3.10/site-packages/huggingface_hub/file_download.py", line 408, in _request_wrapper
    response = get_session().request(method=method, url=url, **params)
  File "/home/baokun_yu/miniconda3/envs/confumpnn-temberture/lib/python3.10/site-packages/requests/sessions.py", line 651, in request
    resp = self.send(prep, **send_kwargs)
  File "/home/baokun_yu/miniconda3/envs/confumpnn-temberture/lib/python3.10/site-packages/requests/sessions.py", line 784, in send
    r = adapter.send(request, **kwargs)
  File "/home/baokun_yu/miniconda3/envs/confumpnn-temberture/lib/python3.10/site-packages/huggingface_hub/utils/_http.py", line 67, in send
    return super().send(request, *args, **kwargs)
  File "/home/baokun_yu/miniconda3/envs/confumpnn-temberture/lib/python3.10/site-packages/requests/adapters.py", line 727, in send
    raise SSLError(e, request=request)
requests.exceptions.SSLError: (MaxRetryError('HTTPSConnectionPool(host=\'huggingface.co\', port=443): Max retries exceeded with url: /Rostlab/prot_bert_bfd/resolve/main/config.json (Caused by SSLError(SSLCertVerificationError(1, "[SSL: CERTIFICATE_VERIFY_FAILED] certificate verify failed: Hostname mismatch, certificate is not valid for \'huggingface.co\'. (_ssl.c:1017)")))'), '(Request ID: 49ae3ac2-3cea-48e3-9a0d-8b33c7c505f4)')
  TemBERTure DONE 10:07:26
=== ALL PHASE3 N20 SCORING DONE ===
