=== [1/4] ESMFold 回折 + pLDDT（confumpnn-esmfold，递归扫描所有 arm 的 seqs.fa）===
ESMFold 加载完成（cuda）
批量模式：找到 16 个 seqs.fa
[code/output/phase3_antidrift_n20/1BC8/A_base/seqs.fa] 共 20 条序列
  seed_111 arm=base scenario=A p   L=  93  mean_pLDDT= 82.35
  seed_112 arm=base scenario=A p   L=  93  mean_pLDDT= 82.30
  seed_113 arm=base scenario=A p   L=  93  mean_pLDDT= 81.60
  seed_114 arm=base scenario=A p   L=  93  mean_pLDDT= 83.46
  seed_115 arm=base scenario=A p   L=  93  mean_pLDDT= 81.70
  seed_116 arm=base scenario=A p   L=  93  mean_pLDDT= 81.17
  seed_117 arm=base scenario=A p   L=  93  mean_pLDDT= 82.17
  seed_118 arm=base scenario=A p   L=  93  mean_pLDDT= 80.62
  seed_119 arm=base scenario=A p   L=  93  mean_pLDDT= 80.37
  seed_120 arm=base scenario=A p   L=  93  mean_pLDDT= 82.92
  seed_121 arm=base scenario=A p   L=  93  mean_pLDDT= 82.45
  seed_122 arm=base scenario=A p   L=  93  mean_pLDDT= 82.57
  seed_123 arm=base scenario=A p   L=  93  mean_pLDDT= 83.36
  seed_124 arm=base scenario=A p   L=  93  mean_pLDDT= 82.97
  seed_125 arm=base scenario=A p   L=  93  mean_pLDDT= 82.48
  seed_126 arm=base scenario=A p   L=  93  mean_pLDDT= 81.22
  seed_127 arm=base scenario=A p   L=  93  mean_pLDDT= 82.01
  seed_128 arm=base scenario=A p   L=  93  mean_pLDDT= 83.75
  seed_129 arm=base scenario=A p   L=  93  mean_pLDDT= 83.02
  seed_130 arm=base scenario=A p   L=  93  mean_pLDDT= 81.91
  已写入 code/output/phase3_antidrift_n20/1BC8/A_base/plddt.csv
[code/output/phase3_antidrift_n20/1BC8/A_cond/seqs.fa] 共 20 条序列
  seed_111 arm=cond scenario=A p   L=  93  mean_pLDDT= 80.74
  seed_112 arm=cond scenario=A p   L=  93  mean_pLDDT= 78.71
  seed_113 arm=cond scenario=A p   L=  93  mean_pLDDT= 77.29
  seed_114 arm=cond scenario=A p   L=  93  mean_pLDDT= 39.46
  seed_115 arm=cond scenario=A p   L=  93  mean_pLDDT= 75.66
  seed_116 arm=cond scenario=A p   L=  93  mean_pLDDT= 82.68
  seed_117 arm=cond scenario=A p   L=  93  mean_pLDDT= 80.06
  seed_118 arm=cond scenario=A p   L=  93  mean_pLDDT= 81.22
  seed_119 arm=cond scenario=A p   L=  93  mean_pLDDT= 78.81
  seed_120 arm=cond scenario=A p   L=  93  mean_pLDDT= 77.52
  seed_121 arm=cond scenario=A p   L=  93  mean_pLDDT= 82.60
  seed_122 arm=cond scenario=A p   L=  93  mean_pLDDT= 82.78
  seed_123 arm=cond scenario=A p   L=  93  mean_pLDDT= 79.04
  seed_124 arm=cond scenario=A p   L=  93  mean_pLDDT= 82.55
  seed_125 arm=cond scenario=A p   L=  93  mean_pLDDT= 81.51
  seed_126 arm=cond scenario=A p   L=  93  mean_pLDDT= 78.89
  seed_127 arm=cond scenario=A p   L=  93  mean_pLDDT= 81.99
  seed_128 arm=cond scenario=A p   L=  93  mean_pLDDT= 74.24
  seed_129 arm=cond scenario=A p   L=  93  mean_pLDDT= 76.23
  seed_130 arm=cond scenario=A p   L=  93  mean_pLDDT= 68.82
  已写入 code/output/phase3_antidrift_n20/1BC8/A_cond/plddt.csv
[code/output/phase3_antidrift_n20/1BC8/B_base/seqs.fa] 共 20 条序列
  seed_111 arm=base scenario=B p   L=  93  mean_pLDDT= 82.35
  seed_112 arm=base scenario=B p   L=  93  mean_pLDDT= 82.30
  seed_113 arm=base scenario=B p   L=  93  mean_pLDDT= 81.60
  seed_114 arm=base scenario=B p   L=  93  mean_pLDDT= 83.46
  seed_115 arm=base scenario=B p   L=  93  mean_pLDDT= 81.70
  seed_116 arm=base scenario=B p   L=  93  mean_pLDDT= 81.17
  seed_117 arm=base scenario=B p   L=  93  mean_pLDDT= 82.17
  seed_118 arm=base scenario=B p   L=  93  mean_pLDDT= 80.62
  seed_119 arm=base scenario=B p   L=  93  mean_pLDDT= 80.37
  seed_120 arm=base scenario=B p   L=  93  mean_pLDDT= 82.92
  seed_121 arm=base scenario=B p   L=  93  mean_pLDDT= 82.45
  seed_122 arm=base scenario=B p   L=  93  mean_pLDDT= 82.57
  seed_123 arm=base scenario=B p   L=  93  mean_pLDDT= 83.36
  seed_124 arm=base scenario=B p   L=  93  mean_pLDDT= 82.97
  seed_125 arm=base scenario=B p   L=  93  mean_pLDDT= 82.48
  seed_126 arm=base scenario=B p   L=  93  mean_pLDDT= 81.22
  seed_127 arm=base scenario=B p   L=  93  mean_pLDDT= 82.01
  seed_128 arm=base scenario=B p   L=  93  mean_pLDDT= 83.75
  seed_129 arm=base scenario=B p   L=  93  mean_pLDDT= 83.02
  seed_130 arm=base scenario=B p   L=  93  mean_pLDDT= 81.91
  已写入 code/output/phase3_antidrift_n20/1BC8/B_base/plddt.csv
[code/output/phase3_antidrift_n20/1BC8/B_cond/seqs.fa] 共 20 条序列
  seed_111 arm=cond scenario=B p   L=  93  mean_pLDDT= 83.25
  seed_112 arm=cond scenario=B p   L=  93  mean_pLDDT= 83.24
  seed_113 arm=cond scenario=B p   L=  93  mean_pLDDT= 82.13
  seed_114 arm=cond scenario=B p   L=  93  mean_pLDDT= 82.04
  seed_115 arm=cond scenario=B p   L=  93  mean_pLDDT= 80.65
  seed_116 arm=cond scenario=B p   L=  93  mean_pLDDT= 81.30
  seed_117 arm=cond scenario=B p   L=  93  mean_pLDDT= 81.82
  seed_118 arm=cond scenario=B p   L=  93  mean_pLDDT= 82.29
  seed_119 arm=cond scenario=B p   L=  93  mean_pLDDT= 80.71
  seed_120 arm=cond scenario=B p   L=  93  mean_pLDDT= 84.09
  seed_121 arm=cond scenario=B p   L=  93  mean_pLDDT= 77.88
  seed_122 arm=cond scenario=B p   L=  93  mean_pLDDT= 83.14
  seed_123 arm=cond scenario=B p   L=  93  mean_pLDDT= 82.27
  seed_124 arm=cond scenario=B p   L=  93  mean_pLDDT= 82.16
  seed_125 arm=cond scenario=B p   L=  93  mean_pLDDT= 84.00
  seed_126 arm=cond scenario=B p   L=  93  mean_pLDDT= 79.34
  seed_127 arm=cond scenario=B p   L=  93  mean_pLDDT= 80.30
  seed_128 arm=cond scenario=B p   L=  93  mean_pLDDT= 81.21
  seed_129 arm=cond scenario=B p   L=  93  mean_pLDDT= 76.87
  seed_130 arm=cond scenario=B p   L=  93  mean_pLDDT= 81.38
  已写入 code/output/phase3_antidrift_n20/1BC8/B_cond/plddt.csv
[code/output/phase3_antidrift_n20/1CRN/A_base/seqs.fa] 共 20 条序列
  seed_111 arm=base scenario=A p   L=  46  mean_pLDDT= 88.40
  seed_112 arm=base scenario=A p   L=  46  mean_pLDDT= 87.81
  seed_113 arm=base scenario=A p   L=  46  mean_pLDDT= 87.66
  seed_114 arm=base scenario=A p   L=  46  mean_pLDDT= 87.53
  seed_115 arm=base scenario=A p   L=  46  mean_pLDDT= 89.28
  seed_116 arm=base scenario=A p   L=  46  mean_pLDDT= 89.51
  seed_117 arm=base scenario=A p   L=  46  mean_pLDDT= 89.12
  seed_118 arm=base scenario=A p   L=  46  mean_pLDDT= 86.21
  seed_119 arm=base scenario=A p   L=  46  mean_pLDDT= 87.40
  seed_120 arm=base scenario=A p   L=  46  mean_pLDDT= 85.46
  seed_121 arm=base scenario=A p   L=  46  mean_pLDDT= 87.84
  seed_122 arm=base scenario=A p   L=  46  mean_pLDDT= 87.53
  seed_123 arm=base scenario=A p   L=  46  mean_pLDDT= 87.18
  seed_124 arm=base scenario=A p   L=  46  mean_pLDDT= 88.96
  seed_125 arm=base scenario=A p   L=  46  mean_pLDDT= 89.51
  seed_126 arm=base scenario=A p   L=  46  mean_pLDDT= 86.52
  seed_127 arm=base scenario=A p   L=  46  mean_pLDDT= 89.16
  seed_128 arm=base scenario=A p   L=  46  mean_pLDDT= 87.20
  seed_129 arm=base scenario=A p   L=  46  mean_pLDDT= 90.18
  seed_130 arm=base scenario=A p   L=  46  mean_pLDDT= 89.84
  已写入 code/output/phase3_antidrift_n20/1CRN/A_base/plddt.csv
[code/output/phase3_antidrift_n20/1CRN/A_cond/seqs.fa] 共 20 条序列
  seed_111 arm=cond scenario=A p   L=  46  mean_pLDDT= 89.96
  seed_112 arm=cond scenario=A p   L=  46  mean_pLDDT= 89.84
  seed_113 arm=cond scenario=A p   L=  46  mean_pLDDT= 89.25
  seed_114 arm=cond scenario=A p   L=  46  mean_pLDDT= 82.17
  seed_115 arm=cond scenario=A p   L=  46  mean_pLDDT= 90.37
  seed_116 arm=cond scenario=A p   L=  46  mean_pLDDT= 81.39
  seed_117 arm=cond scenario=A p   L=  46  mean_pLDDT= 89.48
  seed_118 arm=cond scenario=A p   L=  46  mean_pLDDT= 84.32
  seed_119 arm=cond scenario=A p   L=  46  mean_pLDDT= 47.39
  seed_120 arm=cond scenario=A p   L=  46  mean_pLDDT= 88.42
  seed_121 arm=cond scenario=A p   L=  46  mean_pLDDT= 86.45
  seed_122 arm=cond scenario=A p   L=  46  mean_pLDDT= 90.85
  seed_123 arm=cond scenario=A p   L=  46  mean_pLDDT= 88.56
  seed_124 arm=cond scenario=A p   L=  46  mean_pLDDT= 92.30
  seed_125 arm=cond scenario=A p   L=  46  mean_pLDDT= 92.32
  seed_126 arm=cond scenario=A p   L=  46  mean_pLDDT= 86.17
  seed_127 arm=cond scenario=A p   L=  46  mean_pLDDT= 70.83
  seed_128 arm=cond scenario=A p   L=  46  mean_pLDDT= 91.27
  seed_129 arm=cond scenario=A p   L=  46  mean_pLDDT= 76.94
  seed_130 arm=cond scenario=A p   L=  46  mean_pLDDT= 89.92
  已写入 code/output/phase3_antidrift_n20/1CRN/A_cond/plddt.csv
[code/output/phase3_antidrift_n20/1CRN/B_base/seqs.fa] 共 20 条序列
  seed_111 arm=base scenario=B p   L=  46  mean_pLDDT= 88.40
  seed_112 arm=base scenario=B p   L=  46  mean_pLDDT= 87.81
  seed_113 arm=base scenario=B p   L=  46  mean_pLDDT= 87.66
  seed_114 arm=base scenario=B p   L=  46  mean_pLDDT= 87.53
  seed_115 arm=base scenario=B p   L=  46  mean_pLDDT= 89.28
  seed_116 arm=base scenario=B p   L=  46  mean_pLDDT= 89.51
  seed_117 arm=base scenario=B p   L=  46  mean_pLDDT= 89.12
  seed_118 arm=base scenario=B p   L=  46  mean_pLDDT= 86.21
  seed_119 arm=base scenario=B p   L=  46  mean_pLDDT= 87.40
  seed_120 arm=base scenario=B p   L=  46  mean_pLDDT= 85.46
  seed_121 arm=base scenario=B p   L=  46  mean_pLDDT= 87.84
  seed_122 arm=base scenario=B p   L=  46  mean_pLDDT= 87.53
  seed_123 arm=base scenario=B p   L=  46  mean_pLDDT= 87.18
  seed_124 arm=base scenario=B p   L=  46  mean_pLDDT= 88.96
  seed_125 arm=base scenario=B p   L=  46  mean_pLDDT= 89.51
  seed_126 arm=base scenario=B p   L=  46  mean_pLDDT= 86.52
  seed_127 arm=base scenario=B p   L=  46  mean_pLDDT= 89.16
  seed_128 arm=base scenario=B p   L=  46  mean_pLDDT= 87.20
  seed_129 arm=base scenario=B p   L=  46  mean_pLDDT= 90.18
  seed_130 arm=base scenario=B p   L=  46  mean_pLDDT= 89.84
  已写入 code/output/phase3_antidrift_n20/1CRN/B_base/plddt.csv
[code/output/phase3_antidrift_n20/1CRN/B_cond/seqs.fa] 共 20 条序列
  seed_111 arm=cond scenario=B p   L=  46  mean_pLDDT= 90.98
  seed_112 arm=cond scenario=B p   L=  46  mean_pLDDT= 83.45
  seed_113 arm=cond scenario=B p   L=  46  mean_pLDDT= 85.88
  seed_114 arm=cond scenario=B p   L=  46  mean_pLDDT= 82.47
  seed_115 arm=cond scenario=B p   L=  46  mean_pLDDT= 78.62
  seed_116 arm=cond scenario=B p   L=  46  mean_pLDDT= 90.38
  seed_117 arm=cond scenario=B p   L=  46  mean_pLDDT= 87.00
  seed_118 arm=cond scenario=B p   L=  46  mean_pLDDT= 89.85
  seed_119 arm=cond scenario=B p   L=  46  mean_pLDDT= 91.35
  seed_120 arm=cond scenario=B p   L=  46  mean_pLDDT= 87.93
  seed_121 arm=cond scenario=B p   L=  46  mean_pLDDT= 88.11
  seed_122 arm=cond scenario=B p   L=  46  mean_pLDDT= 89.49
  seed_123 arm=cond scenario=B p   L=  46  mean_pLDDT= 91.98
  seed_124 arm=cond scenario=B p   L=  46  mean_pLDDT= 90.25
  seed_125 arm=cond scenario=B p   L=  46  mean_pLDDT= 88.31
  seed_126 arm=cond scenario=B p   L=  46  mean_pLDDT= 88.46
  seed_127 arm=cond scenario=B p   L=  46  mean_pLDDT= 87.42
  seed_128 arm=cond scenario=B p   L=  46  mean_pLDDT= 90.28
  seed_129 arm=cond scenario=B p   L=  46  mean_pLDDT= 80.82
  seed_130 arm=cond scenario=B p   L=  46  mean_pLDDT= 91.25
  已写入 code/output/phase3_antidrift_n20/1CRN/B_cond/plddt.csv
[code/output/phase3_antidrift_n20/1UBQ/A_base/seqs.fa] 共 20 条序列
  seed_111 arm=base scenario=A p   L=  76  mean_pLDDT= 87.83
  seed_112 arm=base scenario=A p   L=  76  mean_pLDDT= 89.26
  seed_113 arm=base scenario=A p   L=  76  mean_pLDDT= 87.78
  seed_114 arm=base scenario=A p   L=  76  mean_pLDDT= 88.66
  seed_115 arm=base scenario=A p   L=  76  mean_pLDDT= 89.50
  seed_116 arm=base scenario=A p   L=  76  mean_pLDDT= 88.54
  seed_117 arm=base scenario=A p   L=  76  mean_pLDDT= 88.40
  seed_118 arm=base scenario=A p   L=  76  mean_pLDDT= 87.77
  seed_119 arm=base scenario=A p   L=  76  mean_pLDDT= 88.99
  seed_120 arm=base scenario=A p   L=  76  mean_pLDDT= 88.55
  seed_121 arm=base scenario=A p   L=  76  mean_pLDDT= 89.15
  seed_122 arm=base scenario=A p   L=  76  mean_pLDDT= 89.03
  seed_123 arm=base scenario=A p   L=  76  mean_pLDDT= 87.67
  seed_124 arm=base scenario=A p   L=  76  mean_pLDDT= 88.99
  seed_125 arm=base scenario=A p   L=  76  mean_pLDDT= 88.37
  seed_126 arm=base scenario=A p   L=  76  mean_pLDDT= 88.32
  seed_127 arm=base scenario=A p   L=  76  mean_pLDDT= 87.15
  seed_128 arm=base scenario=A p   L=  76  mean_pLDDT= 88.07
  seed_129 arm=base scenario=A p   L=  76  mean_pLDDT= 88.10
  seed_130 arm=base scenario=A p   L=  76  mean_pLDDT= 88.73
  已写入 code/output/phase3_antidrift_n20/1UBQ/A_base/plddt.csv
[code/output/phase3_antidrift_n20/1UBQ/A_cond/seqs.fa] 共 20 条序列
  seed_111 arm=cond scenario=A p   L=  76  mean_pLDDT= 90.11
  seed_112 arm=cond scenario=A p   L=  76  mean_pLDDT= 90.27
  seed_113 arm=cond scenario=A p   L=  76  mean_pLDDT= 89.85
  seed_114 arm=cond scenario=A p   L=  76  mean_pLDDT= 89.16
  seed_115 arm=cond scenario=A p   L=  76  mean_pLDDT= 86.28
  seed_116 arm=cond scenario=A p   L=  76  mean_pLDDT= 87.19
  seed_117 arm=cond scenario=A p   L=  76  mean_pLDDT= 89.53
  seed_118 arm=cond scenario=A p   L=  76  mean_pLDDT= 87.83
  seed_119 arm=cond scenario=A p   L=  76  mean_pLDDT= 89.37
  seed_120 arm=cond scenario=A p   L=  76  mean_pLDDT= 89.87
  seed_121 arm=cond scenario=A p   L=  76  mean_pLDDT= 86.57
  seed_122 arm=cond scenario=A p   L=  76  mean_pLDDT= 89.26
  seed_123 arm=cond scenario=A p   L=  76  mean_pLDDT= 87.47
  seed_124 arm=cond scenario=A p   L=  76  mean_pLDDT= 87.26
  seed_125 arm=cond scenario=A p   L=  76  mean_pLDDT= 90.04
  seed_126 arm=cond scenario=A p   L=  76  mean_pLDDT= 89.03
  seed_127 arm=cond scenario=A p   L=  76  mean_pLDDT= 89.46
  seed_128 arm=cond scenario=A p   L=  76  mean_pLDDT= 90.19
  seed_129 arm=cond scenario=A p   L=  76  mean_pLDDT= 90.00
  seed_130 arm=cond scenario=A p   L=  76  mean_pLDDT= 90.73
  已写入 code/output/phase3_antidrift_n20/1UBQ/A_cond/plddt.csv
[code/output/phase3_antidrift_n20/1UBQ/B_base/seqs.fa] 共 20 条序列
  seed_111 arm=base scenario=B p   L=  76  mean_pLDDT= 87.83
  seed_112 arm=base scenario=B p   L=  76  mean_pLDDT= 89.26
  seed_113 arm=base scenario=B p   L=  76  mean_pLDDT= 87.78
  seed_114 arm=base scenario=B p   L=  76  mean_pLDDT= 88.66
  seed_115 arm=base scenario=B p   L=  76  mean_pLDDT= 89.50
  seed_116 arm=base scenario=B p   L=  76  mean_pLDDT= 88.54
  seed_117 arm=base scenario=B p   L=  76  mean_pLDDT= 88.40
  seed_118 arm=base scenario=B p   L=  76  mean_pLDDT= 87.77
  seed_119 arm=base scenario=B p   L=  76  mean_pLDDT= 88.99
  seed_120 arm=base scenario=B p   L=  76  mean_pLDDT= 88.55
  seed_121 arm=base scenario=B p   L=  76  mean_pLDDT= 89.15
  seed_122 arm=base scenario=B p   L=  76  mean_pLDDT= 89.03
  seed_123 arm=base scenario=B p   L=  76  mean_pLDDT= 87.67
  seed_124 arm=base scenario=B p   L=  76  mean_pLDDT= 88.99
  seed_125 arm=base scenario=B p   L=  76  mean_pLDDT= 88.37
  seed_126 arm=base scenario=B p   L=  76  mean_pLDDT= 88.32
  seed_127 arm=base scenario=B p   L=  76  mean_pLDDT= 87.15
  seed_128 arm=base scenario=B p   L=  76  mean_pLDDT= 88.07
  seed_129 arm=base scenario=B p   L=  76  mean_pLDDT= 88.10
  seed_130 arm=base scenario=B p   L=  76  mean_pLDDT= 88.73
  已写入 code/output/phase3_antidrift_n20/1UBQ/B_base/plddt.csv
[code/output/phase3_antidrift_n20/1UBQ/B_cond/seqs.fa] 共 20 条序列
  seed_111 arm=cond scenario=B p   L=  76  mean_pLDDT= 89.25
  seed_112 arm=cond scenario=B p   L=  76  mean_pLDDT= 88.95
  seed_113 arm=cond scenario=B p   L=  76  mean_pLDDT= 88.79
  seed_114 arm=cond scenario=B p   L=  76  mean_pLDDT= 89.77
  seed_115 arm=cond scenario=B p   L=  76  mean_pLDDT= 86.51
  seed_116 arm=cond scenario=B p   L=  76  mean_pLDDT= 89.72
  seed_117 arm=cond scenario=B p   L=  76  mean_pLDDT= 88.34
  seed_118 arm=cond scenario=B p   L=  76  mean_pLDDT= 87.40
  seed_119 arm=cond scenario=B p   L=  76  mean_pLDDT= 88.87
  seed_120 arm=cond scenario=B p   L=  76  mean_pLDDT= 88.98
  seed_121 arm=cond scenario=B p   L=  76  mean_pLDDT= 90.55
  seed_122 arm=cond scenario=B p   L=  76  mean_pLDDT= 87.94
  seed_123 arm=cond scenario=B p   L=  76  mean_pLDDT= 88.57
  seed_124 arm=cond scenario=B p   L=  76  mean_pLDDT= 87.57
  seed_125 arm=cond scenario=B p   L=  76  mean_pLDDT= 90.04
  seed_126 arm=cond scenario=B p   L=  76  mean_pLDDT= 89.30
  seed_127 arm=cond scenario=B p   L=  76  mean_pLDDT= 89.44
  seed_128 arm=cond scenario=B p   L=  76  mean_pLDDT= 90.29
  seed_129 arm=cond scenario=B p   L=  76  mean_pLDDT= 89.04
  seed_130 arm=cond scenario=B p   L=  76  mean_pLDDT= 89.43
  已写入 code/output/phase3_antidrift_n20/1UBQ/B_cond/plddt.csv
[code/output/phase3_antidrift_n20/2LZM/A_base/seqs.fa] 共 20 条序列
  seed_111 arm=base scenario=A p   L= 164  mean_pLDDT= 87.61
  seed_112 arm=base scenario=A p   L= 164  mean_pLDDT= 89.65
  seed_113 arm=base scenario=A p   L= 164  mean_pLDDT= 87.22
  seed_114 arm=base scenario=A p   L= 164  mean_pLDDT= 87.88
  seed_115 arm=base scenario=A p   L= 164  mean_pLDDT= 87.27
  seed_116 arm=base scenario=A p   L= 164  mean_pLDDT= 88.51
  seed_117 arm=base scenario=A p   L= 164  mean_pLDDT= 86.15
  seed_118 arm=base scenario=A p   L= 164  mean_pLDDT= 87.65
  seed_119 arm=base scenario=A p   L= 164  mean_pLDDT= 85.82
  seed_120 arm=base scenario=A p   L= 164  mean_pLDDT= 88.62
  seed_121 arm=base scenario=A p   L= 164  mean_pLDDT= 87.67
  seed_122 arm=base scenario=A p   L= 164  mean_pLDDT= 86.76
  seed_123 arm=base scenario=A p   L= 164  mean_pLDDT= 87.49
  seed_124 arm=base scenario=A p   L= 164  mean_pLDDT= 86.42
  seed_125 arm=base scenario=A p   L= 164  mean_pLDDT= 88.45
  seed_126 arm=base scenario=A p   L= 164  mean_pLDDT= 86.28
  seed_127 arm=base scenario=A p   L= 164  mean_pLDDT= 86.79
  seed_128 arm=base scenario=A p   L= 164  mean_pLDDT= 86.93
  seed_129 arm=base scenario=A p   L= 164  mean_pLDDT= 86.84
  seed_130 arm=base scenario=A p   L= 164  mean_pLDDT= 88.05
  已写入 code/output/phase3_antidrift_n20/2LZM/A_base/plddt.csv
[code/output/phase3_antidrift_n20/2LZM/A_cond/seqs.fa] 共 20 条序列
  seed_111 arm=cond scenario=A p   L= 164  mean_pLDDT= 80.48
  seed_112 arm=cond scenario=A p   L= 164  mean_pLDDT= 84.18
  seed_113 arm=cond scenario=A p   L= 164  mean_pLDDT= 84.52
  seed_114 arm=cond scenario=A p   L= 164  mean_pLDDT= 85.23
  seed_115 arm=cond scenario=A p   L= 164  mean_pLDDT= 80.11
  seed_116 arm=cond scenario=A p   L= 164  mean_pLDDT= 82.37
  seed_117 arm=cond scenario=A p   L= 164  mean_pLDDT= 82.07
  seed_118 arm=cond scenario=A p   L= 164  mean_pLDDT= 84.13
  seed_119 arm=cond scenario=A p   L= 164  mean_pLDDT= 82.08
  seed_120 arm=cond scenario=A p   L= 164  mean_pLDDT= 84.06
  seed_121 arm=cond scenario=A p   L= 164  mean_pLDDT= 86.11
  seed_122 arm=cond scenario=A p   L= 164  mean_pLDDT= 84.58
  seed_123 arm=cond scenario=A p   L= 164  mean_pLDDT= 82.71
  seed_124 arm=cond scenario=A p   L= 164  mean_pLDDT= 83.61
  seed_125 arm=cond scenario=A p   L= 164  mean_pLDDT= 79.67
  seed_126 arm=cond scenario=A p   L= 164  mean_pLDDT= 81.67
  seed_127 arm=cond scenario=A p   L= 164  mean_pLDDT= 83.58
  seed_128 arm=cond scenario=A p   L= 164  mean_pLDDT= 82.56
  seed_129 arm=cond scenario=A p   L= 164  mean_pLDDT= 83.34
  seed_130 arm=cond scenario=A p   L= 164  mean_pLDDT= 82.60
  已写入 code/output/phase3_antidrift_n20/2LZM/A_cond/plddt.csv
[code/output/phase3_antidrift_n20/2LZM/B_base/seqs.fa] 共 20 条序列
  seed_111 arm=base scenario=B p   L= 164  mean_pLDDT= 87.61
  seed_112 arm=base scenario=B p   L= 164  mean_pLDDT= 89.65
  seed_113 arm=base scenario=B p   L= 164  mean_pLDDT= 87.22
  seed_114 arm=base scenario=B p   L= 164  mean_pLDDT= 87.88
  seed_115 arm=base scenario=B p   L= 164  mean_pLDDT= 87.27
  seed_116 arm=base scenario=B p   L= 164  mean_pLDDT= 88.51
  seed_117 arm=base scenario=B p   L= 164  mean_pLDDT= 86.15
  seed_118 arm=base scenario=B p   L= 164  mean_pLDDT= 87.65
  seed_119 arm=base scenario=B p   L= 164  mean_pLDDT= 85.82
  seed_120 arm=base scenario=B p   L= 164  mean_pLDDT= 88.62
  seed_121 arm=base scenario=B p   L= 164  mean_pLDDT= 87.67
  seed_122 arm=base scenario=B p   L= 164  mean_pLDDT= 86.76
  seed_123 arm=base scenario=B p   L= 164  mean_pLDDT= 87.49
  seed_124 arm=base scenario=B p   L= 164  mean_pLDDT= 86.42
  seed_125 arm=base scenario=B p   L= 164  mean_pLDDT= 88.45
  seed_126 arm=base scenario=B p   L= 164  mean_pLDDT= 86.28
  seed_127 arm=base scenario=B p   L= 164  mean_pLDDT= 86.79
  seed_128 arm=base scenario=B p   L= 164  mean_pLDDT= 86.93
  seed_129 arm=base scenario=B p   L= 164  mean_pLDDT= 86.84
  seed_130 arm=base scenario=B p   L= 164  mean_pLDDT= 88.05
  已写入 code/output/phase3_antidrift_n20/2LZM/B_base/plddt.csv
[code/output/phase3_antidrift_n20/2LZM/B_cond/seqs.fa] 共 20 条序列
  seed_111 arm=cond scenario=B p   L= 164  mean_pLDDT= 84.42
  seed_112 arm=cond scenario=B p   L= 164  mean_pLDDT= 84.57
  seed_113 arm=cond scenario=B p   L= 164  mean_pLDDT= 87.73
  seed_114 arm=cond scenario=B p   L= 164  mean_pLDDT= 82.99
  seed_115 arm=cond scenario=B p   L= 164  mean_pLDDT= 84.39
  seed_116 arm=cond scenario=B p   L= 164  mean_pLDDT= 83.40
  seed_117 arm=cond scenario=B p   L= 164  mean_pLDDT= 87.29
  seed_118 arm=cond scenario=B p   L= 164  mean_pLDDT= 82.71
  seed_119 arm=cond scenario=B p   L= 164  mean_pLDDT= 81.79
  seed_120 arm=cond scenario=B p   L= 164  mean_pLDDT= 84.84
  seed_121 arm=cond scenario=B p   L= 164  mean_pLDDT= 87.58
  seed_122 arm=cond scenario=B p   L= 164  mean_pLDDT= 84.65
  seed_123 arm=cond scenario=B p   L= 164  mean_pLDDT= 85.74
  seed_124 arm=cond scenario=B p   L= 164  mean_pLDDT= 83.93
  seed_125 arm=cond scenario=B p   L= 164  mean_pLDDT= 85.62
  seed_126 arm=cond scenario=B p   L= 164  mean_pLDDT= 87.77
  seed_127 arm=cond scenario=B p   L= 164  mean_pLDDT= 84.79
  seed_128 arm=cond scenario=B p   L= 164  mean_pLDDT= 84.85
  seed_129 arm=cond scenario=B p   L= 164  mean_pLDDT= 87.76
  seed_130 arm=cond scenario=B p   L= 164  mean_pLDDT= 86.24
  已写入 code/output/phase3_antidrift_n20/2LZM/B_cond/plddt.csv
  ESMFold DONE 21:56:04
=== [2/4] TM-score 自洽性（USalign，每 arm 的 folds/ vs 原骨架）===
  seed_111_arm_base_scenario_A_pH_7_4_target__9_char TM-score=0.91428  RMSD=1.31
  seed_112_arm_base_scenario_A_pH_7_4_target__9_char TM-score=0.91545  RMSD=1.5
  seed_113_arm_base_scenario_A_pH_7_4_target__9_char TM-score=0.90908  RMSD=1.62
  seed_114_arm_base_scenario_A_pH_7_4_target__9_char TM-score=0.90482  RMSD=1.35
  seed_115_arm_base_scenario_A_pH_7_4_target__9_char TM-score=0.89225  RMSD=2.01
  seed_116_arm_base_scenario_A_pH_7_4_target__9_char TM-score=0.91009  RMSD=1.37
  seed_117_arm_base_scenario_A_pH_7_4_target__9_char TM-score=0.93034  RMSD=1.04
  seed_118_arm_base_scenario_A_pH_7_4_target__9_char TM-score=0.92181  RMSD=1.47
  seed_119_arm_base_scenario_A_pH_7_4_target__9_char TM-score=0.8896  RMSD=1.81
  seed_120_arm_base_scenario_A_pH_7_4_target__9_char TM-score=0.92348  RMSD=1.25
  seed_121_arm_base_scenario_A_pH_7_4_target__9_char TM-score=0.92165  RMSD=1.43
  seed_122_arm_base_scenario_A_pH_7_4_target__9_char TM-score=0.96447  RMSD=0.71
  seed_123_arm_base_scenario_A_pH_7_4_target__9_char TM-score=0.95624  RMSD=0.78
  seed_124_arm_base_scenario_A_pH_7_4_target__9_char TM-score=0.90518  RMSD=1.51
  seed_125_arm_base_scenario_A_pH_7_4_target__9_char TM-score=0.91108  RMSD=1.5
  seed_126_arm_base_scenario_A_pH_7_4_target__9_char TM-score=0.90047  RMSD=1.32
  seed_127_arm_base_scenario_A_pH_7_4_target__9_char TM-score=0.90413  RMSD=1.58
  seed_128_arm_base_scenario_A_pH_7_4_target__9_char TM-score=0.90941  RMSD=1.39
  seed_129_arm_base_scenario_A_pH_7_4_target__9_char TM-score=0.93916  RMSD=1.06
  seed_130_arm_base_scenario_A_pH_7_4_target__9_char TM-score=0.88982  RMSD=2.08
已写入 code/output/phase3_antidrift_n20/1BC8/A_base//tm.csv
  1BC8/A_base tm DONE
  seed_111_arm_cond_scenario_A_pH_7_4_target__9_char TM-score=0.80172  RMSD=2.53
  seed_112_arm_cond_scenario_A_pH_7_4_target__9_char TM-score=0.85111  RMSD=1.98
  seed_113_arm_cond_scenario_A_pH_7_4_target__9_char TM-score=0.87395  RMSD=1.99
  seed_114_arm_cond_scenario_A_pH_7_4_target__9_char TM-score=0.45591  RMSD=3.48
  seed_115_arm_cond_scenario_A_pH_7_4_target__9_char TM-score=0.8816  RMSD=1.94
  seed_116_arm_cond_scenario_A_pH_7_4_target__9_char TM-score=0.87592  RMSD=1.89
  seed_117_arm_cond_scenario_A_pH_7_4_target__9_char TM-score=0.91009  RMSD=1.6
  seed_118_arm_cond_scenario_A_pH_7_4_target__9_char TM-score=0.90186  RMSD=1.64
  seed_119_arm_cond_scenario_A_pH_7_4_target__9_char TM-score=0.84891  RMSD=1.85
  seed_120_arm_cond_scenario_A_pH_7_4_target__9_char TM-score=0.84919  RMSD=2.21
  seed_121_arm_cond_scenario_A_pH_7_4_target__9_char TM-score=0.81696  RMSD=1.55
  seed_122_arm_cond_scenario_A_pH_7_4_target__9_char TM-score=0.82917  RMSD=1.71
  seed_123_arm_cond_scenario_A_pH_7_4_target__9_char TM-score=0.85904  RMSD=1.98
  seed_124_arm_cond_scenario_A_pH_7_4_target__9_char TM-score=0.86355  RMSD=1.8
  seed_125_arm_cond_scenario_A_pH_7_4_target__9_char TM-score=0.84231  RMSD=1.61
  seed_126_arm_cond_scenario_A_pH_7_4_target__9_char TM-score=0.87464  RMSD=2.1
  seed_127_arm_cond_scenario_A_pH_7_4_target__9_char TM-score=0.91058  RMSD=1.62
  seed_128_arm_cond_scenario_A_pH_7_4_target__9_char TM-score=0.87247  RMSD=1.75
  seed_129_arm_cond_scenario_A_pH_7_4_target__9_char TM-score=0.84704  RMSD=1.68
  seed_130_arm_cond_scenario_A_pH_7_4_target__9_char TM-score=0.8614  RMSD=1.95
已写入 code/output/phase3_antidrift_n20/1BC8/A_cond//tm.csv
  1BC8/A_cond tm DONE
  seed_111_arm_base_scenario_B_pH_4_0_target__14_cha TM-score=0.91428  RMSD=1.31
  seed_112_arm_base_scenario_B_pH_4_0_target__14_cha TM-score=0.91545  RMSD=1.5
  seed_113_arm_base_scenario_B_pH_4_0_target__14_cha TM-score=0.90908  RMSD=1.62
  seed_114_arm_base_scenario_B_pH_4_0_target__14_cha TM-score=0.90482  RMSD=1.35
  seed_115_arm_base_scenario_B_pH_4_0_target__14_cha TM-score=0.89225  RMSD=2.01
  seed_116_arm_base_scenario_B_pH_4_0_target__14_cha TM-score=0.91009  RMSD=1.37
  seed_117_arm_base_scenario_B_pH_4_0_target__14_cha TM-score=0.93034  RMSD=1.04
  seed_118_arm_base_scenario_B_pH_4_0_target__14_cha TM-score=0.92181  RMSD=1.47
  seed_119_arm_base_scenario_B_pH_4_0_target__14_cha TM-score=0.8896  RMSD=1.81
  seed_120_arm_base_scenario_B_pH_4_0_target__14_cha TM-score=0.92348  RMSD=1.25
  seed_121_arm_base_scenario_B_pH_4_0_target__14_cha TM-score=0.92165  RMSD=1.43
  seed_122_arm_base_scenario_B_pH_4_0_target__14_cha TM-score=0.96447  RMSD=0.71
  seed_123_arm_base_scenario_B_pH_4_0_target__14_cha TM-score=0.95624  RMSD=0.78
  seed_124_arm_base_scenario_B_pH_4_0_target__14_cha TM-score=0.90518  RMSD=1.51
  seed_125_arm_base_scenario_B_pH_4_0_target__14_cha TM-score=0.91108  RMSD=1.5
  seed_126_arm_base_scenario_B_pH_4_0_target__14_cha TM-score=0.90047  RMSD=1.32
  seed_127_arm_base_scenario_B_pH_4_0_target__14_cha TM-score=0.90413  RMSD=1.58
  seed_128_arm_base_scenario_B_pH_4_0_target__14_cha TM-score=0.90941  RMSD=1.39
  seed_129_arm_base_scenario_B_pH_4_0_target__14_cha TM-score=0.93916  RMSD=1.06
  seed_130_arm_base_scenario_B_pH_4_0_target__14_cha TM-score=0.88982  RMSD=2.08
已写入 code/output/phase3_antidrift_n20/1BC8/B_base//tm.csv
  1BC8/B_base tm DONE
  seed_111_arm_cond_scenario_B_pH_4_0_target__14_cha TM-score=0.8878  RMSD=1.54
  seed_112_arm_cond_scenario_B_pH_4_0_target__14_cha TM-score=0.87949  RMSD=1.76
  seed_113_arm_cond_scenario_B_pH_4_0_target__14_cha TM-score=0.88842  RMSD=1.71
  seed_114_arm_cond_scenario_B_pH_4_0_target__14_cha TM-score=0.87304  RMSD=1.45
  seed_115_arm_cond_scenario_B_pH_4_0_target__14_cha TM-score=0.87756  RMSD=1.53
  seed_116_arm_cond_scenario_B_pH_4_0_target__14_cha TM-score=0.87  RMSD=2.11
  seed_117_arm_cond_scenario_B_pH_4_0_target__14_cha TM-score=0.88261  RMSD=1.56
  seed_118_arm_cond_scenario_B_pH_4_0_target__14_cha TM-score=0.8463  RMSD=1.45
  seed_119_arm_cond_scenario_B_pH_4_0_target__14_cha TM-score=0.88789  RMSD=1.59
  seed_120_arm_cond_scenario_B_pH_4_0_target__14_cha TM-score=0.8649  RMSD=2.06
  seed_121_arm_cond_scenario_B_pH_4_0_target__14_cha TM-score=0.86643  RMSD=1.91
  seed_122_arm_cond_scenario_B_pH_4_0_target__14_cha TM-score=0.8605  RMSD=1.92
  seed_123_arm_cond_scenario_B_pH_4_0_target__14_cha TM-score=0.85274  RMSD=1.93
  seed_124_arm_cond_scenario_B_pH_4_0_target__14_cha TM-score=0.89608  RMSD=1.84
  seed_125_arm_cond_scenario_B_pH_4_0_target__14_cha TM-score=0.84859  RMSD=1.76
  seed_126_arm_cond_scenario_B_pH_4_0_target__14_cha TM-score=0.8967  RMSD=1.75
  seed_127_arm_cond_scenario_B_pH_4_0_target__14_cha TM-score=0.87448  RMSD=1.9
  seed_128_arm_cond_scenario_B_pH_4_0_target__14_cha TM-score=0.85375  RMSD=1.95
  seed_129_arm_cond_scenario_B_pH_4_0_target__14_cha TM-score=0.85729  RMSD=1.88
  seed_130_arm_cond_scenario_B_pH_4_0_target__14_cha TM-score=0.86168  RMSD=1.91
已写入 code/output/phase3_antidrift_n20/1BC8/B_cond//tm.csv
  1BC8/B_cond tm DONE
  seed_111_arm_base_scenario_A_pH_7_4_target_-1_char TM-score=0.90484  RMSD=0.83
  seed_112_arm_base_scenario_A_pH_7_4_target_-1_char TM-score=0.89075  RMSD=0.73
  seed_113_arm_base_scenario_A_pH_7_4_target_-1_char TM-score=0.86917  RMSD=0.94
  seed_114_arm_base_scenario_A_pH_7_4_target_-1_char TM-score=0.89572  RMSD=0.88
  seed_115_arm_base_scenario_A_pH_7_4_target_-1_char TM-score=0.90058  RMSD=0.68
  seed_116_arm_base_scenario_A_pH_7_4_target_-1_char TM-score=0.91564  RMSD=0.67
  seed_117_arm_base_scenario_A_pH_7_4_target_-1_char TM-score=0.91728  RMSD=0.7
  seed_118_arm_base_scenario_A_pH_7_4_target_-1_char TM-score=0.87064  RMSD=0.91
  seed_119_arm_base_scenario_A_pH_7_4_target_-1_char TM-score=0.87672  RMSD=0.95
  seed_120_arm_base_scenario_A_pH_7_4_target_-1_char TM-score=0.90524  RMSD=0.71
  seed_121_arm_base_scenario_A_pH_7_4_target_-1_char TM-score=0.88891  RMSD=0.96
  seed_122_arm_base_scenario_A_pH_7_4_target_-1_char TM-score=0.90679  RMSD=0.76
  seed_123_arm_base_scenario_A_pH_7_4_target_-1_char TM-score=0.86832  RMSD=0.93
  seed_124_arm_base_scenario_A_pH_7_4_target_-1_char TM-score=0.90149  RMSD=0.78
  seed_125_arm_base_scenario_A_pH_7_4_target_-1_char TM-score=0.9033  RMSD=0.79
  seed_126_arm_base_scenario_A_pH_7_4_target_-1_char TM-score=0.92773  RMSD=0.63
  seed_127_arm_base_scenario_A_pH_7_4_target_-1_char TM-score=0.89571  RMSD=0.84
  seed_128_arm_base_scenario_A_pH_7_4_target_-1_char TM-score=0.91413  RMSD=0.79
  seed_129_arm_base_scenario_A_pH_7_4_target_-1_char TM-score=0.87775  RMSD=1.0
  seed_130_arm_base_scenario_A_pH_7_4_target_-1_char TM-score=0.91718  RMSD=0.69
已写入 code/output/phase3_antidrift_n20/1CRN/A_base//tm.csv
  1CRN/A_base tm DONE
  seed_111_arm_cond_scenario_A_pH_7_4_target_-1_char TM-score=0.91583  RMSD=0.72
  seed_112_arm_cond_scenario_A_pH_7_4_target_-1_char TM-score=0.8445  RMSD=1.1
  seed_113_arm_cond_scenario_A_pH_7_4_target_-1_char TM-score=0.87924  RMSD=0.92
  seed_114_arm_cond_scenario_A_pH_7_4_target_-1_char TM-score=0.79861  RMSD=1.48
  seed_115_arm_cond_scenario_A_pH_7_4_target_-1_char TM-score=0.90779  RMSD=0.72
  seed_116_arm_cond_scenario_A_pH_7_4_target_-1_char TM-score=0.8648  RMSD=0.97
  seed_117_arm_cond_scenario_A_pH_7_4_target_-1_char TM-score=0.88259  RMSD=0.82
  seed_118_arm_cond_scenario_A_pH_7_4_target_-1_char TM-score=0.85151  RMSD=1.06
  seed_119_arm_cond_scenario_A_pH_7_4_target_-1_char TM-score=0.38426  RMSD=3.0
  seed_120_arm_cond_scenario_A_pH_7_4_target_-1_char TM-score=0.87692  RMSD=0.95
  seed_121_arm_cond_scenario_A_pH_7_4_target_-1_char TM-score=0.85457  RMSD=1.06
  seed_122_arm_cond_scenario_A_pH_7_4_target_-1_char TM-score=0.87402  RMSD=1.0
  seed_123_arm_cond_scenario_A_pH_7_4_target_-1_char TM-score=0.87421  RMSD=0.91
  seed_124_arm_cond_scenario_A_pH_7_4_target_-1_char TM-score=0.9031  RMSD=0.73
  seed_125_arm_cond_scenario_A_pH_7_4_target_-1_char TM-score=0.8905  RMSD=0.97
  seed_126_arm_cond_scenario_A_pH_7_4_target_-1_char TM-score=0.82351  RMSD=1.07
  seed_127_arm_cond_scenario_A_pH_7_4_target_-1_char TM-score=0.69906  RMSD=2.03
  seed_128_arm_cond_scenario_A_pH_7_4_target_-1_char TM-score=0.91863  RMSD=0.66
  seed_129_arm_cond_scenario_A_pH_7_4_target_-1_char TM-score=0.75491  RMSD=1.92
  seed_130_arm_cond_scenario_A_pH_7_4_target_-1_char TM-score=0.87552  RMSD=0.98
已写入 code/output/phase3_antidrift_n20/1CRN/A_cond//tm.csv
  1CRN/A_cond tm DONE
  seed_111_arm_base_scenario_B_pH_4_0_target__4_char TM-score=0.90484  RMSD=0.83
  seed_112_arm_base_scenario_B_pH_4_0_target__4_char TM-score=0.89075  RMSD=0.73
  seed_113_arm_base_scenario_B_pH_4_0_target__4_char TM-score=0.86917  RMSD=0.94
  seed_114_arm_base_scenario_B_pH_4_0_target__4_char TM-score=0.89572  RMSD=0.88
  seed_115_arm_base_scenario_B_pH_4_0_target__4_char TM-score=0.90058  RMSD=0.68
  seed_116_arm_base_scenario_B_pH_4_0_target__4_char TM-score=0.91564  RMSD=0.67
  seed_117_arm_base_scenario_B_pH_4_0_target__4_char TM-score=0.91728  RMSD=0.7
  seed_118_arm_base_scenario_B_pH_4_0_target__4_char TM-score=0.87064  RMSD=0.91
  seed_119_arm_base_scenario_B_pH_4_0_target__4_char TM-score=0.87672  RMSD=0.95
  seed_120_arm_base_scenario_B_pH_4_0_target__4_char TM-score=0.90524  RMSD=0.71
  seed_121_arm_base_scenario_B_pH_4_0_target__4_char TM-score=0.88891  RMSD=0.96
  seed_122_arm_base_scenario_B_pH_4_0_target__4_char TM-score=0.90679  RMSD=0.76
  seed_123_arm_base_scenario_B_pH_4_0_target__4_char TM-score=0.86832  RMSD=0.93
  seed_124_arm_base_scenario_B_pH_4_0_target__4_char TM-score=0.90149  RMSD=0.78
  seed_125_arm_base_scenario_B_pH_4_0_target__4_char TM-score=0.9033  RMSD=0.79
  seed_126_arm_base_scenario_B_pH_4_0_target__4_char TM-score=0.92773  RMSD=0.63
  seed_127_arm_base_scenario_B_pH_4_0_target__4_char TM-score=0.89571  RMSD=0.84
  seed_128_arm_base_scenario_B_pH_4_0_target__4_char TM-score=0.91413  RMSD=0.79
  seed_129_arm_base_scenario_B_pH_4_0_target__4_char TM-score=0.87775  RMSD=1.0
  seed_130_arm_base_scenario_B_pH_4_0_target__4_char TM-score=0.91718  RMSD=0.69
已写入 code/output/phase3_antidrift_n20/1CRN/B_base//tm.csv
  1CRN/B_base tm DONE
  seed_111_arm_cond_scenario_B_pH_4_0_target__4_char TM-score=0.92358  RMSD=0.66
  seed_112_arm_cond_scenario_B_pH_4_0_target__4_char TM-score=0.89351  RMSD=0.84
  seed_113_arm_cond_scenario_B_pH_4_0_target__4_char TM-score=0.90818  RMSD=0.72
  seed_114_arm_cond_scenario_B_pH_4_0_target__4_char TM-score=0.81098  RMSD=1.29
  seed_115_arm_cond_scenario_B_pH_4_0_target__4_char TM-score=0.80066  RMSD=1.37
  seed_116_arm_cond_scenario_B_pH_4_0_target__4_char TM-score=0.88317  RMSD=0.88
  seed_117_arm_cond_scenario_B_pH_4_0_target__4_char TM-score=0.84836  RMSD=0.98
  seed_118_arm_cond_scenario_B_pH_4_0_target__4_char TM-score=0.86662  RMSD=0.99
  seed_119_arm_cond_scenario_B_pH_4_0_target__4_char TM-score=0.87004  RMSD=0.98
  seed_120_arm_cond_scenario_B_pH_4_0_target__4_char TM-score=0.88295  RMSD=0.9
  seed_121_arm_cond_scenario_B_pH_4_0_target__4_char TM-score=0.89111  RMSD=0.83
  seed_122_arm_cond_scenario_B_pH_4_0_target__4_char TM-score=0.86528  RMSD=1.03
  seed_123_arm_cond_scenario_B_pH_4_0_target__4_char TM-score=0.88226  RMSD=0.91
  seed_124_arm_cond_scenario_B_pH_4_0_target__4_char TM-score=0.90023  RMSD=0.78
  seed_125_arm_cond_scenario_B_pH_4_0_target__4_char TM-score=0.84725  RMSD=1.02
  seed_126_arm_cond_scenario_B_pH_4_0_target__4_char TM-score=0.83034  RMSD=0.97
  seed_127_arm_cond_scenario_B_pH_4_0_target__4_char TM-score=0.8764  RMSD=0.79
  seed_128_arm_cond_scenario_B_pH_4_0_target__4_char TM-score=0.89419  RMSD=0.81
  seed_129_arm_cond_scenario_B_pH_4_0_target__4_char TM-score=0.80617  RMSD=1.34
  seed_130_arm_cond_scenario_B_pH_4_0_target__4_char TM-score=0.89715  RMSD=0.82
已写入 code/output/phase3_antidrift_n20/1CRN/B_cond//tm.csv
  1CRN/B_cond tm DONE
  seed_111_arm_base_scenario_A_pH_7_4_target__0_char TM-score=0.95581  RMSD=0.82
  seed_112_arm_base_scenario_A_pH_7_4_target__0_char TM-score=0.95483  RMSD=0.84
  seed_113_arm_base_scenario_A_pH_7_4_target__0_char TM-score=0.95599  RMSD=0.64
  seed_114_arm_base_scenario_A_pH_7_4_target__0_char TM-score=0.95959  RMSD=0.93
  seed_115_arm_base_scenario_A_pH_7_4_target__0_char TM-score=0.96473  RMSD=0.82
  seed_116_arm_base_scenario_A_pH_7_4_target__0_char TM-score=0.96617  RMSD=0.77
  seed_117_arm_base_scenario_A_pH_7_4_target__0_char TM-score=0.95205  RMSD=1.14
  seed_118_arm_base_scenario_A_pH_7_4_target__0_char TM-score=0.96099  RMSD=0.71
  seed_119_arm_base_scenario_A_pH_7_4_target__0_char TM-score=0.96496  RMSD=0.66
  seed_120_arm_base_scenario_A_pH_7_4_target__0_char TM-score=0.96191  RMSD=0.73
  seed_121_arm_base_scenario_A_pH_7_4_target__0_char TM-score=0.9672  RMSD=0.74
  seed_122_arm_base_scenario_A_pH_7_4_target__0_char TM-score=0.95601  RMSD=0.97
  seed_123_arm_base_scenario_A_pH_7_4_target__0_char TM-score=0.94715  RMSD=1.02
  seed_124_arm_base_scenario_A_pH_7_4_target__0_char TM-score=0.95974  RMSD=0.74
  seed_125_arm_base_scenario_A_pH_7_4_target__0_char TM-score=0.95276  RMSD=1.0
  seed_126_arm_base_scenario_A_pH_7_4_target__0_char TM-score=0.95309  RMSD=0.84
  seed_127_arm_base_scenario_A_pH_7_4_target__0_char TM-score=0.9713  RMSD=0.59
  seed_128_arm_base_scenario_A_pH_7_4_target__0_char TM-score=0.95573  RMSD=0.82
  seed_129_arm_base_scenario_A_pH_7_4_target__0_char TM-score=0.96011  RMSD=0.9
  seed_130_arm_base_scenario_A_pH_7_4_target__0_char TM-score=0.96257  RMSD=0.93
已写入 code/output/phase3_antidrift_n20/1UBQ/A_base//tm.csv
  1UBQ/A_base tm DONE
  seed_111_arm_cond_scenario_A_pH_7_4_target__0_char TM-score=0.94399  RMSD=0.92
  seed_112_arm_cond_scenario_A_pH_7_4_target__0_char TM-score=0.95465  RMSD=0.86
  seed_113_arm_cond_scenario_A_pH_7_4_target__0_char TM-score=0.95694  RMSD=0.88
  seed_114_arm_cond_scenario_A_pH_7_4_target__0_char TM-score=0.92889  RMSD=1.06
  seed_115_arm_cond_scenario_A_pH_7_4_target__0_char TM-score=0.93038  RMSD=1.14
  seed_116_arm_cond_scenario_A_pH_7_4_target__0_char TM-score=0.96262  RMSD=0.82
  seed_117_arm_cond_scenario_A_pH_7_4_target__0_char TM-score=0.96899  RMSD=0.78
  seed_118_arm_cond_scenario_A_pH_7_4_target__0_char TM-score=0.95743  RMSD=0.87
  seed_119_arm_cond_scenario_A_pH_7_4_target__0_char TM-score=0.95468  RMSD=1.0
  seed_120_arm_cond_scenario_A_pH_7_4_target__0_char TM-score=0.94194  RMSD=1.11
  seed_121_arm_cond_scenario_A_pH_7_4_target__0_char TM-score=0.94438  RMSD=1.13
  seed_122_arm_cond_scenario_A_pH_7_4_target__0_char TM-score=0.95944  RMSD=0.74
  seed_123_arm_cond_scenario_A_pH_7_4_target__0_char TM-score=0.9502  RMSD=1.03
  seed_124_arm_cond_scenario_A_pH_7_4_target__0_char TM-score=0.94965  RMSD=0.95
  seed_125_arm_cond_scenario_A_pH_7_4_target__0_char TM-score=0.95744  RMSD=0.89
  seed_126_arm_cond_scenario_A_pH_7_4_target__0_char TM-score=0.96038  RMSD=0.82
  seed_127_arm_cond_scenario_A_pH_7_4_target__0_char TM-score=0.9364  RMSD=1.09
  seed_128_arm_cond_scenario_A_pH_7_4_target__0_char TM-score=0.95546  RMSD=0.82
  seed_129_arm_cond_scenario_A_pH_7_4_target__0_char TM-score=0.95343  RMSD=0.82
  seed_130_arm_cond_scenario_A_pH_7_4_target__0_char TM-score=0.96618  RMSD=0.92
已写入 code/output/phase3_antidrift_n20/1UBQ/A_cond//tm.csv
  1UBQ/A_cond tm DONE
  seed_111_arm_base_scenario_B_pH_4_0_target__5_char TM-score=0.95581  RMSD=0.82
  seed_112_arm_base_scenario_B_pH_4_0_target__5_char TM-score=0.95483  RMSD=0.84
  seed_113_arm_base_scenario_B_pH_4_0_target__5_char TM-score=0.95599  RMSD=0.64
  seed_114_arm_base_scenario_B_pH_4_0_target__5_char TM-score=0.95959  RMSD=0.93
  seed_115_arm_base_scenario_B_pH_4_0_target__5_char TM-score=0.96473  RMSD=0.82
  seed_116_arm_base_scenario_B_pH_4_0_target__5_char TM-score=0.96617  RMSD=0.77
  seed_117_arm_base_scenario_B_pH_4_0_target__5_char TM-score=0.95205  RMSD=1.14
  seed_118_arm_base_scenario_B_pH_4_0_target__5_char TM-score=0.96099  RMSD=0.71
  seed_119_arm_base_scenario_B_pH_4_0_target__5_char TM-score=0.96496  RMSD=0.66
  seed_120_arm_base_scenario_B_pH_4_0_target__5_char TM-score=0.96191  RMSD=0.73
  seed_121_arm_base_scenario_B_pH_4_0_target__5_char TM-score=0.9672  RMSD=0.74
  seed_122_arm_base_scenario_B_pH_4_0_target__5_char TM-score=0.95601  RMSD=0.97
  seed_123_arm_base_scenario_B_pH_4_0_target__5_char TM-score=0.94715  RMSD=1.02
  seed_124_arm_base_scenario_B_pH_4_0_target__5_char TM-score=0.95974  RMSD=0.74
  seed_125_arm_base_scenario_B_pH_4_0_target__5_char TM-score=0.95276  RMSD=1.0
  seed_126_arm_base_scenario_B_pH_4_0_target__5_char TM-score=0.95309  RMSD=0.84
  seed_127_arm_base_scenario_B_pH_4_0_target__5_char TM-score=0.9713  RMSD=0.59
  seed_128_arm_base_scenario_B_pH_4_0_target__5_char TM-score=0.95573  RMSD=0.82
  seed_129_arm_base_scenario_B_pH_4_0_target__5_char TM-score=0.96011  RMSD=0.9
  seed_130_arm_base_scenario_B_pH_4_0_target__5_char TM-score=0.96257  RMSD=0.93
已写入 code/output/phase3_antidrift_n20/1UBQ/B_base//tm.csv
  1UBQ/B_base tm DONE
  seed_111_arm_cond_scenario_B_pH_4_0_target__5_char TM-score=0.93628  RMSD=0.9
  seed_112_arm_cond_scenario_B_pH_4_0_target__5_char TM-score=0.9497  RMSD=1.08
  seed_113_arm_cond_scenario_B_pH_4_0_target__5_char TM-score=0.96618  RMSD=0.87
  seed_114_arm_cond_scenario_B_pH_4_0_target__5_char TM-score=0.95721  RMSD=0.97
  seed_115_arm_cond_scenario_B_pH_4_0_target__5_char TM-score=0.9412  RMSD=0.98
  seed_116_arm_cond_scenario_B_pH_4_0_target__5_char TM-score=0.96084  RMSD=0.78
  seed_117_arm_cond_scenario_B_pH_4_0_target__5_char TM-score=0.9646  RMSD=0.74
  seed_118_arm_cond_scenario_B_pH_4_0_target__5_char TM-score=0.96077  RMSD=0.99
  seed_119_arm_cond_scenario_B_pH_4_0_target__5_char TM-score=0.95892  RMSD=1.04
  seed_120_arm_cond_scenario_B_pH_4_0_target__5_char TM-score=0.94129  RMSD=1.01
  seed_121_arm_cond_scenario_B_pH_4_0_target__5_char TM-score=0.94679  RMSD=0.96
  seed_122_arm_cond_scenario_B_pH_4_0_target__5_char TM-score=0.96575  RMSD=0.98
  seed_123_arm_cond_scenario_B_pH_4_0_target__5_char TM-score=0.95867  RMSD=1.05
  seed_124_arm_cond_scenario_B_pH_4_0_target__5_char TM-score=0.95354  RMSD=0.96
  seed_125_arm_cond_scenario_B_pH_4_0_target__5_char TM-score=0.95495  RMSD=0.89
  seed_126_arm_cond_scenario_B_pH_4_0_target__5_char TM-score=0.95722  RMSD=0.92
  seed_127_arm_cond_scenario_B_pH_4_0_target__5_char TM-score=0.92439  RMSD=1.09
  seed_128_arm_cond_scenario_B_pH_4_0_target__5_char TM-score=0.94842  RMSD=1.29
  seed_129_arm_cond_scenario_B_pH_4_0_target__5_char TM-score=0.94217  RMSD=0.97
  seed_130_arm_cond_scenario_B_pH_4_0_target__5_char TM-score=0.96662  RMSD=0.71
已写入 code/output/phase3_antidrift_n20/1UBQ/B_cond//tm.csv
  1UBQ/B_cond tm DONE
  seed_111_arm_base_scenario_A_pH_7_4_target__8_char TM-score=0.98454  RMSD=0.61
  seed_112_arm_base_scenario_A_pH_7_4_target__8_char TM-score=0.98772  RMSD=0.54
  seed_113_arm_base_scenario_A_pH_7_4_target__8_char TM-score=0.98624  RMSD=0.58
  seed_114_arm_base_scenario_A_pH_7_4_target__8_char TM-score=0.98054  RMSD=0.82
  seed_115_arm_base_scenario_A_pH_7_4_target__8_char TM-score=0.98279  RMSD=0.65
  seed_116_arm_base_scenario_A_pH_7_4_target__8_char TM-score=0.98443  RMSD=0.62
  seed_117_arm_base_scenario_A_pH_7_4_target__8_char TM-score=0.98387  RMSD=0.62
  seed_118_arm_base_scenario_A_pH_7_4_target__8_char TM-score=0.98964  RMSD=0.5
  seed_119_arm_base_scenario_A_pH_7_4_target__8_char TM-score=0.98662  RMSD=0.56
  seed_120_arm_base_scenario_A_pH_7_4_target__8_char TM-score=0.98247  RMSD=0.65
  seed_121_arm_base_scenario_A_pH_7_4_target__8_char TM-score=0.98344  RMSD=0.64
  seed_122_arm_base_scenario_A_pH_7_4_target__8_char TM-score=0.97408  RMSD=0.8
  seed_123_arm_base_scenario_A_pH_7_4_target__8_char TM-score=0.98149  RMSD=0.67
  seed_124_arm_base_scenario_A_pH_7_4_target__8_char TM-score=0.98107  RMSD=0.68
  seed_125_arm_base_scenario_A_pH_7_4_target__8_char TM-score=0.98627  RMSD=0.57
  seed_126_arm_base_scenario_A_pH_7_4_target__8_char TM-score=0.98559  RMSD=0.59
  seed_127_arm_base_scenario_A_pH_7_4_target__8_char TM-score=0.9883  RMSD=0.53
  seed_128_arm_base_scenario_A_pH_7_4_target__8_char TM-score=0.98394  RMSD=0.63
  seed_129_arm_base_scenario_A_pH_7_4_target__8_char TM-score=0.97739  RMSD=0.74
  seed_130_arm_base_scenario_A_pH_7_4_target__8_char TM-score=0.96901  RMSD=0.87
已写入 code/output/phase3_antidrift_n20/2LZM/A_base//tm.csv
  2LZM/A_base tm DONE
  seed_111_arm_cond_scenario_A_pH_7_4_target__8_char TM-score=0.96173  RMSD=0.98
  seed_112_arm_cond_scenario_A_pH_7_4_target__8_char TM-score=0.97104  RMSD=0.86
  seed_113_arm_cond_scenario_A_pH_7_4_target__8_char TM-score=0.97136  RMSD=0.84
  seed_114_arm_cond_scenario_A_pH_7_4_target__8_char TM-score=0.94038  RMSD=1.24
  seed_115_arm_cond_scenario_A_pH_7_4_target__8_char TM-score=0.92331  RMSD=1.42
  seed_116_arm_cond_scenario_A_pH_7_4_target__8_char TM-score=0.97266  RMSD=0.81
  seed_117_arm_cond_scenario_A_pH_7_4_target__8_char TM-score=0.92826  RMSD=1.38
  seed_118_arm_cond_scenario_A_pH_7_4_target__8_char TM-score=0.97815  RMSD=0.73
  seed_119_arm_cond_scenario_A_pH_7_4_target__8_char TM-score=0.9661  RMSD=0.95
  seed_120_arm_cond_scenario_A_pH_7_4_target__8_char TM-score=0.96549  RMSD=0.91
  seed_121_arm_cond_scenario_A_pH_7_4_target__8_char TM-score=0.97303  RMSD=0.81
  seed_122_arm_cond_scenario_A_pH_7_4_target__8_char TM-score=0.93478  RMSD=1.36
  seed_123_arm_cond_scenario_A_pH_7_4_target__8_char TM-score=0.97238  RMSD=0.83
  seed_124_arm_cond_scenario_A_pH_7_4_target__8_char TM-score=0.95191  RMSD=1.13
  seed_125_arm_cond_scenario_A_pH_7_4_target__8_char TM-score=0.89516  RMSD=1.72
  seed_126_arm_cond_scenario_A_pH_7_4_target__8_char TM-score=0.96472  RMSD=0.97
  seed_127_arm_cond_scenario_A_pH_7_4_target__8_char TM-score=0.95636  RMSD=1.04
  seed_128_arm_cond_scenario_A_pH_7_4_target__8_char TM-score=0.92032  RMSD=1.5
  seed_129_arm_cond_scenario_A_pH_7_4_target__8_char TM-score=0.95638  RMSD=1.05
  seed_130_arm_cond_scenario_A_pH_7_4_target__8_char TM-score=0.96469  RMSD=0.95
已写入 code/output/phase3_antidrift_n20/2LZM/A_cond//tm.csv
  2LZM/A_cond tm DONE
  seed_111_arm_base_scenario_B_pH_4_0_target__13_cha TM-score=0.98454  RMSD=0.61
  seed_112_arm_base_scenario_B_pH_4_0_target__13_cha TM-score=0.98772  RMSD=0.54
  seed_113_arm_base_scenario_B_pH_4_0_target__13_cha TM-score=0.98624  RMSD=0.58
  seed_114_arm_base_scenario_B_pH_4_0_target__13_cha TM-score=0.98054  RMSD=0.82
  seed_115_arm_base_scenario_B_pH_4_0_target__13_cha TM-score=0.98279  RMSD=0.65
  seed_116_arm_base_scenario_B_pH_4_0_target__13_cha TM-score=0.98443  RMSD=0.62
  seed_117_arm_base_scenario_B_pH_4_0_target__13_cha TM-score=0.98387  RMSD=0.62
  seed_118_arm_base_scenario_B_pH_4_0_target__13_cha TM-score=0.98964  RMSD=0.5
  seed_119_arm_base_scenario_B_pH_4_0_target__13_cha TM-score=0.98662  RMSD=0.56
  seed_120_arm_base_scenario_B_pH_4_0_target__13_cha TM-score=0.98247  RMSD=0.65
  seed_121_arm_base_scenario_B_pH_4_0_target__13_cha TM-score=0.98344  RMSD=0.64
  seed_122_arm_base_scenario_B_pH_4_0_target__13_cha TM-score=0.97408  RMSD=0.8
  seed_123_arm_base_scenario_B_pH_4_0_target__13_cha TM-score=0.98149  RMSD=0.67
  seed_124_arm_base_scenario_B_pH_4_0_target__13_cha TM-score=0.98107  RMSD=0.68
  seed_125_arm_base_scenario_B_pH_4_0_target__13_cha TM-score=0.98627  RMSD=0.57
  seed_126_arm_base_scenario_B_pH_4_0_target__13_cha TM-score=0.98559  RMSD=0.59
  seed_127_arm_base_scenario_B_pH_4_0_target__13_cha TM-score=0.9883  RMSD=0.53
  seed_128_arm_base_scenario_B_pH_4_0_target__13_cha TM-score=0.98394  RMSD=0.63
  seed_129_arm_base_scenario_B_pH_4_0_target__13_cha TM-score=0.97739  RMSD=0.74
  seed_130_arm_base_scenario_B_pH_4_0_target__13_cha TM-score=0.96901  RMSD=0.87
已写入 code/output/phase3_antidrift_n20/2LZM/B_base//tm.csv
  2LZM/B_base tm DONE
  seed_111_arm_cond_scenario_B_pH_4_0_target__13_cha TM-score=0.95495  RMSD=1.09
  seed_112_arm_cond_scenario_B_pH_4_0_target__13_cha TM-score=0.98468  RMSD=0.6
  seed_113_arm_cond_scenario_B_pH_4_0_target__13_cha TM-score=0.97558  RMSD=0.76
  seed_114_arm_cond_scenario_B_pH_4_0_target__13_cha TM-score=0.95224  RMSD=1.08
  seed_115_arm_cond_scenario_B_pH_4_0_target__13_cha TM-score=0.97675  RMSD=0.75
  seed_116_arm_cond_scenario_B_pH_4_0_target__13_cha TM-score=0.98183  RMSD=0.66
  seed_117_arm_cond_scenario_B_pH_4_0_target__13_cha TM-score=0.96768  RMSD=0.89
  seed_118_arm_cond_scenario_B_pH_4_0_target__13_cha TM-score=0.95841  RMSD=1.02
  seed_119_arm_cond_scenario_B_pH_4_0_target__13_cha TM-score=0.97224  RMSD=0.89
  seed_120_arm_cond_scenario_B_pH_4_0_target__13_cha TM-score=0.97092  RMSD=0.85
  seed_121_arm_cond_scenario_B_pH_4_0_target__13_cha TM-score=0.98369  RMSD=0.62
  seed_122_arm_cond_scenario_B_pH_4_0_target__13_cha TM-score=0.95942  RMSD=1.04
  seed_123_arm_cond_scenario_B_pH_4_0_target__13_cha TM-score=0.9746  RMSD=0.79
  seed_124_arm_cond_scenario_B_pH_4_0_target__13_cha TM-score=0.97798  RMSD=0.72
  seed_125_arm_cond_scenario_B_pH_4_0_target__13_cha TM-score=0.95051  RMSD=1.12
  seed_126_arm_cond_scenario_B_pH_4_0_target__13_cha TM-score=0.98144  RMSD=0.66
  seed_127_arm_cond_scenario_B_pH_4_0_target__13_cha TM-score=0.97808  RMSD=0.72
  seed_128_arm_cond_scenario_B_pH_4_0_target__13_cha TM-score=0.95954  RMSD=1.0
  seed_129_arm_cond_scenario_B_pH_4_0_target__13_cha TM-score=0.97948  RMSD=0.7
  seed_130_arm_cond_scenario_B_pH_4_0_target__13_cha TM-score=0.96326  RMSD=0.98
已写入 code/output/phase3_antidrift_n20/2LZM/B_cond//tm.csv
  2LZM/B_cond tm DONE
=== [3/4] Protein-Sol %sol（系统 python3，递归 arm 目录）===

============================================================
Starting Protein-Sol Prediction Pipeline
Input: code/output/phase3_antidrift_n20/1BC8/A_base/seqs.fa
Working directory: /data/nfs/IC/baokun_yu/ConfuMPNN/protein_sol_mcp/scripts/protein-sol
============================================================

Step 1: Reformatting FASTA file...
Running fasta_seq_reformat_export.pl...
✓ fasta_seq_reformat_export.pl completed successfully
✓ Original file backed up to input.fasta_ORIGINAL

Step 2: Calculating sequence composition...
Running seq_compositions_perc_pipeline_export.pl...
✓ seq_compositions_perc_pipeline_export.pl completed successfully
✓ Composition data saved to seq_composition.txt

Step 3: Making solubility predictions...
Running server_prediction_seq_export.pl...
✓ server_prediction_seq_export.pl completed successfully
✓ Predictions generated

Step 4: Calculating sequence properties...
Running seq_props_ALL_export.pl...
✓ seq_props_ALL_export.pl completed successfully
✓ Sequence properties calculated

Step 5: Gathering profiles...
Running profiles_gather_export.pl...
✓ profiles_gather_export.pl completed successfully
✓ Profiles gathered

Step 6: Creating CSV output...
✓ CSV output saved to seqs.fa-protein_sol.csv

Step 7: Cleaning up intermediate files...
✓ Cleanup completed

============================================================
Prediction Results:
============================================================
ID                   percent-sol     scaled-sol      population-sol  pI        
--------------------------------------------------------------------------------
>seed_111            89.605          0.781           0.446           10.100    
>seed_112            89.605          0.781           0.446           4.550     
>seed_113            89.605          0.781           0.446           4.600     
>seed_114            79.126          0.684           0.446           5.340     
>seed_115            76.611          0.661           0.446           6.430     
>seed_116            79.126          0.684           0.446           9.200     
>seed_117            92.086          0.804           0.446           4.890     
>seed_118            75.040          0.646           0.446           5.310     
>seed_119            76.611          0.661           0.446           5.670     
>seed_120            79.126          0.684           0.446           9.190     
>seed_121            89.605          0.781           0.446           4.500     
>seed_122            85.264          0.741           0.446           9.170     
>seed_123            83.317          0.723           0.446           9.390     
>seed_124            85.798          0.746           0.446           5.030     
>seed_125            79.091          0.684           0.446           7.240     
>seed_126            79.126          0.684           0.446           9.180     
>seed_127            76.611          0.661           0.446           8.810     
>seed_128            81.241          0.704           0.446           7.280     
>seed_129            76.611          0.661           0.446           5.640     
>seed_130            83.317          0.723           0.446           9.430     

============================================================
Pipeline completed successfully!
============================================================

Output files in /data/nfs/IC/baokun_yu/ConfuMPNN/code/output/phase3_antidrift_n20/1BC8/A_base:
  - seqs.fa-protein_sol.csv              : CSV with ID, sequence, and metrics
  - seqs.fa-protein_sol_prediction.txt : Main prediction results
  - seqs.fa-protein_sol_composition.txt: Sequence composition data
  - seqs.fa-protein_sol.log        : Detailed execution log

  A_base sol DONE

============================================================
Starting Protein-Sol Prediction Pipeline
Input: code/output/phase3_antidrift_n20/1BC8/A_cond/seqs.fa
Working directory: /data/nfs/IC/baokun_yu/ConfuMPNN/protein_sol_mcp/scripts/protein-sol
============================================================

Step 1: Reformatting FASTA file...
Running fasta_seq_reformat_export.pl...
✓ fasta_seq_reformat_export.pl completed successfully
✓ Original file backed up to input.fasta_ORIGINAL

Step 2: Calculating sequence composition...
Running seq_compositions_perc_pipeline_export.pl...
✓ seq_compositions_perc_pipeline_export.pl completed successfully
✓ Composition data saved to seq_composition.txt

Step 3: Making solubility predictions...
Running server_prediction_seq_export.pl...
✓ server_prediction_seq_export.pl completed successfully
✓ Predictions generated

Step 4: Calculating sequence properties...
Running seq_props_ALL_export.pl...
✓ seq_props_ALL_export.pl completed successfully
✓ Sequence properties calculated

Step 5: Gathering profiles...
Running profiles_gather_export.pl...
✓ profiles_gather_export.pl completed successfully
✓ Profiles gathered

Step 6: Creating CSV output...
✓ CSV output saved to seqs.fa-protein_sol.csv

Step 7: Cleaning up intermediate files...
✓ Cleanup completed

============================================================
Prediction Results:
============================================================
ID                   percent-sol     scaled-sol      population-sol  pI        
--------------------------------------------------------------------------------
>seed_111            73.423          0.631           0.446           10.730    
>seed_112            70.943          0.608           0.446           10.130    
>seed_113            79.304          0.686           0.446           10.830    
>seed_114            73.423          0.631           0.446           10.470    
>seed_115            77.092          0.665           0.446           10.530    
>seed_116            66.415          0.567           0.446           12.180    
>seed_117            73.423          0.631           0.446           11.140    
>seed_118            77.081          0.665           0.446           10.440    
>seed_119            73.423          0.631           0.446           10.430    
>seed_120            69.675          0.597           0.446           11.000    
>seed_121            81.877          0.710           0.446           10.790    
>seed_122            71.084          0.610           0.446           10.950    
>seed_123            77.081          0.665           0.446           10.830    
>seed_124            65.602          0.559           0.446           11.810    
>seed_125            76.943          0.664           0.446           9.910     
>seed_126            88.016          0.767           0.446           10.890    
>seed_127            63.984          0.544           0.446           10.250    
>seed_128            77.081          0.665           0.446           10.800    
>seed_129            77.261          0.667           0.446           10.790    
>seed_130            63.002          0.535           0.446           11.580    

============================================================
Pipeline completed successfully!
============================================================

Output files in /data/nfs/IC/baokun_yu/ConfuMPNN/code/output/phase3_antidrift_n20/1BC8/A_cond:
  - seqs.fa-protein_sol.csv              : CSV with ID, sequence, and metrics
  - seqs.fa-protein_sol_prediction.txt : Main prediction results
  - seqs.fa-protein_sol_composition.txt: Sequence composition data
  - seqs.fa-protein_sol.log        : Detailed execution log

  A_cond sol DONE

============================================================
Starting Protein-Sol Prediction Pipeline
Input: code/output/phase3_antidrift_n20/1BC8/B_base/seqs.fa
Working directory: /data/nfs/IC/baokun_yu/ConfuMPNN/protein_sol_mcp/scripts/protein-sol
============================================================

Step 1: Reformatting FASTA file...
Running fasta_seq_reformat_export.pl...
✓ fasta_seq_reformat_export.pl completed successfully
✓ Original file backed up to input.fasta_ORIGINAL

Step 2: Calculating sequence composition...
Running seq_compositions_perc_pipeline_export.pl...
✓ seq_compositions_perc_pipeline_export.pl completed successfully
✓ Composition data saved to seq_composition.txt

Step 3: Making solubility predictions...
Running server_prediction_seq_export.pl...
✓ server_prediction_seq_export.pl completed successfully
✓ Predictions generated

Step 4: Calculating sequence properties...
Running seq_props_ALL_export.pl...
✓ seq_props_ALL_export.pl completed successfully
✓ Sequence properties calculated

Step 5: Gathering profiles...
Running profiles_gather_export.pl...
✓ profiles_gather_export.pl completed successfully
✓ Profiles gathered

Step 6: Creating CSV output...
✓ CSV output saved to seqs.fa-protein_sol.csv

Step 7: Cleaning up intermediate files...
✓ Cleanup completed

============================================================
Prediction Results:
============================================================
ID                   percent-sol     scaled-sol      population-sol  pI        
--------------------------------------------------------------------------------
>seed_111            89.605          0.781           0.446           10.100    
>seed_112            89.605          0.781           0.446           4.550     
>seed_113            89.605          0.781           0.446           4.600     
>seed_114            79.126          0.684           0.446           5.340     
>seed_115            76.611          0.661           0.446           6.430     
>seed_116            79.126          0.684           0.446           9.200     
>seed_117            92.086          0.804           0.446           4.890     
>seed_118            75.040          0.646           0.446           5.310     
>seed_119            76.611          0.661           0.446           5.670     
>seed_120            79.126          0.684           0.446           9.190     
>seed_121            89.605          0.781           0.446           4.500     
>seed_122            85.264          0.741           0.446           9.170     
>seed_123            83.317          0.723           0.446           9.390     
>seed_124            85.798          0.746           0.446           5.030     
>seed_125            79.091          0.684           0.446           7.240     
>seed_126            79.126          0.684           0.446           9.180     
>seed_127            76.611          0.661           0.446           8.810     
>seed_128            81.241          0.704           0.446           7.280     
>seed_129            76.611          0.661           0.446           5.640     
>seed_130            83.317          0.723           0.446           9.430     

============================================================
Pipeline completed successfully!
============================================================

Output files in /data/nfs/IC/baokun_yu/ConfuMPNN/code/output/phase3_antidrift_n20/1BC8/B_base:
  - seqs.fa-protein_sol.csv              : CSV with ID, sequence, and metrics
  - seqs.fa-protein_sol_prediction.txt : Main prediction results
  - seqs.fa-protein_sol_composition.txt: Sequence composition data
  - seqs.fa-protein_sol.log        : Detailed execution log

  B_base sol DONE

============================================================
Starting Protein-Sol Prediction Pipeline
Input: code/output/phase3_antidrift_n20/1BC8/B_cond/seqs.fa
Working directory: /data/nfs/IC/baokun_yu/ConfuMPNN/protein_sol_mcp/scripts/protein-sol
============================================================

Step 1: Reformatting FASTA file...
Running fasta_seq_reformat_export.pl...
✓ fasta_seq_reformat_export.pl completed successfully
✓ Original file backed up to input.fasta_ORIGINAL

Step 2: Calculating sequence composition...
Running seq_compositions_perc_pipeline_export.pl...
✓ seq_compositions_perc_pipeline_export.pl completed successfully
✓ Composition data saved to seq_composition.txt

Step 3: Making solubility predictions...
Running server_prediction_seq_export.pl...
✓ server_prediction_seq_export.pl completed successfully
✓ Predictions generated

Step 4: Calculating sequence properties...
Running seq_props_ALL_export.pl...
✓ seq_props_ALL_export.pl completed successfully
✓ Sequence properties calculated

Step 5: Gathering profiles...
Running profiles_gather_export.pl...
✓ profiles_gather_export.pl completed successfully
✓ Profiles gathered

Step 6: Creating CSV output...
✓ CSV output saved to seqs.fa-protein_sol.csv

Step 7: Cleaning up intermediate files...
✓ Cleanup completed

============================================================
Prediction Results:
============================================================
ID                   percent-sol     scaled-sol      population-sol  pI        
--------------------------------------------------------------------------------
>seed_111            78.795          0.681           0.446           10.070    
>seed_112            70.943          0.608           0.446           9.830     
>seed_113            79.304          0.686           0.446           10.440    
>seed_114            79.304          0.686           0.446           10.360    
>seed_115            70.943          0.608           0.446           10.060    
>seed_116            79.304          0.686           0.446           11.040    
>seed_117            79.304          0.686           0.446           10.570    
>seed_118            77.629          0.670           0.446           10.070    
>seed_119            85.854          0.746           0.446           9.900     
>seed_120            77.081          0.665           0.446           10.260    
>seed_121            72.352          0.622           0.446           10.380    
>seed_122            78.863          0.682           0.446           10.300    
>seed_123            83.112          0.721           0.446           10.530    
>seed_124            70.943          0.608           0.446           10.430    
>seed_125            78.490          0.678           0.446           10.220    
>seed_126            77.711          0.671           0.446           10.370    
>seed_127            85.442          0.743           0.446           10.290    
>seed_128            83.797          0.727           0.446           10.490    
>seed_129            79.304          0.686           0.446           10.510    
>seed_130            79.304          0.686           0.446           10.760    

============================================================
Pipeline completed successfully!
============================================================

Output files in /data/nfs/IC/baokun_yu/ConfuMPNN/code/output/phase3_antidrift_n20/1BC8/B_cond:
  - seqs.fa-protein_sol.csv              : CSV with ID, sequence, and metrics
  - seqs.fa-protein_sol_prediction.txt : Main prediction results
  - seqs.fa-protein_sol_composition.txt: Sequence composition data
  - seqs.fa-protein_sol.log        : Detailed execution log

  B_cond sol DONE

============================================================
Starting Protein-Sol Prediction Pipeline
Input: code/output/phase3_antidrift_n20/1CRN/A_base/seqs.fa
Working directory: /data/nfs/IC/baokun_yu/ConfuMPNN/protein_sol_mcp/scripts/protein-sol
============================================================

Step 1: Reformatting FASTA file...
Running fasta_seq_reformat_export.pl...
✓ fasta_seq_reformat_export.pl completed successfully
✓ Original file backed up to input.fasta_ORIGINAL

Step 2: Calculating sequence composition...
Running seq_compositions_perc_pipeline_export.pl...
✓ seq_compositions_perc_pipeline_export.pl completed successfully
✓ Composition data saved to seq_composition.txt

Step 3: Making solubility predictions...
Running server_prediction_seq_export.pl...
✓ server_prediction_seq_export.pl completed successfully
✓ Predictions generated

Step 4: Calculating sequence properties...
Running seq_props_ALL_export.pl...
✓ seq_props_ALL_export.pl completed successfully
✓ Sequence properties calculated

Step 5: Gathering profiles...
Running profiles_gather_export.pl...
✓ profiles_gather_export.pl completed successfully
✓ Profiles gathered

Step 6: Creating CSV output...
✓ CSV output saved to seqs.fa-protein_sol.csv

Step 7: Cleaning up intermediate files...
✓ Cleanup completed

============================================================
Prediction Results:
============================================================
ID                   percent-sol     scaled-sol      population-sol  pI        
--------------------------------------------------------------------------------
>seed_111            93.785          0.820           0.446           7.310     
>seed_112            93.490          0.817           0.446           9.390     
>seed_113            96.300          0.843           0.446           5.180     
>seed_114            105.103         0.925           0.446           4.860     
>seed_115            106.779         0.940           0.446           4.480     
>seed_116            96.300          0.843           0.446           5.180     
>seed_117            83.412          0.724           0.446           5.260     
>seed_118            106.779         0.940           0.446           4.590     
>seed_119            102.293         0.899           0.446           9.620     
>seed_120            64.750          0.551           0.446           5.000     
>seed_121            96.300          0.843           0.446           5.320     
>seed_122            106.779         0.940           0.446           4.380     
>seed_123            105.103         0.925           0.446           4.860     
>seed_124            105.103         0.925           0.446           9.590     
>seed_125            105.103         0.925           0.446           9.590     
>seed_126            93.785          0.820           0.446           7.230     
>seed_127            103.969         0.914           0.446           10.070    
>seed_128            103.143         0.907           0.446           4.690     
>seed_129            95.067          0.832           0.446           5.230     
>seed_130            94.801          0.829           0.446           9.700     

============================================================
Pipeline completed successfully!
============================================================

Output files in /data/nfs/IC/baokun_yu/ConfuMPNN/code/output/phase3_antidrift_n20/1CRN/A_base:
  - seqs.fa-protein_sol.csv              : CSV with ID, sequence, and metrics
  - seqs.fa-protein_sol_prediction.txt : Main prediction results
  - seqs.fa-protein_sol_composition.txt: Sequence composition data
  - seqs.fa-protein_sol.log        : Detailed execution log

  A_base sol DONE

============================================================
Starting Protein-Sol Prediction Pipeline
Input: code/output/phase3_antidrift_n20/1CRN/A_cond/seqs.fa
Working directory: /data/nfs/IC/baokun_yu/ConfuMPNN/protein_sol_mcp/scripts/protein-sol
============================================================

Step 1: Reformatting FASTA file...
Running fasta_seq_reformat_export.pl...
✓ fasta_seq_reformat_export.pl completed successfully
✓ Original file backed up to input.fasta_ORIGINAL

Step 2: Calculating sequence composition...
Running seq_compositions_perc_pipeline_export.pl...
✓ seq_compositions_perc_pipeline_export.pl completed successfully
✓ Composition data saved to seq_composition.txt

Step 3: Making solubility predictions...
Running server_prediction_seq_export.pl...
✓ server_prediction_seq_export.pl completed successfully
✓ Predictions generated

Step 4: Calculating sequence properties...
Running seq_props_ALL_export.pl...
✓ seq_props_ALL_export.pl completed successfully
✓ Sequence properties calculated

Step 5: Gathering profiles...
Running profiles_gather_export.pl...
✓ profiles_gather_export.pl completed successfully
✓ Profiles gathered

Step 6: Creating CSV output...
✓ CSV output saved to seqs.fa-protein_sol.csv

Step 7: Cleaning up intermediate files...
✓ Cleanup completed

============================================================
Prediction Results:
============================================================
ID                   percent-sol     scaled-sol      population-sol  pI        
--------------------------------------------------------------------------------
>seed_111            77.638          0.670           0.446           9.720     
>seed_112            75.231          0.648           0.446           4.090     
>seed_113            87.348          0.760           0.446           1.000     
>seed_114            79.445          0.687           0.446           1.000     
>seed_115            86.440          0.752           0.446           4.090     
>seed_116            63.913          0.543           0.446           7.090     
>seed_117            64.750          0.551           0.446           10.880    
>seed_118            78.098          0.675           0.446           4.090     
>seed_119            68.897          0.590           0.446           8.000     
>seed_120            75.229          0.648           0.446           11.050    
>seed_121            74.002          0.637           0.446           1.000     
>seed_122            77.638          0.670           0.446           14.000    
>seed_123            65.464          0.558           0.446           6.930     
>seed_124            56.770          0.477           0.446           9.600     
>seed_125            71.487          0.614           0.446           1.000     
>seed_126            71.412          0.613           0.446           4.390     
>seed_127            90.310          0.788           0.446           10.290    
>seed_128            71.487          0.614           0.446           7.120     
>seed_129            75.229          0.648           0.446           11.050    
>seed_130            86.440          0.752           0.446           4.090     

============================================================
Pipeline completed successfully!
============================================================

Output files in /data/nfs/IC/baokun_yu/ConfuMPNN/code/output/phase3_antidrift_n20/1CRN/A_cond:
  - seqs.fa-protein_sol.csv              : CSV with ID, sequence, and metrics
  - seqs.fa-protein_sol_prediction.txt : Main prediction results
  - seqs.fa-protein_sol_composition.txt: Sequence composition data
  - seqs.fa-protein_sol.log        : Detailed execution log

  A_cond sol DONE

============================================================
Starting Protein-Sol Prediction Pipeline
Input: code/output/phase3_antidrift_n20/1CRN/B_base/seqs.fa
Working directory: /data/nfs/IC/baokun_yu/ConfuMPNN/protein_sol_mcp/scripts/protein-sol
============================================================

Step 1: Reformatting FASTA file...
Running fasta_seq_reformat_export.pl...
✓ fasta_seq_reformat_export.pl completed successfully
✓ Original file backed up to input.fasta_ORIGINAL

Step 2: Calculating sequence composition...
Running seq_compositions_perc_pipeline_export.pl...
✓ seq_compositions_perc_pipeline_export.pl completed successfully
✓ Composition data saved to seq_composition.txt

Step 3: Making solubility predictions...
Running server_prediction_seq_export.pl...
✓ server_prediction_seq_export.pl completed successfully
✓ Predictions generated

Step 4: Calculating sequence properties...
Running seq_props_ALL_export.pl...
✓ seq_props_ALL_export.pl completed successfully
✓ Sequence properties calculated

Step 5: Gathering profiles...
Running profiles_gather_export.pl...
✓ profiles_gather_export.pl completed successfully
✓ Profiles gathered

Step 6: Creating CSV output...
✓ CSV output saved to seqs.fa-protein_sol.csv

Step 7: Cleaning up intermediate files...
✓ Cleanup completed

============================================================
Prediction Results:
============================================================
ID                   percent-sol     scaled-sol      population-sol  pI        
--------------------------------------------------------------------------------
>seed_111            93.785          0.820           0.446           7.310     
>seed_112            93.490          0.817           0.446           9.390     
>seed_113            96.300          0.843           0.446           5.180     
>seed_114            105.103         0.925           0.446           4.860     
>seed_115            106.779         0.940           0.446           4.480     
>seed_116            96.300          0.843           0.446           5.180     
>seed_117            83.412          0.724           0.446           5.260     
>seed_118            106.779         0.940           0.446           4.590     
>seed_119            102.293         0.899           0.446           9.620     
>seed_120            64.750          0.551           0.446           5.000     
>seed_121            96.300          0.843           0.446           5.320     
>seed_122            106.779         0.940           0.446           4.380     
>seed_123            105.103         0.925           0.446           4.860     
>seed_124            105.103         0.925           0.446           9.590     
>seed_125            105.103         0.925           0.446           9.590     
>seed_126            93.785          0.820           0.446           7.230     
>seed_127            103.969         0.914           0.446           10.070    
>seed_128            103.143         0.907           0.446           4.690     
>seed_129            95.067          0.832           0.446           5.230     
>seed_130            94.801          0.829           0.446           9.700     

============================================================
Pipeline completed successfully!
============================================================

Output files in /data/nfs/IC/baokun_yu/ConfuMPNN/code/output/phase3_antidrift_n20/1CRN/B_base:
  - seqs.fa-protein_sol.csv              : CSV with ID, sequence, and metrics
  - seqs.fa-protein_sol_prediction.txt : Main prediction results
  - seqs.fa-protein_sol_composition.txt: Sequence composition data
  - seqs.fa-protein_sol.log        : Detailed execution log

  B_base sol DONE

============================================================
Starting Protein-Sol Prediction Pipeline
Input: code/output/phase3_antidrift_n20/1CRN/B_cond/seqs.fa
Working directory: /data/nfs/IC/baokun_yu/ConfuMPNN/protein_sol_mcp/scripts/protein-sol
============================================================

Step 1: Reformatting FASTA file...
Running fasta_seq_reformat_export.pl...
✓ fasta_seq_reformat_export.pl completed successfully
✓ Original file backed up to input.fasta_ORIGINAL

Step 2: Calculating sequence composition...
Running seq_compositions_perc_pipeline_export.pl...
✓ seq_compositions_perc_pipeline_export.pl completed successfully
✓ Composition data saved to seq_composition.txt

Step 3: Making solubility predictions...
Running server_prediction_seq_export.pl...
✓ server_prediction_seq_export.pl completed successfully
✓ Predictions generated

Step 4: Calculating sequence properties...
Running seq_props_ALL_export.pl...
✓ seq_props_ALL_export.pl completed successfully
✓ Sequence properties calculated

Step 5: Gathering profiles...
Running profiles_gather_export.pl...
✓ profiles_gather_export.pl completed successfully
✓ Profiles gathered

Step 6: Creating CSV output...
✓ CSV output saved to seqs.fa-protein_sol.csv

Step 7: Cleaning up intermediate files...
✓ Cleanup completed

============================================================
Prediction Results:
============================================================
ID                   percent-sol     scaled-sol      population-sol  pI        
--------------------------------------------------------------------------------
>seed_111            81.891          0.710           0.446           10.450    
>seed_112            73.552          0.633           0.446           10.450    
>seed_113            89.308          0.778           0.446           4.390     
>seed_114            80.829          0.700           0.446           9.630     
>seed_115            81.691          0.708           0.446           11.740    
>seed_116            86.440          0.752           0.446           10.240    
>seed_117            81.691          0.708           0.446           11.550    
>seed_118            77.638          0.670           0.446           9.980     
>seed_119            71.487          0.614           0.446           7.120     
>seed_120            75.229          0.648           0.446           11.170    
>seed_121            71.088          0.610           0.446           9.990     
>seed_122            82.804          0.718           0.446           14.000    
>seed_123            77.991          0.674           0.446           7.090     
>seed_124            75.229          0.648           0.446           11.050    
>seed_125            64.237          0.546           0.446           7.090     
>seed_126            77.961          0.673           0.446           9.630     
>seed_127            96.478          0.845           0.446           10.510    
>seed_128            55.685          0.467           0.446           7.150     
>seed_129            69.870          0.599           0.446           10.360    
>seed_130            77.638          0.670           0.446           4.730     

============================================================
Pipeline completed successfully!
============================================================

Output files in /data/nfs/IC/baokun_yu/ConfuMPNN/code/output/phase3_antidrift_n20/1CRN/B_cond:
  - seqs.fa-protein_sol.csv              : CSV with ID, sequence, and metrics
  - seqs.fa-protein_sol_prediction.txt : Main prediction results
  - seqs.fa-protein_sol_composition.txt: Sequence composition data
  - seqs.fa-protein_sol.log        : Detailed execution log

  B_cond sol DONE

============================================================
Starting Protein-Sol Prediction Pipeline
Input: code/output/phase3_antidrift_n20/1UBQ/A_base/seqs.fa
Working directory: /data/nfs/IC/baokun_yu/ConfuMPNN/protein_sol_mcp/scripts/protein-sol
============================================================

Step 1: Reformatting FASTA file...
Running fasta_seq_reformat_export.pl...
✓ fasta_seq_reformat_export.pl completed successfully
✓ Original file backed up to input.fasta_ORIGINAL

Step 2: Calculating sequence composition...
Running seq_compositions_perc_pipeline_export.pl...
✓ seq_compositions_perc_pipeline_export.pl completed successfully
✓ Composition data saved to seq_composition.txt

Step 3: Making solubility predictions...
Running server_prediction_seq_export.pl...
✓ server_prediction_seq_export.pl completed successfully
✓ Predictions generated

Step 4: Calculating sequence properties...
Running seq_props_ALL_export.pl...
✓ seq_props_ALL_export.pl completed successfully
✓ Sequence properties calculated

Step 5: Gathering profiles...
Running profiles_gather_export.pl...
✓ profiles_gather_export.pl completed successfully
✓ Profiles gathered

Step 6: Creating CSV output...
✓ CSV output saved to seqs.fa-protein_sol.csv

Step 7: Cleaning up intermediate files...
✓ Cleanup completed

============================================================
Prediction Results:
============================================================
ID                   percent-sol     scaled-sol      population-sol  pI        
--------------------------------------------------------------------------------
>seed_111            107.340         0.945           0.446           4.750     
>seed_112            104.403         0.918           0.446           5.240     
>seed_113            98.300          0.862           0.446           5.270     
>seed_114            110.302         0.973           0.446           4.810     
>seed_115            100.553         0.883           0.446           4.620     
>seed_116            98.007          0.859           0.446           4.880     
>seed_117            100.211         0.879           0.446           5.600     
>seed_118            100.553         0.883           0.446           4.710     
>seed_119            113.205         1.000           0.446           4.710     
>seed_120            107.067         0.943           0.446           4.910     
>seed_121            101.201         0.889           0.446           4.790     
>seed_122            101.201         0.889           0.446           4.810     
>seed_123            100.709         0.884           0.446           4.730     
>seed_124            95.598          0.837           0.446           5.250     
>seed_125            94.109          0.823           0.446           7.300     
>seed_126            94.073          0.823           0.446           7.300     
>seed_127            94.452          0.826           0.446           4.730     
>seed_128            92.399          0.807           0.446           5.210     
>seed_129            91.750          0.801           0.446           5.220     
>seed_130            88.207          0.768           0.446           5.520     

============================================================
Pipeline completed successfully!
============================================================

Output files in /data/nfs/IC/baokun_yu/ConfuMPNN/code/output/phase3_antidrift_n20/1UBQ/A_base:
  - seqs.fa-protein_sol.csv              : CSV with ID, sequence, and metrics
  - seqs.fa-protein_sol_prediction.txt : Main prediction results
  - seqs.fa-protein_sol_composition.txt: Sequence composition data
  - seqs.fa-protein_sol.log        : Detailed execution log

  A_base sol DONE

============================================================
Starting Protein-Sol Prediction Pipeline
Input: code/output/phase3_antidrift_n20/1UBQ/A_cond/seqs.fa
Working directory: /data/nfs/IC/baokun_yu/ConfuMPNN/protein_sol_mcp/scripts/protein-sol
============================================================

Step 1: Reformatting FASTA file...
Running fasta_seq_reformat_export.pl...
✓ fasta_seq_reformat_export.pl completed successfully
✓ Original file backed up to input.fasta_ORIGINAL

Step 2: Calculating sequence composition...
Running seq_compositions_perc_pipeline_export.pl...
✓ seq_compositions_perc_pipeline_export.pl completed successfully
✓ Composition data saved to seq_composition.txt

Step 3: Making solubility predictions...
Running server_prediction_seq_export.pl...
✓ server_prediction_seq_export.pl completed successfully
✓ Predictions generated

Step 4: Calculating sequence properties...
Running seq_props_ALL_export.pl...
✓ seq_props_ALL_export.pl completed successfully
✓ Sequence properties calculated

Step 5: Gathering profiles...
Running profiles_gather_export.pl...
✓ profiles_gather_export.pl completed successfully
✓ Profiles gathered

Step 6: Creating CSV output...
✓ CSV output saved to seqs.fa-protein_sol.csv

Step 7: Cleaning up intermediate files...
✓ Cleanup completed

============================================================
Prediction Results:
============================================================
ID                   percent-sol     scaled-sol      population-sol  pI        
--------------------------------------------------------------------------------
>seed_111            63.612          0.541           0.446           6.310     
>seed_112            84.676          0.736           0.446           3.770     
>seed_113            75.035          0.646           0.446           9.720     
>seed_114            68.897          0.590           0.446           7.910     
>seed_115            65.722          0.560           0.446           4.050     
>seed_116            70.983          0.609           0.446           3.940     
>seed_117            79.227          0.685           0.446           4.710     
>seed_118            73.088          0.628           0.446           10.090    
>seed_119            78.597          0.679           0.446           10.090    
>seed_120            75.035          0.646           0.446           4.200     
>seed_121            78.637          0.680           0.446           10.030    
>seed_122            81.301          0.704           0.446           10.930    
>seed_123            85.738          0.745           0.446           3.660     
>seed_124            73.088          0.628           0.446           9.990     
>seed_125            75.035          0.646           0.446           9.630     
>seed_126            88.029          0.767           0.446           3.940     
>seed_127            72.651          0.624           0.446           10.170    
>seed_128            72.499          0.623           0.446           4.300     
>seed_129            88.029          0.767           0.446           10.750    
>seed_130            87.440          0.761           0.446           3.940     

============================================================
Pipeline completed successfully!
============================================================

Output files in /data/nfs/IC/baokun_yu/ConfuMPNN/code/output/phase3_antidrift_n20/1UBQ/A_cond:
  - seqs.fa-protein_sol.csv              : CSV with ID, sequence, and metrics
  - seqs.fa-protein_sol_prediction.txt : Main prediction results
  - seqs.fa-protein_sol_composition.txt: Sequence composition data
  - seqs.fa-protein_sol.log        : Detailed execution log

  A_cond sol DONE

============================================================
Starting Protein-Sol Prediction Pipeline
Input: code/output/phase3_antidrift_n20/1UBQ/B_base/seqs.fa
Working directory: /data/nfs/IC/baokun_yu/ConfuMPNN/protein_sol_mcp/scripts/protein-sol
============================================================

Step 1: Reformatting FASTA file...
Running fasta_seq_reformat_export.pl...
✓ fasta_seq_reformat_export.pl completed successfully
✓ Original file backed up to input.fasta_ORIGINAL

Step 2: Calculating sequence composition...
Running seq_compositions_perc_pipeline_export.pl...
✓ seq_compositions_perc_pipeline_export.pl completed successfully
✓ Composition data saved to seq_composition.txt

Step 3: Making solubility predictions...
Running server_prediction_seq_export.pl...
✓ server_prediction_seq_export.pl completed successfully
✓ Predictions generated

Step 4: Calculating sequence properties...
Running seq_props_ALL_export.pl...
✓ seq_props_ALL_export.pl completed successfully
✓ Sequence properties calculated

Step 5: Gathering profiles...
Running profiles_gather_export.pl...
✓ profiles_gather_export.pl completed successfully
✓ Profiles gathered

Step 6: Creating CSV output...
✓ CSV output saved to seqs.fa-protein_sol.csv

Step 7: Cleaning up intermediate files...
✓ Cleanup completed

============================================================
Prediction Results:
============================================================
ID                   percent-sol     scaled-sol      population-sol  pI        
--------------------------------------------------------------------------------
>seed_111            107.340         0.945           0.446           4.750     
>seed_112            104.403         0.918           0.446           5.240     
>seed_113            98.300          0.862           0.446           5.270     
>seed_114            110.302         0.973           0.446           4.810     
>seed_115            100.553         0.883           0.446           4.620     
>seed_116            98.007          0.859           0.446           4.880     
>seed_117            100.211         0.879           0.446           5.600     
>seed_118            100.553         0.883           0.446           4.710     
>seed_119            113.205         1.000           0.446           4.710     
>seed_120            107.067         0.943           0.446           4.910     
>seed_121            101.201         0.889           0.446           4.790     
>seed_122            101.201         0.889           0.446           4.810     
>seed_123            100.709         0.884           0.446           4.730     
>seed_124            95.598          0.837           0.446           5.250     
>seed_125            94.109          0.823           0.446           7.300     
>seed_126            94.073          0.823           0.446           7.300     
>seed_127            94.452          0.826           0.446           4.730     
>seed_128            92.399          0.807           0.446           5.210     
>seed_129            91.750          0.801           0.446           5.220     
>seed_130            88.207          0.768           0.446           5.520     

============================================================
Pipeline completed successfully!
============================================================

Output files in /data/nfs/IC/baokun_yu/ConfuMPNN/code/output/phase3_antidrift_n20/1UBQ/B_base:
  - seqs.fa-protein_sol.csv              : CSV with ID, sequence, and metrics
  - seqs.fa-protein_sol_prediction.txt : Main prediction results
  - seqs.fa-protein_sol_composition.txt: Sequence composition data
  - seqs.fa-protein_sol.log        : Detailed execution log

  B_base sol DONE

============================================================
Starting Protein-Sol Prediction Pipeline
Input: code/output/phase3_antidrift_n20/1UBQ/B_cond/seqs.fa
Working directory: /data/nfs/IC/baokun_yu/ConfuMPNN/protein_sol_mcp/scripts/protein-sol
============================================================

Step 1: Reformatting FASTA file...
Running fasta_seq_reformat_export.pl...
✓ fasta_seq_reformat_export.pl completed successfully
✓ Original file backed up to input.fasta_ORIGINAL

Step 2: Calculating sequence composition...
Running seq_compositions_perc_pipeline_export.pl...
✓ seq_compositions_perc_pipeline_export.pl completed successfully
✓ Composition data saved to seq_composition.txt

Step 3: Making solubility predictions...
Running server_prediction_seq_export.pl...
✓ server_prediction_seq_export.pl completed successfully
✓ Predictions generated

Step 4: Calculating sequence properties...
Running seq_props_ALL_export.pl...
✓ seq_props_ALL_export.pl completed successfully
✓ Sequence properties calculated

Step 5: Gathering profiles...
Running profiles_gather_export.pl...
✓ profiles_gather_export.pl completed successfully
✓ Profiles gathered

Step 6: Creating CSV output...
✓ CSV output saved to seqs.fa-protein_sol.csv

Step 7: Cleaning up intermediate files...
✓ Cleanup completed

============================================================
Prediction Results:
============================================================
ID                   percent-sol     scaled-sol      population-sol  pI        
--------------------------------------------------------------------------------
>seed_111            62.147          0.527           0.446           10.050    
>seed_112            75.035          0.646           0.446           4.820     
>seed_113            75.035          0.646           0.446           9.390     
>seed_114            75.035          0.646           0.446           9.330     
>seed_115            68.848          0.589           0.446           4.270     
>seed_116            64.845          0.552           0.446           3.790     
>seed_117            81.736          0.708           0.446           4.420     
>seed_118            73.088          0.628           0.446           9.760     
>seed_119            68.307          0.584           0.446           9.340     
>seed_120            84.676          0.736           0.446           3.770     
>seed_121            79.227          0.685           0.446           9.890     
>seed_122            84.500          0.734           0.446           10.580    
>seed_123            75.035          0.646           0.446           5.070     
>seed_124            69.452          0.595           0.446           4.520     
>seed_125            79.227          0.685           0.446           9.800     
>seed_126            93.127          0.814           0.446           4.280     
>seed_127            63.399          0.539           0.446           10.360    
>seed_128            72.499          0.623           0.446           4.600     
>seed_129            88.029          0.767           0.446           10.580    
>seed_130            71.271          0.612           0.446           4.720     

============================================================
Pipeline completed successfully!
============================================================

Output files in /data/nfs/IC/baokun_yu/ConfuMPNN/code/output/phase3_antidrift_n20/1UBQ/B_cond:
  - seqs.fa-protein_sol.csv              : CSV with ID, sequence, and metrics
  - seqs.fa-protein_sol_prediction.txt : Main prediction results
  - seqs.fa-protein_sol_composition.txt: Sequence composition data
  - seqs.fa-protein_sol.log        : Detailed execution log

  B_cond sol DONE

============================================================
Starting Protein-Sol Prediction Pipeline
Input: code/output/phase3_antidrift_n20/2LZM/A_base/seqs.fa
Working directory: /data/nfs/IC/baokun_yu/ConfuMPNN/protein_sol_mcp/scripts/protein-sol
============================================================

Step 1: Reformatting FASTA file...
Running fasta_seq_reformat_export.pl...
✓ fasta_seq_reformat_export.pl completed successfully
✓ Original file backed up to input.fasta_ORIGINAL

Step 2: Calculating sequence composition...
Running seq_compositions_perc_pipeline_export.pl...
✓ seq_compositions_perc_pipeline_export.pl completed successfully
✓ Composition data saved to seq_composition.txt

Step 3: Making solubility predictions...
Running server_prediction_seq_export.pl...
✓ server_prediction_seq_export.pl completed successfully
✓ Predictions generated

Step 4: Calculating sequence properties...
Running seq_props_ALL_export.pl...
✓ seq_props_ALL_export.pl completed successfully
✓ Sequence properties calculated

Step 5: Gathering profiles...
Running profiles_gather_export.pl...
✓ profiles_gather_export.pl completed successfully
✓ Profiles gathered

Step 6: Creating CSV output...
✓ CSV output saved to seqs.fa-protein_sol.csv

Step 7: Cleaning up intermediate files...
✓ Cleanup completed

============================================================
Prediction Results:
============================================================
ID                   percent-sol     scaled-sol      population-sol  pI        
--------------------------------------------------------------------------------
>seed_111            82.594          0.716           0.446           7.610     
>seed_112            77.575          0.670           0.446           9.360     
>seed_113            65.907          0.562           0.446           7.820     
>seed_114            74.649          0.643           0.446           9.180     
>seed_115            59.199          0.500           0.446           7.680     
>seed_116            81.639          0.707           0.446           9.480     
>seed_117            84.341          0.732           0.446           9.510     
>seed_118            83.021          0.720           0.446           9.420     
>seed_119            76.465          0.660           0.446           9.230     
>seed_120            89.603          0.781           0.446           5.040     
>seed_121            75.955          0.655           0.446           8.790     
>seed_122            79.964          0.692           0.446           9.360     
>seed_123            89.603          0.781           0.446           9.850     
>seed_124            68.065          0.582           0.446           9.630     
>seed_125            75.955          0.655           0.446           5.740     
>seed_126            80.988          0.701           0.446           8.870     
>seed_127            81.826          0.709           0.446           9.260     
>seed_128            81.639          0.707           0.446           5.390     
>seed_129            95.008          0.831           0.446           9.830     
>seed_130            76.337          0.658           0.446           8.730     

============================================================
Pipeline completed successfully!
============================================================

Output files in /data/nfs/IC/baokun_yu/ConfuMPNN/code/output/phase3_antidrift_n20/2LZM/A_base:
  - seqs.fa-protein_sol.csv              : CSV with ID, sequence, and metrics
  - seqs.fa-protein_sol_prediction.txt : Main prediction results
  - seqs.fa-protein_sol_composition.txt: Sequence composition data
  - seqs.fa-protein_sol.log        : Detailed execution log

  A_base sol DONE

============================================================
Starting Protein-Sol Prediction Pipeline
Input: code/output/phase3_antidrift_n20/2LZM/A_cond/seqs.fa
Working directory: /data/nfs/IC/baokun_yu/ConfuMPNN/protein_sol_mcp/scripts/protein-sol
============================================================

Step 1: Reformatting FASTA file...
Running fasta_seq_reformat_export.pl...
✓ fasta_seq_reformat_export.pl completed successfully
✓ Original file backed up to input.fasta_ORIGINAL

Step 2: Calculating sequence composition...
Running seq_compositions_perc_pipeline_export.pl...
✓ seq_compositions_perc_pipeline_export.pl completed successfully
✓ Composition data saved to seq_composition.txt

Step 3: Making solubility predictions...
Running server_prediction_seq_export.pl...
✓ server_prediction_seq_export.pl completed successfully
✓ Predictions generated

Step 4: Calculating sequence properties...
Running seq_props_ALL_export.pl...
✓ seq_props_ALL_export.pl completed successfully
✓ Sequence properties calculated

Step 5: Gathering profiles...
Running profiles_gather_export.pl...
✓ profiles_gather_export.pl completed successfully
✓ Profiles gathered

Step 6: Creating CSV output...
✓ CSV output saved to seqs.fa-protein_sol.csv

Step 7: Cleaning up intermediate files...
✓ Cleanup completed

============================================================
Prediction Results:
============================================================
ID                   percent-sol     scaled-sol      population-sol  pI        
--------------------------------------------------------------------------------
>seed_111            69.002          0.591           0.446           12.150    
>seed_112            63.168          0.537           0.446           11.660    
>seed_113            71.273          0.612           0.446           11.460    
>seed_114            84.643          0.735           0.446           10.420    
>seed_115            68.384          0.585           0.446           11.860    
>seed_116            69.002          0.591           0.446           11.540    
>seed_117            68.733          0.588           0.446           11.140    
>seed_118            75.141          0.647           0.446           12.060    
>seed_119            71.273          0.612           0.446           10.840    
>seed_120            58.054          0.489           0.446           11.310    
>seed_121            55.656          0.467           0.446           10.170    
>seed_122            72.920          0.627           0.446           12.200    
>seed_123            81.098          0.702           0.446           11.520    
>seed_124            74.620          0.643           0.446           11.310    
>seed_125            62.432          0.530           0.446           11.480    
>seed_126            65.681          0.560           0.446           11.220    
>seed_127            69.549          0.596           0.446           11.640    
>seed_128            71.273          0.612           0.446           11.580    
>seed_129            81.098          0.702           0.446           11.070    
>seed_130            73.656          0.634           0.446           11.750    

============================================================
Pipeline completed successfully!
============================================================

Output files in /data/nfs/IC/baokun_yu/ConfuMPNN/code/output/phase3_antidrift_n20/2LZM/A_cond:
  - seqs.fa-protein_sol.csv              : CSV with ID, sequence, and metrics
  - seqs.fa-protein_sol_prediction.txt : Main prediction results
  - seqs.fa-protein_sol_composition.txt: Sequence composition data
  - seqs.fa-protein_sol.log        : Detailed execution log

  A_cond sol DONE

============================================================
Starting Protein-Sol Prediction Pipeline
Input: code/output/phase3_antidrift_n20/2LZM/B_base/seqs.fa
Working directory: /data/nfs/IC/baokun_yu/ConfuMPNN/protein_sol_mcp/scripts/protein-sol
============================================================

Step 1: Reformatting FASTA file...
Running fasta_seq_reformat_export.pl...
✓ fasta_seq_reformat_export.pl completed successfully
✓ Original file backed up to input.fasta_ORIGINAL

Step 2: Calculating sequence composition...
Running seq_compositions_perc_pipeline_export.pl...
✓ seq_compositions_perc_pipeline_export.pl completed successfully
✓ Composition data saved to seq_composition.txt

Step 3: Making solubility predictions...
Running server_prediction_seq_export.pl...
✓ server_prediction_seq_export.pl completed successfully
✓ Predictions generated

Step 4: Calculating sequence properties...
Running seq_props_ALL_export.pl...
✓ seq_props_ALL_export.pl completed successfully
✓ Sequence properties calculated

Step 5: Gathering profiles...
Running profiles_gather_export.pl...
✓ profiles_gather_export.pl completed successfully
✓ Profiles gathered

Step 6: Creating CSV output...
✓ CSV output saved to seqs.fa-protein_sol.csv

Step 7: Cleaning up intermediate files...
✓ Cleanup completed

============================================================
Prediction Results:
============================================================
ID                   percent-sol     scaled-sol      population-sol  pI        
--------------------------------------------------------------------------------
>seed_111            82.594          0.716           0.446           7.610     
>seed_112            77.575          0.670           0.446           9.360     
>seed_113            65.907          0.562           0.446           7.820     
>seed_114            74.649          0.643           0.446           9.180     
>seed_115            59.199          0.500           0.446           7.680     
>seed_116            81.639          0.707           0.446           9.480     
>seed_117            84.341          0.732           0.446           9.510     
>seed_118            83.021          0.720           0.446           9.420     
>seed_119            76.465          0.660           0.446           9.230     
>seed_120            89.603          0.781           0.446           5.040     
>seed_121            75.955          0.655           0.446           8.790     
>seed_122            79.964          0.692           0.446           9.360     
>seed_123            89.603          0.781           0.446           9.850     
>seed_124            68.065          0.582           0.446           9.630     
>seed_125            75.955          0.655           0.446           5.740     
>seed_126            80.988          0.701           0.446           8.870     
>seed_127            81.826          0.709           0.446           9.260     
>seed_128            81.639          0.707           0.446           5.390     
>seed_129            95.008          0.831           0.446           9.830     
>seed_130            76.337          0.658           0.446           8.730     

============================================================
Pipeline completed successfully!
============================================================

Output files in /data/nfs/IC/baokun_yu/ConfuMPNN/code/output/phase3_antidrift_n20/2LZM/B_base:
  - seqs.fa-protein_sol.csv              : CSV with ID, sequence, and metrics
  - seqs.fa-protein_sol_prediction.txt : Main prediction results
  - seqs.fa-protein_sol_composition.txt: Sequence composition data
  - seqs.fa-protein_sol.log        : Detailed execution log

  B_base sol DONE

============================================================
Starting Protein-Sol Prediction Pipeline
Input: code/output/phase3_antidrift_n20/2LZM/B_cond/seqs.fa
Working directory: /data/nfs/IC/baokun_yu/ConfuMPNN/protein_sol_mcp/scripts/protein-sol
============================================================

Step 1: Reformatting FASTA file...
Running fasta_seq_reformat_export.pl...
✓ fasta_seq_reformat_export.pl completed successfully
✓ Original file backed up to input.fasta_ORIGINAL

Step 2: Calculating sequence composition...
Running seq_compositions_perc_pipeline_export.pl...
✓ seq_compositions_perc_pipeline_export.pl completed successfully
✓ Composition data saved to seq_composition.txt

Step 3: Making solubility predictions...
Running server_prediction_seq_export.pl...
✓ server_prediction_seq_export.pl completed successfully
✓ Predictions generated

Step 4: Calculating sequence properties...
Running seq_props_ALL_export.pl...
✓ seq_props_ALL_export.pl completed successfully
✓ Sequence properties calculated

Step 5: Gathering profiles...
Running profiles_gather_export.pl...
✓ profiles_gather_export.pl completed successfully
✓ Profiles gathered

Step 6: Creating CSV output...
✓ CSV output saved to seqs.fa-protein_sol.csv

Step 7: Cleaning up intermediate files...
✓ Cleanup completed

============================================================
Prediction Results:
============================================================
ID                   percent-sol     scaled-sol      population-sol  pI        
--------------------------------------------------------------------------------
>seed_111            67.837          0.580           0.446           11.570    
>seed_112            72.617          0.624           0.446           10.250    
>seed_113            78.023          0.674           0.446           10.300    
>seed_114            72.250          0.621           0.446           9.670     
>seed_115            68.574          0.587           0.446           10.240    
>seed_116            76.748          0.662           0.446           10.820    
>seed_117            81.458          0.706           0.446           10.300    
>seed_118            67.837          0.580           0.446           11.280    
>seed_119            77.190          0.666           0.446           9.810     
>seed_120            63.049          0.535           0.446           10.690    
>seed_121            75.320          0.649           0.446           10.520    
>seed_122            70.510          0.604           0.446           11.650    
>seed_123            84.643          0.735           0.446           10.970    
>seed_124            80.725          0.699           0.446           10.390    
>seed_125            65.681          0.560           0.446           10.820    
>seed_126            84.643          0.735           0.446           10.470    
>seed_127            67.326          0.575           0.446           10.490    
>seed_128            70.702          0.606           0.446           10.700    
>seed_129            80.043          0.693           0.446           10.820    
>seed_130            75.320          0.649           0.446           10.720    

============================================================
Pipeline completed successfully!
============================================================

Output files in /data/nfs/IC/baokun_yu/ConfuMPNN/code/output/phase3_antidrift_n20/2LZM/B_cond:
  - seqs.fa-protein_sol.csv              : CSV with ID, sequence, and metrics
  - seqs.fa-protein_sol_prediction.txt : Main prediction results
  - seqs.fa-protein_sol_composition.txt: Sequence composition data
  - seqs.fa-protein_sol.log        : Detailed execution log

  B_cond sol DONE
=== [4/4] TemBERTure Tm（confumpnn-temberture，每 arm 一进程并行）===
/home/baokun_yu/miniconda3/envs/confumpnn-temberture/lib/python3.10/site-packages/transformers/utils/generic.py:441: FutureWarning: `torch.utils._pytree._register_pytree_node` is deprecated. Please use `torch.utils._pytree.register_pytree_node` instead.
  _torch_pytree._register_pytree_node(
/home/baokun_yu/miniconda3/envs/confumpnn-temberture/lib/python3.10/site-packages/transformers/utils/generic.py:441: FutureWarning: `torch.utils._pytree._register_pytree_node` is deprecated. Please use `torch.utils._pytree.register_pytree_node` instead.
  _torch_pytree._register_pytree_node(
/home/baokun_yu/miniconda3/envs/confumpnn-temberture/lib/python3.10/site-packages/transformers/utils/generic.py:441: FutureWarning: `torch.utils._pytree._register_pytree_node` is deprecated. Please use `torch.utils._pytree.register_pytree_node` instead.
  _torch_pytree._register_pytree_node(
/home/baokun_yu/miniconda3/envs/confumpnn-temberture/lib/python3.10/site-packages/transformers/utils/generic.py:441: FutureWarning: `torch.utils._pytree._register_pytree_node` is deprecated. Please use `torch.utils._pytree.register_pytree_node` instead.
  _torch_pytree._register_pytree_node(
/home/baokun_yu/miniconda3/envs/confumpnn-temberture/lib/python3.10/site-packages/transformers/utils/generic.py:309: FutureWarning: `torch.utils._pytree._register_pytree_node` is deprecated. Please use `torch.utils._pytree.register_pytree_node` instead.
  _torch_pytree._register_pytree_node(
/home/baokun_yu/miniconda3/envs/confumpnn-temberture/lib/python3.10/site-packages/transformers/utils/generic.py:441: FutureWarning: `torch.utils._pytree._register_pytree_node` is deprecated. Please use `torch.utils._pytree.register_pytree_node` instead.
  _torch_pytree._register_pytree_node(
/home/baokun_yu/miniconda3/envs/confumpnn-temberture/lib/python3.10/site-packages/transformers/utils/generic.py:309: FutureWarning: `torch.utils._pytree._register_pytree_node` is deprecated. Please use `torch.utils._pytree.register_pytree_node` instead.
  _torch_pytree._register_pytree_node(
/home/baokun_yu/miniconda3/envs/confumpnn-temberture/lib/python3.10/site-packages/transformers/utils/generic.py:441: FutureWarning: `torch.utils._pytree._register_pytree_node` is deprecated. Please use `torch.utils._pytree.register_pytree_node` instead.
  _torch_pytree._register_pytree_node(
/home/baokun_yu/miniconda3/envs/confumpnn-temberture/lib/python3.10/site-packages/transformers/utils/generic.py:441: FutureWarning: `torch.utils._pytree._register_pytree_node` is deprecated. Please use `torch.utils._pytree.register_pytree_node` instead.
  _torch_pytree._register_pytree_node(
/home/baokun_yu/miniconda3/envs/confumpnn-temberture/lib/python3.10/site-packages/transformers/utils/generic.py:441: FutureWarning: `torch.utils._pytree._register_pytree_node` is deprecated. Please use `torch.utils._pytree.register_pytree_node` instead.
  _torch_pytree._register_pytree_node(
/home/baokun_yu/miniconda3/envs/confumpnn-temberture/lib/python3.10/site-packages/transformers/utils/generic.py:309: FutureWarning: `torch.utils._pytree._register_pytree_node` is deprecated. Please use `torch.utils._pytree.register_pytree_node` instead.
  _torch_pytree._register_pytree_node(
/home/baokun_yu/miniconda3/envs/confumpnn-temberture/lib/python3.10/site-packages/transformers/utils/generic.py:441: FutureWarning: `torch.utils._pytree._register_pytree_node` is deprecated. Please use `torch.utils._pytree.register_pytree_node` instead.
  _torch_pytree._register_pytree_node(
/home/baokun_yu/miniconda3/envs/confumpnn-temberture/lib/python3.10/site-packages/transformers/utils/generic.py:441: FutureWarning: `torch.utils._pytree._register_pytree_node` is deprecated. Please use `torch.utils._pytree.register_pytree_node` instead.
  _torch_pytree._register_pytree_node(
/home/baokun_yu/miniconda3/envs/confumpnn-temberture/lib/python3.10/site-packages/transformers/utils/generic.py:441: FutureWarning: `torch.utils._pytree._register_pytree_node` is deprecated. Please use `torch.utils._pytree.register_pytree_node` instead.
  _torch_pytree._register_pytree_node(
加载 replica1...
/home/baokun_yu/miniconda3/envs/confumpnn-temberture/lib/python3.10/site-packages/transformers/utils/generic.py:309: FutureWarning: `torch.utils._pytree._register_pytree_node` is deprecated. Please use `torch.utils._pytree.register_pytree_node` instead.
  _torch_pytree._register_pytree_node(
/home/baokun_yu/miniconda3/envs/confumpnn-temberture/lib/python3.10/site-packages/transformers/utils/generic.py:309: FutureWarning: `torch.utils._pytree._register_pytree_node` is deprecated. Please use `torch.utils._pytree.register_pytree_node` instead.
  _torch_pytree._register_pytree_node(
加载 replica1...
加载 replica1...
/home/baokun_yu/miniconda3/envs/confumpnn-temberture/lib/python3.10/site-packages/transformers/utils/generic.py:309: FutureWarning: `torch.utils._pytree._register_pytree_node` is deprecated. Please use `torch.utils._pytree.register_pytree_node` instead.
  _torch_pytree._register_pytree_node(
/home/baokun_yu/miniconda3/envs/confumpnn-temberture/lib/python3.10/site-packages/transformers/utils/generic.py:441: FutureWarning: `torch.utils._pytree._register_pytree_node` is deprecated. Please use `torch.utils._pytree.register_pytree_node` instead.
  _torch_pytree._register_pytree_node(
/home/baokun_yu/miniconda3/envs/confumpnn-temberture/lib/python3.10/site-packages/transformers/utils/generic.py:309: FutureWarning: `torch.utils._pytree._register_pytree_node` is deprecated. Please use `torch.utils._pytree.register_pytree_node` instead.
  _torch_pytree._register_pytree_node(
/home/baokun_yu/miniconda3/envs/confumpnn-temberture/lib/python3.10/site-packages/transformers/utils/generic.py:441: FutureWarning: `torch.utils._pytree._register_pytree_node` is deprecated. Please use `torch.utils._pytree.register_pytree_node` instead.
  _torch_pytree._register_pytree_node(
/home/baokun_yu/miniconda3/envs/confumpnn-temberture/lib/python3.10/site-packages/transformers/utils/generic.py:309: FutureWarning: `torch.utils._pytree._register_pytree_node` is deprecated. Please use `torch.utils._pytree.register_pytree_node` instead.
  _torch_pytree._register_pytree_node(
/home/baokun_yu/miniconda3/envs/confumpnn-temberture/lib/python3.10/site-packages/transformers/utils/generic.py:309: FutureWarning: `torch.utils._pytree._register_pytree_node` is deprecated. Please use `torch.utils._pytree.register_pytree_node` instead.
  _torch_pytree._register_pytree_node(
加载 replica1...
加载 replica1...
/home/baokun_yu/miniconda3/envs/confumpnn-temberture/lib/python3.10/site-packages/transformers/utils/generic.py:309: FutureWarning: `torch.utils._pytree._register_pytree_node` is deprecated. Please use `torch.utils._pytree.register_pytree_node` instead.
  _torch_pytree._register_pytree_node(
加载 replica1...
/home/baokun_yu/miniconda3/envs/confumpnn-temberture/lib/python3.10/site-packages/transformers/utils/generic.py:309: FutureWarning: `torch.utils._pytree._register_pytree_node` is deprecated. Please use `torch.utils._pytree.register_pytree_node` instead.
  _torch_pytree._register_pytree_node(
加载 replica1...
/home/baokun_yu/miniconda3/envs/confumpnn-temberture/lib/python3.10/site-packages/transformers/utils/generic.py:309: FutureWarning: `torch.utils._pytree._register_pytree_node` is deprecated. Please use `torch.utils._pytree.register_pytree_node` instead.
  _torch_pytree._register_pytree_node(
/home/baokun_yu/miniconda3/envs/confumpnn-temberture/lib/python3.10/site-packages/transformers/utils/generic.py:309: FutureWarning: `torch.utils._pytree._register_pytree_node` is deprecated. Please use `torch.utils._pytree.register_pytree_node` instead.
  _torch_pytree._register_pytree_node(
/home/baokun_yu/miniconda3/envs/confumpnn-temberture/lib/python3.10/site-packages/transformers/utils/generic.py:441: FutureWarning: `torch.utils._pytree._register_pytree_node` is deprecated. Please use `torch.utils._pytree.register_pytree_node` instead.
  _torch_pytree._register_pytree_node(
加载 replica1...
加载 replica1...
加载 replica1...
加载 replica1...
加载 replica1...
加载 replica1...
/home/baokun_yu/miniconda3/envs/confumpnn-temberture/lib/python3.10/site-packages/transformers/utils/generic.py:309: FutureWarning: `torch.utils._pytree._register_pytree_node` is deprecated. Please use `torch.utils._pytree.register_pytree_node` instead.
  _torch_pytree._register_pytree_node(
/home/baokun_yu/miniconda3/envs/confumpnn-temberture/lib/python3.10/site-packages/transformers/utils/generic.py:441: FutureWarning: `torch.utils._pytree._register_pytree_node` is deprecated. Please use `torch.utils._pytree.register_pytree_node` instead.
  _torch_pytree._register_pytree_node(
/home/baokun_yu/miniconda3/envs/confumpnn-temberture/lib/python3.10/site-packages/transformers/utils/generic.py:441: FutureWarning: `torch.utils._pytree._register_pytree_node` is deprecated. Please use `torch.utils._pytree.register_pytree_node` instead.
  _torch_pytree._register_pytree_node(
加载 replica1...
/home/baokun_yu/miniconda3/envs/confumpnn-temberture/lib/python3.10/site-packages/transformers/utils/generic.py:309: FutureWarning: `torch.utils._pytree._register_pytree_node` is deprecated. Please use `torch.utils._pytree.register_pytree_node` instead.
  _torch_pytree._register_pytree_node(
/home/baokun_yu/miniconda3/envs/confumpnn-temberture/lib/python3.10/site-packages/transformers/utils/generic.py:309: FutureWarning: `torch.utils._pytree._register_pytree_node` is deprecated. Please use `torch.utils._pytree.register_pytree_node` instead.
  _torch_pytree._register_pytree_node(
加载 replica1...
加载 replica1...
加载 replica2...
加载 replica2...
加载 replica2...
加载 replica2...
加载 replica2...
加载 replica2...
加载 replica2...
加载 replica2...
加载 replica2...
加载 replica2...
加载 replica2...
加载 replica2...
加载 replica2...
加载 replica2...
加载 replica2...
加载 replica2...
加载 replica3...
加载 replica3...
加载 replica3...
加载 replica3...
加载 replica3...
加载 replica3...
加载 replica3...
加载 replica3...
加载 replica3...
加载 replica3...
加载 replica3...
加载 replica3...
加载 replica3...
加载 replica3...
加载 replica3...
加载 replica3...
批量模式：找到 1 个 seqs.fa
  0%|          | 0/1 [00:00<?, ?it/s]批量模式：找到 1 个 seqs.fa
  0%|          | 0/1 [00:00<?, ?it/s]批量模式：找到 1 个 seqs.fa
批量模式：找到 1 个 seqs.fa
  0%|          | 0/1 [00:00<?, ?it/s]  0%|          | 0/1 [00:00<?, ?it/s]批量模式：找到 1 个 seqs.fa
  0%|          | 0/1 [00:00<?, ?it/s]批量模式：找到 1 个 seqs.fa
  0%|          | 0/1 [00:00<?, ?it/s]批量模式：找到 1 个 seqs.fa
  0%|          | 0/1 [00:00<?, ?it/s]批量模式：找到 1 个 seqs.fa
  0%|          | 0/1 [00:00<?, ?it/s]100%|██████████| 1/1 [00:02<00:00,  2.61s/it]100%|██████████| 1/1 [00:02<00:00,  2.61s/it]批量模式：找到 1 个 seqs.fa

Predicted melting temperature: [56.49816131591797]
  0%|          | 0/1 [00:00<?, ?it/s]  0%|          | 0/1 [00:00<?, ?it/s]批量模式：找到 1 个 seqs.fa
  0%|          | 0/1 [00:00<?, ?it/s]批量模式：找到 1 个 seqs.fa
  0%|          | 0/1 [00:00<?, ?it/s]批量模式：找到 1 个 seqs.fa
  0%|          | 0/1 [00:00<?, ?it/s]批量模式：找到 1 个 seqs.fa
  0%|          | 0/1 [00:00<?, ?it/s]100%|██████████| 1/1 [00:02<00:00,  2.72s/it]100%|██████████| 1/1 [00:02<00:00,  2.72s/it]
Predicted melting temperature: [75.3349838256836]
  0%|          | 0/1 [00:00<?, ?it/s]批量模式：找到 1 个 seqs.fa
  0%|          | 0/1 [00:00<?, ?it/s]批量模式：找到 1 个 seqs.fa
  0%|          | 0/1 [00:00<?, ?it/s]100%|██████████| 1/1 [00:02<00:00,  2.25s/it]100%|██████████| 1/1 [00:02<00:00,  2.25s/it]批量模式：找到 1 个 seqs.fa

Predicted melting temperature: [68.40605163574219]
  0%|          | 0/1 [00:00<?, ?it/s]  0%|          | 0/1 [00:00<?, ?it/s]100%|██████████| 1/1 [00:00<00:00,  1.48it/s]100%|██████████| 1/1 [00:00<00:00,  1.48it/s]
Predicted melting temperature: [58.84992218017578]
  0%|          | 0/1 [00:00<?, ?it/s]100%|██████████| 1/1 [00:02<00:00,  2.45s/it]100%|██████████| 1/1 [00:02<00:00,  2.45s/it]
Predicted melting temperature: [58.812564849853516]
  0%|          | 0/1 [00:00<?, ?it/s]100%|██████████| 1/1 [00:02<00:00,  2.76s/it]100%|██████████| 1/1 [00:02<00:00,  2.76s/it]
Predicted melting temperature: [60.00309371948242]
  0%|          | 0/1 [00:00<?, ?it/s]100%|██████████| 1/1 [00:00<00:00,  1.23it/s]100%|██████████| 1/1 [00:00<00:00,  1.23it/s]
Predicted melting temperature: [70.0089111328125]
  0%|          | 0/1 [00:00<?, ?it/s]100%|██████████| 1/1 [00:00<00:00,  1.19it/s]100%|██████████| 1/1 [00:00<00:00,  1.19it/s]
Predicted melting temperature: [55.81025695800781]
  seed_111 arm=cond scenario=B pH=4.0 targ   Tm=57.05  replicas=[56.5, 58.8, 55.8]
100%|██████████| 1/1 [00:01<00:00,  1.08s/it]100%|██████████| 1/1 [00:01<00:00,  1.08s/it]
100%|██████████| 1/1 [00:02<00:00,  3.00s/it]100%|██████████| 1/1 [00:02<00:00,  3.00s/it]
  0%|          | 0/1 [00:00<?, ?it/s]Predicted melting temperature: [76.18472290039062]
Predicted melting temperature: [66.12093353271484]
  0%|          | 0/1 [00:00<?, ?it/s]  0%|          | 0/1 [00:00<?, ?it/s]100%|██████████| 1/1 [00:00<00:00,  1.06it/s]100%|██████████| 1/1 [00:00<00:00,  1.06it/s]
Predicted melting temperature: [58.858482360839844]
  0%|          | 0/1 [00:00<?, ?it/s]100%|██████████| 1/1 [00:02<00:00,  2.55s/it]100%|██████████| 1/1 [00:02<00:00,  2.55s/it]
Predicted melting temperature: [74.15120697021484]
  0%|          | 0/1 [00:00<?, ?it/s]100%|██████████| 1/1 [00:00<00:00,  1.03it/s]100%|██████████| 1/1 [00:00<00:00,  1.03it/s]
100%|██████████| 1/1 [00:00<00:00,  1.16it/s]Predicted melting temperature: [65.52539825439453]
  seed_111 arm=base scenario=B pH=4.0 targ   Tm=67.98  replicas=[68.4, 70.0, 65.5]
100%|██████████| 1/1 [00:01<00:00,  1.21s/it]100%|██████████| 1/1 [00:02<00:00,  2.81s/it]100%|██████████| 1/1 [00:01<00:00,  1.41s/it]100%|██████████| 1/1 [00:01<00:00,  1.08s/it]

100%|██████████| 1/1 [00:02<00:00,  2.98s/it]
Predicted melting temperature: [73.60824584960938]
  0%|          | 0/1 [00:00<?, ?it/s]Predicted melting temperature: [68.50297546386719]
  0%|          | 0/1 [00:00<?, ?it/s]Predicted melting temperature: [49.268550872802734]
  0%|          | 0/1 [00:00<?, ?it/s]  0%|          | 0/1 [00:00<?, ?it/s]100%|██████████| 1/1 [00:02<00:00,  2.65s/it]100%|██████████| 1/1 [00:01<00:00,  1.20s/it]100%|██████████| 1/1 [00:01<00:00,  1.21s/it]100%|██████████| 1/1 [00:02<00:00,  2.65s/it]

100%|██████████| 1/1 [00:01<00:00,  1.05s/it]Predicted melting temperature: [67.11933135986328]
  0%|          | 0/1 [00:00<?, ?it/s]100%|██████████| 1/1 [00:01<00:00,  1.06s/it]100%|██████████| 1/1 [00:02<00:00,  2.84s/it]
Predicted melting temperature: [54.97561264038086]
  seed_111 arm=cond scenario=A pH=7.4 targ   Tm=57.55  replicas=[58.8, 58.9, 55.0]
100%|██████████| 1/1 [00:02<00:00,  2.84s/it]
Predicted melting temperature: [61.82142639160156]
  0%|          | 0/1 [00:00<?, ?it/s]Predicted melting temperature: [52.43119430541992]
  0%|          | 0/1 [00:00<?, ?it/s]  0%|          | 0/1 [00:00<?, ?it/s]100%|██████████| 1/1 [00:01<00:00,  1.32s/it]100%|██████████| 1/1 [00:01<00:00,  1.32s/it]
Predicted melting temperature: [68.18807220458984]
  seed_111 arm=cond scenario=A pH=7.4 targ   Tm=73.24  replicas=[75.3, 76.2, 68.2]
  0%|          | 0/1 [00:00<?, ?it/s]100%|██████████| 1/1 [00:02<00:00,  2.77s/it]100%|██████████| 1/1 [00:02<00:00,  2.77s/it]
Predicted melting temperature: [52.727622985839844]
  0%|          | 0/1 [00:00<?, ?it/s]100%|██████████| 1/1 [00:03<00:00,  3.01s/it]100%|██████████| 1/1 [00:03<00:00,  3.01s/it]
Predicted melting temperature: [67.11933135986328]
  0%|          | 0/1 [00:00<?, ?it/s]100%|██████████| 1/1 [00:02<00:00,  2.78s/it]100%|██████████| 1/1 [00:02<00:00,  2.78s/it]
Predicted melting temperature: [66.12093353271484]
  0%|          | 0/1 [00:00<?, ?it/s]100%|██████████| 1/1 [00:02<00:00,  2.81s/it]100%|██████████| 1/1 [00:02<00:00,  2.81s/it]
Predicted melting temperature: [60.00309371948242]
  0%|          | 0/1 [00:00<?, ?it/s]100%|██████████| 1/1 [00:03<00:00,  3.21s/it]100%|██████████| 1/1 [00:03<00:00,  3.22s/it]
Predicted melting temperature: [68.40605163574219]
  0%|          | 0/1 [00:00<?, ?it/s]100%|██████████| 1/1 [00:01<00:00,  1.45s/it]100%|██████████| 1/1 [00:01<00:00,  1.45s/it]
Predicted melting temperature: [74.61746215820312]
  0%|          | 0/1 [00:00<?, ?it/s]100%|██████████| 1/1 [00:00<00:00,  1.04it/s]100%|██████████| 1/1 [00:00<00:00,  1.04it/s]
Predicted melting temperature: [67.98346710205078]
  0%|          | 0/1 [00:00<?, ?it/s]100%|██████████| 1/1 [00:03<00:00,  3.20s/it]100%|██████████| 1/1 [00:03<00:00,  3.20s/it]
Predicted melting temperature: [57.096031188964844]
  0%|          | 0/1 [00:00<?, ?it/s]100%|██████████| 1/1 [00:01<00:00,  1.11s/it]100%|██████████| 1/1 [00:01<00:00,  1.11s/it]100%|██████████| 1/1 [00:01<00:00,  1.12s/it]
100%|██████████| 1/1 [00:01<00:00,  1.12s/it]
Predicted melting temperature: [73.8598403930664]
  0%|          | 0/1 [00:00<?, ?it/s]Predicted melting temperature: [53.50960159301758]
100%|██████████| 1/1 [00:00<00:00,  1.03it/s]100%|██████████| 1/1 [00:01<00:00,  1.22s/it]100%|██████████| 1/1 [00:01<00:00,  1.05s/it]100%|██████████| 1/1 [00:01<00:00,  1.10s/it]100%|██████████| 1/1 [00:00<00:00,  1.00it/s]  0%|          | 0/1 [00:00<?, ?it/s]100%|██████████| 1/1 [00:01<00:00,  1.37s/it]100%|██████████| 1/1 [00:01<00:00,  1.17s/it]

100%|██████████| 1/1 [00:01<00:00,  1.19s/it]
Predicted melting temperature: [62.46281433105469]
  seed_111 arm=base scenario=B pH=4.0 targ   Tm=63.47  replicas=[66.1, 61.8, 62.5]
100%|██████████| 1/1 [00:01<00:00,  1.01s/it]Predicted melting temperature: [71.54928588867188]
  seed_111 arm=base scenario=A pH=7.4 targ   Tm=68.39  replicas=[60.0, 73.6, 71.5]

100%|██████████| 1/1 [00:01<00:00,  1.18s/it]
Predicted melting temperature: [60.95834732055664]
  0%|          | 0/1 [00:00<?, ?it/s]Predicted melting temperature: [67.53317260742188]
  0%|          | 0/1 [00:00<?, ?it/s]  0%|          | 0/1 [00:00<?, ?it/s]Predicted melting temperature: [60.700992584228516]
  0%|          | 0/1 [00:00<?, ?it/s]  0%|          | 0/1 [00:00<?, ?it/s]100%|██████████| 1/1 [00:01<00:00,  1.37s/it]100%|██████████| 1/1 [00:01<00:00,  1.37s/it]
Predicted melting temperature: [75.96549224853516]
  0%|          | 0/1 [00:00<?, ?it/s]100%|██████████| 1/1 [00:01<00:00,  1.36s/it]100%|██████████| 1/1 [00:01<00:00,  1.36s/it]
Predicted melting temperature: [69.27931213378906]
  0%|          | 0/1 [00:00<?, ?it/s]100%|██████████| 1/1 [00:01<00:00,  1.06s/it]100%|██████████| 1/1 [00:01<00:00,  1.06s/it]100%|██████████| 1/1 [00:00<00:00,  1.05it/s]
100%|██████████| 1/1 [00:00<00:00,  1.04it/s]
Predicted melting temperature: [61.82142639160156]
  0%|          | 0/1 [00:00<?, ?it/s]Predicted melting temperature: [70.0089111328125]
  0%|          | 0/1 [00:00<?, ?it/s]100%|██████████| 1/1 [00:01<00:00,  1.43s/it]100%|██████████| 1/1 [00:01<00:00,  1.43s/it]
Predicted melting temperature: [75.96549224853516]
  0%|          | 0/1 [00:00<?, ?it/s]100%|██████████| 1/1 [00:01<00:00,  1.15s/it]100%|██████████| 1/1 [00:01<00:00,  1.15s/it]
Predicted melting temperature: [73.60824584960938]
  0%|          | 0/1 [00:00<?, ?it/s]100%|██████████| 1/1 [00:00<00:00,  1.00it/s]100%|██████████| 1/1 [00:00<00:00,  1.00it/s]
Predicted melting temperature: [70.84339141845703]
  0%|          | 0/1 [00:00<?, ?it/s]100%|██████████| 1/1 [00:00<00:00,  1.08it/s]100%|██████████| 1/1 [00:00<00:00,  1.08it/s]
Predicted melting temperature: [56.839054107666016]
  0%|          | 0/1 [00:00<?, ?it/s]100%|██████████| 1/1 [00:01<00:00,  1.03s/it]100%|██████████| 1/1 [00:01<00:00,  1.03s/it]100%|██████████| 1/1 [00:01<00:00,  1.06s/it]
Predicted melting temperature: [55.31366729736328]
  seed_111 arm=cond scenario=B pH=4.0 targ   Tm=58.52  replicas=[52.7, 67.5, 55.3]
100%|██████████| 1/1 [00:01<00:00,  1.06s/it]
Predicted melting temperature: [54.60898971557617]
  seed_112 arm=cond scenario=B pH=4.0 targ   Tm=52.46  replicas=[49.3, 53.5, 54.6]
  0%|          | 0/1 [00:00<?, ?it/s]  0%|          | 0/1 [00:00<?, ?it/s]100%|██████████| 1/1 [00:01<00:00,  1.61s/it]100%|██████████| 1/1 [00:01<00:00,  1.62s/it]
Predicted melting temperature: [65.74666595458984]
  seed_111 arm=cond scenario=B pH=4.0 targ   Tm=71.51  replicas=[74.2, 74.6, 65.7]
  0%|          | 0/1 [00:00<?, ?it/s]100%|██████████| 1/1 [00:01<00:00,  1.11s/it]100%|██████████| 1/1 [00:01<00:00,  1.11s/it]
Predicted melting temperature: [49.43772506713867]
  seed_111 arm=cond scenario=A pH=7.4 targ   Tm=54.19  replicas=[52.4, 60.7, 49.4]
100%|██████████| 1/1 [00:01<00:00,  1.14s/it]100%|██████████| 1/1 [00:01<00:00,  1.14s/it]  0%|          | 0/1 [00:00<?, ?it/s]
Predicted melting temperature: [69.36566925048828]
  0%|          | 0/1 [00:00<?, ?it/s]100%|██████████| 1/1 [00:01<00:00,  1.45s/it]100%|██████████| 1/1 [00:01<00:00,  1.45s/it]
Predicted melting temperature: [59.89163589477539]
  seed_111 arm=cond scenario=B pH=4.0 targ   Tm=67.42  replicas=[68.5, 73.9, 59.9]
  0%|          | 0/1 [00:00<?, ?it/s]100%|██████████| 1/1 [00:00<00:00,  1.16it/s]100%|██████████| 1/1 [00:00<00:00,  1.16it/s]
Predicted melting temperature: [62.46281433105469]
  seed_111 arm=base scenario=A pH=7.4 targ   Tm=63.47  replicas=[66.1, 61.8, 62.5]
  0%|          | 0/1 [00:00<?, ?it/s]100%|██████████| 1/1 [00:01<00:00,  1.26s/it]100%|██████████| 1/1 [00:01<00:00,  1.27s/it]
Predicted melting temperature: [52.547611236572266]
  0%|          | 0/1 [00:00<?, ?it/s]100%|██████████| 1/1 [00:00<00:00,  1.05it/s]100%|██████████| 1/1 [00:00<00:00,  1.05it/s]
Predicted melting temperature: [65.52539825439453]
  seed_111 arm=base scenario=A pH=7.4 targ   Tm=67.98  replicas=[68.4, 70.0, 65.5]
  0%|          | 0/1 [00:00<?, ?it/s]100%|██████████| 1/1 [00:01<00:00,  1.76s/it]100%|██████████| 1/1 [00:01<00:00,  1.76s/it]
100%|██████████| 1/1 [00:01<00:00,  1.27s/it]100%|██████████| 1/1 [00:01<00:00,  1.28s/it]
Predicted melting temperature: [68.461669921875]
  seed_111 arm=base scenario=A pH=7.4 targ   Tm=70.52  replicas=[67.1, 76.0, 68.5]
  0%|          | 0/1 [00:00<?, ?it/s]Predicted melting temperature: [55.03884506225586]
  0%|          | 0/1 [00:00<?, ?it/s]100%|██████████| 1/1 [00:01<00:00,  1.28s/it]100%|██████████| 1/1 [00:01<00:00,  1.28s/it]
Predicted melting temperature: [73.82369995117188]
  0%|          | 0/1 [00:00<?, ?it/s]100%|██████████| 1/1 [00:00<00:00,  1.53it/s]100%|██████████| 1/1 [00:00<00:00,  1.53it/s]
Predicted melting temperature: [56.88301086425781]
  seed_112 arm=cond scenario=A pH=7.4 targ   Tm=58.23  replicas=[61.0, 56.8, 56.9]
  0%|          | 0/1 [00:00<?, ?it/s]100%|██████████| 1/1 [00:01<00:00,  1.07s/it]100%|██████████| 1/1 [00:01<00:00,  1.07s/it]
Predicted melting temperature: [71.54928588867188]
  seed_111 arm=base scenario=B pH=4.0 targ   Tm=68.39  replicas=[60.0, 73.6, 71.5]
  0%|          | 0/1 [00:00<?, ?it/s]100%|██████████| 1/1 [00:01<00:00,  1.07s/it]100%|██████████| 1/1 [00:01<00:00,  1.07s/it]
Predicted melting temperature: [65.78041076660156]
  seed_112 arm=base scenario=B pH=4.0 targ   Tm=68.20  replicas=[68.0, 70.8, 65.8]
  0%|          | 0/1 [00:00<?, ?it/s]100%|██████████| 1/1 [00:00<00:00,  1.09it/s]100%|██████████| 1/1 [00:00<00:00,  1.09it/s]
Predicted melting temperature: [55.44257354736328]
  0%|          | 0/1 [00:00<?, ?it/s]100%|██████████| 1/1 [00:01<00:00,  1.58s/it]100%|██████████| 1/1 [00:01<00:00,  1.58s/it]
Predicted melting temperature: [68.461669921875]
  seed_111 arm=base scenario=B pH=4.0 targ   Tm=70.52  replicas=[67.1, 76.0, 68.5]
  0%|          | 0/1 [00:00<?, ?it/s]100%|██████████| 1/1 [00:01<00:00,  1.09s/it]100%|██████████| 1/1 [00:01<00:00,  1.09s/it]
Predicted melting temperature: [53.17372131347656]
  0%|          | 0/1 [00:00<?, ?it/s]100%|██████████| 1/1 [00:01<00:00,  1.04s/it]100%|██████████| 1/1 [00:01<00:00,  1.04s/it]
Predicted melting temperature: [67.65625]
  0%|          | 0/1 [00:00<?, ?it/s]100%|██████████| 1/1 [00:00<00:00,  1.04it/s]100%|██████████| 1/1 [00:00<00:00,  1.02it/s]
Predicted melting temperature: [69.36566925048828]
  0%|          | 0/1 [00:00<?, ?it/s]100%|██████████| 1/1 [00:01<00:00,  1.14s/it]100%|██████████| 1/1 [00:01<00:00,  1.15s/it]
Predicted melting temperature: [53.741912841796875]
  0%|          | 0/1 [00:00<?, ?it/s]100%|██████████| 1/1 [00:00<00:00,  1.36it/s]100%|██████████| 1/1 [00:00<00:00,  1.36it/s]
Predicted melting temperature: [62.83029556274414]
  0%|          | 0/1 [00:00<?, ?it/s]100%|██████████| 1/1 [00:00<00:00,  1.01it/s]100%|██████████| 1/1 [00:00<00:00,  1.01it/s]
Predicted melting temperature: [67.98346710205078]
  0%|          | 0/1 [00:00<?, ?it/s]100%|██████████| 1/1 [00:01<00:00,  1.35s/it]100%|██████████| 1/1 [00:01<00:00,  1.35s/it]
Predicted melting temperature: [69.17152404785156]
  0%|          | 0/1 [00:00<?, ?it/s]100%|██████████| 1/1 [00:01<00:00,  1.23s/it]100%|██████████| 1/1 [00:01<00:00,  1.23s/it]
100%|██████████| 1/1 [00:01<00:00,  1.16s/it]100%|██████████| 1/1 [00:01<00:00,  1.16s/it]
Predicted melting temperature: [72.65576171875]
  0%|          | 0/1 [00:00<?, ?it/s]Predicted melting temperature: [60.11667251586914]
  0%|          | 0/1 [00:00<?, ?it/s]100%|██████████| 1/1 [00:01<00:00,  1.01s/it]100%|██████████| 1/1 [00:01<00:00,  1.01s/it]
Predicted melting temperature: [68.26822662353516]
  0%|          | 0/1 [00:00<?, ?it/s]100%|██████████| 1/1 [00:01<00:00,  1.29s/it]100%|██████████| 1/1 [00:01<00:00,  1.29s/it]
Predicted melting temperature: [67.38191986083984]
  0%|          | 0/1 [00:00<?, ?it/s]100%|██████████| 1/1 [00:01<00:00,  1.14s/it]100%|██████████| 1/1 [00:01<00:00,  1.14s/it]
Predicted melting temperature: [52.547611236572266]
  0%|          | 0/1 [00:00<?, ?it/s]100%|██████████| 1/1 [00:01<00:00,  1.37s/it]100%|██████████| 1/1 [00:01<00:00,  1.37s/it]
Predicted melting temperature: [56.063514709472656]
  seed_111 arm=cond scenario=A pH=7.4 targ   Tm=56.07  replicas=[57.1, 55.0, 56.1]
  0%|          | 0/1 [00:00<?, ?it/s]100%|██████████| 1/1 [00:00<00:00,  1.05it/s]100%|██████████| 1/1 [00:00<00:00,  1.04it/s]
100%|██████████| 1/1 [00:01<00:00,  1.41s/it]100%|██████████| 1/1 [00:01<00:00,  1.42s/it]
Predicted melting temperature: [59.56753921508789]
  0%|          | 0/1 [00:00<?, ?it/s]Predicted melting temperature: [57.77045440673828]
  seed_112 arm=cond scenario=A pH=7.4 targ   Tm=66.96  replicas=[69.3, 73.8, 57.8]
  0%|          | 0/1 [00:00<?, ?it/s]100%|██████████| 1/1 [00:00<00:00,  1.08it/s]100%|██████████| 1/1 [00:00<00:00,  1.08it/s]
Predicted melting temperature: [67.65625]
  0%|          | 0/1 [00:00<?, ?it/s]100%|██████████| 1/1 [00:01<00:00,  1.02s/it]100%|██████████| 1/1 [00:01<00:00,  1.02s/it]
Predicted melting temperature: [66.28594207763672]
  seed_112 arm=base scenario=B pH=4.0 targ   Tm=67.77  replicas=[69.4, 67.7, 66.3]
  0%|          | 0/1 [00:00<?, ?it/s]100%|██████████| 1/1 [00:00<00:00,  1.00it/s]100%|██████████| 1/1 [00:01<00:00,  1.00s/it]
100%|██████████| 1/1 [00:01<00:00,  1.21s/it]100%|██████████| 1/1 [00:01<00:00,  1.21s/it]Predicted melting temperature: [63.77040100097656]

  0%|          | 0/1 [00:00<?, ?it/s]Predicted melting temperature: [69.76359558105469]
  0%|          | 0/1 [00:00<?, ?it/s]100%|██████████| 1/1 [00:01<00:00,  1.13s/it]100%|██████████| 1/1 [00:01<00:00,  1.13s/it]
Predicted melting temperature: [65.39376831054688]
  0%|          | 0/1 [00:00<?, ?it/s]100%|██████████| 1/1 [00:01<00:00,  1.13s/it]100%|██████████| 1/1 [00:01<00:00,  1.13s/it]
Predicted melting temperature: [70.84339141845703]
  0%|          | 0/1 [00:00<?, ?it/s]100%|██████████| 1/1 [00:01<00:00,  1.09s/it]100%|██████████| 1/1 [00:01<00:00,  1.09s/it]
Predicted melting temperature: [56.552703857421875]
  0%|          | 0/1 [00:00<?, ?it/s]100%|██████████| 1/1 [00:01<00:00,  1.56s/it]100%|██████████| 1/1 [00:01<00:00,  1.56s/it]
100%|██████████| 1/1 [00:01<00:00,  1.16s/it]100%|██████████| 1/1 [00:01<00:00,  1.16s/it]
Predicted melting temperature: [51.24874496459961]
  seed_112 arm=base scenario=A pH=7.4 targ   Tm=58.82  replicas=[52.5, 72.7, 51.2]
Predicted melting temperature: [67.38191986083984]
  0%|          | 0/1 [00:00<?, ?it/s]  0%|          | 0/1 [00:00<?, ?it/s]100%|██████████| 1/1 [00:01<00:00,  1.00s/it]100%|██████████| 1/1 [00:01<00:00,  1.00s/it]
Predicted melting temperature: [72.20457458496094]
  0%|          | 0/1 [00:00<?, ?it/s]100%|██████████| 1/1 [00:01<00:00,  1.45s/it]100%|██████████| 1/1 [00:01<00:00,  1.45s/it]
Predicted melting temperature: [73.54435729980469]
  0%|          | 0/1 [00:00<?, ?it/s]100%|██████████| 1/1 [00:01<00:00,  1.24s/it]100%|██████████| 1/1 [00:01<00:00,  1.24s/it]
Predicted melting temperature: [75.37464904785156]
  0%|          | 0/1 [00:00<?, ?it/s]100%|██████████| 1/1 [00:01<00:00,  1.16s/it]100%|██████████| 1/1 [00:01<00:00,  1.16s/it]100%|██████████| 1/1 [00:01<00:00,  1.35s/it]
Predicted melting temperature: [58.78490447998047]
  seed_113 arm=cond scenario=B pH=4.0 targ   Tm=57.93  replicas=[55.4, 59.6, 58.8]
100%|██████████| 1/1 [00:01<00:00,  1.35s/it]
100%|██████████| 1/1 [00:01<00:00,  1.34s/it]100%|██████████| 1/1 [00:01<00:00,  1.34s/it]
Predicted melting temperature: [72.65576171875]
  0%|          | 0/1 [00:00<?, ?it/s]Predicted melting temperature: [53.49595642089844]
  0%|          | 0/1 [00:00<?, ?it/s]  0%|          | 0/1 [00:00<?, ?it/s]100%|██████████| 1/1 [00:01<00:00,  1.10s/it]100%|██████████| 1/1 [00:01<00:00,  1.10s/it]
Predicted melting temperature: [66.28594207763672]
  seed_112 arm=base scenario=A pH=7.4 targ   Tm=67.77  replicas=[69.4, 67.7, 66.3]
  0%|          | 0/1 [00:00<?, ?it/s]100%|██████████| 1/1 [00:01<00:00,  1.41s/it]100%|██████████| 1/1 [00:01<00:00,  1.41s/it]
Predicted melting temperature: [66.82152557373047]
  0%|          | 0/1 [00:00<?, ?it/s]100%|██████████| 1/1 [00:01<00:00,  1.07s/it]100%|██████████| 1/1 [00:01<00:00,  1.05s/it]100%|██████████| 1/1 [00:01<00:00,  1.08s/it]
100%|██████████| 1/1 [00:01<00:00,  1.06s/it]
Predicted melting temperature: [52.81616973876953]
  seed_112 arm=cond scenario=B pH=4.0 targ   Tm=58.58  replicas=[53.2, 69.8, 52.8]
Predicted melting temperature: [54.556663513183594]
  seed_113 arm=cond scenario=A pH=7.4 targ   Tm=60.39  replicas=[62.8, 63.8, 54.6]
  0%|          | 0/1 [00:00<?, ?it/s]  0%|          | 0/1 [00:00<?, ?it/s]100%|██████████| 1/1 [00:00<00:00,  1.07it/s]100%|██████████| 1/1 [00:00<00:00,  1.07it/s]
Predicted melting temperature: [65.78041076660156]
  seed_112 arm=base scenario=A pH=7.4 targ   Tm=68.20  replicas=[68.0, 70.8, 65.8]
100%|██████████| 1/1 [00:01<00:00,  1.05s/it]  0%|          | 0/1 [00:00<?, ?it/s]100%|██████████| 1/1 [00:01<00:00,  1.06s/it]100%|██████████| 1/1 [00:01<00:00,  1.27s/it]
Predicted melting temperature: [51.48540115356445]
  seed_112 arm=cond scenario=A pH=7.4 targ   Tm=56.87  replicas=[53.7, 65.4, 51.5]
100%|██████████| 1/1 [00:01<00:00,  1.29s/it]
  0%|          | 0/1 [00:00<?, ?it/s]Predicted melting temperature: [58.168006896972656]
  0%|          | 0/1 [00:00<?, ?it/s]100%|██████████| 1/1 [00:00<00:00,  1.11it/s]100%|██████████| 1/1 [00:00<00:00,  1.11it/s]100%|██████████| 1/1 [00:01<00:00,  1.06s/it]
Predicted melting temperature: [66.18359375]
  seed_113 arm=base scenario=B pH=4.0 targ   Tm=68.89  replicas=[68.3, 72.2, 66.2]
100%|██████████| 1/1 [00:01<00:00,  1.07s/it]
Predicted melting temperature: [59.2368278503418]
  seed_112 arm=cond scenario=B pH=4.0 targ   Tm=58.64  replicas=[60.1, 56.6, 59.2]
  0%|          | 0/1 [00:00<?, ?it/s]  0%|          | 0/1 [00:00<?, ?it/s]100%|██████████| 1/1 [00:00<00:00,  1.36it/s]100%|██████████| 1/1 [00:00<00:00,  1.36it/s]
Predicted melting temperature: [63.052791595458984]
  0%|          | 0/1 [00:00<?, ?it/s]100%|██████████| 1/1 [00:01<00:00,  1.38s/it]100%|██████████| 1/1 [00:01<00:00,  1.38s/it]
Predicted melting temperature: [53.16630935668945]
  0%|          | 0/1 [00:00<?, ?it/s]100%|██████████| 1/1 [00:00<00:00,  1.11it/s]100%|██████████| 1/1 [00:01<00:00,  1.52s/it]100%|██████████| 1/1 [00:00<00:00,  1.02it/s]100%|██████████| 1/1 [00:01<00:00,  1.28s/it]100%|██████████| 1/1 [00:01<00:00,  1.63s/it]100%|██████████| 1/1 [00:01<00:00,  1.36s/it]
100%|██████████| 1/1 [00:01<00:00,  1.08s/it]100%|██████████| 1/1 [00:01<00:00,  1.09s/it]100%|██████████| 1/1 [00:01<00:00,  1.25s/it]


Predicted melting temperature: [51.24874496459961]
  seed_112 arm=base scenario=B pH=4.0 targ   Tm=58.82  replicas=[52.5, 72.7, 51.2]
100%|██████████| 1/1 [00:01<00:00,  1.26s/it]
Predicted melting temperature: [61.99920654296875]
  seed_112 arm=cond scenario=B pH=4.0 targ   Tm=68.24  replicas=[69.2, 73.5, 62.0]
Predicted melting temperature: [70.876953125]
  seed_112 arm=base scenario=A pH=7.4 targ   Tm=71.21  replicas=[67.4, 75.4, 70.9]
  0%|          | 0/1 [00:00<?, ?it/s]  0%|          | 0/1 [00:00<?, ?it/s]Predicted melting temperature: [75.37464904785156]
Predicted melting temperature: [58.231510162353516]
  0%|          | 0/1 [00:00<?, ?it/s]  0%|          | 0/1 [00:00<?, ?it/s]  0%|          | 0/1 [00:00<?, ?it/s]100%|██████████| 1/1 [00:00<00:00,  1.10it/s]100%|██████████| 1/1 [00:00<00:00,  1.10it/s]
Predicted melting temperature: [66.54778289794922]
  0%|          | 0/1 [00:00<?, ?it/s]100%|██████████| 1/1 [00:01<00:00,  1.08s/it]100%|██████████| 1/1 [00:01<00:00,  1.09s/it]
100%|██████████| 1/1 [00:00<00:00,  1.02it/s]100%|██████████| 1/1 [00:00<00:00,  1.02it/s]
Predicted melting temperature: [58.168006896972656]
  0%|          | 0/1 [00:00<?, ?it/s]Predicted melting temperature: [60.4694938659668]
  0%|          | 0/1 [00:00<?, ?it/s]100%|██████████| 1/1 [00:01<00:00,  1.11s/it]100%|██████████| 1/1 [00:01<00:00,  1.11s/it]
Predicted melting temperature: [68.26822662353516]
  0%|          | 0/1 [00:00<?, ?it/s]100%|██████████| 1/1 [00:00<00:00,  1.04it/s]100%|██████████| 1/1 [00:00<00:00,  1.04it/s]
Predicted melting temperature: [67.18379974365234]
  0%|          | 0/1 [00:00<?, ?it/s]100%|██████████| 1/1 [00:00<00:00,  1.27it/s]100%|██████████| 1/1 [00:00<00:00,  1.27it/s]
Predicted melting temperature: [62.10821533203125]
  0%|          | 0/1 [00:00<?, ?it/s]100%|██████████| 1/1 [00:01<00:00,  1.18s/it]100%|██████████| 1/1 [00:01<00:00,  1.19s/it]
Predicted melting temperature: [62.51750183105469]
  0%|          | 0/1 [00:00<?, ?it/s]100%|██████████| 1/1 [00:01<00:00,  1.40s/it]100%|██████████| 1/1 [00:01<00:00,  1.41s/it]
Predicted melting temperature: [71.77717590332031]
  0%|          | 0/1 [00:00<?, ?it/s]100%|██████████| 1/1 [00:01<00:00,  1.31s/it]100%|██████████| 1/1 [00:01<00:00,  1.31s/it]
Predicted melting temperature: [74.28952026367188]
  0%|          | 0/1 [00:00<?, ?it/s]100%|██████████| 1/1 [00:01<00:00,  1.38s/it]100%|██████████| 1/1 [00:01<00:00,  1.38s/it]
Predicted melting temperature: [61.00459671020508]
  0%|          | 0/1 [00:00<?, ?it/s]100%|██████████| 1/1 [00:01<00:00,  1.13s/it]100%|██████████| 1/1 [00:01<00:00,  1.13s/it]
Predicted melting temperature: [72.66891479492188]
  0%|          | 0/1 [00:00<?, ?it/s]100%|██████████| 1/1 [00:00<00:00,  1.50it/s]100%|██████████| 1/1 [00:00<00:00,  1.48it/s]
Predicted melting temperature: [58.70014953613281]
  seed_114 arm=cond scenario=B pH=4.0 targ   Tm=61.29  replicas=[63.1, 62.1, 58.7]
100%|██████████| 1/1 [00:01<00:00,  1.04s/it]100%|██████████| 1/1 [00:01<00:00,  1.04s/it]
  0%|          | 0/1 [00:00<?, ?it/s]Predicted melting temperature: [70.69258880615234]
  0%|          | 0/1 [00:00<?, ?it/s]100%|██████████| 1/1 [00:01<00:00,  1.19s/it]100%|██████████| 1/1 [00:01<00:00,  1.19s/it]
Predicted melting temperature: [53.16630935668945]
  0%|          | 0/1 [00:00<?, ?it/s]100%|██████████| 1/1 [00:01<00:00,  1.20s/it]100%|██████████| 1/1 [00:01<00:00,  1.21s/it]
Predicted melting temperature: [54.311805725097656]
  seed_112 arm=cond scenario=A pH=7.4 targ   Tm=55.35  replicas=[53.5, 58.2, 54.3]
  0%|          | 0/1 [00:00<?, ?it/s]100%|██████████| 1/1 [00:01<00:00,  1.07s/it]100%|██████████| 1/1 [00:01<00:00,  1.07s/it]
Predicted melting temperature: [62.51750183105469]
100%|██████████| 1/1 [00:01<00:00,  1.24s/it]  0%|          | 0/1 [00:00<?, ?it/s]100%|██████████| 1/1 [00:01<00:00,  1.25s/it]
Predicted melting temperature: [70.876953125]
  seed_112 arm=base scenario=B pH=4.0 targ   Tm=71.21  replicas=[67.4, 75.4, 70.9]
  0%|          | 0/1 [00:00<?, ?it/s]100%|██████████| 1/1 [00:01<00:00,  1.15s/it]100%|██████████| 1/1 [00:01<00:00,  1.15s/it]
100%|██████████| 1/1 [00:00<00:00,  1.03it/s]100%|██████████| 1/1 [00:00<00:00,  1.03it/s]
Predicted melting temperature: [69.58541870117188]
  0%|          | 0/1 [00:00<?, ?it/s]Predicted melting temperature: [69.29283142089844]
  0%|          | 0/1 [00:00<?, ?it/s]100%|██████████| 1/1 [00:01<00:00,  1.37s/it]100%|██████████| 1/1 [00:01<00:00,  1.37s/it]
Predicted melting temperature: [74.75391387939453]
  0%|          | 0/1 [00:00<?, ?it/s]100%|██████████| 1/1 [00:01<00:00,  1.10s/it]100%|██████████| 1/1 [00:01<00:00,  1.10s/it]
Predicted melting temperature: [72.20457458496094]
  0%|          | 0/1 [00:00<?, ?it/s]100%|██████████| 1/1 [00:01<00:00,  1.46s/it]100%|██████████| 1/1 [00:01<00:00,  1.46s/it]
Predicted melting temperature: [68.3948745727539]
  0%|          | 0/1 [00:00<?, ?it/s]100%|██████████| 1/1 [00:01<00:00,  1.07s/it]100%|██████████| 1/1 [00:01<00:00,  1.07s/it]
Predicted melting temperature: [55.659019470214844]
  seed_113 arm=base scenario=B pH=4.0 targ   Tm=58.78  replicas=[58.2, 62.5, 55.7]
  0%|          | 0/1 [00:00<?, ?it/s]100%|██████████| 1/1 [00:00<00:00,  1.59it/s]100%|██████████| 1/1 [00:00<00:00,  1.59it/s]
Predicted melting temperature: [62.28050994873047]
  seed_114 arm=cond scenario=A pH=7.4 targ   Tm=66.51  replicas=[66.5, 70.7, 62.3]
  0%|          | 0/1 [00:00<?, ?it/s]100%|██████████| 1/1 [00:01<00:00,  1.29s/it]100%|██████████| 1/1 [00:01<00:00,  1.29s/it]
100%|██████████| 1/1 [00:01<00:00,  1.12s/it]100%|██████████| 1/1 [00:01<00:00,  1.13s/it]
Predicted melting temperature: [70.02914428710938]
  0%|          | 0/1 [00:00<?, ?it/s]Predicted melting temperature: [63.67103576660156]
  0%|          | 0/1 [00:00<?, ?it/s]100%|██████████| 1/1 [00:01<00:00,  1.45s/it]100%|██████████| 1/1 [00:01<00:00,  1.45s/it]
Predicted melting temperature: [50.12550354003906]
  seed_113 arm=cond scenario=A pH=7.4 targ   Tm=62.91  replicas=[66.8, 71.8, 50.1]
  0%|          | 0/1 [00:00<?, ?it/s]100%|██████████| 1/1 [00:00<00:00,  1.09it/s]100%|██████████| 1/1 [00:00<00:00,  1.09it/s]
Predicted melting temperature: [50.63362503051758]
  0%|          | 0/1 [00:00<?, ?it/s]100%|██████████| 1/1 [00:01<00:00,  1.16s/it]100%|██████████| 1/1 [00:01<00:00,  1.16s/it]
Predicted melting temperature: [59.298095703125]
  seed_113 arm=base scenario=A pH=7.4 targ   Tm=61.71  replicas=[53.2, 72.7, 59.3]
  0%|          | 0/1 [00:00<?, ?it/s]100%|██████████| 1/1 [00:01<00:00,  1.08s/it]100%|██████████| 1/1 [00:01<00:00,  1.08s/it]
Predicted melting temperature: [55.659019470214844]
  seed_113 arm=base scenario=A pH=7.4 targ   Tm=58.78  replicas=[58.2, 62.5, 55.7]
100%|██████████| 1/1 [00:01<00:00,  1.13s/it]100%|██████████| 1/1 [00:01<00:00,  1.14s/it]
  0%|          | 0/1 [00:00<?, ?it/s]Predicted melting temperature: [72.66891479492188]
  0%|          | 0/1 [00:00<?, ?it/s]100%|██████████| 1/1 [00:00<00:00,  1.00it/s]100%|██████████| 1/1 [00:01<00:00,  1.00s/it]
Predicted melting temperature: [60.13082504272461]
  seed_114 arm=base scenario=B pH=4.0 targ   Tm=65.54  replicas=[67.2, 69.3, 60.1]
  0%|          | 0/1 [00:00<?, ?it/s]100%|██████████| 1/1 [00:00<00:00,  1.06it/s]100%|██████████| 1/1 [00:00<00:00,  1.06it/s]
Predicted melting temperature: [66.18359375]
  seed_113 arm=base scenario=A pH=7.4 targ   Tm=68.89  replicas=[68.3, 72.2, 66.2]
  0%|          | 0/1 [00:00<?, ?it/s]100%|██████████| 1/1 [00:00<00:00,  1.45it/s]100%|██████████| 1/1 [00:00<00:00,  1.45it/s]
Predicted melting temperature: [62.907562255859375]
  0%|          | 0/1 [00:00<?, ?it/s]100%|██████████| 1/1 [00:01<00:00,  1.16s/it]100%|██████████| 1/1 [00:01<00:00,  1.17s/it]
Predicted melting temperature: [61.44826889038086]
  seed_113 arm=cond scenario=B pH=4.0 targ   Tm=63.83  replicas=[60.5, 69.6, 61.4]
  0%|          | 0/1 [00:00<?, ?it/s]100%|██████████| 1/1 [00:01<00:00,  1.44s/it]100%|██████████| 1/1 [00:01<00:00,  1.44s/it]
Predicted melting temperature: [56.779937744140625]
  0%|          | 0/1 [00:00<?, ?it/s]100%|██████████| 1/1 [00:01<00:00,  1.50s/it]100%|██████████| 1/1 [00:01<00:00,  1.50s/it]
100%|██████████| 1/1 [00:01<00:00,  1.17s/it]100%|██████████| 1/1 [00:01<00:00,  1.17s/it]Predicted melting temperature: [74.75391387939453]

  0%|          | 0/1 [00:00<?, ?it/s]Predicted melting temperature: [55.88309097290039]
  0%|          | 0/1 [00:00<?, ?it/s]100%|██████████| 1/1 [00:01<00:00,  1.38s/it]100%|██████████| 1/1 [00:01<00:00,  1.38s/it]
Predicted melting temperature: [72.63731384277344]
  0%|          | 0/1 [00:00<?, ?it/s]100%|██████████| 1/1 [00:01<00:00,  1.57s/it]100%|██████████| 1/1 [00:01<00:00,  1.57s/it]
Predicted melting temperature: [79.24453735351562]
  0%|          | 0/1 [00:00<?, ?it/s]100%|██████████| 1/1 [00:00<00:00,  1.05it/s]100%|██████████| 1/1 [00:00<00:00,  1.05it/s]
100%|██████████| 1/1 [00:01<00:00,  1.11s/it]Predicted melting temperature: [52.980621337890625]
  0%|          | 0/1 [00:00<?, ?it/s]100%|██████████| 1/1 [00:01<00:00,  1.12s/it]
Predicted melting temperature: [55.670555114746094]
  seed_113 arm=cond scenario=B pH=4.0 targ   Tm=60.12  replicas=[61.0, 63.7, 55.7]
  0%|          | 0/1 [00:00<?, ?it/s]100%|██████████| 1/1 [00:00<00:00,  1.31it/s]100%|██████████| 1/1 [00:00<00:00,  1.31it/s]
Predicted melting temperature: [69.09843444824219]
  0%|          | 0/1 [00:00<?, ?it/s]100%|██████████| 1/1 [00:00<00:00,  1.52it/s]100%|██████████| 1/1 [00:00<00:00,  1.52it/s]
Predicted melting temperature: [60.73101043701172]
100%|██████████| 1/1 [00:01<00:00,  1.25s/it]  0%|          | 0/1 [00:00<?, ?it/s]100%|██████████| 1/1 [00:01<00:00,  1.25s/it]
Predicted melting temperature: [75.23221588134766]
  seed_113 arm=cond scenario=A pH=7.4 targ   Tm=73.18  replicas=[74.3, 70.0, 75.2]
  0%|          | 0/1 [00:00<?, ?it/s]100%|██████████| 1/1 [00:01<00:00,  1.20s/it]100%|██████████| 1/1 [00:01<00:00,  1.20s/it]
Predicted melting temperature: [64.96592712402344]
  0%|          | 0/1 [00:00<?, ?it/s]100%|██████████| 1/1 [00:00<00:00,  1.13it/s]100%|██████████| 1/1 [00:00<00:00,  1.11it/s]
Predicted melting temperature: [55.88309097290039]
100%|██████████| 1/1 [00:00<00:00,  1.01it/s]100%|██████████| 1/1 [00:00<00:00,  1.06it/s]100%|██████████| 1/1 [00:00<00:00,  1.09it/s]  0%|          | 0/1 [00:00<?, ?it/s]100%|██████████| 1/1 [00:01<00:00,  1.17s/it]100%|██████████| 1/1 [00:01<00:00,  1.12s/it]
100%|██████████| 1/1 [00:01<00:00,  1.06s/it]

Predicted melting temperature: [59.298095703125]
  seed_113 arm=base scenario=B pH=4.0 targ   Tm=61.71  replicas=[53.2, 72.7, 59.3]
100%|██████████| 1/1 [00:00<00:00,  1.49it/s]Predicted melting temperature: [54.83258819580078]
Predicted melting temperature: [67.18379974365234]
  0%|          | 0/1 [00:00<?, ?it/s]  0%|          | 0/1 [00:00<?, ?it/s]100%|██████████| 1/1 [00:00<00:00,  1.47it/s]  0%|          | 0/1 [00:00<?, ?it/s]
Predicted melting temperature: [60.13398742675781]
  0%|          | 0/1 [00:00<?, ?it/s]100%|██████████| 1/1 [00:01<00:00,  1.13s/it]100%|██████████| 1/1 [00:01<00:00,  1.13s/it]
Predicted melting temperature: [52.12273406982422]
  0%|          | 0/1 [00:00<?, ?it/s]100%|██████████| 1/1 [00:00<00:00,  1.82it/s]100%|██████████| 1/1 [00:00<00:00,  1.80it/s]
Predicted melting temperature: [70.52262878417969]
  0%|          | 0/1 [00:00<?, ?it/s]100%|██████████| 1/1 [00:00<00:00,  1.32it/s]100%|██████████| 1/1 [00:00<00:00,  1.32it/s]
Predicted melting temperature: [56.235862731933594]
  seed_115 arm=cond scenario=B pH=4.0 targ   Tm=53.28  replicas=[50.6, 53.0, 56.2]
  0%|          | 0/1 [00:00<?, ?it/s]100%|██████████| 1/1 [00:00<00:00,  1.32it/s]100%|██████████| 1/1 [00:00<00:00,  1.32it/s]
Predicted melting temperature: [58.80405807495117]
  seed_115 arm=cond scenario=A pH=7.4 targ   Tm=60.81  replicas=[62.9, 60.7, 58.8]
  0%|          | 0/1 [00:00<?, ?it/s]100%|██████████| 1/1 [00:00<00:00,  1.06it/s]100%|██████████| 1/1 [00:00<00:00,  1.06it/s]
Predicted melting temperature: [64.24659729003906]
  0%|          | 0/1 [00:00<?, ?it/s]100%|██████████| 1/1 [00:01<00:00,  1.44s/it]100%|██████████| 1/1 [00:01<00:00,  1.44s/it]
100%|██████████| 1/1 [00:01<00:00,  1.33s/it]100%|██████████| 1/1 [00:01<00:00,  1.33s/it]
100%|██████████| 1/1 [00:01<00:00,  1.26s/it]Predicted melting temperature: [59.93620300292969]
  0%|          | 0/1 [00:00<?, ?it/s]100%|██████████| 1/1 [00:01<00:00,  1.27s/it]
Predicted melting temperature: [49.01043701171875]
  seed_113 arm=cond scenario=B pH=4.0 targ   Tm=63.35  replicas=[68.4, 72.6, 49.0]
Predicted melting temperature: [79.24453735351562]
  0%|          | 0/1 [00:00<?, ?it/s]  0%|          | 0/1 [00:00<?, ?it/s]100%|██████████| 1/1 [00:00<00:00,  1.05it/s]100%|██████████| 1/1 [00:00<00:00,  1.03it/s]
Predicted melting temperature: [52.37102127075195]
  0%|          | 0/1 [00:00<?, ?it/s]100%|██████████| 1/1 [00:01<00:00,  1.23s/it]100%|██████████| 1/1 [00:01<00:00,  1.23s/it]100%|██████████| 1/1 [00:00<00:00,  1.78it/s]100%|██████████| 1/1 [00:00<00:00,  1.19it/s]
100%|██████████| 1/1 [00:01<00:00,  1.19s/it]Predicted melting temperature: [71.68623352050781]
  seed_113 arm=base scenario=A pH=7.4 targ   Tm=75.23  replicas=[74.8, 79.2, 71.7]
100%|██████████| 1/1 [00:01<00:00,  1.21s/it]100%|██████████| 1/1 [00:00<00:00,  1.39it/s]100%|██████████| 1/1 [00:00<00:00,  1.04it/s]


Predicted melting temperature: [62.61116027832031]
  seed_115 arm=base scenario=B pH=4.0 targ   Tm=67.41  replicas=[69.1, 70.5, 62.6]
  0%|          | 0/1 [00:00<?, ?it/s]100%|██████████| 1/1 [00:01<00:00,  1.01s/it]100%|██████████| 1/1 [00:01<00:00,  1.01s/it]Predicted melting temperature: [73.40594482421875]

  0%|          | 0/1 [00:00<?, ?it/s]Predicted melting temperature: [73.14360046386719]
  0%|          | 0/1 [00:00<?, ?it/s]  0%|          | 0/1 [00:00<?, ?it/s]Predicted melting temperature: [60.13398742675781]
  0%|          | 0/1 [00:00<?, ?it/s]100%|██████████| 1/1 [00:01<00:00,  1.03s/it]100%|██████████| 1/1 [00:01<00:00,  1.03s/it]
Predicted melting temperature: [56.43913269042969]
  seed_114 arm=base scenario=B pH=4.0 targ   Tm=57.49  replicas=[55.9, 60.1, 56.4]
100%|██████████| 1/1 [00:01<00:00,  1.07s/it]100%|██████████| 1/1 [00:01<00:00,  1.07s/it]
  0%|          | 0/1 [00:00<?, ?it/s]Predicted melting temperature: [69.29283142089844]
  0%|          | 0/1 [00:00<?, ?it/s]100%|██████████| 1/1 [00:00<00:00,  1.22it/s]100%|██████████| 1/1 [00:00<00:00,  1.22it/s]
Predicted melting temperature: [50.73074722290039]
  0%|          | 0/1 [00:00<?, ?it/s]100%|██████████| 1/1 [00:01<00:00,  1.23s/it]100%|██████████| 1/1 [00:01<00:00,  1.23s/it]
Predicted melting temperature: [54.83258819580078]
  0%|          | 0/1 [00:00<?, ?it/s]100%|██████████| 1/1 [00:01<00:00,  1.08s/it]100%|██████████| 1/1 [00:01<00:00,  1.08s/it]
Predicted melting temperature: [67.10513305664062]
  0%|          | 0/1 [00:00<?, ?it/s]100%|██████████| 1/1 [00:00<00:00,  1.05it/s]100%|██████████| 1/1 [00:00<00:00,  1.05it/s]
100%|██████████| 1/1 [00:00<00:00,  1.35it/s]100%|██████████| 1/1 [00:00<00:00,  1.34it/s]
Predicted melting temperature: [61.84602355957031]
  0%|          | 0/1 [00:00<?, ?it/s]Predicted melting temperature: [70.06668090820312]
  0%|          | 0/1 [00:00<?, ?it/s]100%|██████████| 1/1 [00:00<00:00,  1.66it/s]100%|██████████| 1/1 [00:00<00:00,  1.66it/s]
Predicted melting temperature: [56.43913269042969]
  seed_114 arm=base scenario=A pH=7.4 targ   Tm=57.49  replicas=[55.9, 60.1, 56.4]
  0%|          | 0/1 [00:00<?, ?it/s]100%|██████████| 1/1 [00:01<00:00,  1.10s/it]100%|██████████| 1/1 [00:01<00:00,  1.10s/it]
Predicted melting temperature: [72.46238708496094]
  0%|          | 0/1 [00:00<?, ?it/s]100%|██████████| 1/1 [00:00<00:00,  1.31it/s]100%|██████████| 1/1 [00:00<00:00,  1.31it/s]
Predicted melting temperature: [56.27100372314453]
  seed_114 arm=base scenario=A pH=7.4 targ   Tm=61.42  replicas=[54.8, 73.1, 56.3]
100%|██████████| 1/1 [00:00<00:00,  1.45it/s]100%|██████████| 1/1 [00:00<00:00,  1.45it/s]
100%|██████████| 1/1 [00:00<00:00,  1.63it/s]Predicted melting temperature: [63.125057220458984]
100%|██████████| 1/1 [00:00<00:00,  1.62it/s]  0%|          | 0/1 [00:00<?, ?it/s]
  0%|          | 0/1 [00:00<?, ?it/s]100%|██████████| 1/1 [00:01<00:00,  1.16s/it]100%|██████████| 1/1 [00:01<00:00,  1.16s/it]
Predicted melting temperature: [60.108211517333984]
  seed_113 arm=cond scenario=A pH=7.4 targ   Tm=58.94  replicas=[56.8, 59.9, 60.1]
Predicted melting temperature: [53.98268127441406]
  0%|          | 0/1 [00:00<?, ?it/s]  0%|          | 0/1 [00:00<?, ?it/s]100%|██████████| 1/1 [00:00<00:00,  1.12it/s]100%|██████████| 1/1 [00:00<00:00,  1.12it/s]
Predicted melting temperature: [69.58883666992188]
  0%|          | 0/1 [00:00<?, ?it/s]100%|██████████| 1/1 [00:00<00:00,  1.13it/s]100%|██████████| 1/1 [00:00<00:00,  1.13it/s]
Predicted melting temperature: [60.13082504272461]
  seed_114 arm=base scenario=A pH=7.4 targ   Tm=65.54  replicas=[67.2, 69.3, 60.1]
100%|██████████| 1/1 [00:01<00:00,  1.34s/it]100%|██████████| 1/1 [00:01<00:00,  1.35s/it]
Predicted melting temperature: [71.68623352050781]
  seed_113 arm=base scenario=B pH=4.0 targ   Tm=75.23  replicas=[74.8, 79.2, 71.7]
  0%|          | 0/1 [00:00<?, ?it/s]  0%|          | 0/1 [00:00<?, ?it/s]100%|██████████| 1/1 [00:01<00:00,  1.10s/it]100%|██████████| 1/1 [00:01<00:00,  1.10s/it]
Predicted melting temperature: [69.88863372802734]
  0%|          | 0/1 [00:00<?, ?it/s]100%|██████████| 1/1 [00:01<00:00,  1.49s/it]100%|██████████| 1/1 [00:01<00:00,  1.49s/it]
Predicted melting temperature: [63.959842681884766]
  0%|          | 0/1 [00:00<?, ?it/s]100%|██████████| 1/1 [00:00<00:00,  1.39it/s]100%|██████████| 1/1 [00:00<00:00,  1.38it/s]
Predicted melting temperature: [57.615474700927734]
  0%|          | 0/1 [00:00<?, ?it/s]100%|██████████| 1/1 [00:00<00:00,  1.35it/s]100%|██████████| 1/1 [00:00<00:00,  1.33it/s]
Predicted melting temperature: [50.5169677734375]
  seed_114 arm=cond scenario=A pH=7.4 targ   Tm=57.65  replicas=[52.4, 70.1, 50.5]
  0%|          | 0/1 [00:00<?, ?it/s]100%|██████████| 1/1 [00:00<00:00,  1.00it/s]100%|██████████| 1/1 [00:00<00:00,  1.00it/s]
Predicted melting temperature: [48.412635803222656]
  seed_114 arm=cond scenario=B pH=4.0 targ   Tm=55.88  replicas=[52.1, 67.1, 48.4]
  0%|          | 0/1 [00:00<?, ?it/s]100%|██████████| 1/1 [00:00<00:00,  1.42it/s]100%|██████████| 1/1 [00:00<00:00,  1.42it/s]
100%|██████████| 1/1 [00:01<00:00,  1.34s/it]100%|██████████| 1/1 [00:01<00:00,  1.35s/it]
Predicted melting temperature: [50.31580352783203]
  seed_114 arm=cond scenario=A pH=7.4 targ   Tm=62.90  replicas=[65.0, 73.4, 50.3]
Predicted melting temperature: [63.125057220458984]
  0%|          | 0/1 [00:00<?, ?it/s]  0%|          | 0/1 [00:00<?, ?it/s]100%|██████████| 1/1 [00:01<00:00,  1.13s/it]100%|██████████| 1/1 [00:01<00:00,  1.13s/it]
Predicted melting temperature: [73.14360046386719]
  0%|          | 0/1 [00:00<?, ?it/s]100%|██████████| 1/1 [00:00<00:00,  1.39it/s]100%|██████████| 1/1 [00:00<00:00,  1.39it/s]
Predicted melting temperature: [63.66452407836914]
  seed_116 arm=cond scenario=B pH=4.0 targ   Tm=56.13  replicas=[50.7, 54.0, 63.7]
  0%|          | 0/1 [00:00<?, ?it/s]100%|██████████| 1/1 [00:00<00:00,  1.23it/s]100%|██████████| 1/1 [00:00<00:00,  1.23it/s]
Predicted melting temperature: [58.05913543701172]
  0%|          | 0/1 [00:00<?, ?it/s]100%|██████████| 1/1 [00:00<00:00,  1.03it/s]100%|██████████| 1/1 [00:00<00:00,  1.03it/s]
Predicted melting temperature: [60.379058837890625]
  seed_114 arm=cond scenario=B pH=4.0 targ   Tm=65.70  replicas=[64.2, 72.5, 60.4]
  0%|          | 0/1 [00:00<?, ?it/s]100%|██████████| 1/1 [00:00<00:00,  1.04it/s]100%|██████████| 1/1 [00:00<00:00,  1.04it/s]
Predicted melting temperature: [52.02153778076172]
  0%|          | 0/1 [00:00<?, ?it/s]100%|██████████| 1/1 [00:01<00:00,  1.05s/it]100%|██████████| 1/1 [00:01<00:00,  1.05s/it]
Predicted melting temperature: [55.3310546875]
  0%|          | 0/1 [00:00<?, ?it/s]100%|██████████| 1/1 [00:00<00:00,  1.14it/s]100%|██████████| 1/1 [00:00<00:00,  1.14it/s]100%|██████████| 1/1 [00:00<00:00,  1.03it/s]
100%|██████████| 1/1 [00:00<00:00,  1.03it/s]
Predicted melting temperature: [69.09843444824219]
  0%|          | 0/1 [00:00<?, ?it/s]Predicted melting temperature: [73.36576080322266]
  0%|          | 0/1 [00:00<?, ?it/s]100%|██████████| 1/1 [00:00<00:00,  1.38it/s]100%|██████████| 1/1 [00:00<00:00,  1.33it/s]
Predicted melting temperature: [56.27478790283203]
  seed_116 arm=cond scenario=A pH=7.4 targ   Tm=58.58  replicas=[61.8, 57.6, 56.3]
  0%|          | 0/1 [00:00<?, ?it/s]100%|██████████| 1/1 [00:00<00:00,  1.29it/s]100%|██████████| 1/1 [00:00<00:00,  1.29it/s]
Predicted melting temperature: [51.87066650390625]
  0%|          | 0/1 [00:00<?, ?it/s]100%|██████████| 1/1 [00:00<00:00,  1.43it/s]100%|██████████| 1/1 [00:00<00:00,  1.43it/s]
Predicted melting temperature: [58.05913543701172]
  0%|          | 0/1 [00:00<?, ?it/s]100%|██████████| 1/1 [00:00<00:00,  1.30it/s]100%|██████████| 1/1 [00:00<00:00,  1.30it/s]
Predicted melting temperature: [54.659698486328125]
  0%|          | 0/1 [00:00<?, ?it/s]100%|██████████| 1/1 [00:01<00:00,  1.01s/it]100%|██████████| 1/1 [00:01<00:00,  1.01s/it]
Predicted melting temperature: [77.20765686035156]
  0%|          | 0/1 [00:00<?, ?it/s]100%|██████████| 1/1 [00:00<00:00,  1.58it/s]100%|██████████| 1/1 [00:00<00:00,  1.58it/s]
Predicted melting temperature: [49.8162727355957]
  0%|          | 0/1 [00:00<?, ?it/s]100%|██████████| 1/1 [00:01<00:00,  1.35s/it]100%|██████████| 1/1 [00:01<00:00,  1.35s/it]
Predicted melting temperature: [69.88863372802734]
  0%|          | 0/1 [00:00<?, ?it/s]100%|██████████| 1/1 [00:01<00:00,  1.21s/it]100%|██████████| 1/1 [00:01<00:00,  1.22s/it]
Predicted melting temperature: [56.27100372314453]
  seed_114 arm=base scenario=B pH=4.0 targ   Tm=61.42  replicas=[54.8, 73.1, 56.3]
100%|██████████| 1/1 [00:00<00:00,  1.47it/s]100%|██████████| 1/1 [00:00<00:00,  1.47it/s]
100%|██████████| 1/1 [00:00<00:00,  1.02it/s]100%|██████████| 1/1 [00:01<00:00,  1.49s/it]  0%|          | 0/1 [00:00<?, ?it/s]Predicted melting temperature: [62.71116638183594]
  0%|          | 0/1 [00:00<?, ?it/s]100%|██████████| 1/1 [00:00<00:00,  1.00it/s]100%|██████████| 1/1 [00:01<00:00,  1.50s/it]

Predicted melting temperature: [73.28819274902344]
  0%|          | 0/1 [00:00<?, ?it/s]Predicted melting temperature: [67.72032928466797]
  0%|          | 0/1 [00:00<?, ?it/s]100%|██████████| 1/1 [00:01<00:00,  1.07s/it]100%|██████████| 1/1 [00:01<00:00,  1.08s/it]
Predicted melting temperature: [59.74766540527344]
  seed_115 arm=base scenario=B pH=4.0 targ   Tm=60.31  replicas=[63.1, 58.1, 59.7]
  0%|          | 0/1 [00:00<?, ?it/s]100%|██████████| 1/1 [00:01<00:00,  1.37s/it]100%|██████████| 1/1 [00:01<00:00,  1.38s/it]
Predicted melting temperature: [74.92715454101562]
  0%|          | 0/1 [00:00<?, ?it/s]100%|██████████| 1/1 [00:01<00:00,  1.08s/it]100%|██████████| 1/1 [00:01<00:00,  1.08s/it]
Predicted melting temperature: [56.10631561279297]
  0%|          | 0/1 [00:00<?, ?it/s]100%|██████████| 1/1 [00:00<00:00,  1.02it/s]100%|██████████| 1/1 [00:00<00:00,  1.02it/s]
Predicted melting temperature: [67.1880111694336]
  seed_116 arm=base scenario=B pH=4.0 targ   Tm=70.05  replicas=[69.6, 73.4, 67.2]
  0%|          | 0/1 [00:00<?, ?it/s]100%|██████████| 1/1 [00:01<00:00,  1.08s/it]100%|██████████| 1/1 [00:01<00:00,  1.08s/it]
Predicted melting temperature: [73.1697998046875]
100%|██████████| 1/1 [00:01<00:00,  1.04s/it]  0%|          | 0/1 [00:00<?, ?it/s]100%|██████████| 1/1 [00:01<00:00,  1.05s/it]
100%|██████████| 1/1 [00:00<00:00,  1.12it/s]100%|██████████| 1/1 [00:00<00:00,  1.12it/s]Predicted melting temperature: [70.52262878417969]

  0%|          | 0/1 [00:00<?, ?it/s]Predicted melting temperature: [72.82061767578125]
  0%|          | 0/1 [00:00<?, ?it/s]100%|██████████| 1/1 [00:00<00:00,  1.22it/s]100%|██████████| 1/1 [00:00<00:00,  1.22it/s]100%|██████████| 1/1 [00:01<00:00,  1.03s/it]
100%|██████████| 1/1 [00:01<00:00,  1.04s/it]
Predicted melting temperature: [52.88064193725586]
Predicted melting temperature: [62.92206573486328]
  0%|          | 0/1 [00:00<?, ?it/s]  0%|          | 0/1 [00:00<?, ?it/s]100%|██████████| 1/1 [00:01<00:00,  1.22s/it]100%|██████████| 1/1 [00:01<00:00,  1.22s/it]
Predicted melting temperature: [59.74766540527344]
  seed_115 arm=base scenario=A pH=7.4 targ   Tm=60.31  replicas=[63.1, 58.1, 59.7]
  0%|          | 0/1 [00:00<?, ?it/s]100%|██████████| 1/1 [00:01<00:00,  1.22s/it]100%|██████████| 1/1 [00:01<00:00,  1.23s/it]
Predicted melting temperature: [68.42862701416016]
  seed_114 arm=base scenario=A pH=7.4 targ   Tm=71.84  replicas=[69.9, 77.2, 68.4]
  0%|          | 0/1 [00:00<?, ?it/s]100%|██████████| 1/1 [00:00<00:00,  1.04it/s]100%|██████████| 1/1 [00:00<00:00,  1.04it/s]
Predicted melting temperature: [71.57984161376953]
  0%|          | 0/1 [00:00<?, ?it/s]100%|██████████| 1/1 [00:00<00:00,  1.03it/s]100%|██████████| 1/1 [00:00<00:00,  1.03it/s]
Predicted melting temperature: [63.5518913269043]
  0%|          | 0/1 [00:00<?, ?it/s]100%|██████████| 1/1 [00:00<00:00,  1.23it/s]100%|██████████| 1/1 [00:00<00:00,  1.23it/s]
100%|██████████| 1/1 [00:00<00:00,  1.41it/s]100%|██████████| 1/1 [00:00<00:00,  1.40it/s]Predicted melting temperature: [67.24211120605469]

Predicted melting temperature: [64.81224060058594]
  seed_115 arm=cond scenario=B pH=4.0 targ   Tm=64.10  replicas=[54.7, 72.8, 64.8]
  0%|          | 0/1 [00:00<?, ?it/s]  0%|          | 0/1 [00:00<?, ?it/s]100%|██████████| 1/1 [00:01<00:00,  1.09s/it]100%|██████████| 1/1 [00:01<00:00,  1.09s/it]
Predicted melting temperature: [59.13801574707031]
  0%|          | 0/1 [00:00<?, ?it/s]100%|██████████| 1/1 [00:00<00:00,  1.26it/s]100%|██████████| 1/1 [00:00<00:00,  1.26it/s]100%|██████████| 1/1 [00:01<00:00,  1.20s/it]
Predicted melting temperature: [58.309364318847656]
  seed_117 arm=cond scenario=B pH=4.0 targ   Tm=53.67  replicas=[49.8, 52.9, 58.3]
100%|██████████| 1/1 [00:01<00:00,  1.20s/it]
Predicted melting temperature: [55.3310546875]
  0%|          | 0/1 [00:00<?, ?it/s]  0%|          | 0/1 [00:00<?, ?it/s]100%|██████████| 1/1 [00:01<00:00,  1.20s/it]100%|██████████| 1/1 [00:01<00:00,  1.20s/it]
Predicted melting temperature: [73.76840209960938]
  0%|          | 0/1 [00:00<?, ?it/s]100%|██████████| 1/1 [00:01<00:00,  1.10s/it]100%|██████████| 1/1 [00:01<00:00,  1.10s/it]
Predicted melting temperature: [63.32262420654297]
  seed_114 arm=cond scenario=A pH=7.4 targ   Tm=57.15  replicas=[52.0, 56.1, 63.3]
100%|██████████| 1/1 [00:01<00:00,  1.01s/it]100%|██████████| 1/1 [00:01<00:00,  1.01s/it]  0%|          | 0/1 [00:00<?, ?it/s]
Predicted melting temperature: [62.61116027832031]
  seed_115 arm=base scenario=A pH=7.4 targ   Tm=67.41  replicas=[69.1, 70.5, 62.6]
  0%|          | 0/1 [00:00<?, ?it/s]100%|██████████| 1/1 [00:01<00:00,  1.44s/it]100%|██████████| 1/1 [00:01<00:00,  1.44s/it]100%|██████████| 1/1 [00:01<00:00,  1.08s/it]
Predicted melting temperature: [49.72722244262695]
  seed_114 arm=cond scenario=B pH=4.0 targ   Tm=62.33  replicas=[64.0, 73.3, 49.7]
100%|██████████| 1/1 [00:01<00:00,  1.08s/it]
Predicted melting temperature: [56.133209228515625]
  seed_115 arm=cond scenario=A pH=7.4 targ   Tm=56.98  replicas=[51.9, 62.9, 56.1]
  0%|          | 0/1 [00:00<?, ?it/s]  0%|          | 0/1 [00:00<?, ?it/s]100%|██████████| 1/1 [00:01<00:00,  1.22s/it]100%|██████████| 1/1 [00:01<00:00,  1.22s/it]
Predicted melting temperature: [71.97489166259766]
  seed_115 arm=base scenario=A pH=7.4 targ   Tm=66.83  replicas=[55.3, 73.2, 72.0]
  0%|          | 0/1 [00:00<?, ?it/s]100%|██████████| 1/1 [00:01<00:00,  1.66s/it]100%|██████████| 1/1 [00:01<00:00,  1.66s/it]
Predicted melting temperature: [77.20765686035156]
  0%|          | 0/1 [00:00<?, ?it/s]100%|██████████| 1/1 [00:01<00:00,  1.09s/it]100%|██████████| 1/1 [00:01<00:00,  1.09s/it]
Predicted melting temperature: [63.5518913269043]
  0%|          | 0/1 [00:00<?, ?it/s]100%|██████████| 1/1 [00:00<00:00,  1.32it/s]100%|██████████| 1/1 [00:00<00:00,  1.32it/s]
Predicted melting temperature: [71.67076110839844]
  0%|          | 0/1 [00:00<?, ?it/s]100%|██████████| 1/1 [00:00<00:00,  1.16it/s]100%|██████████| 1/1 [00:00<00:00,  1.16it/s]
Predicted melting temperature: [53.86556625366211]
  0%|          | 0/1 [00:00<?, ?it/s]100%|██████████| 1/1 [00:00<00:00,  1.06it/s]100%|██████████| 1/1 [00:00<00:00,  1.06it/s]
Predicted melting temperature: [71.17420196533203]
  0%|          | 0/1 [00:00<?, ?it/s]100%|██████████| 1/1 [00:01<00:00,  1.33s/it]100%|██████████| 1/1 [00:01<00:00,  1.33s/it]100%|██████████| 1/1 [00:00<00:00,  1.19it/s]
100%|██████████| 1/1 [00:00<00:00,  1.19it/s]100%|██████████| 1/1 [00:01<00:00,  1.04s/it]
100%|██████████| 1/1 [00:01<00:00,  1.04s/it]Predicted melting temperature: [63.97408676147461]

Predicted melting temperature: [62.31378936767578]
  seed_115 arm=cond scenario=B pH=4.0 targ   Tm=67.20  replicas=[67.7, 71.6, 62.3]
  0%|          | 0/1 [00:00<?, ?it/s]  0%|          | 0/1 [00:00<?, ?it/s]Predicted melting temperature: [77.46488952636719]
  0%|          | 0/1 [00:00<?, ?it/s]100%|██████████| 1/1 [00:00<00:00,  1.01it/s]100%|██████████| 1/1 [00:00<00:00,  1.01it/s]
Predicted melting temperature: [59.759742736816406]
  seed_117 arm=cond scenario=A pH=7.4 targ   Tm=60.54  replicas=[62.7, 59.1, 59.8]
  0%|          | 0/1 [00:00<?, ?it/s]100%|██████████| 1/1 [00:00<00:00,  1.14it/s]100%|██████████| 1/1 [00:00<00:00,  1.14it/s]
Predicted melting temperature: [67.41397094726562]
  seed_115 arm=cond scenario=A pH=7.4 targ   Tm=72.04  replicas=[74.9, 73.8, 67.4]
  0%|          | 0/1 [00:00<?, ?it/s]100%|██████████| 1/1 [00:00<00:00,  1.03it/s]100%|██████████| 1/1 [00:00<00:00,  1.03it/s]
Predicted melting temperature: [69.58883666992188]
  0%|          | 0/1 [00:00<?, ?it/s]100%|██████████| 1/1 [00:01<00:00,  1.07s/it]100%|██████████| 1/1 [00:01<00:00,  1.07s/it]
Predicted melting temperature: [62.72308349609375]
  0%|          | 0/1 [00:00<?, ?it/s]100%|██████████| 1/1 [00:01<00:00,  1.30s/it]100%|██████████| 1/1 [00:01<00:00,  1.30s/it]
Predicted melting temperature: [73.1697998046875]
  0%|          | 0/1 [00:00<?, ?it/s]100%|██████████| 1/1 [00:00<00:00,  1.43it/s]100%|██████████| 1/1 [00:00<00:00,  1.43it/s]
Predicted melting temperature: [66.85652923583984]
  seed_117 arm=base scenario=B pH=4.0 targ   Tm=68.59  replicas=[67.2, 71.7, 66.9]
  0%|          | 0/1 [00:00<?, ?it/s]100%|██████████| 1/1 [00:01<00:00,  1.10s/it]100%|██████████| 1/1 [00:01<00:00,  1.10s/it]
100%|██████████| 1/1 [00:00<00:00,  1.63it/s]Predicted melting temperature: [52.4132080078125]
  0%|          | 0/1 [00:00<?, ?it/s]100%|██████████| 1/1 [00:00<00:00,  1.63it/s]
Predicted melting temperature: [62.146034240722656]
  seed_116 arm=base scenario=B pH=4.0 targ   Tm=65.62  replicas=[63.6, 71.2, 62.1]
  0%|          | 0/1 [00:00<?, ?it/s]100%|██████████| 1/1 [00:01<00:00,  1.20s/it]100%|██████████| 1/1 [00:01<00:00,  1.20s/it]
100%|██████████| 1/1 [00:01<00:00,  1.16s/it]100%|██████████| 1/1 [00:01<00:00,  1.17s/it]Predicted melting temperature: [69.09407043457031]

  0%|          | 0/1 [00:00<?, ?it/s]Predicted melting temperature: [54.11852264404297]
  0%|          | 0/1 [00:00<?, ?it/s]100%|██████████| 1/1 [00:00<00:00,  1.00it/s]100%|██████████| 1/1 [00:00<00:00,  1.00it/s]
Predicted melting temperature: [71.17420196533203]
  0%|          | 0/1 [00:00<?, ?it/s]100%|██████████| 1/1 [00:00<00:00,  1.25it/s]100%|██████████| 1/1 [00:00<00:00,  1.25it/s]
Predicted melting temperature: [54.85546875]
  0%|          | 0/1 [00:00<?, ?it/s]100%|██████████| 1/1 [00:00<00:00,  1.18it/s]100%|██████████| 1/1 [00:00<00:00,  1.18it/s]
Predicted melting temperature: [61.099464416503906]
  0%|          | 0/1 [00:00<?, ?it/s]100%|██████████| 1/1 [00:00<00:00,  1.19it/s]100%|██████████| 1/1 [00:00<00:00,  1.19it/s]
Predicted melting temperature: [66.78523254394531]
  0%|          | 0/1 [00:00<?, ?it/s]100%|██████████| 1/1 [00:01<00:00,  1.43s/it]100%|██████████| 1/1 [00:01<00:00,  1.43s/it]
Predicted melting temperature: [68.42862701416016]
  seed_114 arm=base scenario=B pH=4.0 targ   Tm=71.84  replicas=[69.9, 77.2, 68.4]
100%|██████████| 1/1 [00:01<00:00,  1.12s/it]100%|██████████| 1/1 [00:01<00:00,  1.13s/it]  0%|          | 0/1 [00:00<?, ?it/s]100%|██████████| 1/1 [00:01<00:00,  1.18s/it]
100%|██████████| 1/1 [00:01<00:00,  1.23s/it]
Predicted melting temperature: [60.60917663574219]
  0%|          | 0/1 [00:00<?, ?it/s]Predicted melting temperature: [79.94635772705078]
  0%|          | 0/1 [00:00<?, ?it/s]100%|██████████| 1/1 [00:00<00:00,  1.04it/s]100%|██████████| 1/1 [00:00<00:00,  1.45it/s]100%|██████████| 1/1 [00:00<00:00,  1.04it/s]100%|██████████| 1/1 [00:00<00:00,  1.45it/s]
100%|██████████| 1/1 [00:01<00:00,  1.12s/it]
100%|██████████| 1/1 [00:01<00:00,  1.13s/it]
Predicted melting temperature: [65.57026672363281]
Predicted melting temperature: [73.36576080322266]
Predicted melting temperature: [76.04661560058594]
  0%|          | 0/1 [00:00<?, ?it/s]  0%|          | 0/1 [00:00<?, ?it/s]  0%|          | 0/1 [00:00<?, ?it/s]100%|██████████| 1/1 [00:00<00:00,  1.60it/s]100%|██████████| 1/1 [00:00<00:00,  1.60it/s]
100%|██████████| 1/1 [00:00<00:00,  1.03it/s]100%|██████████| 1/1 [00:00<00:00,  1.17it/s]100%|██████████| 1/1 [00:00<00:00,  1.00it/s]
100%|██████████| 1/1 [00:00<00:00,  1.16it/s]
Predicted melting temperature: [66.22244262695312]
Predicted melting temperature: [66.66067504882812]
Predicted melting temperature: [73.56288146972656]
  0%|          | 0/1 [00:00<?, ?it/s]  0%|          | 0/1 [00:00<?, ?it/s]  0%|          | 0/1 [00:00<?, ?it/s]100%|██████████| 1/1 [00:01<00:00,  1.10s/it]100%|██████████| 1/1 [00:01<00:00,  1.13s/it]
Predicted melting temperature: [71.97489166259766]
  seed_115 arm=base scenario=B pH=4.0 targ   Tm=66.83  replicas=[55.3, 73.2, 72.0]
100%|██████████| 1/1 [00:00<00:00,  1.43it/s]100%|██████████| 1/1 [00:00<00:00,  1.42it/s]
  0%|          | 0/1 [00:00<?, ?it/s]Predicted melting temperature: [68.89630126953125]
  0%|          | 0/1 [00:00<?, ?it/s]100%|██████████| 1/1 [00:00<00:00,  1.02it/s]100%|██████████| 1/1 [00:00<00:00,  1.02it/s]100%|██████████| 1/1 [00:01<00:00,  1.09s/it]
100%|██████████| 1/1 [00:01<00:00,  1.10s/it]Predicted melting temperature: [75.8336181640625]

  0%|          | 0/1 [00:00<?, ?it/s]Predicted melting temperature: [55.577850341796875]
  0%|          | 0/1 [00:00<?, ?it/s]100%|██████████| 1/1 [00:00<00:00,  1.06it/s]100%|██████████| 1/1 [00:00<00:00,  1.06it/s]100%|██████████| 1/1 [00:01<00:00,  1.39s/it]
Predicted melting temperature: [57.725685119628906]
  seed_118 arm=cond scenario=B pH=4.0 targ   Tm=58.85  replicas=[64.0, 54.9, 57.7]
100%|██████████| 1/1 [00:01<00:00,  1.39s/it]
  0%|          | 0/1 [00:00<?, ?it/s]Predicted melting temperature: [55.252838134765625]
  0%|          | 0/1 [00:00<?, ?it/s]100%|██████████| 1/1 [00:01<00:00,  1.13s/it]100%|██████████| 1/1 [00:01<00:00,  1.13s/it]
Predicted melting temperature: [62.146034240722656]
  seed_116 arm=base scenario=A pH=7.4 targ   Tm=65.62  replicas=[63.6, 71.2, 62.1]
  0%|          | 0/1 [00:00<?, ?it/s]100%|██████████| 1/1 [00:00<00:00,  1.37it/s]100%|██████████| 1/1 [00:00<00:00,  1.37it/s]
Predicted melting temperature: [73.14418029785156]
  0%|          | 0/1 [00:00<?, ?it/s]100%|██████████| 1/1 [00:00<00:00,  1.52it/s]100%|██████████| 1/1 [00:00<00:00,  1.52it/s]
Predicted melting temperature: [60.5611686706543]
  seed_118 arm=cond scenario=A pH=7.4 targ   Tm=65.41  replicas=[66.8, 68.9, 60.6]
100%|██████████| 1/1 [00:00<00:00,  1.34it/s]100%|██████████| 1/1 [00:00<00:00,  1.33it/s]  0%|          | 0/1 [00:00<?, ?it/s]
Predicted melting temperature: [57.164493560791016]
  seed_116 arm=cond scenario=B pH=4.0 targ   Tm=61.50  replicas=[61.1, 66.2, 57.2]
100%|██████████| 1/1 [00:00<00:00,  1.32it/s]100%|██████████| 1/1 [00:00<00:00,  1.32it/s]
Predicted melting temperature: [69.9181137084961]
  seed_116 arm=base scenario=A pH=7.4 targ   Tm=65.87  replicas=[54.1, 73.6, 69.9]
  0%|          | 0/1 [00:00<?, ?it/s]100%|██████████| 1/1 [00:01<00:00,  1.08s/it]  0%|          | 0/1 [00:00<?, ?it/s]100%|██████████| 1/1 [00:01<00:00,  1.08s/it]
Predicted melting temperature: [50.064537048339844]
  seed_116 arm=cond scenario=B pH=4.0 targ   Tm=54.85  replicas=[53.9, 60.6, 50.1]
  0%|          | 0/1 [00:00<?, ?it/s]100%|██████████| 1/1 [00:01<00:00,  1.15s/it]100%|██████████| 1/1 [00:01<00:00,  1.15s/it]
Predicted melting temperature: [67.1880111694336]
  seed_116 arm=base scenario=A pH=7.4 targ   Tm=70.05  replicas=[69.6, 73.4, 67.2]
  0%|          | 0/1 [00:00<?, ?it/s]100%|██████████| 1/1 [00:01<00:00,  1.19s/it]100%|██████████| 1/1 [00:01<00:00,  1.19s/it]
Predicted melting temperature: [74.44863891601562]
  0%|          | 0/1 [00:00<?, ?it/s]100%|██████████| 1/1 [00:01<00:00,  1.02s/it]100%|██████████| 1/1 [00:01<00:00,  1.02s/it]
100%|██████████| 1/1 [00:01<00:00,  1.35s/it]100%|██████████| 1/1 [00:01<00:00,  1.35s/it]Predicted melting temperature: [70.07647705078125]

  0%|          | 0/1 [00:00<?, ?it/s]Predicted melting temperature: [74.059814453125]
  seed_115 arm=base scenario=A pH=7.4 targ   Tm=77.16  replicas=[77.5, 79.9, 74.1]
100%|██████████| 1/1 [00:01<00:00,  1.38s/it]100%|██████████| 1/1 [00:01<00:00,  1.38s/it]
  0%|          | 0/1 [00:00<?, ?it/s]Predicted melting temperature: [77.46488952636719]
  0%|          | 0/1 [00:00<?, ?it/s]100%|██████████| 1/1 [00:01<00:00,  1.04s/it]100%|██████████| 1/1 [00:01<00:00,  1.04s/it]100%|██████████| 1/1 [00:00<00:00,  1.10it/s]
100%|██████████| 1/1 [00:00<00:00,  1.09it/s]Predicted melting temperature: [66.06439971923828]
  seed_115 arm=cond scenario=B pH=4.0 targ   Tm=70.33  replicas=[69.1, 75.8, 66.1]

Predicted melting temperature: [50.458213806152344]
  0%|          | 0/1 [00:00<?, ?it/s]  0%|          | 0/1 [00:00<?, ?it/s]100%|██████████| 1/1 [00:00<00:00,  1.10it/s]100%|██████████| 1/1 [00:00<00:00,  1.10it/s]
Predicted melting temperature: [65.57026672363281]
  0%|          | 0/1 [00:00<?, ?it/s]100%|██████████| 1/1 [00:01<00:00,  1.17s/it]100%|██████████| 1/1 [00:01<00:00,  1.18s/it]
100%|██████████| 1/1 [00:01<00:00,  1.13s/it]Predicted melting temperature: [54.11852264404297]
  0%|          | 0/1 [00:00<?, ?it/s]100%|██████████| 1/1 [00:01<00:00,  1.15s/it]
Predicted melting temperature: [46.74421310424805]
  seed_116 arm=cond scenario=A pH=7.4 targ   Tm=51.58  replicas=[52.4, 55.6, 46.7]
  0%|          | 0/1 [00:00<?, ?it/s]100%|██████████| 1/1 [00:00<00:00,  1.24it/s]100%|██████████| 1/1 [00:00<00:00,  1.24it/s]100%|██████████| 1/1 [00:01<00:00,  1.05s/it]
Predicted melting temperature: [63.58598327636719]
  seed_117 arm=base scenario=B pH=4.0 targ   Tm=67.43  replicas=[65.6, 73.1, 63.6]
100%|██████████| 1/1 [00:01<00:00,  1.06s/it]
Predicted melting temperature: [62.98346710205078]
  seed_115 arm=cond scenario=A pH=7.4 targ   Tm=60.32  replicas=[62.7, 55.3, 63.0]
  0%|          | 0/1 [00:00<?, ?it/s]  0%|          | 0/1 [00:00<?, ?it/s]100%|██████████| 1/1 [00:00<00:00,  1.67it/s]100%|██████████| 1/1 [00:00<00:00,  1.67it/s]
Predicted melting temperature: [61.5267448425293]
  0%|          | 0/1 [00:00<?, ?it/s]100%|██████████| 1/1 [00:00<00:00,  1.48it/s]100%|██████████| 1/1 [00:00<00:00,  1.48it/s]
Predicted melting temperature: [54.05741500854492]
  0%|          | 0/1 [00:00<?, ?it/s]100%|██████████| 1/1 [00:00<00:00,  1.37it/s]100%|██████████| 1/1 [00:00<00:00,  1.36it/s]
Predicted melting temperature: [65.78473663330078]
  0%|          | 0/1 [00:00<?, ?it/s]100%|██████████| 1/1 [00:00<00:00,  1.49it/s]100%|██████████| 1/1 [00:00<00:00,  1.49it/s]
Predicted melting temperature: [67.24211120605469]
  0%|          | 0/1 [00:00<?, ?it/s]100%|██████████| 1/1 [00:00<00:00,  1.11it/s]100%|██████████| 1/1 [00:00<00:00,  1.11it/s]
Predicted melting temperature: [52.2120475769043]
  0%|          | 0/1 [00:00<?, ?it/s]100%|██████████| 1/1 [00:00<00:00,  1.17it/s]100%|██████████| 1/1 [00:00<00:00,  1.17it/s]100%|██████████| 1/1 [00:00<00:00,  1.10it/s]
100%|██████████| 1/1 [00:00<00:00,  1.10it/s]
Predicted melting temperature: [73.14418029785156]
Predicted melting temperature: [69.74766540527344]
  0%|          | 0/1 [00:00<?, ?it/s]  0%|          | 0/1 [00:00<?, ?it/s]100%|██████████| 1/1 [00:00<00:00,  1.20it/s]100%|██████████| 1/1 [00:00<00:00,  1.18it/s]
Predicted melting temperature: [53.75407028198242]
  0%|          | 0/1 [00:00<?, ?it/s]100%|██████████| 1/1 [00:00<00:00,  1.05it/s]100%|██████████| 1/1 [00:00<00:00,  1.04it/s]
Predicted melting temperature: [54.399925231933594]
  0%|          | 0/1 [00:00<?, ?it/s]100%|██████████| 1/1 [00:01<00:00,  1.14s/it]100%|██████████| 1/1 [00:01<00:00,  1.14s/it]
Predicted melting temperature: [59.207096099853516]
  seed_118 arm=base scenario=B pH=4.0 targ   Tm=65.31  replicas=[66.7, 70.1, 59.2]
  0%|          | 0/1 [00:00<?, ?it/s]100%|██████████| 1/1 [00:01<00:00,  1.23s/it]100%|██████████| 1/1 [00:01<00:00,  1.23s/it]
Predicted melting temperature: [68.82080078125]
  0%|          | 0/1 [00:00<?, ?it/s]100%|██████████| 1/1 [00:00<00:00,  1.03it/s]100%|██████████| 1/1 [00:01<00:00,  1.07s/it]100%|██████████| 1/1 [00:00<00:00,  1.02it/s]100%|██████████| 1/1 [00:01<00:00,  1.07s/it]
100%|██████████| 1/1 [00:01<00:00,  1.27s/it]
100%|██████████| 1/1 [00:01<00:00,  1.27s/it]
Predicted melting temperature: [79.94635772705078]
100%|██████████| 1/1 [00:01<00:00,  1.41s/it]  0%|          | 0/1 [00:00<?, ?it/s]100%|██████████| 1/1 [00:01<00:00,  1.02s/it]Predicted melting temperature: [49.62333297729492]
100%|██████████| 1/1 [00:01<00:00,  1.42s/it]100%|██████████| 1/1 [00:01<00:00,  1.03s/it]
  0%|          | 0/1 [00:00<?, ?it/s]
Predicted melting temperature: [73.56288146972656]
Predicted melting temperature: [58.693214416503906]
  seed_116 arm=cond scenario=A pH=7.4 targ   Tm=69.73  replicas=[76.0, 74.4, 58.7]
  0%|          | 0/1 [00:00<?, ?it/s]Predicted melting temperature: [59.68201446533203]
  0%|          | 0/1 [00:00<?, ?it/s]100%|██████████| 1/1 [00:00<00:00,  1.09it/s]100%|██████████| 1/1 [00:00<00:00,  1.08it/s]  0%|          | 0/1 [00:00<?, ?it/s]100%|██████████| 1/1 [00:00<00:00,  1.26it/s]
100%|██████████| 1/1 [00:00<00:00,  1.24it/s]
Predicted melting temperature: [71.67076110839844]
  0%|          | 0/1 [00:00<?, ?it/s]Predicted melting temperature: [73.55647277832031]
  0%|          | 0/1 [00:00<?, ?it/s]100%|██████████| 1/1 [00:01<00:00,  1.05s/it]100%|██████████| 1/1 [00:01<00:00,  1.05s/it]
Predicted melting temperature: [65.1334228515625]
  0%|          | 0/1 [00:00<?, ?it/s]100%|██████████| 1/1 [00:01<00:00,  1.07s/it]100%|██████████| 1/1 [00:01<00:00,  1.07s/it]
Predicted melting temperature: [68.26235961914062]
  0%|          | 0/1 [00:00<?, ?it/s]100%|██████████| 1/1 [00:00<00:00,  1.07it/s]100%|██████████| 1/1 [00:00<00:00,  1.07it/s]
Predicted melting temperature: [70.35484313964844]
  0%|          | 0/1 [00:00<?, ?it/s]100%|██████████| 1/1 [00:00<00:00,  1.52it/s]100%|██████████| 1/1 [00:00<00:00,  1.51it/s]
Predicted melting temperature: [72.70331573486328]
  0%|          | 0/1 [00:00<?, ?it/s]100%|██████████| 1/1 [00:00<00:00,  1.13it/s]100%|██████████| 1/1 [00:00<00:00,  1.13it/s]
Predicted melting temperature: [64.72979736328125]
  seed_119 arm=cond scenario=B pH=4.0 targ   Tm=56.53  replicas=[50.5, 54.4, 64.7]
  0%|          | 0/1 [00:00<?, ?it/s]100%|██████████| 1/1 [00:00<00:00,  1.13it/s]100%|██████████| 1/1 [00:00<00:00,  1.13it/s]
Predicted melting temperature: [68.65687561035156]
  0%|          | 0/1 [00:00<?, ?it/s]100%|██████████| 1/1 [00:01<00:00,  1.03s/it]100%|██████████| 1/1 [00:01<00:00,  1.03s/it]100%|██████████| 1/1 [00:00<00:00,  1.41it/s]
Predicted melting temperature: [63.58598327636719]
  seed_117 arm=base scenario=A pH=7.4 targ   Tm=67.43  replicas=[65.6, 73.1, 63.6]
100%|██████████| 1/1 [00:00<00:00,  1.39it/s]  0%|          | 0/1 [00:00<?, ?it/s]
Predicted melting temperature: [66.85652923583984]
  seed_117 arm=base scenario=A pH=7.4 targ   Tm=68.59  replicas=[67.2, 71.7, 66.9]
  0%|          | 0/1 [00:00<?, ?it/s]100%|██████████| 1/1 [00:01<00:00,  1.09s/it]100%|██████████| 1/1 [00:01<00:00,  1.09s/it]
Predicted melting temperature: [76.2519760131836]
  0%|          | 0/1 [00:00<?, ?it/s]100%|██████████| 1/1 [00:00<00:00,  1.10it/s]100%|██████████| 1/1 [00:00<00:00,  1.10it/s]
Predicted melting temperature: [54.75544738769531]
  0%|          | 0/1 [00:00<?, ?it/s]100%|██████████| 1/1 [00:00<00:00,  1.11it/s]100%|██████████| 1/1 [00:00<00:00,  1.10it/s]
Predicted melting temperature: [60.080772399902344]
  0%|          | 0/1 [00:00<?, ?it/s]100%|██████████| 1/1 [00:00<00:00,  1.10it/s]100%|██████████| 1/1 [00:00<00:00,  1.10it/s]
Predicted melting temperature: [55.93724822998047]
  seed_117 arm=base scenario=A pH=7.4 targ   Tm=61.18  replicas=[54.1, 73.6, 55.9]
  0%|          | 0/1 [00:00<?, ?it/s]100%|██████████| 1/1 [00:01<00:00,  1.05s/it]100%|██████████| 1/1 [00:01<00:00,  1.05s/it]
Predicted melting temperature: [69.9181137084961]
  seed_116 arm=base scenario=B pH=4.0 targ   Tm=65.87  replicas=[54.1, 73.6, 69.9]
  0%|          | 0/1 [00:00<?, ?it/s]100%|██████████| 1/1 [00:01<00:00,  1.16s/it]100%|██████████| 1/1 [00:01<00:00,  1.16s/it]
100%|██████████| 1/1 [00:01<00:00,  1.02s/it]100%|██████████| 1/1 [00:01<00:00,  1.02s/it]Predicted melting temperature: [75.95097351074219]

Predicted melting temperature: [58.25018310546875]
  seed_117 arm=cond scenario=B pH=4.0 targ   Tm=61.64  replicas=[61.5, 65.1, 58.3]
  0%|          | 0/1 [00:00<?, ?it/s]  0%|          | 0/1 [00:00<?, ?it/s]100%|██████████| 1/1 [00:00<00:00,  1.02it/s]100%|██████████| 1/1 [00:00<00:00,  1.02it/s]
Predicted melting temperature: [56.67890167236328]
  seed_119 arm=cond scenario=A pH=7.4 targ   Tm=63.58  replicas=[65.8, 68.3, 56.7]
  0%|          | 0/1 [00:00<?, ?it/s]100%|██████████| 1/1 [00:00<00:00,  1.22it/s]100%|██████████| 1/1 [00:00<00:00,  1.22it/s]
Predicted melting temperature: [70.01509857177734]
  seed_117 arm=cond scenario=A pH=7.4 targ   Tm=65.49  replicas=[53.8, 72.7, 70.0]
  0%|          | 0/1 [00:00<?, ?it/s]100%|██████████| 1/1 [00:01<00:00,  1.31s/it]100%|██████████| 1/1 [00:01<00:00,  1.32s/it]
Predicted melting temperature: [74.059814453125]
  seed_115 arm=base scenario=B pH=4.0 targ   Tm=77.16  replicas=[77.5, 79.9, 74.1]
100%|██████████| 1/1 [00:01<00:00,  1.02s/it]100%|██████████| 1/1 [00:01<00:00,  1.02s/it]
Predicted melting temperature: [52.60808563232422]
  seed_117 arm=cond scenario=B pH=4.0 targ   Tm=58.39  replicas=[52.2, 70.4, 52.6]
  0%|          | 0/1 [00:00<?, ?it/s]  0%|          | 0/1 [00:00<?, ?it/s]100%|██████████| 1/1 [00:00<00:00,  1.62it/s]100%|██████████| 1/1 [00:00<00:00,  1.61it/s]100%|██████████| 1/1 [00:01<00:00,  1.37s/it]
100%|██████████| 1/1 [00:01<00:00,  1.38s/it]
Predicted melting temperature: [59.68201446533203]
  0%|          | 0/1 [00:00<?, ?it/s]Predicted melting temperature: [44.18007278442383]
  0%|          | 0/1 [00:00<?, ?it/s]100%|██████████| 1/1 [00:00<00:00,  1.51it/s]100%|██████████| 1/1 [00:00<00:00,  1.51it/s]
Predicted melting temperature: [66.66067504882812]
  0%|          | 0/1 [00:00<?, ?it/s]100%|██████████| 1/1 [00:01<00:00,  1.01s/it]100%|██████████| 1/1 [00:01<00:00,  1.01s/it]100%|██████████| 1/1 [00:00<00:00,  1.07it/s]
100%|██████████| 1/1 [00:00<00:00,  1.06it/s]
Predicted melting temperature: [49.45195770263672]
  0%|          | 0/1 [00:00<?, ?it/s]Predicted melting temperature: [73.22352600097656]
  0%|          | 0/1 [00:00<?, ?it/s]100%|██████████| 1/1 [00:00<00:00,  1.22it/s]100%|██████████| 1/1 [00:00<00:00,  1.22it/s]
Predicted melting temperature: [57.28114318847656]
  seed_116 arm=cond scenario=A pH=7.4 targ   Tm=53.89  replicas=[49.6, 54.8, 57.3]
  0%|          | 0/1 [00:00<?, ?it/s]100%|██████████| 1/1 [00:00<00:00,  1.07it/s]100%|██████████| 1/1 [00:00<00:00,  1.07it/s]
Predicted melting temperature: [56.49806213378906]
  seed_118 arm=base scenario=B pH=4.0 targ   Tm=58.75  replicas=[59.7, 60.1, 56.5]
  0%|          | 0/1 [00:00<?, ?it/s]100%|██████████| 1/1 [00:00<00:00,  1.79it/s]100%|██████████| 1/1 [00:00<00:00,  1.78it/s]
100%|██████████| 1/1 [00:01<00:00,  1.00s/it]100%|██████████| 1/1 [00:01<00:00,  1.02s/it]Predicted melting temperature: [60.080772399902344]

  0%|          | 0/1 [00:00<?, ?it/s]Predicted melting temperature: [62.876068115234375]
  0%|          | 0/1 [00:00<?, ?it/s]100%|██████████| 1/1 [00:01<00:00,  1.19s/it]100%|██████████| 1/1 [00:01<00:00,  1.19s/it]
Predicted melting temperature: [70.29666900634766]
  seed_116 arm=cond scenario=B pH=4.0 targ   Tm=72.10  replicas=[69.7, 76.3, 70.3]
100%|██████████| 1/1 [00:00<00:00,  1.01it/s]100%|██████████| 1/1 [00:00<00:00,  1.00it/s]
  0%|          | 0/1 [00:00<?, ?it/s]100%|██████████| 1/1 [00:00<00:00,  1.07it/s]Predicted melting temperature: [54.05741500854492]
  0%|          | 0/1 [00:00<?, ?it/s]100%|██████████| 1/1 [00:00<00:00,  1.06it/s]
Predicted melting temperature: [61.560333251953125]
  0%|          | 0/1 [00:00<?, ?it/s]100%|██████████| 1/1 [00:00<00:00,  1.00it/s]100%|██████████| 1/1 [00:00<00:00,  1.00it/s]
100%|██████████| 1/1 [00:01<00:00,  1.05s/it]100%|██████████| 1/1 [00:01<00:00,  1.06s/it]
Predicted melting temperature: [57.49800491333008]
  0%|          | 0/1 [00:00<?, ?it/s]Predicted melting temperature: [63.83786392211914]
  0%|          | 0/1 [00:00<?, ?it/s]100%|██████████| 1/1 [00:01<00:00,  1.04s/it]100%|██████████| 1/1 [00:01<00:00,  1.04s/it]
100%|██████████| 1/1 [00:00<00:00,  1.45it/s]100%|██████████| 1/1 [00:00<00:00,  1.10it/s]100%|██████████| 1/1 [00:00<00:00,  1.10it/s]100%|██████████| 1/1 [00:00<00:00,  1.45it/s]
Predicted melting temperature: [61.642967224121094]

  0%|          | 0/1 [00:00<?, ?it/s]Predicted melting temperature: [57.271514892578125]
  0%|          | 0/1 [00:00<?, ?it/s]Predicted melting temperature: [70.07647705078125]
  0%|          | 0/1 [00:00<?, ?it/s]100%|██████████| 1/1 [00:01<00:00,  1.30s/it]100%|██████████| 1/1 [00:01<00:00,  1.30s/it]
Predicted melting temperature: [63.66119384765625]
  seed_116 arm=base scenario=A pH=7.4 targ   Tm=69.48  replicas=[68.8, 76.0, 63.7]
  0%|          | 0/1 [00:00<?, ?it/s]100%|██████████| 1/1 [00:00<00:00,  1.60it/s]100%|██████████| 1/1 [00:00<00:00,  1.60it/s]
Predicted melting temperature: [66.26183319091797]
  0%|          | 0/1 [00:00<?, ?it/s]100%|██████████| 1/1 [00:00<00:00,  1.18it/s]100%|██████████| 1/1 [00:00<00:00,  1.18it/s]
Predicted melting temperature: [50.2437629699707]
  0%|          | 0/1 [00:00<?, ?it/s]100%|██████████| 1/1 [00:00<00:00,  1.61it/s]100%|██████████| 1/1 [00:00<00:00,  1.61it/s]
Predicted melting temperature: [56.49806213378906]
  seed_118 arm=base scenario=A pH=7.4 targ   Tm=58.75  replicas=[59.7, 60.1, 56.5]
100%|██████████| 1/1 [00:00<00:00,  1.05it/s]  0%|          | 0/1 [00:00<?, ?it/s]100%|██████████| 1/1 [00:00<00:00,  1.05it/s]
Predicted melting temperature: [67.00908660888672]
  seed_119 arm=base scenario=B pH=4.0 targ   Tm=69.63  replicas=[68.7, 73.2, 67.0]
  0%|          | 0/1 [00:00<?, ?it/s]100%|██████████| 1/1 [00:00<00:00,  1.30it/s]100%|██████████| 1/1 [00:00<00:00,  1.30it/s]
100%|██████████| 1/1 [00:01<00:00,  1.36s/it]Predicted melting temperature: [76.68659973144531]
  0%|          | 0/1 [00:00<?, ?it/s]100%|██████████| 1/1 [00:01<00:00,  1.37s/it]
100%|██████████| 1/1 [00:01<00:00,  1.50s/it]100%|██████████| 1/1 [00:01<00:00,  1.50s/it]
Predicted melting temperature: [57.289817810058594]
  0%|          | 0/1 [00:00<?, ?it/s]Predicted melting temperature: [68.82080078125]
  0%|          | 0/1 [00:00<?, ?it/s]100%|██████████| 1/1 [00:00<00:00,  1.70it/s]100%|██████████| 1/1 [00:00<00:00,  1.69it/s]
Predicted melting temperature: [58.95800018310547]
  seed_120 arm=cond scenario=B pH=4.0 targ   Tm=55.23  replicas=[49.5, 57.3, 59.0]
  0%|          | 0/1 [00:00<?, ?it/s]100%|██████████| 1/1 [00:00<00:00,  1.07it/s]100%|██████████| 1/1 [00:00<00:00,  1.07it/s]
Predicted melting temperature: [70.66216278076172]
  0%|          | 0/1 [00:00<?, ?it/s]100%|██████████| 1/1 [00:01<00:00,  1.04s/it]100%|██████████| 1/1 [00:01<00:00,  1.04s/it]
Predicted melting temperature: [73.55647277832031]
  0%|          | 0/1 [00:00<?, ?it/s]100%|██████████| 1/1 [00:00<00:00,  1.49it/s]100%|██████████| 1/1 [00:00<00:00,  1.49it/s]
Predicted melting temperature: [57.778663635253906]
  0%|          | 0/1 [00:00<?, ?it/s]100%|██████████| 1/1 [00:00<00:00,  1.49it/s]100%|██████████| 1/1 [00:00<00:00,  1.49it/s]
100%|██████████| 1/1 [00:01<00:00,  1.00s/it]100%|██████████| 1/1 [00:01<00:00,  1.00s/it]
Predicted melting temperature: [53.12795639038086]
100%|██████████| 1/1 [00:01<00:00,  1.00s/it]100%|██████████| 1/1 [00:00<00:00,  1.08it/s]Predicted melting temperature: [70.19389343261719]
  0%|          | 0/1 [00:00<?, ?it/s]  0%|          | 0/1 [00:00<?, ?it/s]100%|██████████| 1/1 [00:01<00:00,  1.04s/it]100%|██████████| 1/1 [00:00<00:00,  1.05it/s]

100%|██████████| 1/1 [00:01<00:00,  1.29s/it]Predicted melting temperature: [59.207096099853516]
  seed_118 arm=base scenario=A pH=7.4 targ   Tm=65.31  replicas=[66.7, 70.1, 59.2]
100%|██████████| 1/1 [00:01<00:00,  1.29s/it]
  0%|          | 0/1 [00:00<?, ?it/s]Predicted melting temperature: [67.3617935180664]
Predicted melting temperature: [56.81978988647461]
  0%|          | 0/1 [00:00<?, ?it/s]  0%|          | 0/1 [00:00<?, ?it/s]100%|██████████| 1/1 [00:00<00:00,  1.48it/s]100%|██████████| 1/1 [00:00<00:00,  1.48it/s]
Predicted melting temperature: [76.62052917480469]
  seed_118 arm=base scenario=A pH=7.4 targ   Tm=72.06  replicas=[62.9, 76.7, 76.6]
100%|██████████| 1/1 [00:00<00:00,  1.19it/s]100%|██████████| 1/1 [00:00<00:00,  1.18it/s]
  0%|          | 0/1 [00:00<?, ?it/s]Predicted melting temperature: [66.26183319091797]
  0%|          | 0/1 [00:00<?, ?it/s]100%|██████████| 1/1 [00:01<00:00,  1.15s/it]100%|██████████| 1/1 [00:01<00:00,  1.15s/it]
Predicted melting temperature: [70.4383544921875]
  0%|          | 0/1 [00:00<?, ?it/s]100%|██████████| 1/1 [00:01<00:00,  1.04s/it]100%|██████████| 1/1 [00:01<00:00,  1.04s/it]
Predicted melting temperature: [68.58576965332031]
  0%|          | 0/1 [00:00<?, ?it/s]100%|██████████| 1/1 [00:00<00:00,  1.24it/s]100%|██████████| 1/1 [00:00<00:00,  1.24it/s]
Predicted melting temperature: [53.446876525878906]
  0%|          | 0/1 [00:00<?, ?it/s]100%|██████████| 1/1 [00:00<00:00,  1.47it/s]100%|██████████| 1/1 [00:00<00:00,  1.47it/s]
Predicted melting temperature: [62.008602142333984]
  seed_119 arm=base scenario=B pH=4.0 targ   Tm=62.02  replicas=[66.3, 57.8, 62.0]
  0%|          | 0/1 [00:00<?, ?it/s]100%|██████████| 1/1 [00:01<00:00,  1.54s/it]100%|██████████| 1/1 [00:01<00:00,  1.54s/it]
Predicted melting temperature: [70.4222640991211]
  0%|          | 0/1 [00:00<?, ?it/s]100%|██████████| 1/1 [00:00<00:00,  1.03it/s]100%|██████████| 1/1 [00:00<00:00,  1.03it/s]
Predicted melting temperature: [56.86088562011719]
  seed_118 arm=cond scenario=B pH=4.0 targ   Tm=63.03  replicas=[61.6, 70.7, 56.9]
  0%|          | 0/1 [00:00<?, ?it/s]100%|██████████| 1/1 [00:00<00:00,  1.30it/s]100%|██████████| 1/1 [00:00<00:00,  1.29it/s]100%|██████████| 1/1 [00:00<00:00,  1.38it/s]
Predicted melting temperature: [57.059913635253906]
  seed_117 arm=cond scenario=A pH=7.4 targ   Tm=53.48  replicas=[50.2, 53.1, 57.1]
100%|██████████| 1/1 [00:00<00:00,  1.37it/s]
Predicted melting temperature: [61.68235778808594]
  seed_120 arm=cond scenario=A pH=7.4 targ   Tm=64.29  replicas=[63.8, 67.4, 61.7]
  0%|          | 0/1 [00:00<?, ?it/s]  0%|          | 0/1 [00:00<?, ?it/s]100%|██████████| 1/1 [00:01<00:00,  1.05s/it]100%|██████████| 1/1 [00:01<00:00,  1.05s/it]
Predicted melting temperature: [55.93724822998047]
  seed_117 arm=base scenario=B pH=4.0 targ   Tm=61.18  replicas=[54.1, 73.6, 55.9]
  0%|          | 0/1 [00:00<?, ?it/s]100%|██████████| 1/1 [00:00<00:00,  1.30it/s]100%|██████████| 1/1 [00:00<00:00,  1.30it/s]
Predicted melting temperature: [57.33449172973633]
  0%|          | 0/1 [00:00<?, ?it/s]100%|██████████| 1/1 [00:01<00:00,  1.46s/it]100%|██████████| 1/1 [00:01<00:00,  1.46s/it]100%|██████████| 1/1 [00:01<00:00,  1.47s/it]
100%|██████████| 1/1 [00:01<00:00,  1.48s/it]
Predicted melting temperature: [44.63008117675781]
  seed_117 arm=cond scenario=A pH=7.4 targ   Tm=48.70  replicas=[44.2, 57.3, 44.6]
Predicted melting temperature: [75.95097351074219]
  0%|          | 0/1 [00:00<?, ?it/s]  0%|          | 0/1 [00:00<?, ?it/s]100%|██████████| 1/1 [00:01<00:00,  1.03s/it]100%|██████████| 1/1 [00:01<00:00,  1.03s/it]100%|██████████| 1/1 [00:00<00:00,  1.15it/s]
Predicted melting temperature: [64.128173828125]
  seed_118 arm=cond scenario=A pH=7.4 targ   Tm=63.94  replicas=[57.5, 70.2, 64.1]
100%|██████████| 1/1 [00:00<00:00,  1.14it/s]
  0%|          | 0/1 [00:00<?, ?it/s]Predicted melting temperature: [57.778663635253906]
  0%|          | 0/1 [00:00<?, ?it/s]100%|██████████| 1/1 [00:01<00:00,  1.08s/it]100%|██████████| 1/1 [00:01<00:00,  1.10s/it]
Predicted melting temperature: [68.65687561035156]
  0%|          | 0/1 [00:00<?, ?it/s]100%|██████████| 1/1 [00:01<00:00,  1.03s/it]100%|██████████| 1/1 [00:01<00:00,  1.24s/it]100%|██████████| 1/1 [00:00<00:00,  1.12it/s]100%|██████████| 1/1 [00:00<00:00,  1.12it/s]100%|██████████| 1/1 [00:01<00:00,  1.16s/it]100%|██████████| 1/1 [00:01<00:00,  1.33s/it]


Predicted melting temperature: [66.82261657714844]
  seed_118 arm=cond scenario=B pH=4.0 targ   Tm=66.30  replicas=[61.6, 70.4, 66.8]
Predicted melting temperature: [54.071678161621094]
100%|██████████| 1/1 [00:00<00:00,  1.27it/s]  0%|          | 0/1 [00:00<?, ?it/s]100%|██████████| 1/1 [00:00<00:00,  1.27it/s]
Predicted melting temperature: [68.60829162597656]
  0%|          | 0/1 [00:00<?, ?it/s]  0%|          | 0/1 [00:00<?, ?it/s]100%|██████████| 1/1 [00:00<00:00,  1.37it/s]100%|██████████| 1/1 [00:00<00:00,  1.37it/s]
Predicted melting temperature: [55.16564178466797]
  0%|          | 0/1 [00:00<?, ?it/s]Predicted melting temperature: [65.12464141845703]
  0%|          | 0/1 [00:00<?, ?it/s]100%|██████████| 1/1 [00:00<00:00,  1.39it/s]100%|██████████| 1/1 [00:00<00:00,  1.39it/s]
Predicted melting temperature: [64.52239227294922]
  0%|          | 0/1 [00:00<?, ?it/s]100%|██████████| 1/1 [00:01<00:00,  1.16s/it]100%|██████████| 1/1 [00:01<00:00,  1.16s/it]
100%|██████████| 1/1 [00:00<00:00,  1.26it/s]100%|██████████| 1/1 [00:00<00:00,  1.25it/s]
Predicted melting temperature: [72.46908569335938]
  0%|          | 0/1 [00:00<?, ?it/s]Predicted melting temperature: [50.36019515991211]
  0%|          | 0/1 [00:00<?, ?it/s]100%|██████████| 1/1 [00:00<00:00,  1.13it/s]100%|██████████| 1/1 [00:00<00:00,  1.13it/s]
Predicted melting temperature: [62.876068115234375]
  0%|          | 0/1 [00:00<?, ?it/s]100%|██████████| 1/1 [00:01<00:00,  1.17s/it]100%|██████████| 1/1 [00:01<00:00,  1.17s/it]
Predicted melting temperature: [76.58223724365234]
  0%|          | 0/1 [00:00<?, ?it/s]100%|██████████| 1/1 [00:00<00:00,  1.28it/s]100%|██████████| 1/1 [00:00<00:00,  1.28it/s]
Predicted melting temperature: [62.008602142333984]
  seed_119 arm=base scenario=A pH=7.4 targ   Tm=62.02  replicas=[66.3, 57.8, 62.0]
  0%|          | 0/1 [00:00<?, ?it/s]100%|██████████| 1/1 [00:00<00:00,  1.02it/s]100%|██████████| 1/1 [00:00<00:00,  1.02it/s]
Predicted melting temperature: [73.00851440429688]
  0%|          | 0/1 [00:00<?, ?it/s]100%|██████████| 1/1 [00:00<00:00,  1.70it/s]100%|██████████| 1/1 [00:00<00:00,  1.70it/s]
Predicted melting temperature: [71.02670288085938]
  0%|          | 0/1 [00:00<?, ?it/s]100%|██████████| 1/1 [00:00<00:00,  1.78it/s]100%|██████████| 1/1 [00:00<00:00,  1.78it/s]
Predicted melting temperature: [67.94276428222656]
  0%|          | 0/1 [00:00<?, ?it/s]100%|██████████| 1/1 [00:01<00:00,  1.10s/it]100%|██████████| 1/1 [00:01<00:00,  1.10s/it]
100%|██████████| 1/1 [00:00<00:00,  1.30it/s]100%|██████████| 1/1 [00:01<00:00,  1.02s/it]100%|██████████| 1/1 [00:00<00:00,  1.29it/s]
100%|██████████| 1/1 [00:01<00:00,  1.03s/it]Predicted melting temperature: [52.50477981567383]

Predicted melting temperature: [55.550018310546875]
  seed_121 arm=cond scenario=B pH=4.0 targ   Tm=54.36  replicas=[53.4, 54.1, 55.6]
  0%|          | 0/1 [00:00<?, ?it/s]  0%|          | 0/1 [00:00<?, ?it/s]Predicted melting temperature: [73.22352600097656]
  0%|          | 0/1 [00:00<?, ?it/s]100%|██████████| 1/1 [00:01<00:00,  1.20s/it]100%|██████████| 1/1 [00:01<00:00,  1.21s/it]
Predicted melting temperature: [68.97025299072266]
  0%|          | 0/1 [00:00<?, ?it/s]100%|██████████| 1/1 [00:00<00:00,  1.08it/s]100%|██████████| 1/1 [00:00<00:00,  1.08it/s]
100%|██████████| 1/1 [00:00<00:00,  1.33it/s]100%|██████████| 1/1 [00:00<00:00,  1.33it/s]
Predicted melting temperature: [56.683258056640625]
Predicted melting temperature: [68.33592987060547]
  seed_120 arm=base scenario=B pH=4.0 targ   Tm=69.80  replicas=[68.6, 72.5, 68.3]
  0%|          | 0/1 [00:00<?, ?it/s]  0%|          | 0/1 [00:00<?, ?it/s]100%|██████████| 1/1 [00:00<00:00,  1.04it/s]100%|██████████| 1/1 [00:00<00:00,  1.04it/s]
Predicted melting temperature: [62.453651428222656]
100%|██████████| 1/1 [00:01<00:00,  1.44s/it]  0%|          | 0/1 [00:00<?, ?it/s]100%|██████████| 1/1 [00:01<00:00,  1.45s/it]
Predicted melting temperature: [63.66119384765625]
  seed_116 arm=base scenario=B pH=4.0 targ   Tm=69.48  replicas=[68.8, 76.0, 63.7]
  0%|          | 0/1 [00:00<?, ?it/s]100%|██████████| 1/1 [00:00<00:00,  1.32it/s]100%|██████████| 1/1 [00:00<00:00,  1.32it/s]
Predicted melting temperature: [76.68659973144531]
  0%|          | 0/1 [00:00<?, ?it/s]100%|██████████| 1/1 [00:01<00:00,  1.02s/it]100%|██████████| 1/1 [00:01<00:00,  1.02s/it]
Predicted melting temperature: [56.92435836791992]
  0%|          | 0/1 [00:00<?, ?it/s]100%|██████████| 1/1 [00:01<00:00,  1.31s/it]100%|██████████| 1/1 [00:01<00:00,  1.31s/it]
Predicted melting temperature: [44.922706604003906]
  seed_117 arm=cond scenario=B pH=4.0 targ   Tm=56.78  replicas=[56.8, 68.6, 44.9]
  0%|          | 0/1 [00:00<?, ?it/s]100%|██████████| 1/1 [00:00<00:00,  1.33it/s]100%|██████████| 1/1 [00:00<00:00,  1.33it/s]
Predicted melting temperature: [63.46000671386719]
  seed_119 arm=cond scenario=B pH=4.0 targ   Tm=66.54  replicas=[65.1, 71.0, 63.5]
  0%|          | 0/1 [00:00<?, ?it/s]100%|██████████| 1/1 [00:00<00:00,  1.05it/s]100%|██████████| 1/1 [00:00<00:00,  1.05it/s]
Predicted melting temperature: [55.16564178466797]
  0%|          | 0/1 [00:00<?, ?it/s]100%|██████████| 1/1 [00:01<00:00,  1.02s/it]100%|██████████| 1/1 [00:01<00:00,  1.02s/it]
Predicted melting temperature: [66.30547332763672]
  seed_119 arm=base scenario=A pH=7.4 targ   Tm=65.55  replicas=[57.3, 73.0, 66.3]
  0%|          | 0/1 [00:00<?, ?it/s]100%|██████████| 1/1 [00:00<00:00,  1.13it/s]100%|██████████| 1/1 [00:00<00:00,  1.12it/s]
Predicted melting temperature: [60.803733825683594]
  seed_121 arm=cond scenario=A pH=7.4 targ   Tm=64.42  replicas=[64.5, 67.9, 60.8]
  0%|          | 0/1 [00:00<?, ?it/s]100%|██████████| 1/1 [00:01<00:00,  1.23s/it]100%|██████████| 1/1 [00:01<00:00,  1.23s/it]
Predicted melting temperature: [78.36011505126953]
  seed_117 arm=base scenario=A pH=7.4 targ   Tm=75.12  replicas=[70.4, 76.6, 78.4]
  0%|          | 0/1 [00:00<?, ?it/s]100%|██████████| 1/1 [00:00<00:00,  1.06it/s]100%|██████████| 1/1 [00:00<00:00,  1.06it/s]
Predicted melting temperature: [50.600379943847656]
  0%|          | 0/1 [00:00<?, ?it/s]100%|██████████| 1/1 [00:00<00:00,  1.25it/s]100%|██████████| 1/1 [00:00<00:00,  1.25it/s]
Predicted melting temperature: [68.2817611694336]
  0%|          | 0/1 [00:00<?, ?it/s]100%|██████████| 1/1 [00:00<00:00,  1.39it/s]100%|██████████| 1/1 [00:00<00:00,  1.39it/s]
Predicted melting temperature: [76.62052917480469]
  seed_118 arm=base scenario=B pH=4.0 targ   Tm=72.06  replicas=[62.9, 76.7, 76.6]
  0%|          | 0/1 [00:00<?, ?it/s]100%|██████████| 1/1 [00:01<00:00,  1.10s/it]100%|██████████| 1/1 [00:01<00:00,  1.10s/it]
Predicted melting temperature: [67.00908660888672]
  seed_119 arm=base scenario=A pH=7.4 targ   Tm=69.63  replicas=[68.7, 73.2, 67.0]
  0%|          | 0/1 [00:00<?, ?it/s]100%|██████████| 1/1 [00:01<00:00,  1.15s/it]100%|██████████| 1/1 [00:01<00:00,  1.15s/it]
100%|██████████| 1/1 [00:01<00:00,  1.12s/it]100%|██████████| 1/1 [00:01<00:00,  1.12s/it]
Predicted melting temperature: [66.15330505371094]
  0%|          | 0/1 [00:00<?, ?it/s]Predicted melting temperature: [73.78703308105469]
  0%|          | 0/1 [00:00<?, ?it/s]100%|██████████| 1/1 [00:01<00:00,  1.03s/it]100%|██████████| 1/1 [00:01<00:00,  1.03s/it]
Predicted melting temperature: [67.11549377441406]
  0%|          | 0/1 [00:00<?, ?it/s]100%|██████████| 1/1 [00:01<00:00,  1.01s/it]100%|██████████| 1/1 [00:01<00:00,  1.01s/it]
Predicted melting temperature: [58.89849853515625]
  seed_120 arm=base scenario=B pH=4.0 targ   Tm=58.84  replicas=[55.2, 62.5, 58.9]
  0%|          | 0/1 [00:00<?, ?it/s]100%|██████████| 1/1 [00:00<00:00,  1.19it/s]100%|██████████| 1/1 [00:00<00:00,  1.19it/s]100%|██████████| 1/1 [00:01<00:00,  1.05s/it]
100%|██████████| 1/1 [00:01<00:00,  1.05s/it]Predicted melting temperature: [62.04863739013672]

  0%|          | 0/1 [00:00<?, ?it/s]Predicted melting temperature: [61.799598693847656]
  seed_118 arm=cond scenario=A pH=7.4 targ   Tm=56.36  replicas=[50.4, 56.9, 61.8]
  0%|          | 0/1 [00:00<?, ?it/s]100%|██████████| 1/1 [00:00<00:00,  1.06it/s]100%|██████████| 1/1 [00:00<00:00,  1.06it/s]
Predicted melting temperature: [62.453651428222656]
  0%|          | 0/1 [00:00<?, ?it/s]100%|██████████| 1/1 [00:00<00:00,  1.42it/s]100%|██████████| 1/1 [00:00<00:00,  1.42it/s]
Predicted melting temperature: [71.14592742919922]
  0%|          | 0/1 [00:00<?, ?it/s]100%|██████████| 1/1 [00:01<00:00,  1.47s/it]100%|██████████| 1/1 [00:01<00:00,  1.47s/it]
Predicted melting temperature: [70.4222640991211]
  0%|          | 0/1 [00:00<?, ?it/s]100%|██████████| 1/1 [00:01<00:00,  1.28s/it]100%|██████████| 1/1 [00:01<00:00,  1.28s/it]
100%|██████████| 1/1 [00:01<00:00,  1.00s/it]100%|██████████| 1/1 [00:01<00:00,  1.00s/it]
Predicted melting temperature: [74.54573059082031]
  0%|          | 0/1 [00:00<?, ?it/s]Predicted melting temperature: [64.76566314697266]
  0%|          | 0/1 [00:00<?, ?it/s]100%|██████████| 1/1 [00:00<00:00,  1.07it/s]100%|██████████| 1/1 [00:00<00:00,  1.07it/s]
Predicted melting temperature: [55.81707000732422]
  0%|          | 0/1 [00:00<?, ?it/s]100%|██████████| 1/1 [00:01<00:00,  1.15s/it]100%|██████████| 1/1 [00:01<00:00,  1.15s/it]
Predicted melting temperature: [59.6176643371582]
  0%|          | 0/1 [00:00<?, ?it/s]100%|██████████| 1/1 [00:01<00:00,  1.14s/it]100%|██████████| 1/1 [00:01<00:00,  1.14s/it]100%|██████████| 1/1 [00:00<00:00,  1.03it/s]
100%|██████████| 1/1 [00:00<00:00,  1.02it/s]
Predicted melting temperature: [57.33449172973633]
Predicted melting temperature: [70.70130920410156]
  0%|          | 0/1 [00:00<?, ?it/s]  0%|          | 0/1 [00:00<?, ?it/s]100%|██████████| 1/1 [00:00<00:00,  1.06it/s]100%|██████████| 1/1 [00:00<00:00,  1.05it/s]
Predicted melting temperature: [54.92235565185547]
  0%|          | 0/1 [00:00<?, ?it/s]100%|██████████| 1/1 [00:01<00:00,  1.02s/it]100%|██████████| 1/1 [00:01<00:00,  1.02s/it]
Predicted melting temperature: [57.574790954589844]
  seed_119 arm=cond scenario=B pH=4.0 targ   Tm=60.46  replicas=[56.7, 67.1, 57.6]
  0%|          | 0/1 [00:00<?, ?it/s]100%|██████████| 1/1 [00:01<00:00,  1.11s/it]100%|██████████| 1/1 [00:01<00:00,  1.16s/it]100%|██████████| 1/1 [00:01<00:00,  1.12s/it]100%|██████████| 1/1 [00:01<00:00,  1.17s/it]

Predicted melting temperature: [47.444984436035156]
  seed_119 arm=cond scenario=A pH=7.4 targ   Tm=55.37  replicas=[52.5, 66.2, 47.4]
  0%|          | 0/1 [00:00<?, ?it/s]Predicted melting temperature: [68.58576965332031]
  0%|          | 0/1 [00:00<?, ?it/s]100%|██████████| 1/1 [00:01<00:00,  1.24s/it]100%|██████████| 1/1 [00:01<00:00,  1.24s/it]
Predicted melting temperature: [55.674530029296875]
  seed_118 arm=cond scenario=A pH=7.4 targ   Tm=66.14  replicas=[69.0, 73.8, 55.7]
  0%|          | 0/1 [00:00<?, ?it/s]100%|██████████| 1/1 [00:00<00:00,  1.03it/s]100%|██████████| 1/1 [00:00<00:00,  1.03it/s]
100%|██████████| 1/1 [00:00<00:00,  1.03it/s]100%|██████████| 1/1 [00:00<00:00,  1.03it/s]Predicted melting temperature: [66.23772430419922]

  0%|          | 0/1 [00:00<?, ?it/s]Predicted melting temperature: [50.338035583496094]
  0%|          | 0/1 [00:00<?, ?it/s]100%|██████████| 1/1 [00:00<00:00,  1.28it/s]100%|██████████| 1/1 [00:00<00:00,  1.28it/s]
Predicted melting temperature: [58.10926055908203]
  seed_122 arm=cond scenario=B pH=4.0 targ   Tm=54.84  replicas=[50.6, 55.8, 58.1]
  0%|          | 0/1 [00:00<?, ?it/s]100%|██████████| 1/1 [00:01<00:00,  1.07s/it]100%|██████████| 1/1 [00:01<00:00,  1.07s/it]
Predicted melting temperature: [58.89849853515625]
  seed_120 arm=base scenario=A pH=7.4 targ   Tm=58.84  replicas=[55.2, 62.5, 58.9]
  0%|          | 0/1 [00:00<?, ?it/s]100%|██████████| 1/1 [00:01<00:00,  1.15s/it]100%|██████████| 1/1 [00:01<00:00,  1.15s/it]
Predicted melting temperature: [61.90643310546875]
  seed_121 arm=base scenario=B pH=4.0 targ   Tm=67.11  replicas=[68.3, 71.1, 61.9]
100%|██████████| 1/1 [00:01<00:00,  1.01s/it]100%|██████████| 1/1 [00:01<00:00,  1.02s/it]100%|██████████| 1/1 [00:00<00:00,  1.09it/s]
100%|██████████| 1/1 [00:00<00:00,  1.09it/s]  0%|          | 0/1 [00:00<?, ?it/s]
Predicted melting temperature: [62.76164245605469]
  0%|          | 0/1 [00:00<?, ?it/s]Predicted melting temperature: [73.43968200683594]
  0%|          | 0/1 [00:00<?, ?it/s]100%|██████████| 1/1 [00:00<00:00,  1.38it/s]100%|██████████| 1/1 [00:00<00:00,  1.38it/s]
100%|██████████| 1/1 [00:01<00:00,  1.11s/it]100%|██████████| 1/1 [00:01<00:00,  1.11s/it]Predicted melting temperature: [58.8449821472168]

  0%|          | 0/1 [00:00<?, ?it/s]Predicted melting temperature: [75.77923583984375]
  0%|          | 0/1 [00:00<?, ?it/s]100%|██████████| 1/1 [00:00<00:00,  1.05it/s]100%|██████████| 1/1 [00:00<00:00,  1.05it/s]
Predicted melting temperature: [77.66853332519531]
  0%|          | 0/1 [00:00<?, ?it/s]100%|██████████| 1/1 [00:01<00:00,  1.02s/it]100%|██████████| 1/1 [00:01<00:00,  1.02s/it]
100%|██████████| 1/1 [00:01<00:00,  1.37s/it]100%|██████████| 1/1 [00:01<00:00,  1.37s/it]
Predicted melting temperature: [73.00851440429688]
  0%|          | 0/1 [00:00<?, ?it/s]Predicted melting temperature: [76.58223724365234]
  0%|          | 0/1 [00:00<?, ?it/s]100%|██████████| 1/1 [00:00<00:00,  1.12it/s]100%|██████████| 1/1 [00:00<00:00,  1.12it/s]
Predicted melting temperature: [76.85114288330078]
  0%|          | 0/1 [00:00<?, ?it/s]100%|██████████| 1/1 [00:00<00:00,  1.05it/s]100%|██████████| 1/1 [00:00<00:00,  1.05it/s]
Predicted melting temperature: [72.46908569335938]
  0%|          | 0/1 [00:00<?, ?it/s]100%|██████████| 1/1 [00:01<00:00,  1.08s/it]100%|██████████| 1/1 [00:01<00:00,  1.08s/it]
Predicted melting temperature: [52.75590133666992]
  0%|          | 0/1 [00:00<?, ?it/s]100%|██████████| 1/1 [00:00<00:00,  1.39it/s]100%|██████████| 1/1 [00:00<00:00,  1.39it/s]
Predicted melting temperature: [50.676239013671875]
  0%|          | 0/1 [00:00<?, ?it/s]100%|██████████| 1/1 [00:00<00:00,  1.48it/s]100%|██████████| 1/1 [00:00<00:00,  1.48it/s]
Predicted melting temperature: [56.339073181152344]
  seed_122 arm=cond scenario=A pH=7.4 targ   Tm=61.29  replicas=[64.8, 62.8, 56.3]
  0%|          | 0/1 [00:00<?, ?it/s]100%|██████████| 1/1 [00:00<00:00,  1.53it/s]100%|██████████| 1/1 [00:00<00:00,  1.52it/s]
Predicted melting temperature: [61.01324462890625]
  seed_121 arm=base scenario=B pH=4.0 targ   Tm=58.26  replicas=[54.9, 58.8, 61.0]
  0%|          | 0/1 [00:00<?, ?it/s]100%|██████████| 1/1 [00:01<00:00,  1.13s/it]100%|██████████| 1/1 [00:01<00:00,  1.13s/it]
100%|██████████| 1/1 [00:01<00:00,  1.23s/it]100%|██████████| 1/1 [00:01<00:00,  1.23s/it]Predicted melting temperature: [52.33872985839844]

  0%|          | 0/1 [00:00<?, ?it/s]100%|██████████| 1/1 [00:00<00:00,  1.33it/s]100%|██████████| 1/1 [00:00<00:00,  1.33it/s]Predicted melting temperature: [65.9197769165039]

Predicted melting temperature: [64.16328430175781]
  seed_120 arm=base scenario=A pH=7.4 targ   Tm=65.74  replicas=[59.6, 73.4, 64.2]
  0%|          | 0/1 [00:00<?, ?it/s]100%|██████████| 1/1 [00:01<00:00,  1.20s/it]100%|██████████| 1/1 [00:01<00:00,  1.20s/it]
Predicted melting temperature: [61.82807922363281]
  seed_120 arm=cond scenario=B pH=4.0 targ   Tm=63.37  replicas=[62.0, 66.2, 61.8]
  0%|          | 0/1 [00:00<?, ?it/s]  0%|          | 0/1 [00:00<?, ?it/s]100%|██████████| 1/1 [00:01<00:00,  1.05s/it]100%|██████████| 1/1 [00:01<00:00,  1.05s/it]
Predicted melting temperature: [54.92235565185547]
  0%|          | 0/1 [00:00<?, ?it/s]100%|██████████| 1/1 [00:00<00:00,  1.05it/s]100%|██████████| 1/1 [00:00<00:00,  1.05it/s]
Predicted melting temperature: [67.53340148925781]
  0%|          | 0/1 [00:00<?, ?it/s]100%|██████████| 1/1 [00:00<00:00,  1.03it/s]100%|██████████| 1/1 [00:00<00:00,  1.03it/s]
Predicted melting temperature: [70.89004516601562]
  seed_118 arm=cond scenario=B pH=4.0 targ   Tm=73.74  replicas=[74.5, 75.8, 70.9]
100%|██████████| 1/1 [00:00<00:00,  1.28it/s]100%|██████████| 1/1 [00:01<00:00,  1.02s/it]100%|██████████| 1/1 [00:00<00:00,  1.49it/s]100%|██████████| 1/1 [00:00<00:00,  1.33it/s]100%|██████████| 1/1 [00:01<00:00,  1.13s/it]

100%|██████████| 1/1 [00:00<00:00,  1.02it/s]
Predicted melting temperature: [74.47931671142578]
  seed_118 arm=base scenario=A pH=7.4 targ   Tm=74.28  replicas=[70.7, 77.7, 74.5]
Predicted melting temperature: [53.646339416503906]
  0%|          | 0/1 [00:00<?, ?it/s]  0%|          | 0/1 [00:00<?, ?it/s]  0%|          | 0/1 [00:00<?, ?it/s]Predicted melting temperature: [74.97930908203125]
  0%|          | 0/1 [00:00<?, ?it/s]100%|██████████| 1/1 [00:01<00:00,  1.16s/it]100%|██████████| 1/1 [00:01<00:00,  1.16s/it]
Predicted melting temperature: [66.30547332763672]
  seed_119 arm=base scenario=B pH=4.0 targ   Tm=65.55  replicas=[57.3, 73.0, 66.3]
100%|██████████| 1/1 [00:00<00:00,  1.49it/s]100%|██████████| 1/1 [00:00<00:00,  1.49it/s]
Predicted melting temperature: [62.42844009399414]
  0%|          | 0/1 [00:00<?, ?it/s]  0%|          | 0/1 [00:00<?, ?it/s]100%|██████████| 1/1 [00:00<00:00,  1.41it/s]100%|██████████| 1/1 [00:00<00:00,  1.41it/s]
Predicted melting temperature: [66.57389831542969]
100%|██████████| 1/1 [00:01<00:00,  1.08s/it]100%|██████████| 1/1 [00:01<00:00,  1.13s/it]  0%|          | 0/1 [00:00<?, ?it/s]100%|██████████| 1/1 [00:01<00:00,  1.16s/it]100%|██████████| 1/1 [00:01<00:00,  1.28s/it]

Predicted melting temperature: [68.33592987060547]
  seed_120 arm=base scenario=A pH=7.4 targ   Tm=69.80  replicas=[68.6, 72.5, 68.3]
100%|██████████| 1/1 [00:00<00:00,  1.20it/s]100%|██████████| 1/1 [00:00<00:00,  1.20it/s]Predicted melting temperature: [69.66061401367188]

  0%|          | 0/1 [00:00<?, ?it/s]  0%|          | 0/1 [00:00<?, ?it/s]Predicted melting temperature: [53.803958892822266]
  0%|          | 0/1 [00:00<?, ?it/s]100%|██████████| 1/1 [00:01<00:00,  1.02s/it]100%|██████████| 1/1 [00:01<00:00,  1.03s/it]100%|██████████| 1/1 [00:01<00:00,  1.00s/it]
Predicted melting temperature: [60.699310302734375]
  seed_119 arm=cond scenario=A pH=7.4 targ   Tm=54.46  replicas=[50.3, 52.3, 60.7]
100%|██████████| 1/1 [00:01<00:00,  1.01s/it]100%|██████████| 1/1 [00:00<00:00,  1.06it/s]
100%|██████████| 1/1 [00:00<00:00,  1.05it/s]
Predicted melting temperature: [75.150146484375]
  0%|          | 0/1 [00:00<?, ?it/s]Predicted melting temperature: [65.68797302246094]
  0%|          | 0/1 [00:00<?, ?it/s]  0%|          | 0/1 [00:00<?, ?it/s]100%|██████████| 1/1 [00:01<00:00,  1.61s/it]100%|██████████| 1/1 [00:01<00:00,  1.62s/it]100%|██████████| 1/1 [00:00<00:00,  1.16it/s]
Predicted melting temperature: [78.36011505126953]
  seed_117 arm=base scenario=B pH=4.0 targ   Tm=75.12  replicas=[70.4, 76.6, 78.4]
100%|██████████| 1/1 [00:00<00:00,  1.15it/s]
  0%|          | 0/1 [00:00<?, ?it/s]Predicted melting temperature: [73.3807373046875]
  0%|          | 0/1 [00:00<?, ?it/s]100%|██████████| 1/1 [00:01<00:00,  1.02s/it]100%|██████████| 1/1 [00:01<00:00,  1.02s/it]
Predicted melting temperature: [58.8449821472168]
  0%|          | 0/1 [00:00<?, ?it/s]100%|██████████| 1/1 [00:00<00:00,  1.17it/s]100%|██████████| 1/1 [00:00<00:00,  1.17it/s]
Predicted melting temperature: [64.5925064086914]
  seed_123 arm=cond scenario=B pH=4.0 targ   Tm=56.31  replicas=[50.7, 53.6, 64.6]
  0%|          | 0/1 [00:00<?, ?it/s]100%|██████████| 1/1 [00:00<00:00,  1.13it/s]100%|██████████| 1/1 [00:00<00:00,  1.12it/s]
Predicted melting temperature: [76.07543182373047]
  seed_120 arm=cond scenario=A pH=7.4 targ   Tm=75.97  replicas=[76.9, 75.0, 76.1]
  0%|          | 0/1 [00:00<?, ?it/s]100%|██████████| 1/1 [00:00<00:00,  1.49it/s]100%|██████████| 1/1 [00:00<00:00,  1.49it/s]
Predicted melting temperature: [67.57215881347656]
  0%|          | 0/1 [00:00<?, ?it/s]100%|██████████| 1/1 [00:01<00:00,  1.07s/it]100%|██████████| 1/1 [00:01<00:00,  1.07s/it]
Predicted melting temperature: [76.73593139648438]
  0%|          | 0/1 [00:00<?, ?it/s]100%|██████████| 1/1 [00:01<00:00,  1.03s/it]100%|██████████| 1/1 [00:01<00:00,  1.03s/it]
100%|██████████| 1/1 [00:00<00:00,  1.34it/s]100%|██████████| 1/1 [00:00<00:00,  1.34it/s]Predicted melting temperature: [59.85234832763672]

  0%|          | 0/1 [00:00<?, ?it/s]100%|██████████| 1/1 [00:01<00:00,  1.17s/it]100%|██████████| 1/1 [00:01<00:00,  1.17s/it]Predicted melting temperature: [73.42170715332031]

  0%|          | 0/1 [00:00<?, ?it/s]100%|██████████| 1/1 [00:00<00:00,  1.53it/s]Predicted melting temperature: [69.451416015625]
  0%|          | 0/1 [00:00<?, ?it/s]100%|██████████| 1/1 [00:00<00:00,  1.51it/s]
100%|██████████| 1/1 [00:01<00:00,  1.10s/it]100%|██████████| 1/1 [00:01<00:00,  1.11s/it]
Predicted melting temperature: [70.27205657958984]
  0%|          | 0/1 [00:00<?, ?it/s]Predicted melting temperature: [59.6176643371582]
  0%|          | 0/1 [00:00<?, ?it/s]100%|██████████| 1/1 [00:00<00:00,  1.03it/s]100%|██████████| 1/1 [00:00<00:00,  1.03it/s]
100%|██████████| 1/1 [00:00<00:00,  1.02it/s]Predicted melting temperature: [49.14396286010742]
  seed_120 arm=cond scenario=B pH=4.0 targ   Tm=57.19  replicas=[52.8, 69.7, 49.1]
100%|██████████| 1/1 [00:00<00:00,  1.02it/s]
  0%|          | 0/1 [00:00<?, ?it/s]Predicted melting temperature: [68.2817611694336]
  0%|          | 0/1 [00:00<?, ?it/s]100%|██████████| 1/1 [00:00<00:00,  1.08it/s]100%|██████████| 1/1 [00:00<00:00,  1.08it/s]
Predicted melting temperature: [54.075626373291016]
  0%|          | 0/1 [00:00<?, ?it/s]100%|██████████| 1/1 [00:00<00:00,  1.12it/s]100%|██████████| 1/1 [00:00<00:00,  1.12it/s]
Predicted melting temperature: [67.38938903808594]
  seed_122 arm=base scenario=B pH=4.0 targ   Tm=69.43  replicas=[67.5, 73.4, 67.4]
  0%|          | 0/1 [00:00<?, ?it/s]100%|██████████| 1/1 [00:01<00:00,  1.04s/it]100%|██████████| 1/1 [00:01<00:00,  1.04s/it]
Predicted melting temperature: [65.8001937866211]
  seed_119 arm=cond scenario=A pH=7.4 targ   Tm=68.96  replicas=[65.9, 75.2, 65.8]
  0%|          | 0/1 [00:00<?, ?it/s]100%|██████████| 1/1 [00:01<00:00,  1.07s/it]100%|██████████| 1/1 [00:01<00:00,  1.07s/it]
Predicted melting temperature: [61.01324462890625]
  seed_121 arm=base scenario=A pH=7.4 targ   Tm=58.26  replicas=[54.9, 58.8, 61.0]
  0%|          | 0/1 [00:00<?, ?it/s]100%|██████████| 1/1 [00:00<00:00,  1.15it/s]100%|██████████| 1/1 [00:00<00:00,  1.15it/s]
Predicted melting temperature: [48.43113708496094]
  0%|          | 0/1 [00:00<?, ?it/s]100%|██████████| 1/1 [00:00<00:00,  1.05it/s]100%|██████████| 1/1 [00:00<00:00,  1.05it/s]
Predicted melting temperature: [48.40768051147461]
  0%|          | 0/1 [00:00<?, ?it/s]100%|██████████| 1/1 [00:00<00:00,  1.31it/s]100%|██████████| 1/1 [00:00<00:00,  1.31it/s]
Predicted melting temperature: [62.05262756347656]
  seed_121 arm=cond scenario=B pH=4.0 targ   Tm=66.00  replicas=[65.7, 70.3, 62.1]
100%|██████████| 1/1 [00:00<00:00,  1.20it/s]100%|██████████| 1/1 [00:00<00:00,  1.04it/s]  0%|          | 0/1 [00:00<?, ?it/s]100%|██████████| 1/1 [00:00<00:00,  1.19it/s]
Predicted melting temperature: [56.63739013671875]
  seed_122 arm=base scenario=B pH=4.0 targ   Tm=59.64  replicas=[62.4, 59.9, 56.6]
100%|██████████| 1/1 [00:00<00:00,  1.04it/s]  0%|          | 0/1 [00:00<?, ?it/s]
Predicted melting temperature: [56.26202392578125]
  seed_123 arm=cond scenario=A pH=7.4 targ   Tm=63.47  replicas=[66.6, 67.6, 56.3]
  0%|          | 0/1 [00:00<?, ?it/s]100%|██████████| 1/1 [00:01<00:00,  1.45s/it]100%|██████████| 1/1 [00:01<00:00,  1.46s/it]
Predicted melting temperature: [70.70130920410156]
  0%|          | 0/1 [00:00<?, ?it/s]100%|██████████| 1/1 [00:00<00:00,  1.08it/s]100%|██████████| 1/1 [00:00<00:00,  1.08it/s]
Predicted melting temperature: [73.43968200683594]
  0%|          | 0/1 [00:00<?, ?it/s]100%|██████████| 1/1 [00:01<00:00,  1.01s/it]100%|██████████| 1/1 [00:01<00:00,  1.01s/it]
Predicted melting temperature: [58.478721618652344]
  seed_121 arm=base scenario=A pH=7.4 targ   Tm=61.90  replicas=[53.8, 73.4, 58.5]
  0%|          | 0/1 [00:00<?, ?it/s]100%|██████████| 1/1 [00:01<00:00,  1.13s/it]100%|██████████| 1/1 [00:01<00:00,  1.14s/it]
Predicted melting temperature: [77.47400665283203]
  0%|          | 0/1 [00:00<?, ?it/s]100%|██████████| 1/1 [00:00<00:00,  1.89it/s]100%|██████████| 1/1 [00:00<00:00,  1.89it/s]
Predicted melting temperature: [53.584617614746094]
  0%|          | 0/1 [00:00<?, ?it/s]100%|██████████| 1/1 [00:01<00:00,  1.13s/it]100%|██████████| 1/1 [00:01<00:00,  1.13s/it]
Predicted melting temperature: [77.11528015136719]
  0%|          | 0/1 [00:00<?, ?it/s]100%|██████████| 1/1 [00:00<00:00,  1.14it/s]100%|██████████| 1/1 [00:00<00:00,  1.14it/s]
Predicted melting temperature: [53.17146301269531]
  0%|          | 0/1 [00:00<?, ?it/s]100%|██████████| 1/1 [00:00<00:00,  1.09it/s]100%|██████████| 1/1 [00:00<00:00,  1.09it/s]
Predicted melting temperature: [66.51129913330078]
  0%|          | 0/1 [00:00<?, ?it/s]100%|██████████| 1/1 [00:01<00:00,  1.07s/it]100%|██████████| 1/1 [00:01<00:00,  1.08s/it]
100%|██████████| 1/1 [00:01<00:00,  1.11s/it]Predicted melting temperature: [71.14592742919922]
  0%|          | 0/1 [00:00<?, ?it/s]100%|██████████| 1/1 [00:01<00:00,  1.11s/it]
Predicted melting temperature: [54.519134521484375]
  0%|          | 0/1 [00:00<?, ?it/s]100%|██████████| 1/1 [00:01<00:00,  1.03s/it]100%|██████████| 1/1 [00:01<00:00,  1.03s/it]
Predicted melting temperature: [70.41580963134766]
  0%|          | 0/1 [00:00<?, ?it/s]100%|██████████| 1/1 [00:00<00:00,  1.05it/s]100%|██████████| 1/1 [00:00<00:00,  1.04it/s]
Predicted melting temperature: [62.42844009399414]
  0%|          | 0/1 [00:00<?, ?it/s]100%|██████████| 1/1 [00:00<00:00,  1.32it/s]100%|██████████| 1/1 [00:00<00:00,  1.32it/s]
100%|██████████| 1/1 [00:00<00:00,  1.28it/s]100%|██████████| 1/1 [00:00<00:00,  1.27it/s]Predicted melting temperature: [64.67195892333984]

  0%|          | 0/1 [00:00<?, ?it/s]Predicted melting temperature: [69.734619140625]
  0%|          | 0/1 [00:00<?, ?it/s]100%|██████████| 1/1 [00:00<00:00,  1.24it/s]100%|██████████| 1/1 [00:00<00:00,  1.24it/s]
Predicted melting temperature: [60.36966323852539]
  0%|          | 0/1 [00:00<?, ?it/s]100%|██████████| 1/1 [00:00<00:00,  1.74it/s]100%|██████████| 1/1 [00:00<00:00,  1.74it/s]
Predicted melting temperature: [58.65903854370117]
  seed_124 arm=cond scenario=B pH=4.0 targ   Tm=53.56  replicas=[48.4, 53.6, 58.7]
100%|██████████| 1/1 [00:00<00:00,  1.05it/s]100%|██████████| 1/1 [00:00<00:00,  1.04it/s]
  0%|          | 0/1 [00:00<?, ?it/s]Predicted melting temperature: [54.174354553222656]
  0%|          | 0/1 [00:00<?, ?it/s]100%|██████████| 1/1 [00:00<00:00,  1.36it/s]100%|██████████| 1/1 [00:00<00:00,  1.35it/s]
Predicted melting temperature: [53.77549743652344]
  seed_120 arm=cond scenario=A pH=7.4 targ   Tm=53.67  replicas=[54.1, 53.2, 53.8]
  0%|          | 0/1 [00:00<?, ?it/s]100%|██████████| 1/1 [00:00<00:00,  1.04it/s]100%|██████████| 1/1 [00:00<00:00,  1.04it/s]
Predicted melting temperature: [56.26034927368164]
  0%|          | 0/1 [00:00<?, ?it/s]100%|██████████| 1/1 [00:01<00:00,  1.02s/it]100%|██████████| 1/1 [00:01<00:00,  1.02s/it]
Predicted melting temperature: [64.16328430175781]
  seed_120 arm=base scenario=B pH=4.0 targ   Tm=65.74  replicas=[59.6, 73.4, 64.2]
  0%|          | 0/1 [00:00<?, ?it/s]100%|██████████| 1/1 [00:01<00:00,  1.31s/it]100%|██████████| 1/1 [00:01<00:00,  1.31s/it]
Predicted melting temperature: [77.66853332519531]
  0%|          | 0/1 [00:00<?, ?it/s]100%|██████████| 1/1 [00:00<00:00,  1.05it/s]100%|██████████| 1/1 [00:00<00:00,  1.05it/s]
Predicted melting temperature: [61.90643310546875]
  seed_121 arm=base scenario=A pH=7.4 targ   Tm=67.11  replicas=[68.3, 71.1, 61.9]
100%|██████████| 1/1 [00:00<00:00,  1.00it/s]100%|██████████| 1/1 [00:01<00:00,  1.00s/it]  0%|          | 0/1 [00:00<?, ?it/s]100%|██████████| 1/1 [00:00<00:00,  1.51it/s]
100%|██████████| 1/1 [00:00<00:00,  1.47it/s]100%|██████████| 1/1 [00:00<00:00,  1.71it/s]
100%|██████████| 1/1 [00:00<00:00,  1.71it/s]100%|██████████| 1/1 [00:00<00:00,  1.03it/s]
100%|██████████| 1/1 [00:00<00:00,  1.02it/s]
Predicted melting temperature: [70.47097778320312]
Predicted melting temperature: [62.16621398925781]
  0%|          | 0/1 [00:00<?, ?it/s]  0%|          | 0/1 [00:00<?, ?it/s]Predicted melting temperature: [63.984500885009766]
  0%|          | 0/1 [00:00<?, ?it/s]Predicted melting temperature: [49.919029235839844]
  0%|          | 0/1 [00:00<?, ?it/s]100%|██████████| 1/1 [00:01<00:00,  1.29s/it]100%|██████████| 1/1 [00:01<00:00,  1.29s/it]
Predicted melting temperature: [75.97217559814453]
  seed_119 arm=cond scenario=B pH=4.0 targ   Tm=76.73  replicas=[76.7, 77.5, 76.0]
100%|██████████| 1/1 [00:01<00:00,  1.26s/it]100%|██████████| 1/1 [00:01<00:00,  1.26s/it]
Predicted melting temperature: [69.47675323486328]
  seed_119 arm=base scenario=A pH=7.4 targ   Tm=72.01  replicas=[69.5, 77.1, 69.5]
  0%|          | 0/1 [00:00<?, ?it/s]  0%|          | 0/1 [00:00<?, ?it/s]100%|██████████| 1/1 [00:00<00:00,  1.04it/s]100%|██████████| 1/1 [00:00<00:00,  1.04it/s]
Predicted melting temperature: [71.76681518554688]
  0%|          | 0/1 [00:00<?, ?it/s]100%|██████████| 1/1 [00:01<00:00,  1.10s/it]100%|██████████| 1/1 [00:01<00:00,  1.10s/it]
Predicted melting temperature: [59.85234832763672]
  0%|          | 0/1 [00:00<?, ?it/s]100%|██████████| 1/1 [00:01<00:00,  1.05s/it]100%|██████████| 1/1 [00:01<00:00,  1.05s/it]
Predicted melting temperature: [67.1747055053711]
  0%|          | 0/1 [00:00<?, ?it/s]100%|██████████| 1/1 [00:01<00:00,  1.39s/it]100%|██████████| 1/1 [00:01<00:00,  1.39s/it]
Predicted melting temperature: [73.95703887939453]
  0%|          | 0/1 [00:00<?, ?it/s]100%|██████████| 1/1 [00:00<00:00,  1.08it/s]100%|██████████| 1/1 [00:00<00:00,  1.08it/s]
Predicted melting temperature: [51.55894470214844]
  0%|          | 0/1 [00:00<?, ?it/s]100%|██████████| 1/1 [00:01<00:00,  1.17s/it]100%|██████████| 1/1 [00:01<00:00,  1.17s/it]100%|██████████| 1/1 [00:00<00:00,  1.73it/s]
Predicted melting temperature: [49.361167907714844]
  seed_121 arm=cond scenario=A pH=7.4 targ   Tm=50.65  replicas=[48.4, 54.2, 49.4]
100%|██████████| 1/1 [00:00<00:00,  1.71it/s]
Predicted melting temperature: [59.42465591430664]
  seed_123 arm=base scenario=B pH=4.0 targ   Tm=62.09  replicas=[64.7, 62.2, 59.4]
  0%|          | 0/1 [00:00<?, ?it/s]  0%|          | 0/1 [00:00<?, ?it/s]100%|██████████| 1/1 [00:00<00:00,  1.02it/s]100%|██████████| 1/1 [00:00<00:00,  1.02it/s]
Predicted melting temperature: [72.7322998046875]
  0%|          | 0/1 [00:00<?, ?it/s]100%|██████████| 1/1 [00:00<00:00,  1.22it/s]100%|██████████| 1/1 [00:00<00:00,  1.22it/s]
Predicted melting temperature: [49.074501037597656]
  seed_121 arm=cond scenario=B pH=4.0 targ   Tm=55.86  replicas=[54.5, 64.0, 49.1]
  0%|          | 0/1 [00:00<?, ?it/s]100%|██████████| 1/1 [00:01<00:00,  1.13s/it]100%|██████████| 1/1 [00:01<00:00,  1.13s/it]
Predicted melting temperature: [53.803958892822266]
  0%|          | 0/1 [00:00<?, ?it/s]100%|██████████| 1/1 [00:00<00:00,  1.05it/s]100%|██████████| 1/1 [00:00<00:00,  1.05it/s]
Predicted melting temperature: [52.23616027832031]
  0%|          | 0/1 [00:00<?, ?it/s]100%|██████████| 1/1 [00:01<00:00,  1.00s/it]100%|██████████| 1/1 [00:01<00:00,  1.00s/it]
Predicted melting temperature: [58.387908935546875]
  seed_123 arm=base scenario=B pH=4.0 targ   Tm=65.12  replicas=[66.5, 70.5, 58.4]
  0%|          | 0/1 [00:00<?, ?it/s]100%|██████████| 1/1 [00:01<00:00,  1.11s/it]100%|██████████| 1/1 [00:01<00:00,  1.11s/it]
Predicted melting temperature: [67.53340148925781]
  0%|          | 0/1 [00:00<?, ?it/s]100%|██████████| 1/1 [00:00<00:00,  1.67it/s]100%|██████████| 1/1 [00:00<00:00,  1.67it/s]
Predicted melting temperature: [61.928863525390625]
  0%|          | 0/1 [00:00<?, ?it/s]100%|██████████| 1/1 [00:01<00:00,  1.18s/it]100%|██████████| 1/1 [00:01<00:00,  1.18s/it]100%|██████████| 1/1 [00:00<00:00,  1.01it/s]
100%|██████████| 1/1 [00:00<00:00,  1.00it/s]
Predicted melting temperature: [63.03664779663086]
  seed_122 arm=cond scenario=B pH=4.0 targ   Tm=68.18  replicas=[69.7, 71.8, 63.0]
Predicted melting temperature: [66.42633056640625]
  0%|          | 0/1 [00:00<?, ?it/s]  0%|          | 0/1 [00:00<?, ?it/s]100%|██████████| 1/1 [00:01<00:00,  1.45s/it]100%|██████████| 1/1 [00:01<00:00,  1.45s/it]100%|██████████| 1/1 [00:01<00:00,  1.00s/it]
Predicted melting temperature: [74.47931671142578]
  seed_118 arm=base scenario=B pH=4.0 targ   Tm=74.28  replicas=[70.7, 77.7, 74.5]
100%|██████████| 1/1 [00:01<00:00,  1.00s/it]
Predicted melting temperature: [56.63739013671875]
  seed_122 arm=base scenario=A pH=7.4 targ   Tm=59.64  replicas=[62.4, 59.9, 56.6]
100%|██████████| 1/1 [00:01<00:00,  1.26s/it]100%|██████████| 1/1 [00:01<00:00,  1.27s/it]  0%|          | 0/1 [00:00<?, ?it/s]
  0%|          | 0/1 [00:00<?, ?it/s]Predicted melting temperature: [67.04148864746094]
  0%|          | 0/1 [00:00<?, ?it/s]100%|██████████| 1/1 [00:01<00:00,  1.02s/it]100%|██████████| 1/1 [00:01<00:00,  1.02s/it]
Predicted melting temperature: [57.448123931884766]
  seed_124 arm=cond scenario=A pH=7.4 targ   Tm=61.66  replicas=[60.4, 67.2, 57.4]
  0%|          | 0/1 [00:00<?, ?it/s]100%|██████████| 1/1 [00:00<00:00,  1.08it/s]100%|██████████| 1/1 [00:00<00:00,  1.08it/s]
Predicted melting temperature: [55.11736297607422]
  0%|          | 0/1 [00:00<?, ?it/s]100%|██████████| 1/1 [00:01<00:00,  1.08s/it]100%|██████████| 1/1 [00:01<00:00,  1.08s/it]
Predicted melting temperature: [54.21632385253906]
  0%|          | 0/1 [00:00<?, ?it/s]100%|██████████| 1/1 [00:01<00:00,  1.19s/it]100%|██████████| 1/1 [00:01<00:00,  1.19s/it]
Predicted melting temperature: [54.31942367553711]
  seed_120 arm=cond scenario=A pH=7.4 targ   Tm=66.23  replicas=[70.4, 74.0, 54.3]
100%|██████████| 1/1 [00:01<00:00,  1.03s/it]100%|██████████| 1/1 [00:01<00:00,  1.04s/it]
Predicted melting temperature: [64.04417419433594]
  seed_122 arm=base scenario=A pH=7.4 targ   Tm=64.35  replicas=[56.3, 72.7, 64.0]
  0%|          | 0/1 [00:00<?, ?it/s]  0%|          | 0/1 [00:00<?, ?it/s]100%|██████████| 1/1 [00:00<00:00,  1.22it/s]100%|██████████| 1/1 [00:00<00:00,  1.22it/s]
Predicted melting temperature: [66.66659545898438]
  0%|          | 0/1 [00:00<?, ?it/s]100%|██████████| 1/1 [00:01<00:00,  1.04s/it]100%|██████████| 1/1 [00:01<00:00,  1.04s/it]
Predicted melting temperature: [53.47220993041992]
  0%|          | 0/1 [00:00<?, ?it/s]100%|██████████| 1/1 [00:01<00:00,  1.09s/it]100%|██████████| 1/1 [00:01<00:00,  1.09s/it]
100%|██████████| 1/1 [00:00<00:00,  1.26it/s]100%|██████████| 1/1 [00:00<00:00,  1.26it/s]Predicted melting temperature: [73.42170715332031]

  0%|          | 0/1 [00:00<?, ?it/s]Predicted melting temperature: [60.98640060424805]
  0%|          | 0/1 [00:00<?, ?it/s]100%|██████████| 1/1 [00:01<00:00,  1.05s/it]100%|██████████| 1/1 [00:01<00:00,  1.06s/it]
Predicted melting temperature: [59.61708450317383]
  seed_125 arm=cond scenario=B pH=4.0 targ   Tm=53.92  replicas=[49.9, 52.2, 59.6]
100%|██████████| 1/1 [00:00<00:00,  1.04it/s]100%|██████████| 1/1 [00:00<00:00,  1.04it/s]  0%|          | 0/1 [00:00<?, ?it/s]
Predicted melting temperature: [73.3807373046875]
  0%|          | 0/1 [00:00<?, ?it/s]100%|██████████| 1/1 [00:00<00:00,  1.08it/s]100%|██████████| 1/1 [00:00<00:00,  1.08it/s]
Predicted melting temperature: [63.73177719116211]
  0%|          | 0/1 [00:00<?, ?it/s]100%|██████████| 1/1 [00:01<00:00,  1.02s/it]100%|██████████| 1/1 [00:01<00:00,  1.03s/it]
Predicted melting temperature: [64.67195892333984]
  0%|          | 0/1 [00:00<?, ?it/s]100%|██████████| 1/1 [00:01<00:00,  1.10s/it]100%|██████████| 1/1 [00:01<00:00,  1.10s/it]100%|██████████| 1/1 [00:00<00:00,  1.03it/s]
100%|██████████| 1/1 [00:00<00:00,  1.03it/s]
Predicted melting temperature: [57.82262420654297]
  seed_121 arm=cond scenario=A pH=7.4 targ   Tm=54.83  replicas=[51.6, 55.1, 57.8]
Predicted melting temperature: [75.24211120605469]
  0%|          | 0/1 [00:00<?, ?it/s]100%|██████████| 1/1 [00:01<00:00,  1.14s/it]  0%|          | 0/1 [00:00<?, ?it/s]100%|██████████| 1/1 [00:01<00:00,  1.15s/it]
100%|██████████| 1/1 [00:01<00:00,  1.06s/it]100%|██████████| 1/1 [00:01<00:00,  1.07s/it]Predicted melting temperature: [69.451416015625]

  0%|          | 0/1 [00:00<?, ?it/s]Predicted melting temperature: [66.03968811035156]
  0%|          | 0/1 [00:00<?, ?it/s]100%|██████████| 1/1 [00:00<00:00,  1.32it/s]100%|██████████| 1/1 [00:00<00:00,  1.32it/s]
Predicted melting temperature: [70.642578125]
  0%|          | 0/1 [00:00<?, ?it/s]100%|██████████| 1/1 [00:01<00:00,  1.32s/it]100%|██████████| 1/1 [00:01<00:00,  1.33s/it]
Predicted melting temperature: [74.3443603515625]
  0%|          | 0/1 [00:00<?, ?it/s]100%|██████████| 1/1 [00:01<00:00,  1.05s/it]100%|██████████| 1/1 [00:01<00:00,  1.05s/it]
Predicted melting temperature: [64.07310485839844]
  0%|          | 0/1 [00:00<?, ?it/s]100%|██████████| 1/1 [00:00<00:00,  1.04it/s]100%|██████████| 1/1 [00:00<00:00,  1.04it/s]
Predicted melting temperature: [63.17234802246094]
  0%|          | 0/1 [00:00<?, ?it/s]100%|██████████| 1/1 [00:01<00:00,  1.13s/it]100%|██████████| 1/1 [00:01<00:00,  1.14s/it]
Predicted melting temperature: [54.048709869384766]
  0%|          | 0/1 [00:00<?, ?it/s]100%|██████████| 1/1 [00:01<00:00,  1.19s/it]100%|██████████| 1/1 [00:01<00:00,  1.19s/it]
Predicted melting temperature: [58.257930755615234]
  0%|          | 0/1 [00:00<?, ?it/s]100%|██████████| 1/1 [00:00<00:00,  1.06it/s]100%|██████████| 1/1 [00:00<00:00,  1.06it/s]100%|██████████| 1/1 [00:00<00:00,  1.11it/s]
100%|██████████| 1/1 [00:00<00:00,  1.11it/s]
Predicted melting temperature: [63.08006286621094]
  seed_124 arm=base scenario=B pH=4.0 targ   Tm=62.00  replicas=[61.9, 61.0, 63.1]
100%|██████████| 1/1 [00:00<00:00,  1.14it/s]100%|██████████| 1/1 [00:00<00:00,  1.11it/s]
Predicted melting temperature: [67.38938903808594]
  seed_122 arm=base scenario=A pH=7.4 targ   Tm=69.43  replicas=[67.5, 73.4, 67.4]
  0%|          | 0/1 [00:00<?, ?it/s]Predicted melting temperature: [62.43626403808594]
  0%|          | 0/1 [00:00<?, ?it/s]  0%|          | 0/1 [00:00<?, ?it/s]100%|██████████| 1/1 [00:01<00:00,  1.14s/it]100%|██████████| 1/1 [00:01<00:00,  1.14s/it]
Predicted melting temperature: [58.478721618652344]
  seed_121 arm=base scenario=B pH=4.0 targ   Tm=61.90  replicas=[53.8, 73.4, 58.5]
  0%|          | 0/1 [00:00<?, ?it/s]100%|██████████| 1/1 [00:00<00:00,  1.09it/s]100%|██████████| 1/1 [00:00<00:00,  1.09it/s]
Predicted melting temperature: [66.73704528808594]
  0%|          | 0/1 [00:00<?, ?it/s]100%|██████████| 1/1 [00:00<00:00,  1.23it/s]100%|██████████| 1/1 [00:00<00:00,  1.23it/s]100%|██████████| 1/1 [00:00<00:00,  1.01it/s]
Predicted melting temperature: [62.261165618896484]
  seed_124 arm=base scenario=B pH=4.0 targ   Tm=66.52  replicas=[66.7, 70.6, 62.3]
100%|██████████| 1/1 [00:00<00:00,  1.01it/s]
  0%|          | 0/1 [00:00<?, ?it/s]Predicted melting temperature: [62.16621398925781]
  0%|          | 0/1 [00:00<?, ?it/s]100%|██████████| 1/1 [00:00<00:00,  1.05it/s]100%|██████████| 1/1 [00:00<00:00,  1.05it/s]
Predicted melting temperature: [49.77353286743164]
  0%|          | 0/1 [00:00<?, ?it/s]100%|██████████| 1/1 [00:00<00:00,  1.03it/s]100%|██████████| 1/1 [00:00<00:00,  1.03it/s]
Predicted melting temperature: [60.104644775390625]
  0%|          | 0/1 [00:00<?, ?it/s]100%|██████████| 1/1 [00:01<00:00,  1.31s/it]100%|██████████| 1/1 [00:01<00:00,  1.31s/it]
100%|██████████| 1/1 [00:01<00:00,  1.15s/it]Predicted melting temperature: [63.57440948486328]
  seed_120 arm=base scenario=A pH=7.4 targ   Tm=68.62  replicas=[67.0, 75.2, 63.6]
100%|██████████| 1/1 [00:01<00:00,  1.15s/it]
  0%|          | 0/1 [00:00<?, ?it/s]Predicted melting temperature: [58.671974182128906]
  seed_120 arm=cond scenario=B pH=4.0 targ   Tm=66.48  replicas=[66.4, 74.3, 58.7]
  0%|          | 0/1 [00:00<?, ?it/s]100%|██████████| 1/1 [00:01<00:00,  1.31s/it]100%|██████████| 1/1 [00:01<00:00,  1.31s/it]
Predicted melting temperature: [77.11528015136719]
  0%|          | 0/1 [00:00<?, ?it/s]100%|██████████| 1/1 [00:00<00:00,  1.07it/s]100%|██████████| 1/1 [00:00<00:00,  1.07it/s]
Predicted melting temperature: [59.623191833496094]
  0%|          | 0/1 [00:00<?, ?it/s]100%|██████████| 1/1 [00:01<00:00,  1.19s/it]100%|██████████| 1/1 [00:01<00:00,  1.20s/it]100%|██████████| 1/1 [00:00<00:00,  1.05it/s]
100%|██████████| 1/1 [00:01<00:00,  1.11s/it]100%|██████████| 1/1 [00:00<00:00,  1.04it/s]
Predicted melting temperature: [54.796844482421875]
  seed_122 arm=cond scenario=A pH=7.4 targ   Tm=57.70  replicas=[54.2, 64.1, 54.8]
100%|██████████| 1/1 [00:01<00:00,  1.11s/it]Predicted melting temperature: [66.51129913330078]

  0%|          | 0/1 [00:00<?, ?it/s]Predicted melting temperature: [47.83243179321289]
  seed_122 arm=cond scenario=B pH=4.0 targ   Tm=54.83  replicas=[53.5, 63.2, 47.8]
  0%|          | 0/1 [00:00<?, ?it/s]  0%|          | 0/1 [00:00<?, ?it/s]100%|██████████| 1/1 [00:01<00:00,  1.15s/it]100%|██████████| 1/1 [00:01<00:00,  1.15s/it]
Predicted melting temperature: [72.48416137695312]
  0%|          | 0/1 [00:00<?, ?it/s]100%|██████████| 1/1 [00:01<00:00,  1.09s/it]100%|██████████| 1/1 [00:01<00:00,  1.09s/it]
Predicted melting temperature: [56.127830505371094]
  0%|          | 0/1 [00:00<?, ?it/s]100%|██████████| 1/1 [00:00<00:00,  1.38it/s]100%|██████████| 1/1 [00:00<00:00,  1.37it/s]
Predicted melting temperature: [70.01068878173828]
  0%|          | 0/1 [00:00<?, ?it/s]100%|██████████| 1/1 [00:01<00:00,  1.06s/it]100%|██████████| 1/1 [00:01<00:00,  1.06s/it]
Predicted melting temperature: [56.26034927368164]
  0%|          | 0/1 [00:00<?, ?it/s]100%|██████████| 1/1 [00:01<00:00,  1.32s/it]100%|██████████| 1/1 [00:01<00:00,  1.32s/it]
Predicted melting temperature: [72.09919738769531]
  0%|          | 0/1 [00:00<?, ?it/s]100%|██████████| 1/1 [00:01<00:00,  1.08s/it]100%|██████████| 1/1 [00:01<00:00,  1.09s/it]
Predicted melting temperature: [59.07518005371094]
  seed_123 arm=cond scenario=B pH=4.0 targ   Tm=63.18  replicas=[63.7, 66.7, 59.1]
  0%|          | 0/1 [00:00<?, ?it/s]100%|██████████| 1/1 [00:00<00:00,  1.29it/s]100%|██████████| 1/1 [00:00<00:00,  1.29it/s]
Predicted melting temperature: [60.09869384765625]
  seed_125 arm=cond scenario=A pH=7.4 targ   Tm=62.08  replicas=[66.0, 60.1, 60.1]
  0%|          | 0/1 [00:00<?, ?it/s]100%|██████████| 1/1 [00:00<00:00,  1.06it/s]100%|██████████| 1/1 [00:00<00:00,  1.06it/s]
Predicted melting temperature: [59.42465591430664]
  seed_123 arm=base scenario=A pH=7.4 targ   Tm=62.09  replicas=[64.7, 62.2, 59.4]
  0%|          | 0/1 [00:00<?, ?it/s]100%|██████████| 1/1 [00:00<00:00,  1.06it/s]100%|██████████| 1/1 [00:00<00:00,  1.06it/s]
Predicted melting temperature: [56.39360809326172]
  0%|          | 0/1 [00:00<?, ?it/s]100%|██████████| 1/1 [00:00<00:00,  1.07it/s]100%|██████████| 1/1 [00:00<00:00,  1.06it/s]
Predicted melting temperature: [70.47097778320312]
  0%|          | 0/1 [00:00<?, ?it/s]100%|██████████| 1/1 [00:00<00:00,  1.00it/s]100%|██████████| 1/1 [00:00<00:00,  1.00it/s]
100%|██████████| 1/1 [00:00<00:00,  1.05it/s]100%|██████████| 1/1 [00:00<00:00,  1.04it/s]Predicted melting temperature: [56.380393981933594]

  0%|          | 0/1 [00:00<?, ?it/s]100%|██████████| 1/1 [00:00<00:00,  1.17it/s]100%|██████████| 1/1 [00:00<00:00,  1.02it/s]100%|██████████| 1/1 [00:00<00:00,  1.16it/s]100%|██████████| 1/1 [00:00<00:00,  1.02it/s]

Predicted melting temperature: [57.04054260253906]
  seed_126 arm=cond scenario=B pH=4.0 targ   Tm=58.53  replicas=[62.4, 56.1, 57.0]
100%|██████████| 1/1 [00:01<00:00,  1.15s/it]Predicted melting temperature: [54.14128494262695]
  0%|          | 0/1 [00:00<?, ?it/s]100%|██████████| 1/1 [00:01<00:00,  1.16s/it]Predicted melting temperature: [52.04456329345703]

  0%|          | 0/1 [00:00<?, ?it/s]  0%|          | 0/1 [00:00<?, ?it/s]100%|██████████| 1/1 [00:01<00:00,  1.19s/it]100%|██████████| 1/1 [00:01<00:00,  1.20s/it]Predicted melting temperature: [65.46819305419922]

  0%|          | 0/1 [00:00<?, ?it/s]Predicted melting temperature: [65.59380340576172]
  0%|          | 0/1 [00:00<?, ?it/s]100%|██████████| 1/1 [00:00<00:00,  1.31it/s]100%|██████████| 1/1 [00:00<00:00,  1.31it/s]
Predicted melting temperature: [62.83870315551758]
  0%|          | 0/1 [00:00<?, ?it/s]100%|██████████| 1/1 [00:00<00:00,  1.03it/s]100%|██████████| 1/1 [00:00<00:00,  1.03it/s]
Predicted melting temperature: [71.68255615234375]
  0%|          | 0/1 [00:00<?, ?it/s]100%|██████████| 1/1 [00:01<00:00,  1.15s/it]100%|██████████| 1/1 [00:01<00:00,  1.15s/it]
100%|██████████| 1/1 [00:00<00:00,  1.06it/s]Predicted melting temperature: [61.66339874267578]
  seed_123 arm=base scenario=A pH=7.4 targ   Tm=62.73  replicas=[54.0, 72.5, 61.7]
100%|██████████| 1/1 [00:00<00:00,  1.05it/s]
Predicted melting temperature: [61.891841888427734]
  0%|          | 0/1 [00:00<?, ?it/s]  0%|          | 0/1 [00:00<?, ?it/s]100%|██████████| 1/1 [00:01<00:00,  1.44s/it]100%|██████████| 1/1 [00:01<00:00,  1.44s/it]
Predicted melting temperature: [69.47675323486328]
  seed_119 arm=base scenario=B pH=4.0 targ   Tm=72.01  replicas=[69.5, 77.1, 69.5]
  0%|          | 0/1 [00:00<?, ?it/s]100%|██████████| 1/1 [00:00<00:00,  1.07it/s]100%|██████████| 1/1 [00:00<00:00,  1.07it/s]
100%|██████████| 1/1 [00:01<00:00,  1.12s/it]100%|██████████| 1/1 [00:01<00:00,  1.13s/it]
Predicted melting temperature: [61.928863525390625]
Predicted melting temperature: [72.7322998046875]
  0%|          | 0/1 [00:00<?, ?it/s]  0%|          | 0/1 [00:00<?, ?it/s]100%|██████████| 1/1 [00:01<00:00,  1.24s/it]100%|██████████| 1/1 [00:01<00:00,  1.24s/it]
Predicted melting temperature: [47.15937423706055]
  seed_121 arm=cond scenario=A pH=7.4 targ   Tm=59.17  replicas=[58.3, 72.1, 47.2]
  0%|          | 0/1 [00:00<?, ?it/s]100%|██████████| 1/1 [00:01<00:00,  1.12s/it]100%|██████████| 1/1 [00:01<00:00,  1.12s/it]
Predicted melting temperature: [57.821067810058594]
  seed_122 arm=cond scenario=A pH=7.4 targ   Tm=54.66  replicas=[49.8, 56.4, 57.8]
  0%|          | 0/1 [00:00<?, ?it/s]100%|██████████| 1/1 [00:00<00:00,  1.25it/s]100%|██████████| 1/1 [00:00<00:00,  1.25it/s]
Predicted melting temperature: [66.00613403320312]
  seed_125 arm=base scenario=B pH=4.0 targ   Tm=60.67  replicas=[59.6, 56.4, 66.0]
100%|██████████| 1/1 [00:00<00:00,  1.27it/s]100%|██████████| 1/1 [00:00<00:00,  1.26it/s]
  0%|          | 0/1 [00:00<?, ?it/s]Predicted melting temperature: [59.77684783935547]
  0%|          | 0/1 [00:00<?, ?it/s]100%|██████████| 1/1 [00:00<00:00,  1.13it/s]100%|██████████| 1/1 [00:00<00:00,  1.45it/s]100%|██████████| 1/1 [00:00<00:00,  1.12it/s]
100%|██████████| 1/1 [00:00<00:00,  1.44it/s]
Predicted melting temperature: [58.387908935546875]
  seed_123 arm=base scenario=A pH=7.4 targ   Tm=65.12  replicas=[66.5, 70.5, 58.4]
Predicted melting temperature: [65.48917388916016]
  0%|          | 0/1 [00:00<?, ?it/s]100%|██████████| 1/1 [00:00<00:00,  1.12it/s]100%|██████████| 1/1 [00:00<00:00,  1.10it/s]  0%|          | 0/1 [00:00<?, ?it/s]100%|██████████| 1/1 [00:01<00:00,  1.03s/it]100%|██████████| 1/1 [00:01<00:00,  1.04s/it]100%|██████████| 1/1 [00:00<00:00,  1.17it/s]

100%|██████████| 1/1 [00:00<00:00,  1.17it/s]
Predicted melting temperature: [65.51763153076172]
  seed_125 arm=base scenario=B pH=4.0 targ   Tm=69.07  replicas=[70.0, 71.7, 65.5]
  0%|          | 0/1 [00:00<?, ?it/s]Predicted melting temperature: [65.94169616699219]
Predicted melting temperature: [55.74625015258789]
  0%|          | 0/1 [00:00<?, ?it/s]  0%|          | 0/1 [00:00<?, ?it/s]100%|██████████| 1/1 [00:00<00:00,  1.16it/s]100%|██████████| 1/1 [00:00<00:00,  1.16it/s]
Predicted melting temperature: [71.00498962402344]
  0%|          | 0/1 [00:00<?, ?it/s]100%|██████████| 1/1 [00:01<00:00,  1.17s/it]100%|██████████| 1/1 [00:01<00:00,  1.17s/it]
Predicted melting temperature: [72.178466796875]
  0%|          | 0/1 [00:00<?, ?it/s]100%|██████████| 1/1 [00:00<00:00,  1.16it/s]100%|██████████| 1/1 [00:00<00:00,  1.16it/s]
Predicted melting temperature: [60.98640060424805]
  0%|          | 0/1 [00:00<?, ?it/s]100%|██████████| 1/1 [00:01<00:00,  1.02s/it]100%|██████████| 1/1 [00:01<00:00,  1.02s/it]
Predicted melting temperature: [58.6722412109375]
  0%|          | 0/1 [00:00<?, ?it/s]100%|██████████| 1/1 [00:01<00:00,  1.29s/it]100%|██████████| 1/1 [00:01<00:00,  1.30s/it]
Predicted melting temperature: [74.64077758789062]
  0%|          | 0/1 [00:00<?, ?it/s]100%|██████████| 1/1 [00:01<00:00,  1.04s/it]100%|██████████| 1/1 [00:01<00:00,  1.04s/it]
Predicted melting temperature: [64.04417419433594]
  seed_122 arm=base scenario=B pH=4.0 targ   Tm=64.35  replicas=[56.3, 72.7, 64.0]
  0%|          | 0/1 [00:00<?, ?it/s]100%|██████████| 1/1 [00:00<00:00,  1.49it/s]100%|██████████| 1/1 [00:00<00:00,  1.48it/s]100%|██████████| 1/1 [00:00<00:00,  1.45it/s]
100%|██████████| 1/1 [00:00<00:00,  1.45it/s]
100%|██████████| 1/1 [00:00<00:00,  1.13it/s]Predicted melting temperature: [57.681941986083984]
  0%|          | 0/1 [00:00<?, ?it/s]100%|██████████| 1/1 [00:00<00:00,  1.12it/s]
Predicted melting temperature: [56.937042236328125]
  0%|          | 0/1 [00:00<?, ?it/s]Predicted melting temperature: [49.34824752807617]
  0%|          | 0/1 [00:00<?, ?it/s]100%|██████████| 1/1 [00:01<00:00,  1.21s/it]100%|██████████| 1/1 [00:01<00:00,  1.21s/it]
Predicted melting temperature: [67.04148864746094]
  0%|          | 0/1 [00:00<?, ?it/s]100%|██████████| 1/1 [00:01<00:00,  1.29s/it]100%|██████████| 1/1 [00:01<00:00,  1.29s/it]
Predicted melting temperature: [48.201446533203125]
  0%|          | 0/1 [00:00<?, ?it/s]100%|██████████| 1/1 [00:00<00:00,  1.20it/s]100%|██████████| 1/1 [00:00<00:00,  1.20it/s]
Predicted melting temperature: [51.55108642578125]
  seed_123 arm=cond scenario=A pH=7.4 targ   Tm=53.11  replicas=[52.0, 55.7, 51.6]
100%|██████████| 1/1 [00:00<00:00,  1.37it/s]100%|██████████| 1/1 [00:00<00:00,  1.34it/s]  0%|          | 0/1 [00:00<?, ?it/s]
Predicted melting temperature: [60.73615264892578]
  seed_124 arm=cond scenario=B pH=4.0 targ   Tm=64.54  replicas=[61.9, 71.0, 60.7]
  0%|          | 0/1 [00:00<?, ?it/s]100%|██████████| 1/1 [00:00<00:00,  1.03it/s]100%|██████████| 1/1 [00:00<00:00,  1.03it/s]
Predicted melting temperature: [66.66659545898438]
  0%|          | 0/1 [00:00<?, ?it/s]100%|██████████| 1/1 [00:01<00:00,  1.01s/it]100%|██████████| 1/1 [00:01<00:00,  1.01s/it]100%|██████████| 1/1 [00:00<00:00,  1.81it/s]
100%|██████████| 1/1 [00:00<00:00,  1.30it/s]100%|██████████| 1/1 [00:00<00:00,  1.29it/s]Predicted melting temperature: [59.70399475097656]
  seed_126 arm=cond scenario=A pH=7.4 targ   Tm=62.68  replicas=[62.8, 65.5, 59.7]

100%|██████████| 1/1 [00:00<00:00,  1.79it/s]
Predicted melting temperature: [63.08006286621094]
  seed_124 arm=base scenario=A pH=7.4 targ   Tm=62.00  replicas=[61.9, 61.0, 63.1]
  0%|          | 0/1 [00:00<?, ?it/s]Predicted melting temperature: [56.899085998535156]
100%|██████████| 1/1 [00:00<00:00,  1.35it/s]100%|██████████| 1/1 [00:01<00:00,  1.02s/it]  0%|          | 0/1 [00:00<?, ?it/s]100%|██████████| 1/1 [00:00<00:00,  1.34it/s]
100%|██████████| 1/1 [00:01<00:00,  1.02s/it]
  0%|          | 0/1 [00:00<?, ?it/s]Predicted melting temperature: [72.80828094482422]
100%|██████████| 1/1 [00:00<00:00,  1.72it/s]Predicted melting temperature: [66.55809783935547]
  0%|          | 0/1 [00:00<?, ?it/s]  0%|          | 0/1 [00:00<?, ?it/s]100%|██████████| 1/1 [00:00<00:00,  1.69it/s]
Predicted melting temperature: [63.0069465637207]
  seed_127 arm=cond scenario=B pH=4.0 targ   Tm=59.91  replicas=[59.8, 56.9, 63.0]
  0%|          | 0/1 [00:00<?, ?it/s]100%|██████████| 1/1 [00:01<00:00,  1.04s/it]100%|██████████| 1/1 [00:01<00:00,  1.05s/it]
Predicted melting temperature: [53.93946075439453]
  seed_123 arm=cond scenario=B pH=4.0 targ   Tm=58.01  replicas=[54.1, 65.9, 53.9]
  0%|          | 0/1 [00:00<?, ?it/s]100%|██████████| 1/1 [00:00<00:00,  1.07it/s]100%|██████████| 1/1 [00:00<00:00,  1.07it/s]100%|██████████| 1/1 [00:01<00:00,  1.16s/it]
100%|██████████| 1/1 [00:01<00:00,  1.17s/it]
Predicted melting temperature: [53.27397155761719]
  seed_121 arm=cond scenario=B pH=4.0 targ   Tm=63.64  replicas=[65.5, 72.2, 53.3]
Predicted melting temperature: [54.048709869384766]
  0%|          | 0/1 [00:00<?, ?it/s]  0%|          | 0/1 [00:00<?, ?it/s]100%|██████████| 1/1 [00:01<00:00,  1.12s/it]100%|██████████| 1/1 [00:01<00:00,  1.12s/it]
Predicted melting temperature: [51.866024017333984]
  0%|          | 0/1 [00:00<?, ?it/s]100%|██████████| 1/1 [00:00<00:00,  1.30it/s]100%|██████████| 1/1 [00:00<00:00,  1.30it/s]
Predicted melting temperature: [58.13079833984375]
  0%|          | 0/1 [00:00<?, ?it/s]100%|██████████| 1/1 [00:00<00:00,  1.43it/s]100%|██████████| 1/1 [00:00<00:00,  1.43it/s]100%|██████████| 1/1 [00:00<00:00,  1.14it/s]
100%|██████████| 1/1 [00:00<00:00,  1.14it/s]
100%|██████████| 1/1 [00:01<00:00,  1.45s/it]100%|██████████| 1/1 [00:01<00:00,  1.46s/it]Predicted melting temperature: [64.29812622070312]
Predicted melting temperature: [50.236114501953125]

  0%|          | 0/1 [00:00<?, ?it/s]  0%|          | 0/1 [00:00<?, ?it/s]Predicted melting temperature: [62.17707443237305]
  seed_121 arm=base scenario=A pH=7.4 targ   Tm=67.47  replicas=[65.6, 74.6, 62.2]
100%|██████████| 1/1 [00:00<00:00,  1.30it/s]  0%|          | 0/1 [00:00<?, ?it/s]100%|██████████| 1/1 [00:00<00:00,  1.29it/s]
Predicted melting temperature: [55.92835998535156]
  seed_126 arm=base scenario=B pH=4.0 targ   Tm=56.84  replicas=[57.7, 56.9, 55.9]
  0%|          | 0/1 [00:00<?, ?it/s]100%|██████████| 1/1 [00:00<00:00,  1.16it/s]100%|██████████| 1/1 [00:00<00:00,  1.09it/s]100%|██████████| 1/1 [00:00<00:00,  1.16it/s]
Predicted melting temperature: [61.998435974121094]
  seed_124 arm=base scenario=A pH=7.4 targ   Tm=64.49  replicas=[58.7, 72.8, 62.0]
100%|██████████| 1/1 [00:00<00:00,  1.08it/s]
  0%|          | 0/1 [00:00<?, ?it/s]Predicted melting temperature: [70.642578125]
  0%|          | 0/1 [00:00<?, ?it/s]100%|██████████| 1/1 [00:00<00:00,  1.07it/s]100%|██████████| 1/1 [00:00<00:00,  1.07it/s]100%|██████████| 1/1 [00:01<00:00,  1.45s/it]
100%|██████████| 1/1 [00:01<00:00,  1.46s/it]
Predicted melting temperature: [60.6876106262207]
  0%|          | 0/1 [00:00<?, ?it/s]Predicted melting temperature: [75.24211120605469]
  0%|          | 0/1 [00:00<?, ?it/s]100%|██████████| 1/1 [00:01<00:00,  1.21s/it]100%|██████████| 1/1 [00:01<00:00,  1.21s/it]
100%|██████████| 1/1 [00:00<00:00,  1.00it/s]100%|██████████| 1/1 [00:00<00:00,  1.00it/s]Predicted melting temperature: [54.14868927001953]

  0%|          | 0/1 [00:00<?, ?it/s]Predicted melting temperature: [59.623191833496094]
  0%|          | 0/1 [00:00<?, ?it/s]100%|██████████| 1/1 [00:01<00:00,  1.05s/it]100%|██████████| 1/1 [00:01<00:00,  1.05s/it]
Predicted melting temperature: [72.16556549072266]
  0%|          | 0/1 [00:00<?, ?it/s]100%|██████████| 1/1 [00:01<00:00,  1.22s/it]100%|██████████| 1/1 [00:01<00:00,  1.22s/it]
Predicted melting temperature: [57.15153503417969]
  0%|          | 0/1 [00:00<?, ?it/s]100%|██████████| 1/1 [00:01<00:00,  1.02s/it]100%|██████████| 1/1 [00:01<00:00,  1.03s/it]
Predicted melting temperature: [72.48416137695312]
  0%|          | 0/1 [00:00<?, ?it/s]100%|██████████| 1/1 [00:00<00:00,  1.47it/s]100%|██████████| 1/1 [00:00<00:00,  1.47it/s]
Predicted melting temperature: [63.34127426147461]
  0%|          | 0/1 [00:00<?, ?it/s]100%|██████████| 1/1 [00:00<00:00,  1.15it/s]100%|██████████| 1/1 [00:00<00:00,  1.15it/s]
Predicted melting temperature: [62.54374313354492]
  seed_123 arm=cond scenario=A pH=7.4 targ   Tm=54.59  replicas=[49.3, 51.9, 62.5]
  0%|          | 0/1 [00:00<?, ?it/s]100%|██████████| 1/1 [00:00<00:00,  1.15it/s]100%|██████████| 1/1 [00:00<00:00,  1.15it/s]
Predicted melting temperature: [73.24820709228516]
  0%|          | 0/1 [00:00<?, ?it/s]100%|██████████| 1/1 [00:00<00:00,  1.30it/s]100%|██████████| 1/1 [00:00<00:00,  1.30it/s]
Predicted melting temperature: [62.00479507446289]
  0%|          | 0/1 [00:00<?, ?it/s]100%|██████████| 1/1 [00:01<00:00,  1.38s/it]100%|██████████| 1/1 [00:01<00:00,  1.38s/it]
Predicted melting temperature: [70.77533721923828]
  0%|          | 0/1 [00:00<?, ?it/s]100%|██████████| 1/1 [00:00<00:00,  1.12it/s]100%|██████████| 1/1 [00:00<00:00,  1.12it/s]
100%|██████████| 1/1 [00:00<00:00,  1.15it/s]100%|██████████| 1/1 [00:00<00:00,  1.14it/s]Predicted melting temperature: [53.960113525390625]

  0%|          | 0/1 [00:00<?, ?it/s]Predicted melting temperature: [62.261165618896484]
  seed_124 arm=base scenario=A pH=7.4 targ   Tm=66.52  replicas=[66.7, 70.6, 62.3]
  0%|          | 0/1 [00:00<?, ?it/s]100%|██████████| 1/1 [00:01<00:00,  1.08s/it]100%|██████████| 1/1 [00:01<00:00,  1.08s/it]
Predicted melting temperature: [53.001182556152344]
  0%|          | 0/1 [00:00<?, ?it/s]100%|██████████| 1/1 [00:01<00:00,  1.01s/it]100%|██████████| 1/1 [00:01<00:00,  1.01s/it]
Predicted melting temperature: [66.25082397460938]
  0%|          | 0/1 [00:00<?, ?it/s]100%|██████████| 1/1 [00:00<00:00,  1.08it/s]100%|██████████| 1/1 [00:00<00:00,  1.08it/s]
Predicted melting temperature: [64.56658935546875]
  seed_126 arm=base scenario=B pH=4.0 targ   Tm=67.76  replicas=[66.6, 72.2, 64.6]
  0%|          | 0/1 [00:00<?, ?it/s]100%|██████████| 1/1 [00:01<00:00,  1.03s/it]100%|██████████| 1/1 [00:01<00:00,  1.03s/it]
Predicted melting temperature: [56.380393981933594]
  0%|          | 0/1 [00:00<?, ?it/s]100%|██████████| 1/1 [00:01<00:00,  1.40s/it]100%|██████████| 1/1 [00:01<00:00,  1.40s/it]
Predicted melting temperature: [67.57537078857422]
  0%|          | 0/1 [00:00<?, ?it/s]100%|██████████| 1/1 [00:01<00:00,  1.22s/it]100%|██████████| 1/1 [00:01<00:00,  1.22s/it]
Predicted melting temperature: [58.026222229003906]
  seed_122 arm=cond scenario=A pH=7.4 targ   Tm=53.46  replicas=[48.2, 54.1, 58.0]
100%|██████████| 1/1 [00:00<00:00,  1.06it/s]100%|██████████| 1/1 [00:00<00:00,  1.06it/s]
  0%|          | 0/1 [00:00<?, ?it/s]Predicted melting temperature: [73.02345275878906]
  0%|          | 0/1 [00:00<?, ?it/s]100%|██████████| 1/1 [00:00<00:00,  1.12it/s]100%|██████████| 1/1 [00:00<00:00,  1.12it/s]
Predicted melting temperature: [61.66339874267578]
  seed_123 arm=base scenario=B pH=4.0 targ   Tm=62.73  replicas=[54.0, 72.5, 61.7]
  0%|          | 0/1 [00:00<?, ?it/s]100%|██████████| 1/1 [00:00<00:00,  1.09it/s]100%|██████████| 1/1 [00:00<00:00,  1.09it/s]
Predicted melting temperature: [61.99501037597656]
  seed_125 arm=cond scenario=B pH=4.0 targ   Tm=63.21  replicas=[64.3, 63.3, 62.0]
  0%|          | 0/1 [00:00<?, ?it/s]100%|██████████| 1/1 [00:01<00:00,  1.44s/it]100%|██████████| 1/1 [00:01<00:00,  1.44s/it]
Predicted melting temperature: [63.57440948486328]
  seed_120 arm=base scenario=B pH=4.0 targ   Tm=68.62  replicas=[67.0, 75.2, 63.6]
  0%|          | 0/1 [00:00<?, ?it/s]100%|██████████| 1/1 [00:00<00:00,  1.05it/s]100%|██████████| 1/1 [00:00<00:00,  1.05it/s]
100%|██████████| 1/1 [00:00<00:00,  1.13it/s]100%|██████████| 1/1 [00:00<00:00,  1.12it/s]
Predicted melting temperature: [62.29609680175781]
  0%|          | 0/1 [00:00<?, ?it/s]Predicted melting temperature: [49.393638610839844]
  0%|          | 0/1 [00:00<?, ?it/s]100%|██████████| 1/1 [00:01<00:00,  1.21s/it]100%|██████████| 1/1 [00:01<00:00,  1.21s/it]
Predicted melting temperature: [51.314964294433594]
  seed_124 arm=cond scenario=A pH=7.4 targ   Tm=60.90  replicas=[58.1, 73.2, 51.3]
  0%|          | 0/1 [00:00<?, ?it/s]100%|██████████| 1/1 [00:00<00:00,  1.04it/s]100%|██████████| 1/1 [00:00<00:00,  1.04it/s]
Predicted melting temperature: [70.01068878173828]
  0%|          | 0/1 [00:00<?, ?it/s]100%|██████████| 1/1 [00:01<00:00,  1.05s/it]100%|██████████| 1/1 [00:01<00:00,  1.05s/it]
Predicted melting temperature: [73.03187561035156]
  0%|          | 0/1 [00:00<?, ?it/s]100%|██████████| 1/1 [00:00<00:00,  1.17it/s]100%|██████████| 1/1 [00:00<00:00,  1.17it/s]
Predicted melting temperature: [82.07483673095703]
  0%|          | 0/1 [00:00<?, ?it/s]100%|██████████| 1/1 [00:00<00:00,  1.07it/s]100%|██████████| 1/1 [00:00<00:00,  1.07it/s]
Predicted melting temperature: [59.576812744140625]
  seed_127 arm=cond scenario=A pH=7.4 targ   Tm=62.17  replicas=[60.7, 66.3, 59.6]
  0%|          | 0/1 [00:00<?, ?it/s]100%|██████████| 1/1 [00:01<00:00,  1.08s/it]100%|██████████| 1/1 [00:01<00:00,  1.08s/it]
Predicted melting temperature: [56.04591369628906]
  seed_128 arm=cond scenario=B pH=4.0 targ   Tm=53.09  replicas=[50.2, 53.0, 56.0]
  0%|          | 0/1 [00:00<?, ?it/s]100%|██████████| 1/1 [00:00<00:00,  1.11it/s]100%|██████████| 1/1 [00:00<00:00,  1.11it/s]
Predicted melting temperature: [66.00613403320312]
  seed_125 arm=base scenario=A pH=7.4 targ   Tm=60.67  replicas=[59.6, 56.4, 66.0]
  0%|          | 0/1 [00:00<?, ?it/s]100%|██████████| 1/1 [00:01<00:00,  1.44s/it]100%|██████████| 1/1 [00:01<00:00,  1.44s/it]
Predicted melting temperature: [76.98802185058594]
  0%|          | 0/1 [00:00<?, ?it/s]100%|██████████| 1/1 [00:00<00:00,  1.15it/s]100%|██████████| 1/1 [00:00<00:00,  1.15it/s]
Predicted melting temperature: [68.2305908203125]
  0%|          | 0/1 [00:00<?, ?it/s]100%|██████████| 1/1 [00:01<00:00,  1.01s/it]100%|██████████| 1/1 [00:01<00:00,  1.02s/it]
Predicted melting temperature: [63.16151428222656]
  seed_124 arm=cond scenario=B pH=4.0 targ   Tm=64.45  replicas=[57.2, 73.0, 63.2]
100%|██████████| 1/1 [00:01<00:00,  1.07s/it]100%|██████████| 1/1 [00:01<00:00,  1.08s/it]
  0%|          | 0/1 [00:00<?, ?it/s]Predicted melting temperature: [60.679500579833984]
  0%|          | 0/1 [00:00<?, ?it/s]100%|██████████| 1/1 [00:00<00:00,  1.17it/s]100%|██████████| 1/1 [00:00<00:00,  1.16it/s]
Predicted melting temperature: [55.035072326660156]
  0%|          | 0/1 [00:00<?, ?it/s]100%|██████████| 1/1 [00:01<00:00,  1.24s/it]100%|██████████| 1/1 [00:01<00:00,  1.24s/it]
100%|██████████| 1/1 [00:01<00:00,  1.16s/it]100%|██████████| 1/1 [00:01<00:00,  1.16s/it]
Predicted melting temperature: [75.89225769042969]
100%|██████████| 1/1 [00:00<00:00,  1.04it/s]  0%|          | 0/1 [00:00<?, ?it/s]100%|██████████| 1/1 [00:00<00:00,  1.04it/s]Predicted melting temperature: [58.6722412109375]

Predicted melting temperature: [60.344181060791016]
  seed_127 arm=base scenario=B pH=4.0 targ   Tm=61.55  replicas=[62.0, 62.3, 60.3]
  0%|          | 0/1 [00:00<?, ?it/s]  0%|          | 0/1 [00:00<?, ?it/s]100%|██████████| 1/1 [00:00<00:00,  1.58it/s]100%|██████████| 1/1 [00:00<00:00,  1.58it/s]
Predicted melting temperature: [78.57997131347656]
  0%|          | 0/1 [00:00<?, ?it/s]100%|██████████| 1/1 [00:01<00:00,  1.32s/it]100%|██████████| 1/1 [00:01<00:00,  1.32s/it]
Predicted melting temperature: [65.59380340576172]
  0%|          | 0/1 [00:00<?, ?it/s]100%|██████████| 1/1 [00:00<00:00,  1.12it/s]100%|██████████| 1/1 [00:00<00:00,  1.12it/s]
Predicted melting temperature: [68.56488037109375]
  0%|          | 0/1 [00:00<?, ?it/s]100%|██████████| 1/1 [00:01<00:00,  1.07s/it]100%|██████████| 1/1 [00:01<00:00,  1.07s/it]100%|██████████| 1/1 [00:01<00:00,  1.11s/it]
100%|██████████| 1/1 [00:01<00:00,  1.11s/it]
Predicted melting temperature: [71.68255615234375]
Predicted melting temperature: [51.83740997314453]
  0%|          | 0/1 [00:00<?, ?it/s]  0%|          | 0/1 [00:00<?, ?it/s]100%|██████████| 1/1 [00:01<00:00,  1.09s/it]100%|██████████| 1/1 [00:01<00:00,  1.10s/it]
Predicted melting temperature: [51.21230697631836]
  0%|          | 0/1 [00:00<?, ?it/s]100%|██████████| 1/1 [00:01<00:00,  1.25s/it]100%|██████████| 1/1 [00:01<00:00,  1.25s/it]
Predicted melting temperature: [57.68084716796875]
  seed_125 arm=base scenario=A pH=7.4 targ   Tm=61.56  replicas=[54.0, 73.0, 57.7]
100%|██████████| 1/1 [00:01<00:00,  1.11s/it]100%|██████████| 1/1 [00:01<00:00,  1.12s/it]
  0%|          | 0/1 [00:00<?, ?it/s]Predicted melting temperature: [57.681941986083984]
  0%|          | 0/1 [00:00<?, ?it/s]100%|██████████| 1/1 [00:00<00:00,  1.52it/s]100%|██████████| 1/1 [00:00<00:00,  1.52it/s]
Predicted melting temperature: [68.63382720947266]
  seed_127 arm=base scenario=B pH=4.0 targ   Tm=76.43  replicas=[82.1, 78.6, 68.6]
  0%|          | 0/1 [00:00<?, ?it/s]100%|██████████| 1/1 [00:00<00:00,  1.34it/s]100%|██████████| 1/1 [00:00<00:00,  1.33it/s]
Predicted melting temperature: [62.94612503051758]
  0%|          | 0/1 [00:00<?, ?it/s]100%|██████████| 1/1 [00:01<00:00,  1.02s/it]100%|██████████| 1/1 [00:01<00:00,  1.02s/it]
Predicted melting temperature: [71.78608703613281]
  0%|          | 0/1 [00:00<?, ?it/s]100%|██████████| 1/1 [00:01<00:00,  1.12s/it]100%|██████████| 1/1 [00:01<00:00,  1.12s/it]
Predicted melting temperature: [54.27704620361328]
  0%|          | 0/1 [00:00<?, ?it/s]100%|██████████| 1/1 [00:01<00:00,  1.12s/it]100%|██████████| 1/1 [00:01<00:00,  1.12s/it]
Predicted melting temperature: [58.28466796875]
  seed_124 arm=cond scenario=A pH=7.4 targ   Tm=54.24  replicas=[49.4, 55.0, 58.3]
  0%|          | 0/1 [00:00<?, ?it/s]100%|██████████| 1/1 [00:00<00:00,  1.44it/s]100%|██████████| 1/1 [00:00<00:00,  1.43it/s]
Predicted melting temperature: [70.98846435546875]
  0%|          | 0/1 [00:00<?, ?it/s]100%|██████████| 1/1 [00:01<00:00,  1.37s/it]100%|██████████| 1/1 [00:01<00:00,  1.37s/it]
Predicted melting temperature: [68.71881866455078]
  seed_122 arm=cond scenario=B pH=4.0 targ   Tm=72.16  replicas=[70.8, 77.0, 68.7]
  0%|          | 0/1 [00:00<?, ?it/s]100%|██████████| 1/1 [00:01<00:00,  1.20s/it]100%|██████████| 1/1 [00:01<00:00,  1.20s/it]
100%|██████████| 1/1 [00:01<00:00,  1.35s/it]100%|██████████| 1/1 [00:01<00:00,  1.35s/it]Predicted melting temperature: [72.80828094482422]

  0%|          | 0/1 [00:00<?, ?it/s]Predicted melting temperature: [64.82051849365234]
  0%|          | 0/1 [00:00<?, ?it/s]100%|██████████| 1/1 [00:01<00:00,  1.29s/it]100%|██████████| 1/1 [00:01<00:00,  1.29s/it]
Predicted melting temperature: [66.94019317626953]
  seed_122 arm=base scenario=A pH=7.4 targ   Tm=70.14  replicas=[67.6, 75.9, 66.9]
100%|██████████| 1/1 [00:00<00:00,  1.41it/s]  0%|          | 0/1 [00:00<?, ?it/s]100%|██████████| 1/1 [00:00<00:00,  1.03it/s]100%|██████████| 1/1 [00:00<00:00,  1.09it/s]100%|██████████| 1/1 [00:01<00:00,  1.09s/it]
100%|██████████| 1/1 [00:00<00:00,  1.35it/s]
Predicted melting temperature: [65.51763153076172]
  seed_125 arm=base scenario=A pH=7.4 targ   Tm=69.07  replicas=[70.0, 71.7, 65.5]
100%|██████████| 1/1 [00:00<00:00,  1.34it/s]
Predicted melting temperature: [52.47860336303711]
  0%|          | 0/1 [00:00<?, ?it/s]  0%|          | 0/1 [00:00<?, ?it/s]100%|██████████| 1/1 [00:01<00:00,  1.11s/it]100%|██████████| 1/1 [00:01<00:00,  1.12s/it]
Predicted melting temperature: [71.92683410644531]
  0%|          | 0/1 [00:00<?, ?it/s]100%|██████████| 1/1 [00:00<00:00,  1.38it/s]100%|██████████| 1/1 [00:00<00:00,  1.34it/s]
Predicted melting temperature: [63.403446197509766]
  seed_126 arm=cond scenario=B pH=4.0 targ   Tm=67.81  replicas=[68.2, 71.8, 63.4]
Predicted melting temperature: [60.592979431152344]
  0%|          | 0/1 [00:00<?, ?it/s]  0%|          | 0/1 [00:00<?, ?it/s]100%|██████████| 1/1 [00:00<00:00,  1.08it/s]100%|██████████| 1/1 [00:00<00:00,  1.08it/s]
Predicted melting temperature: [56.899085998535156]
  0%|          | 0/1 [00:00<?, ?it/s]100%|██████████| 1/1 [00:00<00:00,  1.13it/s]100%|██████████| 1/1 [00:01<00:00,  1.36s/it]100%|██████████| 1/1 [00:00<00:00,  1.12it/s]100%|██████████| 1/1 [00:01<00:00,  1.37s/it]

Predicted melting temperature: [67.4994888305664]
  0%|          | 0/1 [00:00<?, ?it/s]Predicted melting temperature: [74.64077758789062]
  0%|          | 0/1 [00:00<?, ?it/s]100%|██████████| 1/1 [00:00<00:00,  1.63it/s]100%|██████████| 1/1 [00:00<00:00,  1.63it/s]
Predicted melting temperature: [62.5587043762207]
  seed_128 arm=cond scenario=A pH=7.4 targ   Tm=67.37  replicas=[68.6, 71.0, 62.6]
  0%|          | 0/1 [00:00<?, ?it/s]100%|██████████| 1/1 [00:01<00:00,  1.18s/it]100%|██████████| 1/1 [00:01<00:00,  1.18s/it]
Predicted melting temperature: [53.23394775390625]
  0%|          | 0/1 [00:00<?, ?it/s]100%|██████████| 1/1 [00:00<00:00,  2.01it/s]100%|██████████| 1/1 [00:00<00:00,  2.01it/s]
Predicted melting temperature: [57.72976303100586]
  seed_129 arm=cond scenario=B pH=4.0 targ   Tm=53.81  replicas=[51.2, 52.5, 57.7]
  0%|          | 0/1 [00:00<?, ?it/s]100%|██████████| 1/1 [00:01<00:00,  1.17s/it]100%|██████████| 1/1 [00:01<00:00,  1.17s/it]100%|██████████| 1/1 [00:01<00:00,  1.10s/it]
100%|██████████| 1/1 [00:01<00:00,  1.10s/it]
Predicted melting temperature: [62.629676818847656]
  0%|          | 0/1 [00:00<?, ?it/s]Predicted melting temperature: [49.565853118896484]
  0%|          | 0/1 [00:00<?, ?it/s]100%|██████████| 1/1 [00:00<00:00,  1.03it/s]100%|██████████| 1/1 [00:00<00:00,  1.03it/s]
Predicted melting temperature: [48.650146484375]
  seed_123 arm=cond scenario=A pH=7.4 targ   Tm=58.05  replicas=[60.7, 64.8, 48.7]
  0%|          | 0/1 [00:00<?, ?it/s]100%|██████████| 1/1 [00:00<00:00,  1.52it/s]100%|██████████| 1/1 [00:00<00:00,  1.52it/s]
Predicted melting temperature: [59.66330337524414]
  seed_128 arm=base scenario=B pH=4.0 targ   Tm=64.85  replicas=[62.9, 71.9, 59.7]
  0%|          | 0/1 [00:00<?, ?it/s]100%|██████████| 1/1 [00:01<00:00,  1.05s/it]100%|██████████| 1/1 [00:01<00:00,  1.05s/it]
Predicted melting temperature: [61.998435974121094]
  seed_124 arm=base scenario=B pH=4.0 targ   Tm=64.49  replicas=[58.7, 72.8, 62.0]
100%|██████████| 1/1 [00:01<00:00,  1.17s/it]100%|██████████| 1/1 [00:01<00:00,  1.17s/it]
Predicted melting temperature: [65.30365753173828]
  0%|          | 0/1 [00:00<?, ?it/s]  0%|          | 0/1 [00:00<?, ?it/s]100%|██████████| 1/1 [00:00<00:00,  1.29it/s]100%|██████████| 1/1 [00:00<00:00,  1.29it/s]
Predicted melting temperature: [68.44063568115234]
  0%|          | 0/1 [00:00<?, ?it/s]100%|██████████| 1/1 [00:00<00:00,  1.08it/s]100%|██████████| 1/1 [00:00<00:00,  1.07it/s]
Predicted melting temperature: [66.55809783935547]
  0%|          | 0/1 [00:00<?, ?it/s]100%|██████████| 1/1 [00:00<00:00,  1.24it/s]100%|██████████| 1/1 [00:00<00:00,  1.24it/s]
Predicted melting temperature: [67.81297302246094]
  0%|          | 0/1 [00:00<?, ?it/s]100%|██████████| 1/1 [00:00<00:00,  1.13it/s]100%|██████████| 1/1 [00:00<00:00,  1.12it/s]
Predicted melting temperature: [71.97705078125]
  0%|          | 0/1 [00:00<?, ?it/s]100%|██████████| 1/1 [00:01<00:00,  1.06s/it]100%|██████████| 1/1 [00:01<00:00,  1.06s/it]
Predicted melting temperature: [50.61542892456055]
  seed_125 arm=cond scenario=A pH=7.4 targ   Tm=54.35  replicas=[51.8, 60.6, 50.6]
  0%|          | 0/1 [00:00<?, ?it/s]100%|██████████| 1/1 [00:00<00:00,  1.58it/s]100%|██████████| 1/1 [00:00<00:00,  1.58it/s]
Predicted melting temperature: [63.62167739868164]
  0%|          | 0/1 [00:00<?, ?it/s]100%|██████████| 1/1 [00:01<00:00,  1.21s/it]100%|██████████| 1/1 [00:01<00:00,  1.21s/it]
Predicted melting temperature: [68.96046447753906]
  0%|          | 0/1 [00:00<?, ?it/s]100%|██████████| 1/1 [00:01<00:00,  1.18s/it]100%|██████████| 1/1 [00:01<00:00,  1.18s/it]100%|██████████| 1/1 [00:01<00:00,  1.44s/it]
100%|██████████| 1/1 [00:01<00:00,  1.45s/it]
Predicted melting temperature: [55.92835998535156]
  seed_126 arm=base scenario=A pH=7.4 targ   Tm=56.84  replicas=[57.7, 56.9, 55.9]
Predicted melting temperature: [73.48147583007812]
  0%|          | 0/1 [00:00<?, ?it/s]  0%|          | 0/1 [00:00<?, ?it/s]100%|██████████| 1/1 [00:00<00:00,  1.05it/s]100%|██████████| 1/1 [00:00<00:00,  1.05it/s]
Predicted melting temperature: [55.840858459472656]
  seed_125 arm=cond scenario=B pH=4.0 targ   Tm=57.58  replicas=[54.3, 62.6, 55.8]
  0%|          | 0/1 [00:00<?, ?it/s]100%|██████████| 1/1 [00:00<00:00,  1.34it/s]100%|██████████| 1/1 [00:00<00:00,  1.34it/s]
Predicted melting temperature: [72.16422271728516]
  0%|          | 0/1 [00:00<?, ?it/s]100%|██████████| 1/1 [00:00<00:00,  1.08it/s]100%|██████████| 1/1 [00:00<00:00,  1.07it/s]
Predicted melting temperature: [65.85954284667969]
  0%|          | 0/1 [00:00<?, ?it/s]100%|██████████| 1/1 [00:01<00:00,  1.60s/it]100%|██████████| 1/1 [00:01<00:00,  1.60s/it]
Predicted melting temperature: [62.17707443237305]
  seed_121 arm=base scenario=B pH=4.0 targ   Tm=67.47  replicas=[65.6, 74.6, 62.2]
  0%|          | 0/1 [00:00<?, ?it/s]100%|██████████| 1/1 [00:01<00:00,  1.11s/it]100%|██████████| 1/1 [00:01<00:00,  1.12s/it]
100%|██████████| 1/1 [00:00<00:00,  1.24it/s]100%|██████████| 1/1 [00:00<00:00,  1.24it/s]
Predicted melting temperature: [55.040565490722656]
  0%|          | 0/1 [00:00<?, ?it/s]Predicted melting temperature: [72.16556549072266]
  0%|          | 0/1 [00:00<?, ?it/s]100%|██████████| 1/1 [00:01<00:00,  1.26s/it]100%|██████████| 1/1 [00:01<00:00,  1.26s/it]
100%|██████████| 1/1 [00:01<00:00,  1.17s/it]100%|██████████| 1/1 [00:01<00:00,  1.17s/it]
Predicted melting temperature: [60.475440979003906]
  0%|          | 0/1 [00:00<?, ?it/s]Predicted melting temperature: [73.14002990722656]
  0%|          | 0/1 [00:00<?, ?it/s]100%|██████████| 1/1 [00:00<00:00,  1.01it/s]100%|██████████| 1/1 [00:00<00:00,  1.01it/s]100%|██████████| 1/1 [00:01<00:00,  1.02s/it]
Predicted melting temperature: [66.29475402832031]
  seed_128 arm=base scenario=B pH=4.0 targ   Tm=68.59  replicas=[67.5, 72.0, 66.3]
100%|██████████| 1/1 [00:01<00:00,  1.02s/it]
  0%|          | 0/1 [00:00<?, ?it/s]Predicted melting temperature: [62.031646728515625]
  0%|          | 0/1 [00:00<?, ?it/s]100%|██████████| 1/1 [00:00<00:00,  1.11it/s]100%|██████████| 1/1 [00:00<00:00,  1.11it/s]100%|██████████| 1/1 [00:01<00:00,  1.31s/it]
100%|██████████| 1/1 [00:01<00:00,  1.31s/it]
Predicted melting temperature: [55.59126281738281]
  0%|          | 0/1 [00:00<?, ?it/s]Predicted melting temperature: [53.960113525390625]
  0%|          | 0/1 [00:00<?, ?it/s]100%|██████████| 1/1 [00:01<00:00,  1.21s/it]100%|██████████| 1/1 [00:01<00:00,  1.21s/it]
Predicted melting temperature: [52.06402587890625]
  0%|          | 0/1 [00:00<?, ?it/s]100%|██████████| 1/1 [00:00<00:00,  1.43it/s]100%|██████████| 1/1 [00:00<00:00,  1.43it/s]
Predicted melting temperature: [64.56658935546875]
  seed_126 arm=base scenario=A pH=7.4 targ   Tm=67.76  replicas=[66.6, 72.2, 64.6]
  0%|          | 0/1 [00:00<?, ?it/s]100%|██████████| 1/1 [00:00<00:00,  1.06it/s]100%|██████████| 1/1 [00:00<00:00,  1.06it/s]
Predicted melting temperature: [61.48491668701172]
  seed_127 arm=cond scenario=B pH=4.0 targ   Tm=67.36  replicas=[68.4, 72.2, 61.5]
  0%|          | 0/1 [00:00<?, ?it/s]100%|██████████| 1/1 [00:01<00:00,  1.02s/it]100%|██████████| 1/1 [00:01<00:00,  1.02s/it]100%|██████████| 1/1 [00:01<00:00,  1.06s/it]
100%|██████████| 1/1 [00:01<00:00,  1.06s/it]100%|██████████| 1/1 [00:01<00:00,  1.08s/it]
Predicted melting temperature: [52.964786529541016]
  0%|          | 0/1 [00:00<?, ?it/s]100%|██████████| 1/1 [00:01<00:00,  1.08s/it]
Predicted melting temperature: [68.67802429199219]
  seed_126 arm=base scenario=A pH=7.4 targ   Tm=65.13  replicas=[53.2, 73.5, 68.7]
Predicted melting temperature: [62.00479507446289]
  0%|          | 0/1 [00:00<?, ?it/s]  0%|          | 0/1 [00:00<?, ?it/s]100%|██████████| 1/1 [00:01<00:00,  1.00s/it]100%|██████████| 1/1 [00:01<00:00,  1.00s/it]
Predicted melting temperature: [58.2515983581543]
  0%|          | 0/1 [00:00<?, ?it/s]100%|██████████| 1/1 [00:00<00:00,  1.05it/s]100%|██████████| 1/1 [00:00<00:00,  1.05it/s]
Predicted melting temperature: [62.092681884765625]
  seed_125 arm=cond scenario=A pH=7.4 targ   Tm=55.57  replicas=[49.6, 55.0, 62.1]
  0%|          | 0/1 [00:00<?, ?it/s]100%|██████████| 1/1 [00:01<00:00,  1.63s/it]100%|██████████| 1/1 [00:01<00:00,  1.63s/it]
Predicted melting temperature: [76.26213073730469]
  0%|          | 0/1 [00:00<?, ?it/s]100%|██████████| 1/1 [00:00<00:00,  1.11it/s]100%|██████████| 1/1 [00:00<00:00,  1.11it/s]
Predicted melting temperature: [66.3483657836914]
  0%|          | 0/1 [00:00<?, ?it/s]100%|██████████| 1/1 [00:00<00:00,  1.05it/s]100%|██████████| 1/1 [00:00<00:00,  1.05it/s]
Predicted melting temperature: [56.603782653808594]
  seed_129 arm=cond scenario=A pH=7.4 targ   Tm=62.15  replicas=[67.8, 62.0, 56.6]
  0%|          | 0/1 [00:00<?, ?it/s]100%|██████████| 1/1 [00:01<00:00,  1.19s/it]100%|██████████| 1/1 [00:01<00:00,  1.19s/it]
Predicted melting temperature: [71.25170135498047]
  0%|          | 0/1 [00:00<?, ?it/s]100%|██████████| 1/1 [00:00<00:00,  1.53it/s]100%|██████████| 1/1 [00:00<00:00,  1.52it/s]
100%|██████████| 1/1 [00:01<00:00,  1.08s/it]100%|██████████| 1/1 [00:01<00:00,  1.08s/it]
Predicted melting temperature: [60.246246337890625]
  seed_130 arm=cond scenario=B pH=4.0 targ   Tm=59.82  replicas=[63.6, 55.6, 60.2]
Predicted melting temperature: [82.07483673095703]
  0%|          | 0/1 [00:00<?, ?it/s]  [code/output/phase3_antidrift_n20/1CRN/B_cond/seqs.fa] 已写 code/output/phase3_antidrift_n20/1CRN/B_cond/seqs.fa.tm.csv
100%|██████████| 1/1 [00:01<00:00,  1.49s/it]100%|██████████| 1/1 [00:01<00:00,  1.49s/it]
Predicted melting temperature: [67.57537078857422]
  0%|          | 0/1 [00:00<?, ?it/s]100%|██████████| 1/1 [00:01<00:00,  1.33s/it]100%|██████████| 1/1 [00:01<00:00,  1.33s/it]
Predicted melting temperature: [57.40911102294922]
  seed_123 arm=cond scenario=B pH=4.0 targ   Tm=65.28  replicas=[65.3, 73.1, 57.4]
100%|██████████| 1/1 [00:01<00:00,  1.18s/it]100%|██████████| 1/1 [00:01<00:00,  1.18s/it]  0%|          | 0/1 [00:00<?, ?it/s]
Predicted melting temperature: [73.03187561035156]
  0%|          | 0/1 [00:00<?, ?it/s]100%|██████████| 1/1 [00:01<00:00,  1.08s/it]100%|██████████| 1/1 [00:01<00:00,  1.08s/it]
Predicted melting temperature: [58.134315490722656]
  0%|          | 0/1 [00:00<?, ?it/s]100%|██████████| 1/1 [00:00<00:00,  1.03it/s]100%|██████████| 1/1 [00:00<00:00,  1.03it/s]
Predicted melting temperature: [68.24878692626953]
  0%|          | 0/1 [00:00<?, ?it/s]100%|██████████| 1/1 [00:00<00:00,  1.12it/s]100%|██████████| 1/1 [00:00<00:00,  1.11it/s]
Predicted melting temperature: [63.185142517089844]
  seed_129 arm=base scenario=B pH=4.0 targ   Tm=62.43  replicas=[65.9, 58.3, 63.2]
  0%|          | 0/1 [00:00<?, ?it/s]100%|██████████| 1/1 [00:00<00:00,  1.39it/s]100%|██████████| 1/1 [00:00<00:00,  1.39it/s]
100%|██████████| 1/1 [00:01<00:00,  1.06s/it]100%|██████████| 1/1 [00:01<00:00,  1.06s/it]
Predicted melting temperature: [68.47328186035156]
Predicted melting temperature: [56.533321380615234]
  0%|          | 0/1 [00:00<?, ?it/s]  0%|          | 0/1 [00:00<?, ?it/s]100%|██████████| 1/1 [00:01<00:00,  1.16s/it]100%|██████████| 1/1 [00:01<00:00,  1.16s/it]
100%|██████████| 1/1 [00:01<00:00,  1.15s/it]100%|██████████| 1/1 [00:01<00:00,  1.15s/it]Predicted melting temperature: [69.24683380126953]

  0%|          | 0/1 [00:00<?, ?it/s]Predicted melting temperature: [62.29609680175781]
  0%|          | 0/1 [00:00<?, ?it/s]100%|██████████| 1/1 [00:01<00:00,  1.09s/it]100%|██████████| 1/1 [00:01<00:00,  1.09s/it]
Predicted melting temperature: [54.4112434387207]
  0%|          | 0/1 [00:00<?, ?it/s]100%|██████████| 1/1 [00:01<00:00,  1.10s/it]100%|██████████| 1/1 [00:01<00:00,  1.10s/it]
Predicted melting temperature: [59.46539306640625]
  0%|          | 0/1 [00:00<?, ?it/s]100%|██████████| 1/1 [00:01<00:00,  1.34s/it]100%|██████████| 1/1 [00:01<00:00,  1.34s/it]
Predicted melting temperature: [66.82329559326172]
  seed_123 arm=base scenario=A pH=7.4 targ   Tm=70.68  replicas=[69.0, 76.3, 66.8]
  0%|          | 0/1 [00:00<?, ?it/s]100%|██████████| 1/1 [00:01<00:00,  1.05s/it]100%|██████████| 1/1 [00:01<00:00,  1.05s/it]
Predicted melting temperature: [78.57997131347656]
  0%|          | 0/1 [00:00<?, ?it/s]100%|██████████| 1/1 [00:00<00:00,  1.51it/s]100%|██████████| 1/1 [00:00<00:00,  1.51it/s]
Predicted melting temperature: [59.99039840698242]
  seed_129 arm=base scenario=B pH=4.0 targ   Tm=64.94  replicas=[66.3, 68.5, 60.0]
  0%|          | 0/1 [00:00<?, ?it/s]100%|██████████| 1/1 [00:01<00:00,  1.27s/it]100%|██████████| 1/1 [00:01<00:00,  1.09s/it]100%|██████████| 1/1 [00:01<00:00,  1.27s/it]100%|██████████| 1/1 [00:01<00:00,  1.09s/it]

Predicted melting temperature: [45.98663330078125]
  seed_124 arm=cond scenario=A pH=7.4 targ   Tm=59.24  replicas=[60.5, 71.3, 46.0]
Predicted melting temperature: [57.68084716796875]
  seed_125 arm=base scenario=B pH=4.0 targ   Tm=61.56  replicas=[54.0, 73.0, 57.7]
  0%|          | 0/1 [00:00<?, ?it/s]  0%|          | 0/1 [00:00<?, ?it/s]100%|██████████| 1/1 [00:00<00:00,  1.36it/s]100%|██████████| 1/1 [00:00<00:00,  1.34it/s]
Predicted melting temperature: [73.55506896972656]
  0%|          | 0/1 [00:00<?, ?it/s]100%|██████████| 1/1 [00:00<00:00,  1.10it/s]100%|██████████| 1/1 [00:00<00:00,  1.10it/s]
Predicted melting temperature: [79.65386199951172]
  0%|          | 0/1 [00:00<?, ?it/s]100%|██████████| 1/1 [00:01<00:00,  1.13s/it]100%|██████████| 1/1 [00:01<00:00,  1.13s/it]
Predicted melting temperature: [59.557701110839844]
  seed_126 arm=cond scenario=A pH=7.4 targ   Tm=56.59  replicas=[52.1, 58.1, 59.6]
  0%|          | 0/1 [00:00<?, ?it/s]100%|██████████| 1/1 [00:01<00:00,  1.14s/it]100%|██████████| 1/1 [00:01<00:00,  1.14s/it]
Predicted melting temperature: [70.80810546875]
  0%|          | 0/1 [00:00<?, ?it/s]100%|██████████| 1/1 [00:01<00:00,  1.44s/it]100%|██████████| 1/1 [00:01<00:00,  1.45s/it]
Predicted melting temperature: [63.90205001831055]
  0%|          | 0/1 [00:00<?, ?it/s]100%|██████████| 1/1 [00:01<00:00,  1.56s/it]100%|██████████| 1/1 [00:01<00:00,  1.56s/it]
Predicted melting temperature: [75.89225769042969]
  0%|          | 0/1 [00:00<?, ?it/s]100%|██████████| 1/1 [00:01<00:00,  1.06s/it]100%|██████████| 1/1 [00:01<00:00,  1.06s/it]
Predicted melting temperature: [49.59159469604492]
  seed_126 arm=cond scenario=B pH=4.0 targ   Tm=57.27  replicas=[53.0, 69.2, 49.6]
  0%|          | 0/1 [00:00<?, ?it/s]100%|██████████| 1/1 [00:01<00:00,  1.09s/it]100%|██████████| 1/1 [00:01<00:00,  1.09s/it]
100%|██████████| 1/1 [00:00<00:00,  1.22it/s]Predicted melting temperature: [52.00174331665039]
  0%|          | 0/1 [00:00<?, ?it/s]100%|██████████| 1/1 [00:00<00:00,  1.21it/s]
100%|██████████| 1/1 [00:01<00:00,  1.15s/it]100%|██████████| 1/1 [00:01<00:00,  1.16s/it]
Predicted melting temperature: [60.344181060791016]
  seed_127 arm=base scenario=A pH=7.4 targ   Tm=61.55  replicas=[62.0, 62.3, 60.3]
Predicted melting temperature: [58.13847732543945]
  0%|          | 0/1 [00:00<?, ?it/s]  0%|          | 0/1 [00:00<?, ?it/s]100%|██████████| 1/1 [00:00<00:00,  1.31it/s]100%|██████████| 1/1 [00:00<00:00,  1.31it/s]
Predicted melting temperature: [67.98296356201172]
  0%|          | 0/1 [00:00<?, ?it/s]100%|██████████| 1/1 [00:00<00:00,  1.39it/s]100%|██████████| 1/1 [00:00<00:00,  1.39it/s]
Predicted melting temperature: [63.86446762084961]
  seed_127 arm=base scenario=A pH=7.4 targ   Tm=64.65  replicas=[56.5, 73.6, 63.9]
100%|██████████| 1/1 [00:00<00:00,  1.06it/s]100%|██████████| 1/1 [00:00<00:00,  1.06it/s]
Predicted melting temperature: [68.63382720947266]
  seed_127 arm=base scenario=A pH=7.4 targ   Tm=76.43  replicas=[82.1, 78.6, 68.6]
  0%|          | 0/1 [00:00<?, ?it/s]100%|██████████| 1/1 [00:00<00:00,  1.43it/s]100%|██████████| 1/1 [00:00<00:00,  1.43it/s]
  0%|          | 0/1 [00:00<?, ?it/s]Predicted melting temperature: [70.09516143798828]
  0%|          | 0/1 [00:00<?, ?it/s]100%|██████████| 1/1 [00:00<00:00,  1.03it/s]100%|██████████| 1/1 [00:00<00:00,  1.03it/s]
Predicted melting temperature: [53.23394775390625]
  0%|          | 0/1 [00:00<?, ?it/s]100%|██████████| 1/1 [00:01<00:00,  1.32s/it]100%|██████████| 1/1 [00:01<00:00,  1.32s/it]
Predicted melting temperature: [75.09503936767578]
  0%|          | 0/1 [00:00<?, ?it/s]100%|██████████| 1/1 [00:00<00:00,  1.82it/s]100%|██████████| 1/1 [00:00<00:00,  1.78it/s]
Predicted melting temperature: [54.714378356933594]
  seed_130 arm=cond scenario=A pH=7.4 targ   Tm=57.44  replicas=[59.5, 58.1, 54.7]
  [code/output/phase3_antidrift_n20/1UBQ/A_cond/seqs.fa] 已写 code/output/phase3_antidrift_n20/1UBQ/A_cond/seqs.fa.tm.csv
100%|██████████| 1/1 [00:00<00:00,  1.02it/s]100%|██████████| 1/1 [00:00<00:00,  1.01it/s]
Predicted melting temperature: [77.32102966308594]
  0%|          | 0/1 [00:00<?, ?it/s]100%|██████████| 1/1 [00:01<00:00,  1.20s/it]100%|██████████| 1/1 [00:01<00:00,  1.20s/it]
Predicted melting temperature: [78.97560119628906]
  0%|          | 0/1 [00:00<?, ?it/s]100%|██████████| 1/1 [00:00<00:00,  1.08it/s]100%|██████████| 1/1 [00:00<00:00,  1.08it/s]
Predicted melting temperature: [63.53788757324219]
  seed_128 arm=cond scenario=B pH=4.0 targ   Tm=67.53  replicas=[68.2, 70.8, 63.5]
  0%|          | 0/1 [00:00<?, ?it/s]100%|██████████| 1/1 [00:00<00:00,  1.10it/s]100%|██████████| 1/1 [00:00<00:00,  1.10it/s]100%|██████████| 1/1 [00:00<00:00,  1.60it/s]
Predicted melting temperature: [64.82652282714844]
  seed_126 arm=cond scenario=A pH=7.4 targ   Tm=57.08  replicas=[54.4, 52.0, 64.8]
100%|██████████| 1/1 [00:00<00:00,  1.59it/s]
Predicted melting temperature: [66.2213363647461]
  seed_130 arm=base scenario=B pH=4.0 targ   Tm=71.99  replicas=[79.7, 70.1, 66.2]
  0%|          | 0/1 [00:00<?, ?it/s]  [code/output/phase3_antidrift_n20/1CRN/B_base/seqs.fa] 已写 code/output/phase3_antidrift_n20/1CRN/B_base/seqs.fa.tm.csv
100%|██████████| 1/1 [00:00<00:00,  1.44it/s]100%|██████████| 1/1 [00:00<00:00,  1.44it/s]
Predicted melting temperature: [53.086143493652344]
  0%|          | 0/1 [00:00<?, ?it/s]100%|██████████| 1/1 [00:01<00:00,  1.00s/it]100%|██████████| 1/1 [00:01<00:00,  1.00s/it]
Predicted melting temperature: [62.94612503051758]
  0%|          | 0/1 [00:00<?, ?it/s]100%|██████████| 1/1 [00:00<00:00,  1.13it/s]100%|██████████| 1/1 [00:00<00:00,  1.13it/s]
Predicted melting temperature: [71.08644104003906]
  0%|          | 0/1 [00:00<?, ?it/s]100%|██████████| 1/1 [00:01<00:00,  1.21s/it]100%|██████████| 1/1 [00:01<00:00,  1.21s/it]
Predicted melting temperature: [55.09333801269531]
  0%|          | 0/1 [00:00<?, ?it/s]100%|██████████| 1/1 [00:01<00:00,  1.44s/it]100%|██████████| 1/1 [00:01<00:00,  1.44s/it]100%|██████████| 1/1 [00:00<00:00,  1.04it/s]
100%|██████████| 1/1 [00:00<00:00,  1.04it/s]
Predicted melting temperature: [67.4994888305664]
  0%|          | 0/1 [00:00<?, ?it/s]Predicted melting temperature: [72.86839294433594]
  0%|          | 0/1 [00:00<?, ?it/s]100%|██████████| 1/1 [00:01<00:00,  1.43s/it]100%|██████████| 1/1 [00:01<00:00,  1.63s/it]
Predicted melting temperature: [66.94019317626953]
  seed_122 arm=base scenario=B pH=4.0 targ   Tm=70.14  replicas=[67.6, 75.9, 66.9]
  0%|          | 0/1 [00:00<?, ?it/s]100%|██████████| 1/1 [00:01<00:00,  1.14s/it]100%|██████████| 1/1 [00:01<00:00,  1.15s/it]
Predicted melting temperature: [73.48147583007812]
  0%|          | 0/1 [00:00<?, ?it/s]100%|██████████| 1/1 [00:00<00:00,  1.01it/s]100%|██████████| 1/1 [00:00<00:00,  1.01it/s]
Predicted melting temperature: [77.68905639648438]
  0%|          | 0/1 [00:00<?, ?it/s]100%|██████████| 1/1 [00:01<00:00,  1.02s/it]100%|██████████| 1/1 [00:01<00:00,  1.02s/it]
Predicted melting temperature: [62.89319610595703]
  0%|          | 0/1 [00:00<?, ?it/s]100%|██████████| 1/1 [00:00<00:00,  1.04it/s]100%|██████████| 1/1 [00:00<00:00,  1.04it/s]
100%|██████████| 1/1 [00:01<00:00,  1.01s/it]100%|██████████| 1/1 [00:01<00:00,  1.02s/it]Predicted melting temperature: [71.93641662597656]

  0%|          | 0/1 [00:00<?, ?it/s]100%|██████████| 1/1 [00:01<00:00,  1.39s/it]100%|██████████| 1/1 [00:01<00:00,  1.40s/it]Predicted melting temperature: [54.5057487487793]

  0%|          | 0/1 [00:00<?, ?it/s]Predicted melting temperature: [78.53733825683594]
  0%|          | 0/1 [00:00<?, ?it/s]100%|██████████| 1/1 [00:00<00:00,  1.10it/s]100%|██████████| 1/1 [00:00<00:00,  1.10it/s]
Predicted melting temperature: [65.41106414794922]
  seed_130 arm=base scenario=B pH=4.0 targ   Tm=68.16  replicas=[68.0, 71.1, 65.4]
100%|██████████| 1/1 [00:01<00:00,  1.35s/it]  [code/output/phase3_antidrift_n20/1UBQ/B_base/seqs.fa] 已写 code/output/phase3_antidrift_n20/1UBQ/B_base/seqs.fa.tm.csv
100%|██████████| 1/1 [00:01<00:00,  1.35s/it]
Predicted melting temperature: [77.98338317871094]
  0%|          | 0/1 [00:00<?, ?it/s]100%|██████████| 1/1 [00:01<00:00,  1.04s/it]100%|██████████| 1/1 [00:01<00:00,  1.04s/it]
100%|██████████| 1/1 [00:01<00:00,  1.00s/it]100%|██████████| 1/1 [00:01<00:00,  1.00s/it]100%|██████████| 1/1 [00:00<00:00,  1.14it/s]
Predicted melting temperature: [71.92683410644531]
  0%|          | 0/1 [00:00<?, ?it/s]100%|██████████| 1/1 [00:00<00:00,  1.13it/s]Predicted melting temperature: [72.82801818847656]

  0%|          | 0/1 [00:00<?, ?it/s]Predicted melting temperature: [71.97705078125]
  0%|          | 0/1 [00:00<?, ?it/s]100%|██████████| 1/1 [00:01<00:00,  1.13s/it]100%|██████████| 1/1 [00:01<00:00,  1.13s/it]
Predicted melting temperature: [49.076637268066406]
  seed_124 arm=cond scenario=B pH=4.0 targ   Tm=61.95  replicas=[63.9, 72.9, 49.1]
  0%|          | 0/1 [00:00<?, ?it/s]100%|██████████| 1/1 [00:01<00:00,  1.04s/it]100%|██████████| 1/1 [00:01<00:00,  1.04s/it]
Predicted melting temperature: [68.67802429199219]
  seed_126 arm=base scenario=B pH=4.0 targ   Tm=65.13  replicas=[53.2, 73.5, 68.7]
  0%|          | 0/1 [00:00<?, ?it/s]100%|██████████| 1/1 [00:00<00:00,  1.06it/s]100%|██████████| 1/1 [00:00<00:00,  1.06it/s]
Predicted melting temperature: [58.75737380981445]
  0%|          | 0/1 [00:00<?, ?it/s]100%|██████████| 1/1 [00:01<00:00,  1.14s/it]100%|██████████| 1/1 [00:01<00:00,  1.14s/it]
Predicted melting temperature: [77.18433380126953]
  seed_127 arm=cond scenario=A pH=7.4 targ   Tm=77.40  replicas=[77.3, 77.7, 77.2]
  0%|          | 0/1 [00:00<?, ?it/s]100%|██████████| 1/1 [00:00<00:00,  1.08it/s]100%|██████████| 1/1 [00:00<00:00,  1.08it/s]
Predicted melting temperature: [58.383880615234375]
  seed_128 arm=base scenario=A pH=7.4 targ   Tm=61.14  replicas=[53.1, 71.9, 58.4]
  0%|          | 0/1 [00:00<?, ?it/s]100%|██████████| 1/1 [00:01<00:00,  1.02s/it]100%|██████████| 1/1 [00:01<00:00,  1.02s/it]
Predicted melting temperature: [54.70378875732422]
100%|██████████| 1/1 [00:01<00:00,  1.50s/it]  0%|          | 0/1 [00:00<?, ?it/s]100%|██████████| 1/1 [00:01<00:00,  1.50s/it]
100%|██████████| 1/1 [00:00<00:00,  1.16it/s]100%|██████████| 1/1 [00:00<00:00,  1.16it/s]
Predicted melting temperature: [66.29475402832031]
  seed_128 arm=base scenario=A pH=7.4 targ   Tm=68.59  replicas=[67.5, 72.0, 66.3]
Predicted melting temperature: [68.96046447753906]
  0%|          | 0/1 [00:00<?, ?it/s]  0%|          | 0/1 [00:00<?, ?it/s]100%|██████████| 1/1 [00:01<00:00,  1.10s/it]100%|██████████| 1/1 [00:01<00:00,  1.10s/it]
Predicted melting temperature: [67.3335952758789]
  seed_125 arm=cond scenario=A pH=7.4 targ   Tm=74.76  replicas=[79.0, 78.0, 67.3]
  0%|          | 0/1 [00:00<?, ?it/s]100%|██████████| 1/1 [00:01<00:00,  1.15s/it]100%|██████████| 1/1 [00:01<00:00,  1.16s/it]
Predicted melting temperature: [62.83662796020508]
  seed_127 arm=cond scenario=B pH=4.0 targ   Tm=63.59  replicas=[55.1, 72.8, 62.8]
100%|██████████| 1/1 [00:01<00:00,  1.18s/it]100%|██████████| 1/1 [00:01<00:00,  1.18s/it]  0%|          | 0/1 [00:00<?, ?it/s]
Predicted melting temperature: [59.66330337524414]
  seed_128 arm=base scenario=A pH=7.4 targ   Tm=64.85  replicas=[62.9, 71.9, 59.7]
100%|██████████| 1/1 [00:01<00:00,  1.34s/it]100%|██████████| 1/1 [00:01<00:00,  1.35s/it]
  0%|          | 0/1 [00:00<?, ?it/s]Predicted melting temperature: [74.93930053710938]
  seed_124 arm=base scenario=A pH=7.4 targ   Tm=76.19  replicas=[75.1, 78.5, 74.9]
  0%|          | 0/1 [00:00<?, ?it/s]100%|██████████| 1/1 [00:01<00:00,  1.07s/it]100%|██████████| 1/1 [00:01<00:00,  1.07s/it]
Predicted melting temperature: [71.45903015136719]
  0%|          | 0/1 [00:00<?, ?it/s]100%|██████████| 1/1 [00:00<00:00,  1.23it/s]100%|██████████| 1/1 [00:00<00:00,  1.23it/s]
Predicted melting temperature: [58.77393341064453]
  seed_129 arm=cond scenario=B pH=4.0 targ   Tm=60.14  replicas=[62.9, 58.8, 58.8]
  0%|          | 0/1 [00:00<?, ?it/s]100%|██████████| 1/1 [00:01<00:00,  1.07s/it]100%|██████████| 1/1 [00:01<00:00,  1.07s/it]
Predicted melting temperature: [56.533321380615234]
  0%|          | 0/1 [00:00<?, ?it/s]100%|██████████| 1/1 [00:00<00:00,  1.03it/s]100%|██████████| 1/1 [00:00<00:00,  1.03it/s]
Predicted melting temperature: [72.32591247558594]
  0%|          | 0/1 [00:00<?, ?it/s]100%|██████████| 1/1 [00:01<00:00,  1.14s/it]100%|██████████| 1/1 [00:01<00:00,  1.14s/it]
100%|██████████| 1/1 [00:01<00:00,  1.00s/it]100%|██████████| 1/1 [00:01<00:00,  1.01s/it]Predicted melting temperature: [54.95037841796875]

  0%|          | 0/1 [00:00<?, ?it/s]100%|██████████| 1/1 [00:01<00:00,  1.06s/it]100%|██████████| 1/1 [00:01<00:00,  1.06s/it]Predicted melting temperature: [66.3483657836914]

Predicted melting temperature: [62.19963455200195]
  seed_127 arm=cond scenario=A pH=7.4 targ   Tm=57.14  replicas=[54.5, 54.7, 62.2]
  0%|          | 0/1 [00:00<?, ?it/s]  0%|          | 0/1 [00:00<?, ?it/s]100%|██████████| 1/1 [00:01<00:00,  1.13s/it]100%|██████████| 1/1 [00:01<00:00,  1.13s/it]100%|██████████| 1/1 [00:01<00:00,  1.44s/it]
100%|██████████| 1/1 [00:01<00:00,  1.44s/it]
Predicted melting temperature: [56.13134765625]
  0%|          | 0/1 [00:00<?, ?it/s]Predicted melting temperature: [76.26213073730469]
  0%|          | 0/1 [00:00<?, ?it/s]100%|██████████| 1/1 [00:00<00:00,  1.41it/s]100%|██████████| 1/1 [00:00<00:00,  1.40it/s]100%|██████████| 1/1 [00:01<00:00,  1.36s/it]
100%|██████████| 1/1 [00:01<00:00,  1.36s/it]
Predicted melting temperature: [74.42256164550781]
  0%|          | 0/1 [00:00<?, ?it/s]Predicted melting temperature: [80.69573211669922]
  0%|          | 0/1 [00:00<?, ?it/s]100%|██████████| 1/1 [00:01<00:00,  1.23s/it]100%|██████████| 1/1 [00:01<00:00,  1.23s/it]
100%|██████████| 1/1 [00:01<00:00,  1.03s/it]100%|██████████| 1/1 [00:01<00:00,  1.03s/it]
Predicted melting temperature: [65.85954284667969]
Predicted melting temperature: [63.76439666748047]
  0%|          | 0/1 [00:00<?, ?it/s]  0%|          | 0/1 [00:00<?, ?it/s]100%|██████████| 1/1 [00:01<00:00,  1.34s/it]100%|██████████| 1/1 [00:01<00:00,  1.34s/it]
Predicted melting temperature: [69.95426940917969]
100%|██████████| 1/1 [00:01<00:00,  1.30s/it]100%|██████████| 1/1 [00:01<00:00,  1.13s/it]100%|██████████| 1/1 [00:00<00:00,  1.14it/s]  0%|          | 0/1 [00:00<?, ?it/s]100%|██████████| 1/1 [00:01<00:00,  1.44s/it]100%|██████████| 1/1 [00:00<00:00,  1.12it/s]
100%|██████████| 1/1 [00:01<00:00,  1.20s/it]

Predicted melting temperature: [73.55506896972656]
  0%|          | 0/1 [00:00<?, ?it/s]Predicted melting temperature: [78.18086242675781]
  0%|          | 0/1 [00:00<?, ?it/s]Predicted melting temperature: [71.93611145019531]
  0%|          | 0/1 [00:00<?, ?it/s]100%|██████████| 1/1 [00:00<00:00,  1.03it/s]100%|██████████| 1/1 [00:00<00:00,  1.03it/s]
Predicted melting temperature: [49.98727798461914]
  0%|          | 0/1 [00:00<?, ?it/s]100%|██████████| 1/1 [00:01<00:00,  1.08s/it]100%|██████████| 1/1 [00:01<00:00,  1.09s/it]
Predicted melting temperature: [68.47328186035156]
  0%|          | 0/1 [00:00<?, ?it/s]100%|██████████| 1/1 [00:00<00:00,  1.63it/s]100%|██████████| 1/1 [00:00<00:00,  1.63it/s]
Predicted melting temperature: [71.88052368164062]
  0%|          | 0/1 [00:00<?, ?it/s]100%|██████████| 1/1 [00:00<00:00,  1.17it/s]100%|██████████| 1/1 [00:00<00:00,  1.17it/s]
Predicted melting temperature: [55.87246322631836]
  seed_128 arm=cond scenario=A pH=7.4 targ   Tm=67.54  replicas=[72.3, 74.4, 55.9]
  0%|          | 0/1 [00:00<?, ?it/s]100%|██████████| 1/1 [00:01<00:00,  1.18s/it]100%|██████████| 1/1 [00:01<00:00,  1.18s/it]
Predicted melting temperature: [71.52037048339844]
  0%|          | 0/1 [00:00<?, ?it/s]100%|██████████| 1/1 [00:01<00:00,  1.27s/it]100%|██████████| 1/1 [00:01<00:00,  1.27s/it]
Predicted melting temperature: [76.9962387084961]
  0%|          | 0/1 [00:00<?, ?it/s]100%|██████████| 1/1 [00:00<00:00,  1.70it/s]100%|██████████| 1/1 [00:00<00:00,  1.70it/s]
Predicted melting temperature: [60.431095123291016]
  seed_130 arm=cond scenario=B pH=4.0 targ   Tm=65.36  replicas=[63.8, 71.9, 60.4]
  [code/output/phase3_antidrift_n20/1UBQ/B_cond/seqs.fa] 已写 code/output/phase3_antidrift_n20/1UBQ/B_cond/seqs.fa.tm.csv
100%|██████████| 1/1 [00:00<00:00,  1.07it/s]100%|██████████| 1/1 [00:00<00:00,  1.07it/s]
Predicted melting temperature: [59.99039840698242]
  seed_129 arm=base scenario=A pH=7.4 targ   Tm=64.94  replicas=[66.3, 68.5, 60.0]
  0%|          | 0/1 [00:00<?, ?it/s]100%|██████████| 1/1 [00:01<00:00,  1.20s/it]100%|██████████| 1/1 [00:01<00:00,  1.20s/it]
Predicted melting temperature: [57.560630798339844]
  seed_129 arm=base scenario=A pH=7.4 targ   Tm=61.48  replicas=[55.0, 71.9, 57.6]
100%|██████████| 1/1 [00:01<00:00,  1.13s/it]  0%|          | 0/1 [00:00<?, ?it/s]100%|██████████| 1/1 [00:01<00:00,  1.14s/it]
Predicted melting temperature: [53.32007598876953]
  0%|          | 0/1 [00:00<?, ?it/s]100%|██████████| 1/1 [00:01<00:00,  1.30s/it]100%|██████████| 1/1 [00:01<00:00,  1.31s/it]
100%|██████████| 1/1 [00:01<00:00,  1.62s/it]Predicted melting temperature: [76.77557373046875]
  0%|          | 0/1 [00:00<?, ?it/s]100%|██████████| 1/1 [00:01<00:00,  1.63s/it]100%|██████████| 1/1 [00:00<00:00,  1.18it/s]
100%|██████████| 1/1 [00:00<00:00,  1.18it/s]
Predicted melting temperature: [58.2515983581543]
  0%|          | 0/1 [00:00<?, ?it/s]Predicted melting temperature: [56.40427780151367]
  0%|          | 0/1 [00:00<?, ?it/s]100%|██████████| 1/1 [00:01<00:00,  1.34s/it]100%|██████████| 1/1 [00:01<00:00,  1.34s/it]
Predicted melting temperature: [63.86446762084961]
  seed_127 arm=base scenario=B pH=4.0 targ   Tm=64.65  replicas=[56.5, 73.6, 63.9]
100%|██████████| 1/1 [00:01<00:00,  1.84s/it]100%|██████████| 1/1 [00:01<00:00,  1.84s/it]
Predicted melting temperature: [66.82329559326172]
  seed_123 arm=base scenario=B pH=4.0 targ   Tm=70.68  replicas=[69.0, 76.3, 66.8]
  0%|          | 0/1 [00:00<?, ?it/s]  0%|          | 0/1 [00:00<?, ?it/s]100%|██████████| 1/1 [00:01<00:00,  1.52s/it]100%|██████████| 1/1 [00:01<00:00,  1.52s/it]
Predicted melting temperature: [65.7184066772461]
  seed_125 arm=cond scenario=B pH=4.0 targ   Tm=71.79  replicas=[71.5, 78.2, 65.7]
  0%|          | 0/1 [00:00<?, ?it/s]100%|██████████| 1/1 [00:01<00:00,  1.06s/it]100%|██████████| 1/1 [00:01<00:00,  1.06s/it]
Predicted melting temperature: [56.78709411621094]
  seed_128 arm=cond scenario=B pH=4.0 targ   Tm=61.48  replicas=[56.1, 71.5, 56.8]
  0%|          | 0/1 [00:00<?, ?it/s]100%|██████████| 1/1 [00:01<00:00,  1.25s/it]100%|██████████| 1/1 [00:01<00:00,  1.25s/it]100%|██████████| 1/1 [00:01<00:00,  1.02s/it]100%|██████████| 1/1 [00:00<00:00,  1.07it/s]
100%|██████████| 1/1 [00:00<00:00,  1.08it/s]Predicted melting temperature: [62.804256439208984]
  seed_126 arm=cond scenario=A pH=7.4 targ   Tm=73.50  replicas=[80.7, 77.0, 62.8]
100%|██████████| 1/1 [00:01<00:00,  1.18s/it]100%|██████████| 1/1 [00:01<00:00,  1.01s/it]
100%|██████████| 1/1 [00:01<00:00,  1.06s/it]
  0%|          | 0/1 [00:00<?, ?it/s]
Predicted melting temperature: [56.15983581542969]
  seed_128 arm=cond scenario=A pH=7.4 targ   Tm=53.16  replicas=[50.0, 53.3, 56.2]
Predicted melting temperature: [71.44261169433594]
Predicted melting temperature: [67.98296356201172]
  0%|          | 0/1 [00:00<?, ?it/s]  0%|          | 0/1 [00:00<?, ?it/s]100%|██████████| 1/1 [00:01<00:00,  1.01s/it]100%|██████████| 1/1 [00:01<00:00,  1.02s/it]  0%|          | 0/1 [00:00<?, ?it/s]
Predicted melting temperature: [53.086143493652344]
100%|██████████| 1/1 [00:01<00:00,  1.13s/it]100%|██████████| 1/1 [00:01<00:00,  1.14s/it]
  0%|          | 0/1 [00:00<?, ?it/s]Predicted melting temperature: [53.94474792480469]
  0%|          | 0/1 [00:00<?, ?it/s]100%|██████████| 1/1 [00:01<00:00,  1.15s/it]100%|██████████| 1/1 [00:01<00:00,  1.15s/it]
Predicted melting temperature: [64.10698699951172]
  0%|          | 0/1 [00:00<?, ?it/s]100%|██████████| 1/1 [00:01<00:00,  1.37s/it]100%|██████████| 1/1 [00:01<00:00,  1.37s/it]
Predicted melting temperature: [75.09503936767578]
  0%|          | 0/1 [00:00<?, ?it/s]100%|██████████| 1/1 [00:01<00:00,  1.43s/it]100%|██████████| 1/1 [00:01<00:00,  1.44s/it]
Predicted melting temperature: [63.185142517089844]
  seed_129 arm=base scenario=A pH=7.4 targ   Tm=62.43  replicas=[65.9, 58.3, 63.2]
  0%|          | 0/1 [00:00<?, ?it/s]100%|██████████| 1/1 [00:01<00:00,  1.50s/it]100%|██████████| 1/1 [00:01<00:00,  1.50s/it]
Predicted melting temperature: [64.18460083007812]
  seed_125 arm=base scenario=A pH=7.4 targ   Tm=70.30  replicas=[70.0, 76.8, 64.2]
  0%|          | 0/1 [00:00<?, ?it/s]100%|██████████| 1/1 [00:01<00:00,  1.06s/it]100%|██████████| 1/1 [00:01<00:00,  1.06s/it]
Predicted melting temperature: [62.124534606933594]
  0%|          | 0/1 [00:00<?, ?it/s]100%|██████████| 1/1 [00:00<00:00,  1.01it/s]100%|██████████| 1/1 [00:00<00:00,  1.01it/s]
Predicted melting temperature: [73.9781723022461]
  seed_129 arm=cond scenario=A pH=7.4 targ   Tm=67.28  replicas=[56.4, 71.4, 74.0]
100%|██████████| 1/1 [00:01<00:00,  1.01s/it]100%|██████████| 1/1 [00:01<00:00,  1.02s/it]  0%|          | 0/1 [00:00<?, ?it/s]
Predicted melting temperature: [71.08644104003906]
  0%|          | 0/1 [00:00<?, ?it/s]100%|██████████| 1/1 [00:01<00:00,  1.06s/it]100%|██████████| 1/1 [00:01<00:00,  1.06s/it]100%|██████████| 1/1 [00:01<00:00,  1.03s/it]
100%|██████████| 1/1 [00:01<00:00,  1.03s/it]
Predicted melting temperature: [46.97855758666992]
  0%|          | 0/1 [00:00<?, ?it/s]Predicted melting temperature: [71.40612030029297]
  0%|          | 0/1 [00:00<?, ?it/s]100%|██████████| 1/1 [00:01<00:00,  1.23s/it]100%|██████████| 1/1 [00:01<00:00,  1.23s/it]
100%|██████████| 1/1 [00:01<00:00,  1.30s/it]100%|██████████| 1/1 [00:01<00:00,  1.31s/it]
Predicted melting temperature: [71.93641662597656]
Predicted melting temperature: [79.35789489746094]
  0%|          | 0/1 [00:00<?, ?it/s]  0%|          | 0/1 [00:00<?, ?it/s]100%|██████████| 1/1 [00:01<00:00,  1.15s/it]100%|██████████| 1/1 [00:01<00:00,  1.15s/it]
Predicted melting temperature: [71.96907043457031]
  0%|          | 0/1 [00:00<?, ?it/s]100%|██████████| 1/1 [00:01<00:00,  1.23s/it]100%|██████████| 1/1 [00:01<00:00,  1.23s/it]
100%|██████████| 1/1 [00:01<00:00,  1.31s/it]100%|██████████| 1/1 [00:01<00:00,  1.33s/it]
Predicted melting temperature: [69.97964477539062]
  0%|          | 0/1 [00:00<?, ?it/s]Predicted melting temperature: [79.65386199951172]
  0%|          | 0/1 [00:00<?, ?it/s]100%|██████████| 1/1 [00:01<00:00,  1.38s/it]100%|██████████| 1/1 [00:01<00:00,  1.39s/it]
Predicted melting temperature: [78.53733825683594]
  0%|          | 0/1 [00:00<?, ?it/s]100%|██████████| 1/1 [00:01<00:00,  1.44s/it]100%|██████████| 1/1 [00:01<00:00,  1.44s/it]
Predicted melting temperature: [68.37883758544922]
  0%|          | 0/1 [00:00<?, ?it/s]100%|██████████| 1/1 [00:00<00:00,  1.11it/s]100%|██████████| 1/1 [00:00<00:00,  1.11it/s]
Predicted melting temperature: [52.8289794921875]
  0%|          | 0/1 [00:00<?, ?it/s]100%|██████████| 1/1 [00:01<00:00,  1.02s/it]100%|██████████| 1/1 [00:01<00:00,  1.02s/it]
100%|██████████| 1/1 [00:01<00:00,  1.00s/it]Predicted melting temperature: [68.830322265625]
100%|██████████| 1/1 [00:01<00:00,  1.01s/it]
Predicted melting temperature: [65.41106414794922]
  seed_130 arm=base scenario=A pH=7.4 targ   Tm=68.16  replicas=[68.0, 71.1, 65.4]
  0%|          | 0/1 [00:00<?, ?it/s]  [code/output/phase3_antidrift_n20/1UBQ/A_base/seqs.fa] 已写 code/output/phase3_antidrift_n20/1UBQ/A_base/seqs.fa.tm.csv
100%|██████████| 1/1 [00:01<00:00,  1.02s/it]100%|██████████| 1/1 [00:01<00:00,  1.03s/it]
Predicted melting temperature: [55.709266662597656]
  seed_130 arm=base scenario=A pH=7.4 targ   Tm=60.35  replicas=[53.9, 71.4, 55.7]
  [code/output/phase3_antidrift_n20/1BC8/A_base/seqs.fa] 已写 code/output/phase3_antidrift_n20/1BC8/A_base/seqs.fa.tm.csv
100%|██████████| 1/1 [00:01<00:00,  1.06s/it]100%|██████████| 1/1 [00:01<00:00,  1.06s/it]
Predicted melting temperature: [58.383880615234375]
  seed_128 arm=base scenario=B pH=4.0 targ   Tm=61.14  replicas=[53.1, 71.9, 58.4]
  0%|          | 0/1 [00:00<?, ?it/s]100%|██████████| 1/1 [00:01<00:00,  1.27s/it]100%|██████████| 1/1 [00:01<00:00,  1.27s/it]
Predicted melting temperature: [75.56660461425781]
  0%|          | 0/1 [00:00<?, ?it/s]100%|██████████| 1/1 [00:00<00:00,  1.03it/s]100%|██████████| 1/1 [00:00<00:00,  1.03it/s]
Predicted melting temperature: [68.70227813720703]
  seed_129 arm=cond scenario=B pH=4.0 targ   Tm=66.94  replicas=[62.1, 70.0, 68.7]
  0%|          | 0/1 [00:00<?, ?it/s]100%|██████████| 1/1 [00:01<00:00,  1.36s/it]100%|██████████| 1/1 [00:01<00:00,  1.36s/it]
Predicted melting temperature: [51.58776092529297]
  seed_126 arm=cond scenario=B pH=4.0 targ   Tm=62.55  replicas=[64.1, 72.0, 51.6]
  0%|          | 0/1 [00:00<?, ?it/s]100%|██████████| 1/1 [00:01<00:00,  1.15s/it]100%|██████████| 1/1 [00:01<00:00,  1.15s/it]
Predicted melting temperature: [70.09516143798828]
  0%|          | 0/1 [00:00<?, ?it/s]100%|██████████| 1/1 [00:01<00:00,  1.02s/it]100%|██████████| 1/1 [00:01<00:00,  1.03s/it]
Predicted melting temperature: [55.83470153808594]
  seed_129 arm=cond scenario=A pH=7.4 targ   Tm=51.88  replicas=[47.0, 52.8, 55.8]
  0%|          | 0/1 [00:00<?, ?it/s]100%|██████████| 1/1 [00:01<00:00,  1.28s/it]100%|██████████| 1/1 [00:01<00:00,  1.28s/it]
Predicted melting temperature: [74.93930053710938]
  seed_124 arm=base scenario=B pH=4.0 targ   Tm=76.19  replicas=[75.1, 78.5, 74.9]
  0%|          | 0/1 [00:00<?, ?it/s]100%|██████████| 1/1 [00:01<00:00,  1.19s/it]100%|██████████| 1/1 [00:01<00:00,  1.19s/it]
Predicted melting temperature: [74.95963287353516]
  0%|          | 0/1 [00:00<?, ?it/s]100%|██████████| 1/1 [00:01<00:00,  1.42s/it]100%|██████████| 1/1 [00:01<00:00,  1.42s/it]
Predicted melting temperature: [76.58601379394531]
  0%|          | 0/1 [00:00<?, ?it/s]100%|██████████| 1/1 [00:01<00:00,  1.11s/it]100%|██████████| 1/1 [00:01<00:00,  1.11s/it]
Predicted melting temperature: [54.95037841796875]
  0%|          | 0/1 [00:00<?, ?it/s]100%|██████████| 1/1 [00:00<00:00,  1.11it/s]100%|██████████| 1/1 [00:00<00:00,  1.11it/s]
Predicted melting temperature: [62.152278900146484]
  0%|          | 0/1 [00:00<?, ?it/s]100%|██████████| 1/1 [00:01<00:00,  1.23s/it]100%|██████████| 1/1 [00:01<00:00,  1.24s/it]
Predicted melting temperature: [57.94065475463867]
  0%|          | 0/1 [00:00<?, ?it/s]100%|██████████| 1/1 [00:01<00:00,  1.48s/it]100%|██████████| 1/1 [00:01<00:00,  1.48s/it]
Predicted melting temperature: [64.71394348144531]
  seed_127 arm=cond scenario=A pH=7.4 targ   Tm=73.21  replicas=[79.4, 75.6, 64.7]
  0%|          | 0/1 [00:00<?, ?it/s]100%|██████████| 1/1 [00:01<00:00,  1.15s/it]100%|██████████| 1/1 [00:01<00:00,  1.23s/it]100%|██████████| 1/1 [00:01<00:00,  1.23s/it]100%|██████████| 1/1 [00:01<00:00,  1.16s/it]

Predicted melting temperature: [66.2213363647461]
  seed_130 arm=base scenario=A pH=7.4 targ   Tm=71.99  replicas=[79.7, 70.1, 66.2]
Predicted melting temperature: [75.48224639892578]
  [code/output/phase3_antidrift_n20/1CRN/A_base/seqs.fa] 已写 code/output/phase3_antidrift_n20/1CRN/A_base/seqs.fa.tm.csv
  0%|          | 0/1 [00:00<?, ?it/s]100%|██████████| 1/1 [00:00<00:00,  1.02it/s]100%|██████████| 1/1 [00:00<00:00,  1.02it/s]
Predicted melting temperature: [64.85041046142578]
  seed_130 arm=cond scenario=A pH=7.4 targ   Tm=69.55  replicas=[68.8, 75.0, 64.9]
  [code/output/phase3_antidrift_n20/1BC8/A_cond/seqs.fa] 已写 code/output/phase3_antidrift_n20/1BC8/A_cond/seqs.fa.tm.csv
100%|██████████| 1/1 [00:01<00:00,  1.44s/it]100%|██████████| 1/1 [00:01<00:00,  1.44s/it]
Predicted melting temperature: [69.95426940917969]
  0%|          | 0/1 [00:00<?, ?it/s]100%|██████████| 1/1 [00:01<00:00,  1.36s/it]100%|██████████| 1/1 [00:01<00:00,  1.36s/it]
Predicted melting temperature: [70.89917755126953]
  seed_126 arm=base scenario=A pH=7.4 targ   Tm=71.95  replicas=[68.4, 76.6, 70.9]
  0%|          | 0/1 [00:00<?, ?it/s]100%|██████████| 1/1 [00:01<00:00,  1.27s/it]100%|██████████| 1/1 [00:01<00:00,  1.27s/it]
Predicted melting temperature: [71.93611145019531]
  0%|          | 0/1 [00:00<?, ?it/s]100%|██████████| 1/1 [00:01<00:00,  1.07s/it]100%|██████████| 1/1 [00:01<00:00,  1.07s/it]
Predicted melting temperature: [53.56583786010742]
  0%|          | 0/1 [00:00<?, ?it/s]100%|██████████| 1/1 [00:01<00:00,  1.10s/it]100%|██████████| 1/1 [00:01<00:00,  1.10s/it]
Predicted melting temperature: [64.01871490478516]
  0%|          | 0/1 [00:00<?, ?it/s]100%|██████████| 1/1 [00:01<00:00,  1.23s/it]100%|██████████| 1/1 [00:01<00:00,  1.23s/it]
Predicted melting temperature: [74.13478088378906]
  0%|          | 0/1 [00:00<?, ?it/s]100%|██████████| 1/1 [00:01<00:00,  1.17s/it]100%|██████████| 1/1 [00:01<00:00,  1.17s/it]
Predicted melting temperature: [76.807373046875]
  0%|          | 0/1 [00:00<?, ?it/s]100%|██████████| 1/1 [00:01<00:00,  1.08s/it]100%|██████████| 1/1 [00:01<00:00,  1.08s/it]
Predicted melting temperature: [66.00057220458984]
  0%|          | 0/1 [00:00<?, ?it/s]100%|██████████| 1/1 [00:01<00:00,  1.06s/it]100%|██████████| 1/1 [00:01<00:00,  1.06s/it]
Predicted melting temperature: [57.560630798339844]
  seed_129 arm=base scenario=B pH=4.0 targ   Tm=61.48  replicas=[55.0, 71.9, 57.6]
  0%|          | 0/1 [00:00<?, ?it/s]100%|██████████| 1/1 [00:01<00:00,  1.43s/it]100%|██████████| 1/1 [00:01<00:00,  1.43s/it]
Predicted melting temperature: [76.77557373046875]
  0%|          | 0/1 [00:00<?, ?it/s]100%|██████████| 1/1 [00:01<00:00,  1.01s/it]100%|██████████| 1/1 [00:01<00:00,  1.02s/it]
Predicted melting temperature: [59.18083953857422]
  seed_130 arm=cond scenario=A pH=7.4 targ   Tm=58.30  replicas=[62.2, 53.6, 59.2]
  [code/output/phase3_antidrift_n20/1CRN/A_cond/seqs.fa] 已写 code/output/phase3_antidrift_n20/1CRN/A_cond/seqs.fa.tm.csv
100%|██████████| 1/1 [00:01<00:00,  1.09s/it]100%|██████████| 1/1 [00:01<00:00,  1.09s/it]
Predicted melting temperature: [63.24214172363281]
  seed_130 arm=cond scenario=B pH=4.0 targ   Tm=65.11  replicas=[57.9, 74.1, 63.2]
  [code/output/phase3_antidrift_n20/1BC8/B_cond/seqs.fa] 已写 code/output/phase3_antidrift_n20/1BC8/B_cond/seqs.fa.tm.csv
100%|██████████| 1/1 [00:01<00:00,  1.30s/it]100%|██████████| 1/1 [00:01<00:00,  1.30s/it]
Predicted melting temperature: [74.89093017578125]
  0%|          | 0/1 [00:00<?, ?it/s]100%|██████████| 1/1 [00:01<00:00,  1.19s/it]100%|██████████| 1/1 [00:01<00:00,  1.20s/it]
Predicted melting temperature: [67.70960235595703]
  seed_127 arm=cond scenario=B pH=4.0 targ   Tm=73.33  replicas=[75.5, 76.8, 67.7]
  0%|          | 0/1 [00:00<?, ?it/s]100%|██████████| 1/1 [00:01<00:00,  1.06s/it]100%|██████████| 1/1 [00:01<00:00,  1.06s/it]
Predicted melting temperature: [53.94474792480469]
  0%|          | 0/1 [00:00<?, ?it/s]100%|██████████| 1/1 [00:01<00:00,  1.49s/it]100%|██████████| 1/1 [00:01<00:00,  1.49s/it]
Predicted melting temperature: [75.86392211914062]
  0%|          | 0/1 [00:00<?, ?it/s]100%|██████████| 1/1 [00:01<00:00,  1.45s/it]100%|██████████| 1/1 [00:01<00:00,  1.45s/it]
Predicted melting temperature: [64.18460083007812]
  seed_125 arm=base scenario=B pH=4.0 targ   Tm=70.30  replicas=[70.0, 76.8, 64.2]
  0%|          | 0/1 [00:00<?, ?it/s]100%|██████████| 1/1 [00:01<00:00,  1.30s/it]100%|██████████| 1/1 [00:01<00:00,  1.30s/it]
Predicted melting temperature: [54.631229400634766]
  seed_128 arm=cond scenario=A pH=7.4 targ   Tm=64.51  replicas=[64.0, 74.9, 54.6]
  0%|          | 0/1 [00:00<?, ?it/s]100%|██████████| 1/1 [00:01<00:00,  1.40s/it]100%|██████████| 1/1 [00:01<00:00,  1.40s/it]
Predicted melting temperature: [67.25454711914062]
  0%|          | 0/1 [00:00<?, ?it/s]100%|██████████| 1/1 [00:01<00:00,  1.10s/it]100%|██████████| 1/1 [00:01<00:00,  1.10s/it]
Predicted melting temperature: [71.40612030029297]
  0%|          | 0/1 [00:00<?, ?it/s]100%|██████████| 1/1 [00:01<00:00,  1.42s/it]100%|██████████| 1/1 [00:01<00:00,  1.43s/it]
Predicted melting temperature: [63.53173065185547]
  seed_127 arm=base scenario=A pH=7.4 targ   Tm=68.47  replicas=[66.0, 75.9, 63.5]
  0%|          | 0/1 [00:00<?, ?it/s]100%|██████████| 1/1 [00:01<00:00,  1.27s/it]100%|██████████| 1/1 [00:01<00:00,  1.27s/it]100%|██████████| 1/1 [00:01<00:00,  1.12s/it]
100%|██████████| 1/1 [00:01<00:00,  1.13s/it]
Predicted melting temperature: [55.709266662597656]
  seed_130 arm=base scenario=B pH=4.0 targ   Tm=60.35  replicas=[53.9, 71.4, 55.7]
Predicted melting temperature: [73.76449584960938]
  [code/output/phase3_antidrift_n20/1BC8/B_base/seqs.fa] 已写 code/output/phase3_antidrift_n20/1BC8/B_base/seqs.fa.tm.csv
  0%|          | 0/1 [00:00<?, ?it/s]100%|██████████| 1/1 [00:01<00:00,  1.78s/it]100%|██████████| 1/1 [00:01<00:00,  1.78s/it]
Predicted melting temperature: [68.37883758544922]
  0%|          | 0/1 [00:00<?, ?it/s]100%|██████████| 1/1 [00:01<00:00,  1.47s/it]100%|██████████| 1/1 [00:01<00:00,  1.48s/it]
Predicted melting temperature: [56.45480728149414]
  0%|          | 0/1 [00:00<?, ?it/s]100%|██████████| 1/1 [00:01<00:00,  1.43s/it]100%|██████████| 1/1 [00:01<00:00,  1.43s/it]
Predicted melting temperature: [69.36537170410156]
  0%|          | 0/1 [00:00<?, ?it/s]100%|██████████| 1/1 [00:01<00:00,  1.20s/it]100%|██████████| 1/1 [00:01<00:00,  1.20s/it]
Predicted melting temperature: [61.003440856933594]
  seed_128 arm=cond scenario=B pH=4.0 targ   Tm=67.34  replicas=[67.3, 73.8, 61.0]
  0%|          | 0/1 [00:00<?, ?it/s]100%|██████████| 1/1 [00:01<00:00,  1.53s/it]100%|██████████| 1/1 [00:01<00:00,  1.53s/it]
Predicted melting temperature: [76.58601379394531]
  0%|          | 0/1 [00:00<?, ?it/s]100%|██████████| 1/1 [00:01<00:00,  1.34s/it]100%|██████████| 1/1 [00:01<00:00,  1.34s/it]
Predicted melting temperature: [69.85618591308594]
  0%|          | 0/1 [00:00<?, ?it/s]100%|██████████| 1/1 [00:01<00:00,  1.29s/it]100%|██████████| 1/1 [00:01<00:00,  1.29s/it]
Predicted melting temperature: [77.02490997314453]
  0%|          | 0/1 [00:00<?, ?it/s]100%|██████████| 1/1 [00:01<00:00,  1.30s/it]100%|██████████| 1/1 [00:01<00:00,  1.30s/it]
Predicted melting temperature: [64.3022689819336]
  0%|          | 0/1 [00:00<?, ?it/s]100%|██████████| 1/1 [00:01<00:00,  1.42s/it]100%|██████████| 1/1 [00:01<00:00,  1.42s/it]
Predicted melting temperature: [52.5509033203125]
  seed_129 arm=cond scenario=A pH=7.4 targ   Tm=59.62  replicas=[56.5, 69.9, 52.6]
  0%|          | 0/1 [00:00<?, ?it/s]100%|██████████| 1/1 [00:01<00:00,  1.57s/it]100%|██████████| 1/1 [00:01<00:00,  1.57s/it]
Predicted melting temperature: [70.89917755126953]
  seed_126 arm=base scenario=B pH=4.0 targ   Tm=71.95  replicas=[68.4, 76.6, 70.9]
  0%|          | 0/1 [00:00<?, ?it/s]100%|██████████| 1/1 [00:01<00:00,  1.46s/it]100%|██████████| 1/1 [00:01<00:00,  1.46s/it]
Predicted melting temperature: [73.83422088623047]
  seed_128 arm=base scenario=A pH=7.4 targ   Tm=73.41  replicas=[69.4, 77.0, 73.8]
  0%|          | 0/1 [00:00<?, ?it/s]100%|██████████| 1/1 [00:01<00:00,  1.33s/it]100%|██████████| 1/1 [00:01<00:00,  1.33s/it]
Predicted melting temperature: [71.66661071777344]
  0%|          | 0/1 [00:00<?, ?it/s]100%|██████████| 1/1 [00:01<00:00,  1.40s/it]100%|██████████| 1/1 [00:01<00:00,  1.40s/it]
Predicted melting temperature: [68.03163146972656]
  0%|          | 0/1 [00:00<?, ?it/s]100%|██████████| 1/1 [00:01<00:00,  1.51s/it]100%|██████████| 1/1 [00:01<00:00,  1.51s/it]
Predicted melting temperature: [66.00057220458984]
  0%|          | 0/1 [00:00<?, ?it/s]100%|██████████| 1/1 [00:01<00:00,  1.26s/it]100%|██████████| 1/1 [00:01<00:00,  1.26s/it]
Predicted melting temperature: [70.03227996826172]
  0%|          | 0/1 [00:00<?, ?it/s]100%|██████████| 1/1 [00:01<00:00,  1.28s/it]100%|██████████| 1/1 [00:01<00:00,  1.28s/it]
Predicted melting temperature: [49.667884826660156]
  seed_129 arm=cond scenario=B pH=4.0 targ   Tm=61.88  replicas=[64.3, 71.7, 49.7]
  0%|          | 0/1 [00:00<?, ?it/s]100%|██████████| 1/1 [00:01<00:00,  1.29s/it]100%|██████████| 1/1 [00:01<00:00,  1.29s/it]
Predicted melting temperature: [70.08375549316406]
  0%|          | 0/1 [00:00<?, ?it/s]100%|██████████| 1/1 [00:01<00:00,  1.46s/it]100%|██████████| 1/1 [00:01<00:00,  1.46s/it]
Predicted melting temperature: [75.86392211914062]
  0%|          | 0/1 [00:00<?, ?it/s]100%|██████████| 1/1 [00:01<00:00,  1.39s/it]100%|██████████| 1/1 [00:01<00:00,  1.39s/it]
Predicted melting temperature: [77.38398742675781]
  0%|          | 0/1 [00:00<?, ?it/s]100%|██████████| 1/1 [00:01<00:00,  1.45s/it]100%|██████████| 1/1 [00:01<00:00,  1.45s/it]
Predicted melting temperature: [70.0652847290039]
  0%|          | 0/1 [00:00<?, ?it/s]100%|██████████| 1/1 [00:01<00:00,  1.38s/it]100%|██████████| 1/1 [00:01<00:00,  1.38s/it]
Predicted melting temperature: [48.72924041748047]
  seed_130 arm=cond scenario=A pH=7.4 targ   Tm=62.28  replicas=[68.0, 70.1, 48.7]
  [code/output/phase3_antidrift_n20/2LZM/A_cond/seqs.fa] 已写 code/output/phase3_antidrift_n20/2LZM/A_cond/seqs.fa.tm.csv
100%|██████████| 1/1 [00:01<00:00,  1.16s/it]100%|██████████| 1/1 [00:01<00:00,  1.16s/it]
Predicted melting temperature: [63.53173065185547]
  seed_127 arm=base scenario=B pH=4.0 targ   Tm=68.47  replicas=[66.0, 75.9, 63.5]
  0%|          | 0/1 [00:00<?, ?it/s]100%|██████████| 1/1 [00:01<00:00,  1.29s/it]100%|██████████| 1/1 [00:01<00:00,  1.29s/it]
Predicted melting temperature: [72.5273666381836]
  0%|          | 0/1 [00:00<?, ?it/s]100%|██████████| 1/1 [00:01<00:00,  1.52s/it]100%|██████████| 1/1 [00:01<00:00,  1.52s/it]
Predicted melting temperature: [71.72757720947266]
  seed_129 arm=base scenario=A pH=7.4 targ   Tm=73.05  replicas=[70.0, 77.4, 71.7]
  0%|          | 0/1 [00:00<?, ?it/s]100%|██████████| 1/1 [00:01<00:00,  1.46s/it]100%|██████████| 1/1 [00:01<00:00,  1.46s/it]
Predicted melting temperature: [69.36537170410156]
  0%|          | 0/1 [00:00<?, ?it/s]100%|██████████| 1/1 [00:01<00:00,  1.36s/it]100%|██████████| 1/1 [00:01<00:00,  1.36s/it]
Predicted melting temperature: [61.38163757324219]
  seed_130 arm=cond scenario=B pH=4.0 targ   Tm=67.99  replicas=[70.1, 72.5, 61.4]
  [code/output/phase3_antidrift_n20/2LZM/B_cond/seqs.fa] 已写 code/output/phase3_antidrift_n20/2LZM/B_cond/seqs.fa.tm.csv
100%|██████████| 1/1 [00:01<00:00,  1.47s/it]100%|██████████| 1/1 [00:01<00:00,  1.47s/it]
Predicted melting temperature: [66.76907348632812]
  0%|          | 0/1 [00:00<?, ?it/s]100%|██████████| 1/1 [00:01<00:00,  1.39s/it]100%|██████████| 1/1 [00:01<00:00,  1.39s/it]
Predicted melting temperature: [77.02490997314453]
  0%|          | 0/1 [00:00<?, ?it/s]100%|██████████| 1/1 [00:01<00:00,  1.26s/it]100%|██████████| 1/1 [00:01<00:00,  1.26s/it]
Predicted melting temperature: [75.67744445800781]
  0%|          | 0/1 [00:00<?, ?it/s]100%|██████████| 1/1 [00:01<00:00,  1.41s/it]100%|██████████| 1/1 [00:01<00:00,  1.42s/it]
Predicted melting temperature: [73.83422088623047]
  seed_128 arm=base scenario=B pH=4.0 targ   Tm=73.41  replicas=[69.4, 77.0, 73.8]
  0%|          | 0/1 [00:00<?, ?it/s]100%|██████████| 1/1 [00:01<00:00,  1.40s/it]100%|██████████| 1/1 [00:01<00:00,  1.41s/it]
Predicted melting temperature: [69.17598724365234]
  seed_130 arm=base scenario=A pH=7.4 targ   Tm=70.54  replicas=[66.8, 75.7, 69.2]
  [code/output/phase3_antidrift_n20/2LZM/A_base/seqs.fa] 已写 code/output/phase3_antidrift_n20/2LZM/A_base/seqs.fa.tm.csv
100%|██████████| 1/1 [00:01<00:00,  1.40s/it]100%|██████████| 1/1 [00:01<00:00,  1.41s/it]
Predicted melting temperature: [70.03227996826172]
  0%|          | 0/1 [00:00<?, ?it/s]100%|██████████| 1/1 [00:01<00:00,  1.29s/it]100%|██████████| 1/1 [00:01<00:00,  1.29s/it]
Predicted melting temperature: [77.38398742675781]
  0%|          | 0/1 [00:00<?, ?it/s]100%|██████████| 1/1 [00:01<00:00,  1.27s/it]100%|██████████| 1/1 [00:01<00:00,  1.27s/it]
Predicted melting temperature: [71.72757720947266]
  seed_129 arm=base scenario=B pH=4.0 targ   Tm=73.05  replicas=[70.0, 77.4, 71.7]
  0%|          | 0/1 [00:00<?, ?it/s]100%|██████████| 1/1 [00:01<00:00,  1.39s/it]100%|██████████| 1/1 [00:01<00:00,  1.39s/it]
Predicted melting temperature: [66.76907348632812]
  0%|          | 0/1 [00:00<?, ?it/s]100%|██████████| 1/1 [00:01<00:00,  1.38s/it]100%|██████████| 1/1 [00:01<00:00,  1.38s/it]
Predicted melting temperature: [75.67744445800781]
  0%|          | 0/1 [00:00<?, ?it/s]100%|██████████| 1/1 [00:01<00:00,  1.48s/it]100%|██████████| 1/1 [00:01<00:00,  1.48s/it]
Predicted melting temperature: [69.17598724365234]
  seed_130 arm=base scenario=B pH=4.0 targ   Tm=70.54  replicas=[66.8, 75.7, 69.2]
  [code/output/phase3_antidrift_n20/2LZM/B_base/seqs.fa] 已写 code/output/phase3_antidrift_n20/2LZM/B_base/seqs.fa.tm.csv
  TemBERTure DONE 21:59:00
=== ALL PHASE3 N20 SCORING DONE ===
