=== [1/4] ESMFold 回折 + pLDDT（confumpnn-esmfold，递归扫描所有 arm 的 seqs.fa）===
ESMFold 加载完成（cuda）
批量模式：找到 20 个 seqs.fa
[code/output/finetune_v2_validate/1BC8/t1_base/seqs.fa] 共 20 条序列
  seed_111 arm=t1_base pH=7.4 ta   L=  93  mean_pLDDT= 78.94
  seed_112 arm=t1_base pH=7.4 ta   L=  93  mean_pLDDT= 78.74
  seed_113 arm=t1_base pH=7.4 ta   L=  93  mean_pLDDT= 76.61
  seed_114 arm=t1_base pH=7.4 ta   L=  93  mean_pLDDT= 82.05
  seed_115 arm=t1_base pH=7.4 ta   L=  93  mean_pLDDT= 81.02
  seed_116 arm=t1_base pH=7.4 ta   L=  93  mean_pLDDT= 83.50
  seed_117 arm=t1_base pH=7.4 ta   L=  93  mean_pLDDT= 82.85
  seed_118 arm=t1_base pH=7.4 ta   L=  93  mean_pLDDT= 83.05
  seed_119 arm=t1_base pH=7.4 ta   L=  93  mean_pLDDT= 78.98
  seed_120 arm=t1_base pH=7.4 ta   L=  93  mean_pLDDT= 77.68
  seed_121 arm=t1_base pH=7.4 ta   L=  93  mean_pLDDT= 81.82
  seed_122 arm=t1_base pH=7.4 ta   L=  93  mean_pLDDT= 82.90
  seed_123 arm=t1_base pH=7.4 ta   L=  93  mean_pLDDT= 80.62
  seed_124 arm=t1_base pH=7.4 ta   L=  93  mean_pLDDT= 78.16
  seed_125 arm=t1_base pH=7.4 ta   L=  93  mean_pLDDT= 76.98
  seed_126 arm=t1_base pH=7.4 ta   L=  93  mean_pLDDT= 83.15
  seed_127 arm=t1_base pH=7.4 ta   L=  93  mean_pLDDT= 81.93
  seed_128 arm=t1_base pH=7.4 ta   L=  93  mean_pLDDT= 83.56
  seed_129 arm=t1_base pH=7.4 ta   L=  93  mean_pLDDT= 80.43
  seed_130 arm=t1_base pH=7.4 ta   L=  93  mean_pLDDT= 80.87
  已写入 code/output/finetune_v2_validate/1BC8/t1_base/plddt.csv
[code/output/finetune_v2_validate/1BC8/t1_cond/seqs.fa] 共 20 条序列
  seed_111 arm=t1_cond pH=7.4 ta   L=  93  mean_pLDDT= 80.26
  seed_112 arm=t1_cond pH=7.4 ta   L=  93  mean_pLDDT= 83.69
  seed_113 arm=t1_cond pH=7.4 ta   L=  93  mean_pLDDT= 83.45
  seed_114 arm=t1_cond pH=7.4 ta   L=  93  mean_pLDDT= 81.35
  seed_115 arm=t1_cond pH=7.4 ta   L=  93  mean_pLDDT= 81.84
  seed_116 arm=t1_cond pH=7.4 ta   L=  93  mean_pLDDT= 82.10
  seed_117 arm=t1_cond pH=7.4 ta   L=  93  mean_pLDDT= 78.14
  seed_118 arm=t1_cond pH=7.4 ta   L=  93  mean_pLDDT= 81.76
  seed_119 arm=t1_cond pH=7.4 ta   L=  93  mean_pLDDT= 76.91
  seed_120 arm=t1_cond pH=7.4 ta   L=  93  mean_pLDDT= 76.98
  seed_121 arm=t1_cond pH=7.4 ta   L=  93  mean_pLDDT= 80.36
  seed_122 arm=t1_cond pH=7.4 ta   L=  93  mean_pLDDT= 81.57
  seed_123 arm=t1_cond pH=7.4 ta   L=  93  mean_pLDDT= 78.96
  seed_124 arm=t1_cond pH=7.4 ta   L=  93  mean_pLDDT= 80.46
  seed_125 arm=t1_cond pH=7.4 ta   L=  93  mean_pLDDT= 81.93
  seed_126 arm=t1_cond pH=7.4 ta   L=  93  mean_pLDDT= 80.41
  seed_127 arm=t1_cond pH=7.4 ta   L=  93  mean_pLDDT= 82.14
  seed_128 arm=t1_cond pH=7.4 ta   L=  93  mean_pLDDT= 83.98
  seed_129 arm=t1_cond pH=7.4 ta   L=  93  mean_pLDDT= 84.69
  seed_130 arm=t1_cond pH=7.4 ta   L=  93  mean_pLDDT= 78.50
  已写入 code/output/finetune_v2_validate/1BC8/t1_cond/plddt.csv
[code/output/finetune_v2_validate/1BC8/t2_neg/seqs.fa] 共 20 条序列
  seed_111 arm=t2_neg pH=7.4 tar   L=  93  mean_pLDDT= 80.84
  seed_112 arm=t2_neg pH=7.4 tar   L=  93  mean_pLDDT= 85.47
  seed_113 arm=t2_neg pH=7.4 tar   L=  93  mean_pLDDT= 78.50
  seed_114 arm=t2_neg pH=7.4 tar   L=  93  mean_pLDDT= 82.40
  seed_115 arm=t2_neg pH=7.4 tar   L=  93  mean_pLDDT= 80.15
  seed_116 arm=t2_neg pH=7.4 tar   L=  93  mean_pLDDT= 84.71
  seed_117 arm=t2_neg pH=7.4 tar   L=  93  mean_pLDDT= 80.85
  seed_118 arm=t2_neg pH=7.4 tar   L=  93  mean_pLDDT= 83.62
  seed_119 arm=t2_neg pH=7.4 tar   L=  93  mean_pLDDT= 81.80
  seed_120 arm=t2_neg pH=7.4 tar   L=  93  mean_pLDDT= 79.14
  seed_121 arm=t2_neg pH=7.4 tar   L=  93  mean_pLDDT= 83.39
  seed_122 arm=t2_neg pH=7.4 tar   L=  93  mean_pLDDT= 82.95
  seed_123 arm=t2_neg pH=7.4 tar   L=  93  mean_pLDDT= 82.89
  seed_124 arm=t2_neg pH=7.4 tar   L=  93  mean_pLDDT= 82.29
  seed_125 arm=t2_neg pH=7.4 tar   L=  93  mean_pLDDT= 82.15
  seed_126 arm=t2_neg pH=7.4 tar   L=  93  mean_pLDDT= 84.04
  seed_127 arm=t2_neg pH=7.4 tar   L=  93  mean_pLDDT= 82.67
  seed_128 arm=t2_neg pH=7.4 tar   L=  93  mean_pLDDT= 84.84
  seed_129 arm=t2_neg pH=7.4 tar   L=  93  mean_pLDDT= 84.15
  seed_130 arm=t2_neg pH=7.4 tar   L=  93  mean_pLDDT= 84.60
  已写入 code/output/finetune_v2_validate/1BC8/t2_neg/plddt.csv
[code/output/finetune_v2_validate/1BC8/t2_ph/seqs.fa] 共 20 条序列
  seed_111 arm=t2_ph pH=7.4 targ   L=  93  mean_pLDDT= 38.67
  seed_112 arm=t2_ph pH=7.4 targ   L=  93  mean_pLDDT= 43.18
  seed_113 arm=t2_ph pH=7.4 targ   L=  93  mean_pLDDT= 41.01
  seed_114 arm=t2_ph pH=7.4 targ   L=  93  mean_pLDDT= 40.94
  seed_115 arm=t2_ph pH=7.4 targ   L=  93  mean_pLDDT= 39.52
  seed_116 arm=t2_ph pH=7.4 targ   L=  93  mean_pLDDT= 45.24
  seed_117 arm=t2_ph pH=7.4 targ   L=  93  mean_pLDDT= 45.04
  seed_118 arm=t2_ph pH=7.4 targ   L=  93  mean_pLDDT= 32.25
  seed_119 arm=t2_ph pH=7.4 targ   L=  93  mean_pLDDT= 53.78
  seed_120 arm=t2_ph pH=7.4 targ   L=  93  mean_pLDDT= 39.68
  seed_121 arm=t2_ph pH=7.4 targ   L=  93  mean_pLDDT= 41.84
  seed_122 arm=t2_ph pH=7.4 targ   L=  93  mean_pLDDT= 30.81
  seed_123 arm=t2_ph pH=7.4 targ   L=  93  mean_pLDDT= 38.62
  seed_124 arm=t2_ph pH=7.4 targ   L=  93  mean_pLDDT= 41.56
  seed_125 arm=t2_ph pH=7.4 targ   L=  93  mean_pLDDT= 40.70
  seed_126 arm=t2_ph pH=7.4 targ   L=  93  mean_pLDDT= 51.87
  seed_127 arm=t2_ph pH=7.4 targ   L=  93  mean_pLDDT= 34.21
  seed_128 arm=t2_ph pH=7.4 targ   L=  93  mean_pLDDT= 43.62
  seed_129 arm=t2_ph pH=7.4 targ   L=  93  mean_pLDDT= 31.73
  seed_130 arm=t2_ph pH=7.4 targ   L=  93  mean_pLDDT= 35.00
  已写入 code/output/finetune_v2_validate/1BC8/t2_ph/plddt.csv
[code/output/finetune_v2_validate/1BC8/t2_pos/seqs.fa] 共 20 条序列
  seed_111 arm=t2_pos pH=7.4 tar   L=  93  mean_pLDDT= 73.02
  seed_112 arm=t2_pos pH=7.4 tar   L=  93  mean_pLDDT= 76.43
  seed_113 arm=t2_pos pH=7.4 tar   L=  93  mean_pLDDT= 77.36
  seed_114 arm=t2_pos pH=7.4 tar   L=  93  mean_pLDDT= 77.78
  seed_115 arm=t2_pos pH=7.4 tar   L=  93  mean_pLDDT= 77.28
  seed_116 arm=t2_pos pH=7.4 tar   L=  93  mean_pLDDT= 76.35
  seed_117 arm=t2_pos pH=7.4 tar   L=  93  mean_pLDDT= 80.34
  seed_118 arm=t2_pos pH=7.4 tar   L=  93  mean_pLDDT= 72.89
  seed_119 arm=t2_pos pH=7.4 tar   L=  93  mean_pLDDT= 75.06
  seed_120 arm=t2_pos pH=7.4 tar   L=  93  mean_pLDDT= 78.37
  seed_121 arm=t2_pos pH=7.4 tar   L=  93  mean_pLDDT= 80.25
  seed_122 arm=t2_pos pH=7.4 tar   L=  93  mean_pLDDT= 75.40
  seed_123 arm=t2_pos pH=7.4 tar   L=  93  mean_pLDDT= 72.69
  seed_124 arm=t2_pos pH=7.4 tar   L=  93  mean_pLDDT= 53.39
  seed_125 arm=t2_pos pH=7.4 tar   L=  93  mean_pLDDT= 78.87
  seed_126 arm=t2_pos pH=7.4 tar   L=  93  mean_pLDDT= 81.43
  seed_127 arm=t2_pos pH=7.4 tar   L=  93  mean_pLDDT= 58.68
  seed_128 arm=t2_pos pH=7.4 tar   L=  93  mean_pLDDT= 79.63
  seed_129 arm=t2_pos pH=7.4 tar   L=  93  mean_pLDDT= 78.66
  seed_130 arm=t2_pos pH=7.4 tar   L=  93  mean_pLDDT= 79.14
  已写入 code/output/finetune_v2_validate/1BC8/t2_pos/plddt.csv
[code/output/finetune_v2_validate/1CRN/t1_base/seqs.fa] 共 20 条序列
  seed_111 arm=t1_base pH=7.4 ta   L=  46  mean_pLDDT= 88.85
  seed_112 arm=t1_base pH=7.4 ta   L=  46  mean_pLDDT= 88.95
  seed_113 arm=t1_base pH=7.4 ta   L=  46  mean_pLDDT= 90.52
  seed_114 arm=t1_base pH=7.4 ta   L=  46  mean_pLDDT= 91.87
  seed_115 arm=t1_base pH=7.4 ta   L=  46  mean_pLDDT= 74.73
  seed_116 arm=t1_base pH=7.4 ta   L=  46  mean_pLDDT= 88.49
  seed_117 arm=t1_base pH=7.4 ta   L=  46  mean_pLDDT= 88.37
  seed_118 arm=t1_base pH=7.4 ta   L=  46  mean_pLDDT= 89.53
  seed_119 arm=t1_base pH=7.4 ta   L=  46  mean_pLDDT= 90.86
  seed_120 arm=t1_base pH=7.4 ta   L=  46  mean_pLDDT= 90.46
  seed_121 arm=t1_base pH=7.4 ta   L=  46  mean_pLDDT= 73.97
  seed_122 arm=t1_base pH=7.4 ta   L=  46  mean_pLDDT= 90.89
  seed_123 arm=t1_base pH=7.4 ta   L=  46  mean_pLDDT= 91.04
  seed_124 arm=t1_base pH=7.4 ta   L=  46  mean_pLDDT= 89.93
  seed_125 arm=t1_base pH=7.4 ta   L=  46  mean_pLDDT= 84.50
  seed_126 arm=t1_base pH=7.4 ta   L=  46  mean_pLDDT= 89.18
  seed_127 arm=t1_base pH=7.4 ta   L=  46  mean_pLDDT= 89.85
  seed_128 arm=t1_base pH=7.4 ta   L=  46  mean_pLDDT= 63.60
  seed_129 arm=t1_base pH=7.4 ta   L=  46  mean_pLDDT= 89.59
  seed_130 arm=t1_base pH=7.4 ta   L=  46  mean_pLDDT= 91.18
  已写入 code/output/finetune_v2_validate/1CRN/t1_base/plddt.csv
[code/output/finetune_v2_validate/1CRN/t1_cond/seqs.fa] 共 20 条序列
  seed_111 arm=t1_cond pH=7.4 ta   L=  46  mean_pLDDT= 89.61
  seed_112 arm=t1_cond pH=7.4 ta   L=  46  mean_pLDDT= 89.40
  seed_113 arm=t1_cond pH=7.4 ta   L=  46  mean_pLDDT= 89.54
  seed_114 arm=t1_cond pH=7.4 ta   L=  46  mean_pLDDT= 88.36
  seed_115 arm=t1_cond pH=7.4 ta   L=  46  mean_pLDDT= 89.06
  seed_116 arm=t1_cond pH=7.4 ta   L=  46  mean_pLDDT= 87.36
  seed_117 arm=t1_cond pH=7.4 ta   L=  46  mean_pLDDT= 72.08
  seed_118 arm=t1_cond pH=7.4 ta   L=  46  mean_pLDDT= 88.58
  seed_119 arm=t1_cond pH=7.4 ta   L=  46  mean_pLDDT= 90.44
  seed_120 arm=t1_cond pH=7.4 ta   L=  46  mean_pLDDT= 91.52
  seed_121 arm=t1_cond pH=7.4 ta   L=  46  mean_pLDDT= 87.10
  seed_122 arm=t1_cond pH=7.4 ta   L=  46  mean_pLDDT= 88.65
  seed_123 arm=t1_cond pH=7.4 ta   L=  46  mean_pLDDT= 87.41
  seed_124 arm=t1_cond pH=7.4 ta   L=  46  mean_pLDDT= 89.54
  seed_125 arm=t1_cond pH=7.4 ta   L=  46  mean_pLDDT= 90.85
  seed_126 arm=t1_cond pH=7.4 ta   L=  46  mean_pLDDT= 90.90
  seed_127 arm=t1_cond pH=7.4 ta   L=  46  mean_pLDDT= 90.30
  seed_128 arm=t1_cond pH=7.4 ta   L=  46  mean_pLDDT= 90.53
  seed_129 arm=t1_cond pH=7.4 ta   L=  46  mean_pLDDT= 90.60
  seed_130 arm=t1_cond pH=7.4 ta   L=  46  mean_pLDDT= 67.76
  已写入 code/output/finetune_v2_validate/1CRN/t1_cond/plddt.csv
[code/output/finetune_v2_validate/1CRN/t2_neg/seqs.fa] 共 20 条序列
  seed_111 arm=t2_neg pH=7.4 tar   L=  46  mean_pLDDT= 88.30
  seed_112 arm=t2_neg pH=7.4 tar   L=  46  mean_pLDDT= 89.88
  seed_113 arm=t2_neg pH=7.4 tar   L=  46  mean_pLDDT= 88.19
  seed_114 arm=t2_neg pH=7.4 tar   L=  46  mean_pLDDT= 88.33
  seed_115 arm=t2_neg pH=7.4 tar   L=  46  mean_pLDDT= 89.74
  seed_116 arm=t2_neg pH=7.4 tar   L=  46  mean_pLDDT= 91.66
  seed_117 arm=t2_neg pH=7.4 tar   L=  46  mean_pLDDT= 89.88
  seed_118 arm=t2_neg pH=7.4 tar   L=  46  mean_pLDDT= 89.64
  seed_119 arm=t2_neg pH=7.4 tar   L=  46  mean_pLDDT= 91.64
  seed_120 arm=t2_neg pH=7.4 tar   L=  46  mean_pLDDT= 87.02
  seed_121 arm=t2_neg pH=7.4 tar   L=  46  mean_pLDDT= 76.11
  seed_122 arm=t2_neg pH=7.4 tar   L=  46  mean_pLDDT= 86.99
  seed_123 arm=t2_neg pH=7.4 tar   L=  46  mean_pLDDT= 88.77
  seed_124 arm=t2_neg pH=7.4 tar   L=  46  mean_pLDDT= 90.91
  seed_125 arm=t2_neg pH=7.4 tar   L=  46  mean_pLDDT= 89.36
  seed_126 arm=t2_neg pH=7.4 tar   L=  46  mean_pLDDT= 86.12
  seed_127 arm=t2_neg pH=7.4 tar   L=  46  mean_pLDDT= 88.87
  seed_128 arm=t2_neg pH=7.4 tar   L=  46  mean_pLDDT= 84.81
  seed_129 arm=t2_neg pH=7.4 tar   L=  46  mean_pLDDT= 91.30
  seed_130 arm=t2_neg pH=7.4 tar   L=  46  mean_pLDDT= 90.36
  已写入 code/output/finetune_v2_validate/1CRN/t2_neg/plddt.csv
[code/output/finetune_v2_validate/1CRN/t2_ph/seqs.fa] 共 20 条序列
  seed_111 arm=t2_ph pH=7.4 targ   L=  46  mean_pLDDT= 46.04
  seed_112 arm=t2_ph pH=7.4 targ   L=  46  mean_pLDDT= 55.21
  seed_113 arm=t2_ph pH=7.4 targ   L=  46  mean_pLDDT= 60.30
  seed_114 arm=t2_ph pH=7.4 targ   L=  46  mean_pLDDT= 66.45
  seed_115 arm=t2_ph pH=7.4 targ   L=  46  mean_pLDDT= 60.60
  seed_116 arm=t2_ph pH=7.4 targ   L=  46  mean_pLDDT= 68.42
  seed_117 arm=t2_ph pH=7.4 targ   L=  46  mean_pLDDT= 50.69
  seed_118 arm=t2_ph pH=7.4 targ   L=  46  mean_pLDDT= 49.77
  seed_119 arm=t2_ph pH=7.4 targ   L=  46  mean_pLDDT= 76.78
  seed_120 arm=t2_ph pH=7.4 targ   L=  46  mean_pLDDT= 48.20
  seed_121 arm=t2_ph pH=7.4 targ   L=  46  mean_pLDDT= 56.59
  seed_122 arm=t2_ph pH=7.4 targ   L=  46  mean_pLDDT= 50.19
  seed_123 arm=t2_ph pH=7.4 targ   L=  46  mean_pLDDT= 64.48
  seed_124 arm=t2_ph pH=7.4 targ   L=  46  mean_pLDDT= 54.18
  seed_125 arm=t2_ph pH=7.4 targ   L=  46  mean_pLDDT= 59.98
  seed_126 arm=t2_ph pH=7.4 targ   L=  46  mean_pLDDT= 59.42
  seed_127 arm=t2_ph pH=7.4 targ   L=  46  mean_pLDDT= 78.74
  seed_128 arm=t2_ph pH=7.4 targ   L=  46  mean_pLDDT= 58.14
  seed_129 arm=t2_ph pH=7.4 targ   L=  46  mean_pLDDT= 40.70
  seed_130 arm=t2_ph pH=7.4 targ   L=  46  mean_pLDDT= 47.97
  已写入 code/output/finetune_v2_validate/1CRN/t2_ph/plddt.csv
[code/output/finetune_v2_validate/1CRN/t2_pos/seqs.fa] 共 20 条序列
  seed_111 arm=t2_pos pH=7.4 tar   L=  46  mean_pLDDT= 89.88
  seed_112 arm=t2_pos pH=7.4 tar   L=  46  mean_pLDDT= 86.89
  seed_113 arm=t2_pos pH=7.4 tar   L=  46  mean_pLDDT= 86.37
  seed_114 arm=t2_pos pH=7.4 tar   L=  46  mean_pLDDT= 90.47
  seed_115 arm=t2_pos pH=7.4 tar   L=  46  mean_pLDDT= 76.70
  seed_116 arm=t2_pos pH=7.4 tar   L=  46  mean_pLDDT= 85.37
  seed_117 arm=t2_pos pH=7.4 tar   L=  46  mean_pLDDT= 89.48
  seed_118 arm=t2_pos pH=7.4 tar   L=  46  mean_pLDDT= 88.15
  seed_119 arm=t2_pos pH=7.4 tar   L=  46  mean_pLDDT= 91.98
  seed_120 arm=t2_pos pH=7.4 tar   L=  46  mean_pLDDT= 76.68
  seed_121 arm=t2_pos pH=7.4 tar   L=  46  mean_pLDDT= 87.13
  seed_122 arm=t2_pos pH=7.4 tar   L=  46  mean_pLDDT= 89.25
  seed_123 arm=t2_pos pH=7.4 tar   L=  46  mean_pLDDT= 71.93
  seed_124 arm=t2_pos pH=7.4 tar   L=  46  mean_pLDDT= 86.40
  seed_125 arm=t2_pos pH=7.4 tar   L=  46  mean_pLDDT= 85.27
  seed_126 arm=t2_pos pH=7.4 tar   L=  46  mean_pLDDT= 87.43
  seed_127 arm=t2_pos pH=7.4 tar   L=  46  mean_pLDDT= 87.56
  seed_128 arm=t2_pos pH=7.4 tar   L=  46  mean_pLDDT= 87.14
  seed_129 arm=t2_pos pH=7.4 tar   L=  46  mean_pLDDT= 87.90
  seed_130 arm=t2_pos pH=7.4 tar   L=  46  mean_pLDDT= 89.37
  已写入 code/output/finetune_v2_validate/1CRN/t2_pos/plddt.csv
[code/output/finetune_v2_validate/1UBQ/t1_base/seqs.fa] 共 20 条序列
  seed_111 arm=t1_base pH=7.4 ta   L=  76  mean_pLDDT= 91.11
  seed_112 arm=t1_base pH=7.4 ta   L=  76  mean_pLDDT= 90.94
  seed_113 arm=t1_base pH=7.4 ta   L=  76  mean_pLDDT= 89.48
  seed_114 arm=t1_base pH=7.4 ta   L=  76  mean_pLDDT= 89.32
  seed_115 arm=t1_base pH=7.4 ta   L=  76  mean_pLDDT= 88.39
  seed_116 arm=t1_base pH=7.4 ta   L=  76  mean_pLDDT= 90.04
  seed_117 arm=t1_base pH=7.4 ta   L=  76  mean_pLDDT= 89.29
  seed_118 arm=t1_base pH=7.4 ta   L=  76  mean_pLDDT= 88.92
  seed_119 arm=t1_base pH=7.4 ta   L=  76  mean_pLDDT= 90.86
  seed_120 arm=t1_base pH=7.4 ta   L=  76  mean_pLDDT= 89.96
  seed_121 arm=t1_base pH=7.4 ta   L=  76  mean_pLDDT= 88.34
  seed_122 arm=t1_base pH=7.4 ta   L=  76  mean_pLDDT= 89.78
  seed_123 arm=t1_base pH=7.4 ta   L=  76  mean_pLDDT= 88.15
  seed_124 arm=t1_base pH=7.4 ta   L=  76  mean_pLDDT= 89.24
  seed_125 arm=t1_base pH=7.4 ta   L=  76  mean_pLDDT= 88.77
  seed_126 arm=t1_base pH=7.4 ta   L=  76  mean_pLDDT= 90.44
  seed_127 arm=t1_base pH=7.4 ta   L=  76  mean_pLDDT= 89.25
  seed_128 arm=t1_base pH=7.4 ta   L=  76  mean_pLDDT= 89.07
  seed_129 arm=t1_base pH=7.4 ta   L=  76  mean_pLDDT= 89.94
  seed_130 arm=t1_base pH=7.4 ta   L=  76  mean_pLDDT= 89.87
  已写入 code/output/finetune_v2_validate/1UBQ/t1_base/plddt.csv
[code/output/finetune_v2_validate/1UBQ/t1_cond/seqs.fa] 共 20 条序列
  seed_111 arm=t1_cond pH=7.4 ta   L=  76  mean_pLDDT= 89.71
  seed_112 arm=t1_cond pH=7.4 ta   L=  76  mean_pLDDT= 91.10
  seed_113 arm=t1_cond pH=7.4 ta   L=  76  mean_pLDDT= 89.12
  seed_114 arm=t1_cond pH=7.4 ta   L=  76  mean_pLDDT= 89.94
  seed_115 arm=t1_cond pH=7.4 ta   L=  76  mean_pLDDT= 89.77
  seed_116 arm=t1_cond pH=7.4 ta   L=  76  mean_pLDDT= 89.14
  seed_117 arm=t1_cond pH=7.4 ta   L=  76  mean_pLDDT= 89.22
  seed_118 arm=t1_cond pH=7.4 ta   L=  76  mean_pLDDT= 88.20
  seed_119 arm=t1_cond pH=7.4 ta   L=  76  mean_pLDDT= 90.34
  seed_120 arm=t1_cond pH=7.4 ta   L=  76  mean_pLDDT= 90.89
  seed_121 arm=t1_cond pH=7.4 ta   L=  76  mean_pLDDT= 88.71
  seed_122 arm=t1_cond pH=7.4 ta   L=  76  mean_pLDDT= 89.59
  seed_123 arm=t1_cond pH=7.4 ta   L=  76  mean_pLDDT= 90.31
  seed_124 arm=t1_cond pH=7.4 ta   L=  76  mean_pLDDT= 88.33
  seed_125 arm=t1_cond pH=7.4 ta   L=  76  mean_pLDDT= 88.81
  seed_126 arm=t1_cond pH=7.4 ta   L=  76  mean_pLDDT= 89.44
  seed_127 arm=t1_cond pH=7.4 ta   L=  76  mean_pLDDT= 89.54
  seed_128 arm=t1_cond pH=7.4 ta   L=  76  mean_pLDDT= 88.72
  seed_129 arm=t1_cond pH=7.4 ta   L=  76  mean_pLDDT= 89.07
  seed_130 arm=t1_cond pH=7.4 ta   L=  76  mean_pLDDT= 89.18
  已写入 code/output/finetune_v2_validate/1UBQ/t1_cond/plddt.csv
[code/output/finetune_v2_validate/1UBQ/t2_neg/seqs.fa] 共 20 条序列
  seed_111 arm=t2_neg pH=7.4 tar   L=  76  mean_pLDDT= 90.24
  seed_112 arm=t2_neg pH=7.4 tar   L=  76  mean_pLDDT= 90.55
  seed_113 arm=t2_neg pH=7.4 tar   L=  76  mean_pLDDT= 88.63
  seed_114 arm=t2_neg pH=7.4 tar   L=  76  mean_pLDDT= 89.42
  seed_115 arm=t2_neg pH=7.4 tar   L=  76  mean_pLDDT= 89.28
  seed_116 arm=t2_neg pH=7.4 tar   L=  76  mean_pLDDT= 88.54
  seed_117 arm=t2_neg pH=7.4 tar   L=  76  mean_pLDDT= 89.79
  seed_118 arm=t2_neg pH=7.4 tar   L=  76  mean_pLDDT= 89.22
  seed_119 arm=t2_neg pH=7.4 tar   L=  76  mean_pLDDT= 90.88
  seed_120 arm=t2_neg pH=7.4 tar   L=  76  mean_pLDDT= 89.88
  seed_121 arm=t2_neg pH=7.4 tar   L=  76  mean_pLDDT= 88.53
  seed_122 arm=t2_neg pH=7.4 tar   L=  76  mean_pLDDT= 89.56
  seed_123 arm=t2_neg pH=7.4 tar   L=  76  mean_pLDDT= 89.03
  seed_124 arm=t2_neg pH=7.4 tar   L=  76  mean_pLDDT= 88.87
  seed_125 arm=t2_neg pH=7.4 tar   L=  76  mean_pLDDT= 88.88
  seed_126 arm=t2_neg pH=7.4 tar   L=  76  mean_pLDDT= 90.36
  seed_127 arm=t2_neg pH=7.4 tar   L=  76  mean_pLDDT= 91.24
  seed_128 arm=t2_neg pH=7.4 tar   L=  76  mean_pLDDT= 90.77
  seed_129 arm=t2_neg pH=7.4 tar   L=  76  mean_pLDDT= 88.67
  seed_130 arm=t2_neg pH=7.4 tar   L=  76  mean_pLDDT= 89.22
  已写入 code/output/finetune_v2_validate/1UBQ/t2_neg/plddt.csv
[code/output/finetune_v2_validate/1UBQ/t2_ph/seqs.fa] 共 20 条序列
  seed_111 arm=t2_ph pH=7.4 targ   L=  76  mean_pLDDT= 51.67
  seed_112 arm=t2_ph pH=7.4 targ   L=  76  mean_pLDDT= 65.32
  seed_113 arm=t2_ph pH=7.4 targ   L=  76  mean_pLDDT= 59.11
  seed_114 arm=t2_ph pH=7.4 targ   L=  76  mean_pLDDT= 43.19
  seed_115 arm=t2_ph pH=7.4 targ   L=  76  mean_pLDDT= 60.34
  seed_116 arm=t2_ph pH=7.4 targ   L=  76  mean_pLDDT= 48.13
  seed_117 arm=t2_ph pH=7.4 targ   L=  76  mean_pLDDT= 40.22
  seed_118 arm=t2_ph pH=7.4 targ   L=  76  mean_pLDDT= 58.93
  seed_119 arm=t2_ph pH=7.4 targ   L=  76  mean_pLDDT= 81.33
  seed_120 arm=t2_ph pH=7.4 targ   L=  76  mean_pLDDT= 73.25
  seed_121 arm=t2_ph pH=7.4 targ   L=  76  mean_pLDDT= 69.33
  seed_122 arm=t2_ph pH=7.4 targ   L=  76  mean_pLDDT= 44.82
  seed_123 arm=t2_ph pH=7.4 targ   L=  76  mean_pLDDT= 48.97
  seed_124 arm=t2_ph pH=7.4 targ   L=  76  mean_pLDDT= 79.34
  seed_125 arm=t2_ph pH=7.4 targ   L=  76  mean_pLDDT= 70.06
  seed_126 arm=t2_ph pH=7.4 targ   L=  76  mean_pLDDT= 62.43
  seed_127 arm=t2_ph pH=7.4 targ   L=  76  mean_pLDDT= 53.22
  seed_128 arm=t2_ph pH=7.4 targ   L=  76  mean_pLDDT= 36.31
  seed_129 arm=t2_ph pH=7.4 targ   L=  76  mean_pLDDT= 51.41
  seed_130 arm=t2_ph pH=7.4 targ   L=  76  mean_pLDDT= 67.49
  已写入 code/output/finetune_v2_validate/1UBQ/t2_ph/plddt.csv
[code/output/finetune_v2_validate/1UBQ/t2_pos/seqs.fa] 共 20 条序列
  seed_111 arm=t2_pos pH=7.4 tar   L=  76  mean_pLDDT= 89.02
  seed_112 arm=t2_pos pH=7.4 tar   L=  76  mean_pLDDT= 87.78
  seed_113 arm=t2_pos pH=7.4 tar   L=  76  mean_pLDDT= 88.07
  seed_114 arm=t2_pos pH=7.4 tar   L=  76  mean_pLDDT= 87.98
  seed_115 arm=t2_pos pH=7.4 tar   L=  76  mean_pLDDT= 88.09
  seed_116 arm=t2_pos pH=7.4 tar   L=  76  mean_pLDDT= 87.22
  seed_117 arm=t2_pos pH=7.4 tar   L=  76  mean_pLDDT= 89.66
  seed_118 arm=t2_pos pH=7.4 tar   L=  76  mean_pLDDT= 89.54
  seed_119 arm=t2_pos pH=7.4 tar   L=  76  mean_pLDDT= 88.68
  seed_120 arm=t2_pos pH=7.4 tar   L=  76  mean_pLDDT= 88.73
  seed_121 arm=t2_pos pH=7.4 tar   L=  76  mean_pLDDT= 89.20
  seed_122 arm=t2_pos pH=7.4 tar   L=  76  mean_pLDDT= 89.90
  seed_123 arm=t2_pos pH=7.4 tar   L=  76  mean_pLDDT= 88.42
  seed_124 arm=t2_pos pH=7.4 tar   L=  76  mean_pLDDT= 87.94
  seed_125 arm=t2_pos pH=7.4 tar   L=  76  mean_pLDDT= 87.91
  seed_126 arm=t2_pos pH=7.4 tar   L=  76  mean_pLDDT= 89.16
  seed_127 arm=t2_pos pH=7.4 tar   L=  76  mean_pLDDT= 87.58
  seed_128 arm=t2_pos pH=7.4 tar   L=  76  mean_pLDDT= 88.11
  seed_129 arm=t2_pos pH=7.4 tar   L=  76  mean_pLDDT= 86.35
  seed_130 arm=t2_pos pH=7.4 tar   L=  76  mean_pLDDT= 88.66
  已写入 code/output/finetune_v2_validate/1UBQ/t2_pos/plddt.csv
[code/output/finetune_v2_validate/2LZM/t1_base/seqs.fa] 共 20 条序列
  seed_111 arm=t1_base pH=7.4 ta   L= 164  mean_pLDDT= 86.71
  seed_112 arm=t1_base pH=7.4 ta   L= 164  mean_pLDDT= 89.28
  seed_113 arm=t1_base pH=7.4 ta   L= 164  mean_pLDDT= 86.23
  seed_114 arm=t1_base pH=7.4 ta   L= 164  mean_pLDDT= 86.57
  seed_115 arm=t1_base pH=7.4 ta   L= 164  mean_pLDDT= 86.98
  seed_116 arm=t1_base pH=7.4 ta   L= 164  mean_pLDDT= 88.71
  seed_117 arm=t1_base pH=7.4 ta   L= 164  mean_pLDDT= 87.89
  seed_118 arm=t1_base pH=7.4 ta   L= 164  mean_pLDDT= 87.81
  seed_119 arm=t1_base pH=7.4 ta   L= 164  mean_pLDDT= 87.28
  seed_120 arm=t1_base pH=7.4 ta   L= 164  mean_pLDDT= 89.67
  seed_121 arm=t1_base pH=7.4 ta   L= 164  mean_pLDDT= 85.79
  seed_122 arm=t1_base pH=7.4 ta   L= 164  mean_pLDDT= 87.64
  seed_123 arm=t1_base pH=7.4 ta   L= 164  mean_pLDDT= 87.33
  seed_124 arm=t1_base pH=7.4 ta   L= 164  mean_pLDDT= 84.36
  seed_125 arm=t1_base pH=7.4 ta   L= 164  mean_pLDDT= 87.22
  seed_126 arm=t1_base pH=7.4 ta   L= 164  mean_pLDDT= 88.24
  seed_127 arm=t1_base pH=7.4 ta   L= 164  mean_pLDDT= 83.64
  seed_128 arm=t1_base pH=7.4 ta   L= 164  mean_pLDDT= 83.80
  seed_129 arm=t1_base pH=7.4 ta   L= 164  mean_pLDDT= 88.25
  seed_130 arm=t1_base pH=7.4 ta   L= 164  mean_pLDDT= 86.10
  已写入 code/output/finetune_v2_validate/2LZM/t1_base/plddt.csv
[code/output/finetune_v2_validate/2LZM/t1_cond/seqs.fa] 共 20 条序列
  seed_111 arm=t1_cond pH=7.4 ta   L= 164  mean_pLDDT= 89.14
  seed_112 arm=t1_cond pH=7.4 ta   L= 164  mean_pLDDT= 87.78
  seed_113 arm=t1_cond pH=7.4 ta   L= 164  mean_pLDDT= 88.91
  seed_114 arm=t1_cond pH=7.4 ta   L= 164  mean_pLDDT= 86.71
  seed_115 arm=t1_cond pH=7.4 ta   L= 164  mean_pLDDT= 85.79
  seed_116 arm=t1_cond pH=7.4 ta   L= 164  mean_pLDDT= 88.85
  seed_117 arm=t1_cond pH=7.4 ta   L= 164  mean_pLDDT= 88.23
  seed_118 arm=t1_cond pH=7.4 ta   L= 164  mean_pLDDT= 84.65
  seed_119 arm=t1_cond pH=7.4 ta   L= 164  mean_pLDDT= 87.57
  seed_120 arm=t1_cond pH=7.4 ta   L= 164  mean_pLDDT= 87.85
  seed_121 arm=t1_cond pH=7.4 ta   L= 164  mean_pLDDT= 87.14
  seed_122 arm=t1_cond pH=7.4 ta   L= 164  mean_pLDDT= 88.42
  seed_123 arm=t1_cond pH=7.4 ta   L= 164  mean_pLDDT= 88.90
  seed_124 arm=t1_cond pH=7.4 ta   L= 164  mean_pLDDT= 84.00
  seed_125 arm=t1_cond pH=7.4 ta   L= 164  mean_pLDDT= 88.04
  seed_126 arm=t1_cond pH=7.4 ta   L= 164  mean_pLDDT= 86.14
  seed_127 arm=t1_cond pH=7.4 ta   L= 164  mean_pLDDT= 87.91
  seed_128 arm=t1_cond pH=7.4 ta   L= 164  mean_pLDDT= 87.39
  seed_129 arm=t1_cond pH=7.4 ta   L= 164  mean_pLDDT= 87.63
  seed_130 arm=t1_cond pH=7.4 ta   L= 164  mean_pLDDT= 84.10
  已写入 code/output/finetune_v2_validate/2LZM/t1_cond/plddt.csv
[code/output/finetune_v2_validate/2LZM/t2_neg/seqs.fa] 共 20 条序列
  seed_111 arm=t2_neg pH=7.4 tar   L= 164  mean_pLDDT= 87.43
  seed_112 arm=t2_neg pH=7.4 tar   L= 164  mean_pLDDT= 89.46
  seed_113 arm=t2_neg pH=7.4 tar   L= 164  mean_pLDDT= 87.08
  seed_114 arm=t2_neg pH=7.4 tar   L= 164  mean_pLDDT= 88.42
  seed_115 arm=t2_neg pH=7.4 tar   L= 164  mean_pLDDT= 84.28
  seed_116 arm=t2_neg pH=7.4 tar   L= 164  mean_pLDDT= 86.76
  seed_117 arm=t2_neg pH=7.4 tar   L= 164  mean_pLDDT= 88.04
  seed_118 arm=t2_neg pH=7.4 tar   L= 164  mean_pLDDT= 87.79
  seed_119 arm=t2_neg pH=7.4 tar   L= 164  mean_pLDDT= 88.58
  seed_120 arm=t2_neg pH=7.4 tar   L= 164  mean_pLDDT= 90.91
  seed_121 arm=t2_neg pH=7.4 tar   L= 164  mean_pLDDT= 86.54
  seed_122 arm=t2_neg pH=7.4 tar   L= 164  mean_pLDDT= 89.34
  seed_123 arm=t2_neg pH=7.4 tar   L= 164  mean_pLDDT= 88.28
  seed_124 arm=t2_neg pH=7.4 tar   L= 164  mean_pLDDT= 84.97
  seed_125 arm=t2_neg pH=7.4 tar   L= 164  mean_pLDDT= 90.17
  seed_126 arm=t2_neg pH=7.4 tar   L= 164  mean_pLDDT= 85.99
  seed_127 arm=t2_neg pH=7.4 tar   L= 164  mean_pLDDT= 88.65
  seed_128 arm=t2_neg pH=7.4 tar   L= 164  mean_pLDDT= 86.98
  seed_129 arm=t2_neg pH=7.4 tar   L= 164  mean_pLDDT= 88.35
  seed_130 arm=t2_neg pH=7.4 tar   L= 164  mean_pLDDT= 88.03
  已写入 code/output/finetune_v2_validate/2LZM/t2_neg/plddt.csv
[code/output/finetune_v2_validate/2LZM/t2_ph/seqs.fa] 共 20 条序列
  seed_111 arm=t2_ph pH=7.4 targ   L= 164  mean_pLDDT= 34.20
  seed_112 arm=t2_ph pH=7.4 targ   L= 164  mean_pLDDT= 28.85
  seed_113 arm=t2_ph pH=7.4 targ   L= 164  mean_pLDDT= 27.59
  seed_114 arm=t2_ph pH=7.4 targ   L= 164  mean_pLDDT= 33.94
  seed_115 arm=t2_ph pH=7.4 targ   L= 164  mean_pLDDT= 34.14
  seed_116 arm=t2_ph pH=7.4 targ   L= 164  mean_pLDDT= 28.39
  seed_117 arm=t2_ph pH=7.4 targ   L= 164  mean_pLDDT= 34.01
  seed_118 arm=t2_ph pH=7.4 targ   L= 164  mean_pLDDT= 34.33
  seed_119 arm=t2_ph pH=7.4 targ   L= 164  mean_pLDDT= 23.91
  seed_120 arm=t2_ph pH=7.4 targ   L= 164  mean_pLDDT= 27.25
  seed_121 arm=t2_ph pH=7.4 targ   L= 164  mean_pLDDT= 45.67
  seed_122 arm=t2_ph pH=7.4 targ   L= 164  mean_pLDDT= 31.94
  seed_123 arm=t2_ph pH=7.4 targ   L= 164  mean_pLDDT= 36.73
  seed_124 arm=t2_ph pH=7.4 targ   L= 164  mean_pLDDT= 37.67
  seed_125 arm=t2_ph pH=7.4 targ   L= 164  mean_pLDDT= 32.59
  seed_126 arm=t2_ph pH=7.4 targ   L= 164  mean_pLDDT= 41.78
  seed_127 arm=t2_ph pH=7.4 targ   L= 164  mean_pLDDT= 26.99
  seed_128 arm=t2_ph pH=7.4 targ   L= 164  mean_pLDDT= 30.16
  seed_129 arm=t2_ph pH=7.4 targ   L= 164  mean_pLDDT= 37.87
  seed_130 arm=t2_ph pH=7.4 targ   L= 164  mean_pLDDT= 43.50
  已写入 code/output/finetune_v2_validate/2LZM/t2_ph/plddt.csv
[code/output/finetune_v2_validate/2LZM/t2_pos/seqs.fa] 共 20 条序列
  seed_111 arm=t2_pos pH=7.4 tar   L= 164  mean_pLDDT= 86.13
  seed_112 arm=t2_pos pH=7.4 tar   L= 164  mean_pLDDT= 87.35
  seed_113 arm=t2_pos pH=7.4 tar   L= 164  mean_pLDDT= 85.77
  seed_114 arm=t2_pos pH=7.4 tar   L= 164  mean_pLDDT= 85.50
  seed_115 arm=t2_pos pH=7.4 tar   L= 164  mean_pLDDT= 82.48
  seed_116 arm=t2_pos pH=7.4 tar   L= 164  mean_pLDDT= 84.81
  seed_117 arm=t2_pos pH=7.4 tar   L= 164  mean_pLDDT= 88.21
  seed_118 arm=t2_pos pH=7.4 tar   L= 164  mean_pLDDT= 86.26
  seed_119 arm=t2_pos pH=7.4 tar   L= 164  mean_pLDDT= 87.10
  seed_120 arm=t2_pos pH=7.4 tar   L= 164  mean_pLDDT= 88.28
  seed_121 arm=t2_pos pH=7.4 tar   L= 164  mean_pLDDT= 86.82
  seed_122 arm=t2_pos pH=7.4 tar   L= 164  mean_pLDDT= 87.74
  seed_123 arm=t2_pos pH=7.4 tar   L= 164  mean_pLDDT= 85.98
  seed_124 arm=t2_pos pH=7.4 tar   L= 164  mean_pLDDT= 84.72
  seed_125 arm=t2_pos pH=7.4 tar   L= 164  mean_pLDDT= 87.99
  seed_126 arm=t2_pos pH=7.4 tar   L= 164  mean_pLDDT= 87.25
  seed_127 arm=t2_pos pH=7.4 tar   L= 164  mean_pLDDT= 83.50
  seed_128 arm=t2_pos pH=7.4 tar   L= 164  mean_pLDDT= 87.37
  seed_129 arm=t2_pos pH=7.4 tar   L= 164  mean_pLDDT= 88.80
  seed_130 arm=t2_pos pH=7.4 tar   L= 164  mean_pLDDT= 85.46
  已写入 code/output/finetune_v2_validate/2LZM/t2_pos/plddt.csv
  ESMFold DONE 14:22:58
=== [2/4] TM-score 自洽性（USalign，每 arm 的 folds/ vs 原骨架）===
  seed_111_arm_t1_base_pH_7_4_target__9_0_charge__17 TM-score=0.90745  RMSD=1.36
  seed_112_arm_t1_base_pH_7_4_target__9_0_charge__13 TM-score=0.8793  RMSD=1.73
  seed_113_arm_t1_base_pH_7_4_target__9_0_charge__13 TM-score=0.89372  RMSD=1.62
  seed_114_arm_t1_base_pH_7_4_target__9_0_charge__5_ TM-score=0.89483  RMSD=1.72
  seed_115_arm_t1_base_pH_7_4_target__9_0_charge__9_ TM-score=0.88802  RMSD=1.67
  seed_116_arm_t1_base_pH_7_4_target__9_0_charge__8_ TM-score=0.88862  RMSD=1.7
  seed_117_arm_t1_base_pH_7_4_target__9_0_charge__5_ TM-score=0.90448  RMSD=1.71
  seed_118_arm_t1_base_pH_7_4_target__9_0_charge__18 TM-score=0.92444  RMSD=1.29
  seed_119_arm_t1_base_pH_7_4_target__9_0_charge__7_ TM-score=0.87159  RMSD=1.82
  seed_120_arm_t1_base_pH_7_4_target__9_0_charge__8_ TM-score=0.9132  RMSD=1.64
  seed_121_arm_t1_base_pH_7_4_target__9_0_charge__3_ TM-score=0.89152  RMSD=1.55
  seed_122_arm_t1_base_pH_7_4_target__9_0_charge__9_ TM-score=0.90307  RMSD=1.55
  seed_123_arm_t1_base_pH_7_4_target__9_0_charge__9_ TM-score=0.81033  RMSD=2.07
  seed_124_arm_t1_base_pH_7_4_target__9_0_charge__8_ TM-score=0.87973  RMSD=1.79
  seed_125_arm_t1_base_pH_7_4_target__9_0_charge__11 TM-score=0.82376  RMSD=1.96
  seed_126_arm_t1_base_pH_7_4_target__9_0_charge__14 TM-score=0.88359  RMSD=1.55
  seed_127_arm_t1_base_pH_7_4_target__9_0_charge__20 TM-score=0.89444  RMSD=1.89
  seed_128_arm_t1_base_pH_7_4_target__9_0_charge__11 TM-score=0.91719  RMSD=1.23
  seed_129_arm_t1_base_pH_7_4_target__9_0_charge__5_ TM-score=0.87077  RMSD=1.69
  seed_130_arm_t1_base_pH_7_4_target__9_0_charge__8_ TM-score=0.87242  RMSD=1.85
已写入 code/output/finetune_v2_validate/1BC8/t1_base//tm.csv
  1BC8/t1_base tm DONE
  seed_111_arm_t1_cond_pH_7_4_target__9_0_charge__12 TM-score=0.83485  RMSD=1.94
  seed_112_arm_t1_cond_pH_7_4_target__9_0_charge__7_ TM-score=0.89628  RMSD=1.67
  seed_113_arm_t1_cond_pH_7_4_target__9_0_charge__12 TM-score=0.90534  RMSD=1.11
  seed_114_arm_t1_cond_pH_7_4_target__9_0_charge__8_ TM-score=0.89761  RMSD=1.6
  seed_115_arm_t1_cond_pH_7_4_target__9_0_charge__6_ TM-score=0.89912  RMSD=1.52
  seed_116_arm_t1_cond_pH_7_4_target__9_0_charge__9_ TM-score=0.89148  RMSD=1.64
  seed_117_arm_t1_cond_pH_7_4_target__9_0_charge__9_ TM-score=0.83598  RMSD=1.75
  seed_118_arm_t1_cond_pH_7_4_target__9_0_charge__16 TM-score=0.88801  RMSD=1.47
  seed_119_arm_t1_cond_pH_7_4_target__9_0_charge__14 TM-score=0.87898  RMSD=1.71
  seed_120_arm_t1_cond_pH_7_4_target__9_0_charge__9_ TM-score=0.8635  RMSD=2.12
  seed_121_arm_t1_cond_pH_7_4_target__9_0_charge__7_ TM-score=0.88343  RMSD=1.7
  seed_122_arm_t1_cond_pH_7_4_target__9_0_charge__11 TM-score=0.8958  RMSD=1.71
  seed_123_arm_t1_cond_pH_7_4_target__9_0_charge__14 TM-score=0.88889  RMSD=1.63
  seed_124_arm_t1_cond_pH_7_4_target__9_0_charge__12 TM-score=0.9013  RMSD=1.77
  seed_125_arm_t1_cond_pH_7_4_target__9_0_charge__16 TM-score=0.8418  RMSD=1.61
  seed_126_arm_t1_cond_pH_7_4_target__9_0_charge__11 TM-score=0.90704  RMSD=1.27
  seed_127_arm_t1_cond_pH_7_4_target__9_0_charge__10 TM-score=0.88674  RMSD=1.66
  seed_128_arm_t1_cond_pH_7_4_target__9_0_charge__10 TM-score=0.92103  RMSD=1.29
  seed_129_arm_t1_cond_pH_7_4_target__9_0_charge__16 TM-score=0.90207  RMSD=1.65
  seed_130_arm_t1_cond_pH_7_4_target__9_0_charge__15 TM-score=0.91128  RMSD=1.51
已写入 code/output/finetune_v2_validate/1BC8/t1_cond//tm.csv
  1BC8/t1_cond tm DONE
  seed_111_arm_t2_neg_pH_7_4_target__4_0_charge__7_9 TM-score=0.91632  RMSD=1.56
  seed_112_arm_t2_neg_pH_7_4_target__4_0_charge__6_9 TM-score=0.91791  RMSD=1.35
  seed_113_arm_t2_neg_pH_7_4_target__4_0_charge_-0_9 TM-score=0.87182  RMSD=1.63
  seed_114_arm_t2_neg_pH_7_4_target__4_0_charge__0_0 TM-score=0.87154  RMSD=2.02
  seed_115_arm_t2_neg_pH_7_4_target__4_0_charge__5_9 TM-score=0.88316  RMSD=2.02
  seed_116_arm_t2_neg_pH_7_4_target__4_0_charge__5_9 TM-score=0.88663  RMSD=1.67
  seed_117_arm_t2_neg_pH_7_4_target__4_0_charge__2_9 TM-score=0.89566  RMSD=1.62
  seed_118_arm_t2_neg_pH_7_4_target__4_0_charge__7_0 TM-score=0.9059  RMSD=1.65
  seed_119_arm_t2_neg_pH_7_4_target__4_0_charge__3_9 TM-score=0.88474  RMSD=1.81
  seed_120_arm_t2_neg_pH_7_4_target__4_0_charge__2_0 TM-score=0.84866  RMSD=2.08
  seed_121_arm_t2_neg_pH_7_4_target__4_0_charge_-1_0 TM-score=0.89627  RMSD=1.42
  seed_122_arm_t2_neg_pH_7_4_target__4_0_charge__3_0 TM-score=0.86693  RMSD=1.93
  seed_123_arm_t2_neg_pH_7_4_target__4_0_charge__2_1 TM-score=0.87807  RMSD=1.53
  seed_124_arm_t2_neg_pH_7_4_target__4_0_charge__6_0 TM-score=0.82989  RMSD=1.63
  seed_125_arm_t2_neg_pH_7_4_target__4_0_charge__7_9 TM-score=0.91008  RMSD=1.25
  seed_126_arm_t2_neg_pH_7_4_target__4_0_charge__0_9 TM-score=0.87619  RMSD=1.77
  seed_127_arm_t2_neg_pH_7_4_target__4_0_charge__6_0 TM-score=0.90015  RMSD=1.56
  seed_128_arm_t2_neg_pH_7_4_target__4_0_charge__2_9 TM-score=0.90525  RMSD=1.24
  seed_129_arm_t2_neg_pH_7_4_target__4_0_charge__4_9 TM-score=0.91161  RMSD=1.27
  seed_130_arm_t2_neg_pH_7_4_target__4_0_charge__3_0 TM-score=0.86956  RMSD=1.82
已写入 code/output/finetune_v2_validate/1BC8/t2_neg//tm.csv
  1BC8/t2_neg tm DONE
  seed_111_arm_t2_ph_pH_7_4_target_占位_charge_-11_00 TM-score=0.32319  RMSD=4.88
  seed_112_arm_t2_ph_pH_7_4_target_占位_charge_-13_99 TM-score=0.31929  RMSD=4.2
  seed_113_arm_t2_ph_pH_7_4_target_占位_charge_-12_96 TM-score=0.37504  RMSD=3.55
  seed_114_arm_t2_ph_pH_7_4_target_占位_charge_-11_00 TM-score=0.33836  RMSD=4.07
  seed_115_arm_t2_ph_pH_7_4_target_占位_charge_-15_99 TM-score=0.37313  RMSD=3.23
  seed_116_arm_t2_ph_pH_7_4_target_占位_charge_-9_00 TM-score=0.33103  RMSD=5.0
  seed_117_arm_t2_ph_pH_7_4_target_占位_charge_-2_00 TM-score=0.31882  RMSD=4.52
  seed_118_arm_t2_ph_pH_7_4_target_占位_charge_-11_00 TM-score=0.41852  RMSD=3.97
  seed_119_arm_t2_ph_pH_7_4_target_占位_charge_-10_00 TM-score=0.25082  RMSD=4.46
  seed_120_arm_t2_ph_pH_7_4_target_占位_charge_-3_00 TM-score=0.26108  RMSD=4.91
  seed_121_arm_t2_ph_pH_7_4_target_占位_charge_-9_00 TM-score=0.24164  RMSD=4.9
  seed_122_arm_t2_ph_pH_7_4_target_占位_charge_-9_00 TM-score=0.31446  RMSD=4.9
  seed_123_arm_t2_ph_pH_7_4_target_占位_charge_-10_96 TM-score=0.28601  RMSD=5.15
  seed_124_arm_t2_ph_pH_7_4_target_占位_charge_-9_00 TM-score=0.33917  RMSD=3.96
  seed_125_arm_t2_ph_pH_7_4_target_占位_charge_-2_00 TM-score=0.3668  RMSD=3.83
  seed_126_arm_t2_ph_pH_7_4_target_占位_charge_-8_00 TM-score=0.32464  RMSD=4.14
  seed_127_arm_t2_ph_pH_7_4_target_占位_charge__9_99 TM-score=0.2983  RMSD=4.45
  seed_128_arm_t2_ph_pH_7_4_target_占位_charge_-5_00 TM-score=0.30209  RMSD=4.32
  seed_129_arm_t2_ph_pH_7_4_target_占位_charge_-12_00 TM-score=0.38072  RMSD=4.15
  seed_130_arm_t2_ph_pH_7_4_target_占位_charge_-14_99 TM-score=0.31134  RMSD=4.43
已写入 code/output/finetune_v2_validate/1BC8/t2_ph//tm.csv
  1BC8/t2_ph tm DONE
  seed_111_arm_t2_pos_pH_7_4_target__14_0_charge__23 TM-score=0.85782  RMSD=1.91
  seed_112_arm_t2_pos_pH_7_4_target__14_0_charge__21 TM-score=0.89007  RMSD=1.5
  seed_113_arm_t2_pos_pH_7_4_target__14_0_charge__18 TM-score=0.89962  RMSD=1.57
  seed_114_arm_t2_pos_pH_7_4_target__14_0_charge__18 TM-score=0.90564  RMSD=1.6
  seed_115_arm_t2_pos_pH_7_4_target__14_0_charge__22 TM-score=0.77668  RMSD=2.26
  seed_116_arm_t2_pos_pH_7_4_target__14_0_charge__22 TM-score=0.90108  RMSD=1.39
  seed_117_arm_t2_pos_pH_7_4_target__14_0_charge__14 TM-score=0.90301  RMSD=1.66
  seed_118_arm_t2_pos_pH_7_4_target__14_0_charge__19 TM-score=0.83349  RMSD=1.83
  seed_119_arm_t2_pos_pH_7_4_target__14_0_charge__20 TM-score=0.83703  RMSD=1.7
  seed_120_arm_t2_pos_pH_7_4_target__14_0_charge__16 TM-score=0.85837  RMSD=1.76
  seed_121_arm_t2_pos_pH_7_4_target__14_0_charge__21 TM-score=0.861  RMSD=1.78
  seed_122_arm_t2_pos_pH_7_4_target__14_0_charge__18 TM-score=0.75996  RMSD=1.97
  seed_123_arm_t2_pos_pH_7_4_target__14_0_charge__16 TM-score=0.81505  RMSD=2.19
  seed_124_arm_t2_pos_pH_7_4_target__14_0_charge__19 TM-score=0.6734  RMSD=2.88
  seed_125_arm_t2_pos_pH_7_4_target__14_0_charge__23 TM-score=0.84492  RMSD=1.6
  seed_126_arm_t2_pos_pH_7_4_target__14_0_charge__21 TM-score=0.88111  RMSD=1.66
  seed_127_arm_t2_pos_pH_7_4_target__14_0_charge__27 TM-score=0.82214  RMSD=2.21
  seed_128_arm_t2_pos_pH_7_4_target__14_0_charge__19 TM-score=0.87729  RMSD=1.66
  seed_129_arm_t2_pos_pH_7_4_target__14_0_charge__15 TM-score=0.84332  RMSD=1.83
  seed_130_arm_t2_pos_pH_7_4_target__14_0_charge__17 TM-score=0.89244  RMSD=1.87
已写入 code/output/finetune_v2_validate/1BC8/t2_pos//tm.csv
  1BC8/t2_pos tm DONE
  seed_111_arm_t1_base_pH_7_4_target_-1_0_charge_-0_ TM-score=0.87363  RMSD=0.91
  seed_112_arm_t1_base_pH_7_4_target_-1_0_charge__0_ TM-score=0.88223  RMSD=0.88
  seed_113_arm_t1_base_pH_7_4_target_-1_0_charge__0_ TM-score=0.89389  RMSD=0.77
  seed_114_arm_t1_base_pH_7_4_target_-1_0_charge_-0_ TM-score=0.91385  RMSD=0.69
  seed_115_arm_t1_base_pH_7_4_target_-1_0_charge__3_ TM-score=0.80275  RMSD=1.52
  seed_116_arm_t1_base_pH_7_4_target_-1_0_charge_-1_ TM-score=0.88471  RMSD=0.75
  seed_117_arm_t1_base_pH_7_4_target_-1_0_charge_-2_ TM-score=0.89016  RMSD=0.95
  seed_118_arm_t1_base_pH_7_4_target_-1_0_charge_-2_ TM-score=0.88143  RMSD=0.89
  seed_119_arm_t1_base_pH_7_4_target_-1_0_charge_-0_ TM-score=0.89226  RMSD=0.78
  seed_120_arm_t1_base_pH_7_4_target_-1_0_charge__1_ TM-score=0.89062  RMSD=0.92
  seed_121_arm_t1_base_pH_7_4_target_-1_0_charge_-1_ TM-score=0.64907  RMSD=1.81
  seed_122_arm_t1_base_pH_7_4_target_-1_0_charge__1_ TM-score=0.90264  RMSD=0.8
  seed_123_arm_t1_base_pH_7_4_target_-1_0_charge__0_ TM-score=0.88982  RMSD=0.73
  seed_124_arm_t1_base_pH_7_4_target_-1_0_charge_-1_ TM-score=0.87067  RMSD=0.89
  seed_125_arm_t1_base_pH_7_4_target_-1_0_charge__1_ TM-score=0.85343  RMSD=1.12
  seed_126_arm_t1_base_pH_7_4_target_-1_0_charge_-0_ TM-score=0.90963  RMSD=0.71
  seed_127_arm_t1_base_pH_7_4_target_-1_0_charge_-0_ TM-score=0.89829  RMSD=0.77
  seed_128_arm_t1_base_pH_7_4_target_-1_0_charge__1_ TM-score=0.34267  RMSD=3.02
  seed_129_arm_t1_base_pH_7_4_target_-1_0_charge_-2_ TM-score=0.89417  RMSD=0.77
  seed_130_arm_t1_base_pH_7_4_target_-1_0_charge__0_ TM-score=0.90458  RMSD=0.74
已写入 code/output/finetune_v2_validate/1CRN/t1_base//tm.csv
  1CRN/t1_base tm DONE
  seed_111_arm_t1_cond_pH_7_4_target_-1_0_charge__2_ TM-score=0.89753  RMSD=0.69
  seed_112_arm_t1_cond_pH_7_4_target_-1_0_charge_-0_ TM-score=0.87567  RMSD=0.95
  seed_113_arm_t1_cond_pH_7_4_target_-1_0_charge__0_ TM-score=0.87188  RMSD=0.96
  seed_114_arm_t1_cond_pH_7_4_target_-1_0_charge_-2_ TM-score=0.88618  RMSD=0.75
  seed_115_arm_t1_cond_pH_7_4_target_-1_0_charge_-0_ TM-score=0.91317  RMSD=0.72
  seed_116_arm_t1_cond_pH_7_4_target_-1_0_charge_-2_ TM-score=0.85332  RMSD=0.99
  seed_117_arm_t1_cond_pH_7_4_target_-1_0_charge_-1_ TM-score=0.7856  RMSD=1.66
  seed_118_arm_t1_cond_pH_7_4_target_-1_0_charge_-0_ TM-score=0.87996  RMSD=0.93
  seed_119_arm_t1_cond_pH_7_4_target_-1_0_charge__1_ TM-score=0.89676  RMSD=0.75
  seed_120_arm_t1_cond_pH_7_4_target_-1_0_charge__2_ TM-score=0.89247  RMSD=0.78
  seed_121_arm_t1_cond_pH_7_4_target_-1_0_charge_-1_ TM-score=0.89047  RMSD=0.72
  seed_122_arm_t1_cond_pH_7_4_target_-1_0_charge_-0_ TM-score=0.87468  RMSD=0.93
  seed_123_arm_t1_cond_pH_7_4_target_-1_0_charge__1_ TM-score=0.88661  RMSD=0.98
  seed_124_arm_t1_cond_pH_7_4_target_-1_0_charge__0_ TM-score=0.87338  RMSD=0.87
  seed_125_arm_t1_cond_pH_7_4_target_-1_0_charge__0_ TM-score=0.88777  RMSD=0.91
  seed_126_arm_t1_cond_pH_7_4_target_-1_0_charge__0_ TM-score=0.88589  RMSD=0.8
  seed_127_arm_t1_cond_pH_7_4_target_-1_0_charge__3_ TM-score=0.90724  RMSD=0.74
  seed_128_arm_t1_cond_pH_7_4_target_-1_0_charge__1_ TM-score=0.90915  RMSD=0.71
  seed_129_arm_t1_cond_pH_7_4_target_-1_0_charge__0_ TM-score=0.89874  RMSD=0.75
  seed_130_arm_t1_cond_pH_7_4_target_-1_0_charge__0_ TM-score=0.67181  RMSD=1.96
已写入 code/output/finetune_v2_validate/1CRN/t1_cond//tm.csv
  1CRN/t1_cond tm DONE
  seed_111_arm_t2_neg_pH_7_4_target_-6_0_charge_-4_6 TM-score=0.88395  RMSD=0.91
  seed_112_arm_t2_neg_pH_7_4_target_-6_0_charge_-2_6 TM-score=0.92507  RMSD=0.66
  seed_113_arm_t2_neg_pH_7_4_target_-6_0_charge_-2_6 TM-score=0.86939  RMSD=0.98
  seed_114_arm_t2_neg_pH_7_4_target_-6_0_charge_-5_6 TM-score=0.89045  RMSD=0.9
  seed_115_arm_t2_neg_pH_7_4_target_-6_0_charge_-6_6 TM-score=0.92616  RMSD=0.64
  seed_116_arm_t2_neg_pH_7_4_target_-6_0_charge_-5_6 TM-score=0.91752  RMSD=0.66
  seed_117_arm_t2_neg_pH_7_4_target_-6_0_charge_-6_6 TM-score=0.90784  RMSD=0.73
  seed_118_arm_t2_neg_pH_7_4_target_-6_0_charge_-6_6 TM-score=0.86797  RMSD=0.98
  seed_119_arm_t2_neg_pH_7_4_target_-6_0_charge_-0_6 TM-score=0.90714  RMSD=0.72
  seed_120_arm_t2_neg_pH_7_4_target_-6_0_charge_-5_6 TM-score=0.90778  RMSD=0.7
  seed_121_arm_t2_neg_pH_7_4_target_-6_0_charge_-8_6 TM-score=0.67751  RMSD=1.81
  seed_122_arm_t2_neg_pH_7_4_target_-6_0_charge_-6_6 TM-score=0.86986  RMSD=1.0
  seed_123_arm_t2_neg_pH_7_4_target_-6_0_charge_-2_6 TM-score=0.8894  RMSD=0.92
  seed_124_arm_t2_neg_pH_7_4_target_-6_0_charge_-6_6 TM-score=0.88656  RMSD=0.84
  seed_125_arm_t2_neg_pH_7_4_target_-6_0_charge_-7_6 TM-score=0.88343  RMSD=0.92
  seed_126_arm_t2_neg_pH_7_4_target_-6_0_charge_-6_6 TM-score=0.88716  RMSD=0.8
  seed_127_arm_t2_neg_pH_7_4_target_-6_0_charge_-4_6 TM-score=0.88395  RMSD=0.84
  seed_128_arm_t2_neg_pH_7_4_target_-6_0_charge_-2_6 TM-score=0.88463  RMSD=0.9
  seed_129_arm_t2_neg_pH_7_4_target_-6_0_charge_-6_6 TM-score=0.92646  RMSD=0.64
  seed_130_arm_t2_neg_pH_7_4_target_-6_0_charge_-4_6 TM-score=0.89874  RMSD=0.76
已写入 code/output/finetune_v2_validate/1CRN/t2_neg//tm.csv
  1CRN/t2_neg tm DONE
  seed_111_arm_t2_ph_pH_7_4_target_占位_charge_-7_00 TM-score=0.20268  RMSD=3.93
  seed_112_arm_t2_ph_pH_7_4_target_占位_charge_-9_00 TM-score=0.39193  RMSD=2.3
  seed_113_arm_t2_ph_pH_7_4_target_占位_charge_-6_00 TM-score=0.41713  RMSD=3.12
  seed_114_arm_t2_ph_pH_7_4_target_占位_charge_-8_00 TM-score=0.31427  RMSD=3.22
  seed_115_arm_t2_ph_pH_7_4_target_占位_charge_-12_00 TM-score=0.31205  RMSD=2.81
  seed_116_arm_t2_ph_pH_7_4_target_占位_charge_-8_00 TM-score=0.41557  RMSD=3.23
  seed_117_arm_t2_ph_pH_7_4_target_占位_charge_-3_00 TM-score=0.35466  RMSD=3.18
  seed_118_arm_t2_ph_pH_7_4_target_占位_charge_-9_00 TM-score=0.32329  RMSD=2.41
  seed_119_arm_t2_ph_pH_7_4_target_占位_charge_-4_00 TM-score=0.35441  RMSD=1.27
  seed_120_arm_t2_ph_pH_7_4_target_占位_charge_-4_00 TM-score=0.2894  RMSD=3.95
  seed_121_arm_t2_ph_pH_7_4_target_占位_charge_-9_00 TM-score=0.29894  RMSD=2.25
  seed_122_arm_t2_ph_pH_7_4_target_占位_charge_-7_00 TM-score=0.42735  RMSD=2.55
  seed_123_arm_t2_ph_pH_7_4_target_占位_charge_-3_96 TM-score=0.30577  RMSD=2.38
  seed_124_arm_t2_ph_pH_7_4_target_占位_charge_-5_00 TM-score=0.30818  RMSD=2.58
  seed_125_arm_t2_ph_pH_7_4_target_占位_charge__2_00 TM-score=0.33537  RMSD=2.81
  seed_126_arm_t2_ph_pH_7_4_target_占位_charge_-2_12 TM-score=0.35445  RMSD=3.09
  seed_127_arm_t2_ph_pH_7_4_target_占位_charge__8_99 TM-score=0.3086  RMSD=2.53
  seed_128_arm_t2_ph_pH_7_4_target_占位_charge_-2_00 TM-score=0.35994  RMSD=3.54
  seed_129_arm_t2_ph_pH_7_4_target_占位_charge_-2_00 TM-score=0.35152  RMSD=2.94
  seed_130_arm_t2_ph_pH_7_4_target_占位_charge_-10_00 TM-score=0.34265  RMSD=3.47
已写入 code/output/finetune_v2_validate/1CRN/t2_ph//tm.csv
  1CRN/t2_ph tm DONE
  seed_111_arm_t2_pos_pH_7_4_target__4_0_charge__3_3 TM-score=0.89782  RMSD=0.81
  seed_112_arm_t2_pos_pH_7_4_target__4_0_charge__2_3 TM-score=0.88222  RMSD=0.93
  seed_113_arm_t2_pos_pH_7_4_target__4_0_charge__2_3 TM-score=0.88742  RMSD=0.88
  seed_114_arm_t2_pos_pH_7_4_target__4_0_charge__1_3 TM-score=0.92132  RMSD=0.67
  seed_115_arm_t2_pos_pH_7_4_target__4_0_charge__3_3 TM-score=0.81348  RMSD=1.24
  seed_116_arm_t2_pos_pH_7_4_target__4_0_charge__2_3 TM-score=0.8606  RMSD=0.92
  seed_117_arm_t2_pos_pH_7_4_target__4_0_charge_-0_6 TM-score=0.89619  RMSD=0.78
  seed_118_arm_t2_pos_pH_7_4_target__4_0_charge__1_3 TM-score=0.90299  RMSD=0.84
  seed_119_arm_t2_pos_pH_7_4_target__4_0_charge__3_3 TM-score=0.90458  RMSD=0.73
  seed_120_arm_t2_pos_pH_7_4_target__4_0_charge__3_3 TM-score=0.82574  RMSD=1.22
  seed_121_arm_t2_pos_pH_7_4_target__4_0_charge_-0_6 TM-score=0.88722  RMSD=0.75
  seed_122_arm_t2_pos_pH_7_4_target__4_0_charge__2_3 TM-score=0.90459  RMSD=0.8
  seed_123_arm_t2_pos_pH_7_4_target__4_0_charge__4_3 TM-score=0.66737  RMSD=1.84
  seed_124_arm_t2_pos_pH_7_4_target__4_0_charge__1_3 TM-score=0.88939  RMSD=0.84
  seed_125_arm_t2_pos_pH_7_4_target__4_0_charge__6_3 TM-score=0.88222  RMSD=0.76
  seed_126_arm_t2_pos_pH_7_4_target__4_0_charge__1_3 TM-score=0.89896  RMSD=0.77
  seed_127_arm_t2_pos_pH_7_4_target__4_0_charge__4_3 TM-score=0.90026  RMSD=0.76
  seed_128_arm_t2_pos_pH_7_4_target__4_0_charge__4_3 TM-score=0.88218  RMSD=1.03
  seed_129_arm_t2_pos_pH_7_4_target__4_0_charge_-0_6 TM-score=0.88545  RMSD=0.82
  seed_130_arm_t2_pos_pH_7_4_target__4_0_charge_-0_6 TM-score=0.89781  RMSD=0.77
已写入 code/output/finetune_v2_validate/1CRN/t2_pos//tm.csv
  1CRN/t2_pos tm DONE
  seed_111_arm_t1_base_pH_7_4_target__0_0_charge_-0_ TM-score=0.96245  RMSD=0.74
  seed_112_arm_t1_base_pH_7_4_target__0_0_charge_-3_ TM-score=0.96409  RMSD=0.75
  seed_113_arm_t1_base_pH_7_4_target__0_0_charge_-1_ TM-score=0.96211  RMSD=0.99
  seed_114_arm_t1_base_pH_7_4_target__0_0_charge_-1_ TM-score=0.96554  RMSD=0.83
  seed_115_arm_t1_base_pH_7_4_target__0_0_charge__0_ TM-score=0.95746  RMSD=0.79
  seed_116_arm_t1_base_pH_7_4_target__0_0_charge_-0_ TM-score=0.95868  RMSD=1.04
  seed_117_arm_t1_base_pH_7_4_target__0_0_charge__0_ TM-score=0.96334  RMSD=0.75
  seed_118_arm_t1_base_pH_7_4_target__0_0_charge_-4_ TM-score=0.94451  RMSD=1.12
  seed_119_arm_t1_base_pH_7_4_target__0_0_charge_-0_ TM-score=0.96475  RMSD=0.68
  seed_120_arm_t1_base_pH_7_4_target__0_0_charge_-1_ TM-score=0.96225  RMSD=0.92
  seed_121_arm_t1_base_pH_7_4_target__0_0_charge_-0_ TM-score=0.9542  RMSD=0.92
  seed_122_arm_t1_base_pH_7_4_target__0_0_charge_-0_ TM-score=0.96945  RMSD=0.8
  seed_123_arm_t1_base_pH_7_4_target__0_0_charge__1_ TM-score=0.96244  RMSD=0.76
  seed_124_arm_t1_base_pH_7_4_target__0_0_charge_-3_ TM-score=0.96262  RMSD=0.74
  seed_125_arm_t1_base_pH_7_4_target__0_0_charge_-0_ TM-score=0.95838  RMSD=0.79
  seed_126_arm_t1_base_pH_7_4_target__0_0_charge_-3_ TM-score=0.96395  RMSD=0.53
  seed_127_arm_t1_base_pH_7_4_target__0_0_charge__2_ TM-score=0.95433  RMSD=0.92
  seed_128_arm_t1_base_pH_7_4_target__0_0_charge__3_ TM-score=0.95928  RMSD=0.79
  seed_129_arm_t1_base_pH_7_4_target__0_0_charge_-2_ TM-score=0.94427  RMSD=1.21
  seed_130_arm_t1_base_pH_7_4_target__0_0_charge_-5_ TM-score=0.96638  RMSD=0.71
已写入 code/output/finetune_v2_validate/1UBQ/t1_base//tm.csv
  1UBQ/t1_base tm DONE
  seed_111_arm_t1_cond_pH_7_4_target__0_0_charge__0_ TM-score=0.93327  RMSD=1.05
  seed_112_arm_t1_cond_pH_7_4_target__0_0_charge_-3_ TM-score=0.96227  RMSD=0.75
  seed_113_arm_t1_cond_pH_7_4_target__0_0_charge_-0_ TM-score=0.95322  RMSD=0.85
  seed_114_arm_t1_cond_pH_7_4_target__0_0_charge_-1_ TM-score=0.95266  RMSD=1.07
  seed_115_arm_t1_cond_pH_7_4_target__0_0_charge_-1_ TM-score=0.95327  RMSD=1.09
  seed_116_arm_t1_cond_pH_7_4_target__0_0_charge_-3_ TM-score=0.96645  RMSD=0.68
  seed_117_arm_t1_cond_pH_7_4_target__0_0_charge__2_ TM-score=0.96007  RMSD=0.88
  seed_118_arm_t1_cond_pH_7_4_target__0_0_charge_-1_ TM-score=0.93204  RMSD=1.0
  seed_119_arm_t1_cond_pH_7_4_target__0_0_charge__0_ TM-score=0.9615  RMSD=0.61
  seed_120_arm_t1_cond_pH_7_4_target__0_0_charge_-3_ TM-score=0.96455  RMSD=1.01
  seed_121_arm_t1_cond_pH_7_4_target__0_0_charge_-0_ TM-score=0.95019  RMSD=0.89
  seed_122_arm_t1_cond_pH_7_4_target__0_0_charge_-4_ TM-score=0.96178  RMSD=0.76
  seed_123_arm_t1_cond_pH_7_4_target__0_0_charge__0_ TM-score=0.95469  RMSD=1.0
  seed_124_arm_t1_cond_pH_7_4_target__0_0_charge_-3_ TM-score=0.96235  RMSD=0.81
  seed_125_arm_t1_cond_pH_7_4_target__0_0_charge_-0_ TM-score=0.9423  RMSD=0.96
  seed_126_arm_t1_cond_pH_7_4_target__0_0_charge_-1_ TM-score=0.96862  RMSD=0.98
  seed_127_arm_t1_cond_pH_7_4_target__0_0_charge__0_ TM-score=0.96672  RMSD=0.97
  seed_128_arm_t1_cond_pH_7_4_target__0_0_charge__1_ TM-score=0.95623  RMSD=0.83
  seed_129_arm_t1_cond_pH_7_4_target__0_0_charge__0_ TM-score=0.96366  RMSD=0.75
  seed_130_arm_t1_cond_pH_7_4_target__0_0_charge_-1_ TM-score=0.96557  RMSD=0.94
已写入 code/output/finetune_v2_validate/1UBQ/t1_cond//tm.csv
  1UBQ/t1_cond tm DONE
  seed_111_arm_t2_neg_pH_7_4_target_-5_0_charge_-4_0 TM-score=0.96141  RMSD=0.76
  seed_112_arm_t2_neg_pH_7_4_target_-5_0_charge_-6_0 TM-score=0.96823  RMSD=0.74
  seed_113_arm_t2_neg_pH_7_4_target_-5_0_charge_-2_9 TM-score=0.96727  RMSD=0.86
  seed_114_arm_t2_neg_pH_7_4_target_-5_0_charge_-6_9 TM-score=0.96746  RMSD=1.03
  seed_115_arm_t2_neg_pH_7_4_target_-5_0_charge_-4_9 TM-score=0.95611  RMSD=0.8
  seed_116_arm_t2_neg_pH_7_4_target_-5_0_charge_-7_0 TM-score=0.95656  RMSD=0.92
  seed_117_arm_t2_neg_pH_7_4_target_-5_0_charge_-0_0 TM-score=0.95953  RMSD=0.8
  seed_118_arm_t2_neg_pH_7_4_target_-5_0_charge_-12_ TM-score=0.96612  RMSD=0.98
  seed_119_arm_t2_neg_pH_7_4_target_-5_0_charge_-6_0 TM-score=0.96098  RMSD=1.11
  seed_120_arm_t2_neg_pH_7_4_target_-5_0_charge_-5_0 TM-score=0.9602  RMSD=0.76
  seed_121_arm_t2_neg_pH_7_4_target_-5_0_charge_-5_0 TM-score=0.96008  RMSD=0.85
  seed_122_arm_t2_neg_pH_7_4_target_-5_0_charge_-4_0 TM-score=0.95898  RMSD=0.8
  seed_123_arm_t2_neg_pH_7_4_target_-5_0_charge_-7_0 TM-score=0.96322  RMSD=0.81
  seed_124_arm_t2_neg_pH_7_4_target_-5_0_charge_-7_0 TM-score=0.96045  RMSD=0.82
  seed_125_arm_t2_neg_pH_7_4_target_-5_0_charge_-5_0 TM-score=0.96719  RMSD=0.82
  seed_126_arm_t2_neg_pH_7_4_target_-5_0_charge_-6_0 TM-score=0.96717  RMSD=1.12
  seed_127_arm_t2_neg_pH_7_4_target_-5_0_charge_-7_0 TM-score=0.96968  RMSD=0.95
  seed_128_arm_t2_neg_pH_7_4_target_-5_0_charge_-2_0 TM-score=0.9614  RMSD=1.13
  seed_129_arm_t2_neg_pH_7_4_target_-5_0_charge_-5_0 TM-score=0.95962  RMSD=0.78
  seed_130_arm_t2_neg_pH_7_4_target_-5_0_charge_-6_0 TM-score=0.96386  RMSD=0.71
已写入 code/output/finetune_v2_validate/1UBQ/t2_neg//tm.csv
  1UBQ/t2_neg tm DONE
  seed_111_arm_t2_ph_pH_7_4_target_占位_charge_-17_99 TM-score=0.22075  RMSD=4.39
  seed_112_arm_t2_ph_pH_7_4_target_占位_charge_-15_99 TM-score=0.19656  RMSD=5.11
  seed_113_arm_t2_ph_pH_7_4_target_占位_charge_-24_99 TM-score=0.21109  RMSD=4.01
  seed_114_arm_t2_ph_pH_7_4_target_占位_charge_-16_99 TM-score=0.27695  RMSD=3.93
  seed_115_arm_t2_ph_pH_7_4_target_占位_charge_-19_99 TM-score=0.18541  RMSD=3.03
  seed_116_arm_t2_ph_pH_7_4_target_占位_charge_-9_00 TM-score=0.24731  RMSD=5.0
  seed_117_arm_t2_ph_pH_7_4_target_占位_charge_-8_00 TM-score=0.25927  RMSD=4.71
  seed_118_arm_t2_ph_pH_7_4_target_占位_charge_-19_99 TM-score=0.21044  RMSD=2.27
  seed_119_arm_t2_ph_pH_7_4_target_占位_charge_-21_99 TM-score=0.18014  RMSD=2.24
  seed_120_arm_t2_ph_pH_7_4_target_占位_charge_-3_00 TM-score=0.1829  RMSD=3.01
  seed_121_arm_t2_ph_pH_7_4_target_占位_charge_-17_99 TM-score=0.18749  RMSD=2.58
  seed_122_arm_t2_ph_pH_7_4_target_占位_charge_-23_99 TM-score=0.25142  RMSD=4.35
  seed_123_arm_t2_ph_pH_7_4_target_占位_charge_-20_95 TM-score=0.17749  RMSD=1.54
  seed_124_arm_t2_ph_pH_7_4_target_占位_charge_-22_99 TM-score=0.22795  RMSD=3.72
  seed_125_arm_t2_ph_pH_7_4_target_占位_charge_-18_99 TM-score=0.21468  RMSD=4.84
  seed_126_arm_t2_ph_pH_7_4_target_占位_charge_-17_99 TM-score=0.23476  RMSD=4.16
  seed_127_arm_t2_ph_pH_7_4_target_占位_charge_-1_00 TM-score=0.20864  RMSD=3.75
  seed_128_arm_t2_ph_pH_7_4_target_占位_charge_-11_00 TM-score=0.33547  RMSD=3.66
  seed_129_arm_t2_ph_pH_7_4_target_占位_charge_-16_99 TM-score=0.2032  RMSD=1.85
  seed_130_arm_t2_ph_pH_7_4_target_占位_charge_-12_99 TM-score=0.17983  RMSD=2.23
已写入 code/output/finetune_v2_validate/1UBQ/t2_ph//tm.csv
  1UBQ/t2_ph tm DONE
  seed_111_arm_t2_pos_pH_7_4_target__5_0_charge__2_9 TM-score=0.96104  RMSD=0.95
  seed_112_arm_t2_pos_pH_7_4_target__5_0_charge__4_9 TM-score=0.95045  RMSD=0.97
  seed_113_arm_t2_pos_pH_7_4_target__5_0_charge__0_9 TM-score=0.95133  RMSD=0.85
  seed_114_arm_t2_pos_pH_7_4_target__5_0_charge__1_0 TM-score=0.96645  RMSD=0.93
  seed_115_arm_t2_pos_pH_7_4_target__5_0_charge__3_0 TM-score=0.95583  RMSD=0.89
  seed_116_arm_t2_pos_pH_7_4_target__5_0_charge__2_9 TM-score=0.95995  RMSD=0.8
  seed_117_arm_t2_pos_pH_7_4_target__5_0_charge__3_9 TM-score=0.96319  RMSD=0.77
  seed_118_arm_t2_pos_pH_7_4_target__5_0_charge_-1_0 TM-score=0.95104  RMSD=1.18
  seed_119_arm_t2_pos_pH_7_4_target__5_0_charge__5_9 TM-score=0.96338  RMSD=0.72
  seed_120_arm_t2_pos_pH_7_4_target__5_0_charge__1_9 TM-score=0.94966  RMSD=0.97
  seed_121_arm_t2_pos_pH_7_4_target__5_0_charge__2_9 TM-score=0.94011  RMSD=1.1
  seed_122_arm_t2_pos_pH_7_4_target__5_0_charge_-0_0 TM-score=0.96016  RMSD=0.65
  seed_123_arm_t2_pos_pH_7_4_target__5_0_charge__1_9 TM-score=0.96106  RMSD=0.86
  seed_124_arm_t2_pos_pH_7_4_target__5_0_charge__0_9 TM-score=0.95625  RMSD=0.67
  seed_125_arm_t2_pos_pH_7_4_target__5_0_charge__3_9 TM-score=0.95769  RMSD=0.79
  seed_126_arm_t2_pos_pH_7_4_target__5_0_charge__5_9 TM-score=0.95702  RMSD=1.03
  seed_127_arm_t2_pos_pH_7_4_target__5_0_charge__5_9 TM-score=0.96509  RMSD=0.7
  seed_128_arm_t2_pos_pH_7_4_target__5_0_charge__4_9 TM-score=0.93766  RMSD=0.89
  seed_129_arm_t2_pos_pH_7_4_target__5_0_charge__3_9 TM-score=0.94575  RMSD=1.11
  seed_130_arm_t2_pos_pH_7_4_target__5_0_charge__3_9 TM-score=0.97141  RMSD=0.72
已写入 code/output/finetune_v2_validate/1UBQ/t2_pos//tm.csv
  1UBQ/t2_pos tm DONE
  seed_111_arm_t1_base_pH_7_4_target__8_0_charge__9_ TM-score=0.97357  RMSD=0.82
  seed_112_arm_t1_base_pH_7_4_target__8_0_charge__11 TM-score=0.98431  RMSD=0.61
  seed_113_arm_t1_base_pH_7_4_target__8_0_charge__19 TM-score=0.98061  RMSD=0.69
  seed_114_arm_t1_base_pH_7_4_target__8_0_charge__14 TM-score=0.98504  RMSD=0.59
  seed_115_arm_t1_base_pH_7_4_target__8_0_charge__12 TM-score=0.95784  RMSD=1.02
  seed_116_arm_t1_base_pH_7_4_target__8_0_charge__12 TM-score=0.98563  RMSD=0.6
  seed_117_arm_t1_base_pH_7_4_target__8_0_charge__11 TM-score=0.98143  RMSD=0.67
  seed_118_arm_t1_base_pH_7_4_target__8_0_charge__13 TM-score=0.98717  RMSD=0.57
  seed_119_arm_t1_base_pH_7_4_target__8_0_charge__9_ TM-score=0.94851  RMSD=1.13
  seed_120_arm_t1_base_pH_7_4_target__8_0_charge__13 TM-score=0.97682  RMSD=0.77
  seed_121_arm_t1_base_pH_7_4_target__8_0_charge__7_ TM-score=0.96444  RMSD=0.93
  seed_122_arm_t1_base_pH_7_4_target__8_0_charge__11 TM-score=0.95392  RMSD=1.07
  seed_123_arm_t1_base_pH_7_4_target__8_0_charge__13 TM-score=0.98479  RMSD=0.6
  seed_124_arm_t1_base_pH_7_4_target__8_0_charge__8_ TM-score=0.94355  RMSD=1.23
  seed_125_arm_t1_base_pH_7_4_target__8_0_charge__11 TM-score=0.96655  RMSD=0.9
  seed_126_arm_t1_base_pH_7_4_target__8_0_charge__19 TM-score=0.98128  RMSD=0.67
  seed_127_arm_t1_base_pH_7_4_target__8_0_charge__18 TM-score=0.93579  RMSD=1.41
  seed_128_arm_t1_base_pH_7_4_target__8_0_charge__11 TM-score=0.97017  RMSD=0.86
  seed_129_arm_t1_base_pH_7_4_target__8_0_charge__10 TM-score=0.96766  RMSD=0.96
  seed_130_arm_t1_base_pH_7_4_target__8_0_charge__14 TM-score=0.97955  RMSD=0.7
已写入 code/output/finetune_v2_validate/2LZM/t1_base//tm.csv
  2LZM/t1_base tm DONE
  seed_111_arm_t1_cond_pH_7_4_target__8_0_charge__13 TM-score=0.96827  RMSD=0.9
  seed_112_arm_t1_cond_pH_7_4_target__8_0_charge__14 TM-score=0.98186  RMSD=0.65
  seed_113_arm_t1_cond_pH_7_4_target__8_0_charge__9_ TM-score=0.98708  RMSD=0.55
  seed_114_arm_t1_cond_pH_7_4_target__8_0_charge__7_ TM-score=0.97645  RMSD=0.76
  seed_115_arm_t1_cond_pH_7_4_target__8_0_charge__13 TM-score=0.98142  RMSD=0.66
  seed_116_arm_t1_cond_pH_7_4_target__8_0_charge__8_ TM-score=0.97934  RMSD=0.74
  seed_117_arm_t1_cond_pH_7_4_target__8_0_charge__13 TM-score=0.97768  RMSD=0.74
  seed_118_arm_t1_cond_pH_7_4_target__8_0_charge__6_ TM-score=0.97764  RMSD=0.73
  seed_119_arm_t1_cond_pH_7_4_target__8_0_charge__6_ TM-score=0.97829  RMSD=0.75
  seed_120_arm_t1_cond_pH_7_4_target__8_0_charge__13 TM-score=0.97788  RMSD=0.76
  seed_121_arm_t1_cond_pH_7_4_target__8_0_charge__7_ TM-score=0.96238  RMSD=1.05
  seed_122_arm_t1_cond_pH_7_4_target__8_0_charge__15 TM-score=0.93674  RMSD=1.26
  seed_123_arm_t1_cond_pH_7_4_target__8_0_charge__5_ TM-score=0.95717  RMSD=1.03
  seed_124_arm_t1_cond_pH_7_4_target__8_0_charge__20 TM-score=0.98151  RMSD=0.66
  seed_125_arm_t1_cond_pH_7_4_target__8_0_charge__13 TM-score=0.98641  RMSD=0.57
  seed_126_arm_t1_cond_pH_7_4_target__8_0_charge__11 TM-score=0.97663  RMSD=0.83
  seed_127_arm_t1_cond_pH_7_4_target__8_0_charge__11 TM-score=0.97061  RMSD=0.92
  seed_128_arm_t1_cond_pH_7_4_target__8_0_charge__11 TM-score=0.97805  RMSD=0.72
  seed_129_arm_t1_cond_pH_7_4_target__8_0_charge__12 TM-score=0.95696  RMSD=1.08
  seed_130_arm_t1_cond_pH_7_4_target__8_0_charge__10 TM-score=0.96843  RMSD=0.88
已写入 code/output/finetune_v2_validate/2LZM/t1_cond//tm.csv
  2LZM/t1_cond tm DONE
  seed_111_arm_t2_neg_pH_7_4_target__3_0_charge__3_9 TM-score=0.9761  RMSD=0.76
  seed_112_arm_t2_neg_pH_7_4_target__3_0_charge__2_0 TM-score=0.9825  RMSD=0.65
  seed_113_arm_t2_neg_pH_7_4_target__3_0_charge__5_9 TM-score=0.9763  RMSD=0.75
  seed_114_arm_t2_neg_pH_7_4_target__3_0_charge__7_0 TM-score=0.98518  RMSD=0.59
  seed_115_arm_t2_neg_pH_7_4_target__3_0_charge__3_0 TM-score=0.97524  RMSD=0.78
  seed_116_arm_t2_neg_pH_7_4_target__3_0_charge__4_0 TM-score=0.97386  RMSD=0.92
  seed_117_arm_t2_neg_pH_7_4_target__3_0_charge__8_0 TM-score=0.97377  RMSD=0.8
  seed_118_arm_t2_neg_pH_7_4_target__3_0_charge__7_0 TM-score=0.98097  RMSD=0.68
  seed_119_arm_t2_neg_pH_7_4_target__3_0_charge__3_0 TM-score=0.97829  RMSD=0.73
  seed_120_arm_t2_neg_pH_7_4_target__3_0_charge__4_0 TM-score=0.98183  RMSD=0.68
  seed_121_arm_t2_neg_pH_7_4_target__3_0_charge__1_9 TM-score=0.96209  RMSD=0.97
  seed_122_arm_t2_neg_pH_7_4_target__3_0_charge_-0_9 TM-score=0.98066  RMSD=0.71
  seed_123_arm_t2_neg_pH_7_4_target__3_0_charge__3_0 TM-score=0.95543  RMSD=1.05
  seed_124_arm_t2_neg_pH_7_4_target__3_0_charge__4_0 TM-score=0.96736  RMSD=0.89
  seed_125_arm_t2_neg_pH_7_4_target__3_0_charge__2_0 TM-score=0.98119  RMSD=0.67
  seed_126_arm_t2_neg_pH_7_4_target__3_0_charge__4_0 TM-score=0.95385  RMSD=1.07
  seed_127_arm_t2_neg_pH_7_4_target__3_0_charge__2_9 TM-score=0.93153  RMSD=1.33
  seed_128_arm_t2_neg_pH_7_4_target__3_0_charge__0_0 TM-score=0.97458  RMSD=0.82
  seed_129_arm_t2_neg_pH_7_4_target__3_0_charge_-0_8 TM-score=0.97474  RMSD=0.79
  seed_130_arm_t2_neg_pH_7_4_target__3_0_charge__3_0 TM-score=0.97649  RMSD=0.77
已写入 code/output/finetune_v2_validate/2LZM/t2_neg//tm.csv
  2LZM/t2_neg tm DONE
  seed_111_arm_t2_ph_pH_7_4_target_占位_charge_-12_00 TM-score=0.30237  RMSD=5.29
  seed_112_arm_t2_ph_pH_7_4_target_占位_charge_-21_99 TM-score=0.26999  RMSD=6.0
  seed_113_arm_t2_ph_pH_7_4_target_占位_charge_-19_95 TM-score=0.31086  RMSD=5.38
  seed_114_arm_t2_ph_pH_7_4_target_占位_charge_-8_00 TM-score=0.26439  RMSD=5.14
  seed_115_arm_t2_ph_pH_7_4_target_占位_charge_-23_99 TM-score=0.26621  RMSD=5.11
  seed_116_arm_t2_ph_pH_7_4_target_占位_charge_-8_00 TM-score=0.28435  RMSD=5.42
  seed_117_arm_t2_ph_pH_7_4_target_占位_charge_-7_00 TM-score=0.28581  RMSD=4.78
  seed_118_arm_t2_ph_pH_7_4_target_占位_charge_-12_00 TM-score=0.33948  RMSD=4.95
  seed_119_arm_t2_ph_pH_7_4_target_占位_charge_-15_00 TM-score=0.27427  RMSD=4.98
  seed_120_arm_t2_ph_pH_7_4_target_占位_charge_-10_00 TM-score=0.26341  RMSD=4.74
  seed_121_arm_t2_ph_pH_7_4_target_占位_charge_-22_99 TM-score=0.23431  RMSD=5.4
  seed_122_arm_t2_ph_pH_7_4_target_占位_charge_-10_00 TM-score=0.30344  RMSD=5.04
  seed_123_arm_t2_ph_pH_7_4_target_占位_charge_-8_96 TM-score=0.31741  RMSD=4.57
  seed_124_arm_t2_ph_pH_7_4_target_占位_charge_-12_99 TM-score=0.30384  RMSD=4.09
  seed_125_arm_t2_ph_pH_7_4_target_占位_charge_-11_00 TM-score=0.26843  RMSD=5.54
  seed_126_arm_t2_ph_pH_7_4_target_占位_charge_-16_11 TM-score=0.33526  RMSD=4.73
  seed_127_arm_t2_ph_pH_7_4_target_占位_charge_-14_00 TM-score=0.22325  RMSD=5.56
  seed_128_arm_t2_ph_pH_7_4_target_占位_charge_-7_96 TM-score=0.31852  RMSD=5.49
  seed_129_arm_t2_ph_pH_7_4_target_占位_charge_-9_00 TM-score=0.30867  RMSD=5.19
  seed_130_arm_t2_ph_pH_7_4_target_占位_charge_-21_99 TM-score=0.2418  RMSD=4.88
已写入 code/output/finetune_v2_validate/2LZM/t2_ph//tm.csv
  2LZM/t2_ph tm DONE
  seed_111_arm_t2_pos_pH_7_4_target__13_0_charge__20 TM-score=0.97548  RMSD=0.78
  seed_112_arm_t2_pos_pH_7_4_target__13_0_charge__24 TM-score=0.98857  RMSD=0.52
  seed_113_arm_t2_pos_pH_7_4_target__13_0_charge__31 TM-score=0.98068  RMSD=0.68
  seed_114_arm_t2_pos_pH_7_4_target__13_0_charge__25 TM-score=0.96647  RMSD=0.91
  seed_115_arm_t2_pos_pH_7_4_target__13_0_charge__23 TM-score=0.90771  RMSD=1.58
  seed_116_arm_t2_pos_pH_7_4_target__13_0_charge__20 TM-score=0.98144  RMSD=0.67
  seed_117_arm_t2_pos_pH_7_4_target__13_0_charge__21 TM-score=0.98066  RMSD=0.68
  seed_118_arm_t2_pos_pH_7_4_target__13_0_charge__20 TM-score=0.98211  RMSD=0.65
  seed_119_arm_t2_pos_pH_7_4_target__13_0_charge__17 TM-score=0.92865  RMSD=1.37
  seed_120_arm_t2_pos_pH_7_4_target__13_0_charge__24 TM-score=0.98283  RMSD=0.66
  seed_121_arm_t2_pos_pH_7_4_target__13_0_charge__14 TM-score=0.98414  RMSD=0.62
  seed_122_arm_t2_pos_pH_7_4_target__13_0_charge__20 TM-score=0.9796  RMSD=0.7
  seed_123_arm_t2_pos_pH_7_4_target__13_0_charge__24 TM-score=0.9829  RMSD=0.64
  seed_124_arm_t2_pos_pH_7_4_target__13_0_charge__14 TM-score=0.97325  RMSD=0.81
  seed_125_arm_t2_pos_pH_7_4_target__13_0_charge__26 TM-score=0.9663  RMSD=0.91
  seed_126_arm_t2_pos_pH_7_4_target__13_0_charge__28 TM-score=0.9784  RMSD=0.73
  seed_127_arm_t2_pos_pH_7_4_target__13_0_charge__23 TM-score=0.96827  RMSD=0.88
  seed_128_arm_t2_pos_pH_7_4_target__13_0_charge__21 TM-score=0.95331  RMSD=1.08
  seed_129_arm_t2_pos_pH_7_4_target__13_0_charge__13 TM-score=0.9665  RMSD=0.91
  seed_130_arm_t2_pos_pH_7_4_target__13_0_charge__15 TM-score=0.9778  RMSD=0.74
已写入 code/output/finetune_v2_validate/2LZM/t2_pos//tm.csv
  2LZM/t2_pos tm DONE
=== [3/4] Protein-Sol %sol（系统 python3，递归 arm 目录）===

============================================================
Starting Protein-Sol Prediction Pipeline
Input: code/output/finetune_v2_validate/1BC8/t1_base/seqs.fa
Working directory: /data/nfs/IC/baokun_yu/ConfuMPNN/protein_sol_mcp/scripts/protein-sol
============================================================

Step 1: Reformatting FASTA file...
Running fasta_seq_reformat_export.pl...
✓ fasta_seq_reformat_export.pl completed successfully
✓ Original file backed up to input.fasta_ORIGINAL

Step 2: Calculating sequence composition...
Running seq_compositions_perc_pipeline_export.pl...
✓ seq_compositions_perc_pipeline_export.pl completed successfully
✓ Composition data saved to seq_composition.txt

Step 3: Making solubility predictions...
Running server_prediction_seq_export.pl...
✓ server_prediction_seq_export.pl completed successfully
✓ Predictions generated

Step 4: Calculating sequence properties...
Running seq_props_ALL_export.pl...
✓ seq_props_ALL_export.pl completed successfully
✓ Sequence properties calculated

Step 5: Gathering profiles...
Running profiles_gather_export.pl...
✓ profiles_gather_export.pl completed successfully
✓ Profiles gathered

Step 6: Creating CSV output...
✓ CSV output saved to seqs.fa-protein_sol.csv

Step 7: Cleaning up intermediate files...
✓ Cleanup completed

============================================================
Prediction Results:
============================================================
ID                   percent-sol     scaled-sol      population-sol  pI        
--------------------------------------------------------------------------------
>seed_111            71.898          0.617           0.446           11.830    
>seed_112            66.415          0.567           0.446           12.230    
>seed_113            71.594          0.614           0.446           12.170    
>seed_114            52.363          0.436           0.446           11.030    
>seed_115            60.535          0.512           0.446           12.140    
>seed_116            63.537          0.540           0.446           11.250    
>seed_117            77.081          0.665           0.446           10.410    
>seed_118            85.442          0.743           0.446           11.340    
>seed_119            58.054          0.489           0.446           11.600    
>seed_120            58.054          0.489           0.446           12.120    
>seed_121            75.404          0.650           0.446           10.090    
>seed_122            60.535          0.512           0.446           11.860    
>seed_123            68.900          0.590           0.446           11.610    
>seed_124            76.066          0.656           0.446           10.520    
>seed_125            67.306          0.575           0.446           11.490    
>seed_126            85.442          0.743           0.446           10.820    
>seed_127            72.554          0.623           0.446           11.910    
>seed_128            77.081          0.665           0.446           11.400    
>seed_129            58.054          0.489           0.446           11.690    
>seed_130            61.618          0.522           0.446           11.710    

============================================================
Pipeline completed successfully!
============================================================

Output files in /data/nfs/IC/baokun_yu/ConfuMPNN/code/output/finetune_v2_validate/1BC8/t1_base:
  - seqs.fa-protein_sol.csv              : CSV with ID, sequence, and metrics
  - seqs.fa-protein_sol_prediction.txt : Main prediction results
  - seqs.fa-protein_sol_composition.txt: Sequence composition data
  - seqs.fa-protein_sol.log        : Detailed execution log

  t1_base sol DONE

============================================================
Starting Protein-Sol Prediction Pipeline
Input: code/output/finetune_v2_validate/1BC8/t1_cond/seqs.fa
Working directory: /data/nfs/IC/baokun_yu/ConfuMPNN/protein_sol_mcp/scripts/protein-sol
============================================================

Step 1: Reformatting FASTA file...
Running fasta_seq_reformat_export.pl...
✓ fasta_seq_reformat_export.pl completed successfully
✓ Original file backed up to input.fasta_ORIGINAL

Step 2: Calculating sequence composition...
Running seq_compositions_perc_pipeline_export.pl...
✓ seq_compositions_perc_pipeline_export.pl completed successfully
✓ Composition data saved to seq_composition.txt

Step 3: Making solubility predictions...
Running server_prediction_seq_export.pl...
✓ server_prediction_seq_export.pl completed successfully
✓ Predictions generated

Step 4: Calculating sequence properties...
Running seq_props_ALL_export.pl...
✓ seq_props_ALL_export.pl completed successfully
✓ Sequence properties calculated

Step 5: Gathering profiles...
Running profiles_gather_export.pl...
✓ profiles_gather_export.pl completed successfully
✓ Profiles gathered

Step 6: Creating CSV output...
✓ CSV output saved to seqs.fa-protein_sol.csv

Step 7: Cleaning up intermediate files...
✓ Cleanup completed

============================================================
Prediction Results:
============================================================
ID                   percent-sol     scaled-sol      population-sol  pI        
--------------------------------------------------------------------------------
>seed_111            76.802          0.663           0.446           11.930    
>seed_112            71.217          0.611           0.446           10.400    
>seed_113            74.302          0.640           0.446           11.760    
>seed_114            70.943          0.608           0.446           10.890    
>seed_115            79.304          0.686           0.446           10.400    
>seed_116            79.304          0.686           0.446           10.710    
>seed_117            64.193          0.546           0.446           11.940    
>seed_118            85.442          0.743           0.446           10.930    
>seed_119            79.304          0.686           0.446           11.400    
>seed_120            60.899          0.516           0.446           11.910    
>seed_121            58.054          0.489           0.446           11.590    
>seed_122            79.029          0.683           0.446           11.500    
>seed_123            81.784          0.709           0.446           10.890    
>seed_124            66.415          0.567           0.446           11.640    
>seed_125            79.304          0.686           0.446           11.070    
>seed_126            76.562          0.660           0.446           11.000    
>seed_127            79.180          0.685           0.446           10.510    
>seed_128            58.054          0.489           0.446           12.020    
>seed_129            79.304          0.686           0.446           10.850    
>seed_130            66.415          0.567           0.446           12.040    

============================================================
Pipeline completed successfully!
============================================================

Output files in /data/nfs/IC/baokun_yu/ConfuMPNN/code/output/finetune_v2_validate/1BC8/t1_cond:
  - seqs.fa-protein_sol.csv              : CSV with ID, sequence, and metrics
  - seqs.fa-protein_sol_prediction.txt : Main prediction results
  - seqs.fa-protein_sol_composition.txt: Sequence composition data
  - seqs.fa-protein_sol.log        : Detailed execution log

  t1_cond sol DONE

============================================================
Starting Protein-Sol Prediction Pipeline
Input: code/output/finetune_v2_validate/1BC8/t2_neg/seqs.fa
Working directory: /data/nfs/IC/baokun_yu/ConfuMPNN/protein_sol_mcp/scripts/protein-sol
============================================================

Step 1: Reformatting FASTA file...
Running fasta_seq_reformat_export.pl...
✓ fasta_seq_reformat_export.pl completed successfully
✓ Original file backed up to input.fasta_ORIGINAL

Step 2: Calculating sequence composition...
Running seq_compositions_perc_pipeline_export.pl...
✓ seq_compositions_perc_pipeline_export.pl completed successfully
✓ Composition data saved to seq_composition.txt

Step 3: Making solubility predictions...
Running server_prediction_seq_export.pl...
✓ server_prediction_seq_export.pl completed successfully
✓ Predictions generated

Step 4: Calculating sequence properties...
Running seq_props_ALL_export.pl...
✓ seq_props_ALL_export.pl completed successfully
✓ Sequence properties calculated

Step 5: Gathering profiles...
Running profiles_gather_export.pl...
✓ profiles_gather_export.pl completed successfully
✓ Profiles gathered

Step 6: Creating CSV output...
✓ CSV output saved to seqs.fa-protein_sol.csv

Step 7: Cleaning up intermediate files...
✓ Cleanup completed

============================================================
Prediction Results:
============================================================
ID                   percent-sol     scaled-sol      population-sol  pI        
--------------------------------------------------------------------------------
>seed_111            67.306          0.575           0.446           10.820    
>seed_112            70.943          0.608           0.446           10.610    
>seed_113            49.486          0.410           0.446           6.370     
>seed_114            45.060          0.369           0.446           7.930     
>seed_115            64.193          0.546           0.446           11.900    
>seed_116            70.943          0.608           0.446           10.090    
>seed_117            59.730          0.505           0.446           9.970     
>seed_118            64.193          0.546           0.446           10.860    
>seed_119            56.378          0.474           0.446           10.320    
>seed_120            60.464          0.511           0.446           9.720     
>seed_121            60.429          0.511           0.446           5.000     
>seed_122            51.767          0.431           0.446           10.040    
>seed_123            51.136          0.425           0.446           9.610     
>seed_124            77.081          0.665           0.446           10.290    
>seed_125            70.943          0.608           0.446           10.290    
>seed_126            64.087          0.545           0.446           9.160     
>seed_127            73.423          0.631           0.446           10.220    
>seed_128            70.794          0.607           0.446           9.790     
>seed_129            62.284          0.528           0.446           10.410    
>seed_130            51.767          0.431           0.446           10.180    

============================================================
Pipeline completed successfully!
============================================================

Output files in /data/nfs/IC/baokun_yu/ConfuMPNN/code/output/finetune_v2_validate/1BC8/t2_neg:
  - seqs.fa-protein_sol.csv              : CSV with ID, sequence, and metrics
  - seqs.fa-protein_sol_prediction.txt : Main prediction results
  - seqs.fa-protein_sol_composition.txt: Sequence composition data
  - seqs.fa-protein_sol.log        : Detailed execution log

  t2_neg sol DONE

============================================================
Starting Protein-Sol Prediction Pipeline
Input: code/output/finetune_v2_validate/1BC8/t2_ph/seqs.fa
Working directory: /data/nfs/IC/baokun_yu/ConfuMPNN/protein_sol_mcp/scripts/protein-sol
============================================================

Step 1: Reformatting FASTA file...
Running fasta_seq_reformat_export.pl...
✓ fasta_seq_reformat_export.pl completed successfully
✓ Original file backed up to input.fasta_ORIGINAL

Step 2: Calculating sequence composition...
Running seq_compositions_perc_pipeline_export.pl...
✓ seq_compositions_perc_pipeline_export.pl completed successfully
✓ Composition data saved to seq_composition.txt

Step 3: Making solubility predictions...
Running server_prediction_seq_export.pl...
✓ server_prediction_seq_export.pl completed successfully
✓ Predictions generated

Step 4: Calculating sequence properties...
Running seq_props_ALL_export.pl...
✓ seq_props_ALL_export.pl completed successfully
✓ Sequence properties calculated

Step 5: Gathering profiles...
Running profiles_gather_export.pl...
✓ profiles_gather_export.pl completed successfully
✓ Profiles gathered

Step 6: Creating CSV output...
✓ CSV output saved to seqs.fa-protein_sol.csv

Step 7: Cleaning up intermediate files...
✓ Cleanup completed

============================================================
Prediction Results:
============================================================
ID                   percent-sol     scaled-sol      population-sol  pI        
--------------------------------------------------------------------------------
>seed_111            92.192          0.805           0.446           3.900     
>seed_112            98.330          0.862           0.446           4.140     
>seed_113            98.330          0.862           0.446           4.240     
>seed_114            98.330          0.862           0.446           4.150     
>seed_115            96.916          0.849           0.446           3.840     
>seed_116            98.330          0.862           0.446           4.230     
>seed_117            87.851          0.765           0.446           5.270     
>seed_118            98.330          0.862           0.446           4.390     
>seed_119            95.755          0.838           0.446           4.440     
>seed_120            92.043          0.804           0.446           4.900     
>seed_121            92.192          0.805           0.446           4.430     
>seed_122            98.330          0.862           0.446           4.400     
>seed_123            98.330          0.862           0.446           4.440     
>seed_124            98.330          0.862           0.446           4.270     
>seed_125            96.212          0.842           0.446           5.440     
>seed_126            92.192          0.805           0.446           4.550     
>seed_127            88.029          0.767           0.446           10.780    
>seed_128            94.883          0.830           0.446           4.490     
>seed_129            98.330          0.862           0.446           4.190     
>seed_130            106.691         0.939           0.446           4.260     

============================================================
Pipeline completed successfully!
============================================================

Output files in /data/nfs/IC/baokun_yu/ConfuMPNN/code/output/finetune_v2_validate/1BC8/t2_ph:
  - seqs.fa-protein_sol.csv              : CSV with ID, sequence, and metrics
  - seqs.fa-protein_sol_prediction.txt : Main prediction results
  - seqs.fa-protein_sol_composition.txt: Sequence composition data
  - seqs.fa-protein_sol.log        : Detailed execution log

  t2_ph sol DONE

============================================================
Starting Protein-Sol Prediction Pipeline
Input: code/output/finetune_v2_validate/1BC8/t2_pos/seqs.fa
Working directory: /data/nfs/IC/baokun_yu/ConfuMPNN/protein_sol_mcp/scripts/protein-sol
============================================================

Step 1: Reformatting FASTA file...
Running fasta_seq_reformat_export.pl...
✓ fasta_seq_reformat_export.pl completed successfully
✓ Original file backed up to input.fasta_ORIGINAL

Step 2: Calculating sequence composition...
Running seq_compositions_perc_pipeline_export.pl...
✓ seq_compositions_perc_pipeline_export.pl completed successfully
✓ Composition data saved to seq_composition.txt

Step 3: Making solubility predictions...
Running server_prediction_seq_export.pl...
✓ server_prediction_seq_export.pl completed successfully
✓ Predictions generated

Step 4: Calculating sequence properties...
Running seq_props_ALL_export.pl...
✓ seq_props_ALL_export.pl completed successfully
✓ Sequence properties calculated

Step 5: Gathering profiles...
Running profiles_gather_export.pl...
✓ profiles_gather_export.pl completed successfully
✓ Profiles gathered

Step 6: Creating CSV output...
✓ CSV output saved to seqs.fa-protein_sol.csv

Step 7: Cleaning up intermediate files...
✓ Cleanup completed

============================================================
Prediction Results:
============================================================
ID                   percent-sol     scaled-sol      population-sol  pI        
--------------------------------------------------------------------------------
>seed_111            73.307          0.630           0.446           12.170    
>seed_112            66.415          0.567           0.446           12.480    
>seed_113            72.554          0.623           0.446           12.200    
>seed_114            72.554          0.623           0.446           12.460    
>seed_115            68.896          0.590           0.446           13.030    
>seed_116            66.415          0.567           0.446           12.380    
>seed_117            79.304          0.686           0.446           11.160    
>seed_118            73.963          0.636           0.446           12.160    
>seed_119            68.164          0.583           0.446           11.610    
>seed_120            71.898          0.617           0.446           12.050    
>seed_121            85.442          0.743           0.446           11.100    
>seed_122            78.703          0.680           0.446           12.360    
>seed_123            73.012          0.628           0.446           12.070    
>seed_124            80.712          0.699           0.446           11.520    
>seed_125            90.238          0.787           0.446           12.240    
>seed_126            85.442          0.743           0.446           11.630    
>seed_127            72.565          0.623           0.446           12.660    
>seed_128            80.712          0.699           0.446           11.670    
>seed_129            68.896          0.590           0.446           12.260    
>seed_130            68.896          0.590           0.446           12.210    

============================================================
Pipeline completed successfully!
============================================================

Output files in /data/nfs/IC/baokun_yu/ConfuMPNN/code/output/finetune_v2_validate/1BC8/t2_pos:
  - seqs.fa-protein_sol.csv              : CSV with ID, sequence, and metrics
  - seqs.fa-protein_sol_prediction.txt : Main prediction results
  - seqs.fa-protein_sol_composition.txt: Sequence composition data
  - seqs.fa-protein_sol.log        : Detailed execution log

  t2_pos sol DONE

============================================================
Starting Protein-Sol Prediction Pipeline
Input: code/output/finetune_v2_validate/1CRN/t1_base/seqs.fa
Working directory: /data/nfs/IC/baokun_yu/ConfuMPNN/protein_sol_mcp/scripts/protein-sol
============================================================

Step 1: Reformatting FASTA file...
Running fasta_seq_reformat_export.pl...
✓ fasta_seq_reformat_export.pl completed successfully
✓ Original file backed up to input.fasta_ORIGINAL

Step 2: Calculating sequence composition...
Running seq_compositions_perc_pipeline_export.pl...
✓ seq_compositions_perc_pipeline_export.pl completed successfully
✓ Composition data saved to seq_composition.txt

Step 3: Making solubility predictions...
Running server_prediction_seq_export.pl...
✓ server_prediction_seq_export.pl completed successfully
✓ Predictions generated

Step 4: Calculating sequence properties...
Running seq_props_ALL_export.pl...
✓ seq_props_ALL_export.pl completed successfully
✓ Sequence properties calculated

Step 5: Gathering profiles...
Running profiles_gather_export.pl...
✓ profiles_gather_export.pl completed successfully
✓ Profiles gathered

Step 6: Creating CSV output...
✓ CSV output saved to seqs.fa-protein_sol.csv

Step 7: Cleaning up intermediate files...
✓ Cleanup completed

============================================================
Prediction Results:
============================================================
ID                   percent-sol     scaled-sol      population-sol  pI        
--------------------------------------------------------------------------------
>seed_111            62.235          0.528           0.446           7.150     
>seed_112            64.750          0.551           0.446           9.760     
>seed_113            74.002          0.637           0.446           9.580     
>seed_114            65.102          0.554           0.446           7.150     
>seed_115            75.229          0.648           0.446           11.700    
>seed_116            80.506          0.697           0.446           4.390     
>seed_117            86.440          0.752           0.446           4.590     
>seed_118            86.440          0.752           0.446           4.500     
>seed_119            75.123          0.647           0.446           7.180     
>seed_120            73.552          0.633           0.446           11.050    
>seed_121            77.961          0.673           0.446           5.000     
>seed_122            86.440          0.752           0.446           9.840     
>seed_123            77.638          0.670           0.446           9.580     
>seed_124            77.638          0.670           0.446           4.900     
>seed_125            86.440          0.752           0.446           9.920     
>seed_126            75.123          0.647           0.446           7.150     
>seed_127            77.991          0.674           0.446           7.220     
>seed_128            82.804          0.718           0.446           10.030    
>seed_129            79.649          0.689           0.446           4.500     
>seed_130            77.638          0.670           0.446           9.530     

============================================================
Pipeline completed successfully!
============================================================

Output files in /data/nfs/IC/baokun_yu/ConfuMPNN/code/output/finetune_v2_validate/1CRN/t1_base:
  - seqs.fa-protein_sol.csv              : CSV with ID, sequence, and metrics
  - seqs.fa-protein_sol_prediction.txt : Main prediction results
  - seqs.fa-protein_sol_composition.txt: Sequence composition data
  - seqs.fa-protein_sol.log        : Detailed execution log

  t1_base sol DONE

============================================================
Starting Protein-Sol Prediction Pipeline
Input: code/output/finetune_v2_validate/1CRN/t1_cond/seqs.fa
Working directory: /data/nfs/IC/baokun_yu/ConfuMPNN/protein_sol_mcp/scripts/protein-sol
============================================================

Step 1: Reformatting FASTA file...
Running fasta_seq_reformat_export.pl...
✓ fasta_seq_reformat_export.pl completed successfully
✓ Original file backed up to input.fasta_ORIGINAL

Step 2: Calculating sequence composition...
Running seq_compositions_perc_pipeline_export.pl...
✓ seq_compositions_perc_pipeline_export.pl completed successfully
✓ Composition data saved to seq_composition.txt

Step 3: Making solubility predictions...
Running server_prediction_seq_export.pl...
✓ server_prediction_seq_export.pl completed successfully
✓ Predictions generated

Step 4: Calculating sequence properties...
Running seq_props_ALL_export.pl...
✓ seq_props_ALL_export.pl completed successfully
✓ Sequence properties calculated

Step 5: Gathering profiles...
Running profiles_gather_export.pl...
✓ profiles_gather_export.pl completed successfully
✓ Profiles gathered

Step 6: Creating CSV output...
✓ CSV output saved to seqs.fa-protein_sol.csv

Step 7: Cleaning up intermediate files...
✓ Cleanup completed

============================================================
Prediction Results:
============================================================
ID                   percent-sol     scaled-sol      population-sol  pI        
--------------------------------------------------------------------------------
>seed_111            88.117          0.767           0.446           10.440    
>seed_112            63.913          0.543           0.446           7.290     
>seed_113            77.638          0.670           0.446           9.630     
>seed_114            73.552          0.633           0.446           4.390     
>seed_115            62.235          0.528           0.446           7.290     
>seed_116            73.876          0.636           0.446           4.390     
>seed_117            77.638          0.670           0.446           4.900     
>seed_118            75.123          0.647           0.446           7.280     
>seed_119            86.440          0.752           0.446           9.890     
>seed_120            88.117          0.767           0.446           10.290    
>seed_121            77.638          0.670           0.446           4.950     
>seed_122            71.487          0.614           0.446           7.230     
>seed_123            86.440          0.752           0.446           10.300    
>seed_124            55.091          0.462           0.446           9.850     
>seed_125            77.638          0.670           0.446           9.630     
>seed_126            77.638          0.670           0.446           9.560     
>seed_127            88.117          0.767           0.446           10.440    
>seed_128            82.804          0.718           0.446           10.230    
>seed_129            77.638          0.670           0.446           9.630     
>seed_130            67.979          0.581           0.446           9.460     

============================================================
Pipeline completed successfully!
============================================================

Output files in /data/nfs/IC/baokun_yu/ConfuMPNN/code/output/finetune_v2_validate/1CRN/t1_cond:
  - seqs.fa-protein_sol.csv              : CSV with ID, sequence, and metrics
  - seqs.fa-protein_sol_prediction.txt : Main prediction results
  - seqs.fa-protein_sol_composition.txt: Sequence composition data
  - seqs.fa-protein_sol.log        : Detailed execution log

  t1_cond sol DONE

============================================================
Starting Protein-Sol Prediction Pipeline
Input: code/output/finetune_v2_validate/1CRN/t2_neg/seqs.fa
Working directory: /data/nfs/IC/baokun_yu/ConfuMPNN/protein_sol_mcp/scripts/protein-sol
============================================================

Step 1: Reformatting FASTA file...
Running fasta_seq_reformat_export.pl...
✓ fasta_seq_reformat_export.pl completed successfully
✓ Original file backed up to input.fasta_ORIGINAL

Step 2: Calculating sequence composition...
Running seq_compositions_perc_pipeline_export.pl...
✓ seq_compositions_perc_pipeline_export.pl completed successfully
✓ Composition data saved to seq_composition.txt

Step 3: Making solubility predictions...
Running server_prediction_seq_export.pl...
✓ server_prediction_seq_export.pl completed successfully
✓ Predictions generated

Step 4: Calculating sequence properties...
Running seq_props_ALL_export.pl...
✓ seq_props_ALL_export.pl completed successfully
✓ Sequence properties calculated

Step 5: Gathering profiles...
Running profiles_gather_export.pl...
✓ profiles_gather_export.pl completed successfully
✓ Profiles gathered

Step 6: Creating CSV output...
✓ CSV output saved to seqs.fa-protein_sol.csv

Step 7: Cleaning up intermediate files...
✓ Cleanup completed

============================================================
Prediction Results:
============================================================
ID                   percent-sol     scaled-sol      population-sol  pI        
--------------------------------------------------------------------------------
>seed_111            95.262          0.834           0.446           4.090     
>seed_112            92.214          0.805           0.446           4.780     
>seed_113            90.707          0.791           0.446           4.730     
>seed_114            87.266          0.760           0.446           3.660     
>seed_115            92.383          0.807           0.446           3.770     
>seed_116            87.348          0.760           0.446           1.000     
>seed_117            100.920         0.886           0.446           3.830     
>seed_118            103.890         0.913           0.446           3.830     
>seed_119            71.487          0.614           0.446           7.250     
>seed_120            94.919          0.830           0.446           4.000     
>seed_121            106.779         0.940           0.446           3.500     
>seed_122            103.143         0.907           0.446           3.830     
>seed_123            95.302          0.834           0.446           4.670     
>seed_124            106.779         0.940           0.446           4.050     
>seed_125            103.143         0.907           0.446           3.820     
>seed_126            89.308          0.778           0.446           3.530     
>seed_127            104.557         0.920           0.446           4.260     
>seed_128            76.420          0.659           0.446           4.390     
>seed_129            102.035         0.896           0.446           3.770     
>seed_130            95.608          0.837           0.446           4.090     

============================================================
Pipeline completed successfully!
============================================================

Output files in /data/nfs/IC/baokun_yu/ConfuMPNN/code/output/finetune_v2_validate/1CRN/t2_neg:
  - seqs.fa-protein_sol.csv              : CSV with ID, sequence, and metrics
  - seqs.fa-protein_sol_prediction.txt : Main prediction results
  - seqs.fa-protein_sol_composition.txt: Sequence composition data
  - seqs.fa-protein_sol.log        : Detailed execution log

  t2_neg sol DONE

============================================================
Starting Protein-Sol Prediction Pipeline
Input: code/output/finetune_v2_validate/1CRN/t2_ph/seqs.fa
Working directory: /data/nfs/IC/baokun_yu/ConfuMPNN/protein_sol_mcp/scripts/protein-sol
============================================================

Step 1: Reformatting FASTA file...
Running fasta_seq_reformat_export.pl...
✓ fasta_seq_reformat_export.pl completed successfully
✓ Original file backed up to input.fasta_ORIGINAL

Step 2: Calculating sequence composition...
Running seq_compositions_perc_pipeline_export.pl...
✓ seq_compositions_perc_pipeline_export.pl completed successfully
✓ Composition data saved to seq_composition.txt

Step 3: Making solubility predictions...
Running server_prediction_seq_export.pl...
✓ server_prediction_seq_export.pl completed successfully
✓ Predictions generated

Step 4: Calculating sequence properties...
Running seq_props_ALL_export.pl...
✓ seq_props_ALL_export.pl completed successfully
✓ Sequence properties calculated

Step 5: Gathering profiles...
Running profiles_gather_export.pl...
✓ profiles_gather_export.pl completed successfully
✓ Profiles gathered

Step 6: Creating CSV output...
✓ CSV output saved to seqs.fa-protein_sol.csv

Step 7: Cleaning up intermediate files...
✓ Cleanup completed

============================================================
Prediction Results:
============================================================
ID                   percent-sol     scaled-sol      population-sol  pI        
--------------------------------------------------------------------------------
>seed_111            98.330          0.862           0.446           4.070     
>seed_112            85.442          0.743           0.446           3.660     
>seed_113            94.694          0.828           0.446           3.900     
>seed_114            95.059          0.832           0.446           3.710     
>seed_115            94.214          0.824           0.446           3.750     
>seed_116            95.059          0.832           0.446           3.590     
>seed_117            104.361         0.918           0.446           4.730     
>seed_118            106.691         0.939           0.446           4.160     
>seed_119            98.330          0.862           0.446           4.260     
>seed_120            95.059          0.832           0.446           4.590     
>seed_121            92.192          0.805           0.446           3.620     
>seed_122            95.059          0.832           0.446           4.070     
>seed_123            95.059          0.832           0.446           4.760     
>seed_124            103.420         0.909           0.446           4.560     
>seed_125            96.654          0.846           0.446           9.890     
>seed_126            90.515          0.790           0.446           4.900     
>seed_127            96.390          0.844           0.446           11.210    
>seed_128            93.383          0.816           0.446           4.900     
>seed_129            93.844          0.820           0.446           4.730     
>seed_130            106.691         0.939           0.446           4.140     

============================================================
Pipeline completed successfully!
============================================================

Output files in /data/nfs/IC/baokun_yu/ConfuMPNN/code/output/finetune_v2_validate/1CRN/t2_ph:
  - seqs.fa-protein_sol.csv              : CSV with ID, sequence, and metrics
  - seqs.fa-protein_sol_prediction.txt : Main prediction results
  - seqs.fa-protein_sol_composition.txt: Sequence composition data
  - seqs.fa-protein_sol.log        : Detailed execution log

  t2_ph sol DONE

============================================================
Starting Protein-Sol Prediction Pipeline
Input: code/output/finetune_v2_validate/1CRN/t2_pos/seqs.fa
Working directory: /data/nfs/IC/baokun_yu/ConfuMPNN/protein_sol_mcp/scripts/protein-sol
============================================================

Step 1: Reformatting FASTA file...
Running fasta_seq_reformat_export.pl...
✓ fasta_seq_reformat_export.pl completed successfully
✓ Original file backed up to input.fasta_ORIGINAL

Step 2: Calculating sequence composition...
Running seq_compositions_perc_pipeline_export.pl...
✓ seq_compositions_perc_pipeline_export.pl completed successfully
✓ Composition data saved to seq_composition.txt

Step 3: Making solubility predictions...
Running server_prediction_seq_export.pl...
✓ server_prediction_seq_export.pl completed successfully
✓ Predictions generated

Step 4: Calculating sequence properties...
Running seq_props_ALL_export.pl...
✓ seq_props_ALL_export.pl completed successfully
✓ Sequence properties calculated

Step 5: Gathering profiles...
Running profiles_gather_export.pl...
✓ profiles_gather_export.pl completed successfully
✓ Profiles gathered

Step 6: Creating CSV output...
✓ CSV output saved to seqs.fa-protein_sol.csv

Step 7: Cleaning up intermediate files...
✓ Cleanup completed

============================================================
Prediction Results:
============================================================
ID                   percent-sol     scaled-sol      population-sol  pI        
--------------------------------------------------------------------------------
>seed_111            84.481          0.734           0.446           10.530    
>seed_112            78.004          0.674           0.446           10.380    
>seed_113            96.478          0.845           0.446           10.130    
>seed_114            76.420          0.659           0.446           10.350    
>seed_115            75.229          0.648           0.446           11.700    
>seed_116            75.229          0.648           0.446           11.550    
>seed_117            71.487          0.614           0.446           7.250     
>seed_118            82.804          0.718           0.446           10.030    
>seed_119            84.481          0.734           0.446           10.800    
>seed_120            75.552          0.651           0.446           12.480    
>seed_121            75.447          0.650           0.446           7.280     
>seed_122            88.117          0.767           0.446           10.240    
>seed_123            77.285          0.667           0.446           11.170    
>seed_124            91.512          0.799           0.446           9.980     
>seed_125            83.590          0.726           0.446           11.740    
>seed_126            86.440          0.752           0.446           9.920     
>seed_127            85.087          0.739           0.446           11.610    
>seed_128            75.914          0.654           0.446           11.170    
>seed_129            68.332          0.584           0.446           7.110     
>seed_130            65.464          0.558           0.446           7.040     

============================================================
Pipeline completed successfully!
============================================================

Output files in /data/nfs/IC/baokun_yu/ConfuMPNN/code/output/finetune_v2_validate/1CRN/t2_pos:
  - seqs.fa-protein_sol.csv              : CSV with ID, sequence, and metrics
  - seqs.fa-protein_sol_prediction.txt : Main prediction results
  - seqs.fa-protein_sol_composition.txt: Sequence composition data
  - seqs.fa-protein_sol.log        : Detailed execution log

  t2_pos sol DONE

============================================================
Starting Protein-Sol Prediction Pipeline
Input: code/output/finetune_v2_validate/1UBQ/t1_base/seqs.fa
Working directory: /data/nfs/IC/baokun_yu/ConfuMPNN/protein_sol_mcp/scripts/protein-sol
============================================================

Step 1: Reformatting FASTA file...
Running fasta_seq_reformat_export.pl...
✓ fasta_seq_reformat_export.pl completed successfully
✓ Original file backed up to input.fasta_ORIGINAL

Step 2: Calculating sequence composition...
Running seq_compositions_perc_pipeline_export.pl...
✓ seq_compositions_perc_pipeline_export.pl completed successfully
✓ Composition data saved to seq_composition.txt

Step 3: Making solubility predictions...
Running server_prediction_seq_export.pl...
✓ server_prediction_seq_export.pl completed successfully
✓ Predictions generated

Step 4: Calculating sequence properties...
Running seq_props_ALL_export.pl...
✓ seq_props_ALL_export.pl completed successfully
✓ Sequence properties calculated

Step 5: Gathering profiles...
Running profiles_gather_export.pl...
✓ profiles_gather_export.pl completed successfully
✓ Profiles gathered

Step 6: Creating CSV output...
✓ CSV output saved to seqs.fa-protein_sol.csv

Step 7: Cleaning up intermediate files...
✓ Cleanup completed

============================================================
Prediction Results:
============================================================
ID                   percent-sol     scaled-sol      population-sol  pI        
--------------------------------------------------------------------------------
>seed_111            72.096          0.619           0.446           7.160     
>seed_112            84.676          0.736           0.446           4.050     
>seed_113            75.684          0.652           0.446           4.730     
>seed_114            78.722          0.680           0.446           5.670     
>seed_115            72.096          0.619           0.446           9.330     
>seed_116            72.744          0.625           0.446           7.230     
>seed_117            75.035          0.646           0.446           9.460     
>seed_118            88.029          0.767           0.446           4.100     
>seed_119            81.549          0.707           0.446           7.300     
>seed_120            77.437          0.669           0.446           5.210     
>seed_121            74.771          0.644           0.446           7.190     
>seed_122            72.096          0.619           0.446           7.250     
>seed_123            76.408          0.659           0.446           9.540     
>seed_124            83.763          0.727           0.446           4.650     
>seed_125            81.549          0.707           0.446           7.260     
>seed_126            85.324          0.742           0.446           4.480     
>seed_127            68.848          0.589           0.446           10.590    
>seed_128            88.029          0.767           0.446           10.270    
>seed_129            79.227          0.685           0.446           4.350     
>seed_130            96.716          0.847           0.446           4.320     

============================================================
Pipeline completed successfully!
============================================================

Output files in /data/nfs/IC/baokun_yu/ConfuMPNN/code/output/finetune_v2_validate/1UBQ/t1_base:
  - seqs.fa-protein_sol.csv              : CSV with ID, sequence, and metrics
  - seqs.fa-protein_sol_prediction.txt : Main prediction results
  - seqs.fa-protein_sol_composition.txt: Sequence composition data
  - seqs.fa-protein_sol.log        : Detailed execution log

  t1_base sol DONE

============================================================
Starting Protein-Sol Prediction Pipeline
Input: code/output/finetune_v2_validate/1UBQ/t1_cond/seqs.fa
Working directory: /data/nfs/IC/baokun_yu/ConfuMPNN/protein_sol_mcp/scripts/protein-sol
============================================================

Step 1: Reformatting FASTA file...
Running fasta_seq_reformat_export.pl...
✓ fasta_seq_reformat_export.pl completed successfully
✓ Original file backed up to input.fasta_ORIGINAL

Step 2: Calculating sequence composition...
Running seq_compositions_perc_pipeline_export.pl...
✓ seq_compositions_perc_pipeline_export.pl completed successfully
✓ Composition data saved to seq_composition.txt

Step 3: Making solubility predictions...
Running server_prediction_seq_export.pl...
✓ server_prediction_seq_export.pl completed successfully
✓ Predictions generated

Step 4: Calculating sequence properties...
Running seq_props_ALL_export.pl...
✓ seq_props_ALL_export.pl completed successfully
✓ Sequence properties calculated

Step 5: Gathering profiles...
Running profiles_gather_export.pl...
✓ profiles_gather_export.pl completed successfully
✓ Profiles gathered

Step 6: Creating CSV output...
✓ CSV output saved to seqs.fa-protein_sol.csv

Step 7: Cleaning up intermediate files...
✓ Cleanup completed

============================================================
Prediction Results:
============================================================
ID                   percent-sol     scaled-sol      population-sol  pI        
--------------------------------------------------------------------------------
>seed_111            68.897          0.590           0.446           9.680     
>seed_112            85.324          0.742           0.446           4.270     
>seed_113            67.441          0.576           0.446           7.300     
>seed_114            79.227          0.685           0.446           5.080     
>seed_115            72.096          0.619           0.446           5.120     
>seed_116            85.324          0.742           0.446           4.420     
>seed_117            76.936          0.664           0.446           9.660     
>seed_118            75.035          0.646           0.446           5.260     
>seed_119            81.549          0.707           0.446           9.280     
>seed_120            87.351          0.760           0.446           4.550     
>seed_121            69.545          0.596           0.446           7.220     
>seed_122            85.090          0.739           0.446           4.300     
>seed_123            81.585          0.707           0.446           9.510     
>seed_124            87.224          0.759           0.446           4.690     
>seed_125            75.684          0.652           0.446           7.240     
>seed_126            74.122          0.638           0.446           5.250     
>seed_127            75.035          0.646           0.446           9.450     
>seed_128            79.875          0.691           0.446           9.800     
>seed_129            72.744          0.625           0.446           9.330     
>seed_130            77.061          0.665           0.446           5.290     

============================================================
Pipeline completed successfully!
============================================================

Output files in /data/nfs/IC/baokun_yu/ConfuMPNN/code/output/finetune_v2_validate/1UBQ/t1_cond:
  - seqs.fa-protein_sol.csv              : CSV with ID, sequence, and metrics
  - seqs.fa-protein_sol_prediction.txt : Main prediction results
  - seqs.fa-protein_sol_composition.txt: Sequence composition data
  - seqs.fa-protein_sol.log        : Detailed execution log

  t1_cond sol DONE

============================================================
Starting Protein-Sol Prediction Pipeline
Input: code/output/finetune_v2_validate/1UBQ/t2_neg/seqs.fa
Working directory: /data/nfs/IC/baokun_yu/ConfuMPNN/protein_sol_mcp/scripts/protein-sol
============================================================

Step 1: Reformatting FASTA file...
Running fasta_seq_reformat_export.pl...
✓ fasta_seq_reformat_export.pl completed successfully
✓ Original file backed up to input.fasta_ORIGINAL

Step 2: Calculating sequence composition...
Running seq_compositions_perc_pipeline_export.pl...
✓ seq_compositions_perc_pipeline_export.pl completed successfully
✓ Composition data saved to seq_composition.txt

Step 3: Making solubility predictions...
Running server_prediction_seq_export.pl...
✓ server_prediction_seq_export.pl completed successfully
✓ Predictions generated

Step 4: Calculating sequence properties...
Running seq_props_ALL_export.pl...
✓ seq_props_ALL_export.pl completed successfully
✓ Sequence properties calculated

Step 5: Gathering profiles...
Running profiles_gather_export.pl...
✓ profiles_gather_export.pl completed successfully
✓ Profiles gathered

Step 6: Creating CSV output...
✓ CSV output saved to seqs.fa-protein_sol.csv

Step 7: Cleaning up intermediate files...
✓ Cleanup completed

============================================================
Prediction Results:
============================================================
ID                   percent-sol     scaled-sol      population-sol  pI        
--------------------------------------------------------------------------------
>seed_111            88.029          0.767           0.446           4.300     
>seed_112            88.029          0.767           0.446           3.470     
>seed_113            85.324          0.742           0.446           4.510     
>seed_114            98.979          0.868           0.446           4.240     
>seed_115            96.067          0.841           0.446           4.500     
>seed_116            96.040          0.841           0.446           4.180     
>seed_117            75.035          0.646           0.446           7.220     
>seed_118            100.797         0.885           0.446           3.510     
>seed_119            90.704          0.791           0.446           4.000     
>seed_120            90.577          0.790           0.446           4.280     
>seed_121            98.330          0.862           0.446           4.410     
>seed_122            98.330          0.862           0.446           4.630     
>seed_123            90.957          0.794           0.446           4.240     
>seed_124            95.391          0.835           0.446           4.180     
>seed_125            96.067          0.841           0.446           4.320     
>seed_126            95.478          0.836           0.446           4.130     
>seed_127            88.029          0.767           0.446           3.400     
>seed_128            79.875          0.691           0.446           4.670     
>seed_129            84.393          0.733           0.446           3.920     
>seed_130            96.067          0.841           0.446           4.170     

============================================================
Pipeline completed successfully!
============================================================

Output files in /data/nfs/IC/baokun_yu/ConfuMPNN/code/output/finetune_v2_validate/1UBQ/t2_neg:
  - seqs.fa-protein_sol.csv              : CSV with ID, sequence, and metrics
  - seqs.fa-protein_sol_prediction.txt : Main prediction results
  - seqs.fa-protein_sol_composition.txt: Sequence composition data
  - seqs.fa-protein_sol.log        : Detailed execution log

  t2_neg sol DONE

============================================================
Starting Protein-Sol Prediction Pipeline
Input: code/output/finetune_v2_validate/1UBQ/t2_ph/seqs.fa
Working directory: /data/nfs/IC/baokun_yu/ConfuMPNN/protein_sol_mcp/scripts/protein-sol
============================================================

Step 1: Reformatting FASTA file...
Running fasta_seq_reformat_export.pl...
✓ fasta_seq_reformat_export.pl completed successfully
✓ Original file backed up to input.fasta_ORIGINAL

Step 2: Calculating sequence composition...
Running seq_compositions_perc_pipeline_export.pl...
✓ seq_compositions_perc_pipeline_export.pl completed successfully
✓ Composition data saved to seq_composition.txt

Step 3: Making solubility predictions...
Running server_prediction_seq_export.pl...
✓ server_prediction_seq_export.pl completed successfully
✓ Predictions generated

Step 4: Calculating sequence properties...
Running seq_props_ALL_export.pl...
✓ seq_props_ALL_export.pl completed successfully
✓ Sequence properties calculated

Step 5: Gathering profiles...
Running profiles_gather_export.pl...
✓ profiles_gather_export.pl completed successfully
✓ Profiles gathered

Step 6: Creating CSV output...
✓ CSV output saved to seqs.fa-protein_sol.csv

Step 7: Cleaning up intermediate files...
✓ Cleanup completed

============================================================
Prediction Results:
============================================================
ID                   percent-sol     scaled-sol      population-sol  pI        
--------------------------------------------------------------------------------
>seed_111            100.553         0.883           0.446           4.030     
>seed_112            104.400         0.918           0.446           4.190     
>seed_113            100.553         0.883           0.446           3.850     
>seed_114            106.691         0.939           0.446           4.160     
>seed_115            100.553         0.883           0.446           3.790     
>seed_116            100.553         0.883           0.446           4.390     
>seed_117            98.330          0.862           0.446           4.380     
>seed_118            103.752         0.912           0.446           4.180     
>seed_119            100.553         0.883           0.446           3.890     
>seed_120            92.038          0.804           0.446           4.950     
>seed_121            100.553         0.883           0.446           4.050     
>seed_122            100.553         0.883           0.446           3.880     
>seed_123            104.400         0.918           0.446           4.090     
>seed_124            100.553         0.883           0.446           3.990     
>seed_125            100.553         0.883           0.446           4.250     
>seed_126            100.553         0.883           0.446           4.180     
>seed_127            87.559          0.762           0.446           5.740     
>seed_128            98.330          0.862           0.446           4.150     
>seed_129            100.553         0.883           0.446           4.140     
>seed_130            101.201         0.889           0.446           4.420     

============================================================
Pipeline completed successfully!
============================================================

Output files in /data/nfs/IC/baokun_yu/ConfuMPNN/code/output/finetune_v2_validate/1UBQ/t2_ph:
  - seqs.fa-protein_sol.csv              : CSV with ID, sequence, and metrics
  - seqs.fa-protein_sol_prediction.txt : Main prediction results
  - seqs.fa-protein_sol_composition.txt: Sequence composition data
  - seqs.fa-protein_sol.log        : Detailed execution log

  t2_ph sol DONE

============================================================
Starting Protein-Sol Prediction Pipeline
Input: code/output/finetune_v2_validate/1UBQ/t2_pos/seqs.fa
Working directory: /data/nfs/IC/baokun_yu/ConfuMPNN/protein_sol_mcp/scripts/protein-sol
============================================================

Step 1: Reformatting FASTA file...
Running fasta_seq_reformat_export.pl...
✓ fasta_seq_reformat_export.pl completed successfully
✓ Original file backed up to input.fasta_ORIGINAL

Step 2: Calculating sequence composition...
Running seq_compositions_perc_pipeline_export.pl...
✓ seq_compositions_perc_pipeline_export.pl completed successfully
✓ Composition data saved to seq_composition.txt

Step 3: Making solubility predictions...
Running server_prediction_seq_export.pl...
✓ server_prediction_seq_export.pl completed successfully
✓ Predictions generated

Step 4: Calculating sequence properties...
Running seq_props_ALL_export.pl...
✓ seq_props_ALL_export.pl completed successfully
✓ Sequence properties calculated

Step 5: Gathering profiles...
Running profiles_gather_export.pl...
✓ profiles_gather_export.pl completed successfully
✓ Profiles gathered

Step 6: Creating CSV output...
✓ CSV output saved to seqs.fa-protein_sol.csv

Step 7: Cleaning up intermediate files...
✓ Cleanup completed

============================================================
Prediction Results:
============================================================
ID                   percent-sol     scaled-sol      population-sol  pI        
--------------------------------------------------------------------------------
>seed_111            84.676          0.736           0.446           10.280    
>seed_112            88.029          0.767           0.446           10.460    
>seed_113            71.398          0.613           0.446           9.790     
>seed_114            75.035          0.646           0.446           9.600     
>seed_115            81.736          0.708           0.446           9.980     
>seed_116            79.186          0.685           0.446           10.120    
>seed_117            88.029          0.767           0.446           10.270    
>seed_118            75.035          0.646           0.446           5.110     
>seed_119            94.680          0.828           0.446           10.410    
>seed_120            79.013          0.683           0.446           9.540     
>seed_121            81.147          0.703           0.446           9.680     
>seed_122            83.046          0.720           0.446           7.250     
>seed_123            79.383          0.687           0.446           9.560     
>seed_124            68.897          0.590           0.446           9.330     
>seed_125            82.987          0.720           0.446           10.040    
>seed_126            81.891          0.710           0.446           10.420    
>seed_127            75.141          0.647           0.446           11.380    
>seed_128            88.029          0.767           0.446           10.420    
>seed_129            84.393          0.733           0.446           10.840    
>seed_130            90.907          0.793           0.446           10.600    

============================================================
Pipeline completed successfully!
============================================================

Output files in /data/nfs/IC/baokun_yu/ConfuMPNN/code/output/finetune_v2_validate/1UBQ/t2_pos:
  - seqs.fa-protein_sol.csv              : CSV with ID, sequence, and metrics
  - seqs.fa-protein_sol_prediction.txt : Main prediction results
  - seqs.fa-protein_sol_composition.txt: Sequence composition data
  - seqs.fa-protein_sol.log        : Detailed execution log

  t2_pos sol DONE

============================================================
Starting Protein-Sol Prediction Pipeline
Input: code/output/finetune_v2_validate/2LZM/t1_base/seqs.fa
Working directory: /data/nfs/IC/baokun_yu/ConfuMPNN/protein_sol_mcp/scripts/protein-sol
============================================================

Step 1: Reformatting FASTA file...
Running fasta_seq_reformat_export.pl...
✓ fasta_seq_reformat_export.pl completed successfully
✓ Original file backed up to input.fasta_ORIGINAL

Step 2: Calculating sequence composition...
Running seq_compositions_perc_pipeline_export.pl...
✓ seq_compositions_perc_pipeline_export.pl completed successfully
✓ Composition data saved to seq_composition.txt

Step 3: Making solubility predictions...
Running server_prediction_seq_export.pl...
✓ server_prediction_seq_export.pl completed successfully
✓ Predictions generated

Step 4: Calculating sequence properties...
Running seq_props_ALL_export.pl...
✓ seq_props_ALL_export.pl completed successfully
✓ Sequence properties calculated

Step 5: Gathering profiles...
Running profiles_gather_export.pl...
✓ profiles_gather_export.pl completed successfully
✓ Profiles gathered

Step 6: Creating CSV output...
✓ CSV output saved to seqs.fa-protein_sol.csv

Step 7: Cleaning up intermediate files...
✓ Cleanup completed

============================================================
Prediction Results:
============================================================
ID                   percent-sol     scaled-sol      population-sol  pI        
--------------------------------------------------------------------------------
>seed_111            68.574          0.587           0.446           10.850    
>seed_112            59.729          0.505           0.446           11.400    
>seed_113            75.141          0.647           0.446           11.830    
>seed_114            68.384          0.585           0.446           12.060    
>seed_115            66.852          0.571           0.446           10.820    
>seed_116            67.837          0.580           0.446           11.890    
>seed_117            70.129          0.601           0.446           10.690    
>seed_118            65.871          0.562           0.446           11.300    
>seed_119            69.549          0.596           0.446           11.090    
>seed_120            64.193          0.546           0.446           11.850    
>seed_121            63.458          0.539           0.446           11.560    
>seed_122            65.134          0.555           0.446           11.040    
>seed_123            62.432          0.530           0.446           11.370    
>seed_124            68.384          0.585           0.446           10.730    
>seed_125            63.646          0.541           0.446           11.180    
>seed_126            85.808          0.746           0.446           11.170    
>seed_127            79.130          0.684           0.446           11.110    
>seed_128            73.976          0.637           0.446           11.850    
>seed_129            63.168          0.537           0.446           10.740    
>seed_130            71.273          0.612           0.446           11.470    

============================================================
Pipeline completed successfully!
============================================================

Output files in /data/nfs/IC/baokun_yu/ConfuMPNN/code/output/finetune_v2_validate/2LZM/t1_base:
  - seqs.fa-protein_sol.csv              : CSV with ID, sequence, and metrics
  - seqs.fa-protein_sol_prediction.txt : Main prediction results
  - seqs.fa-protein_sol_composition.txt: Sequence composition data
  - seqs.fa-protein_sol.log        : Detailed execution log

  t1_base sol DONE

============================================================
Starting Protein-Sol Prediction Pipeline
Input: code/output/finetune_v2_validate/2LZM/t1_cond/seqs.fa
Working directory: /data/nfs/IC/baokun_yu/ConfuMPNN/protein_sol_mcp/scripts/protein-sol
============================================================

Step 1: Reformatting FASTA file...
Running fasta_seq_reformat_export.pl...
✓ fasta_seq_reformat_export.pl completed successfully
✓ Original file backed up to input.fasta_ORIGINAL

Step 2: Calculating sequence composition...
Running seq_compositions_perc_pipeline_export.pl...
✓ seq_compositions_perc_pipeline_export.pl completed successfully
✓ Composition data saved to seq_composition.txt

Step 3: Making solubility predictions...
Running server_prediction_seq_export.pl...
✓ server_prediction_seq_export.pl completed successfully
✓ Predictions generated

Step 4: Calculating sequence properties...
Running seq_props_ALL_export.pl...
✓ seq_props_ALL_export.pl completed successfully
✓ Sequence properties calculated

Step 5: Gathering profiles...
Running profiles_gather_export.pl...
✓ profiles_gather_export.pl completed successfully
✓ Profiles gathered

Step 6: Creating CSV output...
✓ CSV output saved to seqs.fa-protein_sol.csv

Step 7: Cleaning up intermediate files...
✓ Cleanup completed

============================================================
Prediction Results:
============================================================
ID                   percent-sol     scaled-sol      population-sol  pI        
--------------------------------------------------------------------------------
>seed_111            68.547          0.586           0.446           11.180    
>seed_112            62.432          0.530           0.446           12.050    
>seed_113            65.134          0.555           0.446           11.520    
>seed_114            69.596          0.596           0.446           11.170    
>seed_115            62.432          0.530           0.446           11.680    
>seed_116            59.729          0.505           0.446           11.090    
>seed_117            71.754          0.616           0.446           11.520    
>seed_118            58.240          0.491           0.446           10.590    
>seed_119            79.596          0.689           0.446           10.290    
>seed_120            62.432          0.530           0.446           11.770    
>seed_121            67.056          0.572           0.446           10.470    
>seed_122            69.052          0.591           0.446           11.850    
>seed_123            60.874          0.515           0.446           10.360    
>seed_124            70.343          0.603           0.446           11.730    
>seed_125            65.297          0.556           0.446           10.650    
>seed_126            67.837          0.580           0.446           11.630    
>seed_127            68.570          0.587           0.446           11.290    
>seed_128            73.976          0.637           0.446           11.390    
>seed_129            75.141          0.647           0.446           11.750    
>seed_130            73.976          0.637           0.446           11.630    

============================================================
Pipeline completed successfully!
============================================================

Output files in /data/nfs/IC/baokun_yu/ConfuMPNN/code/output/finetune_v2_validate/2LZM/t1_cond:
  - seqs.fa-protein_sol.csv              : CSV with ID, sequence, and metrics
  - seqs.fa-protein_sol_prediction.txt : Main prediction results
  - seqs.fa-protein_sol_composition.txt: Sequence composition data
  - seqs.fa-protein_sol.log        : Detailed execution log

  t1_cond sol DONE

============================================================
Starting Protein-Sol Prediction Pipeline
Input: code/output/finetune_v2_validate/2LZM/t2_neg/seqs.fa
Working directory: /data/nfs/IC/baokun_yu/ConfuMPNN/protein_sol_mcp/scripts/protein-sol
============================================================

Step 1: Reformatting FASTA file...
Running fasta_seq_reformat_export.pl...
✓ fasta_seq_reformat_export.pl completed successfully
✓ Original file backed up to input.fasta_ORIGINAL

Step 2: Calculating sequence composition...
Running seq_compositions_perc_pipeline_export.pl...
✓ seq_compositions_perc_pipeline_export.pl completed successfully
✓ Composition data saved to seq_composition.txt

Step 3: Making solubility predictions...
Running server_prediction_seq_export.pl...
✓ server_prediction_seq_export.pl completed successfully
✓ Predictions generated

Step 4: Calculating sequence properties...
Running seq_props_ALL_export.pl...
✓ seq_props_ALL_export.pl completed successfully
✓ Sequence properties calculated

Step 5: Gathering profiles...
Running profiles_gather_export.pl...
✓ profiles_gather_export.pl completed successfully
✓ Profiles gathered

Step 6: Creating CSV output...
✓ CSV output saved to seqs.fa-protein_sol.csv

Step 7: Cleaning up intermediate files...
✓ Cleanup completed

============================================================
Prediction Results:
============================================================
ID                   percent-sol     scaled-sol      population-sol  pI        
--------------------------------------------------------------------------------
>seed_111            58.196          0.490           0.446           10.200    
>seed_112            49.985          0.414           0.446           10.110    
>seed_113            60.943          0.516           0.446           10.770    
>seed_114            64.005          0.544           0.446           11.300    
>seed_115            47.573          0.392           0.446           10.000    
>seed_116            56.230          0.472           0.446           10.350    
>seed_117            68.000          0.581           0.446           10.640    
>seed_118            60.755          0.514           0.446           10.840    
>seed_119            55.681          0.467           0.446           10.360    
>seed_120            48.414          0.400           0.446           10.380    
>seed_121            52.140          0.434           0.446           9.940     
>seed_122            52.687          0.439           0.446           6.390     
>seed_123            51.012          0.424           0.446           9.830     
>seed_124            58.196          0.490           0.446           10.250    
>seed_125            52.303          0.436           0.446           9.540     
>seed_126            58.743          0.496           0.446           10.420    
>seed_127            72.487          0.623           0.446           9.660     
>seed_128            58.760          0.496           0.446           7.970     
>seed_129            52.877          0.441           0.446           6.660     
>seed_130            48.120          0.397           0.446           9.850     

============================================================
Pipeline completed successfully!
============================================================

Output files in /data/nfs/IC/baokun_yu/ConfuMPNN/code/output/finetune_v2_validate/2LZM/t2_neg:
  - seqs.fa-protein_sol.csv              : CSV with ID, sequence, and metrics
  - seqs.fa-protein_sol_prediction.txt : Main prediction results
  - seqs.fa-protein_sol_composition.txt: Sequence composition data
  - seqs.fa-protein_sol.log        : Detailed execution log

  t2_neg sol DONE

============================================================
Starting Protein-Sol Prediction Pipeline
Input: code/output/finetune_v2_validate/2LZM/t2_ph/seqs.fa
Working directory: /data/nfs/IC/baokun_yu/ConfuMPNN/protein_sol_mcp/scripts/protein-sol
============================================================

Step 1: Reformatting FASTA file...
Running fasta_seq_reformat_export.pl...
✓ fasta_seq_reformat_export.pl completed successfully
✓ Original file backed up to input.fasta_ORIGINAL

Step 2: Calculating sequence composition...
Running seq_compositions_perc_pipeline_export.pl...
✓ seq_compositions_perc_pipeline_export.pl completed successfully
✓ Composition data saved to seq_composition.txt

Step 3: Making solubility predictions...
Running server_prediction_seq_export.pl...
✓ server_prediction_seq_export.pl completed successfully
✓ Predictions generated

Step 4: Calculating sequence properties...
Running seq_props_ALL_export.pl...
✓ seq_props_ALL_export.pl completed successfully
✓ Sequence properties calculated

Step 5: Gathering profiles...
Running profiles_gather_export.pl...
✓ profiles_gather_export.pl completed successfully
✓ Profiles gathered

Step 6: Creating CSV output...
✓ CSV output saved to seqs.fa-protein_sol.csv

Step 7: Cleaning up intermediate files...
✓ Cleanup completed

============================================================
Prediction Results:
============================================================
ID                   percent-sol     scaled-sol      population-sol  pI        
--------------------------------------------------------------------------------
>seed_111            98.330          0.862           0.446           4.390     
>seed_112            96.931          0.849           0.446           4.090     
>seed_113            98.330          0.862           0.446           4.300     
>seed_114            92.739          0.810           0.446           4.690     
>seed_115            100.553         0.883           0.446           4.070     
>seed_116            88.029          0.767           0.446           4.370     
>seed_117            96.654          0.846           0.446           4.860     
>seed_118            96.109          0.841           0.446           4.600     
>seed_119            94.427          0.826           0.446           3.970     
>seed_120            94.427          0.826           0.446           4.380     
>seed_121            92.192          0.805           0.446           4.100     
>seed_122            92.739          0.810           0.446           4.500     
>seed_123            98.330          0.862           0.446           4.780     
>seed_124            92.739          0.810           0.446           4.520     
>seed_125            98.330          0.862           0.446           4.610     
>seed_126            92.192          0.805           0.446           4.430     
>seed_127            102.853         0.904           0.446           4.420     
>seed_128            97.205          0.852           0.446           4.710     
>seed_129            91.695          0.801           0.446           4.450     
>seed_130            99.427          0.872           0.446           4.320     

============================================================
Pipeline completed successfully!
============================================================

Output files in /data/nfs/IC/baokun_yu/ConfuMPNN/code/output/finetune_v2_validate/2LZM/t2_ph:
  - seqs.fa-protein_sol.csv              : CSV with ID, sequence, and metrics
  - seqs.fa-protein_sol_prediction.txt : Main prediction results
  - seqs.fa-protein_sol_composition.txt: Sequence composition data
  - seqs.fa-protein_sol.log        : Detailed execution log

  t2_ph sol DONE

============================================================
Starting Protein-Sol Prediction Pipeline
Input: code/output/finetune_v2_validate/2LZM/t2_pos/seqs.fa
Working directory: /data/nfs/IC/baokun_yu/ConfuMPNN/protein_sol_mcp/scripts/protein-sol
============================================================

Step 1: Reformatting FASTA file...
Running fasta_seq_reformat_export.pl...
✓ fasta_seq_reformat_export.pl completed successfully
✓ Original file backed up to input.fasta_ORIGINAL

Step 2: Calculating sequence composition...
Running seq_compositions_perc_pipeline_export.pl...
✓ seq_compositions_perc_pipeline_export.pl completed successfully
✓ Composition data saved to seq_composition.txt

Step 3: Making solubility predictions...
Running server_prediction_seq_export.pl...
✓ server_prediction_seq_export.pl completed successfully
✓ Predictions generated

Step 4: Calculating sequence properties...
Running seq_props_ALL_export.pl...
✓ seq_props_ALL_export.pl completed successfully
✓ Sequence properties calculated

Step 5: Gathering profiles...
Running profiles_gather_export.pl...
✓ profiles_gather_export.pl completed successfully
✓ Profiles gathered

Step 6: Creating CSV output...
✓ CSV output saved to seqs.fa-protein_sol.csv

Step 7: Cleaning up intermediate files...
✓ Cleanup completed

============================================================
Prediction Results:
============================================================
ID                   percent-sol     scaled-sol      population-sol  pI        
--------------------------------------------------------------------------------
>seed_111            72.222          0.620           0.446           11.500    
>seed_112            58.054          0.489           0.446           12.200    
>seed_113            82.268          0.713           0.446           12.240    
>seed_114            73.976          0.637           0.446           12.250    
>seed_115            77.089          0.665           0.446           11.880    
>seed_116            62.432          0.530           0.446           11.800    
>seed_117            63.921          0.543           0.446           11.460    
>seed_118            67.328          0.575           0.446           11.370    
>seed_119            69.551          0.596           0.446           11.860    
>seed_120            61.891          0.525           0.446           12.080    
>seed_121            65.134          0.555           0.446           11.790    
>seed_122            75.787          0.653           0.446           11.120    
>seed_123            70.793          0.607           0.446           11.740    
>seed_124            72.920          0.627           0.446           11.210    
>seed_125            73.084          0.628           0.446           11.580    
>seed_126            79.821          0.691           0.446           11.740    
>seed_127            84.896          0.738           0.446           11.190    
>seed_128            75.141          0.647           0.446           12.020    
>seed_129            77.081          0.665           0.446           10.580    
>seed_130            68.570          0.587           0.446           11.390    

============================================================
Pipeline completed successfully!
============================================================

Output files in /data/nfs/IC/baokun_yu/ConfuMPNN/code/output/finetune_v2_validate/2LZM/t2_pos:
  - seqs.fa-protein_sol.csv              : CSV with ID, sequence, and metrics
  - seqs.fa-protein_sol_prediction.txt : Main prediction results
  - seqs.fa-protein_sol_composition.txt: Sequence composition data
  - seqs.fa-protein_sol.log        : Detailed execution log

  t2_pos sol DONE
=== [4/4] TemBERTure Tm（confumpnn-temberture，HF_HUB_OFFLINE=1）===
/home/baokun_yu/miniconda3/envs/confumpnn-temberture/lib/python3.10/site-packages/transformers/utils/generic.py:441: FutureWarning: `torch.utils._pytree._register_pytree_node` is deprecated. Please use `torch.utils._pytree.register_pytree_node` instead.
  _torch_pytree._register_pytree_node(
/home/baokun_yu/miniconda3/envs/confumpnn-temberture/lib/python3.10/site-packages/transformers/utils/generic.py:441: FutureWarning: `torch.utils._pytree._register_pytree_node` is deprecated. Please use `torch.utils._pytree.register_pytree_node` instead.
  _torch_pytree._register_pytree_node(
/home/baokun_yu/miniconda3/envs/confumpnn-temberture/lib/python3.10/site-packages/transformers/utils/generic.py:309: FutureWarning: `torch.utils._pytree._register_pytree_node` is deprecated. Please use `torch.utils._pytree.register_pytree_node` instead.
  _torch_pytree._register_pytree_node(
/home/baokun_yu/miniconda3/envs/confumpnn-temberture/lib/python3.10/site-packages/transformers/utils/generic.py:441: FutureWarning: `torch.utils._pytree._register_pytree_node` is deprecated. Please use `torch.utils._pytree.register_pytree_node` instead.
  _torch_pytree._register_pytree_node(
加载 replica1...
/home/baokun_yu/miniconda3/envs/confumpnn-temberture/lib/python3.10/site-packages/transformers/utils/generic.py:309: FutureWarning: `torch.utils._pytree._register_pytree_node` is deprecated. Please use `torch.utils._pytree.register_pytree_node` instead.
  _torch_pytree._register_pytree_node(
/home/baokun_yu/miniconda3/envs/confumpnn-temberture/lib/python3.10/site-packages/transformers/utils/generic.py:441: FutureWarning: `torch.utils._pytree._register_pytree_node` is deprecated. Please use `torch.utils._pytree.register_pytree_node` instead.
  _torch_pytree._register_pytree_node(
/home/baokun_yu/miniconda3/envs/confumpnn-temberture/lib/python3.10/site-packages/transformers/utils/generic.py:441: FutureWarning: `torch.utils._pytree._register_pytree_node` is deprecated. Please use `torch.utils._pytree.register_pytree_node` instead.
  _torch_pytree._register_pytree_node(
/home/baokun_yu/miniconda3/envs/confumpnn-temberture/lib/python3.10/site-packages/transformers/utils/generic.py:441: FutureWarning: `torch.utils._pytree._register_pytree_node` is deprecated. Please use `torch.utils._pytree.register_pytree_node` instead.
  _torch_pytree._register_pytree_node(
/home/baokun_yu/miniconda3/envs/confumpnn-temberture/lib/python3.10/site-packages/transformers/utils/generic.py:441: FutureWarning: `torch.utils._pytree._register_pytree_node` is deprecated. Please use `torch.utils._pytree.register_pytree_node` instead.
  _torch_pytree._register_pytree_node(
/home/baokun_yu/miniconda3/envs/confumpnn-temberture/lib/python3.10/site-packages/transformers/utils/generic.py:309: FutureWarning: `torch.utils._pytree._register_pytree_node` is deprecated. Please use `torch.utils._pytree.register_pytree_node` instead.
  _torch_pytree._register_pytree_node(
/home/baokun_yu/miniconda3/envs/confumpnn-temberture/lib/python3.10/site-packages/transformers/utils/generic.py:441: FutureWarning: `torch.utils._pytree._register_pytree_node` is deprecated. Please use `torch.utils._pytree.register_pytree_node` instead.
  _torch_pytree._register_pytree_node(
/home/baokun_yu/miniconda3/envs/confumpnn-temberture/lib/python3.10/site-packages/transformers/utils/generic.py:441: FutureWarning: `torch.utils._pytree._register_pytree_node` is deprecated. Please use `torch.utils._pytree.register_pytree_node` instead.
  _torch_pytree._register_pytree_node(
/home/baokun_yu/miniconda3/envs/confumpnn-temberture/lib/python3.10/site-packages/transformers/utils/generic.py:441: FutureWarning: `torch.utils._pytree._register_pytree_node` is deprecated. Please use `torch.utils._pytree.register_pytree_node` instead.
  _torch_pytree._register_pytree_node(
/home/baokun_yu/miniconda3/envs/confumpnn-temberture/lib/python3.10/site-packages/transformers/utils/generic.py:441: FutureWarning: `torch.utils._pytree._register_pytree_node` is deprecated. Please use `torch.utils._pytree.register_pytree_node` instead.
  _torch_pytree._register_pytree_node(
/home/baokun_yu/miniconda3/envs/confumpnn-temberture/lib/python3.10/site-packages/transformers/utils/generic.py:441: FutureWarning: `torch.utils._pytree._register_pytree_node` is deprecated. Please use `torch.utils._pytree.register_pytree_node` instead.
  _torch_pytree._register_pytree_node(
加载 replica1...
/home/baokun_yu/miniconda3/envs/confumpnn-temberture/lib/python3.10/site-packages/transformers/utils/generic.py:441: FutureWarning: `torch.utils._pytree._register_pytree_node` is deprecated. Please use `torch.utils._pytree.register_pytree_node` instead.
  _torch_pytree._register_pytree_node(
/home/baokun_yu/miniconda3/envs/confumpnn-temberture/lib/python3.10/site-packages/transformers/utils/generic.py:441: FutureWarning: `torch.utils._pytree._register_pytree_node` is deprecated. Please use `torch.utils._pytree.register_pytree_node` instead.
  _torch_pytree._register_pytree_node(
/home/baokun_yu/miniconda3/envs/confumpnn-temberture/lib/python3.10/site-packages/transformers/utils/generic.py:309: FutureWarning: `torch.utils._pytree._register_pytree_node` is deprecated. Please use `torch.utils._pytree.register_pytree_node` instead.
  _torch_pytree._register_pytree_node(
/home/baokun_yu/miniconda3/envs/confumpnn-temberture/lib/python3.10/site-packages/transformers/utils/generic.py:309: FutureWarning: `torch.utils._pytree._register_pytree_node` is deprecated. Please use `torch.utils._pytree.register_pytree_node` instead.
  _torch_pytree._register_pytree_node(
/home/baokun_yu/miniconda3/envs/confumpnn-temberture/lib/python3.10/site-packages/transformers/utils/generic.py:441: FutureWarning: `torch.utils._pytree._register_pytree_node` is deprecated. Please use `torch.utils._pytree.register_pytree_node` instead.
  _torch_pytree._register_pytree_node(
/home/baokun_yu/miniconda3/envs/confumpnn-temberture/lib/python3.10/site-packages/transformers/utils/generic.py:441: FutureWarning: `torch.utils._pytree._register_pytree_node` is deprecated. Please use `torch.utils._pytree.register_pytree_node` instead.
  _torch_pytree._register_pytree_node(
/home/baokun_yu/miniconda3/envs/confumpnn-temberture/lib/python3.10/site-packages/transformers/utils/generic.py:441: FutureWarning: `torch.utils._pytree._register_pytree_node` is deprecated. Please use `torch.utils._pytree.register_pytree_node` instead.
  _torch_pytree._register_pytree_node(
/home/baokun_yu/miniconda3/envs/confumpnn-temberture/lib/python3.10/site-packages/transformers/utils/generic.py:441: FutureWarning: `torch.utils._pytree._register_pytree_node` is deprecated. Please use `torch.utils._pytree.register_pytree_node` instead.
  _torch_pytree._register_pytree_node(
/home/baokun_yu/miniconda3/envs/confumpnn-temberture/lib/python3.10/site-packages/transformers/utils/generic.py:441: FutureWarning: `torch.utils._pytree._register_pytree_node` is deprecated. Please use `torch.utils._pytree.register_pytree_node` instead.
  _torch_pytree._register_pytree_node(
/home/baokun_yu/miniconda3/envs/confumpnn-temberture/lib/python3.10/site-packages/transformers/utils/generic.py:441: FutureWarning: `torch.utils._pytree._register_pytree_node` is deprecated. Please use `torch.utils._pytree.register_pytree_node` instead.
  _torch_pytree._register_pytree_node(
加载 replica1...
加载 replica1...
加载 replica1...
/home/baokun_yu/miniconda3/envs/confumpnn-temberture/lib/python3.10/site-packages/transformers/utils/generic.py:309: FutureWarning: `torch.utils._pytree._register_pytree_node` is deprecated. Please use `torch.utils._pytree.register_pytree_node` instead.
  _torch_pytree._register_pytree_node(
/home/baokun_yu/miniconda3/envs/confumpnn-temberture/lib/python3.10/site-packages/transformers/utils/generic.py:309: FutureWarning: `torch.utils._pytree._register_pytree_node` is deprecated. Please use `torch.utils._pytree.register_pytree_node` instead.
  _torch_pytree._register_pytree_node(
/home/baokun_yu/miniconda3/envs/confumpnn-temberture/lib/python3.10/site-packages/transformers/utils/generic.py:309: FutureWarning: `torch.utils._pytree._register_pytree_node` is deprecated. Please use `torch.utils._pytree.register_pytree_node` instead.
  _torch_pytree._register_pytree_node(
/home/baokun_yu/miniconda3/envs/confumpnn-temberture/lib/python3.10/site-packages/transformers/utils/generic.py:309: FutureWarning: `torch.utils._pytree._register_pytree_node` is deprecated. Please use `torch.utils._pytree.register_pytree_node` instead.
  _torch_pytree._register_pytree_node(
/home/baokun_yu/miniconda3/envs/confumpnn-temberture/lib/python3.10/site-packages/transformers/utils/generic.py:309: FutureWarning: `torch.utils._pytree._register_pytree_node` is deprecated. Please use `torch.utils._pytree.register_pytree_node` instead.
  _torch_pytree._register_pytree_node(
/home/baokun_yu/miniconda3/envs/confumpnn-temberture/lib/python3.10/site-packages/transformers/utils/generic.py:309: FutureWarning: `torch.utils._pytree._register_pytree_node` is deprecated. Please use `torch.utils._pytree.register_pytree_node` instead.
  _torch_pytree._register_pytree_node(
/home/baokun_yu/miniconda3/envs/confumpnn-temberture/lib/python3.10/site-packages/transformers/utils/generic.py:309: FutureWarning: `torch.utils._pytree._register_pytree_node` is deprecated. Please use `torch.utils._pytree.register_pytree_node` instead.
  _torch_pytree._register_pytree_node(
/home/baokun_yu/miniconda3/envs/confumpnn-temberture/lib/python3.10/site-packages/transformers/utils/generic.py:309: FutureWarning: `torch.utils._pytree._register_pytree_node` is deprecated. Please use `torch.utils._pytree.register_pytree_node` instead.
  _torch_pytree._register_pytree_node(
/home/baokun_yu/miniconda3/envs/confumpnn-temberture/lib/python3.10/site-packages/transformers/utils/generic.py:309: FutureWarning: `torch.utils._pytree._register_pytree_node` is deprecated. Please use `torch.utils._pytree.register_pytree_node` instead.
  _torch_pytree._register_pytree_node(
/home/baokun_yu/miniconda3/envs/confumpnn-temberture/lib/python3.10/site-packages/transformers/utils/generic.py:309: FutureWarning: `torch.utils._pytree._register_pytree_node` is deprecated. Please use `torch.utils._pytree.register_pytree_node` instead.
  _torch_pytree._register_pytree_node(
/home/baokun_yu/miniconda3/envs/confumpnn-temberture/lib/python3.10/site-packages/transformers/utils/generic.py:309: FutureWarning: `torch.utils._pytree._register_pytree_node` is deprecated. Please use `torch.utils._pytree.register_pytree_node` instead.
  _torch_pytree._register_pytree_node(
/home/baokun_yu/miniconda3/envs/confumpnn-temberture/lib/python3.10/site-packages/transformers/utils/generic.py:309: FutureWarning: `torch.utils._pytree._register_pytree_node` is deprecated. Please use `torch.utils._pytree.register_pytree_node` instead.
  _torch_pytree._register_pytree_node(
/home/baokun_yu/miniconda3/envs/confumpnn-temberture/lib/python3.10/site-packages/transformers/utils/generic.py:309: FutureWarning: `torch.utils._pytree._register_pytree_node` is deprecated. Please use `torch.utils._pytree.register_pytree_node` instead.
  _torch_pytree._register_pytree_node(
/home/baokun_yu/miniconda3/envs/confumpnn-temberture/lib/python3.10/site-packages/transformers/utils/generic.py:309: FutureWarning: `torch.utils._pytree._register_pytree_node` is deprecated. Please use `torch.utils._pytree.register_pytree_node` instead.
  _torch_pytree._register_pytree_node(
/home/baokun_yu/miniconda3/envs/confumpnn-temberture/lib/python3.10/site-packages/transformers/utils/generic.py:309: FutureWarning: `torch.utils._pytree._register_pytree_node` is deprecated. Please use `torch.utils._pytree.register_pytree_node` instead.
  _torch_pytree._register_pytree_node(
加载 replica1...
加载 replica1...
加载 replica1...
加载 replica1...
加载 replica1...
加载 replica1...
加载 replica1...
加载 replica1...
加载 replica1...
加载 replica1...
加载 replica1...
加载 replica1...
加载 replica1...
加载 replica1...
加载 replica1...
加载 replica2...
加载 replica2...
加载 replica2...
加载 replica2...
加载 replica2...
加载 replica2...
加载 replica2...
加载 replica2...
加载 replica2...
加载 replica2...
加载 replica2...
加载 replica2...
加载 replica2...
加载 replica2...
加载 replica2...
加载 replica2...
加载 replica2...
加载 replica2...
加载 replica2...
加载 replica2...
加载 replica3...
加载 replica3...
加载 replica3...
加载 replica3...
加载 replica3...
加载 replica3...
加载 replica3...
加载 replica3...
加载 replica3...
加载 replica3...
加载 replica3...
加载 replica3...
加载 replica3...
加载 replica3...
加载 replica3...
加载 replica3...
加载 replica3...
加载 replica3...
加载 replica3...
加载 replica3...
批量模式：找到 1 个 seqs.fa
  0%|          | 0/1 [00:00<?, ?it/s]批量模式：找到 1 个 seqs.fa
  0%|          | 0/1 [00:00<?, ?it/s]批量模式：找到 1 个 seqs.fa
  0%|          | 0/1 [00:00<?, ?it/s]批量模式：找到 1 个 seqs.fa
  0%|          | 0/1 [00:00<?, ?it/s]批量模式：找到 1 个 seqs.fa
批量模式：找到 1 个 seqs.fa
  0%|          | 0/1 [00:00<?, ?it/s]批量模式：找到 1 个 seqs.fa
  0%|          | 0/1 [00:00<?, ?it/s]  0%|          | 0/1 [00:00<?, ?it/s]批量模式：找到 1 个 seqs.fa
  0%|          | 0/1 [00:00<?, ?it/s]批量模式：找到 1 个 seqs.fa
批量模式：找到 1 个 seqs.fa
  0%|          | 0/1 [00:00<?, ?it/s]批量模式：找到 1 个 seqs.fa
  0%|          | 0/1 [00:00<?, ?it/s]  0%|          | 0/1 [00:00<?, ?it/s]批量模式：找到 1 个 seqs.fa
  0%|          | 0/1 [00:00<?, ?it/s]批量模式：找到 1 个 seqs.fa
  0%|          | 0/1 [00:00<?, ?it/s]批量模式：找到 1 个 seqs.fa
  0%|          | 0/1 [00:00<?, ?it/s]批量模式：找到 1 个 seqs.fa
批量模式：找到 1 个 seqs.fa
  0%|          | 0/1 [00:00<?, ?it/s]批量模式：找到 1 个 seqs.fa
  0%|          | 0/1 [00:00<?, ?it/s]  0%|          | 0/1 [00:00<?, ?it/s]批量模式：找到 1 个 seqs.fa
  0%|          | 0/1 [00:00<?, ?it/s]批量模式：找到 1 个 seqs.fa
  0%|          | 0/1 [00:00<?, ?it/s]100%|██████████| 1/1 [00:02<00:00,  2.22s/it]100%|██████████| 1/1 [00:02<00:00,  2.22s/it]
Predicted melting temperature: [69.19290924072266]
  0%|          | 0/1 [00:00<?, ?it/s]批量模式：找到 1 个 seqs.fa
  0%|          | 0/1 [00:00<?, ?it/s]100%|██████████| 1/1 [00:02<00:00,  2.40s/it]100%|██████████| 1/1 [00:02<00:00,  2.40s/it]
Predicted melting temperature: [51.166160583496094]
  0%|          | 0/1 [00:00<?, ?it/s]100%|██████████| 1/1 [00:02<00:00,  2.74s/it]100%|██████████| 1/1 [00:02<00:00,  2.74s/it]
Predicted melting temperature: [54.31249237060547]
  0%|          | 0/1 [00:00<?, ?it/s]100%|██████████| 1/1 [00:02<00:00,  2.75s/it]100%|██████████| 1/1 [00:02<00:00,  2.75s/it]
Predicted melting temperature: [55.74900436401367]
  0%|          | 0/1 [00:00<?, ?it/s]100%|██████████| 1/1 [00:02<00:00,  2.41s/it]100%|██████████| 1/1 [00:02<00:00,  2.42s/it]
100%|██████████| 1/1 [00:02<00:00,  2.41s/it]100%|██████████| 1/1 [00:02<00:00,  2.41s/it]Predicted melting temperature: [67.73461151123047]

  0%|          | 0/1 [00:00<?, ?it/s]Predicted melting temperature: [54.86388397216797]
  0%|          | 0/1 [00:00<?, ?it/s]100%|██████████| 1/1 [00:02<00:00,  2.69s/it]100%|██████████| 1/1 [00:02<00:00,  2.69s/it]100%|██████████| 1/1 [00:03<00:00,  3.01s/it]
100%|██████████| 1/1 [00:03<00:00,  3.02s/it]
Predicted melting temperature: [53.13923263549805]
  0%|          | 0/1 [00:00<?, ?it/s]Predicted melting temperature: [60.500728607177734]
  0%|          | 0/1 [00:00<?, ?it/s]100%|██████████| 1/1 [00:01<00:00,  1.01s/it]100%|██████████| 1/1 [00:02<00:00,  2.90s/it]100%|██████████| 1/1 [00:02<00:00,  2.92s/it]100%|██████████| 1/1 [00:01<00:00,  1.03s/it]

Predicted melting temperature: [71.12872314453125]
Predicted melting temperature: [54.23411178588867]
  0%|          | 0/1 [00:00<?, ?it/s]  0%|          | 0/1 [00:00<?, ?it/s]100%|██████████| 1/1 [00:02<00:00,  2.82s/it]100%|██████████| 1/1 [00:02<00:00,  2.82s/it]
Predicted melting temperature: [54.88740921020508]
100%|██████████| 1/1 [00:03<00:00,  3.32s/it]  0%|          | 0/1 [00:00<?, ?it/s]100%|██████████| 1/1 [00:03<00:00,  3.33s/it]
100%|██████████| 1/1 [00:03<00:00,  3.10s/it]100%|██████████| 1/1 [00:03<00:00,  3.10s/it]
Predicted melting temperature: [54.25788116455078]
  0%|          | 0/1 [00:00<?, ?it/s]Predicted melting temperature: [74.12767028808594]
  0%|          | 0/1 [00:00<?, ?it/s]100%|██████████| 1/1 [00:02<00:00,  2.46s/it]100%|██████████| 1/1 [00:02<00:00,  2.47s/it]
100%|██████████| 1/1 [00:02<00:00,  2.65s/it]100%|██████████| 1/1 [00:02<00:00,  2.66s/it]Predicted melting temperature: [56.20463180541992]
  0%|          | 0/1 [00:00<?, ?it/s]100%|██████████| 1/1 [00:00<00:00,  1.06it/s]100%|██████████| 1/1 [00:00<00:00,  1.02it/s]

Predicted melting temperature: [68.23198699951172]
  0%|          | 0/1 [00:00<?, ?it/s]Predicted melting temperature: [54.26461410522461]
  0%|          | 0/1 [00:00<?, ?it/s]100%|██████████| 1/1 [00:02<00:00,  2.69s/it]100%|██████████| 1/1 [00:02<00:00,  2.69s/it]
Predicted melting temperature: [50.13951110839844]
  0%|          | 0/1 [00:00<?, ?it/s]100%|██████████| 1/1 [00:01<00:00,  1.05s/it]100%|██████████| 1/1 [00:01<00:00,  1.06s/it]
Predicted melting temperature: [56.33251953125]
  0%|          | 0/1 [00:00<?, ?it/s]100%|██████████| 1/1 [00:01<00:00,  1.04s/it]100%|██████████| 1/1 [00:01<00:00,  1.04s/it]
Predicted melting temperature: [67.052490234375]
  0%|          | 0/1 [00:00<?, ?it/s]100%|██████████| 1/1 [00:01<00:00,  1.21s/it]100%|██████████| 1/1 [00:01<00:00,  1.21s/it]
Predicted melting temperature: [63.407901763916016]
  0%|          | 0/1 [00:00<?, ?it/s]100%|██████████| 1/1 [00:03<00:00,  3.27s/it]100%|██████████| 1/1 [00:03<00:00,  3.28s/it]
100%|██████████| 1/1 [00:03<00:00,  3.09s/it]100%|██████████| 1/1 [00:03<00:00,  3.11s/it]100%|██████████| 1/1 [00:01<00:00,  1.01s/it]100%|██████████| 1/1 [00:01<00:00,  1.03s/it]Predicted melting temperature: [57.306671142578125]

Predicted melting temperature: [61.762718200683594]
  seed_111 arm=t2_pos pH=7.4 target=+5.0 c   Tm=67.36  replicas=[69.2, 71.1, 61.8]
  0%|          | 0/1 [00:00<?, ?it/s]
  0%|          | 0/1 [00:00<?, ?it/s]Predicted melting temperature: [68.98573303222656]
  0%|          | 0/1 [00:00<?, ?it/s]100%|██████████| 1/1 [00:02<00:00,  2.89s/it]100%|██████████| 1/1 [00:02<00:00,  2.89s/it]
Predicted melting temperature: [65.8448257446289]
  0%|          | 0/1 [00:00<?, ?it/s]100%|██████████| 1/1 [00:01<00:00,  1.27s/it]100%|██████████| 1/1 [00:01<00:00,  1.27s/it]
Predicted melting temperature: [63.74920654296875]
  0%|          | 0/1 [00:00<?, ?it/s]100%|██████████| 1/1 [00:01<00:00,  1.63s/it]100%|██████████| 1/1 [00:01<00:00,  1.64s/it]
Predicted melting temperature: [59.57811737060547]
  0%|          | 0/1 [00:00<?, ?it/s]100%|██████████| 1/1 [00:01<00:00,  1.41s/it]100%|██████████| 1/1 [00:01<00:00,  1.41s/it]
Predicted melting temperature: [55.83367919921875]
  0%|          | 0/1 [00:00<?, ?it/s]100%|██████████| 1/1 [00:01<00:00,  1.01s/it]100%|██████████| 1/1 [00:01<00:00,  1.01s/it]
Predicted melting temperature: [53.54834747314453]
  0%|          | 0/1 [00:00<?, ?it/s]100%|██████████| 1/1 [00:01<00:00,  1.22s/it]100%|██████████| 1/1 [00:01<00:00,  1.22s/it]
Predicted melting temperature: [71.52684783935547]
  0%|          | 0/1 [00:00<?, ?it/s]100%|██████████| 1/1 [00:01<00:00,  1.70s/it]100%|██████████| 1/1 [00:01<00:00,  1.74s/it]
Predicted melting temperature: [67.23871612548828]
  0%|          | 0/1 [00:00<?, ?it/s]100%|██████████| 1/1 [00:01<00:00,  1.07s/it]100%|██████████| 1/1 [00:01<00:00,  1.07s/it]
Predicted melting temperature: [53.04955291748047]
  0%|          | 0/1 [00:00<?, ?it/s]100%|██████████| 1/1 [00:01<00:00,  1.47s/it]100%|██████████| 1/1 [00:01<00:00,  1.47s/it]
Predicted melting temperature: [76.256103515625]
  0%|          | 0/1 [00:00<?, ?it/s]100%|██████████| 1/1 [00:04<00:00,  4.03s/it]100%|██████████| 1/1 [00:04<00:00,  4.03s/it]100%|██████████| 1/1 [00:01<00:00,  1.43s/it]100%|██████████| 1/1 [00:01<00:00,  1.44s/it]

100%|██████████| 1/1 [00:01<00:00,  1.21s/it]Predicted melting temperature: [77.91807556152344]
  0%|          | 0/1 [00:00<?, ?it/s]100%|██████████| 1/1 [00:01<00:00,  1.44s/it]
Predicted melting temperature: [61.11455535888672]
  seed_111 arm=t2_ph pH=7.4 target=占位 char   Tm=57.73  replicas=[55.7, 56.3, 61.1]
100%|██████████| 1/1 [00:01<00:00,  1.11s/it]100%|██████████| 1/1 [00:01<00:00,  1.35s/it]
Predicted melting temperature: [45.081565856933594]
  seed_111 arm=t1_cond pH=7.4 target=+9.0    Tm=55.67  replicas=[54.9, 67.1, 45.1]
100%|██████████| 1/1 [00:01<00:00,  1.45s/it]100%|██████████| 1/1 [00:02<00:00,  2.80s/it]100%|██████████| 1/1 [00:02<00:00,  2.97s/it]100%|██████████| 1/1 [00:01<00:00,  1.70s/it]Predicted melting temperature: [71.87378692626953]
  0%|          | 0/1 [00:00<?, ?it/s]  0%|          | 0/1 [00:00<?, ?it/s]  0%|          | 0/1 [00:00<?, ?it/s]100%|██████████| 1/1 [00:01<00:00,  1.69s/it]

Predicted melting temperature: [58.0191650390625]
  seed_111 arm=t1_base pH=7.4 target=-1.0    Tm=54.48  replicas=[51.2, 54.3, 58.0]
Predicted melting temperature: [74.95441436767578]
  0%|          | 0/1 [00:00<?, ?it/s]100%|██████████| 1/1 [00:01<00:00,  1.28s/it]100%|██████████| 1/1 [00:01<00:00,  1.31s/it]
Predicted melting temperature: [56.69801712036133]
  seed_111 arm=t1_base pH=7.4 target=+0.0    Tm=62.61  replicas=[67.7, 63.4, 56.7]
  0%|          | 0/1 [00:00<?, ?it/s]  0%|          | 0/1 [00:00<?, ?it/s]100%|██████████| 1/1 [00:01<00:00,  1.84s/it]
Predicted melting temperature: [61.6788444519043]
  0%|          | 0/1 [00:00<?, ?it/s]100%|██████████| 1/1 [00:01<00:00,  1.36s/it]100%|██████████| 1/1 [00:01<00:00,  1.36s/it]
Predicted melting temperature: [64.44747924804688]
  0%|          | 0/1 [00:00<?, ?it/s]100%|██████████| 1/1 [00:00<00:00,  1.52it/s]100%|██████████| 1/1 [00:00<00:00,  1.52it/s]
Predicted melting temperature: [62.857582092285156]
  seed_111 arm=t1_cond pH=7.4 target=-1.0    Tm=55.35  replicas=[50.1, 53.0, 62.9]
  0%|          | 0/1 [00:00<?, ?it/s]100%|██████████| 1/1 [00:01<00:00,  1.26s/it]100%|██████████| 1/1 [00:01<00:00,  1.26s/it]
Predicted melting temperature: [51.54781723022461]
  seed_111 arm=t2_neg pH=7.4 target=-5.0 c   Tm=58.60  replicas=[60.5, 63.7, 51.5]
  0%|          | 0/1 [00:00<?, ?it/s]100%|██████████| 1/1 [00:01<00:00,  1.02s/it]100%|██████████| 1/1 [00:01<00:00,  1.02s/it]
Predicted melting temperature: [49.0003662109375]
  seed_111 arm=t2_ph pH=7.4 target=占位 char   Tm=52.92  replicas=[56.2, 53.5, 49.0]
  0%|          | 0/1 [00:00<?, ?it/s]100%|██████████| 1/1 [00:01<00:00,  1.33s/it]100%|██████████| 1/1 [00:01<00:00,  1.34s/it]100%|██████████| 1/1 [00:01<00:00,  1.64s/it]100%|██████████| 1/1 [00:01<00:00,  1.09s/it]
100%|██████████| 1/1 [00:01<00:00,  1.23s/it]
Predicted melting temperature: [58.36504364013672]
  seed_111 arm=t2_pos pH=7.4 target=+4.0 c   Tm=57.42  replicas=[54.3, 59.6, 58.4]
100%|██████████| 1/1 [00:01<00:00,  1.79s/it]Predicted melting temperature: [47.332725524902344]
  seed_111 arm=t1_base pH=7.4 target=+9.0    Tm=57.92  replicas=[54.9, 71.5, 47.3]

Predicted melting temperature: [73.71736907958984]
  0%|          | 0/1 [00:00<?, ?it/s]  0%|          | 0/1 [00:00<?, ?it/s]100%|██████████| 1/1 [00:01<00:00,  1.75s/it]100%|██████████| 1/1 [00:01<00:00,  1.75s/it]
  0%|          | 0/1 [00:00<?, ?it/s]Predicted melting temperature: [75.16487884521484]
  0%|          | 0/1 [00:00<?, ?it/s]100%|██████████| 1/1 [00:01<00:00,  1.98s/it]100%|██████████| 1/1 [00:01<00:00,  1.98s/it]
Predicted melting temperature: [60.46797180175781]
  0%|          | 0/1 [00:00<?, ?it/s]100%|██████████| 1/1 [00:01<00:00,  1.36s/it]100%|██████████| 1/1 [00:01<00:00,  1.37s/it]
Predicted melting temperature: [46.96930694580078]
  seed_111 arm=t2_neg pH=7.4 target=+4.0 c   Tm=55.78  replicas=[53.1, 67.2, 47.0]
  0%|          | 0/1 [00:00<?, ?it/s]100%|██████████| 1/1 [00:01<00:00,  1.01s/it]100%|██████████| 1/1 [00:01<00:00,  1.01s/it]
Predicted melting temperature: [54.19318389892578]
  0%|          | 0/1 [00:00<?, ?it/s]100%|██████████| 1/1 [00:01<00:00,  1.15s/it]100%|██████████| 1/1 [00:01<00:00,  1.15s/it]
Predicted melting temperature: [73.59723663330078]
  0%|          | 0/1 [00:00<?, ?it/s]100%|██████████| 1/1 [00:01<00:00,  1.09s/it]100%|██████████| 1/1 [00:01<00:00,  1.10s/it]
Predicted melting temperature: [64.13180541992188]
100%|██████████| 1/1 [00:01<00:00,  1.13s/it]  0%|          | 0/1 [00:00<?, ?it/s]100%|██████████| 1/1 [00:01<00:00,  1.14s/it]
Predicted melting temperature: [66.92610931396484]
  0%|          | 0/1 [00:00<?, ?it/s]100%|██████████| 1/1 [00:01<00:00,  1.24s/it]100%|██████████| 1/1 [00:01<00:00,  1.24s/it]
Predicted melting temperature: [79.46342468261719]
  0%|          | 0/1 [00:00<?, ?it/s]100%|██████████| 1/1 [00:01<00:00,  1.33s/it]100%|██████████| 1/1 [00:01<00:00,  1.33s/it]
Predicted melting temperature: [59.316131591796875]
  seed_111 arm=t1_cond pH=7.4 target=+0.0    Tm=66.47  replicas=[68.2, 71.9, 59.3]
  0%|          | 0/1 [00:00<?, ?it/s]100%|██████████| 1/1 [00:00<00:00,  1.00it/s]100%|██████████| 1/1 [00:00<00:00,  1.00it/s]
Predicted melting temperature: [57.46587371826172]
  0%|          | 0/1 [00:00<?, ?it/s]100%|██████████| 1/1 [00:01<00:00,  1.27s/it]100%|██████████| 1/1 [00:01<00:00,  1.29s/it]
Predicted melting temperature: [62.61837387084961]
  0%|          | 0/1 [00:00<?, ?it/s]100%|██████████| 1/1 [00:02<00:00,  2.30s/it]100%|██████████| 1/1 [00:02<00:00,  2.30s/it]
Predicted melting temperature: [74.00386810302734]
  seed_111 arm=t2_ph pH=7.4 target=占位 char   Tm=61.36  replicas=[54.2, 55.8, 74.0]
  0%|          | 0/1 [00:00<?, ?it/s]100%|██████████| 1/1 [00:01<00:00,  1.28s/it]100%|██████████| 1/1 [00:01<00:00,  1.29s/it]100%|██████████| 1/1 [00:00<00:00,  1.12it/s]
100%|██████████| 1/1 [00:00<00:00,  1.10it/s]100%|██████████| 1/1 [00:01<00:00,  1.96s/it]100%|██████████| 1/1 [00:01<00:00,  1.71s/it]
100%|██████████| 1/1 [00:01<00:00,  1.85s/it]100%|██████████| 1/1 [00:02<00:00,  2.21s/it]

Predicted melting temperature: [65.0094985961914]
Predicted melting temperature: [53.12363815307617]
  0%|          | 0/1 [00:00<?, ?it/s]Predicted melting temperature: [66.5186767578125]
  seed_111 arm=t2_pos pH=7.4 target=+13.0    Tm=72.30  replicas=[74.1, 76.3, 66.5]
  0%|          | 0/1 [00:00<?, ?it/s]Predicted melting temperature: [47.7039794921875]
  0%|          | 0/1 [00:00<?, ?it/s]100%|██████████| 1/1 [00:01<00:00,  1.66s/it]100%|██████████| 1/1 [00:01<00:00,  1.72s/it]
  0%|          | 0/1 [00:00<?, ?it/s]100%|██████████| 1/1 [00:01<00:00,  1.21s/it]100%|██████████| 1/1 [00:01<00:00,  1.24s/it]
Predicted melting temperature: [59.487037658691406]
  seed_111 arm=t1_base pH=7.4 target=+8.0    Tm=66.83  replicas=[65.8, 75.2, 59.5]
Predicted melting temperature: [51.50893020629883]
  0%|          | 0/1 [00:00<?, ?it/s]  0%|          | 0/1 [00:00<?, ?it/s]100%|██████████| 1/1 [00:01<00:00,  1.27s/it]100%|██████████| 1/1 [00:01<00:00,  1.52s/it]100%|██████████| 1/1 [00:01<00:00,  1.80s/it]100%|██████████| 1/1 [00:01<00:00,  1.62s/it]

Predicted melting temperature: [61.56454086303711]
  seed_111 arm=t2_neg pH=7.4 target=-6.0 c   Tm=59.78  replicas=[57.3, 60.5, 61.6]
100%|██████████| 1/1 [00:01<00:00,  1.18s/it]100%|██████████| 1/1 [00:01<00:00,  1.01s/it]100%|██████████| 1/1 [00:01<00:00,  1.11s/it]100%|██████████| 1/1 [00:01<00:00,  1.39s/it]
100%|██████████| 1/1 [00:01<00:00,  1.08s/it]
100%|██████████| 1/1 [00:01<00:00,  1.18s/it]
Predicted melting temperature: [62.03498077392578]
  seed_111 arm=t2_neg pH=7.4 target=+3.0 c   Tm=72.15  replicas=[75.0, 79.5, 62.0]
100%|██████████| 1/1 [00:01<00:00,  1.28s/it]100%|██████████| 1/1 [00:01<00:00,  1.55s/it]100%|██████████| 1/1 [00:01<00:00,  1.33s/it]
100%|██████████| 1/1 [00:01<00:00,  1.59s/it]
Predicted melting temperature: [78.41168975830078]
  seed_111 arm=t2_pos pH=7.4 target=+14.0    Tm=76.64  replicas=[77.9, 73.6, 78.4]
Predicted melting temperature: [63.85134506225586]
  0%|          | 0/1 [00:00<?, ?it/s]Predicted melting temperature: [55.16850662231445]
  0%|          | 0/1 [00:00<?, ?it/s]  0%|          | 0/1 [00:00<?, ?it/s]Predicted melting temperature: [51.77364730834961]
  0%|          | 0/1 [00:00<?, ?it/s]  0%|          | 0/1 [00:00<?, ?it/s]Predicted melting temperature: [71.84487915039062]
  0%|          | 0/1 [00:00<?, ?it/s]  0%|          | 0/1 [00:00<?, ?it/s]100%|██████████| 1/1 [00:01<00:00,  1.81s/it]100%|██████████| 1/1 [00:01<00:00,  1.81s/it]
Predicted melting temperature: [51.586673736572266]
  seed_111 arm=t1_cond pH=7.4 target=+8.0    Tm=64.76  replicas=[69.0, 73.7, 51.6]
  0%|          | 0/1 [00:00<?, ?it/s]100%|██████████| 1/1 [00:01<00:00,  1.37s/it]100%|██████████| 1/1 [00:01<00:00,  1.37s/it]
Predicted melting temperature: [61.973236083984375]
  0%|          | 0/1 [00:00<?, ?it/s]100%|██████████| 1/1 [00:01<00:00,  1.38s/it]100%|██████████| 1/1 [00:01<00:00,  1.39s/it]
Predicted melting temperature: [72.99845886230469]
  0%|          | 0/1 [00:00<?, ?it/s]100%|██████████| 1/1 [00:01<00:00,  1.21s/it]100%|██████████| 1/1 [00:01<00:00,  1.21s/it]
Predicted melting temperature: [55.212890625]
  0%|          | 0/1 [00:00<?, ?it/s]100%|██████████| 1/1 [00:01<00:00,  1.26s/it]100%|██████████| 1/1 [00:01<00:00,  1.26s/it]
Predicted melting temperature: [60.363677978515625]
  seed_112 arm=t2_pos pH=7.4 target=+5.0 c   Tm=62.48  replicas=[64.4, 62.6, 60.4]
  0%|          | 0/1 [00:00<?, ?it/s]100%|██████████| 1/1 [00:00<00:00,  1.05it/s]100%|██████████| 1/1 [00:00<00:00,  1.05it/s]
Predicted melting temperature: [59.63551330566406]
  0%|          | 0/1 [00:00<?, ?it/s]100%|██████████| 1/1 [00:01<00:00,  1.47s/it]100%|██████████| 1/1 [00:01<00:00,  1.47s/it]
Predicted melting temperature: [58.00638198852539]
  0%|          | 0/1 [00:00<?, ?it/s]100%|██████████| 1/1 [00:03<00:00,  3.05s/it]100%|██████████| 1/1 [00:03<00:00,  3.05s/it]
Predicted melting temperature: [73.4597396850586]
  seed_111 arm=t2_ph pH=7.4 target=占位 char   Tm=63.13  replicas=[54.3, 61.7, 73.5]
  0%|          | 0/1 [00:00<?, ?it/s]100%|██████████| 1/1 [00:01<00:00,  1.32s/it]100%|██████████| 1/1 [00:01<00:00,  1.32s/it]
Predicted melting temperature: [71.69354248046875]
  0%|          | 0/1 [00:00<?, ?it/s]100%|██████████| 1/1 [00:01<00:00,  1.43s/it]100%|██████████| 1/1 [00:01<00:00,  1.43s/it]
Predicted melting temperature: [59.08638000488281]
  0%|          | 0/1 [00:00<?, ?it/s]100%|██████████| 1/1 [00:01<00:00,  1.16s/it]100%|██████████| 1/1 [00:01<00:00,  1.16s/it]
100%|██████████| 1/1 [00:01<00:00,  1.14s/it]100%|██████████| 1/1 [00:01<00:00,  1.14s/it]
Predicted melting temperature: [58.64586639404297]
  0%|          | 0/1 [00:00<?, ?it/s]Predicted melting temperature: [67.71883392333984]
  0%|          | 0/1 [00:00<?, ?it/s]100%|██████████| 1/1 [00:01<00:00,  1.12s/it]100%|██████████| 1/1 [00:01<00:00,  1.12s/it]
Predicted melting temperature: [61.49098205566406]
  seed_112 arm=t1_base pH=7.4 target=+0.0    Tm=67.14  replicas=[66.9, 73.0, 61.5]
100%|██████████| 1/1 [00:01<00:00,  1.04s/it]100%|██████████| 1/1 [00:01<00:00,  1.04s/it]
Predicted melting temperature: [67.65093231201172]
  seed_112 arm=t2_ph pH=7.4 target=占位 char   Tm=60.11  replicas=[57.5, 55.2, 67.7]
100%|██████████| 1/1 [00:00<00:00,  1.19it/s]100%|██████████| 1/1 [00:00<00:00,  1.19it/s]
Predicted melting temperature: [54.372093200683594]
  seed_112 arm=t1_base pH=7.4 target=-1.0    Tm=53.90  replicas=[47.7, 59.6, 54.4]
  0%|          | 0/1 [00:00<?, ?it/s]  0%|          | 0/1 [00:00<?, ?it/s]  0%|          | 0/1 [00:00<?, ?it/s]100%|██████████| 1/1 [00:01<00:00,  1.31s/it]100%|██████████| 1/1 [00:01<00:00,  1.31s/it]
100%|██████████| 1/1 [00:01<00:00,  1.29s/it]100%|██████████| 1/1 [00:01<00:00,  1.30s/it]
100%|██████████| 1/1 [00:01<00:00,  1.19s/it]100%|██████████| 1/1 [00:01<00:00,  1.19s/it]
Predicted melting temperature: [68.82036590576172]
  seed_112 arm=t2_ph pH=7.4 target=占位 char   Tm=64.98  replicas=[64.1, 62.0, 68.8]
Predicted melting temperature: [67.00711059570312]
  0%|          | 0/1 [00:00<?, ?it/s]Predicted melting temperature: [56.543846130371094]
  0%|          | 0/1 [00:00<?, ?it/s]  0%|          | 0/1 [00:00<?, ?it/s]100%|██████████| 1/1 [00:01<00:00,  1.34s/it]100%|██████████| 1/1 [00:01<00:00,  1.34s/it]
Predicted melting temperature: [77.64009857177734]
  0%|          | 0/1 [00:00<?, ?it/s]100%|██████████| 1/1 [00:01<00:00,  1.38s/it]100%|██████████| 1/1 [00:01<00:00,  1.38s/it]
Predicted melting temperature: [68.22312927246094]
  0%|          | 0/1 [00:00<?, ?it/s]100%|██████████| 1/1 [00:01<00:00,  1.20s/it]100%|██████████| 1/1 [00:01<00:00,  1.20s/it]
Predicted melting temperature: [65.0701904296875]
  0%|          | 0/1 [00:00<?, ?it/s]100%|██████████| 1/1 [00:01<00:00,  1.52s/it]100%|██████████| 1/1 [00:01<00:00,  1.52s/it]
Predicted melting temperature: [77.01299285888672]
  0%|          | 0/1 [00:00<?, ?it/s]100%|██████████| 1/1 [00:01<00:00,  1.55s/it]100%|██████████| 1/1 [00:01<00:00,  1.55s/it]
Predicted melting temperature: [62.9198112487793]
  seed_112 arm=t1_cond pH=7.4 target=+9.0    Tm=62.99  replicas=[54.2, 71.8, 62.9]
  0%|          | 0/1 [00:00<?, ?it/s]100%|██████████| 1/1 [00:01<00:00,  1.64s/it]100%|██████████| 1/1 [00:01<00:00,  1.64s/it]
Predicted melting temperature: [58.9967155456543]
  0%|          | 0/1 [00:00<?, ?it/s]100%|██████████| 1/1 [00:01<00:00,  1.11s/it]100%|██████████| 1/1 [00:01<00:00,  1.11s/it]
Predicted melting temperature: [53.74167251586914]
  0%|          | 0/1 [00:00<?, ?it/s]100%|██████████| 1/1 [00:01<00:00,  1.66s/it]100%|██████████| 1/1 [00:01<00:00,  1.66s/it]
Predicted melting temperature: [53.14413833618164]
  0%|          | 0/1 [00:00<?, ?it/s]100%|██████████| 1/1 [00:02<00:00,  2.20s/it]100%|██████████| 1/1 [00:02<00:00,  2.20s/it]
Predicted melting temperature: [77.5181655883789]
  0%|          | 0/1 [00:00<?, ?it/s]100%|██████████| 1/1 [00:00<00:00,  1.04it/s]100%|██████████| 1/1 [00:00<00:00,  1.04it/s]
Predicted melting temperature: [61.24072265625]
  seed_112 arm=t2_neg pH=7.4 target=-5.0 c   Tm=65.98  replicas=[65.0, 71.7, 61.2]
  0%|          | 0/1 [00:00<?, ?it/s]100%|██████████| 1/1 [00:00<00:00,  1.09it/s]100%|██████████| 1/1 [00:00<00:00,  1.09it/s]
Predicted melting temperature: [61.00981521606445]
  seed_112 arm=t1_cond pH=7.4 target=-1.0    Tm=57.05  replicas=[51.5, 58.6, 61.0]
100%|██████████| 1/1 [00:00<00:00,  1.25it/s]100%|██████████| 1/1 [00:00<00:00,  1.25it/s]
Predicted melting temperature: [58.53987121582031]
  0%|          | 0/1 [00:00<?, ?it/s]100%|██████████| 1/1 [00:00<00:00,  1.25it/s]100%|██████████| 1/1 [00:00<00:00,  1.25it/s]
  0%|          | 0/1 [00:00<?, ?it/s]100%|██████████| 1/1 [00:01<00:00,  1.42s/it]100%|██████████| 1/1 [00:01<00:00,  1.42s/it]
Predicted melting temperature: [49.58327102661133]
  0%|          | 0/1 [00:00<?, ?it/s]Predicted melting temperature: [50.742774963378906]
  0%|          | 0/1 [00:00<?, ?it/s]100%|██████████| 1/1 [00:00<00:00,  1.13it/s]100%|██████████| 1/1 [00:00<00:00,  1.13it/s]
Predicted melting temperature: [63.01161575317383]
  0%|          | 0/1 [00:00<?, ?it/s]100%|██████████| 1/1 [00:01<00:00,  1.06s/it]100%|██████████| 1/1 [00:01<00:00,  1.06s/it]
Predicted melting temperature: [54.13555145263672]
  seed_112 arm=t1_cond pH=7.4 target=+0.0    Tm=61.90  replicas=[63.9, 67.7, 54.1]
  0%|          | 0/1 [00:00<?, ?it/s]100%|██████████| 1/1 [00:01<00:00,  1.33s/it]100%|██████████| 1/1 [00:01<00:00,  1.33s/it]
Predicted melting temperature: [50.983394622802734]
  seed_112 arm=t1_base pH=7.4 target=+9.0    Tm=54.40  replicas=[53.1, 59.1, 51.0]
  0%|          | 0/1 [00:00<?, ?it/s]100%|██████████| 1/1 [00:00<00:00,  1.02it/s]100%|██████████| 1/1 [00:00<00:00,  1.02it/s]
Predicted melting temperature: [70.5325698852539]
  0%|          | 0/1 [00:00<?, ?it/s]100%|██████████| 1/1 [00:01<00:00,  1.03s/it]100%|██████████| 1/1 [00:01<00:00,  1.04s/it]
Predicted melting temperature: [60.25157165527344]
  0%|          | 0/1 [00:00<?, ?it/s]100%|██████████| 1/1 [00:01<00:00,  1.04s/it]100%|██████████| 1/1 [00:01<00:00,  1.10s/it]100%|██████████| 1/1 [00:01<00:00,  1.19s/it]
100%|██████████| 1/1 [00:01<00:00,  1.14s/it]
Predicted melting temperature: [48.37200164794922]
  seed_112 arm=t2_neg pH=7.4 target=+4.0 c   Tm=56.12  replicas=[51.8, 68.2, 48.4]
100%|██████████| 1/1 [00:01<00:00,  1.23s/it]100%|██████████| 1/1 [00:01<00:00,  1.24s/it]
100%|██████████| 1/1 [00:01<00:00,  1.03s/it]Predicted melting temperature: [74.144287109375]
  0%|          | 0/1 [00:00<?, ?it/s]Predicted melting temperature: [78.3910140991211]
100%|██████████| 1/1 [00:00<00:00,  1.02it/s]100%|██████████| 1/1 [00:01<00:00,  1.09s/it]100%|██████████| 1/1 [00:00<00:00,  1.56it/s]100%|██████████| 1/1 [00:01<00:00,  1.28s/it]100%|██████████| 1/1 [00:00<00:00,  1.28it/s]100%|██████████| 1/1 [00:01<00:00,  1.19s/it]100%|██████████| 1/1 [00:01<00:00,  1.25s/it]100%|██████████| 1/1 [00:00<00:00,  1.12it/s]  0%|          | 0/1 [00:00<?, ?it/s]  0%|          | 0/1 [00:00<?, ?it/s]100%|██████████| 1/1 [00:01<00:00,  1.23s/it]100%|██████████| 1/1 [00:01<00:00,  1.87s/it]100%|██████████| 1/1 [00:01<00:00,  1.34s/it]
100%|██████████| 1/1 [00:00<00:00,  1.06it/s]100%|██████████| 1/1 [00:01<00:00,  1.73s/it]100%|██████████| 1/1 [00:01<00:00,  1.81s/it]
100%|██████████| 1/1 [00:00<00:00,  1.19it/s]
100%|██████████| 1/1 [00:00<00:00,  1.05it/s]100%|██████████| 1/1 [00:01<00:00,  1.23s/it]
100%|██████████| 1/1 [00:00<00:00,  1.18it/s]Predicted melting temperature: [55.94791030883789]
  seed_112 arm=t2_ph pH=7.4 target=占位 char   Tm=55.90  replicas=[58.0, 53.7, 55.9]
100%|██████████| 1/1 [00:01<00:00,  1.68s/it]
100%|██████████| 1/1 [00:01<00:00,  1.64s/it]
100%|██████████| 1/1 [00:01<00:00,  1.71s/it]
100%|██████████| 1/1 [00:01<00:00,  1.31s/it]
100%|██████████| 1/1 [00:01<00:00,  1.30s/it]
100%|██████████| 1/1 [00:01<00:00,  1.17s/it]
100%|██████████| 1/1 [00:01<00:00,  1.15s/it]100%|██████████| 1/1 [00:01<00:00,  1.83s/it]

100%|██████████| 1/1 [00:01<00:00,  1.03s/it]
100%|██████████| 1/1 [00:01<00:00,  1.74s/it]
100%|██████████| 1/1 [00:01<00:00,  1.32s/it]
Predicted melting temperature: [58.5810546875]
  seed_112 arm=t2_neg pH=7.4 target=-6.0 c   Tm=58.46  replicas=[56.5, 60.3, 58.6]
Predicted melting temperature: [61.311317443847656]
  seed_112 arm=t2_pos pH=7.4 target=+4.0 c   Tm=58.49  replicas=[55.2, 59.0, 61.3]
100%|██████████| 1/1 [00:00<00:00,  1.08it/s]100%|██████████| 1/1 [00:01<00:00,  1.27s/it]100%|██████████| 1/1 [00:01<00:00,  1.30s/it]
100%|██████████| 1/1 [00:01<00:00,  1.09s/it]
Predicted melting temperature: [59.03936767578125]
Predicted melting temperature: [62.89949035644531]
Predicted melting temperature: [53.735626220703125]
Predicted melting temperature: [64.57525634765625]
  0%|          | 0/1 [00:00<?, ?it/s]Predicted melting temperature: [48.25028991699219]
Predicted melting temperature: [57.94573974609375]
Predicted melting temperature: [54.251102447509766]
  0%|          | 0/1 [00:00<?, ?it/s]Predicted melting temperature: [75.49254608154297]
Predicted melting temperature: [83.52867126464844]
  0%|          | 0/1 [00:00<?, ?it/s]Predicted melting temperature: [77.8856201171875]
  0%|          | 0/1 [00:00<?, ?it/s]  0%|          | 0/1 [00:00<?, ?it/s]  0%|          | 0/1 [00:00<?, ?it/s]  0%|          | 0/1 [00:00<?, ?it/s]  0%|          | 0/1 [00:00<?, ?it/s]  0%|          | 0/1 [00:00<?, ?it/s]  0%|          | 0/1 [00:00<?, ?it/s]  0%|          | 0/1 [00:00<?, ?it/s]  0%|          | 0/1 [00:00<?, ?it/s]Predicted melting temperature: [60.15919494628906]
  0%|          | 0/1 [00:00<?, ?it/s]Predicted melting temperature: [68.83795928955078]
Predicted melting temperature: [68.67704772949219]
  0%|          | 0/1 [00:00<?, ?it/s]Predicted melting temperature: [68.06755828857422]
  0%|          | 0/1 [00:00<?, ?it/s]  0%|          | 0/1 [00:00<?, ?it/s]  0%|          | 0/1 [00:00<?, ?it/s]100%|██████████| 1/1 [00:00<00:00,  1.13it/s]100%|██████████| 1/1 [00:00<00:00,  1.13it/s]
100%|██████████| 1/1 [00:00<00:00,  1.10it/s]Predicted melting temperature: [57.49613952636719]
100%|██████████| 1/1 [00:00<00:00,  1.07it/s]
  0%|          | 0/1 [00:00<?, ?it/s]Predicted melting temperature: [56.540462493896484]
  seed_113 arm=t1_base pH=7.4 target=+0.0    Tm=59.53  replicas=[63.0, 59.0, 56.5]
  0%|          | 0/1 [00:00<?, ?it/s]100%|██████████| 1/1 [00:01<00:00,  1.04s/it]100%|██████████| 1/1 [00:01<00:00,  1.05s/it]
Predicted melting temperature: [70.61498260498047]
  seed_113 arm=t2_ph pH=7.4 target=占位 char   Tm=63.10  replicas=[58.5, 60.2, 70.6]
  0%|          | 0/1 [00:00<?, ?it/s]100%|██████████| 1/1 [00:01<00:00,  1.09s/it]100%|██████████| 1/1 [00:01<00:00,  1.09s/it]
Predicted melting temperature: [79.72962188720703]
  seed_113 arm=t2_ph pH=7.4 target=占位 char   Tm=72.78  replicas=[70.5, 68.1, 79.7]
100%|██████████| 1/1 [00:01<00:00,  1.10s/it]100%|██████████| 1/1 [00:01<00:00,  1.18s/it]
100%|██████████| 1/1 [00:01<00:00,  1.13s/it]  0%|          | 0/1 [00:00<?, ?it/s]Predicted melting temperature: [57.57728576660156]
  0%|          | 0/1 [00:00<?, ?it/s]100%|██████████| 1/1 [00:01<00:00,  1.19s/it]
Predicted melting temperature: [57.89439392089844]
  seed_113 arm=t2_pos pH=7.4 target=+5.0 c   Tm=63.88  replicas=[65.1, 68.7, 57.9]
100%|██████████| 1/1 [00:01<00:00,  1.21s/it]100%|██████████| 1/1 [00:01<00:00,  1.21s/it]
  0%|          | 0/1 [00:00<?, ?it/s]Predicted melting temperature: [58.266075134277344]
  0%|          | 0/1 [00:00<?, ?it/s]100%|██████████| 1/1 [00:01<00:00,  1.29s/it]100%|██████████| 1/1 [00:01<00:00,  1.29s/it]
Predicted melting temperature: [64.79396057128906]
  seed_112 arm=t2_neg pH=7.4 target=+3.0 c   Tm=73.61  replicas=[77.6, 78.4, 64.8]
100%|██████████| 1/1 [00:01<00:00,  1.29s/it]100%|██████████| 1/1 [00:01<00:00,  1.31s/it]  0%|          | 0/1 [00:00<?, ?it/s]
100%|██████████| 1/1 [00:01<00:00,  1.31s/it]100%|██████████| 1/1 [00:01<00:00,  1.31s/it]
Predicted melting temperature: [54.8189811706543]
  0%|          | 0/1 [00:00<?, ?it/s]Predicted melting temperature: [71.28071594238281]
  0%|          | 0/1 [00:00<?, ?it/s]100%|██████████| 1/1 [00:01<00:00,  1.36s/it]100%|██████████| 1/1 [00:01<00:00,  1.36s/it]
Predicted melting temperature: [53.7558708190918]
  seed_113 arm=t1_base pH=7.4 target=-1.0    Tm=53.76  replicas=[49.6, 57.9, 53.8]
  0%|          | 0/1 [00:00<?, ?it/s]100%|██████████| 1/1 [00:01<00:00,  1.39s/it]100%|██████████| 1/1 [00:01<00:00,  1.39s/it]
Predicted melting temperature: [77.68132019042969]
100%|██████████| 1/1 [00:01<00:00,  1.56s/it]  0%|          | 0/1 [00:00<?, ?it/s]100%|██████████| 1/1 [00:01<00:00,  1.58s/it]100%|██████████| 1/1 [00:01<00:00,  1.70s/it]
Predicted melting temperature: [40.434329986572266]
  seed_112 arm=t2_pos pH=7.4 target=+14.0    Tm=54.14  replicas=[53.1, 68.8, 40.4]
100%|██████████| 1/1 [00:01<00:00,  1.70s/it]100%|██████████| 1/1 [00:01<00:00,  1.71s/it]
Predicted melting temperature: [66.40228271484375]
  seed_112 arm=t2_pos pH=7.4 target=+13.0    Tm=73.14  replicas=[77.5, 75.5, 66.4]
100%|██████████| 1/1 [00:01<00:00,  1.72s/it]
  0%|          | 0/1 [00:00<?, ?it/s]  0%|          | 0/1 [00:00<?, ?it/s]Predicted melting temperature: [66.93282318115234]
  seed_112 arm=t1_cond pH=7.4 target=+8.0    Tm=73.94  replicas=[77.0, 77.9, 66.9]
  0%|          | 0/1 [00:00<?, ?it/s]100%|██████████| 1/1 [00:01<00:00,  1.92s/it]100%|██████████| 1/1 [00:01<00:00,  1.92s/it]
100%|██████████| 1/1 [00:01<00:00,  1.96s/it]100%|██████████| 1/1 [00:02<00:00,  2.02s/it]Predicted melting temperature: [60.32642364501953]
100%|██████████| 1/1 [00:01<00:00,  1.04s/it]
  0%|          | 0/1 [00:00<?, ?it/s]100%|██████████| 1/1 [00:01<00:00,  1.06s/it]
Predicted melting temperature: [50.090885162353516]
100%|██████████| 1/1 [00:02<00:00,  2.05s/it]100%|██████████| 1/1 [00:02<00:00,  2.06s/it]Predicted melting temperature: [67.05411529541016]
  0%|          | 0/1 [00:00<?, ?it/s]100%|██████████| 1/1 [00:02<00:00,  2.06s/it]  0%|          | 0/1 [00:00<?, ?it/s]100%|██████████| 1/1 [00:02<00:00,  2.08s/it]

Predicted melting temperature: [55.72503662109375]
  seed_112 arm=t2_ph pH=7.4 target=占位 char   Tm=53.40  replicas=[50.7, 53.7, 55.7]
Predicted melting temperature: [51.17266845703125]
100%|██████████| 1/1 [00:01<00:00,  1.15s/it]  0%|          | 0/1 [00:00<?, ?it/s]  0%|          | 0/1 [00:00<?, ?it/s]100%|██████████| 1/1 [00:01<00:00,  1.18s/it]
Predicted melting temperature: [53.07230758666992]
  seed_113 arm=t1_cond pH=7.4 target=-1.0    Tm=52.94  replicas=[48.3, 57.5, 53.1]
  0%|          | 0/1 [00:00<?, ?it/s]100%|██████████| 1/1 [00:01<00:00,  1.36s/it]100%|██████████| 1/1 [00:01<00:00,  1.36s/it]
Predicted melting temperature: [64.01014709472656]
  0%|          | 0/1 [00:00<?, ?it/s]100%|██████████| 1/1 [00:01<00:00,  1.45s/it]100%|██████████| 1/1 [00:01<00:00,  1.46s/it]
Predicted melting temperature: [57.39788055419922]
  seed_113 arm=t1_cond pH=7.4 target=+0.0    Tm=60.08  replicas=[64.6, 58.3, 57.4]
100%|██████████| 1/1 [00:02<00:00,  2.73s/it]100%|██████████| 1/1 [00:02<00:00,  2.76s/it]  0%|          | 0/1 [00:00<?, ?it/s]
Predicted melting temperature: [56.90655517578125]
  seed_112 arm=t1_base pH=7.4 target=+8.0    Tm=66.02  replicas=[67.0, 74.1, 56.9]
100%|██████████| 1/1 [00:01<00:00,  1.57s/it]100%|██████████| 1/1 [00:01<00:00,  1.57s/it]
  0%|          | 0/1 [00:00<?, ?it/s]Predicted melting temperature: [72.80879211425781]
  0%|          | 0/1 [00:00<?, ?it/s]100%|██████████| 1/1 [00:01<00:00,  1.65s/it]100%|██████████| 1/1 [00:01<00:00,  1.65s/it]
Predicted melting temperature: [75.66956329345703]
  0%|          | 0/1 [00:00<?, ?it/s]100%|██████████| 1/1 [00:01<00:00,  1.75s/it]100%|██████████| 1/1 [00:01<00:00,  1.76s/it]
Predicted melting temperature: [55.232086181640625]
  seed_113 arm=t1_cond pH=7.4 target=+9.0    Tm=60.25  replicas=[54.3, 71.3, 55.2]
  0%|          | 0/1 [00:00<?, ?it/s]100%|██████████| 1/1 [00:01<00:00,  1.95s/it]100%|██████████| 1/1 [00:01<00:00,  1.95s/it]
Predicted melting temperature: [59.173980712890625]
  0%|          | 0/1 [00:00<?, ?it/s]100%|██████████| 1/1 [00:02<00:00,  2.04s/it]100%|██████████| 1/1 [00:02<00:00,  2.04s/it]100%|██████████| 1/1 [00:02<00:00,  2.23s/it]100%|██████████| 1/1 [00:01<00:00,  1.74s/it]
100%|██████████| 1/1 [00:01<00:00,  1.75s/it]100%|██████████| 1/1 [00:01<00:00,  1.40s/it]100%|██████████| 1/1 [00:02<00:00,  2.24s/it]Predicted melting temperature: [64.44371795654297]

  0%|          | 0/1 [00:00<?, ?it/s]
Predicted melting temperature: [80.19896697998047]
  seed_113 arm=t1_base pH=7.4 target=+9.0    Tm=80.47  replicas=[83.5, 77.7, 80.2]
Predicted melting temperature: [56.831642150878906]
  0%|          | 0/1 [00:00<?, ?it/s]100%|██████████| 1/1 [00:01<00:00,  1.43s/it]
Predicted melting temperature: [56.477874755859375]
  seed_113 arm=t2_neg pH=7.4 target=-5.0 c   Tm=59.90  replicas=[62.9, 60.3, 56.5]
  0%|          | 0/1 [00:00<?, ?it/s]100%|██████████| 1/1 [00:01<00:00,  1.42s/it]100%|██████████| 1/1 [00:02<00:00,  2.44s/it]  0%|          | 0/1 [00:00<?, ?it/s]100%|██████████| 1/1 [00:02<00:00,  2.48s/it]100%|██████████| 1/1 [00:01<00:00,  1.48s/it]

Predicted melting temperature: [61.31382751464844]
  0%|          | 0/1 [00:00<?, ?it/s]Predicted melting temperature: [54.922279357910156]
  0%|          | 0/1 [00:00<?, ?it/s]100%|██████████| 1/1 [00:01<00:00,  1.63s/it]100%|██████████| 1/1 [00:01<00:00,  1.64s/it]
Predicted melting temperature: [71.15428161621094]
  0%|          | 0/1 [00:00<?, ?it/s]100%|██████████| 1/1 [00:02<00:00,  2.31s/it]100%|██████████| 1/1 [00:02<00:00,  2.31s/it]
Predicted melting temperature: [68.03663635253906]
  0%|          | 0/1 [00:00<?, ?it/s]100%|██████████| 1/1 [00:01<00:00,  1.52s/it]100%|██████████| 1/1 [00:01<00:00,  1.53s/it]
Predicted melting temperature: [75.23018646240234]
  0%|          | 0/1 [00:00<?, ?it/s]100%|██████████| 1/1 [00:01<00:00,  1.41s/it]100%|██████████| 1/1 [00:01<00:00,  1.41s/it]
Predicted melting temperature: [72.85737609863281]
  0%|          | 0/1 [00:00<?, ?it/s]100%|██████████| 1/1 [00:02<00:00,  2.23s/it]100%|██████████| 1/1 [00:02<00:00,  2.23s/it]
Predicted melting temperature: [61.56016540527344]
  0%|          | 0/1 [00:00<?, ?it/s]100%|██████████| 1/1 [00:01<00:00,  1.23s/it]100%|██████████| 1/1 [00:01<00:00,  1.25s/it]
Predicted melting temperature: [55.43695068359375]
  0%|          | 0/1 [00:00<?, ?it/s]100%|██████████| 1/1 [00:01<00:00,  1.66s/it]100%|██████████| 1/1 [00:01<00:00,  1.66s/it]
Predicted melting temperature: [52.30668640136719]
  0%|          | 0/1 [00:00<?, ?it/s]100%|██████████| 1/1 [00:02<00:00,  2.65s/it]100%|██████████| 1/1 [00:02<00:00,  2.66s/it]
Predicted melting temperature: [60.38654327392578]
  0%|          | 0/1 [00:00<?, ?it/s]100%|██████████| 1/1 [00:01<00:00,  1.32s/it]100%|██████████| 1/1 [00:01<00:00,  1.32s/it]
Predicted melting temperature: [67.6541976928711]
  0%|          | 0/1 [00:00<?, ?it/s]100%|██████████| 1/1 [00:01<00:00,  1.91s/it]100%|██████████| 1/1 [00:01<00:00,  1.91s/it]100%|██████████| 1/1 [00:02<00:00,  2.17s/it]
Predicted melting temperature: [52.14333724975586]
  seed_113 arm=t2_neg pH=7.4 target=+4.0 c   Tm=60.88  replicas=[54.8, 75.7, 52.1]
100%|██████████| 1/1 [00:02<00:00,  2.17s/it]
Predicted melting temperature: [64.31184387207031]
  0%|          | 0/1 [00:00<?, ?it/s]  0%|          | 0/1 [00:00<?, ?it/s]100%|██████████| 1/1 [00:01<00:00,  1.60s/it]100%|██████████| 1/1 [00:01<00:00,  1.62s/it]
100%|██████████| 1/1 [00:02<00:00,  2.94s/it]100%|██████████| 1/1 [00:02<00:00,  2.94s/it]
Predicted melting temperature: [70.14463806152344]
Predicted melting temperature: [54.6226921081543]
  0%|          | 0/1 [00:00<?, ?it/s]  0%|          | 0/1 [00:00<?, ?it/s]100%|██████████| 1/1 [00:01<00:00,  1.42s/it]100%|██████████| 1/1 [00:01<00:00,  1.43s/it]
Predicted melting temperature: [62.88739013671875]
  seed_114 arm=t1_base pH=7.4 target=+0.0    Tm=67.03  replicas=[67.1, 71.2, 62.9]
  0%|          | 0/1 [00:00<?, ?it/s]100%|██████████| 1/1 [00:03<00:00,  3.46s/it]100%|██████████| 1/1 [00:03<00:00,  3.46s/it]
100%|██████████| 1/1 [00:03<00:00,  3.44s/it]100%|██████████| 1/1 [00:03<00:00,  3.46s/it]
Predicted melting temperature: [72.76439666748047]
  0%|          | 0/1 [00:00<?, ?it/s]Predicted melting temperature: [84.70890045166016]
  0%|          | 0/1 [00:00<?, ?it/s]100%|██████████| 1/1 [00:02<00:00,  2.53s/it]100%|██████████| 1/1 [00:02<00:00,  2.53s/it]
Predicted melting temperature: [72.05606079101562]
  0%|          | 0/1 [00:00<?, ?it/s]100%|██████████| 1/1 [00:01<00:00,  1.16s/it]100%|██████████| 1/1 [00:01<00:00,  1.16s/it]
Predicted melting temperature: [62.30216598510742]
  seed_114 arm=t2_pos pH=7.4 target=+5.0 c   Tm=69.32  replicas=[72.8, 72.9, 62.3]
  0%|          | 0/1 [00:00<?, ?it/s]100%|██████████| 1/1 [00:01<00:00,  1.95s/it]100%|██████████| 1/1 [00:01<00:00,  1.95s/it]
Predicted melting temperature: [60.390323638916016]
  0%|          | 0/1 [00:00<?, ?it/s]100%|██████████| 1/1 [00:01<00:00,  1.37s/it]100%|██████████| 1/1 [00:01<00:00,  1.37s/it]100%|██████████| 1/1 [00:01<00:00,  1.13s/it]
Predicted melting temperature: [60.38673400878906]
  seed_113 arm=t2_neg pH=7.4 target=+3.0 c   Tm=66.54  replicas=[64.0, 75.2, 60.4]
100%|██████████| 1/1 [00:01<00:00,  1.17s/it]
Predicted melting temperature: [62.263511657714844]
  seed_114 arm=t2_ph pH=7.4 target=占位 char   Tm=58.96  replicas=[59.2, 55.4, 62.3]
  0%|          | 0/1 [00:00<?, ?it/s]  0%|          | 0/1 [00:00<?, ?it/s]100%|██████████| 1/1 [00:01<00:00,  1.97s/it]100%|██████████| 1/1 [00:01<00:00,  1.97s/it]
100%|██████████| 1/1 [00:00<00:00,  1.14it/s]100%|██████████| 1/1 [00:00<00:00,  1.14it/s]
Predicted melting temperature: [58.076141357421875]
100%|██████████| 1/1 [00:02<00:00,  2.17s/it]  0%|          | 0/1 [00:00<?, ?it/s]100%|██████████| 1/1 [00:00<00:00,  1.05it/s]100%|██████████| 1/1 [00:01<00:00,  1.49s/it]100%|██████████| 1/1 [00:01<00:00,  1.51s/it]Predicted melting temperature: [65.02235412597656]

100%|██████████| 1/1 [00:02<00:00,  2.37s/it]100%|██████████| 1/1 [00:01<00:00,  1.11s/it]Predicted melting temperature: [61.17987060546875]
  seed_113 arm=t2_pos pH=7.4 target=+4.0 c   Tm=57.97  replicas=[51.2, 61.6, 61.2]

  0%|          | 0/1 [00:00<?, ?it/s]
Predicted melting temperature: [59.127723693847656]
  seed_113 arm=t2_neg pH=7.4 target=-6.0 c   Tm=57.85  replicas=[57.6, 56.8, 59.1]
Predicted melting temperature: [55.323402404785156]
  0%|          | 0/1 [00:00<?, ?it/s]  0%|          | 0/1 [00:00<?, ?it/s]  0%|          | 0/1 [00:00<?, ?it/s]100%|██████████| 1/1 [00:01<00:00,  1.13s/it]100%|██████████| 1/1 [00:01<00:00,  1.13s/it]
Predicted melting temperature: [71.34304809570312]
  0%|          | 0/1 [00:00<?, ?it/s]100%|██████████| 1/1 [00:02<00:00,  2.12s/it]100%|██████████| 1/1 [00:02<00:00,  2.12s/it]
Predicted melting temperature: [75.93600463867188]
  0%|          | 0/1 [00:00<?, ?it/s]100%|██████████| 1/1 [00:01<00:00,  1.24s/it]100%|██████████| 1/1 [00:01<00:00,  1.24s/it]
Predicted melting temperature: [69.27924346923828]
  0%|          | 0/1 [00:00<?, ?it/s]100%|██████████| 1/1 [00:02<00:00,  2.62s/it]100%|██████████| 1/1 [00:02<00:00,  2.63s/it]
Predicted melting temperature: [50.52068328857422]
  seed_113 arm=t2_ph pH=7.4 target=占位 char   Tm=53.98  replicas=[50.1, 61.3, 50.5]
100%|██████████| 1/1 [00:01<00:00,  1.17s/it]100%|██████████| 1/1 [00:01<00:00,  1.18s/it]
  0%|          | 0/1 [00:00<?, ?it/s]Predicted melting temperature: [61.45128631591797]
  0%|          | 0/1 [00:00<?, ?it/s]100%|██████████| 1/1 [00:01<00:00,  1.31s/it]100%|██████████| 1/1 [00:01<00:00,  1.27s/it]100%|██████████| 1/1 [00:01<00:00,  1.01s/it]100%|██████████| 1/1 [00:01<00:00,  1.37s/it]100%|██████████| 1/1 [00:01<00:00,  1.39s/it]100%|██████████| 1/1 [00:01<00:00,  1.24s/it]100%|██████████| 1/1 [00:01<00:00,  1.60s/it]

100%|██████████| 1/1 [00:01<00:00,  1.01s/it]100%|██████████| 1/1 [00:01<00:00,  1.47s/it]
100%|██████████| 1/1 [00:01<00:00,  1.05s/it]100%|██████████| 1/1 [00:01<00:00,  1.48s/it]
100%|██████████| 1/1 [00:01<00:00,  1.58s/it]Predicted melting temperature: [70.38896942138672]

Predicted melting temperature: [55.07123565673828]

Predicted melting temperature: [78.94432067871094]
  0%|          | 0/1 [00:00<?, ?it/s]Predicted melting temperature: [51.89149856567383]
  0%|          | 0/1 [00:00<?, ?it/s]Predicted melting temperature: [57.28761291503906]
  seed_114 arm=t1_base pH=7.4 target=-1.0    Tm=63.96  replicas=[64.4, 70.1, 57.3]
  0%|          | 0/1 [00:00<?, ?it/s]  0%|          | 0/1 [00:00<?, ?it/s]Predicted melting temperature: [76.70892333984375]
  0%|          | 0/1 [00:00<?, ?it/s]  0%|          | 0/1 [00:00<?, ?it/s]100%|██████████| 1/1 [00:01<00:00,  1.12s/it]100%|██████████| 1/1 [00:01<00:00,  1.12s/it]
100%|██████████| 1/1 [00:00<00:00,  1.22it/s]100%|██████████| 1/1 [00:00<00:00,  1.22it/s]
Predicted melting temperature: [47.93326950073242]
  seed_114 arm=t1_cond pH=7.4 target=+9.0    Tm=51.85  replicas=[52.3, 55.3, 47.9]
Predicted melting temperature: [74.70643615722656]
  0%|          | 0/1 [00:00<?, ?it/s]100%|██████████| 1/1 [00:01<00:00,  1.34s/it]100%|██████████| 1/1 [00:01<00:00,  1.78s/it]100%|██████████| 1/1 [00:00<00:00,  1.01it/s]100%|██████████| 1/1 [00:00<00:00,  1.03it/s]100%|██████████| 1/1 [00:01<00:00,  1.03s/it]  0%|          | 0/1 [00:00<?, ?it/s]100%|██████████| 1/1 [00:01<00:00,  1.04s/it]100%|██████████| 1/1 [00:01<00:00,  1.07s/it]
100%|██████████| 1/1 [00:01<00:00,  1.52s/it]
100%|██████████| 1/1 [00:01<00:00,  1.89s/it]100%|██████████| 1/1 [00:01<00:00,  1.09s/it]

100%|██████████| 1/1 [00:00<00:00,  1.06it/s]Predicted melting temperature: [57.45021057128906]
  seed_114 arm=t1_cond pH=7.4 target=-1.0    Tm=60.95  replicas=[60.4, 65.0, 57.5]

100%|██████████| 1/1 [00:00<00:00,  1.05it/s]Predicted melting temperature: [67.84124755859375]

  0%|          | 0/1 [00:00<?, ?it/s]Predicted melting temperature: [61.04850769042969]
  seed_114 arm=t2_neg pH=7.4 target=-5.0 c   Tm=66.68  replicas=[67.7, 71.3, 61.0]
Predicted melting temperature: [52.161842346191406]
  seed_114 arm=t2_ph pH=7.4 target=占位 char   Tm=55.05  replicas=[54.9, 58.1, 52.2]
  0%|          | 0/1 [00:00<?, ?it/s]Predicted melting temperature: [76.61891174316406]
Predicted melting temperature: [56.006378173828125]
  0%|          | 0/1 [00:00<?, ?it/s]  0%|          | 0/1 [00:00<?, ?it/s]  0%|          | 0/1 [00:00<?, ?it/s]  0%|          | 0/1 [00:00<?, ?it/s]100%|██████████| 1/1 [00:01<00:00,  1.18s/it]100%|██████████| 1/1 [00:01<00:00,  1.18s/it]
Predicted melting temperature: [67.62793731689453]
  0%|          | 0/1 [00:00<?, ?it/s]100%|██████████| 1/1 [00:00<00:00,  1.11it/s]100%|██████████| 1/1 [00:00<00:00,  1.11it/s]
Predicted melting temperature: [61.20977020263672]
  seed_114 arm=t1_cond pH=7.4 target=+0.0    Tm=64.93  replicas=[64.3, 69.3, 61.2]
  0%|          | 0/1 [00:00<?, ?it/s]100%|██████████| 1/1 [00:00<00:00,  1.02it/s]100%|██████████| 1/1 [00:00<00:00,  1.02it/s]
100%|██████████| 1/1 [00:01<00:00,  2.00s/it]100%|██████████| 1/1 [00:02<00:00,  2.02s/it]
Predicted melting temperature: [57.635536193847656]
  0%|          | 0/1 [00:00<?, ?it/s]Predicted melting temperature: [75.1966781616211]
  0%|          | 0/1 [00:00<?, ?it/s]100%|██████████| 1/1 [00:00<00:00,  1.33it/s]100%|██████████| 1/1 [00:00<00:00,  1.33it/s]100%|██████████| 1/1 [00:01<00:00,  1.24s/it]
100%|██████████| 1/1 [00:01<00:00,  1.25s/it]
Predicted melting temperature: [55.92253494262695]
  seed_113 arm=t1_cond pH=7.4 target=+8.0    Tm=66.63  replicas=[68.0, 75.9, 55.9]
100%|██████████| 1/1 [00:00<00:00,  1.18it/s]Predicted melting temperature: [69.81787109375]
  0%|          | 0/1 [00:00<?, ?it/s]100%|██████████| 1/1 [00:01<00:00,  1.08s/it]  0%|          | 0/1 [00:00<?, ?it/s]
Predicted melting temperature: [65.24738311767578]
  0%|          | 0/1 [00:00<?, ?it/s]100%|██████████| 1/1 [00:01<00:00,  1.01s/it]100%|██████████| 1/1 [00:01<00:00,  1.03s/it]100%|██████████| 1/1 [00:01<00:00,  1.09s/it]100%|██████████| 1/1 [00:01<00:00,  1.06s/it]
100%|██████████| 1/1 [00:01<00:00,  1.07s/it]
100%|██████████| 1/1 [00:01<00:00,  1.10s/it]
Predicted melting temperature: [78.80707550048828]
  seed_113 arm=t2_pos pH=7.4 target=+14.0    Tm=80.82  replicas=[84.7, 78.9, 78.8]
Predicted melting temperature: [48.61153030395508]
Predicted melting temperature: [54.56782531738281]
  0%|          | 0/1 [00:00<?, ?it/s]  0%|          | 0/1 [00:00<?, ?it/s]100%|██████████| 1/1 [00:00<00:00,  1.24it/s]  0%|          | 0/1 [00:00<?, ?it/s]100%|██████████| 1/1 [00:00<00:00,  1.23it/s]
Predicted melting temperature: [66.43280029296875]
  0%|          | 0/1 [00:00<?, ?it/s]100%|██████████| 1/1 [00:00<00:00,  1.05it/s]100%|██████████| 1/1 [00:00<00:00,  1.05it/s]
100%|██████████| 1/1 [00:01<00:00,  1.24s/it]Predicted melting temperature: [52.367271423339844]
  0%|          | 0/1 [00:00<?, ?it/s]100%|██████████| 1/1 [00:01<00:00,  1.25s/it]
Predicted melting temperature: [79.21578979492188]
  0%|          | 0/1 [00:00<?, ?it/s]100%|██████████| 1/1 [00:01<00:00,  1.06s/it]100%|██████████| 1/1 [00:01<00:00,  1.06s/it]
100%|██████████| 1/1 [00:01<00:00,  1.12s/it]Predicted melting temperature: [50.28166961669922]
100%|██████████| 1/1 [00:01<00:00,  1.12s/it]
  0%|          | 0/1 [00:00<?, ?it/s]Predicted melting temperature: [77.706787109375]
  0%|          | 0/1 [00:00<?, ?it/s]100%|██████████| 1/1 [00:01<00:00,  1.04s/it]100%|██████████| 1/1 [00:01<00:00,  1.06s/it]100%|██████████| 1/1 [00:01<00:00,  1.42s/it]
100%|██████████| 1/1 [00:01<00:00,  1.43s/it]
Predicted melting temperature: [68.4382095336914]
  seed_113 arm=t2_pos pH=7.4 target=+13.0    Tm=72.64  replicas=[72.8, 76.7, 68.4]
Predicted melting temperature: [56.10333251953125]
  0%|          | 0/1 [00:00<?, ?it/s]  0%|          | 0/1 [00:00<?, ?it/s]100%|██████████| 1/1 [00:01<00:00,  1.00s/it]100%|██████████| 1/1 [00:01<00:00,  1.22s/it]100%|██████████| 1/1 [00:01<00:00,  1.26s/it]100%|██████████| 1/1 [00:01<00:00,  1.24s/it]
100%|██████████| 1/1 [00:01<00:00,  1.27s/it]100%|██████████| 1/1 [00:01<00:00,  1.34s/it]

Predicted melting temperature: [61.99827194213867]
Predicted melting temperature: [65.63976287841797]
  0%|          | 0/1 [00:00<?, ?it/s]  0%|          | 0/1 [00:00<?, ?it/s]100%|██████████| 1/1 [00:01<00:00,  1.09s/it]100%|██████████| 1/1 [00:01<00:00,  1.09s/it]
Predicted melting temperature: [63.442359924316406]
100%|██████████| 1/1 [00:01<00:00,  1.46s/it]100%|██████████| 1/1 [00:01<00:00,  1.48s/it]
  0%|          | 0/1 [00:00<?, ?it/s]Predicted melting temperature: [65.0975341796875]
  seed_113 arm=t2_ph pH=7.4 target=占位 char   Tm=58.58  replicas=[54.6, 56.0, 65.1]
Predicted melting temperature: [57.729759216308594]
  0%|          | 0/1 [00:00<?, ?it/s]  0%|          | 0/1 [00:00<?, ?it/s]100%|██████████| 1/1 [00:01<00:00,  1.55s/it]100%|██████████| 1/1 [00:01<00:00,  1.55s/it]
Predicted melting temperature: [62.923095703125]
  seed_114 arm=t1_base pH=7.4 target=+9.0    Tm=66.64  replicas=[60.4, 76.6, 62.9]
  0%|          | 0/1 [00:00<?, ?it/s]100%|██████████| 1/1 [00:00<00:00,  1.05it/s]100%|██████████| 1/1 [00:00<00:00,  1.05it/s]
Predicted melting temperature: [59.375]
  seed_115 arm=t2_pos pH=7.4 target=+5.0 c   Tm=66.53  replicas=[70.4, 69.8, 59.4]
  0%|          | 0/1 [00:00<?, ?it/s]100%|██████████| 1/1 [00:01<00:00,  1.00s/it]100%|██████████| 1/1 [00:01<00:00,  1.00s/it]
Predicted melting temperature: [50.868675231933594]
  0%|          | 0/1 [00:00<?, ?it/s]100%|██████████| 1/1 [00:01<00:00,  1.23s/it]100%|██████████| 1/1 [00:00<00:00,  1.12it/s]100%|██████████| 1/1 [00:01<00:00,  1.23s/it]
Predicted melting temperature: [53.87982940673828]
  seed_115 arm=t1_base pH=7.4 target=+0.0    Tm=60.19  replicas=[61.5, 65.2, 53.9]
100%|██████████| 1/1 [00:00<00:00,  1.10it/s]
  0%|          | 0/1 [00:00<?, ?it/s]Predicted melting temperature: [59.66642761230469]
100%|██████████| 1/1 [00:01<00:00,  1.19s/it]  0%|          | 0/1 [00:00<?, ?it/s]100%|██████████| 1/1 [00:01<00:00,  1.19s/it]100%|██████████| 1/1 [00:01<00:00,  1.35s/it]
Predicted melting temperature: [53.7426872253418]
  seed_114 arm=t2_pos pH=7.4 target=+4.0 c   Tm=62.67  replicas=[67.8, 66.4, 53.7]
100%|██████████| 1/1 [00:01<00:00,  1.69s/it]100%|██████████| 1/1 [00:01<00:00,  1.36s/it]
100%|██████████| 1/1 [00:01<00:00,  1.71s/it]
Predicted melting temperature: [75.34596252441406]
  0%|          | 0/1 [00:00<?, ?it/s]  0%|          | 0/1 [00:00<?, ?it/s]100%|██████████| 1/1 [00:01<00:00,  1.28s/it]100%|██████████| 1/1 [00:01<00:00,  1.19s/it]Predicted melting temperature: [63.645545959472656]
  seed_113 arm=t1_base pH=7.4 target=+8.0    Tm=70.30  replicas=[72.1, 75.2, 63.6]
100%|██████████| 1/1 [00:01<00:00,  1.21s/it]
100%|██████████| 1/1 [00:01<00:00,  1.30s/it]
Predicted melting temperature: [50.72705078125]
  seed_115 arm=t2_ph pH=7.4 target=占位 char   Tm=52.40  replicas=[51.9, 54.6, 50.7]
Predicted melting temperature: [68.75392150878906]
  0%|          | 0/1 [00:00<?, ?it/s]  0%|          | 0/1 [00:00<?, ?it/s]  0%|          | 0/1 [00:00<?, ?it/s]100%|██████████| 1/1 [00:01<00:00,  1.27s/it]100%|██████████| 1/1 [00:01<00:00,  1.27s/it]100%|██████████| 1/1 [00:01<00:00,  1.16s/it]
Predicted melting temperature: [53.18674087524414]
  seed_114 arm=t2_neg pH=7.4 target=+4.0 c   Tm=62.49  replicas=[55.1, 79.2, 53.2]
100%|██████████| 1/1 [00:01<00:00,  1.20s/it]
Predicted melting temperature: [58.569236755371094]
  seed_114 arm=t2_neg pH=7.4 target=+3.0 c   Tm=70.33  replicas=[74.7, 77.7, 58.6]
  0%|          | 0/1 [00:00<?, ?it/s]  0%|          | 0/1 [00:00<?, ?it/s]100%|██████████| 1/1 [00:01<00:00,  1.20s/it]100%|██████████| 1/1 [00:01<00:00,  1.20s/it]
Predicted melting temperature: [77.60350799560547]
  0%|          | 0/1 [00:00<?, ?it/s]100%|██████████| 1/1 [00:00<00:00,  1.01it/s]100%|██████████| 1/1 [00:01<00:00,  1.26s/it]100%|██████████| 1/1 [00:01<00:00,  1.02s/it]100%|██████████| 1/1 [00:01<00:00,  1.30s/it]

Predicted melting temperature: [53.646240234375]
  0%|          | 0/1 [00:00<?, ?it/s]Predicted melting temperature: [63.55504608154297]
  0%|          | 0/1 [00:00<?, ?it/s]100%|██████████| 1/1 [00:01<00:00,  1.05s/it]100%|██████████| 1/1 [00:01<00:00,  1.05s/it]
Predicted melting temperature: [65.63359832763672]
  0%|          | 0/1 [00:00<?, ?it/s]100%|██████████| 1/1 [00:01<00:00,  1.34s/it]100%|██████████| 1/1 [00:01<00:00,  1.34s/it]100%|██████████| 1/1 [00:01<00:00,  1.00s/it]
100%|██████████| 1/1 [00:01<00:00,  1.23s/it]100%|██████████| 1/1 [00:01<00:00,  1.53s/it]100%|██████████| 1/1 [00:01<00:00,  1.53s/it]100%|██████████| 1/1 [00:00<00:00,  1.02it/s]100%|██████████| 1/1 [00:02<00:00,  2.27s/it]100%|██████████| 1/1 [00:01<00:00,  1.07s/it]100%|██████████| 1/1 [00:01<00:00,  1.56s/it]100%|██████████| 1/1 [00:01<00:00,  1.72s/it]100%|██████████| 1/1 [00:00<00:00,  1.20it/s]100%|██████████| 1/1 [00:01<00:00,  1.04s/it]100%|██████████| 1/1 [00:01<00:00,  1.06s/it]100%|██████████| 1/1 [00:01<00:00,  1.18s/it]100%|██████████| 1/1 [00:01<00:00,  1.50s/it]100%|██████████| 1/1 [00:01<00:00,  1.20s/it]
100%|██████████| 1/1 [00:01<00:00,  1.30s/it]
100%|██████████| 1/1 [00:01<00:00,  1.78s/it]
100%|██████████| 1/1 [00:01<00:00,  1.78s/it]

Predicted melting temperature: [51.877342224121094]
  seed_115 arm=t1_cond pH=7.4 target=+9.0    Tm=57.67  replicas=[52.4, 68.8, 51.9]
Predicted melting temperature: [53.32788848876953]
  seed_115 arm=t1_base pH=7.4 target=-1.0    Tm=50.94  replicas=[48.6, 50.9, 53.3]
Predicted melting temperature: [58.441802978515625]
  seed_114 arm=t2_ph pH=7.4 target=占位 char   Tm=57.94  replicas=[57.6, 57.7, 58.4]
Predicted melting temperature: [62.534950256347656]
  seed_114 arm=t2_neg pH=7.4 target=-6.0 c   Tm=64.54  replicas=[67.6, 63.4, 62.5]
100%|██████████| 1/1 [00:00<00:00,  1.15it/s]  0%|          | 0/1 [00:00<?, ?it/s]100%|██████████| 1/1 [00:00<00:00,  1.13it/s]100%|██████████| 1/1 [00:02<00:00,  2.50s/it]100%|██████████| 1/1 [00:01<00:00,  1.22s/it]
100%|██████████| 1/1 [00:01<00:00,  1.29s/it]
100%|██████████| 1/1 [00:01<00:00,  1.78s/it]100%|██████████| 1/1 [00:01<00:00,  1.91s/it]100%|██████████| 1/1 [00:01<00:00,  1.01s/it]

Predicted melting temperature: [84.64523315429688]
  0%|          | 0/1 [00:00<?, ?it/s]  0%|          | 0/1 [00:00<?, ?it/s]
Predicted melting temperature: [58.87641906738281]
  0%|          | 0/1 [00:00<?, ?it/s]100%|██████████| 1/1 [00:01<00:00,  1.32s/it]100%|██████████| 1/1 [00:01<00:00,  1.01s/it]100%|██████████| 1/1 [00:01<00:00,  1.48s/it]100%|██████████| 1/1 [00:01<00:00,  1.40s/it]

Predicted melting temperature: [57.191017150878906]
  seed_115 arm=t2_ph pH=7.4 target=占位 char   Tm=55.65  replicas=[56.1, 53.6, 57.2]
100%|██████████| 1/1 [00:01<00:00,  1.26s/it]  0%|          | 0/1 [00:00<?, ?it/s]
Predicted melting temperature: [64.34754180908203]
Predicted melting temperature: [71.24201965332031]
100%|██████████| 1/1 [00:00<00:00,  1.19it/s]  0%|          | 0/1 [00:00<?, ?it/s]  0%|          | 0/1 [00:00<?, ?it/s]Predicted melting temperature: [52.178627014160156]
100%|██████████| 1/1 [00:01<00:00,  1.16s/it]Predicted melting temperature: [63.43193817138672]


Predicted melting temperature: [64.57746887207031]
  seed_115 arm=t1_cond pH=7.4 target=-1.0    Tm=58.18  replicas=[50.3, 59.7, 64.6]
Predicted melting temperature: [54.18925476074219]
  seed_115 arm=t1_cond pH=7.4 target=+0.0    Tm=59.91  replicas=[62.0, 63.6, 54.2]
100%|██████████| 1/1 [00:01<00:00,  1.53s/it]Predicted melting temperature: [50.852169036865234]
100%|██████████| 1/1 [00:00<00:00,  1.12it/s]
100%|██████████| 1/1 [00:01<00:00,  1.34s/it]  0%|          | 0/1 [00:00<?, ?it/s]
  0%|          | 0/1 [00:00<?, ?it/s]  0%|          | 0/1 [00:00<?, ?it/s]  0%|          | 0/1 [00:00<?, ?it/s]100%|██████████| 1/1 [00:01<00:00,  1.27s/it]  0%|          | 0/1 [00:00<?, ?it/s]100%|██████████| 1/1 [00:01<00:00,  1.34s/it]

  0%|          | 0/1 [00:00<?, ?it/s]Predicted melting temperature: [67.39498901367188]
Predicted melting temperature: [69.89378356933594]
Predicted melting temperature: [77.50361633300781]
  0%|          | 0/1 [00:00<?, ?it/s]  0%|          | 0/1 [00:00<?, ?it/s]  0%|          | 0/1 [00:00<?, ?it/s]  0%|          | 0/1 [00:00<?, ?it/s]Predicted melting temperature: [66.26957702636719]
  0%|          | 0/1 [00:00<?, ?it/s]Predicted melting temperature: [58.931522369384766]
Predicted melting temperature: [76.01423645019531]
  0%|          | 0/1 [00:00<?, ?it/s]  0%|          | 0/1 [00:00<?, ?it/s]100%|██████████| 1/1 [00:00<00:00,  1.05it/s]100%|██████████| 1/1 [00:00<00:00,  1.05it/s]
Predicted melting temperature: [60.334556579589844]
  0%|          | 0/1 [00:00<?, ?it/s]100%|██████████| 1/1 [00:00<00:00,  1.16it/s]100%|██████████| 1/1 [00:00<00:00,  1.16it/s]
Predicted melting temperature: [63.41127014160156]
  0%|          | 0/1 [00:00<?, ?it/s]100%|██████████| 1/1 [00:00<00:00,  1.19it/s]100%|██████████| 1/1 [00:00<00:00,  1.18it/s]
Predicted melting temperature: [64.3342514038086]
  0%|          | 0/1 [00:00<?, ?it/s]100%|██████████| 1/1 [00:01<00:00,  1.06s/it]100%|██████████| 1/1 [00:01<00:00,  1.06s/it]
Predicted melting temperature: [57.69466781616211]
  0%|          | 0/1 [00:00<?, ?it/s]100%|██████████| 1/1 [00:00<00:00,  1.11it/s]100%|██████████| 1/1 [00:00<00:00,  1.09it/s]
100%|██████████| 1/1 [00:01<00:00,  1.08s/it]100%|██████████| 1/1 [00:01<00:00,  1.09s/it]Predicted melting temperature: [77.93626403808594]

  0%|          | 0/1 [00:00<?, ?it/s]Predicted melting temperature: [60.00238037109375]
100%|██████████| 1/1 [00:01<00:00,  1.18s/it]  0%|          | 0/1 [00:00<?, ?it/s]100%|██████████| 1/1 [00:01<00:00,  1.01s/it]100%|██████████| 1/1 [00:01<00:00,  1.05s/it]
100%|██████████| 1/1 [00:01<00:00,  1.02s/it]100%|██████████| 1/1 [00:01<00:00,  1.14s/it]100%|██████████| 1/1 [00:01<00:00,  1.24s/it]
100%|██████████| 1/1 [00:01<00:00,  1.07s/it]
Predicted melting temperature: [54.58771896362305]
  0%|          | 0/1 [00:00<?, ?it/s]100%|██████████| 1/1 [00:01<00:00,  1.19s/it]
Predicted melting temperature: [56.294315338134766]
  seed_115 arm=t2_neg pH=7.4 target=-5.0 c   Tm=64.39  replicas=[65.6, 71.2, 56.3]
Predicted melting temperature: [62.44308090209961]
  0%|          | 0/1 [00:00<?, ?it/s]Predicted melting temperature: [51.29186248779297]
  0%|          | 0/1 [00:00<?, ?it/s]  0%|          | 0/1 [00:00<?, ?it/s]100%|██████████| 1/1 [00:01<00:00,  1.23s/it]100%|██████████| 1/1 [00:01<00:00,  1.26s/it]100%|██████████| 1/1 [00:01<00:00,  1.27s/it]
100%|██████████| 1/1 [00:01<00:00,  1.30s/it]
100%|██████████| 1/1 [00:01<00:00,  1.10s/it]100%|██████████| 1/1 [00:01<00:00,  1.11s/it]
Predicted melting temperature: [74.57369995117188]
  0%|          | 0/1 [00:00<?, ?it/s]Predicted melting temperature: [60.282413482666016]
Predicted melting temperature: [75.7323989868164]
100%|██████████| 1/1 [00:01<00:00,  1.36s/it]100%|██████████| 1/1 [00:00<00:00,  1.41it/s]100%|██████████| 1/1 [00:01<00:00,  1.23s/it]  0%|          | 0/1 [00:00<?, ?it/s]  0%|          | 0/1 [00:00<?, ?it/s]100%|██████████| 1/1 [00:01<00:00,  1.35s/it]100%|██████████| 1/1 [00:00<00:00,  1.21it/s]
100%|██████████| 1/1 [00:01<00:00,  1.49s/it]

Predicted melting temperature: [52.12578582763672]
  0%|          | 0/1 [00:00<?, ?it/s]Predicted melting temperature: [81.60418701171875]
  0%|          | 0/1 [00:00<?, ?it/s]Predicted melting temperature: [57.12840270996094]
  0%|          | 0/1 [00:00<?, ?it/s]100%|██████████| 1/1 [00:01<00:00,  1.39s/it]100%|██████████| 1/1 [00:01<00:00,  1.40s/it]
Predicted melting temperature: [61.29625701904297]
  seed_116 arm=t2_pos pH=7.4 target=+5.0 c   Tm=64.40  replicas=[65.6, 66.3, 61.3]
100%|██████████| 1/1 [00:01<00:00,  1.35s/it]100%|██████████| 1/1 [00:01<00:00,  1.36s/it]  0%|          | 0/1 [00:00<?, ?it/s]
Predicted melting temperature: [71.74164581298828]
  seed_114 arm=t2_pos pH=7.4 target=+13.0    Tm=75.12  replicas=[77.6, 76.0, 71.7]
  0%|          | 0/1 [00:00<?, ?it/s]100%|██████████| 1/1 [00:00<00:00,  1.67it/s]100%|██████████| 1/1 [00:00<00:00,  1.67it/s]
Predicted melting temperature: [55.585933685302734]
  0%|          | 0/1 [00:00<?, ?it/s]100%|██████████| 1/1 [00:00<00:00,  1.29it/s]100%|██████████| 1/1 [00:00<00:00,  1.29it/s]
Predicted melting temperature: [59.66532516479492]
  seed_116 arm=t1_base pH=7.4 target=+0.0    Tm=62.48  replicas=[63.4, 64.3, 59.7]
100%|██████████| 1/1 [00:01<00:00,  1.73s/it]100%|██████████| 1/1 [00:01<00:00,  1.78s/it]100%|██████████| 1/1 [00:01<00:00,  1.66s/it]  0%|          | 0/1 [00:00<?, ?it/s]
100%|██████████| 1/1 [00:01<00:00,  1.69s/it]100%|██████████| 1/1 [00:01<00:00,  1.68s/it]
100%|██████████| 1/1 [00:01<00:00,  1.70s/it]100%|██████████| 1/1 [00:00<00:00,  1.36it/s]
Predicted melting temperature: [66.87189483642578]
  seed_114 arm=t1_cond pH=7.4 target=+8.0    Tm=73.24  replicas=[75.3, 77.5, 66.9]
100%|██████████| 1/1 [00:00<00:00,  1.34it/s]Predicted melting temperature: [55.24998474121094]
Predicted melting temperature: [74.626708984375]
  0%|          | 0/1 [00:00<?, ?it/s]100%|██████████| 1/1 [00:01<00:00,  1.02s/it]100%|██████████| 1/1 [00:01<00:00,  1.06s/it]  0%|          | 0/1 [00:00<?, ?it/s]
  0%|          | 0/1 [00:00<?, ?it/s]
100%|██████████| 1/1 [00:00<00:00,  1.50it/s]Predicted melting temperature: [55.8927116394043]
  seed_115 arm=t2_neg pH=7.4 target=+3.0 c   Tm=67.91  replicas=[69.9, 77.9, 55.9]
100%|██████████| 1/1 [00:00<00:00,  1.49it/s]Predicted melting temperature: [60.003990173339844]

  0%|          | 0/1 [00:00<?, ?it/s]  0%|          | 0/1 [00:00<?, ?it/s]Predicted melting temperature: [64.60105895996094]
  0%|          | 0/1 [00:00<?, ?it/s]100%|██████████| 1/1 [00:01<00:00,  1.04s/it]100%|██████████| 1/1 [00:01<00:00,  1.04s/it]100%|██████████| 1/1 [00:01<00:00,  1.15s/it]
100%|██████████| 1/1 [00:01<00:00,  1.30s/it]100%|██████████| 1/1 [00:00<00:00,  1.47it/s]100%|██████████| 1/1 [00:00<00:00,  1.22it/s]100%|██████████| 1/1 [00:01<00:00,  1.19s/it]Predicted melting temperature: [71.33099365234375]
  0%|          | 0/1 [00:00<?, ?it/s]100%|██████████| 1/1 [00:01<00:00,  1.24s/it]
100%|██████████| 1/1 [00:00<00:00,  1.20it/s]
100%|██████████| 1/1 [00:00<00:00,  1.03it/s]
Predicted melting temperature: [60.545440673828125]
  seed_116 arm=t2_ph pH=7.4 target=占位 char   Tm=59.81  replicas=[58.9, 60.0, 60.5]
Predicted melting temperature: [55.616607666015625]
  seed_115 arm=t2_neg pH=7.4 target=-6.0 c   Tm=57.69  replicas=[60.3, 57.1, 55.6]
100%|██████████| 1/1 [00:00<00:00,  1.48it/s]100%|██████████| 1/1 [00:00<00:00,  1.45it/s]
Predicted melting temperature: [55.641334533691406]

Predicted melting temperature: [54.96026611328125]
  seed_115 arm=t2_ph pH=7.4 target=占位 char   Tm=56.08  replicas=[57.7, 55.6, 55.0]
  0%|          | 0/1 [00:00<?, ?it/s]  0%|          | 0/1 [00:00<?, ?it/s]  0%|          | 0/1 [00:00<?, ?it/s]Predicted melting temperature: [63.91798782348633]
  0%|          | 0/1 [00:00<?, ?it/s]  0%|          | 0/1 [00:00<?, ?it/s]100%|██████████| 1/1 [00:01<00:00,  1.11s/it]100%|██████████| 1/1 [00:01<00:00,  1.11s/it]
Predicted melting temperature: [78.79600524902344]
  seed_115 arm=t1_base pH=7.4 target=+9.0    Tm=81.68  replicas=[84.6, 81.6, 78.8]
  0%|          | 0/1 [00:00<?, ?it/s]100%|██████████| 1/1 [00:01<00:00,  1.20s/it]100%|██████████| 1/1 [00:01<00:00,  1.20s/it]
Predicted melting temperature: [54.63652420043945]
  seed_115 arm=t2_pos pH=7.4 target=+4.0 c   Tm=52.54  replicas=[50.9, 52.1, 54.6]
  0%|          | 0/1 [00:00<?, ?it/s]100%|██████████| 1/1 [00:01<00:00,  1.47s/it]100%|██████████| 1/1 [00:01<00:00,  1.47s/it]
Predicted melting temperature: [65.087890625]
  0%|          | 0/1 [00:00<?, ?it/s]100%|██████████| 1/1 [00:00<00:00,  1.21it/s]100%|██████████| 1/1 [00:00<00:00,  1.20it/s]
100%|██████████| 1/1 [00:01<00:00,  1.29s/it]100%|██████████| 1/1 [00:01<00:00,  1.32s/it]100%|██████████| 1/1 [00:00<00:00,  1.22it/s]100%|██████████| 1/1 [00:00<00:00,  1.12it/s]100%|██████████| 1/1 [00:01<00:00,  1.40s/it]
100%|██████████| 1/1 [00:01<00:00,  1.38s/it]Predicted melting temperature: [59.057437896728516]


Predicted melting temperature: [55.73521041870117]
  seed_116 arm=t1_cond pH=7.4 target=+0.0    Tm=60.93  replicas=[62.4, 64.6, 55.7]
  0%|          | 0/1 [00:00<?, ?it/s]Predicted melting temperature: [50.21167755126953]
  seed_115 arm=t2_neg pH=7.4 target=+4.0 c   Tm=61.63  replicas=[58.9, 75.7, 50.2]
Predicted melting temperature: [74.91315460205078]
  seed_114 arm=t2_pos pH=7.4 target=+14.0    Tm=71.28  replicas=[64.3, 74.6, 74.9]
  0%|          | 0/1 [00:00<?, ?it/s]  0%|          | 0/1 [00:00<?, ?it/s]  0%|          | 0/1 [00:00<?, ?it/s]100%|██████████| 1/1 [00:01<00:00,  1.37s/it]100%|██████████| 1/1 [00:01<00:00,  1.37s/it]
100%|██████████| 1/1 [00:01<00:00,  1.34s/it]100%|██████████| 1/1 [00:01<00:00,  1.36s/it]
Predicted melting temperature: [65.50891876220703]
  0%|          | 0/1 [00:00<?, ?it/s]Predicted melting temperature: [69.64543914794922]
  0%|          | 0/1 [00:00<?, ?it/s]100%|██████████| 1/1 [00:01<00:00,  1.53s/it]100%|██████████| 1/1 [00:01<00:00,  1.58s/it]
Predicted melting temperature: [54.843299865722656]
  0%|          | 0/1 [00:00<?, ?it/s]100%|██████████| 1/1 [00:00<00:00,  1.44it/s]100%|██████████| 1/1 [00:00<00:00,  1.44it/s]
Predicted melting temperature: [61.35858154296875]
  0%|          | 0/1 [00:00<?, ?it/s]100%|██████████| 1/1 [00:00<00:00,  1.82it/s]100%|██████████| 1/1 [00:00<00:00,  1.82it/s]
Predicted melting temperature: [49.92230224609375]
  0%|          | 0/1 [00:00<?, ?it/s]100%|██████████| 1/1 [00:01<00:00,  1.48s/it]100%|██████████| 1/1 [00:01<00:00,  1.48s/it]100%|██████████| 1/1 [00:01<00:00,  1.46s/it]
Predicted melting temperature: [64.97289276123047]
  seed_114 arm=t1_base pH=7.4 target=+8.0    Tm=69.00  replicas=[67.4, 74.6, 65.0]
100%|██████████| 1/1 [00:01<00:00,  1.47s/it]
  0%|          | 0/1 [00:00<?, ?it/s]Predicted melting temperature: [60.8991584777832]
  seed_116 arm=t1_base pH=7.4 target=-1.0    Tm=61.44  replicas=[63.4, 60.0, 60.9]
  0%|          | 0/1 [00:00<?, ?it/s]100%|██████████| 1/1 [00:01<00:00,  1.65s/it]100%|██████████| 1/1 [00:01<00:00,  1.65s/it]100%|██████████| 1/1 [00:01<00:00,  1.67s/it]
100%|██████████| 1/1 [00:01<00:00,  1.68s/it]
Predicted melting temperature: [61.26042175292969]
  seed_114 arm=t2_ph pH=7.4 target=占位 char   Tm=56.23  replicas=[52.2, 55.2, 61.3]
100%|██████████| 1/1 [00:01<00:00,  1.04s/it]100%|██████████| 1/1 [00:01<00:00,  1.04s/it]Predicted melting temperature: [69.64453887939453]

  0%|          | 0/1 [00:00<?, ?it/s]Predicted melting temperature: [54.51441192626953]
  seed_116 arm=t1_cond pH=7.4 target=-1.0    Tm=53.82  replicas=[51.3, 55.6, 54.5]
  0%|          | 0/1 [00:00<?, ?it/s]100%|██████████| 1/1 [00:01<00:00,  1.04s/it]100%|██████████| 1/1 [00:01<00:00,  1.04s/it]
  0%|          | 0/1 [00:00<?, ?it/s]Predicted melting temperature: [59.95191955566406]
  0%|          | 0/1 [00:00<?, ?it/s]100%|██████████| 1/1 [00:01<00:00,  1.14s/it]100%|██████████| 1/1 [00:01<00:00,  1.14s/it]
Predicted melting temperature: [69.588623046875]
  0%|          | 0/1 [00:00<?, ?it/s]100%|██████████| 1/1 [00:00<00:00,  1.04it/s]100%|██████████| 1/1 [00:00<00:00,  1.04it/s]
100%|██████████| 1/1 [00:01<00:00,  1.10s/it]100%|██████████| 1/1 [00:01<00:00,  1.10s/it]
Predicted melting temperature: [70.25245666503906]
Predicted melting temperature: [52.94895553588867]
  0%|          | 0/1 [00:00<?, ?it/s]  0%|          | 0/1 [00:00<?, ?it/s]100%|██████████| 1/1 [00:00<00:00,  1.08it/s]100%|██████████| 1/1 [00:01<00:00,  1.28s/it]100%|██████████| 1/1 [00:01<00:00,  1.11s/it]
100%|██████████| 1/1 [00:01<00:00,  1.46s/it]
100%|██████████| 1/1 [00:00<00:00,  1.07it/s]100%|██████████| 1/1 [00:01<00:00,  1.10s/it]100%|██████████| 1/1 [00:01<00:00,  1.39s/it]100%|██████████| 1/1 [00:00<00:00,  1.37it/s]100%|██████████| 1/1 [00:00<00:00,  1.34it/s]
100%|██████████| 1/1 [00:01<00:00,  1.52s/it]
Predicted melting temperature: [55.10809326171875]
  seed_116 arm=t1_cond pH=7.4 target=+9.0    Tm=60.34  replicas=[54.6, 71.3, 55.1]
100%|██████████| 1/1 [00:01<00:00,  1.08s/it]Predicted melting temperature: [72.7387924194336]
  0%|          | 0/1 [00:00<?, ?it/s]Predicted melting temperature: [58.98431396484375]
  0%|          | 0/1 [00:00<?, ?it/s]Predicted melting temperature: [58.05181121826172]
  0%|          | 0/1 [00:00<?, ?it/s]
100%|██████████| 1/1 [00:01<00:00,  1.10s/it]  0%|          | 0/1 [00:00<?, ?it/s]100%|██████████| 1/1 [00:01<00:00,  1.08s/it]100%|██████████| 1/1 [00:00<00:00,  1.26it/s]100%|██████████| 1/1 [00:01<00:00,  1.20s/it]100%|██████████| 1/1 [00:01<00:00,  1.18s/it]100%|██████████| 1/1 [00:00<00:00,  1.12it/s]
100%|██████████| 1/1 [00:01<00:00,  1.30s/it]
100%|██████████| 1/1 [00:01<00:00,  1.11s/it]

Predicted melting temperature: [67.82585144042969]
100%|██████████| 1/1 [00:01<00:00,  1.13s/it]  0%|          | 0/1 [00:00<?, ?it/s]Predicted melting temperature: [58.17364501953125]

  0%|          | 0/1 [00:00<?, ?it/s]Predicted melting temperature: [54.841312408447266]
  seed_116 arm=t2_ph pH=7.4 target=占位 char   Tm=56.66  replicas=[60.3, 54.8, 54.8]
Predicted melting temperature: [51.207515716552734]
Predicted melting temperature: [52.04094314575195]
Predicted melting temperature: [72.23946380615234]
  0%|          | 0/1 [00:00<?, ?it/s]  0%|          | 0/1 [00:00<?, ?it/s]  0%|          | 0/1 [00:00<?, ?it/s]  0%|          | 0/1 [00:00<?, ?it/s]100%|██████████| 1/1 [00:01<00:00,  1.44s/it]100%|██████████| 1/1 [00:01<00:00,  1.44s/it]
100%|██████████| 1/1 [00:00<00:00,  1.17it/s]100%|██████████| 1/1 [00:00<00:00,  1.12it/s]100%|██████████| 1/1 [00:00<00:00,  1.00it/s]
100%|██████████| 1/1 [00:01<00:00,  1.03s/it]
Predicted melting temperature: [70.62379455566406]
  0%|          | 0/1 [00:00<?, ?it/s]Predicted melting temperature: [52.16312026977539]
  0%|          | 0/1 [00:00<?, ?it/s]Predicted melting temperature: [56.01606369018555]
  0%|          | 0/1 [00:00<?, ?it/s]100%|██████████| 1/1 [00:01<00:00,  1.15s/it]100%|██████████| 1/1 [00:01<00:00,  1.15s/it]
Predicted melting temperature: [57.237953186035156]
  0%|          | 0/1 [00:00<?, ?it/s]100%|██████████| 1/1 [00:01<00:00,  1.18s/it]100%|██████████| 1/1 [00:01<00:00,  1.23s/it]100%|██████████| 1/1 [00:01<00:00,  1.36s/it]
Predicted melting temperature: [56.01091003417969]
  seed_117 arm=t1_base pH=7.4 target=+0.0    Tm=63.17  replicas=[63.9, 69.6, 56.0]
100%|██████████| 1/1 [00:01<00:00,  1.37s/it]
  0%|          | 0/1 [00:00<?, ?it/s]Predicted melting temperature: [52.96847915649414]
  0%|          | 0/1 [00:00<?, ?it/s]100%|██████████| 1/1 [00:00<00:00,  1.03it/s]100%|██████████| 1/1 [00:00<00:00,  1.03it/s]
Predicted melting temperature: [55.75825119018555]
  seed_116 arm=t2_neg pH=7.4 target=-6.0 c   Tm=58.39  replicas=[61.4, 58.1, 55.8]
100%|██████████| 1/1 [00:01<00:00,  1.24s/it]  0%|          | 0/1 [00:00<?, ?it/s]100%|██████████| 1/1 [00:01<00:00,  1.26s/it]
Predicted melting temperature: [63.05940246582031]
  0%|          | 0/1 [00:00<?, ?it/s]100%|██████████| 1/1 [00:00<00:00,  1.16it/s]100%|██████████| 1/1 [00:00<00:00,  1.16it/s]
Predicted melting temperature: [56.23046112060547]
  seed_116 arm=t2_pos pH=7.4 target=+4.0 c   Tm=52.45  replicas=[49.9, 51.2, 56.2]
  0%|          | 0/1 [00:00<?, ?it/s]100%|██████████| 1/1 [00:01<00:00,  1.18s/it]100%|██████████| 1/1 [00:01<00:00,  1.18s/it]
Predicted melting temperature: [59.12678146362305]
  seed_116 arm=t2_neg pH=7.4 target=-5.0 c   Tm=64.82  replicas=[65.1, 70.3, 59.1]
  0%|          | 0/1 [00:00<?, ?it/s]100%|██████████| 1/1 [00:01<00:00,  1.20s/it]100%|██████████| 1/1 [00:01<00:00,  1.20s/it]
Predicted melting temperature: [57.94587326049805]
  0%|          | 0/1 [00:00<?, ?it/s]100%|██████████| 1/1 [00:01<00:00,  1.81s/it]100%|██████████| 1/1 [00:01<00:00,  1.82s/it]100%|██████████| 1/1 [00:01<00:00,  1.25s/it]
100%|██████████| 1/1 [00:01<00:00,  1.26s/it]
Predicted melting temperature: [46.18665313720703]
  seed_116 arm=t2_neg pH=7.4 target=+3.0 c   Tm=59.33  replicas=[59.1, 72.7, 46.2]
Predicted melting temperature: [67.86654663085938]
  0%|          | 0/1 [00:00<?, ?it/s]  0%|          | 0/1 [00:00<?, ?it/s]100%|██████████| 1/1 [00:01<00:00,  1.09s/it]100%|██████████| 1/1 [00:01<00:00,  1.10s/it]
Predicted melting temperature: [68.42237091064453]
  0%|          | 0/1 [00:00<?, ?it/s]100%|██████████| 1/1 [00:01<00:00,  1.83s/it]100%|██████████| 1/1 [00:01<00:00,  1.84s/it]
Predicted melting temperature: [74.57428741455078]
  0%|          | 0/1 [00:00<?, ?it/s]100%|██████████| 1/1 [00:01<00:00,  1.19s/it]100%|██████████| 1/1 [00:01<00:00,  1.20s/it]
Predicted melting temperature: [58.86610794067383]
  seed_117 arm=t2_pos pH=7.4 target=+5.0 c   Tm=66.92  replicas=[69.6, 72.2, 58.9]
  0%|          | 0/1 [00:00<?, ?it/s]100%|██████████| 1/1 [00:01<00:00,  1.37s/it]100%|██████████| 1/1 [00:01<00:00,  1.37s/it]
Predicted melting temperature: [57.58452606201172]
100%|██████████| 1/1 [00:01<00:00,  1.39s/it]100%|██████████| 1/1 [00:01<00:00,  1.40s/it]  0%|          | 0/1 [00:00<?, ?it/s]
Predicted melting temperature: [65.28733825683594]
  0%|          | 0/1 [00:00<?, ?it/s]100%|██████████| 1/1 [00:00<00:00,  1.74it/s]100%|██████████| 1/1 [00:00<00:00,  1.74it/s]
Predicted melting temperature: [56.24338912963867]
  0%|          | 0/1 [00:00<?, ?it/s]100%|██████████| 1/1 [00:00<00:00,  1.39it/s]100%|██████████| 1/1 [00:00<00:00,  1.39it/s]100%|██████████| 1/1 [00:01<00:00,  1.26s/it]
100%|██████████| 1/1 [00:01<00:00,  1.29s/it]100%|██████████| 1/1 [00:01<00:00,  1.51s/it]
100%|██████████| 1/1 [00:01<00:00,  1.54s/it]
Predicted melting temperature: [57.97647476196289]
Predicted melting temperature: [56.19328689575195]
  0%|          | 0/1 [00:00<?, ?it/s]  0%|          | 0/1 [00:00<?, ?it/s]Predicted melting temperature: [65.6588363647461]
  0%|          | 0/1 [00:00<?, ?it/s]100%|██████████| 1/1 [00:01<00:00,  1.60s/it]100%|██████████| 1/1 [00:01<00:00,  1.60s/it]
Predicted melting temperature: [82.50672912597656]
  0%|          | 0/1 [00:00<?, ?it/s]100%|██████████| 1/1 [00:01<00:00,  1.01s/it]100%|██████████| 1/1 [00:01<00:00,  1.02s/it]
Predicted melting temperature: [50.953895568847656]
  seed_116 arm=t2_ph pH=7.4 target=占位 char   Tm=56.05  replicas=[60.0, 57.2, 51.0]
  0%|          | 0/1 [00:00<?, ?it/s]100%|██████████| 1/1 [00:01<00:00,  1.02s/it]100%|██████████| 1/1 [00:01<00:00,  1.02s/it]
Predicted melting temperature: [63.51476287841797]
  0%|          | 0/1 [00:00<?, ?it/s]100%|██████████| 1/1 [00:01<00:00,  1.73s/it]100%|██████████| 1/1 [00:01<00:00,  1.73s/it]
Predicted melting temperature: [48.092254638671875]
  seed_115 arm=t2_pos pH=7.4 target=+13.0    Tm=61.41  replicas=[65.5, 70.6, 48.1]
  0%|          | 0/1 [00:00<?, ?it/s]100%|██████████| 1/1 [00:01<00:00,  1.19s/it]100%|██████████| 1/1 [00:01<00:00,  1.19s/it]
Predicted melting temperature: [60.38468933105469]
  seed_116 arm=t1_base pH=7.4 target=+9.0    Tm=58.80  replicas=[52.9, 63.1, 60.4]
  0%|          | 0/1 [00:00<?, ?it/s]100%|██████████| 1/1 [00:00<00:00,  1.61it/s]100%|██████████| 1/1 [00:00<00:00,  1.61it/s]
Predicted melting temperature: [60.57933044433594]
100%|██████████| 1/1 [00:01<00:00,  1.01s/it]100%|██████████| 1/1 [00:00<00:00,  1.68it/s]100%|██████████| 1/1 [00:01<00:00,  1.11s/it]100%|██████████| 1/1 [00:01<00:00,  1.50s/it]100%|██████████| 1/1 [00:01<00:00,  1.28s/it]100%|██████████| 1/1 [00:01<00:00,  1.02s/it]  0%|          | 0/1 [00:00<?, ?it/s]100%|██████████| 1/1 [00:01<00:00,  1.15s/it]100%|██████████| 1/1 [00:00<00:00,  1.43it/s]100%|██████████| 1/1 [00:01<00:00,  1.03s/it]
100%|██████████| 1/1 [00:01<00:00,  1.33s/it]
100%|██████████| 1/1 [00:01<00:00,  1.58s/it]
100%|██████████| 1/1 [00:01<00:00,  1.20s/it]


Predicted melting temperature: [62.012001037597656]
  seed_117 arm=t1_cond pH=7.4 target=+0.0    Tm=66.09  replicas=[67.8, 68.4, 62.0]
Predicted melting temperature: [57.42729187011719]
  0%|          | 0/1 [00:00<?, ?it/s]Predicted melting temperature: [72.20769500732422]
Predicted melting temperature: [64.84291076660156]
  0%|          | 0/1 [00:00<?, ?it/s]Predicted melting temperature: [64.6138916015625]
Predicted melting temperature: [55.299888610839844]
  0%|          | 0/1 [00:00<?, ?it/s]  0%|          | 0/1 [00:00<?, ?it/s]  0%|          | 0/1 [00:00<?, ?it/s]  0%|          | 0/1 [00:00<?, ?it/s]100%|██████████| 1/1 [00:01<00:00,  1.34s/it]100%|██████████| 1/1 [00:01<00:00,  1.34s/it]
Predicted melting temperature: [72.10124969482422]
  seed_117 arm=t2_ph pH=7.4 target=占位 char   Tm=63.01  replicas=[59.0, 57.9, 72.1]
  0%|          | 0/1 [00:00<?, ?it/s]100%|██████████| 1/1 [00:02<00:00,  2.13s/it]100%|██████████| 1/1 [00:02<00:00,  2.13s/it]
Predicted melting temperature: [57.203853607177734]
  0%|          | 0/1 [00:00<?, ?it/s]100%|██████████| 1/1 [00:01<00:00,  1.19s/it]100%|██████████| 1/1 [00:01<00:00,  1.19s/it]
Predicted melting temperature: [59.56961441040039]
  seed_115 arm=t2_pos pH=7.4 target=+14.0    Tm=61.01  replicas=[58.2, 65.3, 59.6]
  0%|          | 0/1 [00:00<?, ?it/s]100%|██████████| 1/1 [00:01<00:00,  1.27s/it]100%|██████████| 1/1 [00:01<00:00,  1.27s/it]
Predicted melting temperature: [72.63774108886719]
  0%|          | 0/1 [00:00<?, ?it/s]100%|██████████| 1/1 [00:01<00:00,  1.24s/it]100%|██████████| 1/1 [00:01<00:00,  1.24s/it]
Predicted melting temperature: [58.31940460205078]
  seed_117 arm=t1_base pH=7.4 target=-1.0    Tm=55.56  replicas=[52.2, 56.2, 58.3]
100%|██████████| 1/1 [00:01<00:00,  1.09s/it]100%|██████████| 1/1 [00:01<00:00,  1.82s/it]  0%|          | 0/1 [00:00<?, ?it/s]100%|██████████| 1/1 [00:01<00:00,  1.17s/it]
100%|██████████| 1/1 [00:01<00:00,  1.91s/it]
Predicted melting temperature: [72.06913757324219]
  0%|          | 0/1 [00:00<?, ?it/s]100%|██████████| 1/1 [00:01<00:00,  1.77s/it]100%|██████████| 1/1 [00:01<00:00,  1.78s/it]Predicted melting temperature: [73.92037963867188]
  0%|          | 0/1 [00:00<?, ?it/s]
Predicted melting temperature: [54.03791427612305]
  seed_115 arm=t1_cond pH=7.4 target=+8.0    Tm=66.09  replicas=[69.6, 74.6, 54.0]
100%|██████████| 1/1 [00:01<00:00,  1.36s/it]100%|██████████| 1/1 [00:01<00:00,  1.37s/it]  0%|          | 0/1 [00:00<?, ?it/s]
Predicted melting temperature: [70.32212829589844]
  0%|          | 0/1 [00:00<?, ?it/s]100%|██████████| 1/1 [00:00<00:00,  1.23it/s]100%|██████████| 1/1 [00:00<00:00,  1.23it/s]
Predicted melting temperature: [59.21152877807617]
  seed_117 arm=t2_neg pH=7.4 target=-6.0 c   Tm=58.21  replicas=[58.0, 57.4, 59.2]
  0%|          | 0/1 [00:00<?, ?it/s]100%|██████████| 1/1 [00:00<00:00,  1.01it/s]100%|██████████| 1/1 [00:00<00:00,  1.01it/s]
Predicted melting temperature: [53.62388610839844]
  seed_117 arm=t2_pos pH=7.4 target=+4.0 c   Tm=56.82  replicas=[56.2, 60.6, 53.6]
100%|██████████| 1/1 [00:01<00:00,  1.29s/it]100%|██████████| 1/1 [00:01<00:00,  1.31s/it]100%|██████████| 1/1 [00:01<00:00,  1.69s/it]  0%|          | 0/1 [00:00<?, ?it/s]
100%|██████████| 1/1 [00:01<00:00,  1.72s/it]100%|██████████| 1/1 [00:01<00:00,  1.62s/it]
Predicted melting temperature: [49.93239974975586]
  seed_116 arm=t2_neg pH=7.4 target=+4.0 c   Tm=55.88  replicas=[52.0, 65.7, 49.9]
100%|██████████| 1/1 [00:01<00:00,  1.33s/it]100%|██████████| 1/1 [00:01<00:00,  1.67s/it]Predicted melting temperature: [74.36807250976562]

100%|██████████| 1/1 [00:01<00:00,  1.39s/it]
  0%|          | 0/1 [00:00<?, ?it/s]  0%|          | 0/1 [00:00<?, ?it/s]Predicted melting temperature: [62.745731353759766]
Predicted melting temperature: [51.710201263427734]
  0%|          | 0/1 [00:00<?, ?it/s]  0%|          | 0/1 [00:00<?, ?it/s]100%|██████████| 1/1 [00:01<00:00,  1.14s/it]100%|██████████| 1/1 [00:01<00:00,  1.14s/it]100%|██████████| 1/1 [00:01<00:00,  1.09s/it]
100%|██████████| 1/1 [00:01<00:00,  1.10s/it]
Predicted melting temperature: [69.11890411376953]
100%|██████████| 1/1 [00:01<00:00,  1.16s/it]100%|██████████| 1/1 [00:01<00:00,  1.17s/it]  0%|          | 0/1 [00:00<?, ?it/s]
Predicted melting temperature: [63.34516906738281]
  0%|          | 0/1 [00:00<?, ?it/s]Predicted melting temperature: [65.98944854736328]
100%|██████████| 1/1 [00:01<00:00,  1.19s/it]100%|██████████| 1/1 [00:01<00:00,  1.22s/it]  0%|          | 0/1 [00:00<?, ?it/s]100%|██████████| 1/1 [00:01<00:00,  1.27s/it]
100%|██████████| 1/1 [00:01<00:00,  1.27s/it]
Predicted melting temperature: [72.66194152832031]
  0%|          | 0/1 [00:00<?, ?it/s]100%|██████████| 1/1 [00:01<00:00,  1.18s/it]100%|██████████| 1/1 [00:01<00:00,  1.18s/it]Predicted melting temperature: [75.6064682006836]

Predicted melting temperature: [57.53778839111328]
  seed_117 arm=t1_cond pH=7.4 target=-1.0    Tm=56.92  replicas=[56.0, 57.2, 57.5]
  0%|          | 0/1 [00:00<?, ?it/s]  0%|          | 0/1 [00:00<?, ?it/s]100%|██████████| 1/1 [00:01<00:00,  1.19s/it]100%|██████████| 1/1 [00:01<00:00,  1.19s/it]
Predicted melting temperature: [59.817806243896484]
  0%|          | 0/1 [00:00<?, ?it/s]100%|██████████| 1/1 [00:01<00:00,  1.09s/it]100%|██████████| 1/1 [00:01<00:00,  1.11s/it]
Predicted melting temperature: [53.394317626953125]
  seed_117 arm=t1_cond pH=7.4 target=+9.0    Tm=61.21  replicas=[57.6, 72.6, 53.4]
  0%|          | 0/1 [00:00<?, ?it/s]100%|██████████| 1/1 [00:01<00:00,  1.02s/it]100%|██████████| 1/1 [00:01<00:00,  1.02s/it]
Predicted melting temperature: [58.16919708251953]
  0%|          | 0/1 [00:00<?, ?it/s]100%|██████████| 1/1 [00:00<00:00,  1.23it/s]100%|██████████| 1/1 [00:00<00:00,  1.23it/s]
Predicted melting temperature: [62.49860763549805]
  0%|          | 0/1 [00:00<?, ?it/s]100%|██████████| 1/1 [00:01<00:00,  1.15s/it]100%|██████████| 1/1 [00:00<00:00,  1.36it/s]100%|██████████| 1/1 [00:00<00:00,  1.32it/s]
100%|██████████| 1/1 [00:01<00:00,  1.18s/it]
Predicted melting temperature: [57.93968963623047]
  seed_118 arm=t1_base pH=7.4 target=+0.0    Tm=64.51  replicas=[63.5, 72.1, 57.9]
Predicted melting temperature: [51.37395095825195]
  0%|          | 0/1 [00:00<?, ?it/s]100%|██████████| 1/1 [00:00<00:00,  1.47it/s]  0%|          | 0/1 [00:00<?, ?it/s]100%|██████████| 1/1 [00:00<00:00,  1.44it/s]
100%|██████████| 1/1 [00:01<00:00,  1.87s/it]Predicted melting temperature: [55.581424713134766]
  seed_117 arm=t2_neg pH=7.4 target=-5.0 c   Tm=63.10  replicas=[64.6, 69.1, 55.6]
100%|██████████| 1/1 [00:01<00:00,  1.88s/it]
Predicted melting temperature: [53.274173736572266]
  seed_115 arm=t2_ph pH=7.4 target=占位 char   Tm=53.85  replicas=[53.0, 55.3, 53.3]
  0%|          | 0/1 [00:00<?, ?it/s]100%|██████████| 1/1 [00:01<00:00,  1.11s/it]100%|██████████| 1/1 [00:01<00:00,  1.11s/it]
Predicted melting temperature: [69.21419525146484]
  seed_117 arm=t2_ph pH=7.4 target=占位 char   Tm=74.01  replicas=[82.5, 70.3, 69.2]
100%|██████████| 1/1 [00:00<00:00,  1.29it/s]  0%|          | 0/1 [00:00<?, ?it/s]100%|██████████| 1/1 [00:00<00:00,  1.26it/s]
  0%|          | 0/1 [00:00<?, ?it/s]Predicted melting temperature: [61.11680221557617]
  0%|          | 0/1 [00:00<?, ?it/s]100%|██████████| 1/1 [00:00<00:00,  1.03it/s]100%|██████████| 1/1 [00:00<00:00,  1.03it/s]
Predicted melting temperature: [59.072269439697266]
  0%|          | 0/1 [00:00<?, ?it/s]100%|██████████| 1/1 [00:01<00:00,  1.60s/it]100%|██████████| 1/1 [00:01<00:00,  1.60s/it]
Predicted melting temperature: [58.51008224487305]
  0%|          | 0/1 [00:00<?, ?it/s]100%|██████████| 1/1 [00:01<00:00,  1.09s/it]100%|██████████| 1/1 [00:01<00:00,  1.14s/it]100%|██████████| 1/1 [00:01<00:00,  1.07s/it]100%|██████████| 1/1 [00:01<00:00,  1.18s/it]100%|██████████| 1/1 [00:01<00:00,  1.69s/it]
100%|██████████| 1/1 [00:01<00:00,  1.35s/it]
Predicted melting temperature: [60.5070915222168]
  seed_118 arm=t2_pos pH=7.4 target=+5.0 c   Tm=68.46  replicas=[72.2, 72.7, 60.5]
Predicted melting temperature: [70.9686279296875]
  0%|          | 0/1 [00:00<?, ?it/s]  0%|          | 0/1 [00:00<?, ?it/s]100%|██████████| 1/1 [00:01<00:00,  1.84s/it]100%|██████████| 1/1 [00:01<00:00,  1.39s/it]
Predicted melting temperature: [67.49970245361328]

Predicted melting temperature: [46.794151306152344]
  seed_115 arm=t1_base pH=7.4 target=+8.0    Tm=62.86  replicas=[67.9, 73.9, 46.8]
  0%|          | 0/1 [00:00<?, ?it/s]100%|██████████| 1/1 [00:01<00:00,  1.23s/it]100%|██████████| 1/1 [00:01<00:00,  1.23s/it]  0%|          | 0/1 [00:00<?, ?it/s]
100%|██████████| 1/1 [00:01<00:00,  1.12s/it]100%|██████████| 1/1 [00:01<00:00,  1.12s/it]
Predicted melting temperature: [62.594078063964844]
  0%|          | 0/1 [00:00<?, ?it/s]Predicted melting temperature: [65.01409912109375]
  0%|          | 0/1 [00:00<?, ?it/s]100%|██████████| 1/1 [00:00<00:00,  1.13it/s]100%|██████████| 1/1 [00:00<00:00,  1.11it/s]
Predicted melting temperature: [57.642513275146484]
  0%|          | 0/1 [00:00<?, ?it/s]100%|██████████| 1/1 [00:01<00:00,  1.38s/it]100%|██████████| 1/1 [00:00<00:00,  1.10it/s]100%|██████████| 1/1 [00:01<00:00,  1.45s/it]100%|██████████| 1/1 [00:00<00:00,  1.05it/s]

Predicted melting temperature: [58.29834747314453]
  seed_117 arm=t2_neg pH=7.4 target=+3.0 c   Tm=66.25  replicas=[64.8, 75.6, 58.3]
Predicted melting temperature: [57.21891784667969]
  0%|          | 0/1 [00:00<?, ?it/s]100%|██████████| 1/1 [00:01<00:00,  1.75s/it]100%|██████████| 1/1 [00:01<00:00,  1.76s/it]  0%|          | 0/1 [00:00<?, ?it/s]
Predicted melting temperature: [55.51243209838867]
  0%|          | 0/1 [00:00<?, ?it/s]100%|██████████| 1/1 [00:01<00:00,  1.34s/it]100%|██████████| 1/1 [00:01<00:00,  1.34s/it]
100%|██████████| 1/1 [00:01<00:00,  1.04s/it]100%|██████████| 1/1 [00:01<00:00,  1.05s/it]Predicted melting temperature: [55.96641159057617]

  0%|          | 0/1 [00:00<?, ?it/s]Predicted melting temperature: [63.10487365722656]
  0%|          | 0/1 [00:00<?, ?it/s]100%|██████████| 1/1 [00:01<00:00,  1.87s/it]100%|██████████| 1/1 [00:01<00:00,  1.90s/it]100%|██████████| 1/1 [00:01<00:00,  1.12s/it]
100%|██████████| 1/1 [00:01<00:00,  1.13s/it]Predicted melting temperature: [75.22525024414062]
  0%|          | 0/1 [00:00<?, ?it/s]100%|██████████| 1/1 [00:01<00:00,  1.10s/it]
100%|██████████| 1/1 [00:01<00:00,  1.45s/it]100%|██████████| 1/1 [00:01<00:00,  1.46s/it]
100%|██████████| 1/1 [00:01<00:00,  1.16s/it]
Predicted melting temperature: [49.58567810058594]
  seed_117 arm=t1_base pH=7.4 target=+9.0    Tm=54.14  replicas=[51.7, 61.1, 49.6]
Predicted melting temperature: [64.65653228759766]
Predicted melting temperature: [61.30036926269531]
  0%|          | 0/1 [00:00<?, ?it/s]  0%|          | 0/1 [00:00<?, ?it/s]  0%|          | 0/1 [00:00<?, ?it/s]100%|██████████| 1/1 [00:00<00:00,  1.16it/s]100%|██████████| 1/1 [00:00<00:00,  1.14it/s]
Predicted melting temperature: [76.0932388305664]
  seed_118 arm=t2_ph pH=7.4 target=占位 char   Tm=66.17  replicas=[63.3, 59.1, 76.1]
  0%|          | 0/1 [00:00<?, ?it/s]100%|██████████| 1/1 [00:00<00:00,  1.44it/s]100%|██████████| 1/1 [00:00<00:00,  1.44it/s]
Predicted melting temperature: [56.05278778076172]
  seed_118 arm=t2_neg pH=7.4 target=-6.0 c   Tm=58.73  replicas=[62.5, 57.6, 56.1]
100%|██████████| 1/1 [00:00<00:00,  1.77it/s]100%|██████████| 1/1 [00:00<00:00,  1.74it/s]
Predicted melting temperature: [56.93133544921875]
  seed_118 arm=t2_pos pH=7.4 target=+4.0 c   Tm=55.17  replicas=[51.4, 57.2, 56.9]
  0%|          | 0/1 [00:00<?, ?it/s]  0%|          | 0/1 [00:00<?, ?it/s]100%|██████████| 1/1 [00:01<00:00,  1.67s/it]100%|██████████| 1/1 [00:01<00:00,  1.67s/it]
Predicted melting temperature: [58.36902618408203]
  0%|          | 0/1 [00:00<?, ?it/s]100%|██████████| 1/1 [00:01<00:00,  1.75s/it]100%|██████████| 1/1 [00:01<00:00,  1.75s/it]100%|██████████| 1/1 [00:01<00:00,  1.01s/it]
100%|██████████| 1/1 [00:01<00:00,  1.01s/it]
100%|██████████| 1/1 [00:01<00:00,  1.10s/it]100%|██████████| 1/1 [00:01<00:00,  1.10s/it]
Predicted melting temperature: [59.792213439941406]
  seed_117 arm=t2_ph pH=7.4 target=占位 char   Tm=63.35  replicas=[62.7, 67.5, 59.8]
Predicted melting temperature: [53.49060821533203]
  0%|          | 0/1 [00:00<?, ?it/s]Predicted melting temperature: [57.3475341796875]
  0%|          | 0/1 [00:00<?, ?it/s]  0%|          | 0/1 [00:00<?, ?it/s]100%|██████████| 1/1 [00:01<00:00,  1.05s/it]100%|██████████| 1/1 [00:01<00:00,  1.07s/it]100%|██████████| 1/1 [00:01<00:00,  1.24s/it]
100%|██████████| 1/1 [00:01<00:00,  1.25s/it]
Predicted melting temperature: [61.93931579589844]
  seed_118 arm=t1_cond pH=7.4 target=+0.0    Tm=66.30  replicas=[66.0, 71.0, 61.9]
Predicted melting temperature: [51.78162384033203]
  seed_116 arm=t2_pos pH=7.4 target=+14.0    Tm=58.87  replicas=[59.8, 65.0, 51.8]
  0%|          | 0/1 [00:00<?, ?it/s]  0%|          | 0/1 [00:00<?, ?it/s]100%|██████████| 1/1 [00:01<00:00,  1.06s/it]100%|██████████| 1/1 [00:01<00:00,  1.07s/it]
Predicted melting temperature: [76.75611114501953]
  0%|          | 0/1 [00:00<?, ?it/s]100%|██████████| 1/1 [00:01<00:00,  1.01s/it]100%|██████████| 1/1 [00:01<00:00,  1.01s/it]
100%|██████████| 1/1 [00:01<00:00,  1.11s/it]100%|██████████| 1/1 [00:01<00:00,  1.13s/it]100%|██████████| 1/1 [00:01<00:00,  1.06s/it]Predicted melting temperature: [64.4549560546875]
100%|██████████| 1/1 [00:00<00:00,  1.71it/s]100%|██████████| 1/1 [00:01<00:00,  1.65s/it]
  0%|          | 0/1 [00:00<?, ?it/s]100%|██████████| 1/1 [00:00<00:00,  1.62it/s]100%|██████████| 1/1 [00:01<00:00,  1.10s/it]
100%|██████████| 1/1 [00:01<00:00,  1.68s/it]
100%|██████████| 1/1 [00:00<00:00,  1.09it/s]Predicted melting temperature: [69.86014556884766]

  0%|          | 0/1 [00:00<?, ?it/s]Predicted melting temperature: [51.17655563354492]
100%|██████████| 1/1 [00:00<00:00,  1.07it/s]  0%|          | 0/1 [00:00<?, ?it/s]100%|██████████| 1/1 [00:00<00:00,  1.05it/s]Predicted melting temperature: [72.62374877929688]

  0%|          | 0/1 [00:00<?, ?it/s]100%|██████████| 1/1 [00:00<00:00,  1.06it/s]Predicted melting temperature: [69.06661987304688]
Predicted melting temperature: [64.80948638916016]

100%|██████████| 1/1 [00:00<00:00,  1.36it/s]  0%|          | 0/1 [00:00<?, ?it/s]  0%|          | 0/1 [00:00<?, ?it/s]100%|██████████| 1/1 [00:00<00:00,  1.32it/s]
Predicted melting temperature: [71.75950622558594]
  0%|          | 0/1 [00:00<?, ?it/s]Predicted melting temperature: [53.88481903076172]
100%|██████████| 1/1 [00:01<00:00,  1.04s/it]  0%|          | 0/1 [00:00<?, ?it/s]100%|██████████| 1/1 [00:01<00:00,  1.05s/it]100%|██████████| 1/1 [00:01<00:00,  1.10s/it]
100%|██████████| 1/1 [00:01<00:00,  1.11s/it]
Predicted melting temperature: [56.801414489746094]
  seed_118 arm=t1_base pH=7.4 target=-1.0    Tm=58.76  replicas=[58.2, 61.3, 56.8]
Predicted melting temperature: [64.04500579833984]
  0%|          | 0/1 [00:00<?, ?it/s]  0%|          | 0/1 [00:00<?, ?it/s]100%|██████████| 1/1 [00:01<00:00,  1.69s/it]100%|██████████| 1/1 [00:01<00:00,  1.69s/it]
Predicted melting temperature: [68.75312042236328]
  0%|          | 0/1 [00:00<?, ?it/s]100%|██████████| 1/1 [00:01<00:00,  1.89s/it]100%|██████████| 1/1 [00:01<00:00,  1.89s/it]
Predicted melting temperature: [70.62873077392578]
  0%|          | 0/1 [00:00<?, ?it/s]100%|██████████| 1/1 [00:01<00:00,  1.52s/it]100%|██████████| 1/1 [00:01<00:00,  1.52s/it]
Predicted melting temperature: [67.3382568359375]
  seed_116 arm=t2_pos pH=7.4 target=+13.0    Tm=72.31  replicas=[74.4, 75.2, 67.3]
  0%|          | 0/1 [00:00<?, ?it/s]100%|██████████| 1/1 [00:01<00:00,  1.13s/it]100%|██████████| 1/1 [00:01<00:00,  1.14s/it]
100%|██████████| 1/1 [00:00<00:00,  1.55it/s]100%|██████████| 1/1 [00:00<00:00,  1.54it/s]100%|██████████| 1/1 [00:00<00:00,  1.26it/s]
100%|██████████| 1/1 [00:00<00:00,  1.25it/s]
Predicted melting temperature: [61.429439544677734]
Predicted melting temperature: [57.52842712402344]
  0%|          | 0/1 [00:00<?, ?it/s]  0%|          | 0/1 [00:00<?, ?it/s]100%|██████████| 1/1 [00:01<00:00,  1.11s/it]Predicted melting temperature: [59.017337799072266]
  0%|          | 0/1 [00:00<?, ?it/s]100%|██████████| 1/1 [00:01<00:00,  1.12s/it]
Predicted melting temperature: [69.7509536743164]
  0%|          | 0/1 [00:00<?, ?it/s]100%|██████████| 1/1 [00:01<00:00,  1.24s/it]100%|██████████| 1/1 [00:01<00:00,  1.26s/it]
Predicted melting temperature: [61.1439208984375]
  seed_118 arm=t1_cond pH=7.4 target=-1.0    Tm=60.36  replicas=[62.6, 57.3, 61.1]
  0%|          | 0/1 [00:00<?, ?it/s]100%|██████████| 1/1 [00:01<00:00,  1.11s/it]100%|██████████| 1/1 [00:01<00:00,  1.11s/it]
Predicted melting temperature: [77.13028717041016]
  0%|          | 0/1 [00:00<?, ?it/s]100%|██████████| 1/1 [00:00<00:00,  1.12it/s]100%|██████████| 1/1 [00:00<00:00,  1.09it/s]
Predicted melting temperature: [56.78154373168945]
  seed_119 arm=t1_base pH=7.4 target=+0.0    Tm=64.40  replicas=[64.7, 71.8, 56.8]
  0%|          | 0/1 [00:00<?, ?it/s]100%|██████████| 1/1 [00:01<00:00,  1.40s/it]100%|██████████| 1/1 [00:01<00:00,  1.40s/it]
Predicted melting temperature: [54.5946044921875]
100%|██████████| 1/1 [00:01<00:00,  1.18s/it]  0%|          | 0/1 [00:00<?, ?it/s]100%|██████████| 1/1 [00:01<00:00,  1.18s/it]
Predicted melting temperature: [55.61001205444336]
  seed_118 arm=t2_neg pH=7.4 target=-5.0 c   Tm=61.06  replicas=[63.1, 64.5, 55.6]
  0%|          | 0/1 [00:00<?, ?it/s]100%|██████████| 1/1 [00:01<00:00,  1.64s/it]100%|██████████| 1/1 [00:01<00:00,  1.64s/it]
100%|██████████| 1/1 [00:01<00:00,  1.25s/it]Predicted melting temperature: [54.5489501953125]
  0%|          | 0/1 [00:00<?, ?it/s]100%|██████████| 1/1 [00:01<00:00,  1.28s/it]
Predicted melting temperature: [52.004844665527344]
  seed_117 arm=t2_neg pH=7.4 target=+4.0 c   Tm=59.13  replicas=[55.5, 69.9, 52.0]
  0%|          | 0/1 [00:00<?, ?it/s]100%|██████████| 1/1 [00:01<00:00,  1.79s/it]100%|██████████| 1/1 [00:01<00:00,  1.79s/it]
Predicted melting temperature: [53.328216552734375]
  0%|          | 0/1 [00:00<?, ?it/s]100%|██████████| 1/1 [00:01<00:00,  1.27s/it]100%|██████████| 1/1 [00:01<00:00,  1.27s/it]
Predicted melting temperature: [73.35230255126953]
  0%|          | 0/1 [00:00<?, ?it/s]100%|██████████| 1/1 [00:01<00:00,  1.27s/it]100%|██████████| 1/1 [00:01<00:00,  1.27s/it]
Predicted melting temperature: [52.0163459777832]
100%|██████████| 1/1 [00:00<00:00,  1.42it/s]  0%|          | 0/1 [00:00<?, ?it/s]100%|██████████| 1/1 [00:00<00:00,  1.41it/s]
Predicted melting temperature: [56.29399871826172]
  seed_119 arm=t2_neg pH=7.4 target=-6.0 c   Tm=55.90  replicas=[53.9, 57.5, 56.3]
  0%|          | 0/1 [00:00<?, ?it/s]100%|██████████| 1/1 [00:01<00:00,  1.37s/it]100%|██████████| 1/1 [00:01<00:00,  1.19s/it]100%|██████████| 1/1 [00:00<00:00,  1.33it/s]100%|██████████| 1/1 [00:01<00:00,  1.19s/it]
100%|██████████| 1/1 [00:00<00:00,  1.33it/s]
Predicted melting temperature: [54.69667053222656]
  seed_119 arm=t2_pos pH=7.4 target=+4.0 c   Tm=54.96  replicas=[51.2, 59.0, 54.7]
100%|██████████| 1/1 [00:01<00:00,  1.39s/it]
  0%|          | 0/1 [00:00<?, ?it/s]Predicted melting temperature: [72.59391784667969]
  0%|          | 0/1 [00:00<?, ?it/s]Predicted melting temperature: [57.83867645263672]
  0%|          | 0/1 [00:00<?, ?it/s]100%|██████████| 1/1 [00:01<00:00,  1.59s/it]100%|██████████| 1/1 [00:01<00:00,  1.59s/it]
Predicted melting temperature: [73.21501159667969]
  0%|          | 0/1 [00:00<?, ?it/s]100%|██████████| 1/1 [00:01<00:00,  1.74s/it]100%|██████████| 1/1 [00:01<00:00,  1.75s/it]100%|██████████| 1/1 [00:01<00:00,  1.77s/it]100%|██████████| 1/1 [00:01<00:00,  1.78s/it]

Predicted melting temperature: [49.253135681152344]
  seed_116 arm=t1_cond pH=7.4 target=+8.0    Tm=60.13  replicas=[58.5, 72.6, 49.3]
Predicted melting temperature: [54.84129333496094]
  seed_118 arm=t1_cond pH=7.4 target=+9.0    Tm=59.96  replicas=[56.0, 69.1, 54.8]
100%|██████████| 1/1 [00:00<00:00,  1.15it/s]100%|██████████| 1/1 [00:00<00:00,  1.14it/s]
Predicted melting temperature: [62.91546630859375]
  seed_118 arm=t2_neg pH=7.4 target=+3.0 c   Tm=72.27  replicas=[76.8, 77.1, 62.9]
  0%|          | 0/1 [00:00<?, ?it/s]  0%|          | 0/1 [00:00<?, ?it/s]  0%|          | 0/1 [00:00<?, ?it/s]100%|██████████| 1/1 [00:01<00:00,  1.00s/it]100%|██████████| 1/1 [00:01<00:00,  1.02s/it]100%|██████████| 1/1 [00:01<00:00,  1.08s/it]
100%|██████████| 1/1 [00:01<00:00,  1.10s/it]
100%|██████████| 1/1 [00:00<00:00,  1.15it/s]100%|██████████| 1/1 [00:00<00:00,  1.04it/s]Predicted melting temperature: [49.534637451171875]
Predicted melting temperature: [65.97406005859375]

  0%|          | 0/1 [00:00<?, ?it/s]  0%|          | 0/1 [00:00<?, ?it/s]Predicted melting temperature: [65.16069030761719]
  0%|          | 0/1 [00:00<?, ?it/s]100%|██████████| 1/1 [00:01<00:00,  1.63s/it]100%|██████████| 1/1 [00:01<00:00,  1.63s/it]
Predicted melting temperature: [68.9361343383789]
  0%|          | 0/1 [00:00<?, ?it/s]100%|██████████| 1/1 [00:01<00:00,  1.34s/it]100%|██████████| 1/1 [00:01<00:00,  1.35s/it]
Predicted melting temperature: [53.81657409667969]
  0%|          | 0/1 [00:00<?, ?it/s]100%|██████████| 1/1 [00:00<00:00,  1.49it/s]100%|██████████| 1/1 [00:00<00:00,  1.49it/s]
100%|██████████| 1/1 [00:01<00:00,  1.17s/it]100%|██████████| 1/1 [00:01<00:00,  1.17s/it]
Predicted melting temperature: [61.461639404296875]
  0%|          | 0/1 [00:00<?, ?it/s]Predicted melting temperature: [68.15333557128906]
  0%|          | 0/1 [00:00<?, ?it/s]100%|██████████| 1/1 [00:01<00:00,  1.25s/it]100%|██████████| 1/1 [00:01<00:00,  1.25s/it]
Predicted melting temperature: [61.594642639160156]
  0%|          | 0/1 [00:00<?, ?it/s]100%|██████████| 1/1 [00:01<00:00,  1.14s/it]100%|██████████| 1/1 [00:01<00:00,  1.14s/it]
Predicted melting temperature: [65.4151382446289]
  seed_118 arm=t2_ph pH=7.4 target=占位 char   Tm=59.04  replicas=[58.4, 53.3, 65.4]
  0%|          | 0/1 [00:00<?, ?it/s]100%|██████████| 1/1 [00:00<00:00,  1.01it/s]100%|██████████| 1/1 [00:00<00:00,  1.01it/s]
Predicted melting temperature: [50.28182601928711]
  0%|          | 0/1 [00:00<?, ?it/s]100%|██████████| 1/1 [00:01<00:00,  1.19s/it]100%|██████████| 1/1 [00:01<00:00,  1.19s/it]
Predicted melting temperature: [58.03935241699219]
  seed_118 arm=t1_base pH=7.4 target=+9.0    Tm=65.40  replicas=[64.8, 73.4, 58.0]
  0%|          | 0/1 [00:00<?, ?it/s]100%|██████████| 1/1 [00:01<00:00,  1.11s/it]100%|██████████| 1/1 [00:01<00:00,  1.11s/it]
Predicted melting temperature: [63.231201171875]
  seed_119 arm=t2_pos pH=7.4 target=+5.0 c   Tm=68.82  replicas=[70.6, 72.6, 63.2]
  0%|          | 0/1 [00:00<?, ?it/s]100%|██████████| 1/1 [00:01<00:00,  1.42s/it]100%|██████████| 1/1 [00:01<00:00,  1.43s/it]
Predicted melting temperature: [52.8629264831543]
  0%|          | 0/1 [00:00<?, ?it/s]100%|██████████| 1/1 [00:01<00:00,  1.31s/it]100%|██████████| 1/1 [00:01<00:00,  1.31s/it]
Predicted melting temperature: [56.704429626464844]
  seed_119 arm=t2_ph pH=7.4 target=占位 char   Tm=59.53  replicas=[64.0, 57.8, 56.7]
  0%|          | 0/1 [00:00<?, ?it/s]100%|██████████| 1/1 [00:01<00:00,  1.01s/it]100%|██████████| 1/1 [00:01<00:00,  1.01s/it]
100%|██████████| 1/1 [00:01<00:00,  1.47s/it]100%|██████████| 1/1 [00:00<00:00,  1.79it/s]100%|██████████| 1/1 [00:00<00:00,  1.75it/s]100%|██████████| 1/1 [00:01<00:00,  1.62s/it]
Predicted melting temperature: [79.28108215332031]

  0%|          | 0/1 [00:00<?, ?it/s]Predicted melting temperature: [54.03245544433594]
Predicted melting temperature: [59.015586853027344]
  0%|          | 0/1 [00:00<?, ?it/s]  0%|          | 0/1 [00:00<?, ?it/s]100%|██████████| 1/1 [00:01<00:00,  1.35s/it]100%|██████████| 1/1 [00:01<00:00,  1.35s/it]
Predicted melting temperature: [53.6928825378418]
  0%|          | 0/1 [00:00<?, ?it/s]100%|██████████| 1/1 [00:01<00:00,  1.11s/it]100%|██████████| 1/1 [00:01<00:00,  1.12s/it]100%|██████████| 1/1 [00:02<00:00,  2.06s/it]
Predicted melting temperature: [54.57465744018555]
  seed_118 arm=t2_ph pH=7.4 target=占位 char   Tm=56.61  replicas=[61.4, 53.8, 54.6]
100%|██████████| 1/1 [00:01<00:00,  1.27s/it]100%|██████████| 1/1 [00:01<00:00,  1.31s/it]100%|██████████| 1/1 [00:01<00:00,  1.33s/it]100%|██████████| 1/1 [00:02<00:00,  2.13s/it]

  0%|          | 0/1 [00:00<?, ?it/s]100%|██████████| 1/1 [00:01<00:00,  1.36s/it]Predicted melting temperature: [71.09796142578125]
Predicted melting temperature: [53.06162643432617]
  seed_116 arm=t2_ph pH=7.4 target=占位 char   Tm=53.70  replicas=[53.5, 54.5, 53.1]

100%|██████████| 1/1 [00:01<00:00,  1.60s/it]100%|██████████| 1/1 [00:01<00:00,  1.62s/it]Predicted melting temperature: [62.38495635986328]
  seed_119 arm=t1_cond pH=7.4 target=+0.0    Tm=66.04  replicas=[69.8, 66.0, 62.4]
  0%|          | 0/1 [00:00<?, ?it/s]  0%|          | 0/1 [00:00<?, ?it/s]100%|██████████| 1/1 [00:01<00:00,  1.15s/it]
100%|██████████| 1/1 [00:01<00:00,  1.18s/it]Predicted melting temperature: [54.9248046875]
  seed_116 arm=t1_base pH=7.4 target=+8.0    Tm=65.63  replicas=[68.8, 73.2, 54.9]

  0%|          | 0/1 [00:00<?, ?it/s]100%|██████████| 1/1 [00:01<00:00,  1.63s/it]  0%|          | 0/1 [00:00<?, ?it/s]100%|██████████| 1/1 [00:01<00:00,  1.63s/it]
Predicted melting temperature: [60.22785186767578]
  0%|          | 0/1 [00:00<?, ?it/s]Predicted melting temperature: [71.60853576660156]
  0%|          | 0/1 [00:00<?, ?it/s]100%|██████████| 1/1 [00:01<00:00,  1.18s/it]100%|██████████| 1/1 [00:01<00:00,  1.18s/it]
Predicted melting temperature: [63.80360412597656]
  0%|          | 0/1 [00:00<?, ?it/s]100%|██████████| 1/1 [00:01<00:00,  1.05s/it]100%|██████████| 1/1 [00:00<00:00,  2.05it/s]100%|██████████| 1/1 [00:00<00:00,  2.03it/s]
100%|██████████| 1/1 [00:01<00:00,  1.07s/it]
Predicted melting temperature: [58.17278289794922]
  seed_120 arm=t2_pos pH=7.4 target=+4.0 c   Tm=54.16  replicas=[50.3, 54.0, 58.2]
  0%|          | 0/1 [00:00<?, ?it/s]Predicted melting temperature: [80.27556610107422]
  0%|          | 0/1 [00:00<?, ?it/s]100%|██████████| 1/1 [00:01<00:00,  1.80s/it]100%|██████████| 1/1 [00:01<00:00,  1.80s/it]
Predicted melting temperature: [56.805747985839844]
  0%|          | 0/1 [00:00<?, ?it/s]100%|██████████| 1/1 [00:01<00:00,  1.01s/it]100%|██████████| 1/1 [00:01<00:00,  1.02s/it]
100%|██████████| 1/1 [00:01<00:00,  1.23s/it]100%|██████████| 1/1 [00:01<00:00,  1.79s/it]100%|██████████| 1/1 [00:01<00:00,  1.86s/it]100%|██████████| 1/1 [00:01<00:00,  1.58s/it]
Predicted melting temperature: [54.422550201416016]
  0%|          | 0/1 [00:00<?, ?it/s]100%|██████████| 1/1 [00:01<00:00,  1.30s/it]100%|██████████| 1/1 [00:01<00:00,  1.65s/it]

Predicted melting temperature: [55.98466110229492]
  seed_117 arm=t2_pos pH=7.4 target=+14.0    Tm=59.58  replicas=[54.6, 68.2, 56.0]
Predicted melting temperature: [67.42731475830078]
  0%|          | 0/1 [00:00<?, ?it/s]Predicted melting temperature: [74.59878540039062]
  0%|          | 0/1 [00:00<?, ?it/s]  0%|          | 0/1 [00:00<?, ?it/s]100%|██████████| 1/1 [00:01<00:00,  1.54s/it]100%|██████████| 1/1 [00:01<00:00,  1.54s/it]
Predicted melting temperature: [56.74876022338867]
  0%|          | 0/1 [00:00<?, ?it/s]100%|██████████| 1/1 [00:01<00:00,  1.06s/it]100%|██████████| 1/1 [00:01<00:00,  1.06s/it]
100%|██████████| 1/1 [00:00<00:00,  1.33it/s]100%|██████████| 1/1 [00:00<00:00,  1.32it/s]Predicted melting temperature: [77.76842498779297]

Predicted melting temperature: [59.376041412353516]
  seed_120 arm=t2_neg pH=7.4 target=-6.0 c   Tm=60.36  replicas=[61.5, 60.2, 59.4]
  0%|          | 0/1 [00:00<?, ?it/s]  0%|          | 0/1 [00:00<?, ?it/s]100%|██████████| 1/1 [00:01<00:00,  1.16s/it]100%|██████████| 1/1 [00:01<00:00,  1.17s/it]100%|██████████| 1/1 [00:00<00:00,  1.52it/s]
Predicted melting temperature: [56.42974090576172]
  seed_119 arm=t1_base pH=7.4 target=-1.0    Tm=55.82  replicas=[52.0, 59.0, 56.4]
100%|██████████| 1/1 [00:00<00:00,  1.50it/s]
Predicted melting temperature: [63.11895751953125]
  0%|          | 0/1 [00:00<?, ?it/s]  0%|          | 0/1 [00:00<?, ?it/s]100%|██████████| 1/1 [00:01<00:00,  1.14s/it]100%|██████████| 1/1 [00:01<00:00,  1.15s/it]
Predicted melting temperature: [59.481197357177734]
  0%|          | 0/1 [00:00<?, ?it/s]100%|██████████| 1/1 [00:01<00:00,  1.65s/it]100%|██████████| 1/1 [00:01<00:00,  1.75s/it]
Predicted melting temperature: [64.1360855102539]
  0%|          | 0/1 [00:00<?, ?it/s]100%|██████████| 1/1 [00:01<00:00,  1.10s/it]100%|██████████| 1/1 [00:01<00:00,  1.10s/it]
100%|██████████| 1/1 [00:01<00:00,  1.12s/it]Predicted melting temperature: [64.92744445800781]
  0%|          | 0/1 [00:00<?, ?it/s]100%|██████████| 1/1 [00:01<00:00,  1.15s/it]
Predicted melting temperature: [58.61334991455078]
  seed_120 arm=t1_base pH=7.4 target=+0.0    Tm=64.96  replicas=[65.2, 71.1, 58.6]
  0%|          | 0/1 [00:00<?, ?it/s]100%|██████████| 1/1 [00:01<00:00,  1.01s/it]100%|██████████| 1/1 [00:01<00:00,  1.02s/it]
Predicted melting temperature: [55.888675689697266]
  seed_119 arm=t2_neg pH=7.4 target=-5.0 c   Tm=60.43  replicas=[61.6, 63.8, 55.9]
  0%|          | 0/1 [00:00<?, ?it/s]100%|██████████| 1/1 [00:01<00:00,  1.17s/it]100%|██████████| 1/1 [00:01<00:00,  1.17s/it]
Predicted melting temperature: [75.88021087646484]
  0%|          | 0/1 [00:00<?, ?it/s]100%|██████████| 1/1 [00:01<00:00,  1.49s/it]100%|██████████| 1/1 [00:01<00:00,  1.49s/it]
Predicted melting temperature: [59.07770538330078]
  0%|          | 0/1 [00:00<?, ?it/s]100%|██████████| 1/1 [00:00<00:00,  1.08it/s]100%|██████████| 1/1 [00:00<00:00,  1.08it/s]
100%|██████████| 1/1 [00:01<00:00,  1.58s/it]100%|██████████| 1/1 [00:01<00:00,  1.58s/it]
Predicted melting temperature: [60.762264251708984]
  0%|          | 0/1 [00:00<?, ?it/s]Predicted melting temperature: [78.4461441040039]
  0%|          | 0/1 [00:00<?, ?it/s]100%|██████████| 1/1 [00:01<00:00,  1.20s/it]100%|██████████| 1/1 [00:01<00:00,  1.20s/it]100%|██████████| 1/1 [00:01<00:00,  1.65s/it]
100%|██████████| 1/1 [00:00<00:00,  1.12it/s]100%|██████████| 1/1 [00:01<00:00,  1.66s/it]
100%|██████████| 1/1 [00:00<00:00,  1.11it/s]
100%|██████████| 1/1 [00:01<00:00,  1.71s/it]Predicted melting temperature: [75.06475830078125]
Predicted melting temperature: [70.86309814453125]
Predicted melting temperature: [69.99897766113281]
  0%|          | 0/1 [00:00<?, ?it/s]  0%|          | 0/1 [00:00<?, ?it/s]100%|██████████| 1/1 [00:01<00:00,  1.74s/it]  0%|          | 0/1 [00:00<?, ?it/s]
Predicted melting temperature: [64.21025848388672]
  0%|          | 0/1 [00:00<?, ?it/s]100%|██████████| 1/1 [00:01<00:00,  1.34s/it]100%|██████████| 1/1 [00:01<00:00,  1.34s/it]100%|██████████| 1/1 [00:01<00:00,  1.42s/it]100%|██████████| 1/1 [00:01<00:00,  1.58s/it]
100%|██████████| 1/1 [00:01<00:00,  1.13s/it]100%|██████████| 1/1 [00:01<00:00,  1.13s/it]100%|██████████| 1/1 [00:01<00:00,  1.26s/it]100%|██████████| 1/1 [00:01<00:00,  1.63s/it]100%|██████████| 1/1 [00:01<00:00,  1.24s/it]100%|██████████| 1/1 [00:01<00:00,  1.02s/it]100%|██████████| 1/1 [00:01<00:00,  1.01s/it]100%|██████████| 1/1 [00:01<00:00,  1.18s/it]100%|██████████| 1/1 [00:00<00:00,  1.81it/s]100%|██████████| 1/1 [00:02<00:00,  2.82s/it]100%|██████████| 1/1 [00:01<00:00,  1.13s/it]100%|██████████| 1/1 [00:02<00:00,  2.42s/it]
100%|██████████| 1/1 [00:00<00:00,  1.03it/s]
100%|██████████| 1/1 [00:00<00:00,  1.05it/s]100%|██████████| 1/1 [00:01<00:00,  1.15s/it]100%|██████████| 1/1 [00:02<00:00,  2.49s/it]
100%|██████████| 1/1 [00:01<00:00,  1.72s/it]100%|██████████| 1/1 [00:01<00:00,  1.36s/it]100%|██████████| 1/1 [00:02<00:00,  2.37s/it]
100%|██████████| 1/1 [00:02<00:00,  2.79s/it]
Predicted melting temperature: [63.976463317871094]
  seed_119 arm=t2_neg pH=7.4 target=+3.0 c   Tm=73.68  replicas=[79.3, 77.8, 64.0]
100%|██████████| 1/1 [00:02<00:00,  2.14s/it]100%|██████████| 1/1 [00:02<00:00,  2.11s/it]

100%|██████████| 1/1 [00:01<00:00,  1.53s/it]100%|██████████| 1/1 [00:02<00:00,  2.92s/it]
100%|██████████| 1/1 [00:02<00:00,  2.40s/it]Predicted melting temperature: [52.897666931152344]
  seed_119 arm=t1_cond pH=7.4 target=+9.0    Tm=55.36  replicas=[53.7, 59.5, 52.9]
100%|██████████| 1/1 [00:01<00:00,  1.72s/it]

Predicted melting temperature: [62.786617279052734]
  seed_117 arm=t2_pos pH=7.4 target=+13.0    Tm=68.77  replicas=[68.9, 74.6, 62.8]

100%|██████████| 1/1 [00:01<00:00,  1.53s/it]
100%|██████████| 1/1 [00:01<00:00,  1.72s/it]Predicted melting temperature: [49.37975311279297]
  seed_119 arm=t2_ph pH=7.4 target=占位 char   Tm=55.63  replicas=[56.7, 60.8, 49.4]
100%|██████████| 1/1 [00:02<00:00,  2.18s/it]
Predicted melting temperature: [62.15092468261719]
  seed_120 arm=t2_pos pH=7.4 target=+5.0 c   Tm=66.81  replicas=[67.4, 70.9, 62.2]

100%|██████████| 1/1 [00:01<00:00,  1.81s/it]
100%|██████████| 1/1 [00:02<00:00,  2.23s/it]
Predicted melting temperature: [57.516937255859375]
  seed_119 arm=t1_cond pH=7.4 target=-1.0    Tm=54.62  replicas=[49.5, 56.8, 57.5]
100%|██████████| 1/1 [00:01<00:00,  1.89s/it]
Predicted melting temperature: [54.872535705566406]
  seed_118 arm=t2_neg pH=7.4 target=+4.0 c   Tm=57.29  replicas=[52.9, 64.1, 54.9]
Predicted melting temperature: [67.76821899414062]
  seed_119 arm=t1_base pH=7.4 target=+9.0    Tm=74.64  replicas=[80.3, 75.9, 67.8]
100%|██████████| 1/1 [00:01<00:00,  1.13s/it]100%|██████████| 1/1 [00:01<00:00,  1.18s/it]100%|██████████| 1/1 [00:01<00:00,  1.54s/it]
Predicted melting temperature: [60.62473678588867]
  seed_117 arm=t1_cond pH=7.4 target=+8.0    Tm=69.10  replicas=[71.6, 75.1, 60.6]
  0%|          | 0/1 [00:00<?, ?it/s]100%|██████████| 1/1 [00:01<00:00,  1.52s/it]  0%|          | 0/1 [00:00<?, ?it/s]Predicted melting temperature: [58.176727294921875]

Predicted melting temperature: [84.06867980957031]
  0%|          | 0/1 [00:00<?, ?it/s]Predicted melting temperature: [71.52359008789062]
Predicted melting temperature: [65.63326263427734]
  0%|          | 0/1 [00:00<?, ?it/s]  0%|          | 0/1 [00:00<?, ?it/s]  0%|          | 0/1 [00:00<?, ?it/s]Predicted melting temperature: [63.948028564453125]
Predicted melting temperature: [58.41106414794922]
  0%|          | 0/1 [00:00<?, ?it/s]  0%|          | 0/1 [00:00<?, ?it/s]  0%|          | 0/1 [00:00<?, ?it/s]  0%|          | 0/1 [00:00<?, ?it/s]  0%|          | 0/1 [00:00<?, ?it/s]Predicted melting temperature: [62.210811614990234]
  0%|          | 0/1 [00:00<?, ?it/s]  0%|          | 0/1 [00:00<?, ?it/s]Predicted melting temperature: [54.40540313720703]
  0%|          | 0/1 [00:00<?, ?it/s]  0%|          | 0/1 [00:00<?, ?it/s]Predicted melting temperature: [75.68202209472656]
  0%|          | 0/1 [00:00<?, ?it/s]  0%|          | 0/1 [00:00<?, ?it/s]Predicted melting temperature: [48.946502685546875]
  0%|          | 0/1 [00:00<?, ?it/s]  0%|          | 0/1 [00:00<?, ?it/s]Predicted melting temperature: [65.85728454589844]
  0%|          | 0/1 [00:00<?, ?it/s]100%|██████████| 1/1 [00:00<00:00,  1.62it/s]100%|██████████| 1/1 [00:00<00:00,  1.22it/s]100%|██████████| 1/1 [00:00<00:00,  1.46it/s]
Predicted melting temperature: [54.31243133544922]
  seed_121 arm=t2_neg pH=7.4 target=-6.0 c   Tm=60.83  replicas=[70.0, 58.2, 54.3]
100%|██████████| 1/1 [00:00<00:00,  1.21it/s]
  0%|          | 0/1 [00:00<?, ?it/s]100%|██████████| 1/1 [00:00<00:00,  1.15it/s]100%|██████████| 1/1 [00:01<00:00,  1.03s/it]100%|██████████| 1/1 [00:00<00:00,  1.13it/s]
Predicted melting temperature: [61.875343322753906]
  seed_121 arm=t2_pos pH=7.4 target=+4.0 c   Tm=61.14  replicas=[63.1, 58.4, 61.9]
100%|██████████| 1/1 [00:01<00:00,  1.04s/it]
100%|██████████| 1/1 [00:00<00:00,  1.13it/s]100%|██████████| 1/1 [00:01<00:00,  1.05s/it]
Predicted melting temperature: [61.32728958129883]
  seed_119 arm=t2_ph pH=7.4 target=占位 char   Tm=58.27  replicas=[59.1, 54.4, 61.3]
Predicted melting temperature: [65.64381408691406]
  0%|          | 0/1 [00:00<?, ?it/s]100%|██████████| 1/1 [00:00<00:00,  1.00it/s]100%|██████████| 1/1 [00:01<00:00,  1.05s/it]
  0%|          | 0/1 [00:00<?, ?it/s]Predicted melting temperature: [76.94824981689453]
  0%|          | 0/1 [00:00<?, ?it/s]Predicted melting temperature: [64.37277221679688]
  0%|          | 0/1 [00:00<?, ?it/s]  0%|          | 0/1 [00:00<?, ?it/s]100%|██████████| 1/1 [00:01<00:00,  1.09s/it]100%|██████████| 1/1 [00:01<00:00,  1.09s/it]
100%|██████████| 1/1 [00:01<00:00,  1.09s/it]100%|██████████| 1/1 [00:01<00:00,  1.11s/it]
Predicted melting temperature: [52.0528564453125]
  0%|          | 0/1 [00:00<?, ?it/s]Predicted melting temperature: [55.05170440673828]
  0%|          | 0/1 [00:00<?, ?it/s]100%|██████████| 1/1 [00:01<00:00,  1.13s/it]100%|██████████| 1/1 [00:01<00:00,  1.14s/it]
Predicted melting temperature: [73.09647369384766]
  seed_120 arm=t2_ph pH=7.4 target=占位 char   Tm=63.24  replicas=[54.4, 62.2, 73.1]
100%|██████████| 1/1 [00:01<00:00,  1.15s/it]  0%|          | 0/1 [00:00<?, ?it/s]100%|██████████| 1/1 [00:01<00:00,  1.16s/it]
Predicted melting temperature: [52.84495162963867]
  0%|          | 0/1 [00:00<?, ?it/s]100%|██████████| 1/1 [00:01<00:00,  1.28s/it]100%|██████████| 1/1 [00:01<00:00,  1.28s/it]100%|██████████| 1/1 [00:01<00:00,  1.31s/it]
100%|██████████| 1/1 [00:01<00:00,  1.33s/it]100%|██████████| 1/1 [00:01<00:00,  1.31s/it]
Predicted melting temperature: [79.9790267944336]
  seed_117 arm=t2_ph pH=7.4 target=占位 char   Tm=76.65  replicas=[78.4, 71.5, 80.0]
100%|██████████| 1/1 [00:01<00:00,  1.34s/it]
Predicted melting temperature: [73.81966400146484]
  0%|          | 0/1 [00:00<?, ?it/s]Predicted melting temperature: [68.91789245605469]
  0%|          | 0/1 [00:00<?, ?it/s]  0%|          | 0/1 [00:00<?, ?it/s]100%|██████████| 1/1 [00:01<00:00,  1.55s/it]100%|██████████| 1/1 [00:01<00:00,  1.55s/it]
100%|██████████| 1/1 [00:00<00:00,  1.91it/s]100%|██████████| 1/1 [00:00<00:00,  1.89it/s]Predicted melting temperature: [66.1963882446289]

  0%|          | 0/1 [00:00<?, ?it/s]Predicted melting temperature: [60.59552764892578]
  0%|          | 0/1 [00:00<?, ?it/s]100%|██████████| 1/1 [00:01<00:00,  1.80s/it]100%|██████████| 1/1 [00:00<00:00,  1.33it/s]100%|██████████| 1/1 [00:00<00:00,  1.27it/s]
100%|██████████| 1/1 [00:01<00:00,  1.09s/it]100%|██████████| 1/1 [00:01<00:00,  1.85s/it]
100%|██████████| 1/1 [00:01<00:00,  1.10s/it]Predicted melting temperature: [60.53395462036133]

Predicted melting temperature: [65.18387603759766]
  0%|          | 0/1 [00:00<?, ?it/s]100%|██████████| 1/1 [00:00<00:00,  1.17it/s]100%|██████████| 1/1 [00:00<00:00,  1.12it/s]100%|██████████| 1/1 [00:01<00:00,  1.20s/it]100%|██████████| 1/1 [00:01<00:00,  1.20s/it]  0%|          | 0/1 [00:00<?, ?it/s]100%|██████████| 1/1 [00:00<00:00,  1.05it/s]
100%|██████████| 1/1 [00:01<00:00,  1.22s/it]100%|██████████| 1/1 [00:01<00:00,  1.21s/it]
Predicted melting temperature: [81.94257354736328]
  seed_118 arm=t2_pos pH=7.4 target=+14.0    Tm=80.99  replicas=[84.1, 76.9, 81.9]

100%|██████████| 1/1 [00:00<00:00,  1.05it/s]
Predicted melting temperature: [53.291202545166016]
  seed_120 arm=t2_neg pH=7.4 target=-5.0 c   Tm=60.96  replicas=[63.9, 65.6, 53.3]
Predicted melting temperature: [57.22191619873047]
  seed_120 arm=t1_cond pH=7.4 target=+0.0    Tm=62.67  replicas=[64.9, 65.9, 57.2]
Predicted melting temperature: [47.47532653808594]
  0%|          | 0/1 [00:00<?, ?it/s]Predicted melting temperature: [74.65044403076172]
  0%|          | 0/1 [00:00<?, ?it/s]  0%|          | 0/1 [00:00<?, ?it/s]  0%|          | 0/1 [00:00<?, ?it/s]  0%|          | 0/1 [00:00<?, ?it/s]100%|██████████| 1/1 [00:01<00:00,  1.04s/it]100%|██████████| 1/1 [00:01<00:00,  1.04s/it]
Predicted melting temperature: [59.69425964355469]
  seed_121 arm=t1_base pH=7.4 target=+0.0    Tm=63.23  replicas=[65.6, 64.4, 59.7]
100%|██████████| 1/1 [00:01<00:00,  1.33s/it]  0%|          | 0/1 [00:00<?, ?it/s]100%|██████████| 1/1 [00:01<00:00,  1.36s/it]
Predicted melting temperature: [53.950462341308594]
  0%|          | 0/1 [00:00<?, ?it/s]100%|██████████| 1/1 [00:01<00:00,  1.11s/it]100%|██████████| 1/1 [00:01<00:00,  1.11s/it]
Predicted melting temperature: [68.3847427368164]
  0%|          | 0/1 [00:00<?, ?it/s]100%|██████████| 1/1 [00:01<00:00,  1.19s/it]100%|██████████| 1/1 [00:01<00:00,  1.19s/it]
Predicted melting temperature: [54.05485916137695]
  0%|          | 0/1 [00:00<?, ?it/s]100%|██████████| 1/1 [00:01<00:00,  1.24s/it]100%|██████████| 1/1 [00:01<00:00,  1.25s/it]100%|██████████| 1/1 [00:01<00:00,  1.20s/it]100%|██████████| 1/1 [00:01<00:00,  1.33s/it]
100%|██████████| 1/1 [00:01<00:00,  1.22s/it]
100%|██████████| 1/1 [00:01<00:00,  1.34s/it]
Predicted melting temperature: [74.22434997558594]
Predicted melting temperature: [56.90019226074219]
Predicted melting temperature: [57.916751861572266]
  0%|          | 0/1 [00:00<?, ?it/s]  0%|          | 0/1 [00:00<?, ?it/s]  0%|          | 0/1 [00:00<?, ?it/s]100%|██████████| 1/1 [00:01<00:00,  1.10s/it]100%|██████████| 1/1 [00:00<00:00,  1.57it/s]100%|██████████| 1/1 [00:01<00:00,  1.15s/it]
100%|██████████| 1/1 [00:00<00:00,  1.52it/s]
Predicted melting temperature: [77.06205749511719]
Predicted melting temperature: [56.556724548339844]
  0%|          | 0/1 [00:00<?, ?it/s]  0%|          | 0/1 [00:00<?, ?it/s]100%|██████████| 1/1 [00:01<00:00,  1.82s/it]100%|██████████| 1/1 [00:01<00:00,  1.82s/it]
Predicted melting temperature: [61.63780975341797]
  seed_117 arm=t1_base pH=7.4 target=+8.0    Tm=67.18  replicas=[64.2, 75.7, 61.6]
  0%|          | 0/1 [00:00<?, ?it/s]100%|██████████| 1/1 [00:01<00:00,  1.41s/it]100%|██████████| 1/1 [00:01<00:00,  1.41s/it]
Predicted melting temperature: [74.66476440429688]
  0%|          | 0/1 [00:00<?, ?it/s]100%|██████████| 1/1 [00:00<00:00,  1.30it/s]100%|██████████| 1/1 [00:00<00:00,  1.30it/s]
100%|██████████| 1/1 [00:00<00:00,  1.30it/s]100%|██████████| 1/1 [00:00<00:00,  1.28it/s]
Predicted melting temperature: [65.49211120605469]
  0%|          | 0/1 [00:00<?, ?it/s]Predicted melting temperature: [64.38276672363281]
100%|██████████| 1/1 [00:00<00:00,  1.17it/s]100%|██████████| 1/1 [00:01<00:00,  1.55s/it]  0%|          | 0/1 [00:00<?, ?it/s]100%|██████████| 1/1 [00:00<00:00,  1.03it/s]100%|██████████| 1/1 [00:01<00:00,  1.59s/it]

Predicted melting temperature: [56.37202453613281]
  0%|          | 0/1 [00:00<?, ?it/s]Predicted melting temperature: [53.14970779418945]
  0%|          | 0/1 [00:00<?, ?it/s]100%|██████████| 1/1 [00:00<00:00,  1.03it/s]100%|██████████| 1/1 [00:00<00:00,  1.01it/s]
Predicted melting temperature: [65.16790771484375]
  0%|          | 0/1 [00:00<?, ?it/s]100%|██████████| 1/1 [00:01<00:00,  1.49s/it]100%|██████████| 1/1 [00:01<00:00,  1.49s/it]
Predicted melting temperature: [74.26179504394531]
  0%|          | 0/1 [00:00<?, ?it/s]100%|██████████| 1/1 [00:01<00:00,  1.17s/it]100%|██████████| 1/1 [00:01<00:00,  1.17s/it]
100%|██████████| 1/1 [00:00<00:00,  1.02it/s]100%|██████████| 1/1 [00:00<00:00,  1.01it/s]
Predicted melting temperature: [56.67936325073242]
  seed_120 arm=t1_base pH=7.4 target=-1.0    Tm=53.19  replicas=[48.9, 54.0, 56.7]
Predicted melting temperature: [61.640960693359375]
  0%|          | 0/1 [00:00<?, ?it/s]  0%|          | 0/1 [00:00<?, ?it/s]100%|██████████| 1/1 [00:01<00:00,  1.21s/it]100%|██████████| 1/1 [00:01<00:00,  1.21s/it]100%|██████████| 1/1 [00:00<00:00,  1.22it/s]
100%|██████████| 1/1 [00:00<00:00,  1.21it/s]
Predicted melting temperature: [58.374080657958984]
  seed_122 arm=t2_neg pH=7.4 target=-6.0 c   Tm=58.51  replicas=[60.6, 56.6, 58.4]
  0%|          | 0/1 [00:00<?, ?it/s]Predicted melting temperature: [67.87897491455078]
  0%|          | 0/1 [00:00<?, ?it/s]100%|██████████| 1/1 [00:01<00:00,  1.35s/it]100%|██████████| 1/1 [00:01<00:00,  1.36s/it]
Predicted melting temperature: [57.141571044921875]
  0%|          | 0/1 [00:00<?, ?it/s]100%|██████████| 1/1 [00:01<00:00,  1.42s/it]100%|██████████| 1/1 [00:01<00:00,  1.43s/it]
100%|██████████| 1/1 [00:01<00:00,  1.20s/it]100%|██████████| 1/1 [00:01<00:00,  1.20s/it]Predicted melting temperature: [75.34494018554688]

  0%|          | 0/1 [00:00<?, ?it/s]Predicted melting temperature: [66.30745697021484]
  seed_120 arm=t1_cond pH=7.4 target=+9.0    Tm=62.25  replicas=[52.1, 68.4, 66.3]
100%|██████████| 1/1 [00:01<00:00,  1.13s/it]100%|██████████| 1/1 [00:01<00:00,  1.15s/it]  0%|          | 0/1 [00:00<?, ?it/s]
100%|██████████| 1/1 [00:01<00:00,  1.05s/it]100%|██████████| 1/1 [00:01<00:00,  1.06s/it]Predicted melting temperature: [55.691802978515625]
  0%|          | 0/1 [00:00<?, ?it/s]
100%|██████████| 1/1 [00:01<00:00,  1.12s/it]100%|██████████| 1/1 [00:01<00:00,  1.12s/it]100%|██████████| 1/1 [00:01<00:00,  1.16s/it]100%|██████████| 1/1 [00:00<00:00,  1.33it/s]Predicted melting temperature: [64.12205505371094]
  seed_120 arm=t2_ph pH=7.4 target=占位 char   Tm=58.69  replicas=[55.1, 56.9, 64.1]
100%|██████████| 1/1 [00:00<00:00,  1.27it/s]
100%|██████████| 1/1 [00:01<00:00,  1.27s/it]Predicted melting temperature: [56.87126541137695]
  seed_122 arm=t2_pos pH=7.4 target=+4.0 c   Tm=57.93  replicas=[60.5, 56.4, 56.9]

100%|██████████| 1/1 [00:01<00:00,  1.30s/it]
100%|██████████| 1/1 [00:01<00:00,  1.30s/it]
Predicted melting temperature: [57.18870544433594]
  seed_120 arm=t2_neg pH=7.4 target=+3.0 c   Tm=69.36  replicas=[73.8, 77.1, 57.2]
Predicted melting temperature: [51.17594909667969]
  seed_119 arm=t2_neg pH=7.4 target=+4.0 c   Tm=59.42  replicas=[52.8, 74.2, 51.2]
  0%|          | 0/1 [00:00<?, ?it/s]  0%|          | 0/1 [00:00<?, ?it/s]  0%|          | 0/1 [00:00<?, ?it/s]Predicted melting temperature: [65.81465148925781]
  0%|          | 0/1 [00:00<?, ?it/s]  0%|          | 0/1 [00:00<?, ?it/s]100%|██████████| 1/1 [00:00<00:00,  1.41it/s]100%|██████████| 1/1 [00:00<00:00,  1.41it/s]
100%|██████████| 1/1 [00:01<00:00,  1.22s/it]100%|██████████| 1/1 [00:01<00:00,  1.24s/it]
Predicted melting temperature: [58.584991455078125]
  0%|          | 0/1 [00:00<?, ?it/s]Predicted melting temperature: [75.56869506835938]
  0%|          | 0/1 [00:00<?, ?it/s]100%|██████████| 1/1 [00:01<00:00,  1.16s/it]100%|██████████| 1/1 [00:01<00:00,  1.17s/it]
Predicted melting temperature: [69.0787124633789]
  0%|          | 0/1 [00:00<?, ?it/s]100%|██████████| 1/1 [00:01<00:00,  1.57s/it]100%|██████████| 1/1 [00:01<00:00,  1.43s/it]100%|██████████| 1/1 [00:01<00:00,  1.45s/it]
100%|██████████| 1/1 [00:01<00:00,  1.65s/it]Predicted melting temperature: [63.24446105957031]
  seed_118 arm=t2_pos pH=7.4 target=+13.0    Tm=68.94  replicas=[68.9, 74.7, 63.2]

100%|██████████| 1/1 [00:01<00:00,  1.05s/it]  0%|          | 0/1 [00:00<?, ?it/s]Predicted melting temperature: [74.15000915527344]
  0%|          | 0/1 [00:00<?, ?it/s]100%|██████████| 1/1 [00:01<00:00,  1.07s/it]
100%|██████████| 1/1 [00:00<00:00,  1.13it/s]100%|██████████| 1/1 [00:00<00:00,  1.11it/s]
Predicted melting temperature: [58.39614486694336]
  seed_120 arm=t1_cond pH=7.4 target=-1.0    Tm=54.34  replicas=[47.5, 57.1, 58.4]
Predicted melting temperature: [72.06124114990234]
  0%|          | 0/1 [00:00<?, ?it/s]  0%|          | 0/1 [00:00<?, ?it/s]100%|██████████| 1/1 [00:00<00:00,  1.65it/s]100%|██████████| 1/1 [00:00<00:00,  1.65it/s]
100%|██████████| 1/1 [00:01<00:00,  1.06s/it]100%|██████████| 1/1 [00:01<00:00,  1.06s/it]
Predicted melting temperature: [49.73334884643555]
Predicted melting temperature: [72.77826690673828]
  0%|          | 0/1 [00:00<?, ?it/s]  0%|          | 0/1 [00:00<?, ?it/s]100%|██████████| 1/1 [00:01<00:00,  1.22s/it]100%|██████████| 1/1 [00:01<00:00,  1.23s/it]
Predicted melting temperature: [60.90492630004883]
  seed_121 arm=t2_pos pH=7.4 target=+5.0 c   Tm=62.58  replicas=[65.2, 61.6, 60.9]
100%|██████████| 1/1 [00:00<00:00,  1.07it/s]100%|██████████| 1/1 [00:00<00:00,  1.04it/s]
100%|██████████| 1/1 [00:01<00:00,  1.48s/it]  0%|          | 0/1 [00:00<?, ?it/s]Predicted melting temperature: [56.67437744140625]
  0%|          | 0/1 [00:00<?, ?it/s]100%|██████████| 1/1 [00:01<00:00,  1.54s/it]
100%|██████████| 1/1 [00:01<00:00,  1.11s/it]100%|██████████| 1/1 [00:01<00:00,  1.11s/it]
Predicted melting temperature: [70.6072006225586]
  seed_120 arm=t1_base pH=7.4 target=+9.0    Tm=73.53  replicas=[74.7, 75.3, 70.6]
Predicted melting temperature: [55.962257385253906]
  0%|          | 0/1 [00:00<?, ?it/s]  0%|          | 0/1 [00:00<?, ?it/s]100%|██████████| 1/1 [00:01<00:00,  1.57s/it]100%|██████████| 1/1 [00:01<00:00,  1.57s/it]
Predicted melting temperature: [64.72443389892578]
  0%|          | 0/1 [00:00<?, ?it/s]100%|██████████| 1/1 [00:01<00:00,  1.59s/it]100%|██████████| 1/1 [00:01<00:00,  1.59s/it]
Predicted melting temperature: [62.744075775146484]
  seed_118 arm=t1_cond pH=7.4 target=+8.0    Tm=67.73  replicas=[66.2, 74.3, 62.7]
  0%|          | 0/1 [00:00<?, ?it/s]100%|██████████| 1/1 [00:01<00:00,  1.10s/it]100%|██████████| 1/1 [00:01<00:00,  1.10s/it]100%|██████████| 1/1 [00:01<00:00,  1.12s/it]100%|██████████| 1/1 [00:01<00:00,  1.19s/it]
Predicted melting temperature: [55.56120300292969]
  seed_121 arm=t2_ph pH=7.4 target=占位 char   Tm=55.10  replicas=[54.1, 55.7, 55.6]
100%|██████████| 1/1 [00:01<00:00,  1.19s/it]100%|██████████| 1/1 [00:00<00:00,  1.14it/s]100%|██████████| 1/1 [00:01<00:00,  1.18s/it]
  0%|          | 0/1 [00:00<?, ?it/s]
100%|██████████| 1/1 [00:00<00:00,  1.11it/s]
100%|██████████| 1/1 [00:00<00:00,  1.78it/s]100%|██████████| 1/1 [00:00<00:00,  1.75it/s]Predicted melting temperature: [59.731117248535156]

100%|██████████| 1/1 [00:01<00:00,  1.21s/it]Predicted melting temperature: [68.08735656738281]
Predicted melting temperature: [63.89683151245117]
100%|██████████| 1/1 [00:01<00:00,  1.26s/it]100%|██████████| 1/1 [00:01<00:00,  1.08s/it]  0%|          | 0/1 [00:00<?, ?it/s]100%|██████████| 1/1 [00:01<00:00,  1.05s/it]  0%|          | 0/1 [00:00<?, ?it/s]  0%|          | 0/1 [00:00<?, ?it/s]100%|██████████| 1/1 [00:01<00:00,  1.12s/it]100%|██████████| 1/1 [00:01<00:00,  1.43s/it]
100%|██████████| 1/1 [00:01<00:00,  1.42s/it]Predicted melting temperature: [55.64200210571289]


  0%|          | 0/1 [00:00<?, ?it/s]Predicted melting temperature: [76.92019653320312]
  seed_119 arm=t2_pos pH=7.4 target=+14.0    Tm=72.66  replicas=[65.5, 75.6, 76.9]
100%|██████████| 1/1 [00:01<00:00,  1.09s/it]100%|██████████| 1/1 [00:00<00:00,  1.24it/s]
Predicted melting temperature: [69.51610565185547]
  seed_120 arm=t2_ph pH=7.4 target=占位 char   Tm=64.42  replicas=[57.9, 65.8, 69.5]
Predicted melting temperature: [54.402530670166016]
  seed_121 arm=t2_neg pH=7.4 target=-5.0 c   Tm=62.62  replicas=[64.4, 69.1, 54.4]
Predicted melting temperature: [52.8741455078125]
100%|██████████| 1/1 [00:00<00:00,  1.18it/s]
100%|██████████| 1/1 [00:00<00:00,  1.43it/s]  0%|          | 0/1 [00:00<?, ?it/s]Predicted melting temperature: [65.2867202758789]
  seed_122 arm=t1_base pH=7.4 target=+0.0    Tm=68.65  replicas=[67.9, 72.8, 65.3]
  0%|          | 0/1 [00:00<?, ?it/s]100%|██████████| 1/1 [00:00<00:00,  1.41it/s]
  0%|          | 0/1 [00:00<?, ?it/s]  0%|          | 0/1 [00:00<?, ?it/s]Predicted melting temperature: [74.77713012695312]
  0%|          | 0/1 [00:00<?, ?it/s]  0%|          | 0/1 [00:00<?, ?it/s]100%|██████████| 1/1 [00:00<00:00,  1.01it/s]100%|██████████| 1/1 [00:00<00:00,  1.01it/s]
100%|██████████| 1/1 [00:00<00:00,  1.01it/s]Predicted melting temperature: [62.05870819091797]
100%|██████████| 1/1 [00:00<00:00,  1.01it/s]
  0%|          | 0/1 [00:00<?, ?it/s]Predicted melting temperature: [62.41345977783203]
  0%|          | 0/1 [00:00<?, ?it/s]100%|██████████| 1/1 [00:01<00:00,  1.35s/it]100%|██████████| 1/1 [00:01<00:00,  1.35s/it]
Predicted melting temperature: [75.3375244140625]
  0%|          | 0/1 [00:00<?, ?it/s]100%|██████████| 1/1 [00:01<00:00,  1.38s/it]100%|██████████| 1/1 [00:01<00:00,  1.40s/it]
Predicted melting temperature: [77.27949523925781]
  0%|          | 0/1 [00:00<?, ?it/s]100%|██████████| 1/1 [00:01<00:00,  1.27s/it]100%|██████████| 1/1 [00:01<00:00,  1.27s/it]
Predicted melting temperature: [67.55899810791016]
  0%|          | 0/1 [00:00<?, ?it/s]100%|██████████| 1/1 [00:01<00:00,  1.27s/it]100%|██████████| 1/1 [00:01<00:00,  1.27s/it]
100%|██████████| 1/1 [00:01<00:00,  1.38s/it]100%|██████████| 1/1 [00:00<00:00,  1.30it/s]100%|██████████| 1/1 [00:00<00:00,  1.26it/s]100%|██████████| 1/1 [00:00<00:00,  1.34it/s]
Predicted melting temperature: [55.65585708618164]
  seed_123 arm=t2_pos pH=7.4 target=+4.0 c   Tm=53.68  replicas=[49.7, 55.6, 55.7]
100%|██████████| 1/1 [00:00<00:00,  1.29it/s]100%|██████████| 1/1 [00:01<00:00,  1.44s/it]Predicted melting temperature: [51.81800079345703]

  0%|          | 0/1 [00:00<?, ?it/s]
  0%|          | 0/1 [00:00<?, ?it/s]100%|██████████| 1/1 [00:00<00:00,  1.27it/s]Predicted melting temperature: [61.78179931640625]
  seed_118 arm=t2_ph pH=7.4 target=占位 char   Tm=56.96  replicas=[53.1, 56.0, 61.8]
Predicted melting temperature: [69.45254516601562]
  0%|          | 0/1 [00:00<?, ?it/s]100%|██████████| 1/1 [00:00<00:00,  1.26it/s]100%|██████████| 1/1 [00:00<00:00,  1.13it/s]100%|██████████| 1/1 [00:01<00:00,  1.35s/it]
  0%|          | 0/1 [00:00<?, ?it/s]Predicted melting temperature: [69.7056884765625]
  seed_121 arm=t1_cond pH=7.4 target=+9.0    Tm=67.05  replicas=[56.7, 74.8, 69.7]
100%|██████████| 1/1 [00:01<00:00,  1.19s/it]100%|██████████| 1/1 [00:01<00:00,  1.42s/it]100%|██████████| 1/1 [00:00<00:00,  1.03it/s]
100%|██████████| 1/1 [00:01<00:00,  1.58s/it]  0%|          | 0/1 [00:00<?, ?it/s]100%|██████████| 1/1 [00:01<00:00,  1.59s/it]
100%|██████████| 1/1 [00:01<00:00,  1.23s/it]
100%|██████████| 1/1 [00:00<00:00,  1.19it/s]
Predicted melting temperature: [57.15433120727539]
Predicted melting temperature: [60.67688751220703]
  seed_123 arm=t2_neg pH=7.4 target=-6.0 c   Tm=61.05  replicas=[58.6, 63.9, 60.7]
  0%|          | 0/1 [00:00<?, ?it/s]100%|██████████| 1/1 [00:00<00:00,  1.16it/s]Predicted melting temperature: [53.3026123046875]
  seed_121 arm=t1_cond pH=7.4 target=+0.0    Tm=61.06  replicas=[65.2, 64.7, 53.3]
100%|██████████| 1/1 [00:00<00:00,  1.05it/s]
100%|██████████| 1/1 [00:01<00:00,  1.02s/it]100%|██████████| 1/1 [00:00<00:00,  1.04it/s]Predicted melting temperature: [78.60305786132812]
  0%|          | 0/1 [00:00<?, ?it/s]100%|██████████| 1/1 [00:01<00:00,  1.02s/it]  0%|          | 0/1 [00:00<?, ?it/s]Predicted melting temperature: [59.862159729003906]

  0%|          | 0/1 [00:00<?, ?it/s]
100%|██████████| 1/1 [00:01<00:00,  1.05s/it]100%|██████████| 1/1 [00:01<00:00,  1.09s/it]  0%|          | 0/1 [00:00<?, ?it/s]
Predicted melting temperature: [55.96282196044922]
Predicted melting temperature: [66.73416137695312]
  0%|          | 0/1 [00:00<?, ?it/s]  0%|          | 0/1 [00:00<?, ?it/s]Predicted melting temperature: [78.08639526367188]
  0%|          | 0/1 [00:00<?, ?it/s]100%|██████████| 1/1 [00:01<00:00,  1.12s/it]100%|██████████| 1/1 [00:01<00:00,  1.12s/it]
100%|██████████| 1/1 [00:01<00:00,  1.12s/it]Predicted melting temperature: [55.34971237182617]
100%|██████████| 1/1 [00:01<00:00,  1.13s/it]
  0%|          | 0/1 [00:00<?, ?it/s]Predicted melting temperature: [64.01616668701172]
  0%|          | 0/1 [00:00<?, ?it/s]100%|██████████| 1/1 [00:01<00:00,  1.16s/it]100%|██████████| 1/1 [00:01<00:00,  1.16s/it]
Predicted melting temperature: [58.54035949707031]
  seed_121 arm=t1_base pH=7.4 target=-1.0    Tm=64.22  replicas=[72.1, 62.1, 58.5]
  0%|          | 0/1 [00:00<?, ?it/s]100%|██████████| 1/1 [00:01<00:00,  1.25s/it]100%|██████████| 1/1 [00:01<00:00,  1.25s/it]
Predicted melting temperature: [57.29326248168945]
  0%|          | 0/1 [00:00<?, ?it/s]100%|██████████| 1/1 [00:00<00:00,  1.42it/s]100%|██████████| 1/1 [00:00<00:00,  1.42it/s]
Predicted melting temperature: [55.83072280883789]
  0%|          | 0/1 [00:00<?, ?it/s]100%|██████████| 1/1 [00:00<00:00,  1.28it/s]100%|██████████| 1/1 [00:00<00:00,  1.28it/s]
Predicted melting temperature: [71.62480163574219]
  0%|          | 0/1 [00:00<?, ?it/s]100%|██████████| 1/1 [00:01<00:00,  1.32s/it]100%|██████████| 1/1 [00:01<00:00,  1.39s/it]100%|██████████| 1/1 [00:01<00:00,  1.39s/it]100%|██████████| 1/1 [00:01<00:00,  1.34s/it]

Predicted melting temperature: [76.56951904296875]
  0%|          | 0/1 [00:00<?, ?it/s]Predicted melting temperature: [59.30976104736328]
  seed_118 arm=t1_base pH=7.4 target=+8.0    Tm=69.60  replicas=[74.2, 75.3, 59.3]
  0%|          | 0/1 [00:00<?, ?it/s]100%|██████████| 1/1 [00:00<00:00,  1.13it/s]100%|██████████| 1/1 [00:00<00:00,  1.11it/s]
100%|██████████| 1/1 [00:00<00:00,  1.21it/s]100%|██████████| 1/1 [00:00<00:00,  1.20it/s]
100%|██████████| 1/1 [00:01<00:00,  1.29s/it]Predicted melting temperature: [53.07086181640625]
  0%|          | 0/1 [00:00<?, ?it/s]100%|██████████| 1/1 [00:01<00:00,  1.30s/it]Predicted melting temperature: [54.19298553466797]

  0%|          | 0/1 [00:00<?, ?it/s]Predicted melting temperature: [73.208251953125]
  0%|          | 0/1 [00:00<?, ?it/s]100%|██████████| 1/1 [00:00<00:00,  1.08it/s]100%|██████████| 1/1 [00:00<00:00,  1.08it/s]
Predicted melting temperature: [57.82362365722656]
  seed_121 arm=t1_cond pH=7.4 target=-1.0    Tm=60.03  replicas=[62.4, 59.9, 57.8]
100%|██████████| 1/1 [00:01<00:00,  1.20s/it]  0%|          | 0/1 [00:00<?, ?it/s]100%|██████████| 1/1 [00:01<00:00,  1.21s/it]
Predicted melting temperature: [62.70612335205078]
  0%|          | 0/1 [00:00<?, ?it/s]100%|██████████| 1/1 [00:00<00:00,  1.32it/s]100%|██████████| 1/1 [00:00<00:00,  1.32it/s]
100%|██████████| 1/1 [00:01<00:00,  1.05s/it]100%|██████████| 1/1 [00:01<00:00,  1.05s/it]Predicted melting temperature: [56.601646423339844]
  0%|          | 0/1 [00:00<?, ?it/s]
100%|██████████| 1/1 [00:01<00:00,  1.08s/it]100%|██████████| 1/1 [00:01<00:00,  1.10s/it]
Predicted melting temperature: [60.06627655029297]
  seed_121 arm=t2_ph pH=7.4 target=占位 char   Tm=58.59  replicas=[59.7, 56.0, 60.1]
100%|██████████| 1/1 [00:01<00:00,  1.08s/it]Predicted melting temperature: [72.86599731445312]
100%|██████████| 1/1 [00:01<00:00,  1.16s/it]100%|██████████| 1/1 [00:01<00:00,  1.21s/it]
  0%|          | 0/1 [00:00<?, ?it/s]Predicted melting temperature: [70.8822021484375]
100%|██████████| 1/1 [00:01<00:00,  1.10s/it]
  0%|          | 0/1 [00:00<?, ?it/s]  0%|          | 0/1 [00:00<?, ?it/s]Predicted melting temperature: [66.72146606445312]
  seed_121 arm=t2_neg pH=7.4 target=+3.0 c   Tm=70.97  replicas=[68.1, 78.1, 66.7]
  0%|          | 0/1 [00:00<?, ?it/s]100%|██████████| 1/1 [00:01<00:00,  1.18s/it]100%|██████████| 1/1 [00:01<00:00,  1.18s/it]
Predicted melting temperature: [48.1739501953125]
  seed_120 arm=t2_neg pH=7.4 target=+4.0 c   Tm=55.02  replicas=[52.9, 64.0, 48.2]
100%|██████████| 1/1 [00:01<00:00,  1.11s/it]100%|██████████| 1/1 [00:01<00:00,  1.12s/it]
  0%|          | 0/1 [00:00<?, ?it/s]Predicted melting temperature: [64.82242584228516]
100%|██████████| 1/1 [00:01<00:00,  1.37s/it]100%|██████████| 1/1 [00:01<00:00,  1.40s/it]100%|██████████| 1/1 [00:01<00:00,  1.46s/it]100%|██████████| 1/1 [00:01<00:00,  1.48s/it]  0%|          | 0/1 [00:00<?, ?it/s]
100%|██████████| 1/1 [00:01<00:00,  1.56s/it]100%|██████████| 1/1 [00:00<00:00,  1.04it/s]100%|██████████| 1/1 [00:00<00:00,  1.03it/s]100%|██████████| 1/1 [00:01<00:00,  1.58s/it]

Predicted melting temperature: [62.90681076049805]

Predicted melting temperature: [57.9486083984375]
  0%|          | 0/1 [00:00<?, ?it/s]  0%|          | 0/1 [00:00<?, ?it/s]Predicted melting temperature: [52.95969009399414]
  0%|          | 0/1 [00:00<?, ?it/s]Predicted melting temperature: [70.29420471191406]
  0%|          | 0/1 [00:00<?, ?it/s]100%|██████████| 1/1 [00:01<00:00,  1.43s/it]100%|██████████| 1/1 [00:01<00:00,  1.43s/it]
Predicted melting temperature: [71.49101257324219]
  0%|          | 0/1 [00:00<?, ?it/s]100%|██████████| 1/1 [00:00<00:00,  1.36it/s]100%|██████████| 1/1 [00:00<00:00,  1.36it/s]
Predicted melting temperature: [55.21931838989258]
  0%|          | 0/1 [00:00<?, ?it/s]100%|██████████| 1/1 [00:00<00:00,  1.04it/s]100%|██████████| 1/1 [00:00<00:00,  1.04it/s]
Predicted melting temperature: [60.838619232177734]
  seed_123 arm=t1_base pH=7.4 target=+0.0    Tm=67.31  replicas=[69.5, 71.6, 60.8]
  0%|          | 0/1 [00:00<?, ?it/s]100%|██████████| 1/1 [00:00<00:00,  1.19it/s]100%|██████████| 1/1 [00:00<00:00,  1.18it/s]
Predicted melting temperature: [50.98811721801758]
  0%|          | 0/1 [00:00<?, ?it/s]100%|██████████| 1/1 [00:00<00:00,  1.22it/s]100%|██████████| 1/1 [00:00<00:00,  1.22it/s]
Predicted melting temperature: [78.33533477783203]
  seed_121 arm=t2_ph pH=7.4 target=占位 char   Tm=64.08  replicas=[57.3, 56.6, 78.3]
  0%|          | 0/1 [00:00<?, ?it/s]100%|██████████| 1/1 [00:01<00:00,  1.11s/it]100%|██████████| 1/1 [00:01<00:00,  1.12s/it]
Predicted melting temperature: [68.55266571044922]
  0%|          | 0/1 [00:00<?, ?it/s]100%|██████████| 1/1 [00:01<00:00,  1.24s/it]100%|██████████| 1/1 [00:01<00:00,  1.24s/it]
Predicted melting temperature: [66.1794204711914]
  seed_122 arm=t2_pos pH=7.4 target=+5.0 c   Tm=68.98  replicas=[67.6, 73.2, 66.2]
  0%|          | 0/1 [00:00<?, ?it/s]100%|██████████| 1/1 [00:01<00:00,  1.41s/it]100%|██████████| 1/1 [00:01<00:00,  1.41s/it]
Predicted melting temperature: [70.16980743408203]
  seed_119 arm=t2_pos pH=7.4 target=+13.0    Tm=74.67  replicas=[77.3, 76.6, 70.2]
  0%|          | 0/1 [00:00<?, ?it/s]100%|██████████| 1/1 [00:01<00:00,  1.46s/it]100%|██████████| 1/1 [00:01<00:00,  1.46s/it]
Predicted melting temperature: [73.17778015136719]
  0%|          | 0/1 [00:00<?, ?it/s]100%|██████████| 1/1 [00:00<00:00,  1.66it/s]100%|██████████| 1/1 [00:00<00:00,  1.22it/s]100%|██████████| 1/1 [00:00<00:00,  1.22it/s]
Predicted melting temperature: [60.61790084838867]
  seed_124 arm=t2_pos pH=7.4 target=+4.0 c   Tm=58.13  replicas=[55.8, 57.9, 60.6]
100%|██████████| 1/1 [00:00<00:00,  1.65it/s]
Predicted melting temperature: [56.263771057128906]
  seed_124 arm=t2_neg pH=7.4 target=-6.0 c   Tm=55.23  replicas=[54.2, 55.2, 56.3]
  0%|          | 0/1 [00:00<?, ?it/s]100%|██████████| 1/1 [00:01<00:00,  1.32s/it]100%|██████████| 1/1 [00:01<00:00,  1.15s/it]100%|██████████| 1/1 [00:01<00:00,  1.17s/it]100%|██████████| 1/1 [00:01<00:00,  1.18s/it]
100%|██████████| 1/1 [00:01<00:00,  1.40s/it]
Predicted melting temperature: [66.92807006835938]
  seed_122 arm=t2_neg pH=7.4 target=-5.0 c   Tm=68.84  replicas=[66.7, 72.9, 66.9]
Predicted melting temperature: [51.394039154052734]
  seed_121 arm=t1_base pH=7.4 target=+9.0    Tm=55.31  replicas=[51.8, 62.7, 51.4]
100%|██████████| 1/1 [00:01<00:00,  1.18s/it]
Predicted melting temperature: [81.39427185058594]
  seed_122 arm=t2_ph pH=7.4 target=占位 char   Tm=76.96  replicas=[78.6, 70.9, 81.4]
  0%|          | 0/1 [00:00<?, ?it/s]  0%|          | 0/1 [00:00<?, ?it/s]  0%|          | 0/1 [00:00<?, ?it/s]  0%|          | 0/1 [00:00<?, ?it/s]100%|██████████| 1/1 [00:01<00:00,  1.19s/it]100%|██████████| 1/1 [00:01<00:00,  1.19s/it]100%|██████████| 1/1 [00:01<00:00,  1.11s/it]
100%|██████████| 1/1 [00:01<00:00,  1.11s/it]Predicted melting temperature: [77.64630126953125]
100%|██████████| 1/1 [00:01<00:00,  1.00s/it]
  0%|          | 0/1 [00:00<?, ?it/s]100%|██████████| 1/1 [00:01<00:00,  1.01s/it]
Predicted melting temperature: [52.51294708251953]
Predicted melting temperature: [55.78300094604492]
100%|██████████| 1/1 [00:01<00:00,  1.37s/it]100%|██████████| 1/1 [00:00<00:00,  1.13it/s]100%|██████████| 1/1 [00:01<00:00,  1.12s/it]100%|██████████| 1/1 [00:00<00:00,  1.38it/s]  0%|          | 0/1 [00:00<?, ?it/s]  0%|          | 0/1 [00:00<?, ?it/s]100%|██████████| 1/1 [00:01<00:00,  1.52s/it]100%|██████████| 1/1 [00:00<00:00,  1.03it/s]
100%|██████████| 1/1 [00:00<00:00,  1.35it/s]

100%|██████████| 1/1 [00:01<00:00,  1.14s/it]
Predicted melting temperature: [61.81914520263672]
  seed_120 arm=t2_pos pH=7.4 target=+14.0    Tm=62.89  replicas=[55.3, 71.5, 61.8]
Predicted melting temperature: [77.19648742675781]
Predicted melting temperature: [65.52877044677734]
  0%|          | 0/1 [00:00<?, ?it/s]Predicted melting temperature: [63.16045379638672]
  0%|          | 0/1 [00:00<?, ?it/s]  0%|          | 0/1 [00:00<?, ?it/s]  0%|          | 0/1 [00:00<?, ?it/s]100%|██████████| 1/1 [00:01<00:00,  1.37s/it]100%|██████████| 1/1 [00:01<00:00,  1.37s/it]
Predicted melting temperature: [67.17796325683594]
  0%|          | 0/1 [00:00<?, ?it/s]100%|██████████| 1/1 [00:01<00:00,  1.46s/it]100%|██████████| 1/1 [00:01<00:00,  1.46s/it]100%|██████████| 1/1 [00:01<00:00,  1.14s/it]100%|██████████| 1/1 [00:00<00:00,  1.61it/s]
100%|██████████| 1/1 [00:00<00:00,  1.66it/s]Predicted melting temperature: [43.51201629638672]
  seed_119 arm=t1_cond pH=7.4 target=+8.0    Tm=56.99  replicas=[57.2, 70.3, 43.5]
100%|██████████| 1/1 [00:01<00:00,  1.25s/it]100%|██████████| 1/1 [00:00<00:00,  1.50it/s]100%|██████████| 1/1 [00:00<00:00,  1.43it/s]


100%|██████████| 1/1 [00:01<00:00,  1.09s/it]Predicted melting temperature: [50.13689041137695]
Predicted melting temperature: [53.91738510131836]
  0%|          | 0/1 [00:00<?, ?it/s]Predicted melting temperature: [58.31269454956055]
  0%|          | 0/1 [00:00<?, ?it/s]  0%|          | 0/1 [00:00<?, ?it/s]100%|██████████| 1/1 [00:01<00:00,  1.11s/it]100%|██████████| 1/1 [00:01<00:00,  1.63s/it]
  0%|          | 0/1 [00:00<?, ?it/s]Predicted melting temperature: [52.4226188659668]
  seed_122 arm=t1_cond pH=7.4 target=+9.0    Tm=58.02  replicas=[53.1, 68.6, 52.4]
100%|██████████| 1/1 [00:01<00:00,  1.65s/it]
100%|██████████| 1/1 [00:00<00:00,  1.02it/s]100%|██████████| 1/1 [00:01<00:00,  1.00s/it]Predicted melting temperature: [62.595619201660156]
  0%|          | 0/1 [00:00<?, ?it/s]
  0%|          | 0/1 [00:00<?, ?it/s]Predicted melting temperature: [67.10938262939453]
  0%|          | 0/1 [00:00<?, ?it/s]100%|██████████| 1/1 [00:01<00:00,  1.03s/it]100%|██████████| 1/1 [00:01<00:00,  1.03s/it]
Predicted melting temperature: [68.71914672851562]
  0%|          | 0/1 [00:00<?, ?it/s]100%|██████████| 1/1 [00:01<00:00,  1.09s/it]100%|██████████| 1/1 [00:01<00:00,  1.10s/it]
Predicted melting temperature: [78.99520874023438]
  0%|          | 0/1 [00:00<?, ?it/s]100%|██████████| 1/1 [00:01<00:00,  1.38s/it]100%|██████████| 1/1 [00:01<00:00,  1.23s/it]100%|██████████| 1/1 [00:01<00:00,  1.41s/it]100%|██████████| 1/1 [00:01<00:00,  1.24s/it]

100%|██████████| 1/1 [00:01<00:00,  1.26s/it]100%|██████████| 1/1 [00:01<00:00,  1.26s/it]Predicted melting temperature: [77.71672821044922]

Predicted melting temperature: [82.29293060302734]
  0%|          | 0/1 [00:00<?, ?it/s]  0%|          | 0/1 [00:00<?, ?it/s]Predicted melting temperature: [53.66453552246094]
  0%|          | 0/1 [00:00<?, ?it/s]100%|██████████| 1/1 [00:00<00:00,  1.00it/s]100%|██████████| 1/1 [00:00<00:00,  1.00it/s]
Predicted melting temperature: [60.25431442260742]
  0%|          | 0/1 [00:00<?, ?it/s]100%|██████████| 1/1 [00:01<00:00,  1.05s/it]100%|██████████| 1/1 [00:01<00:00,  1.06s/it]
100%|██████████| 1/1 [00:00<00:00,  1.02it/s]100%|██████████| 1/1 [00:00<00:00,  1.02it/s]
100%|██████████| 1/1 [00:00<00:00,  1.47it/s]Predicted melting temperature: [67.78506469726562]
100%|██████████| 1/1 [00:00<00:00,  1.45it/s]Predicted melting temperature: [54.764068603515625]

  0%|          | 0/1 [00:00<?, ?it/s]  0%|          | 0/1 [00:00<?, ?it/s]100%|██████████| 1/1 [00:01<00:00,  1.17s/it]Predicted melting temperature: [52.398433685302734]
  0%|          | 0/1 [00:00<?, ?it/s]100%|██████████| 1/1 [00:01<00:00,  1.18s/it]100%|██████████| 1/1 [00:01<00:00,  1.25s/it]100%|██████████| 1/1 [00:01<00:00,  1.12s/it]
100%|██████████| 1/1 [00:01<00:00,  1.20s/it]100%|██████████| 1/1 [00:01<00:00,  1.24s/it]Predicted melting temperature: [56.866600036621094]


  0%|          | 0/1 [00:00<?, ?it/s]Predicted melting temperature: [64.19436645507812]
  seed_122 arm=t1_base pH=7.4 target=-1.0    Tm=61.60  replicas=[64.8, 55.8, 64.2]
Predicted melting temperature: [70.96712493896484]
  0%|          | 0/1 [00:00<?, ?it/s]  0%|          | 0/1 [00:00<?, ?it/s]100%|██████████| 1/1 [00:01<00:00,  1.73s/it]100%|██████████| 1/1 [00:01<00:00,  1.74s/it]
Predicted melting temperature: [74.27684020996094]
  0%|          | 0/1 [00:00<?, ?it/s]100%|██████████| 1/1 [00:01<00:00,  1.01s/it]100%|██████████| 1/1 [00:01<00:00,  1.01s/it]
Predicted melting temperature: [56.537803649902344]
  0%|          | 0/1 [00:00<?, ?it/s]100%|██████████| 1/1 [00:01<00:00,  1.39s/it]100%|██████████| 1/1 [00:01<00:00,  1.39s/it]
Predicted melting temperature: [56.12254333496094]
  seed_122 arm=t1_cond pH=7.4 target=+0.0    Tm=62.07  replicas=[62.9, 67.2, 56.1]
  0%|          | 0/1 [00:00<?, ?it/s]100%|██████████| 1/1 [00:01<00:00,  1.21s/it]100%|██████████| 1/1 [00:01<00:00,  1.21s/it]
100%|██████████| 1/1 [00:00<00:00,  2.14it/s]100%|██████████| 1/1 [00:00<00:00,  2.12it/s]
Predicted melting temperature: [52.26713943481445]
  seed_125 arm=t2_pos pH=7.4 target=+4.0 c   Tm=51.60  replicas=[50.1, 52.4, 52.3]
100%|██████████| 1/1 [00:00<00:00,  1.08it/s]100%|██████████| 1/1 [00:00<00:00,  1.05it/s]Predicted melting temperature: [55.12434768676758]

  0%|          | 0/1 [00:00<?, ?it/s]  0%|          | 0/1 [00:00<?, ?it/s]Predicted melting temperature: [68.99636840820312]
  0%|          | 0/1 [00:00<?, ?it/s]100%|██████████| 1/1 [00:01<00:00,  1.45s/it]100%|██████████| 1/1 [00:01<00:00,  1.45s/it]
Predicted melting temperature: [54.98799514770508]
  seed_122 arm=t1_cond pH=7.4 target=-1.0    Tm=53.30  replicas=[51.0, 53.9, 55.0]
100%|██████████| 1/1 [00:00<00:00,  1.10it/s]100%|██████████| 1/1 [00:01<00:00,  1.05s/it]100%|██████████| 1/1 [00:01<00:00,  1.43s/it]
100%|██████████| 1/1 [00:01<00:00,  1.06s/it]100%|██████████| 1/1 [00:01<00:00,  1.52s/it]100%|██████████| 1/1 [00:01<00:00,  1.48s/it]100%|██████████| 1/1 [00:00<00:00,  1.38it/s]100%|██████████| 1/1 [00:01<00:00,  1.61s/it]  0%|          | 0/1 [00:00<?, ?it/s]100%|██████████| 1/1 [00:01<00:00,  1.56s/it]
Predicted melting temperature: [55.941864013671875]
  seed_119 arm=t2_ph pH=7.4 target=占位 char   Tm=57.17  replicas=[53.0, 62.6, 55.9]
100%|██████████| 1/1 [00:01<00:00,  1.16s/it]100%|██████████| 1/1 [00:01<00:00,  1.54s/it]
100%|██████████| 1/1 [00:00<00:00,  1.33it/s]
Predicted melting temperature: [77.77046203613281]


  0%|          | 0/1 [00:00<?, ?it/s]100%|██████████| 1/1 [00:01<00:00,  1.11s/it]Predicted melting temperature: [68.40489196777344]
  seed_122 arm=t2_neg pH=7.4 target=+3.0 c   Tm=75.02  replicas=[77.6, 79.0, 68.4]
  0%|          | 0/1 [00:00<?, ?it/s]100%|██████████| 1/1 [00:01<00:00,  1.11s/it]
Predicted melting temperature: [75.30551147460938]
  0%|          | 0/1 [00:00<?, ?it/s]Predicted melting temperature: [71.16638946533203]
  0%|          | 0/1 [00:00<?, ?it/s]Predicted melting temperature: [56.080963134765625]
Predicted melting temperature: [65.09364318847656]
  0%|          | 0/1 [00:00<?, ?it/s]100%|██████████| 1/1 [00:01<00:00,  1.05s/it]  0%|          | 0/1 [00:00<?, ?it/s]100%|██████████| 1/1 [00:00<00:00,  1.07it/s]  0%|          | 0/1 [00:00<?, ?it/s]100%|██████████| 1/1 [00:01<00:00,  1.07s/it]
Predicted melting temperature: [67.5487060546875]
  seed_122 arm=t2_ph pH=7.4 target=占位 char   Tm=68.33  replicas=[77.2, 60.3, 67.5]
100%|██████████| 1/1 [00:00<00:00,  1.04it/s]
  0%|          | 0/1 [00:00<?, ?it/s]100%|██████████| 1/1 [00:00<00:00,  1.01it/s]100%|██████████| 1/1 [00:00<00:00,  1.42it/s]100%|██████████| 1/1 [00:01<00:00,  1.05s/it]
Predicted melting temperature: [53.533042907714844]
  seed_122 arm=t2_ph pH=7.4 target=占位 char   Tm=57.15  replicas=[63.2, 54.8, 53.5]
Predicted melting temperature: [58.85454559326172]
  seed_124 arm=t1_base pH=7.4 target=+0.0    Tm=64.06  replicas=[65.5, 67.8, 58.9]
100%|██████████| 1/1 [00:00<00:00,  1.08it/s]100%|██████████| 1/1 [00:00<00:00,  1.31it/s]
Predicted melting temperature: [56.13229751586914]
  seed_125 arm=t2_neg pH=7.4 target=-6.0 c   Tm=56.99  replicas=[58.3, 56.5, 56.1]
100%|██████████| 1/1 [00:00<00:00,  1.05it/s]
  0%|          | 0/1 [00:00<?, ?it/s]Predicted melting temperature: [51.33200454711914]
  0%|          | 0/1 [00:00<?, ?it/s]  0%|          | 0/1 [00:00<?, ?it/s]  0%|          | 0/1 [00:00<?, ?it/s]100%|██████████| 1/1 [00:01<00:00,  1.12s/it]100%|██████████| 1/1 [00:01<00:00,  1.12s/it]
Predicted melting temperature: [50.133880615234375]
  seed_121 arm=t2_neg pH=7.4 target=+4.0 c   Tm=53.17  replicas=[52.5, 56.9, 50.1]
  0%|          | 0/1 [00:00<?, ?it/s]100%|██████████| 1/1 [00:00<00:00,  1.56it/s]100%|██████████| 1/1 [00:00<00:00,  1.56it/s]
Predicted melting temperature: [54.68429183959961]
  seed_123 arm=t2_neg pH=7.4 target=-5.0 c   Tm=64.13  replicas=[68.7, 69.0, 54.7]
  0%|          | 0/1 [00:00<?, ?it/s]100%|██████████| 1/1 [00:00<00:00,  1.41it/s]100%|██████████| 1/1 [00:00<00:00,  1.36it/s]
Predicted melting temperature: [53.436729431152344]
  0%|          | 0/1 [00:00<?, ?it/s]100%|██████████| 1/1 [00:01<00:00,  1.03s/it]100%|██████████| 1/1 [00:01<00:00,  1.04s/it]
100%|██████████| 1/1 [00:01<00:00,  1.68s/it]Predicted melting temperature: [65.88848114013672]
  0%|          | 0/1 [00:00<?, ?it/s]100%|██████████| 1/1 [00:01<00:00,  1.81s/it]
Predicted melting temperature: [76.06695556640625]
  0%|          | 0/1 [00:00<?, ?it/s]100%|██████████| 1/1 [00:01<00:00,  1.11s/it]100%|██████████| 1/1 [00:01<00:00,  1.29s/it]100%|██████████| 1/1 [00:00<00:00,  1.37it/s]100%|██████████| 1/1 [00:00<00:00,  1.02it/s]
Predicted melting temperature: [63.4962272644043]
  seed_121 arm=t2_pos pH=7.4 target=+14.0    Tm=66.52  replicas=[71.0, 65.1, 63.5]
100%|██████████| 1/1 [00:00<00:00,  1.24it/s]100%|██████████| 1/1 [00:01<00:00,  1.05s/it]100%|██████████| 1/1 [00:01<00:00,  1.70s/it]100%|██████████| 1/1 [00:00<00:00,  1.35it/s]
100%|██████████| 1/1 [00:00<00:00,  1.30it/s]100%|██████████| 1/1 [00:00<00:00,  1.05it/s]
Predicted melting temperature: [81.64440155029297]
  seed_122 arm=t1_base pH=7.4 target=+9.0    Tm=80.57  replicas=[82.3, 77.8, 81.6]
  0%|          | 0/1 [00:00<?, ?it/s]100%|██████████| 1/1 [00:00<00:00,  1.18it/s]100%|██████████| 1/1 [00:00<00:00,  1.18it/s]
100%|██████████| 1/1 [00:01<00:00,  1.81s/it]100%|██████████| 1/1 [00:01<00:00,  1.03s/it]
100%|██████████| 1/1 [00:01<00:00,  1.11s/it]

Predicted melting temperature: [63.32127380371094]
  seed_119 arm=t1_base pH=7.4 target=+8.0    Tm=70.26  replicas=[73.2, 74.3, 63.3]
Predicted melting temperature: [68.96392822265625]
  0%|          | 0/1 [00:00<?, ?it/s]  0%|          | 0/1 [00:00<?, ?it/s]Predicted melting temperature: [63.36360549926758]
  seed_123 arm=t2_pos pH=7.4 target=+5.0 c   Tm=67.21  replicas=[67.1, 71.2, 63.4]
100%|██████████| 1/1 [00:01<00:00,  1.12s/it]Predicted melting temperature: [59.136417388916016]

Predicted melting temperature: [57.12150955200195]
  0%|          | 0/1 [00:00<?, ?it/s]100%|██████████| 1/1 [00:00<00:00,  1.36it/s]100%|██████████| 1/1 [00:00<00:00,  1.15it/s]100%|██████████| 1/1 [00:01<00:00,  1.08s/it]  0%|          | 0/1 [00:00<?, ?it/s]100%|██████████| 1/1 [00:00<00:00,  1.03it/s]100%|██████████| 1/1 [00:01<00:00,  1.14s/it]  0%|          | 0/1 [00:00<?, ?it/s]Predicted melting temperature: [48.41841125488281]
  0%|          | 0/1 [00:00<?, ?it/s]100%|██████████| 1/1 [00:01<00:00,  1.02s/it]  0%|          | 0/1 [00:00<?, ?it/s]100%|██████████| 1/1 [00:01<00:00,  1.11s/it]
100%|██████████| 1/1 [00:01<00:00,  1.06s/it]100%|██████████| 1/1 [00:01<00:00,  1.23s/it]

100%|██████████| 1/1 [00:01<00:00,  1.15s/it]100%|██████████| 1/1 [00:01<00:00,  1.07s/it]100%|██████████| 1/1 [00:01<00:00,  1.23s/it]

Predicted melting temperature: [67.86193084716797]
Predicted melting temperature: [66.713623046875]
Predicted melting temperature: [53.616825103759766]
  0%|          | 0/1 [00:00<?, ?it/s]  0%|          | 0/1 [00:00<?, ?it/s]  0%|          | 0/1 [00:00<?, ?it/s]100%|██████████| 1/1 [00:00<00:00,  1.10it/s]100%|██████████| 1/1 [00:00<00:00,  1.09it/s]
Predicted melting temperature: [64.4854965209961]

Predicted melting temperature: [69.87469482421875]
  0%|          | 0/1 [00:00<?, ?it/s]  0%|          | 0/1 [00:00<?, ?it/s]Predicted melting temperature: [45.51327896118164]
  seed_123 arm=t2_ph pH=7.4 target=占位 char   Tm=51.75  replicas=[53.7, 56.1, 45.5]
Predicted melting temperature: [59.732765197753906]
  0%|          | 0/1 [00:00<?, ?it/s]  0%|          | 0/1 [00:00<?, ?it/s]100%|██████████| 1/1 [00:01<00:00,  1.37s/it]100%|██████████| 1/1 [00:01<00:00,  1.38s/it]100%|██████████| 1/1 [00:01<00:00,  1.14s/it]
100%|██████████| 1/1 [00:01<00:00,  1.47s/it]100%|██████████| 1/1 [00:01<00:00,  1.62s/it]100%|██████████| 1/1 [00:01<00:00,  1.31s/it]Predicted melting temperature: [77.39635467529297]


  0%|          | 0/1 [00:00<?, ?it/s]Predicted melting temperature: [54.16715621948242]
Predicted melting temperature: [52.455013275146484]
  0%|          | 0/1 [00:00<?, ?it/s]  0%|          | 0/1 [00:00<?, ?it/s]100%|██████████| 1/1 [00:00<00:00,  1.87it/s]100%|██████████| 1/1 [00:00<00:00,  1.87it/s]
100%|██████████| 1/1 [00:01<00:00,  1.10s/it]Predicted melting temperature: [60.26084518432617]
  0%|          | 0/1 [00:00<?, ?it/s]100%|██████████| 1/1 [00:01<00:00,  1.11s/it]
Predicted melting temperature: [62.67535400390625]
  0%|          | 0/1 [00:00<?, ?it/s]100%|██████████| 1/1 [00:00<00:00,  1.42it/s]100%|██████████| 1/1 [00:00<00:00,  1.42it/s]
100%|██████████| 1/1 [00:00<00:00,  1.21it/s]100%|██████████| 1/1 [00:00<00:00,  1.21it/s]Predicted melting temperature: [57.857357025146484]

  0%|          | 0/1 [00:00<?, ?it/s]Predicted melting temperature: [82.87271881103516]
  0%|          | 0/1 [00:00<?, ?it/s]100%|██████████| 1/1 [00:00<00:00,  1.24it/s]100%|██████████| 1/1 [00:00<00:00,  1.24it/s]
Predicted melting temperature: [62.80780792236328]
  seed_123 arm=t1_base pH=7.4 target=-1.0    Tm=57.09  replicas=[51.3, 57.1, 62.8]
100%|██████████| 1/1 [00:00<00:00,  1.39it/s]100%|██████████| 1/1 [00:00<00:00,  1.38it/s]  0%|          | 0/1 [00:00<?, ?it/s]
Predicted melting temperature: [55.01370620727539]
  seed_126 arm=t2_pos pH=7.4 target=+4.0 c   Tm=56.06  replicas=[53.4, 59.7, 55.0]
100%|██████████| 1/1 [00:00<00:00,  1.26it/s]100%|██████████| 1/1 [00:00<00:00,  1.25it/s]  0%|          | 0/1 [00:00<?, ?it/s]
100%|██████████| 1/1 [00:01<00:00,  1.42s/it]100%|██████████| 1/1 [00:01<00:00,  1.42s/it]
Predicted melting temperature: [65.5317611694336]
  seed_120 arm=t2_pos pH=7.4 target=+13.0    Tm=73.11  replicas=[77.7, 76.1, 65.5]
Predicted melting temperature: [68.01785278320312]
  0%|          | 0/1 [00:00<?, ?it/s]100%|██████████| 1/1 [00:00<00:00,  1.13it/s]  0%|          | 0/1 [00:00<?, ?it/s]100%|██████████| 1/1 [00:00<00:00,  1.19it/s]100%|██████████| 1/1 [00:00<00:00,  1.05it/s]100%|██████████| 1/1 [00:00<00:00,  1.15it/s]

Predicted melting temperature: [54.52622985839844]
  0%|          | 0/1 [00:00<?, ?it/s]Predicted melting temperature: [68.83979797363281]
  0%|          | 0/1 [00:00<?, ?it/s]100%|██████████| 1/1 [00:01<00:00,  1.17s/it]100%|██████████| 1/1 [00:01<00:00,  1.17s/it]100%|██████████| 1/1 [00:01<00:00,  1.01s/it]
Predicted melting temperature: [55.96656799316406]
  seed_123 arm=t1_cond pH=7.4 target=+9.0    Tm=60.02  replicas=[55.1, 69.0, 56.0]
100%|██████████| 1/1 [00:00<00:00,  1.03it/s]100%|██████████| 1/1 [00:00<00:00,  1.00it/s]100%|██████████| 1/1 [00:01<00:00,  1.03s/it]  0%|          | 0/1 [00:00<?, ?it/s]

Predicted melting temperature: [54.35560607910156]
  0%|          | 0/1 [00:00<?, ?it/s]Predicted melting temperature: [67.8125]
  0%|          | 0/1 [00:00<?, ?it/s]100%|██████████| 1/1 [00:00<00:00,  1.66it/s]100%|██████████| 1/1 [00:00<00:00,  1.60it/s]
Predicted melting temperature: [60.96812438964844]
  seed_126 arm=t2_neg pH=7.4 target=-6.0 c   Tm=60.12  replicas=[59.1, 60.3, 61.0]
100%|██████████| 1/1 [00:01<00:00,  1.14s/it]100%|██████████| 1/1 [00:01<00:00,  1.14s/it]100%|██████████| 1/1 [00:01<00:00,  1.20s/it]
100%|██████████| 1/1 [00:01<00:00,  1.20s/it]  0%|          | 0/1 [00:00<?, ?it/s]
Predicted melting temperature: [58.512550354003906]
Predicted melting temperature: [75.8336181640625]
  0%|          | 0/1 [00:00<?, ?it/s]  0%|          | 0/1 [00:00<?, ?it/s]100%|██████████| 1/1 [00:01<00:00,  1.35s/it]100%|██████████| 1/1 [00:01<00:00,  1.36s/it]
100%|██████████| 1/1 [00:01<00:00,  1.42s/it]Predicted melting temperature: [67.07904052734375]
100%|██████████| 1/1 [00:01<00:00,  1.08s/it]100%|██████████| 1/1 [00:00<00:00,  1.51it/s]100%|██████████| 1/1 [00:00<00:00,  1.19it/s]100%|██████████| 1/1 [00:01<00:00,  1.04s/it]100%|██████████| 1/1 [00:01<00:00,  1.90s/it]100%|██████████| 1/1 [00:00<00:00,  1.34it/s]
100%|██████████| 1/1 [00:01<00:00,  1.10s/it]100%|██████████| 1/1 [00:01<00:00,  1.53s/it]  0%|          | 0/1 [00:00<?, ?it/s]100%|██████████| 1/1 [00:01<00:00,  1.05s/it]100%|██████████| 1/1 [00:01<00:00,  1.48s/it]100%|██████████| 1/1 [00:01<00:00,  1.02s/it]100%|██████████| 1/1 [00:01<00:00,  1.21s/it]


100%|██████████| 1/1 [00:00<00:00,  1.12it/s]

100%|██████████| 1/1 [00:01<00:00,  1.55s/it]100%|██████████| 1/1 [00:01<00:00,  1.22s/it]Predicted melting temperature: [79.94369506835938]

100%|██████████| 1/1 [00:00<00:00,  1.54it/s]100%|██████████| 1/1 [00:01<00:00,  1.51s/it]Predicted melting temperature: [74.94775390625]

Predicted melting temperature: [75.01814270019531]
Predicted melting temperature: [60.21988296508789]
  seed_125 arm=t1_base pH=7.4 target=+0.0    Tm=66.31  replicas=[69.9, 68.8, 60.2]
  0%|          | 0/1 [00:00<?, ?it/s]100%|██████████| 1/1 [00:01<00:00,  1.51s/it]
  0%|          | 0/1 [00:00<?, ?it/s]Predicted melting temperature: [62.48020553588867]
  seed_120 arm=t1_cond pH=7.4 target=+8.0    Tm=71.73  replicas=[75.3, 77.4, 62.5]
  0%|          | 0/1 [00:00<?, ?it/s]100%|██████████| 1/1 [00:00<00:00,  1.52it/s]Predicted melting temperature: [52.703346252441406]

100%|██████████| 1/1 [00:00<00:00,  1.04it/s]  0%|          | 0/1 [00:00<?, ?it/s]Predicted melting temperature: [62.62605667114258]
100%|██████████| 1/1 [00:00<00:00,  1.03it/s]Predicted melting temperature: [76.0301513671875]
Predicted melting temperature: [61.2150993347168]

Predicted melting temperature: [50.11874771118164]
  0%|          | 0/1 [00:00<?, ?it/s]  0%|          | 0/1 [00:00<?, ?it/s]  0%|          | 0/1 [00:00<?, ?it/s]  0%|          | 0/1 [00:00<?, ?it/s]Predicted melting temperature: [62.5166015625]
  seed_124 arm=t2_neg pH=7.4 target=-5.0 c   Tm=65.75  replicas=[66.7, 68.0, 62.5]
  0%|          | 0/1 [00:00<?, ?it/s]  0%|          | 0/1 [00:00<?, ?it/s]  0%|          | 0/1 [00:00<?, ?it/s]100%|██████████| 1/1 [00:00<00:00,  1.01it/s]100%|██████████| 1/1 [00:00<00:00,  1.00it/s]
Predicted melting temperature: [60.69768524169922]
  seed_123 arm=t1_cond pH=7.4 target=-1.0    Tm=54.55  replicas=[48.4, 54.5, 60.7]
  0%|          | 0/1 [00:00<?, ?it/s]100%|██████████| 1/1 [00:00<00:00,  1.03it/s]100%|██████████| 1/1 [00:00<00:00,  1.03it/s]
Predicted melting temperature: [57.306434631347656]
  seed_123 arm=t2_ph pH=7.4 target=占位 char   Tm=55.09  replicas=[53.6, 54.4, 57.3]
  0%|          | 0/1 [00:00<?, ?it/s]100%|██████████| 1/1 [00:00<00:00,  1.01it/s]100%|██████████| 1/1 [00:00<00:00,  1.00it/s]
Predicted melting temperature: [75.87679290771484]
  seed_123 arm=t2_ph pH=7.4 target=占位 char   Tm=69.39  replicas=[64.5, 67.8, 75.9]
  0%|          | 0/1 [00:00<?, ?it/s]100%|██████████| 1/1 [00:01<00:00,  1.12s/it]100%|██████████| 1/1 [00:01<00:00,  1.12s/it]
Predicted melting temperature: [54.577392578125]
  0%|          | 0/1 [00:00<?, ?it/s]100%|██████████| 1/1 [00:01<00:00,  1.47s/it]100%|██████████| 1/1 [00:01<00:00,  1.47s/it]100%|██████████| 1/1 [00:01<00:00,  1.15s/it]
100%|██████████| 1/1 [00:01<00:00,  1.16s/it]
Predicted melting temperature: [55.68231201171875]
  seed_123 arm=t2_neg pH=7.4 target=+3.0 c   Tm=66.46  replicas=[67.9, 75.8, 55.7]
Predicted melting temperature: [71.48544311523438]
  0%|          | 0/1 [00:00<?, ?it/s]  0%|          | 0/1 [00:00<?, ?it/s]100%|██████████| 1/1 [00:01<00:00,  1.27s/it]100%|██████████| 1/1 [00:01<00:00,  1.27s/it]
100%|██████████| 1/1 [00:01<00:00,  1.98s/it]100%|██████████| 1/1 [00:02<00:00,  2.05s/it]
Predicted melting temperature: [58.12290954589844]
  seed_123 arm=t1_cond pH=7.4 target=+0.0    Tm=62.23  replicas=[65.9, 62.7, 58.1]
Predicted melting temperature: [58.7001838684082]
  0%|          | 0/1 [00:00<?, ?it/s]  0%|          | 0/1 [00:00<?, ?it/s]100%|██████████| 1/1 [00:00<00:00,  1.19it/s]100%|██████████| 1/1 [00:00<00:00,  1.19it/s]
Predicted melting temperature: [54.6821174621582]
  0%|          | 0/1 [00:00<?, ?it/s]100%|██████████| 1/1 [00:00<00:00,  1.14it/s]100%|██████████| 1/1 [00:00<00:00,  1.12it/s]
Predicted melting temperature: [57.36354064941406]
  0%|          | 0/1 [00:00<?, ?it/s]100%|██████████| 1/1 [00:00<00:00,  1.00it/s]100%|██████████| 1/1 [00:00<00:00,  1.00it/s]
Predicted melting temperature: [62.553977966308594]
  0%|          | 0/1 [00:00<?, ?it/s]100%|██████████| 1/1 [00:01<00:00,  1.12s/it]100%|██████████| 1/1 [00:01<00:00,  1.12s/it]
100%|██████████| 1/1 [00:01<00:00,  1.22s/it]100%|██████████| 1/1 [00:01<00:00,  1.22s/it]
Predicted melting temperature: [63.82228469848633]
  0%|          | 0/1 [00:00<?, ?it/s]Predicted melting temperature: [62.27967834472656]
100%|██████████| 1/1 [00:00<00:00,  1.09it/s]100%|██████████| 1/1 [00:01<00:00,  1.15s/it]100%|██████████| 1/1 [00:01<00:00,  1.07s/it]  0%|          | 0/1 [00:00<?, ?it/s]100%|██████████| 1/1 [00:01<00:00,  1.20s/it]100%|██████████| 1/1 [00:01<00:00,  1.28s/it]100%|██████████| 1/1 [00:00<00:00,  1.02it/s]100%|██████████| 1/1 [00:01<00:00,  1.09s/it]


100%|██████████| 1/1 [00:01<00:00,  1.29s/it]
Predicted melting temperature: [59.84874725341797]
  seed_122 arm=t2_neg pH=7.4 target=+4.0 c   Tm=62.99  replicas=[54.2, 74.9, 59.8]
100%|██████████| 1/1 [00:01<00:00,  1.29s/it]100%|██████████| 1/1 [00:01<00:00,  1.28s/it]100%|██████████| 1/1 [00:01<00:00,  1.28s/it]
100%|██████████| 1/1 [00:01<00:00,  1.30s/it]Predicted melting temperature: [73.376220703125]

Predicted melting temperature: [54.38920974731445]
Predicted melting temperature: [56.2653923034668]
Predicted melting temperature: [56.616981506347656]
  seed_123 arm=t1_base pH=7.4 target=+9.0    Tm=63.16  replicas=[57.9, 75.0, 56.6]
  0%|          | 0/1 [00:00<?, ?it/s]  0%|          | 0/1 [00:00<?, ?it/s]  0%|          | 0/1 [00:00<?, ?it/s]Predicted melting temperature: [53.909393310546875]
  0%|          | 0/1 [00:00<?, ?it/s]  0%|          | 0/1 [00:00<?, ?it/s]  0%|          | 0/1 [00:00<?, ?it/s]100%|██████████| 1/1 [00:01<00:00,  1.29s/it]100%|██████████| 1/1 [00:01<00:00,  1.30s/it]
Predicted melting temperature: [76.42061614990234]
  seed_122 arm=t2_pos pH=7.4 target=+14.0    Tm=78.44  replicas=[82.9, 76.0, 76.4]
100%|██████████| 1/1 [00:01<00:00,  1.31s/it]100%|██████████| 1/1 [00:01<00:00,  1.32s/it]100%|██████████| 1/1 [00:01<00:00,  1.13s/it]  0%|          | 0/1 [00:00<?, ?it/s]
Predicted melting temperature: [59.04774475097656]
  seed_120 arm=t2_ph pH=7.4 target=占位 char   Tm=57.57  replicas=[52.5, 61.2, 59.0]
100%|██████████| 1/1 [00:01<00:00,  1.16s/it]
  0%|          | 0/1 [00:00<?, ?it/s]Predicted melting temperature: [57.725685119628906]
  0%|          | 0/1 [00:00<?, ?it/s]100%|██████████| 1/1 [00:00<00:00,  2.08it/s]100%|██████████| 1/1 [00:00<00:00,  2.06it/s]
Predicted melting temperature: [56.325347900390625]
  seed_127 arm=t2_neg pH=7.4 target=-6.0 c   Tm=58.77  replicas=[62.6, 57.4, 56.3]
  0%|          | 0/1 [00:00<?, ?it/s]100%|██████████| 1/1 [00:00<00:00,  1.89it/s]100%|██████████| 1/1 [00:00<00:00,  1.86it/s]
Predicted melting temperature: [52.911376953125]
  seed_127 arm=t2_pos pH=7.4 target=+4.0 c   Tm=52.57  replicas=[50.1, 54.7, 52.9]
100%|██████████| 1/1 [00:01<00:00,  1.48s/it]100%|██████████| 1/1 [00:01<00:00,  1.54s/it]100%|██████████| 1/1 [00:00<00:00,  1.08it/s]
100%|██████████| 1/1 [00:00<00:00,  1.03it/s]
  0%|          | 0/1 [00:00<?, ?it/s]Predicted melting temperature: [76.33045959472656]
  0%|          | 0/1 [00:00<?, ?it/s]Predicted melting temperature: [71.90184783935547]
  0%|          | 0/1 [00:00<?, ?it/s]100%|██████████| 1/1 [00:01<00:00,  1.57s/it]100%|██████████| 1/1 [00:01<00:00,  1.57s/it]
Predicted melting temperature: [71.11363220214844]
  0%|          | 0/1 [00:00<?, ?it/s]100%|██████████| 1/1 [00:01<00:00,  1.08s/it]100%|██████████| 1/1 [00:01<00:00,  1.08s/it]
Predicted melting temperature: [70.86551666259766]
  seed_124 arm=t2_ph pH=7.4 target=占位 char   Tm=62.69  replicas=[58.5, 58.7, 70.9]
  0%|          | 0/1 [00:00<?, ?it/s]100%|██████████| 1/1 [00:01<00:00,  1.15s/it]100%|██████████| 1/1 [00:01<00:00,  1.15s/it]
100%|██████████| 1/1 [00:00<00:00,  1.56it/s]100%|██████████| 1/1 [00:00<00:00,  1.54it/s]
Predicted melting temperature: [66.13410949707031]
  0%|          | 0/1 [00:00<?, ?it/s]Predicted melting temperature: [55.49693298339844]
  0%|          | 0/1 [00:00<?, ?it/s]100%|██████████| 1/1 [00:00<00:00,  1.75it/s]100%|██████████| 1/1 [00:00<00:00,  1.74it/s]
100%|██████████| 1/1 [00:00<00:00,  1.03it/s]100%|██████████| 1/1 [00:00<00:00,  1.97it/s]100%|██████████| 1/1 [00:00<00:00,  1.02it/s]
100%|██████████| 1/1 [00:00<00:00,  1.93it/s]
Predicted melting temperature: [57.30378723144531]
  0%|          | 0/1 [00:00<?, ?it/s]Predicted melting temperature: [65.22051239013672]
Predicted melting temperature: [49.41104507446289]
  0%|          | 0/1 [00:00<?, ?it/s]  0%|          | 0/1 [00:00<?, ?it/s]100%|██████████| 1/1 [00:01<00:00,  1.55s/it]100%|██████████| 1/1 [00:00<00:00,  1.22it/s]100%|██████████| 1/1 [00:01<00:00,  1.60s/it]100%|██████████| 1/1 [00:00<00:00,  1.19it/s]

Predicted melting temperature: [55.53273010253906]
  seed_124 arm=t1_cond pH=7.4 target=+9.0    Tm=61.16  replicas=[54.6, 73.4, 55.5]
Predicted melting temperature: [77.1833724975586]
  0%|          | 0/1 [00:00<?, ?it/s]  0%|          | 0/1 [00:00<?, ?it/s]100%|██████████| 1/1 [00:00<00:00,  1.09it/s]100%|██████████| 1/1 [00:00<00:00,  1.08it/s]
Predicted melting temperature: [61.31494140625]
  seed_124 arm=t2_pos pH=7.4 target=+5.0 c   Tm=63.56  replicas=[67.1, 62.3, 61.3]
100%|██████████| 1/1 [00:00<00:00,  1.00it/s]100%|██████████| 1/1 [00:01<00:00,  1.01s/it]
  0%|          | 0/1 [00:00<?, ?it/s]Predicted melting temperature: [69.61009979248047]
  0%|          | 0/1 [00:00<?, ?it/s]100%|██████████| 1/1 [00:00<00:00,  1.07it/s]100%|██████████| 1/1 [00:00<00:00,  1.05it/s]
Predicted melting temperature: [51.46453857421875]
  0%|          | 0/1 [00:00<?, ?it/s]100%|██████████| 1/1 [00:01<00:00,  1.02s/it]100%|██████████| 1/1 [00:01<00:00,  1.03s/it]
100%|██████████| 1/1 [00:01<00:00,  1.06s/it]100%|██████████| 1/1 [00:01<00:00,  1.07s/it]
Predicted melting temperature: [58.444793701171875]
  seed_124 arm=t1_base pH=7.4 target=-1.0    Tm=55.80  replicas=[52.7, 56.3, 58.4]
Predicted melting temperature: [63.57971954345703]
  0%|          | 0/1 [00:00<?, ?it/s]  0%|          | 0/1 [00:00<?, ?it/s]100%|██████████| 1/1 [00:01<00:00,  1.07s/it]100%|██████████| 1/1 [00:01<00:00,  1.09s/it]
Predicted melting temperature: [54.110721588134766]
  0%|          | 0/1 [00:00<?, ?it/s]100%|██████████| 1/1 [00:01<00:00,  1.05s/it]100%|██████████| 1/1 [00:01<00:00,  1.05s/it]
Predicted melting temperature: [55.15922546386719]
  0%|          | 0/1 [00:00<?, ?it/s]100%|██████████| 1/1 [00:01<00:00,  1.00s/it]100%|██████████| 1/1 [00:01<00:00,  1.00s/it]
Predicted melting temperature: [77.14767456054688]
  0%|          | 0/1 [00:00<?, ?it/s]100%|██████████| 1/1 [00:01<00:00,  1.21s/it]100%|██████████| 1/1 [00:01<00:00,  1.21s/it]
Predicted melting temperature: [83.8337173461914]
  0%|          | 0/1 [00:00<?, ?it/s]100%|██████████| 1/1 [00:00<00:00,  1.48it/s]100%|██████████| 1/1 [00:00<00:00,  1.48it/s]
Predicted melting temperature: [52.31682586669922]
  seed_124 arm=t2_ph pH=7.4 target=占位 char   Tm=54.07  replicas=[54.4, 55.5, 52.3]
  0%|          | 0/1 [00:00<?, ?it/s]100%|██████████| 1/1 [00:00<00:00,  1.53it/s]100%|██████████| 1/1 [00:00<00:00,  1.53it/s]
Predicted melting temperature: [63.749267578125]
  0%|          | 0/1 [00:00<?, ?it/s]100%|██████████| 1/1 [00:00<00:00,  1.42it/s]100%|██████████| 1/1 [00:00<00:00,  1.42it/s]
Predicted melting temperature: [54.012420654296875]
  0%|          | 0/1 [00:00<?, ?it/s]100%|██████████| 1/1 [00:01<00:00,  1.59s/it]100%|██████████| 1/1 [00:01<00:00,  1.59s/it]
Predicted melting temperature: [76.3056640625]
  0%|          | 0/1 [00:00<?, ?it/s]100%|██████████| 1/1 [00:01<00:00,  1.19s/it]100%|██████████| 1/1 [00:01<00:00,  1.19s/it]
100%|██████████| 1/1 [00:01<00:00,  1.44s/it]100%|██████████| 1/1 [00:01<00:00,  1.59s/it]100%|██████████| 1/1 [00:01<00:00,  1.65s/it]100%|██████████| 1/1 [00:00<00:00,  1.11it/s]
100%|██████████| 1/1 [00:00<00:00,  1.04it/s]100%|██████████| 1/1 [00:01<00:00,  1.03s/it]
100%|██████████| 1/1 [00:00<00:00,  1.50it/s]Predicted melting temperature: [58.504150390625]
100%|██████████| 1/1 [00:01<00:00,  1.72s/it]
Predicted melting temperature: [77.733154296875]
100%|██████████| 1/1 [00:00<00:00,  1.42it/s]100%|██████████| 1/1 [00:01<00:00,  1.11s/it]
  0%|          | 0/1 [00:00<?, ?it/s]
Predicted melting temperature: [70.79013061523438]
Predicted melting temperature: [64.95797729492188]
  seed_124 arm=t2_neg pH=7.4 target=+3.0 c   Tm=71.34  replicas=[71.9, 77.1, 65.0]
100%|██████████| 1/1 [00:01<00:00,  1.19s/it]  0%|          | 0/1 [00:00<?, ?it/s]Predicted melting temperature: [63.04047393798828]
  seed_120 arm=t1_base pH=7.4 target=+8.0    Tm=73.10  replicas=[79.9, 76.3, 63.0]
100%|██████████| 1/1 [00:01<00:00,  1.21s/it]  0%|          | 0/1 [00:00<?, ?it/s]Predicted melting temperature: [69.0355224609375]
  0%|          | 0/1 [00:00<?, ?it/s]  0%|          | 0/1 [00:00<?, ?it/s]  0%|          | 0/1 [00:00<?, ?it/s]
Predicted melting temperature: [56.167484283447266]
  seed_126 arm=t1_base pH=7.4 target=+0.0    Tm=61.31  replicas=[62.6, 65.2, 56.2]
100%|██████████| 1/1 [00:01<00:00,  1.12s/it]100%|██████████| 1/1 [00:01<00:00,  1.13s/it]100%|██████████| 1/1 [00:01<00:00,  1.39s/it]  0%|          | 0/1 [00:00<?, ?it/s]
100%|██████████| 1/1 [00:01<00:00,  1.40s/it]
Predicted melting temperature: [68.17109680175781]
100%|██████████| 1/1 [00:00<00:00,  1.59it/s]100%|██████████| 1/1 [00:00<00:00,  1.59it/s]  0%|          | 0/1 [00:00<?, ?it/s]Predicted melting temperature: [70.55014038085938]

100%|██████████| 1/1 [00:01<00:00,  1.16s/it]100%|██████████| 1/1 [00:00<00:00,  1.42it/s]100%|██████████| 1/1 [00:00<00:00,  1.60it/s]100%|██████████| 1/1 [00:01<00:00,  1.07s/it]Predicted melting temperature: [58.867332458496094]
  seed_128 arm=t2_neg pH=7.4 target=-6.0 c   Tm=59.97  replicas=[57.3, 63.7, 58.9]
  0%|          | 0/1 [00:00<?, ?it/s]100%|██████████| 1/1 [00:00<00:00,  1.24it/s]100%|██████████| 1/1 [00:01<00:00,  1.27s/it]
100%|██████████| 1/1 [00:00<00:00,  1.40it/s]

100%|██████████| 1/1 [00:01<00:00,  1.13s/it]100%|██████████| 1/1 [00:01<00:00,  1.14s/it]
Predicted melting temperature: [60.189849853515625]
  seed_128 arm=t2_pos pH=7.4 target=+4.0 c   Tm=54.54  replicas=[49.4, 54.0, 60.2]
  0%|          | 0/1 [00:00<?, ?it/s]Predicted melting temperature: [62.78184127807617]
Predicted melting temperature: [55.036773681640625]
  seed_125 arm=t2_neg pH=7.4 target=-5.0 c   Tm=62.82  replicas=[63.8, 69.6, 55.0]
  0%|          | 0/1 [00:00<?, ?it/s]100%|██████████| 1/1 [00:01<00:00,  1.20s/it]Predicted melting temperature: [51.302146911621094]

  0%|          | 0/1 [00:00<?, ?it/s]100%|██████████| 1/1 [00:01<00:00,  1.45s/it]  0%|          | 0/1 [00:00<?, ?it/s]  0%|          | 0/1 [00:00<?, ?it/s]100%|██████████| 1/1 [00:01<00:00,  1.45s/it]Predicted melting temperature: [55.465641021728516]
  seed_124 arm=t1_cond pH=7.4 target=-1.0    Tm=57.65  replicas=[53.9, 63.6, 55.5]

Predicted melting temperature: [65.36912536621094]
  seed_121 arm=t2_pos pH=7.4 target=+13.0    Tm=71.35  replicas=[71.5, 77.2, 65.4]
  0%|          | 0/1 [00:00<?, ?it/s]  0%|          | 0/1 [00:00<?, ?it/s]100%|██████████| 1/1 [00:01<00:00,  1.28s/it]100%|██████████| 1/1 [00:01<00:00,  1.26s/it]100%|██████████| 1/1 [00:01<00:00,  1.46s/it]100%|██████████| 1/1 [00:01<00:00,  1.41s/it]

Predicted melting temperature: [70.08453369140625]
Predicted melting temperature: [50.828670501708984]
  seed_124 arm=t2_ph pH=7.4 target=占位 char   Tm=54.57  replicas=[57.7, 55.2, 50.8]
  0%|          | 0/1 [00:00<?, ?it/s]  0%|          | 0/1 [00:00<?, ?it/s]100%|██████████| 1/1 [00:00<00:00,  1.56it/s]100%|██████████| 1/1 [00:00<00:00,  1.54it/s]
Predicted melting temperature: [48.41613006591797]
  seed_123 arm=t2_neg pH=7.4 target=+4.0 c   Tm=56.89  replicas=[51.5, 70.8, 48.4]
  0%|          | 0/1 [00:00<?, ?it/s]100%|██████████| 1/1 [00:00<00:00,  1.35it/s]100%|██████████| 1/1 [00:00<00:00,  1.35it/s]
Predicted melting temperature: [68.31533813476562]
  0%|          | 0/1 [00:00<?, ?it/s]100%|██████████| 1/1 [00:01<00:00,  1.21s/it]100%|██████████| 1/1 [00:01<00:00,  1.21s/it]
100%|██████████| 1/1 [00:00<00:00,  1.10it/s]100%|██████████| 1/1 [00:00<00:00,  1.10it/s]Predicted melting temperature: [61.04604721069336]

  0%|          | 0/1 [00:00<?, ?it/s]100%|██████████| 1/1 [00:01<00:00,  1.64s/it]Predicted melting temperature: [66.11317443847656]
100%|██████████| 1/1 [00:00<00:00,  1.44it/s]100%|██████████| 1/1 [00:00<00:00,  1.03it/s]  0%|          | 0/1 [00:00<?, ?it/s]100%|██████████| 1/1 [00:01<00:00,  1.74s/it]100%|██████████| 1/1 [00:01<00:00,  1.03s/it]100%|██████████| 1/1 [00:00<00:00,  1.30it/s]


Predicted melting temperature: [77.87275695800781]
  0%|          | 0/1 [00:00<?, ?it/s]Predicted melting temperature: [71.00430297851562]
  0%|          | 0/1 [00:00<?, ?it/s]Predicted melting temperature: [60.113948822021484]
  0%|          | 0/1 [00:00<?, ?it/s]100%|██████████| 1/1 [00:00<00:00,  1.08it/s]100%|██████████| 1/1 [00:00<00:00,  1.08it/s]
Predicted melting temperature: [67.23969268798828]
  0%|          | 0/1 [00:00<?, ?it/s]100%|██████████| 1/1 [00:00<00:00,  1.06it/s]100%|██████████| 1/1 [00:00<00:00,  1.06it/s]
100%|██████████| 1/1 [00:00<00:00,  1.06it/s]100%|██████████| 1/1 [00:00<00:00,  1.00it/s]
Predicted melting temperature: [64.68871307373047]
  0%|          | 0/1 [00:00<?, ?it/s]Predicted melting temperature: [57.512420654296875]
  0%|          | 0/1 [00:00<?, ?it/s]100%|██████████| 1/1 [00:01<00:00,  1.36s/it]100%|██████████| 1/1 [00:01<00:00,  1.36s/it]
Predicted melting temperature: [57.865325927734375]
  0%|          | 0/1 [00:00<?, ?it/s]100%|██████████| 1/1 [00:01<00:00,  1.11s/it]100%|██████████| 1/1 [00:01<00:00,  1.11s/it]
Predicted melting temperature: [65.1800765991211]
  0%|          | 0/1 [00:00<?, ?it/s]100%|██████████| 1/1 [00:01<00:00,  1.18s/it]100%|██████████| 1/1 [00:01<00:00,  1.19s/it]
100%|██████████| 1/1 [00:01<00:00,  1.52s/it]Predicted melting temperature: [52.43379211425781]
  0%|          | 0/1 [00:00<?, ?it/s]100%|██████████| 1/1 [00:01<00:00,  1.54s/it]
100%|██████████| 1/1 [00:00<00:00,  1.17it/s]100%|██████████| 1/1 [00:00<00:00,  1.17it/s]Predicted melting temperature: [73.60322570800781]

100%|██████████| 1/1 [00:01<00:00,  1.62s/it]  0%|          | 0/1 [00:00<?, ?it/s]100%|██████████| 1/1 [00:01<00:00,  1.63s/it]
Predicted melting temperature: [59.526859283447266]
  seed_121 arm=t1_cond pH=7.4 target=+8.0    Tm=69.46  replicas=[71.1, 77.7, 59.5]
Predicted melting temperature: [57.82019805908203]
  0%|          | 0/1 [00:00<?, ?it/s]  0%|          | 0/1 [00:00<?, ?it/s]100%|██████████| 1/1 [00:01<00:00,  1.06s/it]100%|██████████| 1/1 [00:01<00:00,  1.12s/it]100%|██████████| 1/1 [00:01<00:00,  1.43s/it]
Predicted melting temperature: [49.769859313964844]
  seed_124 arm=t1_base pH=7.4 target=+9.0    Tm=57.99  replicas=[54.1, 70.1, 49.8]
100%|██████████| 1/1 [00:01<00:00,  1.45s/it]  0%|          | 0/1 [00:00<?, ?it/s]
Predicted melting temperature: [57.99818420410156]
  0%|          | 0/1 [00:00<?, ?it/s]100%|██████████| 1/1 [00:00<00:00,  1.06it/s]100%|██████████| 1/1 [00:00<00:00,  1.04it/s]
100%|██████████| 1/1 [00:01<00:00,  1.18s/it]100%|██████████| 1/1 [00:01<00:00,  1.21s/it]
Predicted melting temperature: [73.91475677490234]
  0%|          | 0/1 [00:00<?, ?it/s]Predicted melting temperature: [58.59946060180664]
  0%|          | 0/1 [00:00<?, ?it/s]100%|██████████| 1/1 [00:00<00:00,  1.35it/s]100%|██████████| 1/1 [00:00<00:00,  1.33it/s]
Predicted melting temperature: [60.974754333496094]
  0%|          | 0/1 [00:00<?, ?it/s]100%|██████████| 1/1 [00:01<00:00,  1.77s/it]100%|██████████| 1/1 [00:01<00:00,  1.80s/it]
Predicted melting temperature: [55.26276397705078]
  seed_124 arm=t1_cond pH=7.4 target=+0.0    Tm=63.98  replicas=[66.1, 70.6, 55.3]
  0%|          | 0/1 [00:00<?, ?it/s]100%|██████████| 1/1 [00:01<00:00,  1.46s/it]100%|██████████| 1/1 [00:01<00:00,  1.47s/it]
Predicted melting temperature: [71.72277069091797]
  0%|          | 0/1 [00:00<?, ?it/s]100%|██████████| 1/1 [00:01<00:00,  1.09s/it]100%|██████████| 1/1 [00:01<00:00,  1.09s/it]
Predicted melting temperature: [75.94795989990234]
100%|██████████| 1/1 [00:00<00:00,  1.12it/s]100%|██████████| 1/1 [00:00<00:00,  1.11it/s]100%|██████████| 1/1 [00:00<00:00,  1.03it/s]
  0%|          | 0/1 [00:00<?, ?it/s]100%|██████████| 1/1 [00:00<00:00,  1.03it/s]
Predicted melting temperature: [59.916839599609375]
  seed_125 arm=t1_base pH=7.4 target=-1.0    Tm=56.24  replicas=[51.3, 57.5, 59.9]
Predicted melting temperature: [60.25593566894531]
  0%|          | 0/1 [00:00<?, ?it/s]100%|██████████| 1/1 [00:01<00:00,  1.22s/it]  0%|          | 0/1 [00:00<?, ?it/s]100%|██████████| 1/1 [00:01<00:00,  1.23s/it]
Predicted melting temperature: [65.61811828613281]
  seed_125 arm=t1_cond pH=7.4 target=+9.0    Tm=68.55  replicas=[69.0, 71.0, 65.6]
  0%|          | 0/1 [00:00<?, ?it/s]100%|██████████| 1/1 [00:01<00:00,  1.24s/it]100%|██████████| 1/1 [00:01<00:00,  1.25s/it]
Predicted melting temperature: [57.888519287109375]
  seed_125 arm=t2_pos pH=7.4 target=+5.0 c   Tm=64.43  replicas=[68.2, 67.2, 57.9]
  0%|          | 0/1 [00:00<?, ?it/s]100%|██████████| 1/1 [00:01<00:00,  1.41s/it]100%|██████████| 1/1 [00:01<00:00,  1.41s/it]
Predicted melting temperature: [78.43024444580078]
  seed_121 arm=t2_ph pH=7.4 target=占位 char   Tm=71.93  replicas=[76.3, 61.0, 78.4]
100%|██████████| 1/1 [00:01<00:00,  1.38s/it]100%|██████████| 1/1 [00:01<00:00,  1.15s/it]100%|██████████| 1/1 [00:01<00:00,  1.26s/it]100%|██████████| 1/1 [00:01<00:00,  1.08s/it]100%|██████████| 1/1 [00:00<00:00,  1.02it/s]100%|██████████| 1/1 [00:00<00:00,  1.04it/s]
100%|██████████| 1/1 [00:00<00:00,  1.62it/s]100%|██████████| 1/1 [00:01<00:00,  1.54s/it]
100%|██████████| 1/1 [00:01<00:00,  1.04s/it]
100%|██████████| 1/1 [00:00<00:00,  1.02it/s]
100%|██████████| 1/1 [00:01<00:00,  1.16s/it]100%|██████████| 1/1 [00:00<00:00,  1.60it/s]
Predicted melting temperature: [78.343505859375]
  seed_123 arm=t2_pos pH=7.4 target=+14.0    Tm=80.02  replicas=[83.8, 77.9, 78.3]

Predicted melting temperature: [80.75791931152344]
  seed_125 arm=t2_ph pH=7.4 target=占位 char   Tm=65.71  replicas=[58.5, 57.9, 80.8]
Predicted melting temperature: [60.63407897949219]
  seed_129 arm=t2_neg pH=7.4 target=-6.0 c   Tm=60.57  replicas=[60.1, 61.0, 60.6]
Predicted melting temperature: [55.31001663208008]
Predicted melting temperature: [67.0716552734375]
  0%|          | 0/1 [00:00<?, ?it/s]  0%|          | 0/1 [00:00<?, ?it/s]  0%|          | 0/1 [00:00<?, ?it/s]  0%|          | 0/1 [00:00<?, ?it/s]  0%|          | 0/1 [00:00<?, ?it/s]Predicted melting temperature: [70.30824279785156]
  0%|          | 0/1 [00:00<?, ?it/s]  0%|          | 0/1 [00:00<?, ?it/s]100%|██████████| 1/1 [00:00<00:00,  1.13it/s]100%|██████████| 1/1 [00:00<00:00,  1.12it/s]
Predicted melting temperature: [60.124969482421875]
  seed_125 arm=t2_ph pH=7.4 target=占位 char   Tm=60.30  replicas=[62.8, 58.0, 60.1]
  0%|          | 0/1 [00:00<?, ?it/s]100%|██████████| 1/1 [00:00<00:00,  1.15it/s]100%|██████████| 1/1 [00:00<00:00,  1.15it/s]
Predicted melting temperature: [61.70054626464844]
  0%|          | 0/1 [00:00<?, ?it/s]100%|██████████| 1/1 [00:00<00:00,  1.04it/s]100%|██████████| 1/1 [00:00<00:00,  1.04it/s]
Predicted melting temperature: [58.8744010925293]
  seed_127 arm=t1_base pH=7.4 target=+0.0    Tm=67.03  replicas=[68.3, 73.9, 58.9]
  0%|          | 0/1 [00:00<?, ?it/s]100%|██████████| 1/1 [00:01<00:00,  1.26s/it]100%|██████████| 1/1 [00:01<00:00,  1.28s/it]100%|██████████| 1/1 [00:01<00:00,  1.17s/it]
100%|██████████| 1/1 [00:01<00:00,  1.19s/it]
Predicted melting temperature: [80.6645278930664]
  0%|          | 0/1 [00:00<?, ?it/s]Predicted melting temperature: [57.17898178100586]
  0%|          | 0/1 [00:00<?, ?it/s]100%|██████████| 1/1 [00:00<00:00,  1.03it/s]100%|██████████| 1/1 [00:00<00:00,  1.02it/s]
100%|██████████| 1/1 [00:01<00:00,  1.39s/it]100%|██████████| 1/1 [00:01<00:00,  1.40s/it]Predicted melting temperature: [65.95600891113281]

  0%|          | 0/1 [00:00<?, ?it/s]Predicted melting temperature: [79.0423583984375]
100%|██████████| 1/1 [00:00<00:00,  1.27it/s]100%|██████████| 1/1 [00:00<00:00,  2.05it/s]  0%|          | 0/1 [00:00<?, ?it/s]100%|██████████| 1/1 [00:00<00:00,  1.22it/s]100%|██████████| 1/1 [00:00<00:00,  1.96it/s]100%|██████████| 1/1 [00:00<00:00,  1.22it/s]

100%|██████████| 1/1 [00:00<00:00,  1.18it/s]
Predicted melting temperature: [59.00811004638672]
  seed_129 arm=t2_pos pH=7.4 target=+4.0 c   Tm=61.32  replicas=[64.7, 60.3, 59.0]
Predicted melting temperature: [54.65911102294922]
Predicted melting temperature: [61.71582794189453]
  0%|          | 0/1 [00:00<?, ?it/s]  0%|          | 0/1 [00:00<?, ?it/s]  0%|          | 0/1 [00:00<?, ?it/s]100%|██████████| 1/1 [00:00<00:00,  1.03it/s]100%|██████████| 1/1 [00:00<00:00,  1.03it/s]
Predicted melting temperature: [53.373512268066406]
  seed_125 arm=t2_neg pH=7.4 target=+3.0 c   Tm=65.14  replicas=[66.1, 75.9, 53.4]
  0%|          | 0/1 [00:00<?, ?it/s]100%|██████████| 1/1 [00:00<00:00,  1.02it/s]100%|██████████| 1/1 [00:00<00:00,  1.02it/s]
Predicted melting temperature: [63.4277458190918]
100%|██████████| 1/1 [00:01<00:00,  1.08s/it]  0%|          | 0/1 [00:00<?, ?it/s]100%|██████████| 1/1 [00:01<00:00,  1.12s/it]
Predicted melting temperature: [48.50994873046875]
  0%|          | 0/1 [00:00<?, ?it/s]100%|██████████| 1/1 [00:00<00:00,  1.11it/s]100%|██████████| 1/1 [00:00<00:00,  1.11it/s]
Predicted melting temperature: [61.988304138183594]
  seed_125 arm=t1_cond pH=7.4 target=-1.0    Tm=56.58  replicas=[52.4, 55.3, 62.0]
  0%|          | 0/1 [00:00<?, ?it/s]100%|██████████| 1/1 [00:00<00:00,  1.04it/s]100%|██████████| 1/1 [00:00<00:00,  1.04it/s]
Predicted melting temperature: [62.955780029296875]
  seed_124 arm=t2_neg pH=7.4 target=+4.0 c   Tm=63.69  replicas=[57.8, 70.3, 63.0]
  0%|          | 0/1 [00:00<?, ?it/s]100%|██████████| 1/1 [00:01<00:00,  1.05s/it]100%|██████████| 1/1 [00:01<00:00,  1.06s/it]
Predicted melting temperature: [57.985721588134766]
  seed_126 arm=t2_neg pH=7.4 target=-5.0 c   Tm=63.41  replicas=[65.2, 67.1, 58.0]
100%|██████████| 1/1 [00:00<00:00,  1.03it/s]100%|██████████| 1/1 [00:00<00:00,  1.02it/s]100%|██████████| 1/1 [00:01<00:00,  1.09s/it]
100%|██████████| 1/1 [00:01<00:00,  1.03s/it]Predicted melting temperature: [65.11891174316406]
  seed_125 arm=t2_ph pH=7.4 target=占位 char   Tm=61.81  replicas=[58.6, 61.7, 65.1]
  0%|          | 0/1 [00:00<?, ?it/s]100%|██████████| 1/1 [00:00<00:00,  1.97it/s]100%|██████████| 1/1 [00:01<00:00,  1.10s/it]100%|██████████| 1/1 [00:01<00:00,  1.04s/it]100%|██████████| 1/1 [00:01<00:00,  1.11s/it]

100%|██████████| 1/1 [00:01<00:00,  1.12s/it]
100%|██████████| 1/1 [00:00<00:00,  1.88it/s]
  0%|          | 0/1 [00:00<?, ?it/s]Predicted melting temperature: [63.907196044921875]
  0%|          | 0/1 [00:00<?, ?it/s]100%|██████████| 1/1 [00:01<00:00,  1.67s/it]Predicted melting temperature: [62.8217887878418]
  0%|          | 0/1 [00:00<?, ?it/s]Predicted melting temperature: [71.52841186523438]
100%|██████████| 1/1 [00:01<00:00,  1.71s/it]Predicted melting temperature: [64.740234375]

  0%|          | 0/1 [00:00<?, ?it/s]  0%|          | 0/1 [00:00<?, ?it/s]Predicted melting temperature: [74.82673645019531]
  0%|          | 0/1 [00:00<?, ?it/s]100%|██████████| 1/1 [00:00<00:00,  1.16it/s]100%|██████████| 1/1 [00:00<00:00,  1.14it/s]100%|██████████| 1/1 [00:00<00:00,  1.53it/s]
100%|██████████| 1/1 [00:00<00:00,  1.43it/s]
Predicted melting temperature: [71.3635025024414]
Predicted melting temperature: [61.43986511230469]
  0%|          | 0/1 [00:00<?, ?it/s]  0%|          | 0/1 [00:00<?, ?it/s]100%|██████████| 1/1 [00:01<00:00,  1.07s/it]100%|██████████| 1/1 [00:01<00:00,  1.07s/it]
100%|██████████| 1/1 [00:00<00:00,  1.31it/s]100%|██████████| 1/1 [00:00<00:00,  1.28it/s]
Predicted melting temperature: [67.34406280517578]
100%|██████████| 1/1 [00:01<00:00,  1.39s/it]100%|██████████| 1/1 [00:01<00:00,  1.41s/it]  0%|          | 0/1 [00:00<?, ?it/s]
Predicted melting temperature: [58.94340133666992]
  0%|          | 0/1 [00:00<?, ?it/s]Predicted melting temperature: [54.69953536987305]
  0%|          | 0/1 [00:00<?, ?it/s]100%|██████████| 1/1 [00:00<00:00,  1.63it/s]100%|██████████| 1/1 [00:00<00:00,  1.43it/s]100%|██████████| 1/1 [00:01<00:00,  1.06s/it]
100%|██████████| 1/1 [00:01<00:00,  1.07s/it]
Predicted melting temperature: [67.50492858886719]
  0%|          | 0/1 [00:00<?, ?it/s]Predicted melting temperature: [68.88444519042969]
  0%|          | 0/1 [00:00<?, ?it/s]100%|██████████| 1/1 [00:00<00:00,  1.03it/s]100%|██████████| 1/1 [00:00<00:00,  1.02it/s]
Predicted melting temperature: [77.03974151611328]
  0%|          | 0/1 [00:00<?, ?it/s]100%|██████████| 1/1 [00:00<00:00,  1.39it/s]100%|██████████| 1/1 [00:00<00:00,  1.36it/s]
100%|██████████| 1/1 [00:01<00:00,  1.32s/it]100%|██████████| 1/1 [00:01<00:00,  1.34s/it]
Predicted melting temperature: [50.45851135253906]
  0%|          | 0/1 [00:00<?, ?it/s]Predicted melting temperature: [79.29994201660156]
  0%|          | 0/1 [00:00<?, ?it/s]100%|██████████| 1/1 [00:00<00:00,  1.76it/s]100%|██████████| 1/1 [00:00<00:00,  1.50it/s]
100%|██████████| 1/1 [00:00<00:00,  1.36it/s]100%|██████████| 1/1 [00:00<00:00,  1.34it/s]Predicted melting temperature: [67.34922790527344]

  0%|          | 0/1 [00:00<?, ?it/s]Predicted melting temperature: [77.52592468261719]
  0%|          | 0/1 [00:00<?, ?it/s]100%|██████████| 1/1 [00:01<00:00,  1.09s/it]100%|██████████| 1/1 [00:01<00:00,  1.01s/it]100%|██████████| 1/1 [00:00<00:00,  1.52it/s]100%|██████████| 1/1 [00:00<00:00,  1.02it/s]100%|██████████| 1/1 [00:00<00:00,  1.25it/s]100%|██████████| 1/1 [00:00<00:00,  1.20it/s]100%|██████████| 1/1 [00:00<00:00,  1.25it/s]
Predicted melting temperature: [55.78055953979492]
  seed_130 arm=t2_neg pH=7.4 target=-6.0 c   Tm=59.65  replicas=[61.7, 61.4, 55.8]
100%|██████████| 1/1 [00:00<00:00,  1.20it/s]100%|██████████| 1/1 [00:01<00:00,  1.62s/it]
100%|██████████| 1/1 [00:00<00:00,  1.39it/s]100%|██████████| 1/1 [00:01<00:00,  1.04s/it]

  [code/output/finetune_v2_validate/1CRN/t2_neg/seqs.fa] 已写 code/output/finetune_v2_validate/1CRN/t2_neg/seqs.fa.tm.csv
Predicted melting temperature: [58.046024322509766]
  seed_126 arm=t1_base pH=7.4 target=-1.0    Tm=57.22  replicas=[54.7, 58.9, 58.0]
100%|██████████| 1/1 [00:01<00:00,  1.11s/it]
100%|██████████| 1/1 [00:01<00:00,  1.27s/it]
100%|██████████| 1/1 [00:00<00:00,  1.66it/s]Predicted melting temperature: [75.5047607421875]
  seed_125 arm=t1_base pH=7.4 target=+9.0    Tm=68.02  replicas=[57.2, 71.4, 75.5]
100%|██████████| 1/1 [00:01<00:00,  1.66s/it]
Predicted melting temperature: [69.8227767944336]
  seed_121 arm=t1_base pH=7.4 target=+8.0    Tm=74.16  replicas=[73.6, 79.0, 69.8]
Predicted melting temperature: [62.91971206665039]
  0%|          | 0/1 [00:00<?, ?it/s]Predicted melting temperature: [53.24618148803711]
Predicted melting temperature: [57.286895751953125]
100%|██████████| 1/1 [00:00<00:00,  1.61it/s]100%|██████████| 1/1 [00:01<00:00,  1.06s/it]  0%|          | 0/1 [00:00<?, ?it/s]
  0%|          | 0/1 [00:00<?, ?it/s]Predicted melting temperature: [58.1964111328125]
  seed_126 arm=t2_pos pH=7.4 target=+5.0 c   Tm=63.04  replicas=[63.4, 67.5, 58.2]
  0%|          | 0/1 [00:00<?, ?it/s]  0%|          | 0/1 [00:00<?, ?it/s]  0%|          | 0/1 [00:00<?, ?it/s]100%|██████████| 1/1 [00:01<00:00,  1.07s/it]100%|██████████| 1/1 [00:01<00:00,  1.06s/it]100%|██████████| 1/1 [00:01<00:00,  1.09s/it]
  0%|          | 0/1 [00:00<?, ?it/s]100%|██████████| 1/1 [00:00<00:00,  1.16it/s]100%|██████████| 1/1 [00:01<00:00,  1.12s/it]
100%|██████████| 1/1 [00:00<00:00,  1.12it/s]100%|██████████| 1/1 [00:01<00:00,  1.15s/it]Predicted melting temperature: [70.91462707519531]


  0%|          | 0/1 [00:00<?, ?it/s]Predicted melting temperature: [74.19512939453125]
Predicted melting temperature: [55.27543640136719]
  0%|          | 0/1 [00:00<?, ?it/s]Predicted melting temperature: [69.21282958984375]
  0%|          | 0/1 [00:00<?, ?it/s]100%|██████████| 1/1 [00:00<00:00,  1.50it/s]  0%|          | 0/1 [00:00<?, ?it/s]100%|██████████| 1/1 [00:00<00:00,  1.46it/s]
Predicted melting temperature: [58.35329055786133]
  0%|          | 0/1 [00:00<?, ?it/s]100%|██████████| 1/1 [00:00<00:00,  1.14it/s]100%|██████████| 1/1 [00:00<00:00,  1.75it/s]100%|██████████| 1/1 [00:00<00:00,  1.75it/s]100%|██████████| 1/1 [00:00<00:00,  1.14it/s]

Predicted melting temperature: [62.69066619873047]
  seed_130 arm=t2_pos pH=7.4 target=+4.0 c   Tm=64.93  replicas=[64.7, 67.3, 62.7]
Predicted melting temperature: [61.248756408691406]
  seed_125 arm=t1_cond pH=7.4 target=+0.0    Tm=65.36  replicas=[66.0, 68.9, 61.2]
  0%|          | 0/1 [00:00<?, ?it/s]  [code/output/finetune_v2_validate/1CRN/t2_pos/seqs.fa] 已写 code/output/finetune_v2_validate/1CRN/t2_pos/seqs.fa.tm.csv
100%|██████████| 1/1 [00:00<00:00,  1.65it/s]100%|██████████| 1/1 [00:00<00:00,  1.65it/s]
Predicted melting temperature: [69.24913024902344]
  0%|          | 0/1 [00:00<?, ?it/s]100%|██████████| 1/1 [00:01<00:00,  1.35s/it]100%|██████████| 1/1 [00:01<00:00,  1.38s/it]
Predicted melting temperature: [63.24456787109375]
  seed_122 arm=t2_pos pH=7.4 target=+13.0    Tm=69.93  replicas=[71.7, 74.8, 63.2]
  0%|          | 0/1 [00:00<?, ?it/s]100%|██████████| 1/1 [00:01<00:00,  1.18s/it]100%|██████████| 1/1 [00:01<00:00,  1.18s/it]100%|██████████| 1/1 [00:01<00:00,  1.12s/it]
100%|██████████| 1/1 [00:01<00:00,  1.19s/it]
Predicted melting temperature: [56.06588363647461]
  0%|          | 0/1 [00:00<?, ?it/s]Predicted melting temperature: [79.10752868652344]
  0%|          | 0/1 [00:00<?, ?it/s]100%|██████████| 1/1 [00:00<00:00,  1.46it/s]100%|██████████| 1/1 [00:00<00:00,  1.46it/s]
100%|██████████| 1/1 [00:00<00:00,  1.43it/s]Predicted melting temperature: [54.023948669433594]
100%|██████████| 1/1 [00:00<00:00,  1.41it/s]  0%|          | 0/1 [00:00<?, ?it/s]
Predicted melting temperature: [71.61675262451172]
  0%|          | 0/1 [00:00<?, ?it/s]100%|██████████| 1/1 [00:00<00:00,  1.34it/s]100%|██████████| 1/1 [00:00<00:00,  1.34it/s]
100%|██████████| 1/1 [00:00<00:00,  1.51it/s]100%|██████████| 1/1 [00:00<00:00,  1.49it/s]Predicted melting temperature: [72.3299331665039]

Predicted melting temperature: [62.967140197753906]
  seed_126 arm=t1_cond pH=7.4 target=-1.0    Tm=57.26  replicas=[50.5, 58.4, 63.0]
  0%|          | 0/1 [00:00<?, ?it/s]100%|██████████| 1/1 [00:00<00:00,  1.20it/s]100%|██████████| 1/1 [00:00<00:00,  1.18it/s]  0%|          | 0/1 [00:00<?, ?it/s]
Predicted melting temperature: [61.14646911621094]
  0%|          | 0/1 [00:00<?, ?it/s]100%|██████████| 1/1 [00:00<00:00,  1.64it/s]100%|██████████| 1/1 [00:00<00:00,  1.62it/s]
Predicted melting temperature: [76.65823364257812]
  seed_126 arm=t2_ph pH=7.4 target=占位 char   Tm=74.48  replicas=[77.5, 69.2, 76.7]
  0%|          | 0/1 [00:00<?, ?it/s]100%|██████████| 1/1 [00:01<00:00,  1.52s/it]100%|██████████| 1/1 [00:01<00:00,  1.52s/it]
Predicted melting temperature: [72.79227447509766]
  seed_122 arm=t1_cond pH=7.4 target=+8.0    Tm=77.59  replicas=[80.7, 79.3, 72.8]
  0%|          | 0/1 [00:00<?, ?it/s]100%|██████████| 1/1 [00:00<00:00,  1.08it/s]100%|██████████| 1/1 [00:00<00:00,  1.08it/s]100%|██████████| 1/1 [00:01<00:00,  1.00s/it]
100%|██████████| 1/1 [00:01<00:00,  1.01s/it]
Predicted melting temperature: [58.945892333984375]
  seed_128 arm=t1_base pH=7.4 target=+0.0    Tm=65.17  replicas=[67.3, 69.2, 58.9]
Predicted melting temperature: [65.11146545410156]
  0%|          | 0/1 [00:00<?, ?it/s]100%|██████████| 1/1 [00:01<00:00,  1.04s/it]100%|██████████| 1/1 [00:00<00:00,  1.00it/s]  0%|          | 0/1 [00:00<?, ?it/s]100%|██████████| 1/1 [00:01<00:00,  1.05s/it]100%|██████████| 1/1 [00:01<00:00,  1.11s/it]
100%|██████████| 1/1 [00:00<00:00,  1.09it/s]
Predicted melting temperature: [62.5275993347168]
  seed_124 arm=t2_pos pH=7.4 target=+14.0    Tm=65.42  replicas=[62.8, 70.9, 62.5]
Predicted melting temperature: [43.69028091430664]
  seed_126 arm=t1_cond pH=7.4 target=+9.0    Tm=49.83  replicas=[48.5, 57.3, 43.7]
100%|██████████| 1/1 [00:00<00:00,  1.06it/s]
Predicted melting temperature: [64.57257080078125]
  0%|          | 0/1 [00:00<?, ?it/s]  0%|          | 0/1 [00:00<?, ?it/s]  0%|          | 0/1 [00:00<?, ?it/s]100%|██████████| 1/1 [00:00<00:00,  2.09it/s]100%|██████████| 1/1 [00:00<00:00,  1.96it/s]
Predicted melting temperature: [57.48211669921875]
  seed_127 arm=t2_neg pH=7.4 target=-5.0 c   Tm=64.01  replicas=[62.9, 71.6, 57.5]
  0%|          | 0/1 [00:00<?, ?it/s]100%|██████████| 1/1 [00:01<00:00,  1.17s/it]100%|██████████| 1/1 [00:01<00:00,  1.17s/it]
Predicted melting temperature: [81.76991271972656]
  seed_126 arm=t2_ph pH=7.4 target=占位 char   Tm=75.83  replicas=[71.5, 74.2, 81.8]
  0%|          | 0/1 [00:00<?, ?it/s]100%|██████████| 1/1 [00:01<00:00,  1.39s/it]100%|██████████| 1/1 [00:01<00:00,  1.39s/it]
100%|██████████| 1/1 [00:01<00:00,  1.36s/it]100%|██████████| 1/1 [00:01<00:00,  1.38s/it]
Predicted melting temperature: [46.61115646362305]
  seed_126 arm=t2_ph pH=7.4 target=占位 char   Tm=55.26  replicas=[63.9, 55.3, 46.6]
Predicted melting temperature: [78.32795715332031]
  0%|          | 0/1 [00:00<?, ?it/s]  0%|          | 0/1 [00:00<?, ?it/s]100%|██████████| 1/1 [00:01<00:00,  1.00s/it]100%|██████████| 1/1 [00:01<00:00,  1.00s/it]
100%|██████████| 1/1 [00:01<00:00,  1.36s/it]Predicted melting temperature: [70.25717163085938]
100%|██████████| 1/1 [00:01<00:00,  1.38s/it]
  0%|          | 0/1 [00:00<?, ?it/s]100%|██████████| 1/1 [00:00<00:00,  1.08it/s]100%|██████████| 1/1 [00:00<00:00,  1.07it/s]Predicted melting temperature: [74.96165466308594]

100%|██████████| 1/1 [00:00<00:00,  1.24it/s]  0%|          | 0/1 [00:00<?, ?it/s]100%|██████████| 1/1 [00:00<00:00,  1.23it/s]100%|██████████| 1/1 [00:01<00:00,  1.15s/it]
Predicted melting temperature: [74.82976531982422]
100%|██████████| 1/1 [00:01<00:00,  1.16s/it]
Predicted melting temperature: [67.96697235107422]
  seed_126 arm=t2_neg pH=7.4 target=+3.0 c   Tm=74.70  replicas=[77.0, 79.1, 68.0]
  0%|          | 0/1 [00:00<?, ?it/s]Predicted melting temperature: [53.12284469604492]
  0%|          | 0/1 [00:00<?, ?it/s]  0%|          | 0/1 [00:00<?, ?it/s]100%|██████████| 1/1 [00:01<00:00,  1.01s/it]100%|██████████| 1/1 [00:01<00:00,  1.01s/it]
100%|██████████| 1/1 [00:01<00:00,  1.06s/it]100%|██████████| 1/1 [00:00<00:00,  1.49it/s]100%|██████████| 1/1 [00:00<00:00,  1.44it/s]Predicted melting temperature: [63.05882263183594]

100%|██████████| 1/1 [00:01<00:00,  1.34s/it]100%|██████████| 1/1 [00:01<00:00,  1.08s/it]
  0%|          | 0/1 [00:00<?, ?it/s]100%|██████████| 1/1 [00:01<00:00,  1.36s/it]
Predicted melting temperature: [62.18910217285156]
  seed_122 arm=t2_ph pH=7.4 target=占位 char   Tm=57.65  replicas=[54.7, 56.1, 62.2]
Predicted melting temperature: [63.45195770263672]
  0%|          | 0/1 [00:00<?, ?it/s]Predicted melting temperature: [45.816776275634766]
  0%|          | 0/1 [00:00<?, ?it/s]  0%|          | 0/1 [00:00<?, ?it/s]100%|██████████| 1/1 [00:00<00:00,  1.10it/s]100%|██████████| 1/1 [00:00<00:00,  1.10it/s]
Predicted melting temperature: [68.36346435546875]
  0%|          | 0/1 [00:00<?, ?it/s]100%|██████████| 1/1 [00:01<00:00,  1.04s/it]100%|██████████| 1/1 [00:01<00:00,  1.06s/it]
Predicted melting temperature: [63.792572021484375]
  0%|          | 0/1 [00:00<?, ?it/s]100%|██████████| 1/1 [00:01<00:00,  1.05s/it]100%|██████████| 1/1 [00:01<00:00,  1.05s/it]
100%|██████████| 1/1 [00:01<00:00,  1.27s/it]100%|██████████| 1/1 [00:01<00:00,  1.29s/it]Predicted melting temperature: [59.78348159790039]

  0%|          | 0/1 [00:00<?, ?it/s]100%|██████████| 1/1 [00:01<00:00,  1.14s/it]100%|██████████| 1/1 [00:01<00:00,  1.14s/it]100%|██████████| 1/1 [00:01<00:00,  1.08s/it]
Predicted melting temperature: [51.067405700683594]
  seed_125 arm=t2_neg pH=7.4 target=+4.0 c   Tm=56.48  replicas=[53.2, 65.1, 51.1]
Predicted melting temperature: [74.77500915527344]
100%|██████████| 1/1 [00:01<00:00,  1.10s/it]
  0%|          | 0/1 [00:00<?, ?it/s]  0%|          | 0/1 [00:00<?, ?it/s]100%|██████████| 1/1 [00:00<00:00,  1.11it/s]100%|██████████| 1/1 [00:00<00:00,  1.10it/s]Predicted melting temperature: [52.327903747558594]
  0%|          | 0/1 [00:00<?, ?it/s]
Predicted melting temperature: [58.31340026855469]
  0%|          | 0/1 [00:00<?, ?it/s]100%|██████████| 1/1 [00:01<00:00,  1.10s/it]100%|██████████| 1/1 [00:01<00:00,  1.12s/it]
Predicted melting temperature: [76.35343933105469]
  0%|          | 0/1 [00:00<?, ?it/s]100%|██████████| 1/1 [00:00<00:00,  1.03it/s]100%|██████████| 1/1 [00:00<00:00,  1.03it/s]
Predicted melting temperature: [54.762611389160156]
  seed_126 arm=t1_base pH=7.4 target=+9.0    Tm=59.68  replicas=[54.0, 70.3, 54.8]
100%|██████████| 1/1 [00:00<00:00,  1.09it/s]  0%|          | 0/1 [00:00<?, ?it/s]100%|██████████| 1/1 [00:00<00:00,  1.01it/s]100%|██████████| 1/1 [00:00<00:00,  1.02it/s]100%|██████████| 1/1 [00:01<00:00,  1.03s/it]

Predicted melting temperature: [63.753604888916016]
  seed_127 arm=t2_pos pH=7.4 target=+5.0 c   Tm=70.30  replicas=[72.3, 74.8, 63.8]
100%|██████████| 1/1 [00:01<00:00,  1.33s/it]100%|██████████| 1/1 [00:01<00:00,  1.35s/it]Predicted melting temperature: [65.21957397460938]

100%|██████████| 1/1 [00:01<00:00,  1.01s/it]  0%|          | 0/1 [00:00<?, ?it/s]100%|██████████| 1/1 [00:01<00:00,  1.02s/it]
Predicted melting temperature: [77.86372375488281]
  0%|          | 0/1 [00:00<?, ?it/s]  0%|          | 0/1 [00:00<?, ?it/s]Predicted melting temperature: [54.538516998291016]
  0%|          | 0/1 [00:00<?, ?it/s]100%|██████████| 1/1 [00:00<00:00,  1.09it/s]100%|██████████| 1/1 [00:00<00:00,  1.65it/s]100%|██████████| 1/1 [00:00<00:00,  1.03it/s]100%|██████████| 1/1 [00:00<00:00,  1.55it/s]

Predicted melting temperature: [60.52287292480469]
  seed_127 arm=t1_base pH=7.4 target=-1.0    Tm=61.58  replicas=[61.1, 63.1, 60.5]
  0%|          | 0/1 [00:00<?, ?it/s]Predicted melting temperature: [66.53395080566406]
  0%|          | 0/1 [00:00<?, ?it/s]100%|██████████| 1/1 [00:00<00:00,  1.03it/s]100%|██████████| 1/1 [00:00<00:00,  1.03it/s]100%|██████████| 1/1 [00:00<00:00,  1.05it/s]100%|██████████| 1/1 [00:01<00:00,  1.31s/it]
100%|██████████| 1/1 [00:00<00:00,  1.00it/s]100%|██████████| 1/1 [00:01<00:00,  1.17s/it]
100%|██████████| 1/1 [00:01<00:00,  1.06s/it]
100%|██████████| 1/1 [00:01<00:00,  1.45s/it]
Predicted melting temperature: [61.59355926513672]
  seed_126 arm=t1_cond pH=7.4 target=+0.0    Tm=64.84  replicas=[64.6, 68.4, 61.6]
Predicted melting temperature: [54.49346160888672]
  0%|          | 0/1 [00:00<?, ?it/s]  0%|          | 0/1 [00:00<?, ?it/s]Predicted melting temperature: [76.40752410888672]
100%|██████████| 1/1 [00:01<00:00,  1.00s/it]100%|██████████| 1/1 [00:01<00:00,  1.00s/it]Predicted melting temperature: [70.45674896240234]
  0%|          | 0/1 [00:00<?, ?it/s]
  0%|          | 0/1 [00:00<?, ?it/s]Predicted melting temperature: [66.19754028320312]
  0%|          | 0/1 [00:00<?, ?it/s]100%|██████████| 1/1 [00:01<00:00,  1.09s/it]100%|██████████| 1/1 [00:01<00:00,  1.09s/it]
100%|██████████| 1/1 [00:01<00:00,  1.48s/it]Predicted melting temperature: [51.586063385009766]
  0%|          | 0/1 [00:00<?, ?it/s]100%|██████████| 1/1 [00:01<00:00,  1.50s/it]
Predicted melting temperature: [53.72771453857422]
  0%|          | 0/1 [00:00<?, ?it/s]100%|██████████| 1/1 [00:01<00:00,  1.04s/it]100%|██████████| 1/1 [00:01<00:00,  1.05s/it]
Predicted melting temperature: [75.7786636352539]
  0%|          | 0/1 [00:00<?, ?it/s]100%|██████████| 1/1 [00:01<00:00,  1.17s/it]100%|██████████| 1/1 [00:01<00:00,  1.17s/it]
Predicted melting temperature: [64.01144409179688]
  0%|          | 0/1 [00:00<?, ?it/s]100%|██████████| 1/1 [00:01<00:00,  1.35s/it]100%|██████████| 1/1 [00:01<00:00,  1.35s/it]
100%|██████████| 1/1 [00:00<00:00,  1.26it/s]100%|██████████| 1/1 [00:00<00:00,  1.26it/s]
Predicted melting temperature: [71.65345001220703]
  seed_125 arm=t2_pos pH=7.4 target=+14.0    Tm=65.99  replicas=[59.8, 66.5, 71.7]
Predicted melting temperature: [76.38430786132812]
  0%|          | 0/1 [00:00<?, ?it/s]  0%|          | 0/1 [00:00<?, ?it/s]100%|██████████| 1/1 [00:01<00:00,  1.35s/it]100%|██████████| 1/1 [00:01<00:00,  1.35s/it]100%|██████████| 1/1 [00:00<00:00,  1.15it/s]
100%|██████████| 1/1 [00:00<00:00,  1.12it/s]
Predicted melting temperature: [51.14748001098633]
  0%|          | 0/1 [00:00<?, ?it/s]Predicted melting temperature: [54.79814910888672]
  0%|          | 0/1 [00:00<?, ?it/s]100%|██████████| 1/1 [00:01<00:00,  1.01s/it]100%|██████████| 1/1 [00:01<00:00,  1.01s/it]100%|██████████| 1/1 [00:01<00:00,  1.05s/it]
Predicted melting temperature: [50.682926177978516]
  seed_127 arm=t2_ph pH=7.4 target=占位 char   Tm=52.78  replicas=[53.1, 54.5, 50.7]
100%|██████████| 1/1 [00:01<00:00,  1.11s/it]
  0%|          | 0/1 [00:00<?, ?it/s]Predicted melting temperature: [70.46756744384766]
  0%|          | 0/1 [00:00<?, ?it/s]100%|██████████| 1/1 [00:01<00:00,  1.25s/it]100%|██████████| 1/1 [00:01<00:00,  1.26s/it]100%|██████████| 1/1 [00:01<00:00,  1.24s/it]
100%|██████████| 1/1 [00:01<00:00,  1.24s/it]
Predicted melting temperature: [54.6932373046875]
100%|██████████| 1/1 [00:00<00:00,  1.15it/s]  0%|          | 0/1 [00:00<?, ?it/s]100%|██████████| 1/1 [00:00<00:00,  1.13it/s]Predicted melting temperature: [73.42009735107422]

Predicted melting temperature: [59.489707946777344]
  seed_127 arm=t1_cond pH=7.4 target=-1.0    Tm=53.27  replicas=[45.8, 54.5, 59.5]
  0%|          | 0/1 [00:00<?, ?it/s]  0%|          | 0/1 [00:00<?, ?it/s]100%|██████████| 1/1 [00:00<00:00,  1.07it/s]100%|██████████| 1/1 [00:00<00:00,  1.07it/s]
Predicted melting temperature: [63.01076126098633]
  0%|          | 0/1 [00:00<?, ?it/s]100%|██████████| 1/1 [00:01<00:00,  1.01s/it]100%|██████████| 1/1 [00:01<00:00,  1.01s/it]100%|██████████| 1/1 [00:01<00:00,  1.03s/it]
Predicted melting temperature: [60.08061981201172]
  seed_129 arm=t1_base pH=7.4 target=+0.0    Tm=63.36  replicas=[63.8, 66.2, 60.1]
100%|██████████| 1/1 [00:01<00:00,  1.05s/it]
  0%|          | 0/1 [00:00<?, ?it/s]Predicted melting temperature: [61.036773681640625]
  seed_128 arm=t2_neg pH=7.4 target=-5.0 c   Tm=64.98  replicas=[63.5, 70.5, 61.0]
  0%|          | 0/1 [00:00<?, ?it/s]100%|██████████| 1/1 [00:00<00:00,  1.27it/s]100%|██████████| 1/1 [00:00<00:00,  1.27it/s]
Predicted melting temperature: [59.87075424194336]
  0%|          | 0/1 [00:00<?, ?it/s]100%|██████████| 1/1 [00:01<00:00,  1.11s/it]100%|██████████| 1/1 [00:01<00:00,  1.12s/it]
Predicted melting temperature: [68.82234191894531]
  0%|          | 0/1 [00:00<?, ?it/s]100%|██████████| 1/1 [00:01<00:00,  1.45s/it]100%|██████████| 1/1 [00:01<00:00,  1.45s/it]
100%|██████████| 1/1 [00:01<00:00,  1.11s/it]100%|██████████| 1/1 [00:01<00:00,  1.15s/it]Predicted melting temperature: [66.5025405883789]
  seed_123 arm=t2_pos pH=7.4 target=+13.0    Tm=72.62  replicas=[75.0, 76.4, 66.5]
100%|██████████| 1/1 [00:01<00:00,  1.01s/it]  0%|          | 0/1 [00:00<?, ?it/s]100%|██████████| 1/1 [00:00<00:00,  1.39it/s]
100%|██████████| 1/1 [00:01<00:00,  1.06s/it]
Predicted melting temperature: [81.4481201171875]
  seed_127 arm=t2_ph pH=7.4 target=占位 char   Tm=77.86  replicas=[76.4, 75.8, 81.4]
100%|██████████| 1/1 [00:01<00:00,  1.32s/it]Predicted melting temperature: [56.817012786865234]
  seed_127 arm=t1_cond pH=7.4 target=+9.0    Tm=57.72  replicas=[52.3, 64.0, 56.8]
100%|██████████| 1/1 [00:00<00:00,  1.15it/s]
100%|██████████| 1/1 [00:01<00:00,  1.35s/it]100%|██████████| 1/1 [00:00<00:00,  1.00it/s]
Predicted melting temperature: [61.0374870300293]
  0%|          | 0/1 [00:00<?, ?it/s]  0%|          | 0/1 [00:00<?, ?it/s]100%|██████████| 1/1 [00:01<00:00,  1.01s/it]  0%|          | 0/1 [00:00<?, ?it/s]
Predicted melting temperature: [50.05229568481445]
  seed_127 arm=t2_ph pH=7.4 target=占位 char   Tm=54.39  replicas=[58.3, 54.8, 50.1]
Predicted melting temperature: [56.37956237792969]
  0%|          | 0/1 [00:00<?, ?it/s]100%|██████████| 1/1 [00:01<00:00,  1.06s/it]100%|██████████| 1/1 [00:01<00:00,  1.15s/it]  0%|          | 0/1 [00:00<?, ?it/s]100%|██████████| 1/1 [00:01<00:00,  1.16s/it]
Predicted melting temperature: [64.9912109375]
  seed_123 arm=t1_cond pH=7.4 target=+8.0    Tm=72.05  replicas=[74.8, 76.4, 65.0]
100%|██████████| 1/1 [00:01<00:00,  1.07s/it]
100%|██████████| 1/1 [00:00<00:00,  1.17it/s]100%|██████████| 1/1 [00:00<00:00,  1.16it/s]  0%|          | 0/1 [00:00<?, ?it/s]Predicted melting temperature: [58.124542236328125]
  0%|          | 0/1 [00:00<?, ?it/s]100%|██████████| 1/1 [00:02<00:00,  2.10s/it]
100%|██████████| 1/1 [00:02<00:00,  2.12s/it]Predicted melting temperature: [47.889381408691406]

  0%|          | 0/1 [00:00<?, ?it/s]Predicted melting temperature: [69.07169342041016]
  seed_122 arm=t1_base pH=7.4 target=+8.0    Tm=75.09  replicas=[78.3, 77.9, 69.1]
  0%|          | 0/1 [00:00<?, ?it/s]100%|██████████| 1/1 [00:00<00:00,  1.11it/s]100%|██████████| 1/1 [00:00<00:00,  1.11it/s]
100%|██████████| 1/1 [00:01<00:00,  1.09s/it]100%|██████████| 1/1 [00:00<00:00,  1.15it/s]Predicted melting temperature: [64.2466049194336]
  0%|          | 0/1 [00:00<?, ?it/s]100%|██████████| 1/1 [00:00<00:00,  1.11it/s]100%|██████████| 1/1 [00:01<00:00,  1.12s/it]

Predicted melting temperature: [50.416259765625]
  seed_127 arm=t2_neg pH=7.4 target=+3.0 c   Tm=63.02  replicas=[65.2, 73.4, 50.4]
Predicted melting temperature: [61.45627212524414]
  0%|          | 0/1 [00:00<?, ?it/s]  0%|          | 0/1 [00:00<?, ?it/s]100%|██████████| 1/1 [00:01<00:00,  1.09s/it]100%|██████████| 1/1 [00:01<00:00,  1.09s/it]100%|██████████| 1/1 [00:01<00:00,  1.31s/it]
100%|██████████| 1/1 [00:01<00:00,  1.41s/it]Predicted melting temperature: [65.9951171875]

  0%|          | 0/1 [00:00<?, ?it/s]Predicted melting temperature: [71.81858825683594]
100%|██████████| 1/1 [00:00<00:00,  1.53it/s]100%|██████████| 1/1 [00:01<00:00,  1.49s/it]100%|██████████| 1/1 [00:00<00:00,  1.43it/s]  0%|          | 0/1 [00:00<?, ?it/s]100%|██████████| 1/1 [00:01<00:00,  1.51s/it]

Predicted melting temperature: [74.3494873046875]
  0%|          | 0/1 [00:00<?, ?it/s]Predicted melting temperature: [70.41433715820312]
  0%|          | 0/1 [00:00<?, ?it/s]100%|██████████| 1/1 [00:00<00:00,  1.02it/s]100%|██████████| 1/1 [00:00<00:00,  1.01it/s]
Predicted melting temperature: [51.53752899169922]
  seed_126 arm=t2_neg pH=7.4 target=+4.0 c   Tm=57.32  replicas=[51.6, 68.8, 51.5]
  0%|          | 0/1 [00:00<?, ?it/s]100%|██████████| 1/1 [00:00<00:00,  1.32it/s]100%|██████████| 1/1 [00:00<00:00,  1.30it/s]
Predicted melting temperature: [53.90340042114258]
  0%|          | 0/1 [00:00<?, ?it/s]100%|██████████| 1/1 [00:00<00:00,  1.02it/s]100%|██████████| 1/1 [00:00<00:00,  1.02it/s]100%|██████████| 1/1 [00:00<00:00,  1.53it/s]100%|██████████| 1/1 [00:00<00:00,  1.52it/s]
100%|██████████| 1/1 [00:00<00:00,  1.49it/s]100%|██████████| 1/1 [00:00<00:00,  1.46it/s]

Predicted melting temperature: [65.93646240234375]
  0%|          | 0/1 [00:00<?, ?it/s]Predicted melting temperature: [70.11729431152344]
  0%|          | 0/1 [00:00<?, ?it/s]Predicted melting temperature: [51.23517608642578]
  0%|          | 0/1 [00:00<?, ?it/s]100%|██████████| 1/1 [00:01<00:00,  1.21s/it]100%|██████████| 1/1 [00:01<00:00,  1.23s/it]
Predicted melting temperature: [78.8021240234375]
  0%|          | 0/1 [00:00<?, ?it/s]100%|██████████| 1/1 [00:01<00:00,  1.02s/it]100%|██████████| 1/1 [00:01<00:00,  1.15s/it]100%|██████████| 1/1 [00:01<00:00,  1.15s/it]
100%|██████████| 1/1 [00:01<00:00,  1.04s/it]
Predicted melting temperature: [60.19564437866211]
  0%|          | 0/1 [00:00<?, ?it/s]100%|██████████| 1/1 [00:01<00:00,  1.08s/it]Predicted melting temperature: [61.27440643310547]
  seed_128 arm=t1_base pH=7.4 target=-1.0    Tm=56.85  replicas=[51.1, 58.1, 61.3]
100%|██████████| 1/1 [00:01<00:00,  1.09s/it]
100%|██████████| 1/1 [00:01<00:00,  1.56s/it]100%|██████████| 1/1 [00:01<00:00,  1.58s/it]
  0%|          | 0/1 [00:00<?, ?it/s]Predicted melting temperature: [53.48199462890625]
  0%|          | 0/1 [00:00<?, ?it/s]100%|██████████| 1/1 [00:00<00:00,  1.06it/s]100%|██████████| 1/1 [00:00<00:00,  1.03it/s]
Predicted melting temperature: [65.71560668945312]
  0%|          | 0/1 [00:00<?, ?it/s]100%|██████████| 1/1 [00:01<00:00,  1.35s/it]100%|██████████| 1/1 [00:01<00:00,  1.35s/it]Predicted melting temperature: [79.59967803955078]

Predicted melting temperature: [76.38297271728516]
  seed_123 arm=t2_ph pH=7.4 target=占位 char   Tm=62.16  replicas=[53.7, 56.4, 76.4]
  0%|          | 0/1 [00:00<?, ?it/s]100%|██████████| 1/1 [00:01<00:00,  1.31s/it]  0%|          | 0/1 [00:00<?, ?it/s]100%|██████████| 1/1 [00:01<00:00,  1.32s/it]
100%|██████████| 1/1 [00:00<00:00,  1.40it/s]100%|██████████| 1/1 [00:00<00:00,  1.40it/s]
Predicted melting temperature: [60.18129348754883]
  seed_128 arm=t2_ph pH=7.4 target=占位 char   Tm=65.19  replicas=[61.0, 74.3, 60.2]
  0%|          | 0/1 [00:00<?, ?it/s]Predicted melting temperature: [71.78807067871094]
  0%|          | 0/1 [00:00<?, ?it/s]100%|██████████| 1/1 [00:00<00:00,  1.42it/s]100%|██████████| 1/1 [00:00<00:00,  1.42it/s]
100%|██████████| 1/1 [00:00<00:00,  1.13it/s]100%|██████████| 1/1 [00:00<00:00,  1.09it/s]
Predicted melting temperature: [60.103233337402344]
  seed_127 arm=t1_cond pH=7.4 target=+0.0    Tm=63.04  replicas=[63.0, 66.0, 60.1]
Predicted melting temperature: [55.7309684753418]
  0%|          | 0/1 [00:00<?, ?it/s]  0%|          | 0/1 [00:00<?, ?it/s]100%|██████████| 1/1 [00:00<00:00,  1.64it/s]100%|██████████| 1/1 [00:00<00:00,  1.60it/s]100%|██████████| 1/1 [00:01<00:00,  1.47s/it]100%|██████████| 1/1 [00:01<00:00,  1.05s/it]100%|██████████| 1/1 [00:01<00:00,  1.12s/it]100%|██████████| 1/1 [00:01<00:00,  1.33s/it]100%|██████████| 1/1 [00:01<00:00,  1.07s/it]100%|██████████| 1/1 [00:00<00:00,  1.36it/s]100%|██████████| 1/1 [00:00<00:00,  1.13it/s]100%|██████████| 1/1 [00:00<00:00,  1.51it/s]100%|██████████| 1/1 [00:01<00:00,  1.06s/it]100%|██████████| 1/1 [00:01<00:00,  1.11s/it]100%|██████████| 1/1 [00:01<00:00,  1.33s/it]100%|██████████| 1/1 [00:01<00:00,  1.06s/it]100%|██████████| 1/1 [00:01<00:00,  1.00s/it]100%|██████████| 1/1 [00:02<00:00,  2.67s/it]100%|██████████| 1/1 [00:01<00:00,  1.28s/it]
100%|██████████| 1/1 [00:03<00:00,  3.18s/it]100%|██████████| 1/1 [00:01<00:00,  1.19s/it]
100%|██████████| 1/1 [00:01<00:00,  1.23s/it]100%|██████████| 1/1 [00:02<00:00,  2.07s/it]
100%|██████████| 1/1 [00:02<00:00,  2.36s/it]
Predicted melting temperature: [54.897430419921875]
  seed_128 arm=t1_cond pH=7.4 target=-1.0    Tm=52.09  replicas=[47.9, 53.5, 54.9]
Predicted melting temperature: [50.79488754272461]
  seed_127 arm=t1_base pH=7.4 target=+9.0    Tm=58.63  replicas=[54.7, 70.4, 50.8]
100%|██████████| 1/1 [00:02<00:00,  2.36s/it]100%|██████████| 1/1 [00:01<00:00,  1.95s/it]

Predicted melting temperature: [58.69908905029297]
  seed_129 arm=t2_neg pH=7.4 target=-5.0 c   Tm=62.03  replicas=[61.5, 65.9, 58.7]
100%|██████████| 1/1 [00:01<00:00,  1.77s/it]
100%|██████████| 1/1 [00:02<00:00,  2.69s/it]Predicted melting temperature: [55.74333953857422]
  seed_130 arm=t1_base pH=7.4 target=+0.0    Tm=63.37  replicas=[64.2, 70.1, 55.7]

100%|██████████| 1/1 [00:01<00:00,  1.98s/it]100%|██████████| 1/1 [00:02<00:00,  2.08s/it]100%|██████████| 1/1 [00:01<00:00,  1.77s/it]


100%|██████████| 1/1 [00:02<00:00,  2.04s/it]100%|██████████| 1/1 [00:02<00:00,  2.33s/it]Predicted melting temperature: [63.64337921142578]
  seed_128 arm=t2_pos pH=7.4 target=+5.0 c   Tm=68.64  replicas=[70.5, 71.8, 63.6]


Predicted melting temperature: [52.07663345336914]
  seed_128 arm=t2_ph pH=7.4 target=占位 char   Tm=53.90  replicas=[53.9, 55.7, 52.1]
100%|██████████| 1/1 [00:01<00:00,  1.94s/it]
100%|██████████| 1/1 [00:02<00:00,  2.28s/it]
Predicted melting temperature: [61.717262268066406]
  seed_126 arm=t2_pos pH=7.4 target=+14.0    Tm=62.43  replicas=[59.9, 65.7, 61.7]
100%|██████████| 1/1 [00:02<00:00,  2.13s/it]100%|██████████| 1/1 [00:01<00:00,  1.97s/it]

100%|██████████| 1/1 [00:02<00:00,  2.62s/it]
Predicted melting temperature: [65.0064697265625]
  0%|          | 0/1 [00:00<?, ?it/s]Predicted melting temperature: [74.7119140625]
  0%|          | 0/1 [00:00<?, ?it/s]  0%|          | 0/1 [00:00<?, ?it/s]  0%|          | 0/1 [00:00<?, ?it/s]  0%|          | 0/1 [00:00<?, ?it/s]Predicted melting temperature: [54.287166595458984]
  0%|          | 0/1 [00:00<?, ?it/s]  0%|          | 0/1 [00:00<?, ?it/s]Predicted melting temperature: [69.18682098388672]
Predicted melting temperature: [56.09178924560547]
Predicted melting temperature: [77.91323852539062]
Predicted melting temperature: [63.451576232910156]
Predicted melting temperature: [80.86602783203125]
  0%|          | 0/1 [00:00<?, ?it/s]Predicted melting temperature: [76.0680923461914]
  0%|          | 0/1 [00:00<?, ?it/s]Predicted melting temperature: [51.71561050415039]
Predicted melting temperature: [68.21813201904297]
  0%|          | 0/1 [00:00<?, ?it/s]  0%|          | 0/1 [00:00<?, ?it/s]  0%|          | 0/1 [00:00<?, ?it/s]  0%|          | 0/1 [00:00<?, ?it/s]100%|██████████| 1/1 [00:00<00:00,  1.49it/s]100%|██████████| 1/1 [00:00<00:00,  1.16it/s]100%|██████████| 1/1 [00:00<00:00,  1.10it/s]  0%|          | 0/1 [00:00<?, ?it/s]  0%|          | 0/1 [00:00<?, ?it/s]  0%|          | 0/1 [00:00<?, ?it/s]  [code/output/finetune_v2_validate/1UBQ/t1_base/seqs.fa] 已写 code/output/finetune_v2_validate/1UBQ/t1_base/seqs.fa.tm.csv
100%|██████████| 1/1 [00:00<00:00,  1.04it/s]100%|██████████| 1/1 [00:01<00:00,  1.07s/it]  0%|          | 0/1 [00:00<?, ?it/s]100%|██████████| 1/1 [00:01<00:00,  1.15s/it]
100%|██████████| 1/1 [00:01<00:00,  1.15s/it]
100%|██████████| 1/1 [00:01<00:00,  1.15s/it]
100%|██████████| 1/1 [00:01<00:00,  1.16s/it]
100%|██████████| 1/1 [00:01<00:00,  1.16s/it]Predicted melting temperature: [67.70626068115234]
  seed_124 arm=t2_pos pH=7.4 target=+13.0    Tm=73.74  replicas=[78.8, 74.7, 67.7]

Predicted melting temperature: [48.38813400268555]
  0%|          | 0/1 [00:00<?, ?it/s]  0%|          | 0/1 [00:00<?, ?it/s]Predicted melting temperature: [54.125]
  0%|          | 0/1 [00:00<?, ?it/s]Predicted melting temperature: [57.232025146484375]
  0%|          | 0/1 [00:00<?, ?it/s]Predicted melting temperature: [66.20571899414062]
100%|██████████| 1/1 [00:01<00:00,  1.19s/it]100%|██████████| 1/1 [00:01<00:00,  1.23s/it]  0%|          | 0/1 [00:00<?, ?it/s]100%|██████████| 1/1 [00:00<00:00,  1.63it/s]100%|██████████| 1/1 [00:00<00:00,  1.42it/s]100%|██████████| 1/1 [00:02<00:00,  2.05s/it]100%|██████████| 1/1 [00:02<00:00,  2.05s/it]
100%|██████████| 1/1 [00:00<00:00,  1.09it/s]100%|██████████| 1/1 [00:00<00:00,  1.08it/s]100%|██████████| 1/1 [00:01<00:00,  1.00s/it]100%|██████████| 1/1 [00:01<00:00,  1.02s/it]100%|██████████| 1/1 [00:01<00:00,  1.06s/it]100%|██████████| 1/1 [00:01<00:00,  1.07s/it]
100%|██████████| 1/1 [00:01<00:00,  1.10s/it]100%|██████████| 1/1 [00:01<00:00,  1.11s/it]100%|██████████| 1/1 [00:01<00:00,  1.12s/it]

100%|██████████| 1/1 [00:01<00:00,  1.13s/it]
100%|██████████| 1/1 [00:01<00:00,  1.11s/it]100%|██████████| 1/1 [00:01<00:00,  1.13s/it]
100%|██████████| 1/1 [00:01<00:00,  1.13s/it]
100%|██████████| 1/1 [00:01<00:00,  1.13s/it]

Predicted melting temperature: [65.63057708740234]

  0%|          | 0/1 [00:00<?, ?it/s]Predicted melting temperature: [78.58260345458984]
  seed_128 arm=t2_ph pH=7.4 target=占位 char   Tm=67.41  replicas=[60.2, 63.5, 78.6]
Predicted melting temperature: [49.26533126831055]
  seed_128 arm=t1_cond pH=7.4 target=+9.0    Tm=56.24  replicas=[51.2, 68.2, 49.3]
Predicted melting temperature: [72.24250793457031]
  0%|          | 0/1 [00:00<?, ?it/s]Predicted melting temperature: [57.676971435546875]
  0%|          | 0/1 [00:00<?, ?it/s]Predicted melting temperature: [54.49791717529297]
  0%|          | 0/1 [00:00<?, ?it/s]Predicted melting temperature: [56.3018684387207]
  0%|          | 0/1 [00:00<?, ?it/s]100%|██████████| 1/1 [00:01<00:00,  1.18s/it]100%|██████████| 1/1 [00:01<00:00,  1.19s/it]
Predicted melting temperature: [66.64026641845703]
  seed_128 arm=t2_neg pH=7.4 target=+3.0 c   Tm=75.70  replicas=[79.6, 80.9, 66.6]
100%|██████████| 1/1 [00:01<00:00,  1.19s/it]100%|██████████| 1/1 [00:01<00:00,  1.20s/it]
Predicted melting temperature: [55.67937088012695]
  0%|          | 0/1 [00:00<?, ?it/s]  0%|          | 0/1 [00:00<?, ?it/s]  0%|          | 0/1 [00:00<?, ?it/s]  0%|          | 0/1 [00:00<?, ?it/s]Predicted melting temperature: [68.95854187011719]
Predicted melting temperature: [65.08723449707031]
  0%|          | 0/1 [00:00<?, ?it/s]Predicted melting temperature: [75.40911865234375]
  0%|          | 0/1 [00:00<?, ?it/s]100%|██████████| 1/1 [00:01<00:00,  1.21s/it]100%|██████████| 1/1 [00:01<00:00,  1.23s/it]
  0%|          | 0/1 [00:00<?, ?it/s]100%|██████████| 1/1 [00:01<00:00,  1.25s/it]100%|██████████| 1/1 [00:01<00:00,  1.26s/it]Predicted melting temperature: [70.01390838623047]
100%|██████████| 1/1 [00:01<00:00,  1.28s/it]
  0%|          | 0/1 [00:00<?, ?it/s]Predicted melting temperature: [63.20355987548828]
  seed_124 arm=t1_cond pH=7.4 target=+8.0    Tm=70.35  replicas=[71.8, 76.1, 63.2]
100%|██████████| 1/1 [00:01<00:00,  1.29s/it]
  0%|          | 0/1 [00:00<?, ?it/s]Predicted melting temperature: [54.39573287963867]
  0%|          | 0/1 [00:00<?, ?it/s]100%|██████████| 1/1 [00:01<00:00,  1.62s/it]100%|██████████| 1/1 [00:01<00:00,  1.62s/it]
Predicted melting temperature: [77.42523956298828]
  0%|          | 0/1 [00:00<?, ?it/s]100%|██████████| 1/1 [00:00<00:00,  1.29it/s]100%|██████████| 1/1 [00:00<00:00,  1.29it/s]
Predicted melting temperature: [57.29009246826172]
  seed_129 arm=t1_cond pH=7.4 target=-1.0    Tm=53.79  replicas=[48.4, 55.7, 57.3]
  0%|          | 0/1 [00:00<?, ?it/s]100%|██████████| 1/1 [00:00<00:00,  1.07it/s]100%|██████████| 1/1 [00:00<00:00,  1.07it/s]
100%|██████████| 1/1 [00:00<00:00,  1.09it/s]100%|██████████| 1/1 [00:00<00:00,  1.09it/s]Predicted melting temperature: [62.0281982421875]
  seed_128 arm=t1_cond pH=7.4 target=+0.0    Tm=67.82  replicas=[69.2, 72.2, 62.0]

Predicted melting temperature: [71.21621704101562]
  0%|          | 0/1 [00:00<?, ?it/s]  0%|          | 0/1 [00:00<?, ?it/s]100%|██████████| 1/1 [00:01<00:00,  1.09s/it]100%|██████████| 1/1 [00:01<00:00,  1.09s/it]100%|██████████| 1/1 [00:01<00:00,  1.07s/it]
100%|██████████| 1/1 [00:01<00:00,  1.07s/it]Predicted melting temperature: [61.518192291259766]
  seed_129 arm=t1_base pH=7.4 target=-1.0    Tm=64.24  replicas=[65.0, 66.2, 61.5]
100%|██████████| 1/1 [00:01<00:00,  1.12s/it]
100%|██████████| 1/1 [00:01<00:00,  1.12s/it]
100%|██████████| 1/1 [00:01<00:00,  1.15s/it]100%|██████████| 1/1 [00:01<00:00,  1.15s/it]
Predicted melting temperature: [55.119110107421875]
  seed_129 arm=t2_ph pH=7.4 target=占位 char   Tm=55.84  replicas=[56.1, 56.3, 55.1]
  0%|          | 0/1 [00:00<?, ?it/s]100%|██████████| 1/1 [00:01<00:00,  1.15s/it]  0%|          | 0/1 [00:00<?, ?it/s]100%|██████████| 1/1 [00:01<00:00,  1.21s/it]
100%|██████████| 1/1 [00:01<00:00,  1.15s/it]Predicted melting temperature: [52.66607666015625]
100%|██████████| 1/1 [00:01<00:00,  1.03s/it]Predicted melting temperature: [66.260009765625]
100%|██████████| 1/1 [00:01<00:00,  1.16s/it]  0%|          | 0/1 [00:00<?, ?it/s]
100%|██████████| 1/1 [00:01<00:00,  1.14s/it]100%|██████████| 1/1 [00:01<00:00,  1.14s/it]  0%|          | 0/1 [00:00<?, ?it/s]100%|██████████| 1/1 [00:01<00:00,  1.05s/it]Predicted melting temperature: [68.79901885986328]
Predicted melting temperature: [53.97274398803711]

Predicted melting temperature: [57.108367919921875]
  seed_128 arm=t1_base pH=7.4 target=+9.0    Tm=60.42  replicas=[54.1, 70.0, 57.1]

  0%|          | 0/1 [00:00<?, ?it/s]  0%|          | 0/1 [00:00<?, ?it/s]Predicted melting temperature: [72.29535675048828]
  0%|          | 0/1 [00:00<?, ?it/s]  0%|          | 0/1 [00:00<?, ?it/s]100%|██████████| 1/1 [00:01<00:00,  1.26s/it]100%|██████████| 1/1 [00:01<00:00,  1.28s/it]
Predicted melting temperature: [49.69309997558594]
  seed_127 arm=t2_neg pH=7.4 target=+4.0 c   Tm=53.03  replicas=[51.7, 57.7, 49.7]
  0%|          | 0/1 [00:00<?, ?it/s]100%|██████████| 1/1 [00:01<00:00,  1.40s/it]100%|██████████| 1/1 [00:01<00:00,  1.41s/it]
Predicted melting temperature: [74.58381652832031]
  0%|          | 0/1 [00:00<?, ?it/s]100%|██████████| 1/1 [00:01<00:00,  1.36s/it]100%|██████████| 1/1 [00:01<00:00,  1.36s/it]100%|██████████| 1/1 [00:01<00:00,  1.54s/it]
100%|██████████| 1/1 [00:01<00:00,  1.55s/it]
Predicted melting temperature: [62.73936462402344]
  seed_124 arm=t2_ph pH=7.4 target=占位 char   Tm=57.17  replicas=[54.3, 54.5, 62.7]
Predicted melting temperature: [71.58433532714844]
  0%|          | 0/1 [00:00<?, ?it/s]  0%|          | 0/1 [00:00<?, ?it/s]100%|██████████| 1/1 [00:01<00:00,  1.28s/it]100%|██████████| 1/1 [00:01<00:00,  1.28s/it]
Predicted melting temperature: [68.01883697509766]
  seed_123 arm=t1_base pH=7.4 target=+8.0    Tm=74.45  replicas=[77.9, 77.4, 68.0]
100%|██████████| 1/1 [00:00<00:00,  1.11it/s]100%|██████████| 1/1 [00:00<00:00,  1.09it/s]
  0%|          | 0/1 [00:00<?, ?it/s]Predicted melting temperature: [60.53511047363281]
  0%|          | 0/1 [00:00<?, ?it/s]100%|██████████| 1/1 [00:00<00:00,  1.49it/s]100%|██████████| 1/1 [00:00<00:00,  1.49it/s]
Predicted melting temperature: [54.67393493652344]
100%|██████████| 1/1 [00:00<00:00,  1.06it/s]100%|██████████| 1/1 [00:01<00:00,  1.80s/it]  0%|          | 0/1 [00:00<?, ?it/s]100%|██████████| 1/1 [00:01<00:00,  1.80s/it]100%|██████████| 1/1 [00:01<00:00,  1.00s/it]

Predicted melting temperature: [52.42218780517578]
  seed_129 arm=t2_ph pH=7.4 target=占位 char   Tm=54.68  replicas=[57.2, 54.4, 52.4]
Predicted melting temperature: [55.294315338134766]
  seed_130 arm=t2_neg pH=7.4 target=-5.0 c   Tm=63.87  replicas=[65.1, 71.2, 55.3]
100%|██████████| 1/1 [00:01<00:00,  1.01s/it]100%|██████████| 1/1 [00:01<00:00,  1.01s/it]
  0%|          | 0/1 [00:00<?, ?it/s]100%|██████████| 1/1 [00:00<00:00,  1.18it/s]100%|██████████| 1/1 [00:00<00:00,  1.17it/s]Predicted melting temperature: [63.68852233886719]

  0%|          | 0/1 [00:00<?, ?it/s]  [code/output/finetune_v2_validate/1UBQ/t2_neg/seqs.fa] 已写 code/output/finetune_v2_validate/1UBQ/t2_neg/seqs.fa.tm.csv
Predicted melting temperature: [54.29945755004883]
  0%|          | 0/1 [00:00<?, ?it/s]100%|██████████| 1/1 [00:00<00:00,  1.10it/s]100%|██████████| 1/1 [00:00<00:00,  1.10it/s]100%|██████████| 1/1 [00:00<00:00,  1.05it/s]
100%|██████████| 1/1 [00:01<00:00,  1.11s/it]100%|██████████| 1/1 [00:00<00:00,  1.05it/s]100%|██████████| 1/1 [00:01<00:00,  1.08s/it]100%|██████████| 1/1 [00:01<00:00,  1.03s/it]100%|██████████| 1/1 [00:01<00:00,  1.21s/it]100%|██████████| 1/1 [00:01<00:00,  1.10s/it]
100%|██████████| 1/1 [00:01<00:00,  1.15s/it]

Predicted melting temperature: [60.97520065307617]
  seed_127 arm=t2_pos pH=7.4 target=+14.0    Tm=69.56  replicas=[75.4, 72.3, 61.0]
100%|██████████| 1/1 [00:01<00:00,  1.10s/it]Predicted melting temperature: [77.81626892089844]
100%|██████████| 1/1 [00:01<00:00,  1.14s/it]100%|██████████| 1/1 [00:01<00:00,  1.24s/it]
Predicted melting temperature: [57.08267593383789]

  0%|          | 0/1 [00:00<?, ?it/s]Predicted melting temperature: [67.19429016113281]
  0%|          | 0/1 [00:00<?, ?it/s]100%|██████████| 1/1 [00:01<00:00,  1.23s/it]Predicted melting temperature: [59.890567779541016]
  seed_129 arm=t2_pos pH=7.4 target=+5.0 c   Tm=63.93  replicas=[65.6, 66.3, 59.9]

  0%|          | 0/1 [00:00<?, ?it/s]Predicted melting temperature: [51.090309143066406]
  0%|          | 0/1 [00:00<?, ?it/s]  0%|          | 0/1 [00:00<?, ?it/s]  0%|          | 0/1 [00:00<?, ?it/s]Predicted melting temperature: [54.9443359375]
  0%|          | 0/1 [00:00<?, ?it/s]100%|██████████| 1/1 [00:00<00:00,  1.70it/s]100%|██████████| 1/1 [00:00<00:00,  1.70it/s]
100%|██████████| 1/1 [00:01<00:00,  1.11s/it]Predicted melting temperature: [54.98904037475586]
  seed_129 arm=t2_ph pH=7.4 target=占位 char   Tm=54.11  replicas=[52.7, 54.7, 55.0]
100%|██████████| 1/1 [00:01<00:00,  1.14s/it]
Predicted melting temperature: [62.673648834228516]
  seed_125 arm=t2_pos pH=7.4 target=+13.0    Tm=68.74  replicas=[69.0, 74.6, 62.7]
  0%|          | 0/1 [00:00<?, ?it/s]  0%|          | 0/1 [00:00<?, ?it/s]100%|██████████| 1/1 [00:00<00:00,  1.16it/s]100%|██████████| 1/1 [00:00<00:00,  1.15it/s]
Predicted melting temperature: [61.026676177978516]
  0%|          | 0/1 [00:00<?, ?it/s]100%|██████████| 1/1 [00:00<00:00,  1.34it/s]100%|██████████| 1/1 [00:00<00:00,  1.34it/s]100%|██████████| 1/1 [00:01<00:00,  1.26s/it]
100%|██████████| 1/1 [00:01<00:00,  1.27s/it]
Predicted melting temperature: [61.52941131591797]
  0%|          | 0/1 [00:00<?, ?it/s]Predicted melting temperature: [75.57798767089844]
  0%|          | 0/1 [00:00<?, ?it/s]100%|██████████| 1/1 [00:00<00:00,  1.11it/s]100%|██████████| 1/1 [00:00<00:00,  1.10it/s]100%|██████████| 1/1 [00:01<00:00,  1.34s/it]
100%|██████████| 1/1 [00:01<00:00,  1.36s/it]100%|██████████| 1/1 [00:00<00:00,  1.09it/s]Predicted melting temperature: [56.395179748535156]

  0%|          | 0/1 [00:00<?, ?it/s]100%|██████████| 1/1 [00:00<00:00,  1.07it/s]
Predicted melting temperature: [54.56193542480469]
  0%|          | 0/1 [00:00<?, ?it/s]Predicted melting temperature: [69.66804504394531]
  0%|          | 0/1 [00:00<?, ?it/s]100%|██████████| 1/1 [00:01<00:00,  1.28s/it]100%|██████████| 1/1 [00:01<00:00,  1.28s/it]
Predicted melting temperature: [70.50469970703125]
  0%|          | 0/1 [00:00<?, ?it/s]100%|██████████| 1/1 [00:00<00:00,  1.44it/s]100%|██████████| 1/1 [00:00<00:00,  1.41it/s]
Predicted melting temperature: [58.20659255981445]
  seed_129 arm=t1_cond pH=7.4 target=+9.0    Tm=59.79  replicas=[54.0, 67.2, 58.2]
  0%|          | 0/1 [00:00<?, ?it/s]100%|██████████| 1/1 [00:00<00:00,  1.20it/s]100%|██████████| 1/1 [00:00<00:00,  1.20it/s]
100%|██████████| 1/1 [00:00<00:00,  1.34it/s]100%|██████████| 1/1 [00:00<00:00,  1.21it/s]Predicted melting temperature: [67.69520568847656]
  0%|          | 0/1 [00:00<?, ?it/s]100%|██████████| 1/1 [00:00<00:00,  1.02it/s]
100%|██████████| 1/1 [00:00<00:00,  1.00it/s]100%|██████████| 1/1 [00:01<00:00,  1.01s/it]100%|██████████| 1/1 [00:00<00:00,  1.00it/s]

Predicted melting temperature: [56.81184768676758]
  seed_129 arm=t2_neg pH=7.4 target=+3.0 c   Tm=67.81  replicas=[68.8, 77.8, 56.8]
Predicted melting temperature: [55.942779541015625]
100%|██████████| 1/1 [00:01<00:00,  1.02s/it]  0%|          | 0/1 [00:00<?, ?it/s]Predicted melting temperature: [52.31971740722656]
100%|██████████| 1/1 [00:01<00:00,  1.09s/it]100%|██████████| 1/1 [00:00<00:00,  1.10it/s]  0%|          | 0/1 [00:00<?, ?it/s]100%|██████████| 1/1 [00:01<00:00,  1.24s/it]100%|██████████| 1/1 [00:00<00:00,  1.30it/s]
100%|██████████| 1/1 [00:01<00:00,  1.22s/it]  0%|          | 0/1 [00:00<?, ?it/s]
100%|██████████| 1/1 [00:01<00:00,  1.03s/it]
Predicted melting temperature: [64.03388214111328]
  seed_130 arm=t1_cond pH=7.4 target=-1.0    Tm=61.87  replicas=[60.5, 61.0, 64.0]
100%|██████████| 1/1 [00:00<00:00,  1.15it/s]Predicted melting temperature: [53.71208953857422]
Predicted melting temperature: [73.10763549804688]

  0%|          | 0/1 [00:00<?, ?it/s]Predicted melting temperature: [65.24251556396484]
  seed_130 arm=t1_base pH=7.4 target=-1.0    Tm=60.36  replicas=[54.3, 61.5, 65.2]
  0%|          | 0/1 [00:00<?, ?it/s]  [code/output/finetune_v2_validate/1CRN/t1_cond/seqs.fa] 已写 code/output/finetune_v2_validate/1CRN/t1_cond/seqs.fa.tm.csv
  [code/output/finetune_v2_validate/1CRN/t1_base/seqs.fa] 已写 code/output/finetune_v2_validate/1CRN/t1_base/seqs.fa.tm.csv
100%|██████████| 1/1 [00:01<00:00,  1.20s/it]100%|██████████| 1/1 [00:01<00:00,  1.20s/it]
Predicted melting temperature: [68.5763168334961]
  0%|          | 0/1 [00:00<?, ?it/s]100%|██████████| 1/1 [00:00<00:00,  1.29it/s]100%|██████████| 1/1 [00:00<00:00,  1.29it/s]
Predicted melting temperature: [53.69047927856445]
  0%|          | 0/1 [00:00<?, ?it/s]100%|██████████| 1/1 [00:01<00:00,  1.53s/it]100%|██████████| 1/1 [00:01<00:00,  1.53s/it]
Predicted melting temperature: [73.85951232910156]
  0%|          | 0/1 [00:00<?, ?it/s]100%|██████████| 1/1 [00:01<00:00,  1.22s/it]100%|██████████| 1/1 [00:01<00:00,  1.22s/it]100%|██████████| 1/1 [00:01<00:00,  1.15s/it]
100%|██████████| 1/1 [00:01<00:00,  1.18s/it]Predicted melting temperature: [61.84000778198242]
  seed_125 arm=t1_cond pH=7.4 target=+8.0    Tm=69.67  replicas=[71.6, 75.6, 61.8]
100%|██████████| 1/1 [00:01<00:00,  1.19s/it]
100%|██████████| 1/1 [00:01<00:00,  1.19s/it]  0%|          | 0/1 [00:00<?, ?it/s]
Predicted melting temperature: [61.96902084350586]
  seed_129 arm=t1_cond pH=7.4 target=+0.0    Tm=65.11  replicas=[63.7, 69.7, 62.0]
100%|██████████| 1/1 [00:00<00:00,  1.38it/s]100%|██████████| 1/1 [00:00<00:00,  1.08it/s]Predicted melting temperature: [53.99083709716797]
100%|██████████| 1/1 [00:01<00:00,  1.39s/it]  0%|          | 0/1 [00:00<?, ?it/s]
Predicted melting temperature: [49.626739501953125]
  seed_128 arm=t2_neg pH=7.4 target=+4.0 c   Tm=56.14  replicas=[51.1, 67.7, 49.6]
  0%|          | 0/1 [00:00<?, ?it/s]  0%|          | 0/1 [00:00<?, ?it/s]100%|██████████| 1/1 [00:01<00:00,  1.53s/it]
Predicted melting temperature: [53.166900634765625]
  0%|          | 0/1 [00:00<?, ?it/s]100%|██████████| 1/1 [00:00<00:00,  1.18it/s]100%|██████████| 1/1 [00:00<00:00,  1.18it/s]
Predicted melting temperature: [52.55597686767578]
  seed_130 arm=t2_ph pH=7.4 target=占位 char   Tm=54.45  replicas=[57.1, 53.7, 52.6]
100%|██████████| 1/1 [00:01<00:00,  1.47s/it]100%|██████████| 1/1 [00:00<00:00,  1.06it/s]100%|██████████| 1/1 [00:01<00:00,  1.48s/it]  [code/output/finetune_v2_validate/1CRN/t2_ph/seqs.fa] 已写 code/output/finetune_v2_validate/1CRN/t2_ph/seqs.fa.tm.csv
100%|██████████| 1/1 [00:00<00:00,  1.05it/s]

100%|██████████| 1/1 [00:00<00:00,  1.05it/s]Predicted melting temperature: [76.49103546142578]
  0%|          | 0/1 [00:00<?, ?it/s]100%|██████████| 1/1 [00:00<00:00,  1.03it/s]Predicted melting temperature: [78.12560272216797]
100%|██████████| 1/1 [00:00<00:00,  1.07it/s]
  0%|          | 0/1 [00:00<?, ?it/s]100%|██████████| 1/1 [00:00<00:00,  1.06it/s]Predicted melting temperature: [53.281471252441406]

  0%|          | 0/1 [00:00<?, ?it/s]Predicted melting temperature: [72.80638122558594]
  0%|          | 0/1 [00:00<?, ?it/s]100%|██████████| 1/1 [00:00<00:00,  1.22it/s]100%|██████████| 1/1 [00:00<00:00,  1.22it/s]
Predicted melting temperature: [68.53144836425781]
  0%|          | 0/1 [00:00<?, ?it/s]100%|██████████| 1/1 [00:00<00:00,  1.01it/s]100%|██████████| 1/1 [00:00<00:00,  1.01it/s]100%|██████████| 1/1 [00:01<00:00,  1.37s/it]
Predicted melting temperature: [54.17913818359375]
  seed_129 arm=t1_base pH=7.4 target=+9.0    Tm=60.99  replicas=[54.9, 73.9, 54.2]
100%|██████████| 1/1 [00:01<00:00,  1.42s/it]
  0%|          | 0/1 [00:00<?, ?it/s]Predicted melting temperature: [65.4573974609375]
  0%|          | 0/1 [00:00<?, ?it/s]100%|██████████| 1/1 [00:01<00:00,  1.33s/it]100%|██████████| 1/1 [00:01<00:00,  1.34s/it]
Predicted melting temperature: [74.36322021484375]
  0%|          | 0/1 [00:00<?, ?it/s]100%|██████████| 1/1 [00:00<00:00,  1.27it/s]100%|██████████| 1/1 [00:00<00:00,  1.22it/s]
100%|██████████| 1/1 [00:00<00:00,  1.17it/s]100%|██████████| 1/1 [00:00<00:00,  1.12it/s]Predicted melting temperature: [51.279354095458984]

  0%|          | 0/1 [00:00<?, ?it/s]Predicted melting temperature: [64.29224395751953]
  0%|          | 0/1 [00:00<?, ?it/s]100%|██████████| 1/1 [00:01<00:00,  1.19s/it]100%|██████████| 1/1 [00:01<00:00,  1.04s/it]100%|██████████| 1/1 [00:00<00:00,  1.12it/s]100%|██████████| 1/1 [00:00<00:00,  1.12it/s]100%|██████████| 1/1 [00:01<00:00,  1.30s/it]
100%|██████████| 1/1 [00:00<00:00,  1.10it/s]100%|██████████| 1/1 [00:00<00:00,  1.06it/s]

100%|██████████| 1/1 [00:01<00:00,  1.12s/it]
Predicted melting temperature: [54.55127716064453]
  seed_130 arm=t2_ph pH=7.4 target=占位 char   Tm=54.59  replicas=[55.9, 53.3, 54.6]
Predicted melting temperature: [49.06077575683594]
  seed_130 arm=t2_ph pH=7.4 target=占位 char   Tm=52.87  replicas=[56.4, 53.2, 49.1]
100%|██████████| 1/1 [00:01<00:00,  1.13s/it]100%|██████████| 1/1 [00:01<00:00,  1.13s/it]
Predicted melting temperature: [61.05624008178711]
  seed_125 arm=t2_ph pH=7.4 target=占位 char   Tm=56.54  replicas=[54.6, 54.0, 61.1]
Predicted melting temperature: [79.48997497558594]
Predicted melting temperature: [79.66938781738281]
  0%|          | 0/1 [00:00<?, ?it/s]  [code/output/finetune_v2_validate/1UBQ/t2_ph/seqs.fa] 已写 code/output/finetune_v2_validate/1UBQ/t2_ph/seqs.fa.tm.csv
  0%|          | 0/1 [00:00<?, ?it/s]  [code/output/finetune_v2_validate/1BC8/t2_ph/seqs.fa] 已写 code/output/finetune_v2_validate/1BC8/t2_ph/seqs.fa.tm.csv
  0%|          | 0/1 [00:00<?, ?it/s]100%|██████████| 1/1 [00:01<00:00,  1.02s/it]100%|██████████| 1/1 [00:01<00:00,  1.11s/it]
Predicted melting temperature: [63.01860809326172]
  seed_130 arm=t2_pos pH=7.4 target=+5.0 c   Tm=69.64  replicas=[73.1, 72.8, 63.0]
100%|██████████| 1/1 [00:00<00:00,  1.03it/s]100%|██████████| 1/1 [00:00<00:00,  1.02it/s]
Predicted melting temperature: [47.06496047973633]
  seed_130 arm=t1_cond pH=7.4 target=+9.0    Tm=56.43  replicas=[53.7, 68.5, 47.1]
  [code/output/finetune_v2_validate/1UBQ/t2_pos/seqs.fa] 已写 code/output/finetune_v2_validate/1UBQ/t2_pos/seqs.fa.tm.csv
  [code/output/finetune_v2_validate/1BC8/t1_cond/seqs.fa] 已写 code/output/finetune_v2_validate/1BC8/t1_cond/seqs.fa.tm.csv
100%|██████████| 1/1 [00:00<00:00,  1.88it/s]100%|██████████| 1/1 [00:00<00:00,  1.88it/s]
Predicted melting temperature: [67.40396118164062]
  0%|          | 0/1 [00:00<?, ?it/s]100%|██████████| 1/1 [00:01<00:00,  1.37s/it]100%|██████████| 1/1 [00:01<00:00,  1.37s/it]
Predicted melting temperature: [67.0910415649414]
  seed_124 arm=t1_base pH=7.4 target=+8.0    Tm=71.36  replicas=[70.5, 76.5, 67.1]
100%|██████████| 1/1 [00:00<00:00,  1.09it/s]  0%|          | 0/1 [00:00<?, ?it/s]100%|██████████| 1/1 [00:00<00:00,  1.09it/s]
Predicted melting temperature: [54.76408386230469]
  0%|          | 0/1 [00:00<?, ?it/s]100%|██████████| 1/1 [00:00<00:00,  1.23it/s]100%|██████████| 1/1 [00:00<00:00,  1.23it/s]
Predicted melting temperature: [68.14363098144531]
  0%|          | 0/1 [00:00<?, ?it/s]100%|██████████| 1/1 [00:01<00:00,  1.04s/it]100%|██████████| 1/1 [00:01<00:00,  1.04s/it]
Predicted melting temperature: [62.42982864379883]
  seed_126 arm=t2_pos pH=7.4 target=+13.0    Tm=68.46  replicas=[68.6, 74.4, 62.4]
  0%|          | 0/1 [00:00<?, ?it/s]100%|██████████| 1/1 [00:01<00:00,  1.27s/it]100%|██████████| 1/1 [00:01<00:00,  1.27s/it]
Predicted melting temperature: [63.62477111816406]
  seed_128 arm=t2_pos pH=7.4 target=+14.0    Tm=60.47  replicas=[52.3, 65.5, 63.6]
  0%|          | 0/1 [00:00<?, ?it/s]100%|██████████| 1/1 [00:00<00:00,  1.95it/s]100%|██████████| 1/1 [00:00<00:00,  1.95it/s]
Predicted melting temperature: [59.15203094482422]
  seed_130 arm=t1_cond pH=7.4 target=+0.0    Tm=63.62  replicas=[64.3, 67.4, 59.2]
100%|██████████| 1/1 [00:01<00:00,  1.01s/it]  [code/output/finetune_v2_validate/1UBQ/t1_cond/seqs.fa] 已写 code/output/finetune_v2_validate/1UBQ/t1_cond/seqs.fa.tm.csv
100%|██████████| 1/1 [00:01<00:00,  1.02s/it]
Predicted melting temperature: [79.61322021484375]
  0%|          | 0/1 [00:00<?, ?it/s]100%|██████████| 1/1 [00:01<00:00,  1.05s/it]100%|██████████| 1/1 [00:01<00:00,  1.06s/it]
Predicted melting temperature: [73.04312896728516]
  seed_130 arm=t2_neg pH=7.4 target=+3.0 c   Tm=76.95  replicas=[78.1, 79.7, 73.0]
100%|██████████| 1/1 [00:01<00:00,  1.04s/it]100%|██████████| 1/1 [00:01<00:00,  1.05s/it]  [code/output/finetune_v2_validate/2LZM/t2_neg/seqs.fa] 已写 code/output/finetune_v2_validate/2LZM/t2_neg/seqs.fa.tm.csv

Predicted melting temperature: [55.265071868896484]
  0%|          | 0/1 [00:00<?, ?it/s]100%|██████████| 1/1 [00:00<00:00,  1.50it/s]100%|██████████| 1/1 [00:00<00:00,  1.50it/s]
Predicted melting temperature: [73.63667297363281]
  0%|          | 0/1 [00:00<?, ?it/s]100%|██████████| 1/1 [00:00<00:00,  1.28it/s]100%|██████████| 1/1 [00:00<00:00,  1.28it/s]
Predicted melting temperature: [46.92022705078125]
  seed_129 arm=t2_neg pH=7.4 target=+4.0 c   Tm=55.45  replicas=[51.3, 68.1, 46.9]
  0%|          | 0/1 [00:00<?, ?it/s]100%|██████████| 1/1 [00:01<00:00,  1.05s/it]100%|██████████| 1/1 [00:01<00:00,  1.05s/it]
Predicted melting temperature: [79.20213317871094]
  0%|          | 0/1 [00:00<?, ?it/s]100%|██████████| 1/1 [00:01<00:00,  1.06s/it]100%|██████████| 1/1 [00:01<00:00,  1.06s/it]
100%|██████████| 1/1 [00:00<00:00,  1.83it/s]Predicted melting temperature: [69.2042236328125]
100%|██████████| 1/1 [00:00<00:00,  1.80it/s]  0%|          | 0/1 [00:00<?, ?it/s]
Predicted melting temperature: [55.48452377319336]
  seed_130 arm=t1_base pH=7.4 target=+9.0    Tm=61.30  replicas=[54.8, 73.6, 55.5]
  [code/output/finetune_v2_validate/1BC8/t1_base/seqs.fa] 已写 code/output/finetune_v2_validate/1BC8/t1_base/seqs.fa.tm.csv
100%|██████████| 1/1 [00:01<00:00,  1.04s/it]100%|██████████| 1/1 [00:01<00:00,  1.04s/it]
Predicted melting temperature: [74.66883087158203]
100%|██████████| 1/1 [00:01<00:00,  1.02s/it]  0%|          | 0/1 [00:00<?, ?it/s]100%|██████████| 1/1 [00:01<00:00,  1.06s/it]
Predicted melting temperature: [78.57881927490234]
  seed_126 arm=t1_cond pH=7.4 target=+8.0    Tm=79.23  replicas=[79.5, 79.6, 78.6]
  0%|          | 0/1 [00:00<?, ?it/s]100%|██████████| 1/1 [00:00<00:00,  1.28it/s]100%|██████████| 1/1 [00:00<00:00,  1.27it/s]
Predicted melting temperature: [52.3986701965332]
  0%|          | 0/1 [00:00<?, ?it/s]100%|██████████| 1/1 [00:01<00:00,  1.09s/it]100%|██████████| 1/1 [00:01<00:00,  1.10s/it]
Predicted melting temperature: [54.872161865234375]
  0%|          | 0/1 [00:00<?, ?it/s]100%|██████████| 1/1 [00:01<00:00,  1.03s/it]100%|██████████| 1/1 [00:01<00:00,  1.03s/it]
Predicted melting temperature: [77.51521301269531]
  0%|          | 0/1 [00:00<?, ?it/s]100%|██████████| 1/1 [00:01<00:00,  1.02s/it]100%|██████████| 1/1 [00:01<00:00,  1.02s/it]
Predicted melting temperature: [74.76075744628906]
100%|██████████| 1/1 [00:00<00:00,  1.48it/s]  0%|          | 0/1 [00:00<?, ?it/s]100%|██████████| 1/1 [00:00<00:00,  1.45it/s]
Predicted melting temperature: [65.346435546875]
  0%|          | 0/1 [00:00<?, ?it/s]100%|██████████| 1/1 [00:00<00:00,  1.03it/s]100%|██████████| 1/1 [00:00<00:00,  1.03it/s]100%|██████████| 1/1 [00:00<00:00,  1.04it/s]
100%|██████████| 1/1 [00:00<00:00,  1.03it/s]
Predicted melting temperature: [75.19740295410156]
  0%|          | 0/1 [00:00<?, ?it/s]Predicted melting temperature: [70.71839904785156]
  0%|          | 0/1 [00:00<?, ?it/s]100%|██████████| 1/1 [00:01<00:00,  1.11s/it]100%|██████████| 1/1 [00:01<00:00,  1.11s/it]
Predicted melting temperature: [62.47611999511719]
  seed_126 arm=t2_ph pH=7.4 target=占位 char   Tm=57.54  replicas=[55.3, 54.9, 62.5]
  0%|          | 0/1 [00:00<?, ?it/s]100%|██████████| 1/1 [00:00<00:00,  1.54it/s]100%|██████████| 1/1 [00:00<00:00,  1.46it/s]100%|██████████| 1/1 [00:00<00:00,  1.04it/s]
Predicted melting temperature: [51.50312805175781]
  seed_130 arm=t2_neg pH=7.4 target=+4.0 c   Tm=56.42  replicas=[52.4, 65.3, 51.5]
100%|██████████| 1/1 [00:00<00:00,  1.02it/s]
  [code/output/finetune_v2_validate/1BC8/t2_neg/seqs.fa] 已写 code/output/finetune_v2_validate/1BC8/t2_neg/seqs.fa.tm.csv
Predicted melting temperature: [69.86483764648438]
  seed_125 arm=t1_base pH=7.4 target=+8.0    Tm=75.53  replicas=[79.2, 77.5, 69.9]
  0%|          | 0/1 [00:00<?, ?it/s]100%|██████████| 1/1 [00:01<00:00,  1.18s/it]100%|██████████| 1/1 [00:01<00:00,  1.18s/it]
Predicted melting temperature: [66.61079406738281]
  seed_127 arm=t2_pos pH=7.4 target=+13.0    Tm=70.19  replicas=[69.2, 74.8, 66.6]
  0%|          | 0/1 [00:00<?, ?it/s]100%|██████████| 1/1 [00:01<00:00,  1.04s/it]100%|██████████| 1/1 [00:01<00:00,  1.04s/it]
Predicted melting temperature: [75.92559814453125]
  0%|          | 0/1 [00:00<?, ?it/s]100%|██████████| 1/1 [00:01<00:00,  1.25s/it]100%|██████████| 1/1 [00:01<00:00,  1.25s/it]
Predicted melting temperature: [71.00426483154297]
  seed_129 arm=t2_pos pH=7.4 target=+14.0    Tm=73.62  replicas=[74.7, 75.2, 71.0]
  0%|          | 0/1 [00:00<?, ?it/s]100%|██████████| 1/1 [00:01<00:00,  1.05s/it]100%|██████████| 1/1 [00:01<00:00,  1.06s/it]
Predicted melting temperature: [54.622528076171875]
  0%|          | 0/1 [00:00<?, ?it/s]100%|██████████| 1/1 [00:00<00:00,  1.01it/s]100%|██████████| 1/1 [00:00<00:00,  1.01it/s]
Predicted melting temperature: [69.11556243896484]
  0%|          | 0/1 [00:00<?, ?it/s]100%|██████████| 1/1 [00:01<00:00,  1.18s/it]100%|██████████| 1/1 [00:01<00:00,  1.18s/it]
Predicted melting temperature: [78.6618881225586]
  0%|          | 0/1 [00:00<?, ?it/s]100%|██████████| 1/1 [00:00<00:00,  1.02it/s]100%|██████████| 1/1 [00:00<00:00,  1.02it/s]
Predicted melting temperature: [53.84968566894531]
  0%|          | 0/1 [00:00<?, ?it/s]100%|██████████| 1/1 [00:01<00:00,  1.01s/it]100%|██████████| 1/1 [00:01<00:00,  1.02s/it]
Predicted melting temperature: [54.32655334472656]
  0%|          | 0/1 [00:00<?, ?it/s]100%|██████████| 1/1 [00:01<00:00,  1.26s/it]100%|██████████| 1/1 [00:01<00:00,  1.26s/it]
Predicted melting temperature: [63.72052001953125]
  seed_127 arm=t1_cond pH=7.4 target=+8.0    Tm=70.12  replicas=[70.7, 75.9, 63.7]
  0%|          | 0/1 [00:00<?, ?it/s]100%|██████████| 1/1 [00:00<00:00,  1.05it/s]100%|██████████| 1/1 [00:00<00:00,  1.05it/s]
Predicted melting temperature: [74.43240356445312]
  0%|          | 0/1 [00:00<?, ?it/s]100%|██████████| 1/1 [00:00<00:00,  1.29it/s]100%|██████████| 1/1 [00:00<00:00,  1.29it/s]
Predicted melting temperature: [68.74433898925781]
  0%|          | 0/1 [00:00<?, ?it/s]100%|██████████| 1/1 [00:01<00:00,  1.22s/it]100%|██████████| 1/1 [00:01<00:00,  1.22s/it]100%|██████████| 1/1 [00:01<00:00,  1.14s/it]100%|██████████| 1/1 [00:01<00:00,  1.21s/it]
100%|██████████| 1/1 [00:01<00:00,  1.26s/it]
100%|██████████| 1/1 [00:01<00:00,  1.31s/it]Predicted melting temperature: [76.34440612792969]

Predicted melting temperature: [58.186431884765625]
  seed_127 arm=t2_ph pH=7.4 target=占位 char   Tm=55.71  replicas=[54.6, 54.3, 58.2]
  0%|          | 0/1 [00:00<?, ?it/s]100%|██████████| 1/1 [00:00<00:00,  1.60it/s]100%|██████████| 1/1 [00:00<00:00,  1.58it/s]Predicted melting temperature: [77.1866683959961]

Predicted melting temperature: [49.24761199951172]
  seed_130 arm=t2_pos pH=7.4 target=+14.0    Tm=57.28  replicas=[53.8, 68.7, 49.2]
  0%|          | 0/1 [00:00<?, ?it/s]  0%|          | 0/1 [00:00<?, ?it/s]  [code/output/finetune_v2_validate/1BC8/t2_pos/seqs.fa] 已写 code/output/finetune_v2_validate/1BC8/t2_pos/seqs.fa.tm.csv
100%|██████████| 1/1 [00:00<00:00,  1.07it/s]100%|██████████| 1/1 [00:00<00:00,  1.07it/s]
Predicted melting temperature: [61.917083740234375]
  seed_126 arm=t1_base pH=7.4 target=+8.0    Tm=68.49  replicas=[69.1, 74.4, 61.9]
  0%|          | 0/1 [00:00<?, ?it/s]100%|██████████| 1/1 [00:01<00:00,  1.03s/it]100%|██████████| 1/1 [00:01<00:00,  1.03s/it]
Predicted melting temperature: [69.58999633789062]
  0%|          | 0/1 [00:00<?, ?it/s]100%|██████████| 1/1 [00:01<00:00,  1.10s/it]100%|██████████| 1/1 [00:01<00:00,  1.10s/it]
Predicted melting temperature: [74.78804779052734]
  0%|          | 0/1 [00:00<?, ?it/s]100%|██████████| 1/1 [00:01<00:00,  1.20s/it]100%|██████████| 1/1 [00:01<00:00,  1.20s/it]
Predicted melting temperature: [77.8044662475586]
  0%|          | 0/1 [00:00<?, ?it/s]100%|██████████| 1/1 [00:01<00:00,  1.36s/it]100%|██████████| 1/1 [00:01<00:00,  1.52s/it]
Predicted melting temperature: [65.02450561523438]
  seed_128 arm=t2_pos pH=7.4 target=+13.0    Tm=73.34  replicas=[78.7, 76.3, 65.0]
  0%|          | 0/1 [00:00<?, ?it/s]100%|██████████| 1/1 [00:01<00:00,  1.07s/it]100%|██████████| 1/1 [00:01<00:00,  1.07s/it]
Predicted melting temperature: [73.74209594726562]
  0%|          | 0/1 [00:00<?, ?it/s]100%|██████████| 1/1 [00:01<00:00,  1.21s/it]100%|██████████| 1/1 [00:01<00:00,  1.21s/it]
Predicted melting temperature: [73.85294342041016]
  0%|          | 0/1 [00:00<?, ?it/s]100%|██████████| 1/1 [00:01<00:00,  1.26s/it]100%|██████████| 1/1 [00:01<00:00,  1.26s/it]
Predicted melting temperature: [67.65433502197266]
  seed_128 arm=t1_cond pH=7.4 target=+8.0    Tm=74.22  replicas=[77.2, 77.8, 67.7]
  0%|          | 0/1 [00:00<?, ?it/s]100%|██████████| 1/1 [00:01<00:00,  1.25s/it]100%|██████████| 1/1 [00:01<00:00,  1.25s/it]
Predicted melting temperature: [70.59213256835938]
  0%|          | 0/1 [00:00<?, ?it/s]100%|██████████| 1/1 [00:00<00:00,  1.07it/s]100%|██████████| 1/1 [00:00<00:00,  1.07it/s]
Predicted melting temperature: [81.53600311279297]
  seed_128 arm=t2_ph pH=7.4 target=占位 char   Tm=76.69  replicas=[74.8, 73.7, 81.5]
  0%|          | 0/1 [00:00<?, ?it/s]100%|██████████| 1/1 [00:01<00:00,  1.01s/it]100%|██████████| 1/1 [00:01<00:00,  1.01s/it]
Predicted melting temperature: [78.6297607421875]
  0%|          | 0/1 [00:00<?, ?it/s]100%|██████████| 1/1 [00:01<00:00,  1.26s/it]100%|██████████| 1/1 [00:01<00:00,  1.35s/it]
Predicted melting temperature: [60.819908142089844]
  seed_127 arm=t1_base pH=7.4 target=+8.0    Tm=68.09  replicas=[69.6, 73.9, 60.8]
  0%|          | 0/1 [00:00<?, ?it/s]100%|██████████| 1/1 [00:01<00:00,  1.25s/it]100%|██████████| 1/1 [00:01<00:00,  1.25s/it]
Predicted melting temperature: [74.73579406738281]
  0%|          | 0/1 [00:00<?, ?it/s]100%|██████████| 1/1 [00:00<00:00,  1.32it/s]100%|██████████| 1/1 [00:00<00:00,  1.32it/s]
Predicted melting temperature: [53.170928955078125]
  0%|          | 0/1 [00:00<?, ?it/s]100%|██████████| 1/1 [00:01<00:00,  1.11s/it]100%|██████████| 1/1 [00:01<00:00,  1.11s/it]
Predicted melting temperature: [78.67233276367188]
  0%|          | 0/1 [00:00<?, ?it/s]100%|██████████| 1/1 [00:01<00:00,  1.15s/it]100%|██████████| 1/1 [00:01<00:00,  1.15s/it]
Predicted melting temperature: [76.71525573730469]
  0%|          | 0/1 [00:00<?, ?it/s]100%|██████████| 1/1 [00:01<00:00,  1.05s/it]100%|██████████| 1/1 [00:01<00:00,  1.05s/it]
100%|██████████| 1/1 [00:01<00:00,  1.19s/it]100%|██████████| 1/1 [00:01<00:00,  1.19s/it]Predicted melting temperature: [54.825294494628906]

  0%|          | 0/1 [00:00<?, ?it/s]Predicted melting temperature: [62.264015197753906]
  seed_129 arm=t2_pos pH=7.4 target=+13.0    Tm=69.20  replicas=[70.6, 74.7, 62.3]
  0%|          | 0/1 [00:00<?, ?it/s]100%|██████████| 1/1 [00:01<00:00,  1.21s/it]100%|██████████| 1/1 [00:01<00:00,  1.21s/it]
Predicted melting temperature: [70.09784698486328]
  seed_129 arm=t1_cond pH=7.4 target=+8.0    Tm=75.80  replicas=[78.6, 78.7, 70.1]
  0%|          | 0/1 [00:00<?, ?it/s]100%|██████████| 1/1 [00:01<00:00,  1.30s/it]100%|██████████| 1/1 [00:01<00:00,  1.30s/it]
Predicted melting temperature: [77.12773132324219]
  0%|          | 0/1 [00:00<?, ?it/s]100%|██████████| 1/1 [00:01<00:00,  1.04s/it]100%|██████████| 1/1 [00:01<00:00,  1.04s/it]100%|██████████| 1/1 [00:01<00:00,  1.18s/it]
Predicted melting temperature: [52.896141052246094]
  seed_129 arm=t2_ph pH=7.4 target=占位 char   Tm=53.63  replicas=[53.2, 54.8, 52.9]
100%|██████████| 1/1 [00:01<00:00,  1.24s/it]
Predicted melting temperature: [75.18263244628906]
  0%|          | 0/1 [00:00<?, ?it/s]  0%|          | 0/1 [00:00<?, ?it/s]100%|██████████| 1/1 [00:01<00:00,  1.14s/it]100%|██████████| 1/1 [00:01<00:00,  1.14s/it]
Predicted melting temperature: [77.47840881347656]
  0%|          | 0/1 [00:00<?, ?it/s]100%|██████████| 1/1 [00:01<00:00,  1.14s/it]100%|██████████| 1/1 [00:01<00:00,  1.14s/it]
Predicted melting temperature: [66.74474334716797]
  seed_128 arm=t1_base pH=7.4 target=+8.0    Tm=73.53  replicas=[76.7, 77.1, 66.7]
  0%|          | 0/1 [00:00<?, ?it/s]100%|██████████| 1/1 [00:01<00:00,  1.12s/it]100%|██████████| 1/1 [00:01<00:00,  1.12s/it]
Predicted melting temperature: [78.36485290527344]
  0%|          | 0/1 [00:00<?, ?it/s]100%|██████████| 1/1 [00:01<00:00,  1.28s/it]100%|██████████| 1/1 [00:01<00:00,  1.28s/it]
Predicted melting temperature: [53.4446907043457]
  0%|          | 0/1 [00:00<?, ?it/s]100%|██████████| 1/1 [00:01<00:00,  1.07s/it]100%|██████████| 1/1 [00:01<00:00,  1.07s/it]
Predicted melting temperature: [78.95919036865234]
  0%|          | 0/1 [00:00<?, ?it/s]100%|██████████| 1/1 [00:01<00:00,  1.11s/it]100%|██████████| 1/1 [00:01<00:00,  1.11s/it]
Predicted melting temperature: [71.83316802978516]
  0%|          | 0/1 [00:00<?, ?it/s]100%|██████████| 1/1 [00:01<00:00,  1.05s/it]100%|██████████| 1/1 [00:01<00:00,  1.05s/it]
Predicted melting temperature: [72.10515594482422]
  seed_130 arm=t2_pos pH=7.4 target=+13.0    Tm=75.22  replicas=[75.2, 78.4, 72.1]
  [code/output/finetune_v2_validate/2LZM/t2_pos/seqs.fa] 已写 code/output/finetune_v2_validate/2LZM/t2_pos/seqs.fa.tm.csv
100%|██████████| 1/1 [00:01<00:00,  1.04s/it]100%|██████████| 1/1 [00:01<00:00,  1.04s/it]
Predicted melting temperature: [55.17333984375]
  0%|          | 0/1 [00:00<?, ?it/s]100%|██████████| 1/1 [00:01<00:00,  1.04s/it]100%|██████████| 1/1 [00:01<00:00,  1.04s/it]
Predicted melting temperature: [66.7939682006836]
  seed_130 arm=t1_cond pH=7.4 target=+8.0    Tm=74.41  replicas=[77.5, 79.0, 66.8]
100%|██████████| 1/1 [00:01<00:00,  1.01s/it]100%|██████████| 1/1 [00:01<00:00,  1.11s/it]
Predicted melting temperature: [76.33905029296875]
  0%|          | 0/1 [00:00<?, ?it/s]  [code/output/finetune_v2_validate/2LZM/t1_cond/seqs.fa] 已写 code/output/finetune_v2_validate/2LZM/t1_cond/seqs.fa.tm.csv
100%|██████████| 1/1 [00:01<00:00,  1.20s/it]100%|██████████| 1/1 [00:01<00:00,  1.20s/it]
Predicted melting temperature: [60.31259536743164]
  seed_130 arm=t2_ph pH=7.4 target=占位 char   Tm=56.31  replicas=[53.4, 55.2, 60.3]
  [code/output/finetune_v2_validate/2LZM/t2_ph/seqs.fa] 已写 code/output/finetune_v2_validate/2LZM/t2_ph/seqs.fa.tm.csv
100%|██████████| 1/1 [00:01<00:00,  1.11s/it]100%|██████████| 1/1 [00:01<00:00,  1.11s/it]
Predicted melting temperature: [64.32902526855469]
  seed_129 arm=t1_base pH=7.4 target=+8.0    Tm=70.83  replicas=[71.8, 76.3, 64.3]
  0%|          | 0/1 [00:00<?, ?it/s]100%|██████████| 1/1 [00:01<00:00,  1.11s/it]100%|██████████| 1/1 [00:01<00:00,  1.11s/it]
Predicted melting temperature: [77.74788665771484]
  0%|          | 0/1 [00:00<?, ?it/s]100%|██████████| 1/1 [00:01<00:00,  1.29s/it]100%|██████████| 1/1 [00:01<00:00,  1.29s/it]
Predicted melting temperature: [78.39961242675781]
  0%|          | 0/1 [00:00<?, ?it/s]100%|██████████| 1/1 [00:01<00:00,  1.15s/it]100%|██████████| 1/1 [00:01<00:00,  1.15s/it]
Predicted melting temperature: [70.04661560058594]
  seed_130 arm=t1_base pH=7.4 target=+8.0    Tm=75.40  replicas=[77.7, 78.4, 70.0]
  [code/output/finetune_v2_validate/2LZM/t1_base/seqs.fa] 已写 code/output/finetune_v2_validate/2LZM/t1_base/seqs.fa.tm.csv
  TemBERTure DONE 14:26:32
=== ALL PHASE3 V2 SCORING DONE ===
