=== [1/4] ESMFold 回折 + pLDDT（confumpnn-esmfold，递归扫描所有 arm 的 seqs.fa）===
ESMFold 加载完成（cuda）
批量模式：找到 20 个 seqs.fa
[code/output/finetune_v3_validate/1BC8/t1_base/seqs.fa] 共 20 条序列
  seed_111 arm=t1_base pH=7.4 ta   L=  93  mean_pLDDT= 76.44
  seed_112 arm=t1_base pH=7.4 ta   L=  93  mean_pLDDT= 81.24
  seed_113 arm=t1_base pH=7.4 ta   L=  93  mean_pLDDT= 77.91
  seed_114 arm=t1_base pH=7.4 ta   L=  93  mean_pLDDT= 82.24
  seed_115 arm=t1_base pH=7.4 ta   L=  93  mean_pLDDT= 75.62
  seed_116 arm=t1_base pH=7.4 ta   L=  93  mean_pLDDT= 82.98
  seed_117 arm=t1_base pH=7.4 ta   L=  93  mean_pLDDT= 80.26
  seed_118 arm=t1_base pH=7.4 ta   L=  93  mean_pLDDT= 80.68
  seed_119 arm=t1_base pH=7.4 ta   L=  93  mean_pLDDT= 75.23
  seed_120 arm=t1_base pH=7.4 ta   L=  93  mean_pLDDT= 76.73
  seed_121 arm=t1_base pH=7.4 ta   L=  93  mean_pLDDT= 81.63
  seed_122 arm=t1_base pH=7.4 ta   L=  93  mean_pLDDT= 82.17
  seed_123 arm=t1_base pH=7.4 ta   L=  93  mean_pLDDT= 79.78
  seed_124 arm=t1_base pH=7.4 ta   L=  93  mean_pLDDT= 81.59
  seed_125 arm=t1_base pH=7.4 ta   L=  93  mean_pLDDT= 76.98
  seed_126 arm=t1_base pH=7.4 ta   L=  93  mean_pLDDT= 82.38
  seed_127 arm=t1_base pH=7.4 ta   L=  93  mean_pLDDT= 80.78
  seed_128 arm=t1_base pH=7.4 ta   L=  93  mean_pLDDT= 84.96
  seed_129 arm=t1_base pH=7.4 ta   L=  93  mean_pLDDT= 81.02
  seed_130 arm=t1_base pH=7.4 ta   L=  93  mean_pLDDT= 80.22
  已写入 code/output/finetune_v3_validate/1BC8/t1_base/plddt.csv
[code/output/finetune_v3_validate/1BC8/t1_cond/seqs.fa] 共 20 条序列
  seed_111 arm=t1_cond pH=7.4 ta   L=  93  mean_pLDDT= 79.04
  seed_112 arm=t1_cond pH=7.4 ta   L=  93  mean_pLDDT= 80.77
  seed_113 arm=t1_cond pH=7.4 ta   L=  93  mean_pLDDT= 82.73
  seed_114 arm=t1_cond pH=7.4 ta   L=  93  mean_pLDDT= 83.08
  seed_115 arm=t1_cond pH=7.4 ta   L=  93  mean_pLDDT= 82.42
  seed_116 arm=t1_cond pH=7.4 ta   L=  93  mean_pLDDT= 72.21
  seed_117 arm=t1_cond pH=7.4 ta   L=  93  mean_pLDDT= 81.00
  seed_118 arm=t1_cond pH=7.4 ta   L=  93  mean_pLDDT= 82.64
  seed_119 arm=t1_cond pH=7.4 ta   L=  93  mean_pLDDT= 79.47
  seed_120 arm=t1_cond pH=7.4 ta   L=  93  mean_pLDDT= 79.52
  seed_121 arm=t1_cond pH=7.4 ta   L=  93  mean_pLDDT= 82.65
  seed_122 arm=t1_cond pH=7.4 ta   L=  93  mean_pLDDT= 81.01
  seed_123 arm=t1_cond pH=7.4 ta   L=  93  mean_pLDDT= 81.70
  seed_124 arm=t1_cond pH=7.4 ta   L=  93  mean_pLDDT= 82.47
  seed_125 arm=t1_cond pH=7.4 ta   L=  93  mean_pLDDT= 82.01
  seed_126 arm=t1_cond pH=7.4 ta   L=  93  mean_pLDDT= 82.84
  seed_127 arm=t1_cond pH=7.4 ta   L=  93  mean_pLDDT= 82.53
  seed_128 arm=t1_cond pH=7.4 ta   L=  93  mean_pLDDT= 84.35
  seed_129 arm=t1_cond pH=7.4 ta   L=  93  mean_pLDDT= 85.10
  seed_130 arm=t1_cond pH=7.4 ta   L=  93  mean_pLDDT= 79.32
  已写入 code/output/finetune_v3_validate/1BC8/t1_cond/plddt.csv
[code/output/finetune_v3_validate/1BC8/t2_neg/seqs.fa] 共 20 条序列
  seed_111 arm=t2_neg pH=7.4 tar   L=  93  mean_pLDDT= 76.84
  seed_112 arm=t2_neg pH=7.4 tar   L=  93  mean_pLDDT= 84.35
  seed_113 arm=t2_neg pH=7.4 tar   L=  93  mean_pLDDT= 83.00
  seed_114 arm=t2_neg pH=7.4 tar   L=  93  mean_pLDDT= 82.10
  seed_115 arm=t2_neg pH=7.4 tar   L=  93  mean_pLDDT= 78.87
  seed_116 arm=t2_neg pH=7.4 tar   L=  93  mean_pLDDT= 83.32
  seed_117 arm=t2_neg pH=7.4 tar   L=  93  mean_pLDDT= 80.47
  seed_118 arm=t2_neg pH=7.4 tar   L=  93  mean_pLDDT= 83.16
  seed_119 arm=t2_neg pH=7.4 tar   L=  93  mean_pLDDT= 78.82
  seed_120 arm=t2_neg pH=7.4 tar   L=  93  mean_pLDDT= 77.83
  seed_121 arm=t2_neg pH=7.4 tar   L=  93  mean_pLDDT= 81.72
  seed_122 arm=t2_neg pH=7.4 tar   L=  93  mean_pLDDT= 81.51
  seed_123 arm=t2_neg pH=7.4 tar   L=  93  mean_pLDDT= 82.95
  seed_124 arm=t2_neg pH=7.4 tar   L=  93  mean_pLDDT= 82.71
  seed_125 arm=t2_neg pH=7.4 tar   L=  93  mean_pLDDT= 78.16
  seed_126 arm=t2_neg pH=7.4 tar   L=  93  mean_pLDDT= 82.40
  seed_127 arm=t2_neg pH=7.4 tar   L=  93  mean_pLDDT= 82.12
  seed_128 arm=t2_neg pH=7.4 tar   L=  93  mean_pLDDT= 87.08
  seed_129 arm=t2_neg pH=7.4 tar   L=  93  mean_pLDDT= 82.84
  seed_130 arm=t2_neg pH=7.4 tar   L=  93  mean_pLDDT= 84.77
  已写入 code/output/finetune_v3_validate/1BC8/t2_neg/plddt.csv
[code/output/finetune_v3_validate/1BC8/t2_ph/seqs.fa] 共 20 条序列
  seed_111 arm=t2_ph pH=7.4 targ   L=  93  mean_pLDDT= 81.97
  seed_112 arm=t2_ph pH=7.4 targ   L=  93  mean_pLDDT= 85.10
  seed_113 arm=t2_ph pH=7.4 targ   L=  93  mean_pLDDT= 81.31
  seed_114 arm=t2_ph pH=7.4 targ   L=  93  mean_pLDDT= 81.46
  seed_115 arm=t2_ph pH=7.4 targ   L=  93  mean_pLDDT= 82.44
  seed_116 arm=t2_ph pH=7.4 targ   L=  93  mean_pLDDT= 84.51
  seed_117 arm=t2_ph pH=7.4 targ   L=  93  mean_pLDDT= 82.37
  seed_118 arm=t2_ph pH=7.4 targ   L=  93  mean_pLDDT= 85.93
  seed_119 arm=t2_ph pH=7.4 targ   L=  93  mean_pLDDT= 83.27
  seed_120 arm=t2_ph pH=7.4 targ   L=  93  mean_pLDDT= 86.45
  seed_121 arm=t2_ph pH=7.4 targ   L=  93  mean_pLDDT= 84.97
  seed_122 arm=t2_ph pH=7.4 targ   L=  93  mean_pLDDT= 85.84
  seed_123 arm=t2_ph pH=7.4 targ   L=  93  mean_pLDDT= 80.46
  seed_124 arm=t2_ph pH=7.4 targ   L=  93  mean_pLDDT= 79.08
  seed_125 arm=t2_ph pH=7.4 targ   L=  93  mean_pLDDT= 81.80
  seed_126 arm=t2_ph pH=7.4 targ   L=  93  mean_pLDDT= 83.26
  seed_127 arm=t2_ph pH=7.4 targ   L=  93  mean_pLDDT= 84.46
  seed_128 arm=t2_ph pH=7.4 targ   L=  93  mean_pLDDT= 85.48
  seed_129 arm=t2_ph pH=7.4 targ   L=  93  mean_pLDDT= 86.54
  seed_130 arm=t2_ph pH=7.4 targ   L=  93  mean_pLDDT= 83.49
  已写入 code/output/finetune_v3_validate/1BC8/t2_ph/plddt.csv
[code/output/finetune_v3_validate/1BC8/t2_pos/seqs.fa] 共 20 条序列
  seed_111 arm=t2_pos pH=7.4 tar   L=  93  mean_pLDDT= 75.33
  seed_112 arm=t2_pos pH=7.4 tar   L=  93  mean_pLDDT= 80.58
  seed_113 arm=t2_pos pH=7.4 tar   L=  93  mean_pLDDT= 77.68
  seed_114 arm=t2_pos pH=7.4 tar   L=  93  mean_pLDDT= 81.90
  seed_115 arm=t2_pos pH=7.4 tar   L=  93  mean_pLDDT= 75.32
  seed_116 arm=t2_pos pH=7.4 tar   L=  93  mean_pLDDT= 80.19
  seed_117 arm=t2_pos pH=7.4 tar   L=  93  mean_pLDDT= 82.10
  seed_118 arm=t2_pos pH=7.4 tar   L=  93  mean_pLDDT= 75.98
  seed_119 arm=t2_pos pH=7.4 tar   L=  93  mean_pLDDT= 81.37
  seed_120 arm=t2_pos pH=7.4 tar   L=  93  mean_pLDDT= 55.39
  seed_121 arm=t2_pos pH=7.4 tar   L=  93  mean_pLDDT= 80.36
  seed_122 arm=t2_pos pH=7.4 tar   L=  93  mean_pLDDT= 81.61
  seed_123 arm=t2_pos pH=7.4 tar   L=  93  mean_pLDDT= 75.58
  seed_124 arm=t2_pos pH=7.4 tar   L=  93  mean_pLDDT= 76.53
  seed_125 arm=t2_pos pH=7.4 tar   L=  93  mean_pLDDT= 79.08
  seed_126 arm=t2_pos pH=7.4 tar   L=  93  mean_pLDDT= 83.26
  seed_127 arm=t2_pos pH=7.4 tar   L=  93  mean_pLDDT= 81.32
  seed_128 arm=t2_pos pH=7.4 tar   L=  93  mean_pLDDT= 82.75
  seed_129 arm=t2_pos pH=7.4 tar   L=  93  mean_pLDDT= 80.41
  seed_130 arm=t2_pos pH=7.4 tar   L=  93  mean_pLDDT= 78.70
  已写入 code/output/finetune_v3_validate/1BC8/t2_pos/plddt.csv
[code/output/finetune_v3_validate/1CRN/t1_base/seqs.fa] 共 20 条序列
  seed_111 arm=t1_base pH=7.4 ta   L=  46  mean_pLDDT= 88.35
  seed_112 arm=t1_base pH=7.4 ta   L=  46  mean_pLDDT= 88.95
  seed_113 arm=t1_base pH=7.4 ta   L=  46  mean_pLDDT= 90.52
  seed_114 arm=t1_base pH=7.4 ta   L=  46  mean_pLDDT= 91.94
  seed_115 arm=t1_base pH=7.4 ta   L=  46  mean_pLDDT= 71.20
  seed_116 arm=t1_base pH=7.4 ta   L=  46  mean_pLDDT= 89.95
  seed_117 arm=t1_base pH=7.4 ta   L=  46  mean_pLDDT= 88.04
  seed_118 arm=t1_base pH=7.4 ta   L=  46  mean_pLDDT= 89.07
  seed_119 arm=t1_base pH=7.4 ta   L=  46  mean_pLDDT= 91.67
  seed_120 arm=t1_base pH=7.4 ta   L=  46  mean_pLDDT= 90.59
  seed_121 arm=t1_base pH=7.4 ta   L=  46  mean_pLDDT= 86.90
  seed_122 arm=t1_base pH=7.4 ta   L=  46  mean_pLDDT= 88.60
  seed_123 arm=t1_base pH=7.4 ta   L=  46  mean_pLDDT= 91.04
  seed_124 arm=t1_base pH=7.4 ta   L=  46  mean_pLDDT= 91.41
  seed_125 arm=t1_base pH=7.4 ta   L=  46  mean_pLDDT= 84.35
  seed_126 arm=t1_base pH=7.4 ta   L=  46  mean_pLDDT= 90.74
  seed_127 arm=t1_base pH=7.4 ta   L=  46  mean_pLDDT= 89.27
  seed_128 arm=t1_base pH=7.4 ta   L=  46  mean_pLDDT= 88.88
  seed_129 arm=t1_base pH=7.4 ta   L=  46  mean_pLDDT= 87.17
  seed_130 arm=t1_base pH=7.4 ta   L=  46  mean_pLDDT= 91.18
  已写入 code/output/finetune_v3_validate/1CRN/t1_base/plddt.csv
[code/output/finetune_v3_validate/1CRN/t1_cond/seqs.fa] 共 20 条序列
  seed_111 arm=t1_cond pH=7.4 ta   L=  46  mean_pLDDT= 87.60
  seed_112 arm=t1_cond pH=7.4 ta   L=  46  mean_pLDDT= 86.42
  seed_113 arm=t1_cond pH=7.4 ta   L=  46  mean_pLDDT= 89.06
  seed_114 arm=t1_cond pH=7.4 ta   L=  46  mean_pLDDT= 86.96
  seed_115 arm=t1_cond pH=7.4 ta   L=  46  mean_pLDDT= 84.25
  seed_116 arm=t1_cond pH=7.4 ta   L=  46  mean_pLDDT= 88.03
  seed_117 arm=t1_cond pH=7.4 ta   L=  46  mean_pLDDT= 86.17
  seed_118 arm=t1_cond pH=7.4 ta   L=  46  mean_pLDDT= 88.58
  seed_119 arm=t1_cond pH=7.4 ta   L=  46  mean_pLDDT= 90.93
  seed_120 arm=t1_cond pH=7.4 ta   L=  46  mean_pLDDT= 75.99
  seed_121 arm=t1_cond pH=7.4 ta   L=  46  mean_pLDDT= 86.82
  seed_122 arm=t1_cond pH=7.4 ta   L=  46  mean_pLDDT= 89.88
  seed_123 arm=t1_cond pH=7.4 ta   L=  46  mean_pLDDT= 87.41
  seed_124 arm=t1_cond pH=7.4 ta   L=  46  mean_pLDDT= 89.44
  seed_125 arm=t1_cond pH=7.4 ta   L=  46  mean_pLDDT= 89.82
  seed_126 arm=t1_cond pH=7.4 ta   L=  46  mean_pLDDT= 92.05
  seed_127 arm=t1_cond pH=7.4 ta   L=  46  mean_pLDDT= 91.62
  seed_128 arm=t1_cond pH=7.4 ta   L=  46  mean_pLDDT= 88.59
  seed_129 arm=t1_cond pH=7.4 ta   L=  46  mean_pLDDT= 89.25
  seed_130 arm=t1_cond pH=7.4 ta   L=  46  mean_pLDDT= 67.76
  已写入 code/output/finetune_v3_validate/1CRN/t1_cond/plddt.csv
[code/output/finetune_v3_validate/1CRN/t2_neg/seqs.fa] 共 20 条序列
  seed_111 arm=t2_neg pH=7.4 tar   L=  46  mean_pLDDT= 87.50
  seed_112 arm=t2_neg pH=7.4 tar   L=  46  mean_pLDDT= 89.88
  seed_113 arm=t2_neg pH=7.4 tar   L=  46  mean_pLDDT= 88.19
  seed_114 arm=t2_neg pH=7.4 tar   L=  46  mean_pLDDT= 88.66
  seed_115 arm=t2_neg pH=7.4 tar   L=  46  mean_pLDDT= 89.77
  seed_116 arm=t2_neg pH=7.4 tar   L=  46  mean_pLDDT= 90.43
  seed_117 arm=t2_neg pH=7.4 tar   L=  46  mean_pLDDT= 89.21
  seed_118 arm=t2_neg pH=7.4 tar   L=  46  mean_pLDDT= 88.85
  seed_119 arm=t2_neg pH=7.4 tar   L=  46  mean_pLDDT= 91.26
  seed_120 arm=t2_neg pH=7.4 tar   L=  46  mean_pLDDT= 91.14
  seed_121 arm=t2_neg pH=7.4 tar   L=  46  mean_pLDDT= 86.77
  seed_122 arm=t2_neg pH=7.4 tar   L=  46  mean_pLDDT= 86.99
  seed_123 arm=t2_neg pH=7.4 tar   L=  46  mean_pLDDT= 88.76
  seed_124 arm=t2_neg pH=7.4 tar   L=  46  mean_pLDDT= 90.94
  seed_125 arm=t2_neg pH=7.4 tar   L=  46  mean_pLDDT= 88.42
  seed_126 arm=t2_neg pH=7.4 tar   L=  46  mean_pLDDT= 85.94
  seed_127 arm=t2_neg pH=7.4 tar   L=  46  mean_pLDDT= 88.99
  seed_128 arm=t2_neg pH=7.4 tar   L=  46  mean_pLDDT= 85.34
  seed_129 arm=t2_neg pH=7.4 tar   L=  46  mean_pLDDT= 91.94
  seed_130 arm=t2_neg pH=7.4 tar   L=  46  mean_pLDDT= 90.36
  已写入 code/output/finetune_v3_validate/1CRN/t2_neg/plddt.csv
[code/output/finetune_v3_validate/1CRN/t2_ph/seqs.fa] 共 20 条序列
  seed_111 arm=t2_ph pH=7.4 targ   L=  46  mean_pLDDT= 88.35
  seed_112 arm=t2_ph pH=7.4 targ   L=  46  mean_pLDDT= 88.95
  seed_113 arm=t2_ph pH=7.4 targ   L=  46  mean_pLDDT= 90.52
  seed_114 arm=t2_ph pH=7.4 targ   L=  46  mean_pLDDT= 91.94
  seed_115 arm=t2_ph pH=7.4 targ   L=  46  mean_pLDDT= 71.20
  seed_116 arm=t2_ph pH=7.4 targ   L=  46  mean_pLDDT= 89.95
  seed_117 arm=t2_ph pH=7.4 targ   L=  46  mean_pLDDT= 88.04
  seed_118 arm=t2_ph pH=7.4 targ   L=  46  mean_pLDDT= 89.07
  seed_119 arm=t2_ph pH=7.4 targ   L=  46  mean_pLDDT= 91.67
  seed_120 arm=t2_ph pH=7.4 targ   L=  46  mean_pLDDT= 90.59
  seed_121 arm=t2_ph pH=7.4 targ   L=  46  mean_pLDDT= 85.94
  seed_122 arm=t2_ph pH=7.4 targ   L=  46  mean_pLDDT= 88.60
  seed_123 arm=t2_ph pH=7.4 targ   L=  46  mean_pLDDT= 91.04
  seed_124 arm=t2_ph pH=7.4 targ   L=  46  mean_pLDDT= 88.77
  seed_125 arm=t2_ph pH=7.4 targ   L=  46  mean_pLDDT= 84.35
  seed_126 arm=t2_ph pH=7.4 targ   L=  46  mean_pLDDT= 89.83
  seed_127 arm=t2_ph pH=7.4 targ   L=  46  mean_pLDDT= 90.97
  seed_128 arm=t2_ph pH=7.4 targ   L=  46  mean_pLDDT= 62.67
  seed_129 arm=t2_ph pH=7.4 targ   L=  46  mean_pLDDT= 88.05
  seed_130 arm=t2_ph pH=7.4 targ   L=  46  mean_pLDDT= 91.38
  已写入 code/output/finetune_v3_validate/1CRN/t2_ph/plddt.csv
[code/output/finetune_v3_validate/1CRN/t2_pos/seqs.fa] 共 20 条序列
  seed_111 arm=t2_pos pH=7.4 tar   L=  46  mean_pLDDT= 88.59
  seed_112 arm=t2_pos pH=7.4 tar   L=  46  mean_pLDDT= 89.18
  seed_113 arm=t2_pos pH=7.4 tar   L=  46  mean_pLDDT= 87.47
  seed_114 arm=t2_pos pH=7.4 tar   L=  46  mean_pLDDT= 90.22
  seed_115 arm=t2_pos pH=7.4 tar   L=  46  mean_pLDDT= 76.16
  seed_116 arm=t2_pos pH=7.4 tar   L=  46  mean_pLDDT= 84.17
  seed_117 arm=t2_pos pH=7.4 tar   L=  46  mean_pLDDT= 90.23
  seed_118 arm=t2_pos pH=7.4 tar   L=  46  mean_pLDDT= 82.80
  seed_119 arm=t2_pos pH=7.4 tar   L=  46  mean_pLDDT= 90.97
  seed_120 arm=t2_pos pH=7.4 tar   L=  46  mean_pLDDT= 89.60
  seed_121 arm=t2_pos pH=7.4 tar   L=  46  mean_pLDDT= 87.43
  seed_122 arm=t2_pos pH=7.4 tar   L=  46  mean_pLDDT= 87.75
  seed_123 arm=t2_pos pH=7.4 tar   L=  46  mean_pLDDT= 88.88
  seed_124 arm=t2_pos pH=7.4 tar   L=  46  mean_pLDDT= 88.20
  seed_125 arm=t2_pos pH=7.4 tar   L=  46  mean_pLDDT= 86.50
  seed_126 arm=t2_pos pH=7.4 tar   L=  46  mean_pLDDT= 90.76
  seed_127 arm=t2_pos pH=7.4 tar   L=  46  mean_pLDDT= 88.14
  seed_128 arm=t2_pos pH=7.4 tar   L=  46  mean_pLDDT= 88.51
  seed_129 arm=t2_pos pH=7.4 tar   L=  46  mean_pLDDT= 88.49
  seed_130 arm=t2_pos pH=7.4 tar   L=  46  mean_pLDDT= 91.21
  已写入 code/output/finetune_v3_validate/1CRN/t2_pos/plddt.csv
[code/output/finetune_v3_validate/1UBQ/t1_base/seqs.fa] 共 20 条序列
  seed_111 arm=t1_base pH=7.4 ta   L=  76  mean_pLDDT= 92.39
  seed_112 arm=t1_base pH=7.4 ta   L=  76  mean_pLDDT= 90.20
  seed_113 arm=t1_base pH=7.4 ta   L=  76  mean_pLDDT= 89.54
  seed_114 arm=t1_base pH=7.4 ta   L=  76  mean_pLDDT= 89.66
  seed_115 arm=t1_base pH=7.4 ta   L=  76  mean_pLDDT= 88.75
  seed_116 arm=t1_base pH=7.4 ta   L=  76  mean_pLDDT= 87.87
  seed_117 arm=t1_base pH=7.4 ta   L=  76  mean_pLDDT= 89.83
  seed_118 arm=t1_base pH=7.4 ta   L=  76  mean_pLDDT= 89.31
  seed_119 arm=t1_base pH=7.4 ta   L=  76  mean_pLDDT= 90.57
  seed_120 arm=t1_base pH=7.4 ta   L=  76  mean_pLDDT= 90.28
  seed_121 arm=t1_base pH=7.4 ta   L=  76  mean_pLDDT= 87.62
  seed_122 arm=t1_base pH=7.4 ta   L=  76  mean_pLDDT= 89.74
  seed_123 arm=t1_base pH=7.4 ta   L=  76  mean_pLDDT= 88.37
  seed_124 arm=t1_base pH=7.4 ta   L=  76  mean_pLDDT= 88.82
  seed_125 arm=t1_base pH=7.4 ta   L=  76  mean_pLDDT= 87.81
  seed_126 arm=t1_base pH=7.4 ta   L=  76  mean_pLDDT= 90.63
  seed_127 arm=t1_base pH=7.4 ta   L=  76  mean_pLDDT= 89.98
  seed_128 arm=t1_base pH=7.4 ta   L=  76  mean_pLDDT= 86.26
  seed_129 arm=t1_base pH=7.4 ta   L=  76  mean_pLDDT= 89.99
  seed_130 arm=t1_base pH=7.4 ta   L=  76  mean_pLDDT= 89.64
  已写入 code/output/finetune_v3_validate/1UBQ/t1_base/plddt.csv
[code/output/finetune_v3_validate/1UBQ/t1_cond/seqs.fa] 共 20 条序列
  seed_111 arm=t1_cond pH=7.4 ta   L=  76  mean_pLDDT= 88.74
  seed_112 arm=t1_cond pH=7.4 ta   L=  76  mean_pLDDT= 91.07
  seed_113 arm=t1_cond pH=7.4 ta   L=  76  mean_pLDDT= 89.20
  seed_114 arm=t1_cond pH=7.4 ta   L=  76  mean_pLDDT= 90.25
  seed_115 arm=t1_cond pH=7.4 ta   L=  76  mean_pLDDT= 89.04
  seed_116 arm=t1_cond pH=7.4 ta   L=  76  mean_pLDDT= 88.52
  seed_117 arm=t1_cond pH=7.4 ta   L=  76  mean_pLDDT= 89.27
  seed_118 arm=t1_cond pH=7.4 ta   L=  76  mean_pLDDT= 87.54
  seed_119 arm=t1_cond pH=7.4 ta   L=  76  mean_pLDDT= 89.55
  seed_120 arm=t1_cond pH=7.4 ta   L=  76  mean_pLDDT= 90.41
  seed_121 arm=t1_cond pH=7.4 ta   L=  76  mean_pLDDT= 87.92
  seed_122 arm=t1_cond pH=7.4 ta   L=  76  mean_pLDDT= 89.43
  seed_123 arm=t1_cond pH=7.4 ta   L=  76  mean_pLDDT= 90.28
  seed_124 arm=t1_cond pH=7.4 ta   L=  76  mean_pLDDT= 88.48
  seed_125 arm=t1_cond pH=7.4 ta   L=  76  mean_pLDDT= 88.73
  seed_126 arm=t1_cond pH=7.4 ta   L=  76  mean_pLDDT= 88.88
  seed_127 arm=t1_cond pH=7.4 ta   L=  76  mean_pLDDT= 89.65
  seed_128 arm=t1_cond pH=7.4 ta   L=  76  mean_pLDDT= 88.37
  seed_129 arm=t1_cond pH=7.4 ta   L=  76  mean_pLDDT= 83.79
  seed_130 arm=t1_cond pH=7.4 ta   L=  76  mean_pLDDT= 88.74
  已写入 code/output/finetune_v3_validate/1UBQ/t1_cond/plddt.csv
[code/output/finetune_v3_validate/1UBQ/t2_neg/seqs.fa] 共 20 条序列
  seed_111 arm=t2_neg pH=7.4 tar   L=  76  mean_pLDDT= 90.05
  seed_112 arm=t2_neg pH=7.4 tar   L=  76  mean_pLDDT= 89.97
  seed_113 arm=t2_neg pH=7.4 tar   L=  76  mean_pLDDT= 88.33
  seed_114 arm=t2_neg pH=7.4 tar   L=  76  mean_pLDDT= 88.17
  seed_115 arm=t2_neg pH=7.4 tar   L=  76  mean_pLDDT= 88.78
  seed_116 arm=t2_neg pH=7.4 tar   L=  76  mean_pLDDT= 87.16
  seed_117 arm=t2_neg pH=7.4 tar   L=  76  mean_pLDDT= 90.13
  seed_118 arm=t2_neg pH=7.4 tar   L=  76  mean_pLDDT= 88.53
  seed_119 arm=t2_neg pH=7.4 tar   L=  76  mean_pLDDT= 90.23
  seed_120 arm=t2_neg pH=7.4 tar   L=  76  mean_pLDDT= 90.05
  seed_121 arm=t2_neg pH=7.4 tar   L=  76  mean_pLDDT= 88.27
  seed_122 arm=t2_neg pH=7.4 tar   L=  76  mean_pLDDT= 89.77
  seed_123 arm=t2_neg pH=7.4 tar   L=  76  mean_pLDDT= 89.04
  seed_124 arm=t2_neg pH=7.4 tar   L=  76  mean_pLDDT= 88.96
  seed_125 arm=t2_neg pH=7.4 tar   L=  76  mean_pLDDT= 88.33
  seed_126 arm=t2_neg pH=7.4 tar   L=  76  mean_pLDDT= 90.21
  seed_127 arm=t2_neg pH=7.4 tar   L=  76  mean_pLDDT= 90.41
  seed_128 arm=t2_neg pH=7.4 tar   L=  76  mean_pLDDT= 88.73
  seed_129 arm=t2_neg pH=7.4 tar   L=  76  mean_pLDDT= 88.00
  seed_130 arm=t2_neg pH=7.4 tar   L=  76  mean_pLDDT= 89.51
  已写入 code/output/finetune_v3_validate/1UBQ/t2_neg/plddt.csv
[code/output/finetune_v3_validate/1UBQ/t2_ph/seqs.fa] 共 20 条序列
  seed_111 arm=t2_ph pH=7.4 targ   L=  76  mean_pLDDT= 90.31
  seed_112 arm=t2_ph pH=7.4 targ   L=  76  mean_pLDDT= 89.46
  seed_113 arm=t2_ph pH=7.4 targ   L=  76  mean_pLDDT= 88.87
  seed_114 arm=t2_ph pH=7.4 targ   L=  76  mean_pLDDT= 89.70
  seed_115 arm=t2_ph pH=7.4 targ   L=  76  mean_pLDDT= 88.66
  seed_116 arm=t2_ph pH=7.4 targ   L=  76  mean_pLDDT= 88.02
  seed_117 arm=t2_ph pH=7.4 targ   L=  76  mean_pLDDT= 89.62
  seed_118 arm=t2_ph pH=7.4 targ   L=  76  mean_pLDDT= 89.66
  seed_119 arm=t2_ph pH=7.4 targ   L=  76  mean_pLDDT= 90.53
  seed_120 arm=t2_ph pH=7.4 targ   L=  76  mean_pLDDT= 89.67
  seed_121 arm=t2_ph pH=7.4 targ   L=  76  mean_pLDDT= 87.95
  seed_122 arm=t2_ph pH=7.4 targ   L=  76  mean_pLDDT= 89.86
  seed_123 arm=t2_ph pH=7.4 targ   L=  76  mean_pLDDT= 88.14
  seed_124 arm=t2_ph pH=7.4 targ   L=  76  mean_pLDDT= 89.42
  seed_125 arm=t2_ph pH=7.4 targ   L=  76  mean_pLDDT= 87.46
  seed_126 arm=t2_ph pH=7.4 targ   L=  76  mean_pLDDT= 91.03
  seed_127 arm=t2_ph pH=7.4 targ   L=  76  mean_pLDDT= 89.49
  seed_128 arm=t2_ph pH=7.4 targ   L=  76  mean_pLDDT= 89.94
  seed_129 arm=t2_ph pH=7.4 targ   L=  76  mean_pLDDT= 89.70
  seed_130 arm=t2_ph pH=7.4 targ   L=  76  mean_pLDDT= 89.59
  已写入 code/output/finetune_v3_validate/1UBQ/t2_ph/plddt.csv
[code/output/finetune_v3_validate/1UBQ/t2_pos/seqs.fa] 共 20 条序列
  seed_111 arm=t2_pos pH=7.4 tar   L=  76  mean_pLDDT= 89.61
  seed_112 arm=t2_pos pH=7.4 tar   L=  76  mean_pLDDT= 89.60
  seed_113 arm=t2_pos pH=7.4 tar   L=  76  mean_pLDDT= 88.27
  seed_114 arm=t2_pos pH=7.4 tar   L=  76  mean_pLDDT= 90.08
  seed_115 arm=t2_pos pH=7.4 tar   L=  76  mean_pLDDT= 87.82
  seed_116 arm=t2_pos pH=7.4 tar   L=  76  mean_pLDDT= 88.71
  seed_117 arm=t2_pos pH=7.4 tar   L=  76  mean_pLDDT= 88.90
  seed_118 arm=t2_pos pH=7.4 tar   L=  76  mean_pLDDT= 89.27
  seed_119 arm=t2_pos pH=7.4 tar   L=  76  mean_pLDDT= 89.57
  seed_120 arm=t2_pos pH=7.4 tar   L=  76  mean_pLDDT= 89.47
  seed_121 arm=t2_pos pH=7.4 tar   L=  76  mean_pLDDT= 88.92
  seed_122 arm=t2_pos pH=7.4 tar   L=  76  mean_pLDDT= 89.31
  seed_123 arm=t2_pos pH=7.4 tar   L=  76  mean_pLDDT= 88.39
  seed_124 arm=t2_pos pH=7.4 tar   L=  76  mean_pLDDT= 89.08
  seed_125 arm=t2_pos pH=7.4 tar   L=  76  mean_pLDDT= 87.78
  seed_126 arm=t2_pos pH=7.4 tar   L=  76  mean_pLDDT= 89.29
  seed_127 arm=t2_pos pH=7.4 tar   L=  76  mean_pLDDT= 87.08
  seed_128 arm=t2_pos pH=7.4 tar   L=  76  mean_pLDDT= 87.49
  seed_129 arm=t2_pos pH=7.4 tar   L=  76  mean_pLDDT= 88.05
  seed_130 arm=t2_pos pH=7.4 tar   L=  76  mean_pLDDT= 90.01
  已写入 code/output/finetune_v3_validate/1UBQ/t2_pos/plddt.csv
[code/output/finetune_v3_validate/2LZM/t1_base/seqs.fa] 共 20 条序列
  seed_111 arm=t1_base pH=7.4 ta   L= 164  mean_pLDDT= 87.97
  seed_112 arm=t1_base pH=7.4 ta   L= 164  mean_pLDDT= 89.86
  seed_113 arm=t1_base pH=7.4 ta   L= 164  mean_pLDDT= 86.59
  seed_114 arm=t1_base pH=7.4 ta   L= 164  mean_pLDDT= 85.22
  seed_115 arm=t1_base pH=7.4 ta   L= 164  mean_pLDDT= 83.93
  seed_116 arm=t1_base pH=7.4 ta   L= 164  mean_pLDDT= 89.03
  seed_117 arm=t1_base pH=7.4 ta   L= 164  mean_pLDDT= 87.21
  seed_118 arm=t1_base pH=7.4 ta   L= 164  mean_pLDDT= 87.92
  seed_119 arm=t1_base pH=7.4 ta   L= 164  mean_pLDDT= 88.45
  seed_120 arm=t1_base pH=7.4 ta   L= 164  mean_pLDDT= 90.17
  seed_121 arm=t1_base pH=7.4 ta   L= 164  mean_pLDDT= 84.47
  seed_122 arm=t1_base pH=7.4 ta   L= 164  mean_pLDDT= 87.51
  seed_123 arm=t1_base pH=7.4 ta   L= 164  mean_pLDDT= 87.30
  seed_124 arm=t1_base pH=7.4 ta   L= 164  mean_pLDDT= 87.18
  seed_125 arm=t1_base pH=7.4 ta   L= 164  mean_pLDDT= 87.99
  seed_126 arm=t1_base pH=7.4 ta   L= 164  mean_pLDDT= 87.70
  seed_127 arm=t1_base pH=7.4 ta   L= 164  mean_pLDDT= 84.81
  seed_128 arm=t1_base pH=7.4 ta   L= 164  mean_pLDDT= 85.82
  seed_129 arm=t1_base pH=7.4 ta   L= 164  mean_pLDDT= 89.61
  seed_130 arm=t1_base pH=7.4 ta   L= 164  mean_pLDDT= 87.34
  已写入 code/output/finetune_v3_validate/2LZM/t1_base/plddt.csv
[code/output/finetune_v3_validate/2LZM/t1_cond/seqs.fa] 共 20 条序列
  seed_111 arm=t1_cond pH=7.4 ta   L= 164  mean_pLDDT= 88.90
  seed_112 arm=t1_cond pH=7.4 ta   L= 164  mean_pLDDT= 87.90
  seed_113 arm=t1_cond pH=7.4 ta   L= 164  mean_pLDDT= 88.06
  seed_114 arm=t1_cond pH=7.4 ta   L= 164  mean_pLDDT= 86.26
  seed_115 arm=t1_cond pH=7.4 ta   L= 164  mean_pLDDT= 83.44
  seed_116 arm=t1_cond pH=7.4 ta   L= 164  mean_pLDDT= 88.95
  seed_117 arm=t1_cond pH=7.4 ta   L= 164  mean_pLDDT= 86.89
  seed_118 arm=t1_cond pH=7.4 ta   L= 164  mean_pLDDT= 87.54
  seed_119 arm=t1_cond pH=7.4 ta   L= 164  mean_pLDDT= 88.24
  seed_120 arm=t1_cond pH=7.4 ta   L= 164  mean_pLDDT= 88.57
  seed_121 arm=t1_cond pH=7.4 ta   L= 164  mean_pLDDT= 86.15
  seed_122 arm=t1_cond pH=7.4 ta   L= 164  mean_pLDDT= 86.83
  seed_123 arm=t1_cond pH=7.4 ta   L= 164  mean_pLDDT= 87.32
  seed_124 arm=t1_cond pH=7.4 ta   L= 164  mean_pLDDT= 85.70
  seed_125 arm=t1_cond pH=7.4 ta   L= 164  mean_pLDDT= 88.33
  seed_126 arm=t1_cond pH=7.4 ta   L= 164  mean_pLDDT= 86.60
  seed_127 arm=t1_cond pH=7.4 ta   L= 164  mean_pLDDT= 88.21
  seed_128 arm=t1_cond pH=7.4 ta   L= 164  mean_pLDDT= 87.78
  seed_129 arm=t1_cond pH=7.4 ta   L= 164  mean_pLDDT= 86.46
  seed_130 arm=t1_cond pH=7.4 ta   L= 164  mean_pLDDT= 86.59
  已写入 code/output/finetune_v3_validate/2LZM/t1_cond/plddt.csv
[code/output/finetune_v3_validate/2LZM/t2_neg/seqs.fa] 共 20 条序列
  seed_111 arm=t2_neg pH=7.4 tar   L= 164  mean_pLDDT= 87.99
  seed_112 arm=t2_neg pH=7.4 tar   L= 164  mean_pLDDT= 88.57
  seed_113 arm=t2_neg pH=7.4 tar   L= 164  mean_pLDDT= 88.43
  seed_114 arm=t2_neg pH=7.4 tar   L= 164  mean_pLDDT= 86.65
  seed_115 arm=t2_neg pH=7.4 tar   L= 164  mean_pLDDT= 86.34
  seed_116 arm=t2_neg pH=7.4 tar   L= 164  mean_pLDDT= 86.84
  seed_117 arm=t2_neg pH=7.4 tar   L= 164  mean_pLDDT= 88.12
  seed_118 arm=t2_neg pH=7.4 tar   L= 164  mean_pLDDT= 86.53
  seed_119 arm=t2_neg pH=7.4 tar   L= 164  mean_pLDDT= 87.85
  seed_120 arm=t2_neg pH=7.4 tar   L= 164  mean_pLDDT= 90.12
  seed_121 arm=t2_neg pH=7.4 tar   L= 164  mean_pLDDT= 87.23
  seed_122 arm=t2_neg pH=7.4 tar   L= 164  mean_pLDDT= 87.82
  seed_123 arm=t2_neg pH=7.4 tar   L= 164  mean_pLDDT= 89.03
  seed_124 arm=t2_neg pH=7.4 tar   L= 164  mean_pLDDT= 84.93
  seed_125 arm=t2_neg pH=7.4 tar   L= 164  mean_pLDDT= 88.35
  seed_126 arm=t2_neg pH=7.4 tar   L= 164  mean_pLDDT= 89.20
  seed_127 arm=t2_neg pH=7.4 tar   L= 164  mean_pLDDT= 86.36
  seed_128 arm=t2_neg pH=7.4 tar   L= 164  mean_pLDDT= 85.67
  seed_129 arm=t2_neg pH=7.4 tar   L= 164  mean_pLDDT= 88.78
  seed_130 arm=t2_neg pH=7.4 tar   L= 164  mean_pLDDT= 87.82
  已写入 code/output/finetune_v3_validate/2LZM/t2_neg/plddt.csv
[code/output/finetune_v3_validate/2LZM/t2_ph/seqs.fa] 共 20 条序列
  seed_111 arm=t2_ph pH=7.4 targ   L= 164  mean_pLDDT= 87.32
  seed_112 arm=t2_ph pH=7.4 targ   L= 164  mean_pLDDT= 87.53
  seed_113 arm=t2_ph pH=7.4 targ   L= 164  mean_pLDDT= 88.08
  seed_114 arm=t2_ph pH=7.4 targ   L= 164  mean_pLDDT= 83.69
  seed_115 arm=t2_ph pH=7.4 targ   L= 164  mean_pLDDT= 84.13
  seed_116 arm=t2_ph pH=7.4 targ   L= 164  mean_pLDDT= 85.34
  seed_117 arm=t2_ph pH=7.4 targ   L= 164  mean_pLDDT= 85.43
  seed_118 arm=t2_ph pH=7.4 targ   L= 164  mean_pLDDT= 87.48
  seed_119 arm=t2_ph pH=7.4 targ   L= 164  mean_pLDDT= 88.02
  seed_120 arm=t2_ph pH=7.4 targ   L= 164  mean_pLDDT= 88.37
  seed_121 arm=t2_ph pH=7.4 targ   L= 164  mean_pLDDT= 85.51
  seed_122 arm=t2_ph pH=7.4 targ   L= 164  mean_pLDDT= 89.92
  seed_123 arm=t2_ph pH=7.4 targ   L= 164  mean_pLDDT= 88.36
  seed_124 arm=t2_ph pH=7.4 targ   L= 164  mean_pLDDT= 88.60
  seed_125 arm=t2_ph pH=7.4 targ   L= 164  mean_pLDDT= 87.72
  seed_126 arm=t2_ph pH=7.4 targ   L= 164  mean_pLDDT= 89.95
  seed_127 arm=t2_ph pH=7.4 targ   L= 164  mean_pLDDT= 83.39
  seed_128 arm=t2_ph pH=7.4 targ   L= 164  mean_pLDDT= 86.62
  seed_129 arm=t2_ph pH=7.4 targ   L= 164  mean_pLDDT= 87.07
  seed_130 arm=t2_ph pH=7.4 targ   L= 164  mean_pLDDT= 87.92
  已写入 code/output/finetune_v3_validate/2LZM/t2_ph/plddt.csv
[code/output/finetune_v3_validate/2LZM/t2_pos/seqs.fa] 共 20 条序列
  seed_111 arm=t2_pos pH=7.4 tar   L= 164  mean_pLDDT= 86.91
  seed_112 arm=t2_pos pH=7.4 tar   L= 164  mean_pLDDT= 88.90
  seed_113 arm=t2_pos pH=7.4 tar   L= 164  mean_pLDDT= 83.82
  seed_114 arm=t2_pos pH=7.4 tar   L= 164  mean_pLDDT= 86.58
  seed_115 arm=t2_pos pH=7.4 tar   L= 164  mean_pLDDT= 84.09
  seed_116 arm=t2_pos pH=7.4 tar   L= 164  mean_pLDDT= 87.93
  seed_117 arm=t2_pos pH=7.4 tar   L= 164  mean_pLDDT= 87.17
  seed_118 arm=t2_pos pH=7.4 tar   L= 164  mean_pLDDT= 87.29
  seed_119 arm=t2_pos pH=7.4 tar   L= 164  mean_pLDDT= 86.61
  seed_120 arm=t2_pos pH=7.4 tar   L= 164  mean_pLDDT= 88.64
  seed_121 arm=t2_pos pH=7.4 tar   L= 164  mean_pLDDT= 82.56
  seed_122 arm=t2_pos pH=7.4 tar   L= 164  mean_pLDDT= 86.62
  seed_123 arm=t2_pos pH=7.4 tar   L= 164  mean_pLDDT= 85.08
  seed_124 arm=t2_pos pH=7.4 tar   L= 164  mean_pLDDT= 85.26
  seed_125 arm=t2_pos pH=7.4 tar   L= 164  mean_pLDDT= 87.99
  seed_126 arm=t2_pos pH=7.4 tar   L= 164  mean_pLDDT= 87.49
  seed_127 arm=t2_pos pH=7.4 tar   L= 164  mean_pLDDT= 86.06
  seed_128 arm=t2_pos pH=7.4 tar   L= 164  mean_pLDDT= 88.96
  seed_129 arm=t2_pos pH=7.4 tar   L= 164  mean_pLDDT= 89.26
  seed_130 arm=t2_pos pH=7.4 tar   L= 164  mean_pLDDT= 86.69
  已写入 code/output/finetune_v3_validate/2LZM/t2_pos/plddt.csv
  ESMFold DONE 16:29:31
=== [2/4] TM-score 自洽性（USalign，每 arm 的 folds/ vs 原骨架）===
  seed_111_arm_t1_base_pH_7_4_target__9_0_charge__17 TM-score=0.85124  RMSD=1.85
  seed_112_arm_t1_base_pH_7_4_target__9_0_charge__13 TM-score=0.89296  RMSD=1.55
  seed_113_arm_t1_base_pH_7_4_target__9_0_charge__12 TM-score=0.90388  RMSD=1.69
  seed_114_arm_t1_base_pH_7_4_target__9_0_charge__5_ TM-score=0.90197  RMSD=1.6
  seed_115_arm_t1_base_pH_7_4_target__9_0_charge__14 TM-score=0.86114  RMSD=1.78
  seed_116_arm_t1_base_pH_7_4_target__9_0_charge__10 TM-score=0.88417  RMSD=1.38
  seed_117_arm_t1_base_pH_7_4_target__9_0_charge__8_ TM-score=0.86034  RMSD=1.51
  seed_118_arm_t1_base_pH_7_4_target__9_0_charge__13 TM-score=0.92977  RMSD=1.2
  seed_119_arm_t1_base_pH_7_4_target__9_0_charge__11 TM-score=0.82882  RMSD=1.71
  seed_120_arm_t1_base_pH_7_4_target__9_0_charge__7_ TM-score=0.87154  RMSD=1.96
  seed_121_arm_t1_base_pH_7_4_target__9_0_charge__8_ TM-score=0.86938  RMSD=1.56
  seed_122_arm_t1_base_pH_7_4_target__9_0_charge__10 TM-score=0.90268  RMSD=1.56
  seed_123_arm_t1_base_pH_7_4_target__9_0_charge__9_ TM-score=0.82194  RMSD=1.91
  seed_124_arm_t1_base_pH_7_4_target__9_0_charge__9_ TM-score=0.88359  RMSD=1.66
  seed_125_arm_t1_base_pH_7_4_target__9_0_charge__11 TM-score=0.82376  RMSD=1.96
  seed_126_arm_t1_base_pH_7_4_target__9_0_charge__11 TM-score=0.89932  RMSD=1.78
  seed_127_arm_t1_base_pH_7_4_target__9_0_charge__18 TM-score=0.88808  RMSD=1.71
  seed_128_arm_t1_base_pH_7_4_target__9_0_charge__10 TM-score=0.91313  RMSD=1.31
  seed_129_arm_t1_base_pH_7_4_target__9_0_charge__7_ TM-score=0.90791  RMSD=1.54
  seed_130_arm_t1_base_pH_7_4_target__9_0_charge__11 TM-score=0.91645  RMSD=1.51
已写入 code/output/finetune_v3_validate/1BC8/t1_base//tm.csv
  1BC8/t1_base tm DONE
  seed_111_arm_t1_cond_pH_7_4_target__9_0_charge__11 TM-score=0.85862  RMSD=1.74
  seed_112_arm_t1_cond_pH_7_4_target__9_0_charge__6_ TM-score=0.89392  RMSD=1.49
  seed_113_arm_t1_cond_pH_7_4_target__9_0_charge__13 TM-score=0.90474  RMSD=1.1
  seed_114_arm_t1_cond_pH_7_4_target__9_0_charge__10 TM-score=0.88271  RMSD=1.87
  seed_115_arm_t1_cond_pH_7_4_target__9_0_charge__6_ TM-score=0.92395  RMSD=1.36
  seed_116_arm_t1_cond_pH_7_4_target__9_0_charge__9_ TM-score=0.77833  RMSD=2.45
  seed_117_arm_t1_cond_pH_7_4_target__9_0_charge__14 TM-score=0.90672  RMSD=1.14
  seed_118_arm_t1_cond_pH_7_4_target__9_0_charge__21 TM-score=0.88887  RMSD=1.47
  seed_119_arm_t1_cond_pH_7_4_target__9_0_charge__12 TM-score=0.92047  RMSD=1.19
  seed_120_arm_t1_cond_pH_7_4_target__9_0_charge__10 TM-score=0.8638  RMSD=1.73
  seed_121_arm_t1_cond_pH_7_4_target__9_0_charge__8_ TM-score=0.87508  RMSD=1.7
  seed_122_arm_t1_cond_pH_7_4_target__9_0_charge__14 TM-score=0.89911  RMSD=1.42
  seed_123_arm_t1_cond_pH_7_4_target__9_0_charge__14 TM-score=0.89186  RMSD=1.7
  seed_124_arm_t1_cond_pH_7_4_target__9_0_charge__12 TM-score=0.89796  RMSD=1.47
  seed_125_arm_t1_cond_pH_7_4_target__9_0_charge__15 TM-score=0.90923  RMSD=1.42
  seed_126_arm_t1_cond_pH_7_4_target__9_0_charge__10 TM-score=0.89993  RMSD=1.47
  seed_127_arm_t1_cond_pH_7_4_target__9_0_charge__9_ TM-score=0.89058  RMSD=1.66
  seed_128_arm_t1_cond_pH_7_4_target__9_0_charge__6_ TM-score=0.94607  RMSD=0.99
  seed_129_arm_t1_cond_pH_7_4_target__9_0_charge__18 TM-score=0.91149  RMSD=1.5
  seed_130_arm_t1_cond_pH_7_4_target__9_0_charge__10 TM-score=0.90319  RMSD=1.61
已写入 code/output/finetune_v3_validate/1BC8/t1_cond//tm.csv
  1BC8/t1_cond tm DONE
  seed_111_arm_t2_neg_pH_7_4_target__4_0_charge__8_9 TM-score=0.80856  RMSD=1.96
  seed_112_arm_t2_neg_pH_7_4_target__4_0_charge__8_9 TM-score=0.91192  RMSD=1.34
  seed_113_arm_t2_neg_pH_7_4_target__4_0_charge__2_0 TM-score=0.88351  RMSD=1.63
  seed_114_arm_t2_neg_pH_7_4_target__4_0_charge__0_0 TM-score=0.89074  RMSD=1.84
  seed_115_arm_t2_neg_pH_7_4_target__4_0_charge__7_9 TM-score=0.88283  RMSD=1.91
  seed_116_arm_t2_neg_pH_7_4_target__4_0_charge__4_9 TM-score=0.87799  RMSD=1.68
  seed_117_arm_t2_neg_pH_7_4_target__4_0_charge__3_9 TM-score=0.89337  RMSD=1.83
  seed_118_arm_t2_neg_pH_7_4_target__4_0_charge__8_0 TM-score=0.90874  RMSD=1.48
  seed_119_arm_t2_neg_pH_7_4_target__4_0_charge__1_9 TM-score=0.90165  RMSD=1.35
  seed_120_arm_t2_neg_pH_7_4_target__4_0_charge__1_0 TM-score=0.85856  RMSD=1.48
  seed_121_arm_t2_neg_pH_7_4_target__4_0_charge_-0_0 TM-score=0.91247  RMSD=1.23
  seed_122_arm_t2_neg_pH_7_4_target__4_0_charge__3_9 TM-score=0.87483  RMSD=1.65
  seed_123_arm_t2_neg_pH_7_4_target__4_0_charge__2_0 TM-score=0.85008  RMSD=1.61
  seed_124_arm_t2_neg_pH_7_4_target__4_0_charge__7_9 TM-score=0.85741  RMSD=1.52
  seed_125_arm_t2_neg_pH_7_4_target__4_0_charge__6_9 TM-score=0.88273  RMSD=1.29
  seed_126_arm_t2_neg_pH_7_4_target__4_0_charge__1_9 TM-score=0.88077  RMSD=1.65
  seed_127_arm_t2_neg_pH_7_4_target__4_0_charge__8_0 TM-score=0.90685  RMSD=1.72
  seed_128_arm_t2_neg_pH_7_4_target__4_0_charge__2_9 TM-score=0.94036  RMSD=0.95
  seed_129_arm_t2_neg_pH_7_4_target__4_0_charge__5_9 TM-score=0.91551  RMSD=1.23
  seed_130_arm_t2_neg_pH_7_4_target__4_0_charge__3_0 TM-score=0.8632  RMSD=1.72
已写入 code/output/finetune_v3_validate/1BC8/t2_neg//tm.csv
  1BC8/t2_neg tm DONE
  seed_111_arm_t2_ph_pH_7_4_target_均值占位_charge__6_98 TM-score=0.88212  RMSD=1.84
  seed_112_arm_t2_ph_pH_7_4_target_均值占位_charge_-1_01 TM-score=0.90507  RMSD=1.39
  seed_113_arm_t2_ph_pH_7_4_target_均值占位_charge_-3_98 TM-score=0.9145  RMSD=1.2
  seed_114_arm_t2_ph_pH_7_4_target_均值占位_charge_-4_94 TM-score=0.87917  RMSD=1.4
  seed_115_arm_t2_ph_pH_7_4_target_均值占位_charge_-0_01 TM-score=0.89106  RMSD=1.83
  seed_116_arm_t2_ph_pH_7_4_target_均值占位_charge_-0_02 TM-score=0.91286  RMSD=1.4
  seed_117_arm_t2_ph_pH_7_4_target_均值占位_charge_-1_02 TM-score=0.89984  RMSD=1.5
  seed_118_arm_t2_ph_pH_7_4_target_均值占位_charge__0_98 TM-score=0.92022  RMSD=1.51
  seed_119_arm_t2_ph_pH_7_4_target_均值占位_charge_-5_01 TM-score=0.92189  RMSD=1.43
  seed_120_arm_t2_ph_pH_7_4_target_均值占位_charge__0_02 TM-score=0.89046  RMSD=1.66
  seed_121_arm_t2_ph_pH_7_4_target_均值占位_charge_-6_01 TM-score=0.90704  RMSD=1.24
  seed_122_arm_t2_ph_pH_7_4_target_均值占位_charge_-3_02 TM-score=0.90272  RMSD=1.45
  seed_123_arm_t2_ph_pH_7_4_target_均值占位_charge_-3_94 TM-score=0.89923  RMSD=1.15
  seed_124_arm_t2_ph_pH_7_4_target_均值占位_charge__1_99 TM-score=0.86948  RMSD=1.78
  seed_125_arm_t2_ph_pH_7_4_target_均值占位_charge__0_98 TM-score=0.89434  RMSD=1.45
  seed_126_arm_t2_ph_pH_7_4_target_均值占位_charge_-1_02 TM-score=0.90515  RMSD=1.47
  seed_127_arm_t2_ph_pH_7_4_target_均值占位_charge_-0_02 TM-score=0.92135  RMSD=1.13
  seed_128_arm_t2_ph_pH_7_4_target_均值占位_charge_-1_01 TM-score=0.90025  RMSD=1.45
  seed_129_arm_t2_ph_pH_7_4_target_均值占位_charge_-2_01 TM-score=0.91204  RMSD=1.24
  seed_130_arm_t2_ph_pH_7_4_target_均值占位_charge__1_02 TM-score=0.87244  RMSD=1.66
已写入 code/output/finetune_v3_validate/1BC8/t2_ph//tm.csv
  1BC8/t2_ph tm DONE
  seed_111_arm_t2_pos_pH_7_4_target__12_0_charge__18 TM-score=0.88437  RMSD=1.66
  seed_112_arm_t2_pos_pH_7_4_target__12_0_charge__18 TM-score=0.88683  RMSD=1.77
  seed_113_arm_t2_pos_pH_7_4_target__12_0_charge__15 TM-score=0.88439  RMSD=1.76
  seed_114_arm_t2_pos_pH_7_4_target__12_0_charge__7_ TM-score=0.89972  RMSD=1.42
  seed_115_arm_t2_pos_pH_7_4_target__12_0_charge__16 TM-score=0.77736  RMSD=2.13
  seed_116_arm_t2_pos_pH_7_4_target__12_0_charge__16 TM-score=0.86433  RMSD=1.76
  seed_117_arm_t2_pos_pH_7_4_target__12_0_charge__15 TM-score=0.88034  RMSD=2.17
  seed_118_arm_t2_pos_pH_7_4_target__12_0_charge__18 TM-score=0.87763  RMSD=1.43
  seed_119_arm_t2_pos_pH_7_4_target__12_0_charge__17 TM-score=0.8458  RMSD=1.94
  seed_120_arm_t2_pos_pH_7_4_target__12_0_charge__16 TM-score=0.60204  RMSD=2.8
  seed_121_arm_t2_pos_pH_7_4_target__12_0_charge__15 TM-score=0.86899  RMSD=2.07
  seed_122_arm_t2_pos_pH_7_4_target__12_0_charge__20 TM-score=0.92312  RMSD=1.16
  seed_123_arm_t2_pos_pH_7_4_target__12_0_charge__16 TM-score=0.83133  RMSD=2.04
  seed_124_arm_t2_pos_pH_7_4_target__12_0_charge__19 TM-score=0.84022  RMSD=2.16
  seed_125_arm_t2_pos_pH_7_4_target__12_0_charge__15 TM-score=0.84343  RMSD=1.83
  seed_126_arm_t2_pos_pH_7_4_target__12_0_charge__15 TM-score=0.88246  RMSD=1.89
  seed_127_arm_t2_pos_pH_7_4_target__12_0_charge__23 TM-score=0.90299  RMSD=1.3
  seed_128_arm_t2_pos_pH_7_4_target__12_0_charge__16 TM-score=0.91499  RMSD=1.31
  seed_129_arm_t2_pos_pH_7_4_target__12_0_charge__12 TM-score=0.91012  RMSD=1.57
  seed_130_arm_t2_pos_pH_7_4_target__12_0_charge__16 TM-score=0.90674  RMSD=1.59
已写入 code/output/finetune_v3_validate/1BC8/t2_pos//tm.csv
  1BC8/t2_pos tm DONE
  seed_111_arm_t1_base_pH_7_4_target_-1_0_charge__0_ TM-score=0.87375  RMSD=0.92
  seed_112_arm_t1_base_pH_7_4_target_-1_0_charge__0_ TM-score=0.88223  RMSD=0.88
  seed_113_arm_t1_base_pH_7_4_target_-1_0_charge__0_ TM-score=0.89389  RMSD=0.77
  seed_114_arm_t1_base_pH_7_4_target_-1_0_charge_-0_ TM-score=0.91401  RMSD=0.69
  seed_115_arm_t1_base_pH_7_4_target_-1_0_charge__3_ TM-score=0.79407  RMSD=1.71
  seed_116_arm_t1_base_pH_7_4_target_-1_0_charge_-1_ TM-score=0.87745  RMSD=0.79
  seed_117_arm_t1_base_pH_7_4_target_-1_0_charge_-2_ TM-score=0.89218  RMSD=0.94
  seed_118_arm_t1_base_pH_7_4_target_-1_0_charge_-3_ TM-score=0.90657  RMSD=0.8
  seed_119_arm_t1_base_pH_7_4_target_-1_0_charge_-0_ TM-score=0.89062  RMSD=0.79
  seed_120_arm_t1_base_pH_7_4_target_-1_0_charge__1_ TM-score=0.88308  RMSD=0.97
  seed_121_arm_t1_base_pH_7_4_target_-1_0_charge_-0_ TM-score=0.87943  RMSD=0.87
  seed_122_arm_t1_base_pH_7_4_target_-1_0_charge__2_ TM-score=0.89499  RMSD=0.72
  seed_123_arm_t1_base_pH_7_4_target_-1_0_charge__0_ TM-score=0.88982  RMSD=0.73
  seed_124_arm_t1_base_pH_7_4_target_-1_0_charge_-2_ TM-score=0.8731  RMSD=0.88
  seed_125_arm_t1_base_pH_7_4_target_-1_0_charge__0_ TM-score=0.85079  RMSD=1.17
  seed_126_arm_t1_base_pH_7_4_target_-1_0_charge__0_ TM-score=0.90269  RMSD=0.75
  seed_127_arm_t1_base_pH_7_4_target_-1_0_charge__0_ TM-score=0.88839  RMSD=0.81
  seed_128_arm_t1_base_pH_7_4_target_-1_0_charge__0_ TM-score=0.89059  RMSD=1.01
  seed_129_arm_t1_base_pH_7_4_target_-1_0_charge_-1_ TM-score=0.86847  RMSD=1.05
  seed_130_arm_t1_base_pH_7_4_target_-1_0_charge__0_ TM-score=0.90458  RMSD=0.74
已写入 code/output/finetune_v3_validate/1CRN/t1_base//tm.csv
  1CRN/t1_base tm DONE
  seed_111_arm_t1_cond_pH_7_4_target_-1_0_charge__1_ TM-score=0.89707  RMSD=0.83
  seed_112_arm_t1_cond_pH_7_4_target_-1_0_charge__0_ TM-score=0.84109  RMSD=1.05
  seed_113_arm_t1_cond_pH_7_4_target_-1_0_charge__1_ TM-score=0.88313  RMSD=0.82
  seed_114_arm_t1_cond_pH_7_4_target_-1_0_charge_-1_ TM-score=0.88122  RMSD=0.77
  seed_115_arm_t1_cond_pH_7_4_target_-1_0_charge__0_ TM-score=0.85319  RMSD=1.01
  seed_116_arm_t1_cond_pH_7_4_target_-1_0_charge_-1_ TM-score=0.84311  RMSD=1.01
  seed_117_arm_t1_cond_pH_7_4_target_-1_0_charge_-1_ TM-score=0.87876  RMSD=0.92
  seed_118_arm_t1_cond_pH_7_4_target_-1_0_charge_-0_ TM-score=0.87996  RMSD=0.93
  seed_119_arm_t1_cond_pH_7_4_target_-1_0_charge__0_ TM-score=0.90883  RMSD=0.7
  seed_120_arm_t1_cond_pH_7_4_target_-1_0_charge__2_ TM-score=0.78516  RMSD=1.18
  seed_121_arm_t1_cond_pH_7_4_target_-1_0_charge_-0_ TM-score=0.89681  RMSD=0.86
  seed_122_arm_t1_cond_pH_7_4_target_-1_0_charge_-0_ TM-score=0.87251  RMSD=0.95
  seed_123_arm_t1_cond_pH_7_4_target_-1_0_charge__1_ TM-score=0.88661  RMSD=0.98
  seed_124_arm_t1_cond_pH_7_4_target_-1_0_charge__1_ TM-score=0.88759  RMSD=0.81
  seed_125_arm_t1_cond_pH_7_4_target_-1_0_charge__0_ TM-score=0.90986  RMSD=0.69
  seed_126_arm_t1_cond_pH_7_4_target_-1_0_charge__2_ TM-score=0.8855  RMSD=0.8
  seed_127_arm_t1_cond_pH_7_4_target_-1_0_charge__3_ TM-score=0.91324  RMSD=0.72
  seed_128_arm_t1_cond_pH_7_4_target_-1_0_charge__0_ TM-score=0.8799  RMSD=0.89
  seed_129_arm_t1_cond_pH_7_4_target_-1_0_charge__1_ TM-score=0.89184  RMSD=0.8
  seed_130_arm_t1_cond_pH_7_4_target_-1_0_charge__0_ TM-score=0.67181  RMSD=1.96
已写入 code/output/finetune_v3_validate/1CRN/t1_cond//tm.csv
  1CRN/t1_cond tm DONE
  seed_111_arm_t2_neg_pH_7_4_target_-6_0_charge_-3_6 TM-score=0.88468  RMSD=0.91
  seed_112_arm_t2_neg_pH_7_4_target_-6_0_charge_-3_6 TM-score=0.923  RMSD=0.68
  seed_113_arm_t2_neg_pH_7_4_target_-6_0_charge_-2_6 TM-score=0.86939  RMSD=0.98
  seed_114_arm_t2_neg_pH_7_4_target_-6_0_charge_-4_6 TM-score=0.8956  RMSD=0.92
  seed_115_arm_t2_neg_pH_7_4_target_-6_0_charge_-6_6 TM-score=0.92354  RMSD=0.65
  seed_116_arm_t2_neg_pH_7_4_target_-6_0_charge_-5_6 TM-score=0.90058  RMSD=0.75
  seed_117_arm_t2_neg_pH_7_4_target_-6_0_charge_-6_6 TM-score=0.90544  RMSD=0.74
  seed_118_arm_t2_neg_pH_7_4_target_-6_0_charge_-4_6 TM-score=0.87318  RMSD=0.86
  seed_119_arm_t2_neg_pH_7_4_target_-6_0_charge_-0_6 TM-score=0.90649  RMSD=0.72
  seed_120_arm_t2_neg_pH_7_4_target_-6_0_charge_-2_6 TM-score=0.88802  RMSD=0.98
  seed_121_arm_t2_neg_pH_7_4_target_-6_0_charge_-6_6 TM-score=0.89516  RMSD=0.92
  seed_122_arm_t2_neg_pH_7_4_target_-6_0_charge_-6_6 TM-score=0.86986  RMSD=1.0
  seed_123_arm_t2_neg_pH_7_4_target_-6_0_charge_-2_6 TM-score=0.87649  RMSD=0.94
  seed_124_arm_t2_neg_pH_7_4_target_-6_0_charge_-7_6 TM-score=0.89244  RMSD=0.82
  seed_125_arm_t2_neg_pH_7_4_target_-6_0_charge_-4_6 TM-score=0.88204  RMSD=0.88
  seed_126_arm_t2_neg_pH_7_4_target_-6_0_charge_-5_6 TM-score=0.88826  RMSD=0.8
  seed_127_arm_t2_neg_pH_7_4_target_-6_0_charge_-4_6 TM-score=0.88589  RMSD=0.83
  seed_128_arm_t2_neg_pH_7_4_target_-6_0_charge_-2_6 TM-score=0.86399  RMSD=1.06
  seed_129_arm_t2_neg_pH_7_4_target_-6_0_charge_-5_6 TM-score=0.92369  RMSD=0.65
  seed_130_arm_t2_neg_pH_7_4_target_-6_0_charge_-4_6 TM-score=0.89874  RMSD=0.76
已写入 code/output/finetune_v3_validate/1CRN/t2_neg//tm.csv
  1CRN/t2_neg tm DONE
  seed_111_arm_t2_ph_pH_7_4_target_均值占位_charge__0_32 TM-score=0.87375  RMSD=0.92
  seed_112_arm_t2_ph_pH_7_4_target_均值占位_charge__0_32 TM-score=0.88223  RMSD=0.88
  seed_113_arm_t2_ph_pH_7_4_target_均值占位_charge__0_32 TM-score=0.89389  RMSD=0.77
  seed_114_arm_t2_ph_pH_7_4_target_均值占位_charge_-0_68 TM-score=0.91401  RMSD=0.69
  seed_115_arm_t2_ph_pH_7_4_target_均值占位_charge__3_32 TM-score=0.79407  RMSD=1.71
  seed_116_arm_t2_ph_pH_7_4_target_均值占位_charge_-1_68 TM-score=0.87745  RMSD=0.79
  seed_117_arm_t2_ph_pH_7_4_target_均值占位_charge_-2_68 TM-score=0.89218  RMSD=0.94
  seed_118_arm_t2_ph_pH_7_4_target_均值占位_charge_-3_68 TM-score=0.90657  RMSD=0.8
  seed_119_arm_t2_ph_pH_7_4_target_均值占位_charge_-0_68 TM-score=0.89062  RMSD=0.79
  seed_120_arm_t2_ph_pH_7_4_target_均值占位_charge__1_32 TM-score=0.88308  RMSD=0.97
  seed_121_arm_t2_ph_pH_7_4_target_均值占位_charge_-1_68 TM-score=0.87542  RMSD=0.87
  seed_122_arm_t2_ph_pH_7_4_target_均值占位_charge__2_32 TM-score=0.89499  RMSD=0.72
  seed_123_arm_t2_ph_pH_7_4_target_均值占位_charge__0_32 TM-score=0.88982  RMSD=0.73
  seed_124_arm_t2_ph_pH_7_4_target_均值占位_charge_-1_68 TM-score=0.89049  RMSD=0.81
  seed_125_arm_t2_ph_pH_7_4_target_均值占位_charge__0_32 TM-score=0.85079  RMSD=1.17
  seed_126_arm_t2_ph_pH_7_4_target_均值占位_charge_-0_68 TM-score=0.9091  RMSD=0.71
  seed_127_arm_t2_ph_pH_7_4_target_均值占位_charge_-1_68 TM-score=0.89633  RMSD=0.77
  seed_128_arm_t2_ph_pH_7_4_target_均值占位_charge__0_32 TM-score=0.36629  RMSD=2.69
  seed_129_arm_t2_ph_pH_7_4_target_均值占位_charge_-2_68 TM-score=0.8762  RMSD=1.02
  seed_130_arm_t2_ph_pH_7_4_target_均值占位_charge__0_32 TM-score=0.90552  RMSD=0.74
已写入 code/output/finetune_v3_validate/1CRN/t2_ph//tm.csv
  1CRN/t2_ph tm DONE
  seed_111_arm_t2_pos_pH_7_4_target__2_0_charge__1_3 TM-score=0.89025  RMSD=0.88
  seed_112_arm_t2_pos_pH_7_4_target__2_0_charge__0_3 TM-score=0.88748  RMSD=0.93
  seed_113_arm_t2_pos_pH_7_4_target__2_0_charge__0_3 TM-score=0.86866  RMSD=1.07
  seed_114_arm_t2_pos_pH_7_4_target__2_0_charge__2_3 TM-score=0.91572  RMSD=0.69
  seed_115_arm_t2_pos_pH_7_4_target__2_0_charge__4_3 TM-score=0.79375  RMSD=1.53
  seed_116_arm_t2_pos_pH_7_4_target__2_0_charge__3_3 TM-score=0.85849  RMSD=0.92
  seed_117_arm_t2_pos_pH_7_4_target__2_0_charge_-0_6 TM-score=0.91043  RMSD=0.71
  seed_118_arm_t2_pos_pH_7_4_target__2_0_charge_-1_6 TM-score=0.87678  RMSD=0.89
  seed_119_arm_t2_pos_pH_7_4_target__2_0_charge__4_3 TM-score=0.9028  RMSD=0.75
  seed_120_arm_t2_pos_pH_7_4_target__2_0_charge__3_3 TM-score=0.89106  RMSD=0.72
  seed_121_arm_t2_pos_pH_7_4_target__2_0_charge_-0_6 TM-score=0.90047  RMSD=0.92
  seed_122_arm_t2_pos_pH_7_4_target__2_0_charge__2_3 TM-score=0.89896  RMSD=0.7
  seed_123_arm_t2_pos_pH_7_4_target__2_0_charge__4_3 TM-score=0.88552  RMSD=0.75
  seed_124_arm_t2_pos_pH_7_4_target__2_0_charge__0_3 TM-score=0.89204  RMSD=0.83
  seed_125_arm_t2_pos_pH_7_4_target__2_0_charge__1_3 TM-score=0.87859  RMSD=1.01
  seed_126_arm_t2_pos_pH_7_4_target__2_0_charge__1_3 TM-score=0.9086  RMSD=0.72
  seed_127_arm_t2_pos_pH_7_4_target__2_0_charge__2_3 TM-score=0.8998  RMSD=0.77
  seed_128_arm_t2_pos_pH_7_4_target__2_0_charge__1_3 TM-score=0.89312  RMSD=1.0
  seed_129_arm_t2_pos_pH_7_4_target__2_0_charge__0_3 TM-score=0.89235  RMSD=0.79
  seed_130_arm_t2_pos_pH_7_4_target__2_0_charge__0_3 TM-score=0.91173  RMSD=0.7
已写入 code/output/finetune_v3_validate/1CRN/t2_pos//tm.csv
  1CRN/t2_pos tm DONE
  seed_111_arm_t1_base_pH_7_4_target__0_0_charge_-2_ TM-score=0.94768  RMSD=0.88
  seed_112_arm_t1_base_pH_7_4_target__0_0_charge_-2_ TM-score=0.96671  RMSD=0.7
  seed_113_arm_t1_base_pH_7_4_target__0_0_charge_-1_ TM-score=0.9607  RMSD=1.15
  seed_114_arm_t1_base_pH_7_4_target__0_0_charge_-1_ TM-score=0.95979  RMSD=1.13
  seed_115_arm_t1_base_pH_7_4_target__0_0_charge_-2_ TM-score=0.95932  RMSD=0.76
  seed_116_arm_t1_base_pH_7_4_target__0_0_charge_-3_ TM-score=0.96468  RMSD=0.99
  seed_117_arm_t1_base_pH_7_4_target__0_0_charge__0_ TM-score=0.96057  RMSD=0.78
  seed_118_arm_t1_base_pH_7_4_target__0_0_charge_-4_ TM-score=0.94556  RMSD=1.12
  seed_119_arm_t1_base_pH_7_4_target__0_0_charge_-0_ TM-score=0.96736  RMSD=0.66
  seed_120_arm_t1_base_pH_7_4_target__0_0_charge_-1_ TM-score=0.95833  RMSD=0.95
  seed_121_arm_t1_base_pH_7_4_target__0_0_charge__1_ TM-score=0.95644  RMSD=0.83
  seed_122_arm_t1_base_pH_7_4_target__0_0_charge_-0_ TM-score=0.95734  RMSD=0.78
  seed_123_arm_t1_base_pH_7_4_target__0_0_charge__4_ TM-score=0.95743  RMSD=1.16
  seed_124_arm_t1_base_pH_7_4_target__0_0_charge_-2_ TM-score=0.9642  RMSD=0.79
  seed_125_arm_t1_base_pH_7_4_target__0_0_charge__0_ TM-score=0.9645  RMSD=0.79
  seed_126_arm_t1_base_pH_7_4_target__0_0_charge_-2_ TM-score=0.96329  RMSD=0.54
  seed_127_arm_t1_base_pH_7_4_target__0_0_charge__1_ TM-score=0.95743  RMSD=0.81
  seed_128_arm_t1_base_pH_7_4_target__0_0_charge__3_ TM-score=0.95563  RMSD=0.95
  seed_129_arm_t1_base_pH_7_4_target__0_0_charge_-0_ TM-score=0.95325  RMSD=0.85
  seed_130_arm_t1_base_pH_7_4_target__0_0_charge_-3_ TM-score=0.96366  RMSD=0.74
已写入 code/output/finetune_v3_validate/1UBQ/t1_base//tm.csv
  1UBQ/t1_base tm DONE
  seed_111_arm_t1_cond_pH_7_4_target__0_0_charge__1_ TM-score=0.93562  RMSD=0.98
  seed_112_arm_t1_cond_pH_7_4_target__0_0_charge_-3_ TM-score=0.95933  RMSD=0.75
  seed_113_arm_t1_cond_pH_7_4_target__0_0_charge__0_ TM-score=0.95135  RMSD=0.86
  seed_114_arm_t1_cond_pH_7_4_target__0_0_charge_-0_ TM-score=0.96207  RMSD=1.07
  seed_115_arm_t1_cond_pH_7_4_target__0_0_charge_-0_ TM-score=0.95684  RMSD=1.08
  seed_116_arm_t1_cond_pH_7_4_target__0_0_charge_-3_ TM-score=0.96211  RMSD=1.02
  seed_117_arm_t1_cond_pH_7_4_target__0_0_charge__6_ TM-score=0.95987  RMSD=0.96
  seed_118_arm_t1_cond_pH_7_4_target__0_0_charge_-2_ TM-score=0.95752  RMSD=0.84
  seed_119_arm_t1_cond_pH_7_4_target__0_0_charge__2_ TM-score=0.96764  RMSD=0.95
  seed_120_arm_t1_cond_pH_7_4_target__0_0_charge_-4_ TM-score=0.96952  RMSD=0.82
  seed_121_arm_t1_cond_pH_7_4_target__0_0_charge_-0_ TM-score=0.95234  RMSD=0.88
  seed_122_arm_t1_cond_pH_7_4_target__0_0_charge_-2_ TM-score=0.94212  RMSD=1.04
  seed_123_arm_t1_cond_pH_7_4_target__0_0_charge__0_ TM-score=0.95411  RMSD=1.02
  seed_124_arm_t1_cond_pH_7_4_target__0_0_charge_-4_ TM-score=0.9564  RMSD=1.11
  seed_125_arm_t1_cond_pH_7_4_target__0_0_charge__4_ TM-score=0.9432  RMSD=1.0
  seed_126_arm_t1_cond_pH_7_4_target__0_0_charge__1_ TM-score=0.97007  RMSD=0.85
  seed_127_arm_t1_cond_pH_7_4_target__0_0_charge__0_ TM-score=0.96659  RMSD=0.96
  seed_128_arm_t1_cond_pH_7_4_target__0_0_charge_-0_ TM-score=0.95105  RMSD=1.09
  seed_129_arm_t1_cond_pH_7_4_target__0_0_charge__2_ TM-score=0.95329  RMSD=1.3
  seed_130_arm_t1_cond_pH_7_4_target__0_0_charge_-0_ TM-score=0.96436  RMSD=0.86
已写入 code/output/finetune_v3_validate/1UBQ/t1_cond//tm.csv
  1UBQ/t1_cond tm DONE
  seed_111_arm_t2_neg_pH_7_4_target_-5_0_charge_-5_0 TM-score=0.95265  RMSD=0.83
  seed_112_arm_t2_neg_pH_7_4_target_-5_0_charge_-3_0 TM-score=0.95497  RMSD=0.89
  seed_113_arm_t2_neg_pH_7_4_target_-5_0_charge_-3_0 TM-score=0.96204  RMSD=0.91
  seed_114_arm_t2_neg_pH_7_4_target_-5_0_charge_-5_9 TM-score=0.95922  RMSD=1.04
  seed_115_arm_t2_neg_pH_7_4_target_-5_0_charge_-1_9 TM-score=0.96046  RMSD=0.75
  seed_116_arm_t2_neg_pH_7_4_target_-5_0_charge_-6_0 TM-score=0.95238  RMSD=1.36
  seed_117_arm_t2_neg_pH_7_4_target_-5_0_charge_-2_0 TM-score=0.95871  RMSD=0.81
  seed_118_arm_t2_neg_pH_7_4_target_-5_0_charge_-10_ TM-score=0.95637  RMSD=1.03
  seed_119_arm_t2_neg_pH_7_4_target_-5_0_charge_-3_0 TM-score=0.96085  RMSD=0.75
  seed_120_arm_t2_neg_pH_7_4_target_-5_0_charge_-7_0 TM-score=0.96173  RMSD=0.79
  seed_121_arm_t2_neg_pH_7_4_target_-5_0_charge_-5_0 TM-score=0.95666  RMSD=0.86
  seed_122_arm_t2_neg_pH_7_4_target_-5_0_charge_-3_0 TM-score=0.95827  RMSD=0.76
  seed_123_arm_t2_neg_pH_7_4_target_-5_0_charge_-7_0 TM-score=0.96111  RMSD=0.78
  seed_124_arm_t2_neg_pH_7_4_target_-5_0_charge_-4_0 TM-score=0.95676  RMSD=0.88
  seed_125_arm_t2_neg_pH_7_4_target_-5_0_charge_-6_0 TM-score=0.97085  RMSD=0.87
  seed_126_arm_t2_neg_pH_7_4_target_-5_0_charge_-5_0 TM-score=0.95894  RMSD=0.6
  seed_127_arm_t2_neg_pH_7_4_target_-5_0_charge_-3_0 TM-score=0.96924  RMSD=0.98
  seed_128_arm_t2_neg_pH_7_4_target_-5_0_charge_-1_0 TM-score=0.95983  RMSD=0.96
  seed_129_arm_t2_neg_pH_7_4_target_-5_0_charge_-4_0 TM-score=0.94566  RMSD=0.97
  seed_130_arm_t2_neg_pH_7_4_target_-5_0_charge_-8_0 TM-score=0.96637  RMSD=0.8
已写入 code/output/finetune_v3_validate/1UBQ/t2_neg//tm.csv
  1UBQ/t2_neg tm DONE
  seed_111_arm_t2_ph_pH_7_4_target_均值占位_charge_-4_01 TM-score=0.958  RMSD=0.81
  seed_112_arm_t2_ph_pH_7_4_target_均值占位_charge_-1_01 TM-score=0.96157  RMSD=0.78
  seed_113_arm_t2_ph_pH_7_4_target_均值占位_charge_-0_01 TM-score=0.96659  RMSD=1.0
  seed_114_arm_t2_ph_pH_7_4_target_均值占位_charge_-0_97 TM-score=0.96452  RMSD=1.0
  seed_115_arm_t2_ph_pH_7_4_target_均值占位_charge_-2_97 TM-score=0.95812  RMSD=0.78
  seed_116_arm_t2_ph_pH_7_4_target_均值占位_charge_-4_01 TM-score=0.96323  RMSD=1.07
  seed_117_arm_t2_ph_pH_7_4_target_均值占位_charge_-0_01 TM-score=0.96158  RMSD=0.76
  seed_118_arm_t2_ph_pH_7_4_target_均值占位_charge_-6_01 TM-score=0.94404  RMSD=1.11
  seed_119_arm_t2_ph_pH_7_4_target_均值占位_charge_-1_01 TM-score=0.96516  RMSD=0.67
  seed_120_arm_t2_ph_pH_7_4_target_均值占位_charge_-5_01 TM-score=0.96407  RMSD=0.94
  seed_121_arm_t2_ph_pH_7_4_target_均值占位_charge_-0_01 TM-score=0.95919  RMSD=0.84
  seed_122_arm_t2_ph_pH_7_4_target_均值占位_charge__0_99 TM-score=0.96274  RMSD=0.81
  seed_123_arm_t2_ph_pH_7_4_target_均值占位_charge__1_98 TM-score=0.96445  RMSD=0.76
  seed_124_arm_t2_ph_pH_7_4_target_均值占位_charge_-2_01 TM-score=0.96444  RMSD=0.85
  seed_125_arm_t2_ph_pH_7_4_target_均值占位_charge_-1_01 TM-score=0.94524  RMSD=1.19
  seed_126_arm_t2_ph_pH_7_4_target_均值占位_charge_-4_01 TM-score=0.96335  RMSD=0.53
  seed_127_arm_t2_ph_pH_7_4_target_均值占位_charge__0_99 TM-score=0.96191  RMSD=0.76
  seed_128_arm_t2_ph_pH_7_4_target_均值占位_charge__2_99 TM-score=0.95439  RMSD=0.88
  seed_129_arm_t2_ph_pH_7_4_target_均值占位_charge_-0_01 TM-score=0.94489  RMSD=0.93
  seed_130_arm_t2_ph_pH_7_4_target_均值占位_charge_-7_01 TM-score=0.96527  RMSD=0.79
已写入 code/output/finetune_v3_validate/1UBQ/t2_ph//tm.csv
  1UBQ/t2_ph tm DONE
  seed_111_arm_t2_pos_pH_7_4_target__3_0_charge__3_9 TM-score=0.95173  RMSD=1.13
  seed_112_arm_t2_pos_pH_7_4_target__3_0_charge__1_9 TM-score=0.96621  RMSD=0.68
  seed_113_arm_t2_pos_pH_7_4_target__3_0_charge__0_9 TM-score=0.95679  RMSD=0.86
  seed_114_arm_t2_pos_pH_7_4_target__3_0_charge_-0_0 TM-score=0.95862  RMSD=0.69
  seed_115_arm_t2_pos_pH_7_4_target__3_0_charge__4_0 TM-score=0.95926  RMSD=0.82
  seed_116_arm_t2_pos_pH_7_4_target__3_0_charge__3_9 TM-score=0.95778  RMSD=0.93
  seed_117_arm_t2_pos_pH_7_4_target__3_0_charge__4_0 TM-score=0.9623  RMSD=0.81
  seed_118_arm_t2_pos_pH_7_4_target__3_0_charge_-2_9 TM-score=0.94267  RMSD=1.13
  seed_119_arm_t2_pos_pH_7_4_target__3_0_charge__3_9 TM-score=0.96816  RMSD=0.73
  seed_120_arm_t2_pos_pH_7_4_target__3_0_charge__1_9 TM-score=0.96989  RMSD=0.65
  seed_121_arm_t2_pos_pH_7_4_target__3_0_charge__1_9 TM-score=0.93962  RMSD=1.21
  seed_122_arm_t2_pos_pH_7_4_target__3_0_charge__2_9 TM-score=0.96822  RMSD=0.83
  seed_123_arm_t2_pos_pH_7_4_target__3_0_charge__2_9 TM-score=0.94834  RMSD=1.08
  seed_124_arm_t2_pos_pH_7_4_target__3_0_charge__1_9 TM-score=0.96171  RMSD=0.75
  seed_125_arm_t2_pos_pH_7_4_target__3_0_charge__3_9 TM-score=0.96081  RMSD=0.77
  seed_126_arm_t2_pos_pH_7_4_target__3_0_charge__1_9 TM-score=0.96064  RMSD=0.83
  seed_127_arm_t2_pos_pH_7_4_target__3_0_charge__5_9 TM-score=0.96231  RMSD=0.75
  seed_128_arm_t2_pos_pH_7_4_target__3_0_charge__6_9 TM-score=0.9563  RMSD=0.79
  seed_129_arm_t2_pos_pH_7_4_target__3_0_charge__1_9 TM-score=0.95414  RMSD=1.1
  seed_130_arm_t2_pos_pH_7_4_target__3_0_charge_-1_0 TM-score=0.96856  RMSD=0.71
已写入 code/output/finetune_v3_validate/1UBQ/t2_pos//tm.csv
  1UBQ/t2_pos tm DONE
  seed_111_arm_t1_base_pH_7_4_target__8_0_charge__8_ TM-score=0.97397  RMSD=0.82
  seed_112_arm_t1_base_pH_7_4_target__8_0_charge__11 TM-score=0.97095  RMSD=0.84
  seed_113_arm_t1_base_pH_7_4_target__8_0_charge__19 TM-score=0.98186  RMSD=0.67
  seed_114_arm_t1_base_pH_7_4_target__8_0_charge__14 TM-score=0.96284  RMSD=1.03
  seed_115_arm_t1_base_pH_7_4_target__8_0_charge__13 TM-score=0.87925  RMSD=1.92
  seed_116_arm_t1_base_pH_7_4_target__8_0_charge__9_ TM-score=0.98129  RMSD=0.68
  seed_117_arm_t1_base_pH_7_4_target__8_0_charge__13 TM-score=0.97845  RMSD=0.72
  seed_118_arm_t1_base_pH_7_4_target__8_0_charge__13 TM-score=0.96957  RMSD=0.86
  seed_119_arm_t1_base_pH_7_4_target__8_0_charge__9_ TM-score=0.97837  RMSD=0.72
  seed_120_arm_t1_base_pH_7_4_target__8_0_charge__12 TM-score=0.98327  RMSD=0.63
  seed_121_arm_t1_base_pH_7_4_target__8_0_charge__8_ TM-score=0.96899  RMSD=0.87
  seed_122_arm_t1_base_pH_7_4_target__8_0_charge__14 TM-score=0.97368  RMSD=0.81
  seed_123_arm_t1_base_pH_7_4_target__8_0_charge__14 TM-score=0.9801  RMSD=0.69
  seed_124_arm_t1_base_pH_7_4_target__8_0_charge__7_ TM-score=0.97209  RMSD=0.84
  seed_125_arm_t1_base_pH_7_4_target__8_0_charge__12 TM-score=0.96551  RMSD=0.92
  seed_126_arm_t1_base_pH_7_4_target__8_0_charge__20 TM-score=0.98349  RMSD=0.64
  seed_127_arm_t1_base_pH_7_4_target__8_0_charge__19 TM-score=0.97286  RMSD=0.8
  seed_128_arm_t1_base_pH_7_4_target__8_0_charge__10 TM-score=0.92934  RMSD=1.37
  seed_129_arm_t1_base_pH_7_4_target__8_0_charge__9_ TM-score=0.97273  RMSD=0.97
  seed_130_arm_t1_base_pH_7_4_target__8_0_charge__13 TM-score=0.97367  RMSD=0.82
已写入 code/output/finetune_v3_validate/2LZM/t1_base//tm.csv
  2LZM/t1_base tm DONE
  seed_111_arm_t1_cond_pH_7_4_target__8_0_charge__14 TM-score=0.97326  RMSD=0.82
  seed_112_arm_t1_cond_pH_7_4_target__8_0_charge__13 TM-score=0.95533  RMSD=1.05
  seed_113_arm_t1_cond_pH_7_4_target__8_0_charge__7_ TM-score=0.98673  RMSD=0.56
  seed_114_arm_t1_cond_pH_7_4_target__8_0_charge__6_ TM-score=0.96981  RMSD=0.87
  seed_115_arm_t1_cond_pH_7_4_target__8_0_charge__9_ TM-score=0.95904  RMSD=1.11
  seed_116_arm_t1_cond_pH_7_4_target__8_0_charge__10 TM-score=0.97956  RMSD=0.73
  seed_117_arm_t1_cond_pH_7_4_target__8_0_charge__15 TM-score=0.97643  RMSD=0.76
  seed_118_arm_t1_cond_pH_7_4_target__8_0_charge__4_ TM-score=0.98308  RMSD=0.63
  seed_119_arm_t1_cond_pH_7_4_target__8_0_charge__8_ TM-score=0.97794  RMSD=0.75
  seed_120_arm_t1_cond_pH_7_4_target__8_0_charge__12 TM-score=0.97551  RMSD=0.84
  seed_121_arm_t1_cond_pH_7_4_target__8_0_charge__4_ TM-score=0.96165  RMSD=1.06
  seed_122_arm_t1_cond_pH_7_4_target__8_0_charge__15 TM-score=0.94387  RMSD=1.19
  seed_123_arm_t1_cond_pH_7_4_target__8_0_charge__8_ TM-score=0.96229  RMSD=0.96
  seed_124_arm_t1_cond_pH_7_4_target__8_0_charge__18 TM-score=0.98487  RMSD=0.6
  seed_125_arm_t1_cond_pH_7_4_target__8_0_charge__13 TM-score=0.98265  RMSD=0.65
  seed_126_arm_t1_cond_pH_7_4_target__8_0_charge__13 TM-score=0.97695  RMSD=0.82
  seed_127_arm_t1_cond_pH_7_4_target__8_0_charge__5_ TM-score=0.95302  RMSD=1.15
  seed_128_arm_t1_cond_pH_7_4_target__8_0_charge__10 TM-score=0.96299  RMSD=1.05
  seed_129_arm_t1_cond_pH_7_4_target__8_0_charge__12 TM-score=0.94887  RMSD=1.13
  seed_130_arm_t1_cond_pH_7_4_target__8_0_charge__9_ TM-score=0.97445  RMSD=0.8
已写入 code/output/finetune_v3_validate/2LZM/t1_cond//tm.csv
  2LZM/t1_cond tm DONE
  seed_111_arm_t2_neg_pH_7_4_target__3_0_charge__4_9 TM-score=0.98435  RMSD=0.61
  seed_112_arm_t2_neg_pH_7_4_target__3_0_charge__5_0 TM-score=0.97287  RMSD=0.82
  seed_113_arm_t2_neg_pH_7_4_target__3_0_charge__7_9 TM-score=0.98414  RMSD=0.61
  seed_114_arm_t2_neg_pH_7_4_target__3_0_charge__8_0 TM-score=0.98468  RMSD=0.6
  seed_115_arm_t2_neg_pH_7_4_target__3_0_charge__6_0 TM-score=0.95544  RMSD=1.05
  seed_116_arm_t2_neg_pH_7_4_target__3_0_charge__6_0 TM-score=0.93901  RMSD=1.28
  seed_117_arm_t2_neg_pH_7_4_target__3_0_charge__6_0 TM-score=0.97267  RMSD=0.82
  seed_118_arm_t2_neg_pH_7_4_target__3_0_charge__9_0 TM-score=0.96724  RMSD=0.92
  seed_119_arm_t2_neg_pH_7_4_target__3_0_charge__3_9 TM-score=0.96854  RMSD=0.88
  seed_120_arm_t2_neg_pH_7_4_target__3_0_charge__5_0 TM-score=0.98088  RMSD=0.69
  seed_121_arm_t2_neg_pH_7_4_target__3_0_charge__0_9 TM-score=0.93186  RMSD=1.33
  seed_122_arm_t2_neg_pH_7_4_target__3_0_charge__3_0 TM-score=0.96293  RMSD=0.98
  seed_123_arm_t2_neg_pH_7_4_target__3_0_charge__1_0 TM-score=0.95886  RMSD=1.01
  seed_124_arm_t2_neg_pH_7_4_target__3_0_charge__3_0 TM-score=0.96493  RMSD=0.92
  seed_125_arm_t2_neg_pH_7_4_target__3_0_charge__4_0 TM-score=0.98237  RMSD=0.65
  seed_126_arm_t2_neg_pH_7_4_target__3_0_charge__5_0 TM-score=0.9681  RMSD=0.88
  seed_127_arm_t2_neg_pH_7_4_target__3_0_charge__4_9 TM-score=0.9795  RMSD=0.7
  seed_128_arm_t2_neg_pH_7_4_target__3_0_charge__2_9 TM-score=0.97241  RMSD=0.82
  seed_129_arm_t2_neg_pH_7_4_target__3_0_charge__2_0 TM-score=0.97507  RMSD=0.8
  seed_130_arm_t2_neg_pH_7_4_target__3_0_charge__7_0 TM-score=0.98083  RMSD=0.68
已写入 code/output/finetune_v3_validate/2LZM/t2_neg//tm.csv
  2LZM/t2_neg tm DONE
  seed_111_arm_t2_ph_pH_7_4_target_均值占位_charge_-0_02 TM-score=0.96779  RMSD=0.88
  seed_112_arm_t2_ph_pH_7_4_target_均值占位_charge_-1_97 TM-score=0.97607  RMSD=0.75
  seed_113_arm_t2_ph_pH_7_4_target_均值占位_charge_-0_93 TM-score=0.97154  RMSD=0.84
  seed_114_arm_t2_ph_pH_7_4_target_均值占位_charge__2_03 TM-score=0.96443  RMSD=0.94
  seed_115_arm_t2_ph_pH_7_4_target_均值占位_charge__2_02 TM-score=0.97474  RMSD=0.78
  seed_116_arm_t2_ph_pH_7_4_target_均值占位_charge__1_03 TM-score=0.96513  RMSD=0.92
  seed_117_arm_t2_ph_pH_7_4_target_均值占位_charge__6_02 TM-score=0.97393  RMSD=0.96
  seed_118_arm_t2_ph_pH_7_4_target_均值占位_charge__3_03 TM-score=0.97739  RMSD=0.73
  seed_119_arm_t2_ph_pH_7_4_target_均值占位_charge_-4_00 TM-score=0.9807  RMSD=0.7
  seed_120_arm_t2_ph_pH_7_4_target_均值占位_charge_-0_97 TM-score=0.98145  RMSD=0.69
  seed_121_arm_t2_ph_pH_7_4_target_均值占位_charge_-3_01 TM-score=0.96558  RMSD=0.92
  seed_122_arm_t2_ph_pH_7_4_target_均值占位_charge_-1_05 TM-score=0.9649  RMSD=0.93
  seed_123_arm_t2_ph_pH_7_4_target_均值占位_charge_-1_09 TM-score=0.97795  RMSD=0.73
  seed_124_arm_t2_ph_pH_7_4_target_均值占位_charge_-0_97 TM-score=0.96857  RMSD=0.88
  seed_125_arm_t2_ph_pH_7_4_target_均值占位_charge__2_02 TM-score=0.95853  RMSD=1.03
  seed_126_arm_t2_ph_pH_7_4_target_均值占位_charge_-2_93 TM-score=0.97741  RMSD=0.85
  seed_127_arm_t2_ph_pH_7_4_target_均值占位_charge_-3_01 TM-score=0.95732  RMSD=1.03
  seed_128_arm_t2_ph_pH_7_4_target_均值占位_charge__0_03 TM-score=0.98085  RMSD=0.71
  seed_129_arm_t2_ph_pH_7_4_target_均值占位_charge_-0_01 TM-score=0.98227  RMSD=0.65
  seed_130_arm_t2_ph_pH_7_4_target_均值占位_charge_-1_93 TM-score=0.95511  RMSD=1.06
已写入 code/output/finetune_v3_validate/2LZM/t2_ph//tm.csv
  2LZM/t2_ph tm DONE
  seed_111_arm_t2_pos_pH_7_4_target__11_0_charge__19 TM-score=0.95669  RMSD=1.03
  seed_112_arm_t2_pos_pH_7_4_target__11_0_charge__15 TM-score=0.98074  RMSD=0.67
  seed_113_arm_t2_pos_pH_7_4_target__11_0_charge__28 TM-score=0.97491  RMSD=0.78
  seed_114_arm_t2_pos_pH_7_4_target__11_0_charge__22 TM-score=0.97107  RMSD=0.84
  seed_115_arm_t2_pos_pH_7_4_target__11_0_charge__20 TM-score=0.91218  RMSD=1.66
  seed_116_arm_t2_pos_pH_7_4_target__11_0_charge__19 TM-score=0.9755  RMSD=0.87
  seed_117_arm_t2_pos_pH_7_4_target__11_0_charge__20 TM-score=0.9857  RMSD=0.58
  seed_118_arm_t2_pos_pH_7_4_target__11_0_charge__16 TM-score=0.97818  RMSD=0.73
  seed_119_arm_t2_pos_pH_7_4_target__11_0_charge__12 TM-score=0.97416  RMSD=0.8
  seed_120_arm_t2_pos_pH_7_4_target__11_0_charge__15 TM-score=0.98608  RMSD=0.57
  seed_121_arm_t2_pos_pH_7_4_target__11_0_charge__12 TM-score=0.93652  RMSD=1.27
  seed_122_arm_t2_pos_pH_7_4_target__11_0_charge__20 TM-score=0.97764  RMSD=0.74
  seed_123_arm_t2_pos_pH_7_4_target__11_0_charge__20 TM-score=0.97688  RMSD=0.78
  seed_124_arm_t2_pos_pH_7_4_target__11_0_charge__10 TM-score=0.9805  RMSD=0.68
  seed_125_arm_t2_pos_pH_7_4_target__11_0_charge__22 TM-score=0.96796  RMSD=0.88
  seed_126_arm_t2_pos_pH_7_4_target__11_0_charge__22 TM-score=0.98094  RMSD=0.68
  seed_127_arm_t2_pos_pH_7_4_target__11_0_charge__24 TM-score=0.91591  RMSD=1.52
  seed_128_arm_t2_pos_pH_7_4_target__11_0_charge__15 TM-score=0.97946  RMSD=0.7
  seed_129_arm_t2_pos_pH_7_4_target__11_0_charge__13 TM-score=0.98227  RMSD=0.66
  seed_130_arm_t2_pos_pH_7_4_target__11_0_charge__13 TM-score=0.97759  RMSD=0.74
已写入 code/output/finetune_v3_validate/2LZM/t2_pos//tm.csv
  2LZM/t2_pos tm DONE
=== [3/4] Protein-Sol %sol（系统 python3，递归 arm 目录）===

============================================================
Starting Protein-Sol Prediction Pipeline
Input: code/output/finetune_v3_validate/1BC8/t1_base/seqs.fa
Working directory: /data/nfs/IC/baokun_yu/ConfuMPNN/protein_sol_mcp/scripts/protein-sol
============================================================

Step 1: Reformatting FASTA file...
Running fasta_seq_reformat_export.pl...
✓ fasta_seq_reformat_export.pl completed successfully
✓ Original file backed up to input.fasta_ORIGINAL

Step 2: Calculating sequence composition...
Running seq_compositions_perc_pipeline_export.pl...
✓ seq_compositions_perc_pipeline_export.pl completed successfully
✓ Composition data saved to seq_composition.txt

Step 3: Making solubility predictions...
Running server_prediction_seq_export.pl...
✓ server_prediction_seq_export.pl completed successfully
✓ Predictions generated

Step 4: Calculating sequence properties...
Running seq_props_ALL_export.pl...
✓ seq_props_ALL_export.pl completed successfully
✓ Sequence properties calculated

Step 5: Gathering profiles...
Running profiles_gather_export.pl...
✓ profiles_gather_export.pl completed successfully
✓ Profiles gathered

Step 6: Creating CSV output...
✓ CSV output saved to seqs.fa-protein_sol.csv

Step 7: Cleaning up intermediate files...
✓ Cleanup completed

============================================================
Prediction Results:
============================================================
ID                   percent-sol     scaled-sol      population-sol  pI        
--------------------------------------------------------------------------------
>seed_111            79.304          0.686           0.446           11.600    
>seed_112            79.304          0.686           0.446           11.220    
>seed_113            72.554          0.623           0.446           11.880    
>seed_114            52.363          0.436           0.446           11.030    
>seed_115            65.602          0.559           0.446           12.680    
>seed_116            77.081          0.665           0.446           10.860    
>seed_117            73.423          0.631           0.446           10.850    
>seed_118            72.554          0.623           0.446           11.900    
>seed_119            79.304          0.686           0.446           11.500    
>seed_120            59.803          0.505           0.446           11.750    
>seed_121            82.427          0.715           0.446           10.410    
>seed_122            63.962          0.544           0.446           11.940    
>seed_123            69.436          0.595           0.446           11.610    
>seed_124            80.409          0.696           0.446           10.730    
>seed_125            67.306          0.575           0.446           11.490    
>seed_126            85.442          0.743           0.446           10.390    
>seed_127            72.554          0.623           0.446           11.910    
>seed_128            77.081          0.665           0.446           11.200    
>seed_129            65.602          0.559           0.446           11.910    
>seed_130            65.867          0.561           0.446           12.020    

============================================================
Pipeline completed successfully!
============================================================

Output files in /data/nfs/IC/baokun_yu/ConfuMPNN/code/output/finetune_v3_validate/1BC8/t1_base:
  - seqs.fa-protein_sol.csv              : CSV with ID, sequence, and metrics
  - seqs.fa-protein_sol_prediction.txt : Main prediction results
  - seqs.fa-protein_sol_composition.txt: Sequence composition data
  - seqs.fa-protein_sol.log        : Detailed execution log

  t1_base sol DONE

============================================================
Starting Protein-Sol Prediction Pipeline
Input: code/output/finetune_v3_validate/1BC8/t1_cond/seqs.fa
Working directory: /data/nfs/IC/baokun_yu/ConfuMPNN/protein_sol_mcp/scripts/protein-sol
============================================================

Step 1: Reformatting FASTA file...
Running fasta_seq_reformat_export.pl...
✓ fasta_seq_reformat_export.pl completed successfully
✓ Original file backed up to input.fasta_ORIGINAL

Step 2: Calculating sequence composition...
Running seq_compositions_perc_pipeline_export.pl...
✓ seq_compositions_perc_pipeline_export.pl completed successfully
✓ Composition data saved to seq_composition.txt

Step 3: Making solubility predictions...
Running server_prediction_seq_export.pl...
✓ server_prediction_seq_export.pl completed successfully
✓ Predictions generated

Step 4: Calculating sequence properties...
Running seq_props_ALL_export.pl...
✓ seq_props_ALL_export.pl completed successfully
✓ Sequence properties calculated

Step 5: Gathering profiles...
Running profiles_gather_export.pl...
✓ profiles_gather_export.pl completed successfully
✓ Profiles gathered

Step 6: Creating CSV output...
✓ CSV output saved to seqs.fa-protein_sol.csv

Step 7: Cleaning up intermediate files...
✓ Cleanup completed

============================================================
Prediction Results:
============================================================
ID                   percent-sol     scaled-sol      population-sol  pI        
--------------------------------------------------------------------------------
>seed_111            65.560          0.559           0.446           11.830    
>seed_112            59.803          0.505           0.446           10.400    
>seed_113            68.896          0.590           0.446           11.870    
>seed_114            72.313          0.621           0.446           10.800    
>seed_115            73.423          0.631           0.446           10.410    
>seed_116            70.943          0.608           0.446           10.490    
>seed_117            73.206          0.629           0.446           11.770    
>seed_118            85.442          0.743           0.446           11.120    
>seed_119            79.304          0.686           0.446           10.900    
>seed_120            58.603          0.494           0.446           12.030    
>seed_121            53.772          0.450           0.446           11.850    
>seed_122            79.304          0.686           0.446           11.610    
>seed_123            81.784          0.709           0.446           10.760    
>seed_124            77.248          0.667           0.446           10.990    
>seed_125            85.442          0.743           0.446           10.950    
>seed_126            70.943          0.608           0.446           10.980    
>seed_127            83.797          0.727           0.446           10.450    
>seed_128            70.943          0.608           0.446           10.810    
>seed_129            79.304          0.686           0.446           10.840    
>seed_130            68.164          0.583           0.446           11.630    

============================================================
Pipeline completed successfully!
============================================================

Output files in /data/nfs/IC/baokun_yu/ConfuMPNN/code/output/finetune_v3_validate/1BC8/t1_cond:
  - seqs.fa-protein_sol.csv              : CSV with ID, sequence, and metrics
  - seqs.fa-protein_sol_prediction.txt : Main prediction results
  - seqs.fa-protein_sol_composition.txt: Sequence composition data
  - seqs.fa-protein_sol.log        : Detailed execution log

  t1_cond sol DONE

============================================================
Starting Protein-Sol Prediction Pipeline
Input: code/output/finetune_v3_validate/1BC8/t2_neg/seqs.fa
Working directory: /data/nfs/IC/baokun_yu/ConfuMPNN/protein_sol_mcp/scripts/protein-sol
============================================================

Step 1: Reformatting FASTA file...
Running fasta_seq_reformat_export.pl...
✓ fasta_seq_reformat_export.pl completed successfully
✓ Original file backed up to input.fasta_ORIGINAL

Step 2: Calculating sequence composition...
Running seq_compositions_perc_pipeline_export.pl...
✓ seq_compositions_perc_pipeline_export.pl completed successfully
✓ Composition data saved to seq_composition.txt

Step 3: Making solubility predictions...
Running server_prediction_seq_export.pl...
✓ server_prediction_seq_export.pl completed successfully
✓ Predictions generated

Step 4: Calculating sequence properties...
Running seq_props_ALL_export.pl...
✓ seq_props_ALL_export.pl completed successfully
✓ Sequence properties calculated

Step 5: Gathering profiles...
Running profiles_gather_export.pl...
✓ profiles_gather_export.pl completed successfully
✓ Profiles gathered

Step 6: Creating CSV output...
✓ CSV output saved to seqs.fa-protein_sol.csv

Step 7: Cleaning up intermediate files...
✓ Cleanup completed

============================================================
Prediction Results:
============================================================
ID                   percent-sol     scaled-sol      population-sol  pI        
--------------------------------------------------------------------------------
>seed_111            70.943          0.608           0.446           10.540    
>seed_112            70.943          0.608           0.446           10.880    
>seed_113            60.464          0.511           0.446           9.580     
>seed_114            45.060          0.369           0.446           7.960     
>seed_115            64.193          0.546           0.446           12.090    
>seed_116            70.943          0.608           0.446           9.910     
>seed_117            64.341          0.547           0.446           10.090    
>seed_118            69.949          0.599           0.446           11.060    
>seed_119            47.575          0.392           0.446           9.740     
>seed_120            57.949          0.488           0.446           9.520     
>seed_121            57.949          0.488           0.446           7.170     
>seed_122            56.378          0.474           0.446           10.050    
>seed_123            60.464          0.511           0.446           9.510     
>seed_124            77.081          0.665           0.446           10.440    
>seed_125            70.943          0.608           0.446           10.390    
>seed_126            66.602          0.568           0.446           9.550     
>seed_127            73.423          0.631           0.446           10.430    
>seed_128            70.794          0.607           0.446           9.790     
>seed_129            64.193          0.546           0.446           10.860    
>seed_130            57.250          0.482           0.446           10.230    

============================================================
Pipeline completed successfully!
============================================================

Output files in /data/nfs/IC/baokun_yu/ConfuMPNN/code/output/finetune_v3_validate/1BC8/t2_neg:
  - seqs.fa-protein_sol.csv              : CSV with ID, sequence, and metrics
  - seqs.fa-protein_sol_prediction.txt : Main prediction results
  - seqs.fa-protein_sol_composition.txt: Sequence composition data
  - seqs.fa-protein_sol.log        : Detailed execution log

  t2_neg sol DONE

============================================================
Starting Protein-Sol Prediction Pipeline
Input: code/output/finetune_v3_validate/1BC8/t2_ph/seqs.fa
Working directory: /data/nfs/IC/baokun_yu/ConfuMPNN/protein_sol_mcp/scripts/protein-sol
============================================================

Step 1: Reformatting FASTA file...
Running fasta_seq_reformat_export.pl...
✓ fasta_seq_reformat_export.pl completed successfully
✓ Original file backed up to input.fasta_ORIGINAL

Step 2: Calculating sequence composition...
Running seq_compositions_perc_pipeline_export.pl...
✓ seq_compositions_perc_pipeline_export.pl completed successfully
✓ Composition data saved to seq_composition.txt

Step 3: Making solubility predictions...
Running server_prediction_seq_export.pl...
✓ server_prediction_seq_export.pl completed successfully
✓ Predictions generated

Step 4: Calculating sequence properties...
Running seq_props_ALL_export.pl...
✓ seq_props_ALL_export.pl completed successfully
✓ Sequence properties calculated

Step 5: Gathering profiles...
Running profiles_gather_export.pl...
✓ profiles_gather_export.pl completed successfully
✓ Profiles gathered

Step 6: Creating CSV output...
✓ CSV output saved to seqs.fa-protein_sol.csv

Step 7: Cleaning up intermediate files...
✓ Cleanup completed

============================================================
Prediction Results:
============================================================
ID                   percent-sol     scaled-sol      population-sol  pI        
--------------------------------------------------------------------------------
>seed_111            70.943          0.608           0.446           10.320    
>seed_112            54.312          0.455           0.446           5.000     
>seed_113            69.266          0.593           0.446           4.530     
>seed_114            63.537          0.540           0.446           4.260     
>seed_115            46.809          0.385           0.446           7.170     
>seed_116            57.949          0.488           0.446           6.970     
>seed_117            60.429          0.511           0.446           5.070     
>seed_118            64.087          0.545           0.446           9.130     
>seed_119            63.537          0.540           0.446           3.900     
>seed_120            57.949          0.488           0.446           7.710     
>seed_121            70.943          0.608           0.446           4.050     
>seed_122            69.081          0.591           0.446           4.200     
>seed_123            71.768          0.616           0.446           4.650     
>seed_124            62.944          0.534           0.446           9.560     
>seed_125            57.949          0.488           0.446           9.100     
>seed_126            57.949          0.488           0.446           5.050     
>seed_127            57.949          0.488           0.446           7.100     
>seed_128            57.949          0.488           0.446           4.950     
>seed_129            60.464          0.511           0.446           4.390     
>seed_130            64.087          0.545           0.446           9.340     

============================================================
Pipeline completed successfully!
============================================================

Output files in /data/nfs/IC/baokun_yu/ConfuMPNN/code/output/finetune_v3_validate/1BC8/t2_ph:
  - seqs.fa-protein_sol.csv              : CSV with ID, sequence, and metrics
  - seqs.fa-protein_sol_prediction.txt : Main prediction results
  - seqs.fa-protein_sol_composition.txt: Sequence composition data
  - seqs.fa-protein_sol.log        : Detailed execution log

  t2_ph sol DONE

============================================================
Starting Protein-Sol Prediction Pipeline
Input: code/output/finetune_v3_validate/1BC8/t2_pos/seqs.fa
Working directory: /data/nfs/IC/baokun_yu/ConfuMPNN/protein_sol_mcp/scripts/protein-sol
============================================================

Step 1: Reformatting FASTA file...
Running fasta_seq_reformat_export.pl...
✓ fasta_seq_reformat_export.pl completed successfully
✓ Original file backed up to input.fasta_ORIGINAL

Step 2: Calculating sequence composition...
Running seq_compositions_perc_pipeline_export.pl...
✓ seq_compositions_perc_pipeline_export.pl completed successfully
✓ Composition data saved to seq_composition.txt

Step 3: Making solubility predictions...
Running server_prediction_seq_export.pl...
✓ server_prediction_seq_export.pl completed successfully
✓ Predictions generated

Step 4: Calculating sequence properties...
Running seq_props_ALL_export.pl...
✓ seq_props_ALL_export.pl completed successfully
✓ Sequence properties calculated

Step 5: Gathering profiles...
Running profiles_gather_export.pl...
✓ profiles_gather_export.pl completed successfully
✓ Profiles gathered

Step 6: Creating CSV output...
✓ CSV output saved to seqs.fa-protein_sol.csv

Step 7: Cleaning up intermediate files...
✓ Cleanup completed

============================================================
Prediction Results:
============================================================
ID                   percent-sol     scaled-sol      population-sol  pI        
--------------------------------------------------------------------------------
>seed_111            79.304          0.686           0.446           11.700    
>seed_112            79.304          0.686           0.446           11.300    
>seed_113            72.554          0.623           0.446           11.960    
>seed_114            58.054          0.489           0.446           11.580    
>seed_115            65.602          0.559           0.446           12.910    
>seed_116            79.304          0.686           0.446           10.670    
>seed_117            81.784          0.709           0.446           10.920    
>seed_118            72.554          0.623           0.446           12.120    
>seed_119            79.304          0.686           0.446           11.400    
>seed_120            66.415          0.567           0.446           12.460    
>seed_121            85.442          0.743           0.446           10.680    
>seed_122            71.898          0.617           0.446           12.130    
>seed_123            90.685          0.791           0.446           11.030    
>seed_124            79.304          0.686           0.446           11.610    
>seed_125            81.204          0.703           0.446           11.470    
>seed_126            85.442          0.743           0.446           10.600    
>seed_127            72.554          0.623           0.446           12.190    
>seed_128            79.304          0.686           0.446           11.300    
>seed_129            65.602          0.559           0.446           12.120    
>seed_130            72.554          0.623           0.446           12.330    

============================================================
Pipeline completed successfully!
============================================================

Output files in /data/nfs/IC/baokun_yu/ConfuMPNN/code/output/finetune_v3_validate/1BC8/t2_pos:
  - seqs.fa-protein_sol.csv              : CSV with ID, sequence, and metrics
  - seqs.fa-protein_sol_prediction.txt : Main prediction results
  - seqs.fa-protein_sol_composition.txt: Sequence composition data
  - seqs.fa-protein_sol.log        : Detailed execution log

  t2_pos sol DONE

============================================================
Starting Protein-Sol Prediction Pipeline
Input: code/output/finetune_v3_validate/1CRN/t1_base/seqs.fa
Working directory: /data/nfs/IC/baokun_yu/ConfuMPNN/protein_sol_mcp/scripts/protein-sol
============================================================

Step 1: Reformatting FASTA file...
Running fasta_seq_reformat_export.pl...
✓ fasta_seq_reformat_export.pl completed successfully
✓ Original file backed up to input.fasta_ORIGINAL

Step 2: Calculating sequence composition...
Running seq_compositions_perc_pipeline_export.pl...
✓ seq_compositions_perc_pipeline_export.pl completed successfully
✓ Composition data saved to seq_composition.txt

Step 3: Making solubility predictions...
Running server_prediction_seq_export.pl...
✓ server_prediction_seq_export.pl completed successfully
✓ Predictions generated

Step 4: Calculating sequence properties...
Running seq_props_ALL_export.pl...
✓ seq_props_ALL_export.pl completed successfully
✓ Sequence properties calculated

Step 5: Gathering profiles...
Running profiles_gather_export.pl...
✓ profiles_gather_export.pl completed successfully
✓ Profiles gathered

Step 6: Creating CSV output...
✓ CSV output saved to seqs.fa-protein_sol.csv

Step 7: Cleaning up intermediate files...
✓ Cleanup completed

============================================================
Prediction Results:
============================================================
ID                   percent-sol     scaled-sol      population-sol  pI        
--------------------------------------------------------------------------------
>seed_111            59.879          0.506           0.446           9.650     
>seed_112            64.750          0.551           0.446           9.760     
>seed_113            74.002          0.637           0.446           9.580     
>seed_114            65.102          0.554           0.446           7.250     
>seed_115            78.096          0.675           0.446           11.700    
>seed_116            76.869          0.663           0.446           1.000     
>seed_117            86.440          0.752           0.446           4.590     
>seed_118            76.908          0.664           0.446           3.770     
>seed_119            75.123          0.647           0.446           7.180     
>seed_120            73.552          0.633           0.446           11.050    
>seed_121            75.447          0.650           0.446           7.280     
>seed_122            88.117          0.767           0.446           10.140    
>seed_123            77.638          0.670           0.446           9.580     
>seed_124            86.440          0.752           0.446           4.390     
>seed_125            77.638          0.670           0.446           9.580     
>seed_126            77.638          0.670           0.446           9.530     
>seed_127            70.888          0.608           0.446           9.760     
>seed_128            69.296          0.593           0.446           9.650     
>seed_129            74.118          0.638           0.446           4.730     
>seed_130            77.638          0.670           0.446           9.530     

============================================================
Pipeline completed successfully!
============================================================

Output files in /data/nfs/IC/baokun_yu/ConfuMPNN/code/output/finetune_v3_validate/1CRN/t1_base:
  - seqs.fa-protein_sol.csv              : CSV with ID, sequence, and metrics
  - seqs.fa-protein_sol_prediction.txt : Main prediction results
  - seqs.fa-protein_sol_composition.txt: Sequence composition data
  - seqs.fa-protein_sol.log        : Detailed execution log

  t1_base sol DONE

============================================================
Starting Protein-Sol Prediction Pipeline
Input: code/output/finetune_v3_validate/1CRN/t1_cond/seqs.fa
Working directory: /data/nfs/IC/baokun_yu/ConfuMPNN/protein_sol_mcp/scripts/protein-sol
============================================================

Step 1: Reformatting FASTA file...
Running fasta_seq_reformat_export.pl...
✓ fasta_seq_reformat_export.pl completed successfully
✓ Original file backed up to input.fasta_ORIGINAL

Step 2: Calculating sequence composition...
Running seq_compositions_perc_pipeline_export.pl...
✓ seq_compositions_perc_pipeline_export.pl completed successfully
✓ Composition data saved to seq_composition.txt

Step 3: Making solubility predictions...
Running server_prediction_seq_export.pl...
✓ server_prediction_seq_export.pl completed successfully
✓ Predictions generated

Step 4: Calculating sequence properties...
Running seq_props_ALL_export.pl...
✓ seq_props_ALL_export.pl completed successfully
✓ Sequence properties calculated

Step 5: Gathering profiles...
Running profiles_gather_export.pl...
✓ profiles_gather_export.pl completed successfully
✓ Profiles gathered

Step 6: Creating CSV output...
✓ CSV output saved to seqs.fa-protein_sol.csv

Step 7: Cleaning up intermediate files...
✓ Cleanup completed

============================================================
Prediction Results:
============================================================
ID                   percent-sol     scaled-sol      population-sol  pI        
--------------------------------------------------------------------------------
>seed_111            86.440          0.752           0.446           10.090    
>seed_112            66.428          0.567           0.446           9.860     
>seed_113            86.440          0.752           0.446           10.090    
>seed_114            64.750          0.551           0.446           4.900     
>seed_115            64.750          0.551           0.446           10.070    
>seed_116            71.212          0.611           0.446           4.730     
>seed_117            77.638          0.670           0.446           4.900     
>seed_118            75.123          0.647           0.446           7.280     
>seed_119            77.638          0.670           0.446           9.630     
>seed_120            88.117          0.767           0.446           10.450    
>seed_121            75.123          0.647           0.446           7.240     
>seed_122            71.487          0.614           0.446           7.230     
>seed_123            86.440          0.752           0.446           10.300    
>seed_124            63.894          0.543           0.446           10.450    
>seed_125            77.638          0.670           0.446           9.630     
>seed_126            88.117          0.767           0.446           10.290    
>seed_127            88.117          0.767           0.446           10.440    
>seed_128            66.428          0.567           0.446           9.860     
>seed_129            79.891          0.691           0.446           10.090    
>seed_130            67.979          0.581           0.446           9.460     

============================================================
Pipeline completed successfully!
============================================================

Output files in /data/nfs/IC/baokun_yu/ConfuMPNN/code/output/finetune_v3_validate/1CRN/t1_cond:
  - seqs.fa-protein_sol.csv              : CSV with ID, sequence, and metrics
  - seqs.fa-protein_sol_prediction.txt : Main prediction results
  - seqs.fa-protein_sol_composition.txt: Sequence composition data
  - seqs.fa-protein_sol.log        : Detailed execution log

  t1_cond sol DONE

============================================================
Starting Protein-Sol Prediction Pipeline
Input: code/output/finetune_v3_validate/1CRN/t2_neg/seqs.fa
Working directory: /data/nfs/IC/baokun_yu/ConfuMPNN/protein_sol_mcp/scripts/protein-sol
============================================================

Step 1: Reformatting FASTA file...
Running fasta_seq_reformat_export.pl...
✓ fasta_seq_reformat_export.pl completed successfully
✓ Original file backed up to input.fasta_ORIGINAL

Step 2: Calculating sequence composition...
Running seq_compositions_perc_pipeline_export.pl...
✓ seq_compositions_perc_pipeline_export.pl completed successfully
✓ Composition data saved to seq_composition.txt

Step 3: Making solubility predictions...
Running server_prediction_seq_export.pl...
✓ server_prediction_seq_export.pl completed successfully
✓ Predictions generated

Step 4: Calculating sequence properties...
Running seq_props_ALL_export.pl...
✓ seq_props_ALL_export.pl completed successfully
✓ Sequence properties calculated

Step 5: Gathering profiles...
Running profiles_gather_export.pl...
✓ profiles_gather_export.pl completed successfully
✓ Profiles gathered

Step 6: Creating CSV output...
✓ CSV output saved to seqs.fa-protein_sol.csv

Step 7: Cleaning up intermediate files...
✓ Cleanup completed

============================================================
Prediction Results:
============================================================
ID                   percent-sol     scaled-sol      population-sol  pI        
--------------------------------------------------------------------------------
>seed_111            86.044          0.748           0.446           4.390     
>seed_112            93.891          0.821           0.446           4.470     
>seed_113            90.707          0.791           0.446           4.730     
>seed_114            85.588          0.744           0.446           4.090     
>seed_115            90.728          0.792           0.446           3.770     
>seed_116            80.798          0.700           0.446           1.000     
>seed_117            91.262          0.797           0.446           3.830     
>seed_118            101.845         0.895           0.446           4.210     
>seed_119            71.487          0.614           0.446           7.250     
>seed_120            75.231          0.648           0.446           4.090     
>seed_121            101.635         0.893           0.446           3.900     
>seed_122            103.143         0.907           0.446           3.830     
>seed_123            79.891          0.691           0.446           4.500     
>seed_124            103.216         0.907           0.446           3.760     
>seed_125            92.520          0.808           0.446           4.090     
>seed_126            88.550          0.771           0.446           3.920     
>seed_127            104.557         0.920           0.446           4.260     
>seed_128            78.098          0.675           0.446           4.090     
>seed_129            97.649          0.856           0.446           3.920     
>seed_130            95.608          0.837           0.446           4.090     

============================================================
Pipeline completed successfully!
============================================================

Output files in /data/nfs/IC/baokun_yu/ConfuMPNN/code/output/finetune_v3_validate/1CRN/t2_neg:
  - seqs.fa-protein_sol.csv              : CSV with ID, sequence, and metrics
  - seqs.fa-protein_sol_prediction.txt : Main prediction results
  - seqs.fa-protein_sol_composition.txt: Sequence composition data
  - seqs.fa-protein_sol.log        : Detailed execution log

  t2_neg sol DONE

============================================================
Starting Protein-Sol Prediction Pipeline
Input: code/output/finetune_v3_validate/1CRN/t2_ph/seqs.fa
Working directory: /data/nfs/IC/baokun_yu/ConfuMPNN/protein_sol_mcp/scripts/protein-sol
============================================================

Step 1: Reformatting FASTA file...
Running fasta_seq_reformat_export.pl...
✓ fasta_seq_reformat_export.pl completed successfully
✓ Original file backed up to input.fasta_ORIGINAL

Step 2: Calculating sequence composition...
Running seq_compositions_perc_pipeline_export.pl...
✓ seq_compositions_perc_pipeline_export.pl completed successfully
✓ Composition data saved to seq_composition.txt

Step 3: Making solubility predictions...
Running server_prediction_seq_export.pl...
✓ server_prediction_seq_export.pl completed successfully
✓ Predictions generated

Step 4: Calculating sequence properties...
Running seq_props_ALL_export.pl...
✓ seq_props_ALL_export.pl completed successfully
✓ Sequence properties calculated

Step 5: Gathering profiles...
Running profiles_gather_export.pl...
✓ profiles_gather_export.pl completed successfully
✓ Profiles gathered

Step 6: Creating CSV output...
✓ CSV output saved to seqs.fa-protein_sol.csv

Step 7: Cleaning up intermediate files...
✓ Cleanup completed

============================================================
Prediction Results:
============================================================
ID                   percent-sol     scaled-sol      population-sol  pI        
--------------------------------------------------------------------------------
>seed_111            59.879          0.506           0.446           9.650     
>seed_112            64.750          0.551           0.446           9.760     
>seed_113            74.002          0.637           0.446           9.580     
>seed_114            65.102          0.554           0.446           7.250     
>seed_115            78.096          0.675           0.446           11.700    
>seed_116            76.869          0.663           0.446           1.000     
>seed_117            86.440          0.752           0.446           4.590     
>seed_118            76.908          0.664           0.446           3.770     
>seed_119            75.123          0.647           0.446           7.180     
>seed_120            73.552          0.633           0.446           11.050    
>seed_121            77.961          0.673           0.446           5.000     
>seed_122            88.117          0.767           0.446           10.140    
>seed_123            77.638          0.670           0.446           9.580     
>seed_124            66.428          0.567           0.446           4.900     
>seed_125            77.638          0.670           0.446           9.580     
>seed_126            75.123          0.647           0.446           7.150     
>seed_127            80.506          0.697           0.446           4.900     
>seed_128            69.296          0.593           0.446           9.650     
>seed_129            82.920          0.719           0.446           4.300     
>seed_130            77.638          0.670           0.446           9.530     

============================================================
Pipeline completed successfully!
============================================================

Output files in /data/nfs/IC/baokun_yu/ConfuMPNN/code/output/finetune_v3_validate/1CRN/t2_ph:
  - seqs.fa-protein_sol.csv              : CSV with ID, sequence, and metrics
  - seqs.fa-protein_sol_prediction.txt : Main prediction results
  - seqs.fa-protein_sol_composition.txt: Sequence composition data
  - seqs.fa-protein_sol.log        : Detailed execution log

  t2_ph sol DONE

============================================================
Starting Protein-Sol Prediction Pipeline
Input: code/output/finetune_v3_validate/1CRN/t2_pos/seqs.fa
Working directory: /data/nfs/IC/baokun_yu/ConfuMPNN/protein_sol_mcp/scripts/protein-sol
============================================================

Step 1: Reformatting FASTA file...
Running fasta_seq_reformat_export.pl...
✓ fasta_seq_reformat_export.pl completed successfully
✓ Original file backed up to input.fasta_ORIGINAL

Step 2: Calculating sequence composition...
Running seq_compositions_perc_pipeline_export.pl...
✓ seq_compositions_perc_pipeline_export.pl completed successfully
✓ Composition data saved to seq_composition.txt

Step 3: Making solubility predictions...
Running server_prediction_seq_export.pl...
✓ server_prediction_seq_export.pl completed successfully
✓ Predictions generated

Step 4: Calculating sequence properties...
Running seq_props_ALL_export.pl...
✓ seq_props_ALL_export.pl completed successfully
✓ Sequence properties calculated

Step 5: Gathering profiles...
Running profiles_gather_export.pl...
✓ profiles_gather_export.pl completed successfully
✓ Profiles gathered

Step 6: Creating CSV output...
✓ CSV output saved to seqs.fa-protein_sol.csv

Step 7: Cleaning up intermediate files...
✓ Cleanup completed

============================================================
Prediction Results:
============================================================
ID                   percent-sol     scaled-sol      population-sol  pI        
--------------------------------------------------------------------------------
>seed_111            82.804          0.718           0.446           10.030    
>seed_112            64.750          0.551           0.446           9.760     
>seed_113            74.002          0.637           0.446           9.580     
>seed_114            81.367          0.705           0.446           10.980    
>seed_115            75.229          0.648           0.446           12.010    
>seed_116            75.229          0.648           0.446           12.010    
>seed_117            71.487          0.614           0.446           7.250     
>seed_118            64.343          0.547           0.446           4.600     
>seed_119            87.222          0.759           0.446           10.880    
>seed_120            75.229          0.648           0.446           12.010    
>seed_121            75.447          0.650           0.446           7.280     
>seed_122            88.117          0.767           0.446           10.240    
>seed_123            75.229          0.648           0.446           11.170    
>seed_124            77.638          0.670           0.446           9.510     
>seed_125            75.231          0.648           0.446           10.160    
>seed_126            86.440          0.752           0.446           9.920     
>seed_127            78.096          0.675           0.446           10.930    
>seed_128            82.804          0.718           0.446           10.030    
>seed_129            70.847          0.608           0.446           9.410     
>seed_130            77.638          0.670           0.446           9.580     

============================================================
Pipeline completed successfully!
============================================================

Output files in /data/nfs/IC/baokun_yu/ConfuMPNN/code/output/finetune_v3_validate/1CRN/t2_pos:
  - seqs.fa-protein_sol.csv              : CSV with ID, sequence, and metrics
  - seqs.fa-protein_sol_prediction.txt : Main prediction results
  - seqs.fa-protein_sol_composition.txt: Sequence composition data
  - seqs.fa-protein_sol.log        : Detailed execution log

  t2_pos sol DONE

============================================================
Starting Protein-Sol Prediction Pipeline
Input: code/output/finetune_v3_validate/1UBQ/t1_base/seqs.fa
Working directory: /data/nfs/IC/baokun_yu/ConfuMPNN/protein_sol_mcp/scripts/protein-sol
============================================================

Step 1: Reformatting FASTA file...
Running fasta_seq_reformat_export.pl...
✓ fasta_seq_reformat_export.pl completed successfully
✓ Original file backed up to input.fasta_ORIGINAL

Step 2: Calculating sequence composition...
Running seq_compositions_perc_pipeline_export.pl...
✓ seq_compositions_perc_pipeline_export.pl completed successfully
✓ Composition data saved to seq_composition.txt

Step 3: Making solubility predictions...
Running server_prediction_seq_export.pl...
✓ server_prediction_seq_export.pl completed successfully
✓ Predictions generated

Step 4: Calculating sequence properties...
Running seq_props_ALL_export.pl...
✓ seq_props_ALL_export.pl completed successfully
✓ Sequence properties calculated

Step 5: Gathering profiles...
Running profiles_gather_export.pl...
✓ profiles_gather_export.pl completed successfully
✓ Profiles gathered

Step 6: Creating CSV output...
✓ CSV output saved to seqs.fa-protein_sol.csv

Step 7: Cleaning up intermediate files...
✓ Cleanup completed

============================================================
Prediction Results:
============================================================
ID                   percent-sol     scaled-sol      population-sol  pI        
--------------------------------------------------------------------------------
>seed_111            79.227          0.685           0.446           4.200     
>seed_112            79.875          0.691           0.446           4.300     
>seed_113            75.684          0.652           0.446           4.730     
>seed_114            79.227          0.685           0.446           5.170     
>seed_115            79.227          0.685           0.446           4.600     
>seed_116            84.676          0.736           0.446           4.050     
>seed_117            75.035          0.646           0.446           9.520     
>seed_118            88.029          0.767           0.446           4.100     
>seed_119            75.684          0.652           0.446           7.260     
>seed_120            78.610          0.679           0.446           5.110     
>seed_121            76.936          0.664           0.446           9.540     
>seed_122            72.096          0.619           0.446           7.230     
>seed_123            85.211          0.741           0.446           10.090    
>seed_124            76.287          0.658           0.446           4.820     
>seed_125            75.035          0.646           0.446           9.320     
>seed_126            79.227          0.685           0.446           4.670     
>seed_127            75.001          0.646           0.446           9.860     
>seed_128            75.790          0.653           0.446           10.720    
>seed_129            75.035          0.646           0.446           7.110     
>seed_130            84.676          0.736           0.446           4.530     

============================================================
Pipeline completed successfully!
============================================================

Output files in /data/nfs/IC/baokun_yu/ConfuMPNN/code/output/finetune_v3_validate/1UBQ/t1_base:
  - seqs.fa-protein_sol.csv              : CSV with ID, sequence, and metrics
  - seqs.fa-protein_sol_prediction.txt : Main prediction results
  - seqs.fa-protein_sol_composition.txt: Sequence composition data
  - seqs.fa-protein_sol.log        : Detailed execution log

  t1_base sol DONE

============================================================
Starting Protein-Sol Prediction Pipeline
Input: code/output/finetune_v3_validate/1UBQ/t1_cond/seqs.fa
Working directory: /data/nfs/IC/baokun_yu/ConfuMPNN/protein_sol_mcp/scripts/protein-sol
============================================================

Step 1: Reformatting FASTA file...
Running fasta_seq_reformat_export.pl...
✓ fasta_seq_reformat_export.pl completed successfully
✓ Original file backed up to input.fasta_ORIGINAL

Step 2: Calculating sequence composition...
Running seq_compositions_perc_pipeline_export.pl...
✓ seq_compositions_perc_pipeline_export.pl completed successfully
✓ Composition data saved to seq_composition.txt

Step 3: Making solubility predictions...
Running server_prediction_seq_export.pl...
✓ server_prediction_seq_export.pl completed successfully
✓ Predictions generated

Step 4: Calculating sequence properties...
Running seq_props_ALL_export.pl...
✓ seq_props_ALL_export.pl completed successfully
✓ Sequence properties calculated

Step 5: Gathering profiles...
Running profiles_gather_export.pl...
✓ profiles_gather_export.pl completed successfully
✓ Profiles gathered

Step 6: Creating CSV output...
✓ CSV output saved to seqs.fa-protein_sol.csv

Step 7: Cleaning up intermediate files...
✓ Cleanup completed

============================================================
Prediction Results:
============================================================
ID                   percent-sol     scaled-sol      population-sol  pI        
--------------------------------------------------------------------------------
>seed_111            73.088          0.628           0.446           10.150    
>seed_112            84.676          0.736           0.446           4.130     
>seed_113            66.792          0.570           0.446           9.710     
>seed_114            71.506          0.614           0.446           5.730     
>seed_115            75.035          0.646           0.446           7.220     
>seed_116            85.324          0.742           0.446           4.330     
>seed_117            88.678          0.773           0.446           10.390    
>seed_118            79.875          0.691           0.446           4.860     
>seed_119            91.190          0.796           0.446           9.890     
>seed_120            90.704          0.791           0.446           4.330     
>seed_121            68.897          0.590           0.446           7.200     
>seed_122            73.088          0.628           0.446           4.590     
>seed_123            81.585          0.707           0.446           9.510     
>seed_124            90.577          0.790           0.446           4.470     
>seed_125            88.029          0.767           0.446           10.190    
>seed_126            76.287          0.658           0.446           9.800     
>seed_127            75.035          0.646           0.446           9.450     
>seed_128            75.035          0.646           0.446           7.310     
>seed_129            81.736          0.708           0.446           9.990     
>seed_130            72.096          0.619           0.446           7.320     

============================================================
Pipeline completed successfully!
============================================================

Output files in /data/nfs/IC/baokun_yu/ConfuMPNN/code/output/finetune_v3_validate/1UBQ/t1_cond:
  - seqs.fa-protein_sol.csv              : CSV with ID, sequence, and metrics
  - seqs.fa-protein_sol_prediction.txt : Main prediction results
  - seqs.fa-protein_sol_composition.txt: Sequence composition data
  - seqs.fa-protein_sol.log        : Detailed execution log

  t1_cond sol DONE

============================================================
Starting Protein-Sol Prediction Pipeline
Input: code/output/finetune_v3_validate/1UBQ/t2_neg/seqs.fa
Working directory: /data/nfs/IC/baokun_yu/ConfuMPNN/protein_sol_mcp/scripts/protein-sol
============================================================

Step 1: Reformatting FASTA file...
Running fasta_seq_reformat_export.pl...
✓ fasta_seq_reformat_export.pl completed successfully
✓ Original file backed up to input.fasta_ORIGINAL

Step 2: Calculating sequence composition...
Running seq_compositions_perc_pipeline_export.pl...
✓ seq_compositions_perc_pipeline_export.pl completed successfully
✓ Composition data saved to seq_composition.txt

Step 3: Making solubility predictions...
Running server_prediction_seq_export.pl...
✓ server_prediction_seq_export.pl completed successfully
✓ Predictions generated

Step 4: Calculating sequence properties...
Running seq_props_ALL_export.pl...
✓ seq_props_ALL_export.pl completed successfully
✓ Sequence properties calculated

Step 5: Gathering profiles...
Running profiles_gather_export.pl...
✓ profiles_gather_export.pl completed successfully
✓ Profiles gathered

Step 6: Creating CSV output...
✓ CSV output saved to seqs.fa-protein_sol.csv

Step 7: Cleaning up intermediate files...
✓ Cleanup completed

============================================================
Prediction Results:
============================================================
ID                   percent-sol     scaled-sol      population-sol  pI        
--------------------------------------------------------------------------------
>seed_111            88.029          0.767           0.446           3.850     
>seed_112            84.676          0.736           0.446           3.900     
>seed_113            84.676          0.736           0.446           4.270     
>seed_114            96.067          0.841           0.446           4.320     
>seed_115            79.227          0.685           0.446           5.020     
>seed_116            85.738          0.745           0.446           3.770     
>seed_117            79.227          0.685           0.446           4.730     
>seed_118            98.330          0.862           0.446           3.200     
>seed_119            87.351          0.760           0.446           4.550     
>seed_120            96.040          0.841           0.446           4.040     
>seed_121            98.330          0.862           0.446           4.410     
>seed_122            83.763          0.727           0.446           4.730     
>seed_123            104.255         0.917           0.446           4.040     
>seed_124            93.127          0.814           0.446           4.500     
>seed_125            96.067          0.841           0.446           4.130     
>seed_126            89.466          0.780           0.446           4.210     
>seed_127            84.086          0.730           0.446           3.770     
>seed_128            75.684          0.652           0.446           4.950     
>seed_129            88.029          0.767           0.446           3.750     
>seed_130            96.067          0.841           0.446           3.750     

============================================================
Pipeline completed successfully!
============================================================

Output files in /data/nfs/IC/baokun_yu/ConfuMPNN/code/output/finetune_v3_validate/1UBQ/t2_neg:
  - seqs.fa-protein_sol.csv              : CSV with ID, sequence, and metrics
  - seqs.fa-protein_sol_prediction.txt : Main prediction results
  - seqs.fa-protein_sol_composition.txt: Sequence composition data
  - seqs.fa-protein_sol.log        : Detailed execution log

  t2_neg sol DONE

============================================================
Starting Protein-Sol Prediction Pipeline
Input: code/output/finetune_v3_validate/1UBQ/t2_ph/seqs.fa
Working directory: /data/nfs/IC/baokun_yu/ConfuMPNN/protein_sol_mcp/scripts/protein-sol
============================================================

Step 1: Reformatting FASTA file...
Running fasta_seq_reformat_export.pl...
✓ fasta_seq_reformat_export.pl completed successfully
✓ Original file backed up to input.fasta_ORIGINAL

Step 2: Calculating sequence composition...
Running seq_compositions_perc_pipeline_export.pl...
✓ seq_compositions_perc_pipeline_export.pl completed successfully
✓ Composition data saved to seq_composition.txt

Step 3: Making solubility predictions...
Running server_prediction_seq_export.pl...
✓ server_prediction_seq_export.pl completed successfully
✓ Predictions generated

Step 4: Calculating sequence properties...
Running seq_props_ALL_export.pl...
✓ seq_props_ALL_export.pl completed successfully
✓ Sequence properties calculated

Step 5: Gathering profiles...
Running profiles_gather_export.pl...
✓ profiles_gather_export.pl completed successfully
✓ Profiles gathered

Step 6: Creating CSV output...
✓ CSV output saved to seqs.fa-protein_sol.csv

Step 7: Cleaning up intermediate files...
✓ Cleanup completed

============================================================
Prediction Results:
============================================================
ID                   percent-sol     scaled-sol      population-sol  pI        
--------------------------------------------------------------------------------
>seed_111            85.090          0.739           0.446           3.660     
>seed_112            75.035          0.646           0.446           4.730     
>seed_113            75.035          0.646           0.446           7.200     
>seed_114            75.684          0.652           0.446           5.800     
>seed_115            84.676          0.736           0.446           4.810     
>seed_116            88.029          0.767           0.446           3.940     
>seed_117            75.035          0.646           0.446           7.180     
>seed_118            88.029          0.767           0.446           3.390     
>seed_119            75.684          0.652           0.446           5.050     
>seed_120            90.432          0.789           0.446           4.120     
>seed_121            75.035          0.646           0.446           7.160     
>seed_122            68.897          0.590           0.446           9.330     
>seed_123            79.348          0.686           0.446           9.520     
>seed_124            76.287          0.658           0.446           4.820     
>seed_125            75.035          0.646           0.446           5.120     
>seed_126            88.678          0.773           0.446           4.300     
>seed_127            66.202          0.565           0.446           9.530     
>seed_128            84.676          0.736           0.446           10.050    
>seed_129            75.035          0.646           0.446           7.100     
>seed_130            90.056          0.785           0.446           3.820     

============================================================
Pipeline completed successfully!
============================================================

Output files in /data/nfs/IC/baokun_yu/ConfuMPNN/code/output/finetune_v3_validate/1UBQ/t2_ph:
  - seqs.fa-protein_sol.csv              : CSV with ID, sequence, and metrics
  - seqs.fa-protein_sol_prediction.txt : Main prediction results
  - seqs.fa-protein_sol_composition.txt: Sequence composition data
  - seqs.fa-protein_sol.log        : Detailed execution log

  t2_ph sol DONE

============================================================
Starting Protein-Sol Prediction Pipeline
Input: code/output/finetune_v3_validate/1UBQ/t2_pos/seqs.fa
Working directory: /data/nfs/IC/baokun_yu/ConfuMPNN/protein_sol_mcp/scripts/protein-sol
============================================================

Step 1: Reformatting FASTA file...
Running fasta_seq_reformat_export.pl...
✓ fasta_seq_reformat_export.pl completed successfully
✓ Original file backed up to input.fasta_ORIGINAL

Step 2: Calculating sequence composition...
Running seq_compositions_perc_pipeline_export.pl...
✓ seq_compositions_perc_pipeline_export.pl completed successfully
✓ Composition data saved to seq_composition.txt

Step 3: Making solubility predictions...
Running server_prediction_seq_export.pl...
✓ server_prediction_seq_export.pl completed successfully
✓ Predictions generated

Step 4: Calculating sequence properties...
Running seq_props_ALL_export.pl...
✓ seq_props_ALL_export.pl completed successfully
✓ Sequence properties calculated

Step 5: Gathering profiles...
Running profiles_gather_export.pl...
✓ profiles_gather_export.pl completed successfully
✓ Profiles gathered

Step 6: Creating CSV output...
✓ CSV output saved to seqs.fa-protein_sol.csv

Step 7: Cleaning up intermediate files...
✓ Cleanup completed

============================================================
Prediction Results:
============================================================
ID                   percent-sol     scaled-sol      population-sol  pI        
--------------------------------------------------------------------------------
>seed_111            88.029          0.767           0.446           10.320    
>seed_112            79.227          0.685           0.446           9.800     
>seed_113            75.035          0.646           0.446           9.560     
>seed_114            75.035          0.646           0.446           7.310     
>seed_115            85.090          0.739           0.446           10.190    
>seed_116            81.891          0.710           0.446           10.310    
>seed_117            88.029          0.767           0.446           10.380    
>seed_118            84.676          0.736           0.446           4.510     
>seed_119            94.579          0.827           0.446           10.220    
>seed_120            79.013          0.683           0.446           9.590     
>seed_121            76.347          0.658           0.446           9.500     
>seed_122            81.736          0.708           0.446           9.860     
>seed_123            84.462          0.734           0.446           9.820     
>seed_124            76.287          0.658           0.446           9.740     
>seed_125            87.657          0.763           0.446           10.040    
>seed_126            73.737          0.634           0.446           9.620     
>seed_127            75.141          0.647           0.446           11.780    
>seed_128            88.029          0.767           0.446           10.710    
>seed_129            79.227          0.685           0.446           9.990     
>seed_130            81.549          0.707           0.446           5.220     

============================================================
Pipeline completed successfully!
============================================================

Output files in /data/nfs/IC/baokun_yu/ConfuMPNN/code/output/finetune_v3_validate/1UBQ/t2_pos:
  - seqs.fa-protein_sol.csv              : CSV with ID, sequence, and metrics
  - seqs.fa-protein_sol_prediction.txt : Main prediction results
  - seqs.fa-protein_sol_composition.txt: Sequence composition data
  - seqs.fa-protein_sol.log        : Detailed execution log

  t2_pos sol DONE

============================================================
Starting Protein-Sol Prediction Pipeline
Input: code/output/finetune_v3_validate/2LZM/t1_base/seqs.fa
Working directory: /data/nfs/IC/baokun_yu/ConfuMPNN/protein_sol_mcp/scripts/protein-sol
============================================================

Step 1: Reformatting FASTA file...
Running fasta_seq_reformat_export.pl...
✓ fasta_seq_reformat_export.pl completed successfully
✓ Original file backed up to input.fasta_ORIGINAL

Step 2: Calculating sequence composition...
Running seq_compositions_perc_pipeline_export.pl...
✓ seq_compositions_perc_pipeline_export.pl completed successfully
✓ Composition data saved to seq_composition.txt

Step 3: Making solubility predictions...
Running server_prediction_seq_export.pl...
✓ server_prediction_seq_export.pl completed successfully
✓ Predictions generated

Step 4: Calculating sequence properties...
Running seq_props_ALL_export.pl...
✓ seq_props_ALL_export.pl completed successfully
✓ Sequence properties calculated

Step 5: Gathering profiles...
Running profiles_gather_export.pl...
✓ profiles_gather_export.pl completed successfully
✓ Profiles gathered

Step 6: Creating CSV output...
✓ CSV output saved to seqs.fa-protein_sol.csv

Step 7: Cleaning up intermediate files...
✓ Cleanup completed

============================================================
Prediction Results:
============================================================
ID                   percent-sol     scaled-sol      population-sol  pI        
--------------------------------------------------------------------------------
>seed_111            67.837          0.580           0.446           11.240    
>seed_112            65.297          0.556           0.446           11.160    
>seed_113            75.141          0.647           0.446           11.680    
>seed_114            73.976          0.637           0.446           11.800    
>seed_115            73.812          0.635           0.446           10.970    
>seed_116            67.837          0.580           0.446           11.800    
>seed_117            74.386          0.640           0.446           10.760    
>seed_118            71.754          0.616           0.446           11.530    
>seed_119            72.920          0.627           0.446           10.950    
>seed_120            58.601          0.494           0.446           11.670    
>seed_121            65.134          0.555           0.446           11.310    
>seed_122            65.871          0.562           0.446           11.040    
>seed_123            65.134          0.555           0.446           11.250    
>seed_124            66.707          0.569           0.446           10.500    
>seed_125            65.868          0.561           0.446           11.460    
>seed_126            80.043          0.693           0.446           11.470    
>seed_127            81.156          0.703           0.446           11.160    
>seed_128            73.976          0.637           0.446           11.480    
>seed_129            73.164          0.629           0.446           10.290    
>seed_130            73.976          0.637           0.446           11.550    

============================================================
Pipeline completed successfully!
============================================================

Output files in /data/nfs/IC/baokun_yu/ConfuMPNN/code/output/finetune_v3_validate/2LZM/t1_base:
  - seqs.fa-protein_sol.csv              : CSV with ID, sequence, and metrics
  - seqs.fa-protein_sol_prediction.txt : Main prediction results
  - seqs.fa-protein_sol_composition.txt: Sequence composition data
  - seqs.fa-protein_sol.log        : Detailed execution log

  t1_base sol DONE

============================================================
Starting Protein-Sol Prediction Pipeline
Input: code/output/finetune_v3_validate/2LZM/t1_cond/seqs.fa
Working directory: /data/nfs/IC/baokun_yu/ConfuMPNN/protein_sol_mcp/scripts/protein-sol
============================================================

Step 1: Reformatting FASTA file...
Running fasta_seq_reformat_export.pl...
✓ fasta_seq_reformat_export.pl completed successfully
✓ Original file backed up to input.fasta_ORIGINAL

Step 2: Calculating sequence composition...
Running seq_compositions_perc_pipeline_export.pl...
✓ seq_compositions_perc_pipeline_export.pl completed successfully
✓ Composition data saved to seq_composition.txt

Step 3: Making solubility predictions...
Running server_prediction_seq_export.pl...
✓ server_prediction_seq_export.pl completed successfully
✓ Predictions generated

Step 4: Calculating sequence properties...
Running seq_props_ALL_export.pl...
✓ seq_props_ALL_export.pl completed successfully
✓ Sequence properties calculated

Step 5: Gathering profiles...
Running profiles_gather_export.pl...
✓ profiles_gather_export.pl completed successfully
✓ Profiles gathered

Step 6: Creating CSV output...
✓ CSV output saved to seqs.fa-protein_sol.csv

Step 7: Cleaning up intermediate files...
✓ Cleanup completed

============================================================
Prediction Results:
============================================================
ID                   percent-sol     scaled-sol      population-sol  pI        
--------------------------------------------------------------------------------
>seed_111            68.384          0.585           0.446           11.650    
>seed_112            59.729          0.505           0.446           11.470    
>seed_113            66.160          0.564           0.446           11.010    
>seed_114            69.784          0.598           0.446           11.000    
>seed_115            65.134          0.555           0.446           11.210    
>seed_116            63.168          0.537           0.446           11.330    
>seed_117            71.754          0.616           0.446           11.490    
>seed_118            62.043          0.526           0.446           9.950     
>seed_119            84.643          0.735           0.446           10.400    
>seed_120            62.432          0.530           0.446           11.670    
>seed_121            54.074          0.452           0.446           10.140    
>seed_122            69.052          0.591           0.446           11.850    
>seed_123            78.023          0.674           0.446           10.340    
>seed_124            70.129          0.601           0.446           11.570    
>seed_125            65.134          0.555           0.446           10.870    
>seed_126            67.837          0.580           0.446           11.960    
>seed_127            75.759          0.653           0.446           10.160    
>seed_128            73.976          0.637           0.446           11.270    
>seed_129            75.141          0.647           0.446           11.870    
>seed_130            73.976          0.637           0.446           11.700    

============================================================
Pipeline completed successfully!
============================================================

Output files in /data/nfs/IC/baokun_yu/ConfuMPNN/code/output/finetune_v3_validate/2LZM/t1_cond:
  - seqs.fa-protein_sol.csv              : CSV with ID, sequence, and metrics
  - seqs.fa-protein_sol_prediction.txt : Main prediction results
  - seqs.fa-protein_sol_composition.txt: Sequence composition data
  - seqs.fa-protein_sol.log        : Detailed execution log

  t1_cond sol DONE

============================================================
Starting Protein-Sol Prediction Pipeline
Input: code/output/finetune_v3_validate/2LZM/t2_neg/seqs.fa
Working directory: /data/nfs/IC/baokun_yu/ConfuMPNN/protein_sol_mcp/scripts/protein-sol
============================================================

Step 1: Reformatting FASTA file...
Running fasta_seq_reformat_export.pl...
✓ fasta_seq_reformat_export.pl completed successfully
✓ Original file backed up to input.fasta_ORIGINAL

Step 2: Calculating sequence composition...
Running seq_compositions_perc_pipeline_export.pl...
✓ seq_compositions_perc_pipeline_export.pl completed successfully
✓ Composition data saved to seq_composition.txt

Step 3: Making solubility predictions...
Running server_prediction_seq_export.pl...
✓ server_prediction_seq_export.pl completed successfully
✓ Predictions generated

Step 4: Calculating sequence properties...
Running seq_props_ALL_export.pl...
✓ seq_props_ALL_export.pl completed successfully
✓ Sequence properties calculated

Step 5: Gathering profiles...
Running profiles_gather_export.pl...
✓ profiles_gather_export.pl completed successfully
✓ Profiles gathered

Step 6: Creating CSV output...
✓ CSV output saved to seqs.fa-protein_sol.csv

Step 7: Cleaning up intermediate files...
✓ Cleanup completed

============================================================
Prediction Results:
============================================================
ID                   percent-sol     scaled-sol      population-sol  pI        
--------------------------------------------------------------------------------
>seed_111            60.711          0.514           0.446           10.410    
>seed_112            59.223          0.500           0.446           11.130    
>seed_113            67.837          0.580           0.446           10.910    
>seed_114            71.754          0.616           0.446           11.740    
>seed_115            58.787          0.496           0.446           11.140    
>seed_116            69.784          0.598           0.446           11.390    
>seed_117            68.066          0.582           0.446           10.320    
>seed_118            71.273          0.612           0.446           11.090    
>seed_119            58.743          0.496           0.446           10.380    
>seed_120            54.846          0.459           0.446           10.660    
>seed_121            52.140          0.434           0.446           9.530     
>seed_122            57.394          0.483           0.446           10.480    
>seed_123            52.140          0.434           0.446           9.290     
>seed_124            55.681          0.467           0.446           10.070    
>seed_125            52.954          0.442           0.446           9.910     
>seed_126            65.794          0.561           0.446           10.510    
>seed_127            77.035          0.665           0.446           10.020    
>seed_128            61.820          0.524           0.446           10.770    
>seed_129            50.174          0.416           0.446           9.680     
>seed_130            67.375          0.575           0.446           10.530    

============================================================
Pipeline completed successfully!
============================================================

Output files in /data/nfs/IC/baokun_yu/ConfuMPNN/code/output/finetune_v3_validate/2LZM/t2_neg:
  - seqs.fa-protein_sol.csv              : CSV with ID, sequence, and metrics
  - seqs.fa-protein_sol_prediction.txt : Main prediction results
  - seqs.fa-protein_sol_composition.txt: Sequence composition data
  - seqs.fa-protein_sol.log        : Detailed execution log

  t2_neg sol DONE

============================================================
Starting Protein-Sol Prediction Pipeline
Input: code/output/finetune_v3_validate/2LZM/t2_ph/seqs.fa
Working directory: /data/nfs/IC/baokun_yu/ConfuMPNN/protein_sol_mcp/scripts/protein-sol
============================================================

Step 1: Reformatting FASTA file...
Running fasta_seq_reformat_export.pl...
✓ fasta_seq_reformat_export.pl completed successfully
✓ Original file backed up to input.fasta_ORIGINAL

Step 2: Calculating sequence composition...
Running seq_compositions_perc_pipeline_export.pl...
✓ seq_compositions_perc_pipeline_export.pl completed successfully
✓ Composition data saved to seq_composition.txt

Step 3: Making solubility predictions...
Running server_prediction_seq_export.pl...
✓ server_prediction_seq_export.pl completed successfully
✓ Predictions generated

Step 4: Calculating sequence properties...
Running seq_props_ALL_export.pl...
✓ seq_props_ALL_export.pl completed successfully
✓ Sequence properties calculated

Step 5: Gathering profiles...
Running profiles_gather_export.pl...
✓ profiles_gather_export.pl completed successfully
✓ Profiles gathered

Step 6: Creating CSV output...
✓ CSV output saved to seqs.fa-protein_sol.csv

Step 7: Cleaning up intermediate files...
✓ Cleanup completed

============================================================
Prediction Results:
============================================================
ID                   percent-sol     scaled-sol      population-sol  pI        
--------------------------------------------------------------------------------
>seed_111            65.402          0.557           0.446           7.240     
>seed_112            60.981          0.516           0.446           5.210     
>seed_113            65.012          0.554           0.446           6.380     
>seed_114            59.497          0.503           0.446           9.740     
>seed_115            52.687          0.439           0.446           9.760     
>seed_116            60.981          0.516           0.446           9.640     
>seed_117            76.534          0.660           0.446           10.180    
>seed_118            51.491          0.428           0.446           9.950     
>seed_119            56.041          0.471           0.446           4.660     
>seed_120            56.220          0.472           0.446           5.810     
>seed_121            55.681          0.467           0.446           4.590     
>seed_122            50.652          0.421           0.446           6.360     
>seed_123            63.181          0.537           0.446           5.940     
>seed_124            58.874          0.497           0.446           5.960     
>seed_125            57.134          0.481           0.446           9.610     
>seed_126            57.394          0.483           0.446           5.330     
>seed_127            73.200          0.629           0.446           4.920     
>seed_128            58.279          0.491           0.446           7.910     
>seed_129            63.521          0.540           0.446           8.040     
>seed_130            55.390          0.465           0.446           5.770     

============================================================
Pipeline completed successfully!
============================================================

Output files in /data/nfs/IC/baokun_yu/ConfuMPNN/code/output/finetune_v3_validate/2LZM/t2_ph:
  - seqs.fa-protein_sol.csv              : CSV with ID, sequence, and metrics
  - seqs.fa-protein_sol_prediction.txt : Main prediction results
  - seqs.fa-protein_sol_composition.txt: Sequence composition data
  - seqs.fa-protein_sol.log        : Detailed execution log

  t2_ph sol DONE

============================================================
Starting Protein-Sol Prediction Pipeline
Input: code/output/finetune_v3_validate/2LZM/t2_pos/seqs.fa
Working directory: /data/nfs/IC/baokun_yu/ConfuMPNN/protein_sol_mcp/scripts/protein-sol
============================================================

Step 1: Reformatting FASTA file...
Running fasta_seq_reformat_export.pl...
✓ fasta_seq_reformat_export.pl completed successfully
✓ Original file backed up to input.fasta_ORIGINAL

Step 2: Calculating sequence composition...
Running seq_compositions_perc_pipeline_export.pl...
✓ seq_compositions_perc_pipeline_export.pl completed successfully
✓ Composition data saved to seq_composition.txt

Step 3: Making solubility predictions...
Running server_prediction_seq_export.pl...
✓ server_prediction_seq_export.pl completed successfully
✓ Predictions generated

Step 4: Calculating sequence properties...
Running seq_props_ALL_export.pl...
✓ seq_props_ALL_export.pl completed successfully
✓ Sequence properties calculated

Step 5: Gathering profiles...
Running profiles_gather_export.pl...
✓ profiles_gather_export.pl completed successfully
✓ Profiles gathered

Step 6: Creating CSV output...
✓ CSV output saved to seqs.fa-protein_sol.csv

Step 7: Cleaning up intermediate files...
✓ Cleanup completed

============================================================
Prediction Results:
============================================================
ID                   percent-sol     scaled-sol      population-sol  pI        
--------------------------------------------------------------------------------
>seed_111            65.134          0.555           0.446           11.980    
>seed_112            58.054          0.489           0.446           11.700    
>seed_113            79.499          0.688           0.446           11.990    
>seed_114            75.141          0.647           0.446           12.130    
>seed_115            75.320          0.649           0.446           11.420    
>seed_116            69.549          0.596           0.446           12.210    
>seed_117            68.932          0.590           0.446           11.220    
>seed_118            67.837          0.580           0.446           11.450    
>seed_119            74.620          0.643           0.446           11.040    
>seed_120            61.972          0.525           0.446           11.780    
>seed_121            67.837          0.580           0.446           11.430    
>seed_122            76.459          0.660           0.446           11.300    
>seed_123            70.891          0.608           0.446           11.520    
>seed_124            72.920          0.627           0.446           10.970    
>seed_125            77.004          0.665           0.446           11.260    
>seed_126            72.920          0.627           0.446           11.800    
>seed_127            84.228          0.731           0.446           11.210    
>seed_128            86.864          0.756           0.446           11.170    
>seed_129            71.490          0.614           0.446           10.420    
>seed_130            69.052          0.591           0.446           11.120    

============================================================
Pipeline completed successfully!
============================================================

Output files in /data/nfs/IC/baokun_yu/ConfuMPNN/code/output/finetune_v3_validate/2LZM/t2_pos:
  - seqs.fa-protein_sol.csv              : CSV with ID, sequence, and metrics
  - seqs.fa-protein_sol_prediction.txt : Main prediction results
  - seqs.fa-protein_sol_composition.txt: Sequence composition data
  - seqs.fa-protein_sol.log        : Detailed execution log

  t2_pos sol DONE
=== [4/4] TemBERTure Tm（confumpnn-temberture，HF_HUB_OFFLINE=1）===
/home/baokun_yu/miniconda3/envs/confumpnn-temberture/lib/python3.10/site-packages/transformers/utils/generic.py:441: FutureWarning: `torch.utils._pytree._register_pytree_node` is deprecated. Please use `torch.utils._pytree.register_pytree_node` instead.
  _torch_pytree._register_pytree_node(
/home/baokun_yu/miniconda3/envs/confumpnn-temberture/lib/python3.10/site-packages/transformers/utils/generic.py:441: FutureWarning: `torch.utils._pytree._register_pytree_node` is deprecated. Please use `torch.utils._pytree.register_pytree_node` instead.
  _torch_pytree._register_pytree_node(
/home/baokun_yu/miniconda3/envs/confumpnn-temberture/lib/python3.10/site-packages/transformers/utils/generic.py:441: FutureWarning: `torch.utils._pytree._register_pytree_node` is deprecated. Please use `torch.utils._pytree.register_pytree_node` instead.
  _torch_pytree._register_pytree_node(
/home/baokun_yu/miniconda3/envs/confumpnn-temberture/lib/python3.10/site-packages/transformers/utils/generic.py:441: FutureWarning: `torch.utils._pytree._register_pytree_node` is deprecated. Please use `torch.utils._pytree.register_pytree_node` instead.
  _torch_pytree._register_pytree_node(
/home/baokun_yu/miniconda3/envs/confumpnn-temberture/lib/python3.10/site-packages/transformers/utils/generic.py:441: FutureWarning: `torch.utils._pytree._register_pytree_node` is deprecated. Please use `torch.utils._pytree.register_pytree_node` instead.
  _torch_pytree._register_pytree_node(
/home/baokun_yu/miniconda3/envs/confumpnn-temberture/lib/python3.10/site-packages/transformers/utils/generic.py:441: FutureWarning: `torch.utils._pytree._register_pytree_node` is deprecated. Please use `torch.utils._pytree.register_pytree_node` instead.
  _torch_pytree._register_pytree_node(
/home/baokun_yu/miniconda3/envs/confumpnn-temberture/lib/python3.10/site-packages/transformers/utils/generic.py:441: FutureWarning: `torch.utils._pytree._register_pytree_node` is deprecated. Please use `torch.utils._pytree.register_pytree_node` instead.
  _torch_pytree._register_pytree_node(
/home/baokun_yu/miniconda3/envs/confumpnn-temberture/lib/python3.10/site-packages/transformers/utils/generic.py:441: FutureWarning: `torch.utils._pytree._register_pytree_node` is deprecated. Please use `torch.utils._pytree.register_pytree_node` instead.
  _torch_pytree._register_pytree_node(
/home/baokun_yu/miniconda3/envs/confumpnn-temberture/lib/python3.10/site-packages/transformers/utils/generic.py:441: FutureWarning: `torch.utils._pytree._register_pytree_node` is deprecated. Please use `torch.utils._pytree.register_pytree_node` instead.
  _torch_pytree._register_pytree_node(
/home/baokun_yu/miniconda3/envs/confumpnn-temberture/lib/python3.10/site-packages/transformers/utils/generic.py:441: FutureWarning: `torch.utils._pytree._register_pytree_node` is deprecated. Please use `torch.utils._pytree.register_pytree_node` instead.
  _torch_pytree._register_pytree_node(
/home/baokun_yu/miniconda3/envs/confumpnn-temberture/lib/python3.10/site-packages/transformers/utils/generic.py:441: FutureWarning: `torch.utils._pytree._register_pytree_node` is deprecated. Please use `torch.utils._pytree.register_pytree_node` instead.
  _torch_pytree._register_pytree_node(
/home/baokun_yu/miniconda3/envs/confumpnn-temberture/lib/python3.10/site-packages/transformers/utils/generic.py:441: FutureWarning: `torch.utils._pytree._register_pytree_node` is deprecated. Please use `torch.utils._pytree.register_pytree_node` instead.
  _torch_pytree._register_pytree_node(
/home/baokun_yu/miniconda3/envs/confumpnn-temberture/lib/python3.10/site-packages/transformers/utils/generic.py:441: FutureWarning: `torch.utils._pytree._register_pytree_node` is deprecated. Please use `torch.utils._pytree.register_pytree_node` instead.
  _torch_pytree._register_pytree_node(
/home/baokun_yu/miniconda3/envs/confumpnn-temberture/lib/python3.10/site-packages/transformers/utils/generic.py:441: FutureWarning: `torch.utils._pytree._register_pytree_node` is deprecated. Please use `torch.utils._pytree.register_pytree_node` instead.
  _torch_pytree._register_pytree_node(
/home/baokun_yu/miniconda3/envs/confumpnn-temberture/lib/python3.10/site-packages/transformers/utils/generic.py:441: FutureWarning: `torch.utils._pytree._register_pytree_node` is deprecated. Please use `torch.utils._pytree.register_pytree_node` instead.
  _torch_pytree._register_pytree_node(
/home/baokun_yu/miniconda3/envs/confumpnn-temberture/lib/python3.10/site-packages/transformers/utils/generic.py:441: FutureWarning: `torch.utils._pytree._register_pytree_node` is deprecated. Please use `torch.utils._pytree.register_pytree_node` instead.
  _torch_pytree._register_pytree_node(
/home/baokun_yu/miniconda3/envs/confumpnn-temberture/lib/python3.10/site-packages/transformers/utils/generic.py:441: FutureWarning: `torch.utils._pytree._register_pytree_node` is deprecated. Please use `torch.utils._pytree.register_pytree_node` instead.
  _torch_pytree._register_pytree_node(
/home/baokun_yu/miniconda3/envs/confumpnn-temberture/lib/python3.10/site-packages/transformers/utils/generic.py:309: FutureWarning: `torch.utils._pytree._register_pytree_node` is deprecated. Please use `torch.utils._pytree.register_pytree_node` instead.
  _torch_pytree._register_pytree_node(
/home/baokun_yu/miniconda3/envs/confumpnn-temberture/lib/python3.10/site-packages/transformers/utils/generic.py:441: FutureWarning: `torch.utils._pytree._register_pytree_node` is deprecated. Please use `torch.utils._pytree.register_pytree_node` instead.
  _torch_pytree._register_pytree_node(
/home/baokun_yu/miniconda3/envs/confumpnn-temberture/lib/python3.10/site-packages/transformers/utils/generic.py:441: FutureWarning: `torch.utils._pytree._register_pytree_node` is deprecated. Please use `torch.utils._pytree.register_pytree_node` instead.
  _torch_pytree._register_pytree_node(
加载 replica1...
/home/baokun_yu/miniconda3/envs/confumpnn-temberture/lib/python3.10/site-packages/transformers/utils/generic.py:309: FutureWarning: `torch.utils._pytree._register_pytree_node` is deprecated. Please use `torch.utils._pytree.register_pytree_node` instead.
  _torch_pytree._register_pytree_node(
/home/baokun_yu/miniconda3/envs/confumpnn-temberture/lib/python3.10/site-packages/transformers/utils/generic.py:309: FutureWarning: `torch.utils._pytree._register_pytree_node` is deprecated. Please use `torch.utils._pytree.register_pytree_node` instead.
  _torch_pytree._register_pytree_node(
/home/baokun_yu/miniconda3/envs/confumpnn-temberture/lib/python3.10/site-packages/transformers/utils/generic.py:309: FutureWarning: `torch.utils._pytree._register_pytree_node` is deprecated. Please use `torch.utils._pytree.register_pytree_node` instead.
  _torch_pytree._register_pytree_node(
/home/baokun_yu/miniconda3/envs/confumpnn-temberture/lib/python3.10/site-packages/transformers/utils/generic.py:309: FutureWarning: `torch.utils._pytree._register_pytree_node` is deprecated. Please use `torch.utils._pytree.register_pytree_node` instead.
  _torch_pytree._register_pytree_node(
/home/baokun_yu/miniconda3/envs/confumpnn-temberture/lib/python3.10/site-packages/transformers/utils/generic.py:309: FutureWarning: `torch.utils._pytree._register_pytree_node` is deprecated. Please use `torch.utils._pytree.register_pytree_node` instead.
  _torch_pytree._register_pytree_node(
/home/baokun_yu/miniconda3/envs/confumpnn-temberture/lib/python3.10/site-packages/transformers/utils/generic.py:309: FutureWarning: `torch.utils._pytree._register_pytree_node` is deprecated. Please use `torch.utils._pytree.register_pytree_node` instead.
  _torch_pytree._register_pytree_node(
/home/baokun_yu/miniconda3/envs/confumpnn-temberture/lib/python3.10/site-packages/transformers/utils/generic.py:309: FutureWarning: `torch.utils._pytree._register_pytree_node` is deprecated. Please use `torch.utils._pytree.register_pytree_node` instead.
  _torch_pytree._register_pytree_node(
/home/baokun_yu/miniconda3/envs/confumpnn-temberture/lib/python3.10/site-packages/transformers/utils/generic.py:309: FutureWarning: `torch.utils._pytree._register_pytree_node` is deprecated. Please use `torch.utils._pytree.register_pytree_node` instead.
  _torch_pytree._register_pytree_node(
/home/baokun_yu/miniconda3/envs/confumpnn-temberture/lib/python3.10/site-packages/transformers/utils/generic.py:309: FutureWarning: `torch.utils._pytree._register_pytree_node` is deprecated. Please use `torch.utils._pytree.register_pytree_node` instead.
  _torch_pytree._register_pytree_node(
/home/baokun_yu/miniconda3/envs/confumpnn-temberture/lib/python3.10/site-packages/transformers/utils/generic.py:309: FutureWarning: `torch.utils._pytree._register_pytree_node` is deprecated. Please use `torch.utils._pytree.register_pytree_node` instead.
  _torch_pytree._register_pytree_node(
加载 replica1...
/home/baokun_yu/miniconda3/envs/confumpnn-temberture/lib/python3.10/site-packages/transformers/utils/generic.py:309: FutureWarning: `torch.utils._pytree._register_pytree_node` is deprecated. Please use `torch.utils._pytree.register_pytree_node` instead.
  _torch_pytree._register_pytree_node(
/home/baokun_yu/miniconda3/envs/confumpnn-temberture/lib/python3.10/site-packages/transformers/utils/generic.py:309: FutureWarning: `torch.utils._pytree._register_pytree_node` is deprecated. Please use `torch.utils._pytree.register_pytree_node` instead.
  _torch_pytree._register_pytree_node(
/home/baokun_yu/miniconda3/envs/confumpnn-temberture/lib/python3.10/site-packages/transformers/utils/generic.py:309: FutureWarning: `torch.utils._pytree._register_pytree_node` is deprecated. Please use `torch.utils._pytree.register_pytree_node` instead.
  _torch_pytree._register_pytree_node(
/home/baokun_yu/miniconda3/envs/confumpnn-temberture/lib/python3.10/site-packages/transformers/utils/generic.py:309: FutureWarning: `torch.utils._pytree._register_pytree_node` is deprecated. Please use `torch.utils._pytree.register_pytree_node` instead.
  _torch_pytree._register_pytree_node(
加载 replica1...
/home/baokun_yu/miniconda3/envs/confumpnn-temberture/lib/python3.10/site-packages/transformers/utils/generic.py:309: FutureWarning: `torch.utils._pytree._register_pytree_node` is deprecated. Please use `torch.utils._pytree.register_pytree_node` instead.
  _torch_pytree._register_pytree_node(
加载 replica1...
/home/baokun_yu/miniconda3/envs/confumpnn-temberture/lib/python3.10/site-packages/transformers/utils/generic.py:309: FutureWarning: `torch.utils._pytree._register_pytree_node` is deprecated. Please use `torch.utils._pytree.register_pytree_node` instead.
  _torch_pytree._register_pytree_node(
/home/baokun_yu/miniconda3/envs/confumpnn-temberture/lib/python3.10/site-packages/transformers/utils/generic.py:309: FutureWarning: `torch.utils._pytree._register_pytree_node` is deprecated. Please use `torch.utils._pytree.register_pytree_node` instead.
  _torch_pytree._register_pytree_node(
/home/baokun_yu/miniconda3/envs/confumpnn-temberture/lib/python3.10/site-packages/transformers/utils/generic.py:309: FutureWarning: `torch.utils._pytree._register_pytree_node` is deprecated. Please use `torch.utils._pytree.register_pytree_node` instead.
  _torch_pytree._register_pytree_node(
加载 replica1...
加载 replica1...
加载 replica1...
加载 replica1...
加载 replica1...
加载 replica1...
加载 replica1...
加载 replica1...
加载 replica1...
加载 replica1...
加载 replica1...
加载 replica1...
加载 replica1...
加载 replica1...
加载 replica1...
/home/baokun_yu/miniconda3/envs/confumpnn-temberture/lib/python3.10/site-packages/transformers/utils/generic.py:441: FutureWarning: `torch.utils._pytree._register_pytree_node` is deprecated. Please use `torch.utils._pytree.register_pytree_node` instead.
  _torch_pytree._register_pytree_node(
/home/baokun_yu/miniconda3/envs/confumpnn-temberture/lib/python3.10/site-packages/transformers/utils/generic.py:309: FutureWarning: `torch.utils._pytree._register_pytree_node` is deprecated. Please use `torch.utils._pytree.register_pytree_node` instead.
  _torch_pytree._register_pytree_node(
加载 replica1...
加载 replica2...
加载 replica2...
加载 replica2...
加载 replica2...
加载 replica2...
加载 replica2...
加载 replica2...
加载 replica2...
加载 replica2...
加载 replica2...
加载 replica2...
加载 replica2...
加载 replica2...
加载 replica2...
加载 replica2...
加载 replica2...
加载 replica2...
加载 replica2...
加载 replica2...
加载 replica2...
加载 replica3...
加载 replica3...
加载 replica3...
加载 replica3...
加载 replica3...
加载 replica3...
加载 replica3...
加载 replica3...
加载 replica3...
加载 replica3...
加载 replica3...
加载 replica3...
加载 replica3...
加载 replica3...
加载 replica3...
加载 replica3...
加载 replica3...
加载 replica3...
加载 replica3...
加载 replica3...
批量模式：找到 1 个 seqs.fa
  0%|          | 0/1 [00:00<?, ?it/s]批量模式：找到 1 个 seqs.fa
  0%|          | 0/1 [00:00<?, ?it/s]批量模式：找到 1 个 seqs.fa
批量模式：找到 1 个 seqs.fa
  0%|          | 0/1 [00:00<?, ?it/s]批量模式：找到 1 个 seqs.fa
  0%|          | 0/1 [00:00<?, ?it/s]  0%|          | 0/1 [00:00<?, ?it/s]批量模式：找到 1 个 seqs.fa
  0%|          | 0/1 [00:00<?, ?it/s]批量模式：找到 1 个 seqs.fa
批量模式：找到 1 个 seqs.fa
  0%|          | 0/1 [00:00<?, ?it/s]批量模式：找到 1 个 seqs.fa
批量模式：找到 1 个 seqs.fa
  0%|          | 0/1 [00:00<?, ?it/s]  0%|          | 0/1 [00:00<?, ?it/s]批量模式：找到 1 个 seqs.fa
  0%|          | 0/1 [00:00<?, ?it/s]  0%|          | 0/1 [00:00<?, ?it/s]批量模式：找到 1 个 seqs.fa
  0%|          | 0/1 [00:00<?, ?it/s]100%|██████████| 1/1 [00:01<00:00,  1.13s/it]100%|██████████| 1/1 [00:01<00:00,  1.13s/it]
Predicted melting temperature: [53.73771286010742]
  0%|          | 0/1 [00:00<?, ?it/s]100%|██████████| 1/1 [00:01<00:00,  1.05s/it]100%|██████████| 1/1 [00:01<00:00,  1.05s/it]
Predicted melting temperature: [55.522098541259766]
  0%|          | 0/1 [00:00<?, ?it/s]100%|██████████| 1/1 [00:01<00:00,  1.10s/it]100%|██████████| 1/1 [00:01<00:00,  1.10s/it]
Predicted melting temperature: [63.342594146728516]
  0%|          | 0/1 [00:00<?, ?it/s]100%|██████████| 1/1 [00:01<00:00,  1.17s/it]100%|██████████| 1/1 [00:01<00:00,  1.17s/it]
Predicted melting temperature: [54.90066146850586]
  0%|          | 0/1 [00:00<?, ?it/s]100%|██████████| 1/1 [00:01<00:00,  1.15s/it]100%|██████████| 1/1 [00:01<00:00,  1.15s/it]100%|██████████| 1/1 [00:00<00:00,  3.00it/s]
100%|██████████| 1/1 [00:00<00:00,  2.93it/s]
Predicted melting temperature: [61.88179397583008]
Predicted melting temperature: [68.28360748291016]
  0%|          | 0/1 [00:00<?, ?it/s]  0%|          | 0/1 [00:00<?, ?it/s]100%|██████████| 1/1 [00:01<00:00,  1.13s/it]100%|██████████| 1/1 [00:01<00:00,  1.14s/it]
Predicted melting temperature: [49.55440139770508]
  0%|          | 0/1 [00:00<?, ?it/s]100%|██████████| 1/1 [00:01<00:00,  1.25s/it]100%|██████████| 1/1 [00:01<00:00,  1.25s/it]
Predicted melting temperature: [78.60719299316406]
  0%|          | 0/1 [00:00<?, ?it/s]100%|██████████| 1/1 [00:00<00:00,  3.47it/s]100%|██████████| 1/1 [00:00<00:00,  3.46it/s]
100%|██████████| 1/1 [00:01<00:00,  1.18s/it]100%|██████████| 1/1 [00:01<00:00,  1.18s/it]
Predicted melting temperature: [57.28444290161133]
Predicted melting temperature: [55.852996826171875]
100%|██████████| 1/1 [00:01<00:00,  1.17s/it]  0%|          | 0/1 [00:00<?, ?it/s]  0%|          | 0/1 [00:00<?, ?it/s]100%|██████████| 1/1 [00:01<00:00,  1.17s/it]
Predicted melting temperature: [53.14664840698242]
  0%|          | 0/1 [00:00<?, ?it/s]100%|██████████| 1/1 [00:01<00:00,  1.25s/it]100%|██████████| 1/1 [00:01<00:00,  1.25s/it]
100%|██████████| 1/1 [00:01<00:00,  1.08s/it]100%|██████████| 1/1 [00:01<00:00,  1.08s/it]
Predicted melting temperature: [51.94255447387695]
Predicted melting temperature: [74.41944885253906]
  0%|          | 0/1 [00:00<?, ?it/s]  0%|          | 0/1 [00:00<?, ?it/s]100%|██████████| 1/1 [00:01<00:00,  1.28s/it]100%|██████████| 1/1 [00:01<00:00,  1.28s/it]
Predicted melting temperature: [69.43878936767578]
  0%|          | 0/1 [00:00<?, ?it/s]100%|██████████| 1/1 [00:00<00:00,  2.72it/s]100%|██████████| 1/1 [00:00<00:00,  2.71it/s]
Predicted melting temperature: [69.46754455566406]
  0%|          | 0/1 [00:00<?, ?it/s]100%|██████████| 1/1 [00:00<00:00,  3.34it/s]100%|██████████| 1/1 [00:00<00:00,  3.34it/s]
100%|██████████| 1/1 [00:00<00:00,  4.29it/s]100%|██████████| 1/1 [00:00<00:00,  4.20it/s]
Predicted melting temperature: [61.25642776489258]
  seed_111 arm=t2_pos pH=7.4 target=+2.0 c   Tm=57.54  replicas=[55.5, 55.9, 61.3]
100%|██████████| 1/1 [00:00<00:00,  2.94it/s]Predicted melting temperature: [69.27245330810547]
100%|██████████| 1/1 [00:00<00:00,  2.89it/s]
  0%|          | 0/1 [00:00<?, ?it/s]100%|██████████| 1/1 [00:00<00:00,  3.18it/s]100%|██████████| 1/1 [00:00<00:00,  5.15it/s]Predicted melting temperature: [69.88131713867188]
  0%|          | 0/1 [00:00<?, ?it/s]100%|██████████| 1/1 [00:00<00:00,  3.15it/s]
  0%|          | 0/1 [00:00<?, ?it/s]100%|██████████| 1/1 [00:00<00:00,  5.11it/s]
Predicted melting temperature: [45.187721252441406]
  seed_111 arm=t1_cond pH=7.4 target=+9.0    Tm=55.74  replicas=[53.7, 68.3, 45.2]
100%|██████████| 1/1 [00:00<00:00,  3.34it/s]  0%|          | 0/1 [00:00<?, ?it/s]Predicted melting temperature: [55.22319793701172]
100%|██████████| 1/1 [00:00<00:00,  3.25it/s]  0%|          | 0/1 [00:00<?, ?it/s]
Predicted melting temperature: [54.02198791503906]
  0%|          | 0/1 [00:00<?, ?it/s]100%|██████████| 1/1 [00:00<00:00,  2.89it/s]100%|██████████| 1/1 [00:00<00:00,  2.88it/s]批量模式：找到 1 个 seqs.fa

100%|██████████| 1/1 [00:00<00:00,  2.57it/s]Predicted melting temperature: [72.32598876953125]
100%|██████████| 1/1 [00:00<00:00,  2.55it/s]
  0%|          | 0/1 [00:00<?, ?it/s]  0%|          | 0/1 [00:00<?, ?it/s]100%|██████████| 1/1 [00:00<00:00,  2.82it/s]Predicted melting temperature: [75.46524810791016]
100%|██████████| 1/1 [00:00<00:00,  2.80it/s]
  0%|          | 0/1 [00:00<?, ?it/s]Predicted melting temperature: [64.832763671875]
  0%|          | 0/1 [00:00<?, ?it/s]100%|██████████| 1/1 [00:00<00:00,  3.93it/s]100%|██████████| 1/1 [00:00<00:00,  3.92it/s]
Predicted melting temperature: [56.3641242980957]
  seed_111 arm=t1_cond pH=7.4 target=+0.0    Tm=63.06  replicas=[63.3, 69.5, 56.4]
  0%|          | 0/1 [00:00<?, ?it/s]100%|██████████| 1/1 [00:00<00:00,  4.69it/s]100%|██████████| 1/1 [00:00<00:00,  4.68it/s]
Predicted melting temperature: [60.83829879760742]
  seed_111 arm=t2_ph pH=7.4 target=均值占位 ch   Tm=56.00  replicas=[51.9, 55.2, 60.8]
  0%|          | 0/1 [00:00<?, ?it/s]100%|██████████| 1/1 [00:00<00:00,  4.04it/s]100%|██████████| 1/1 [00:00<00:00,  4.02it/s]
100%|██████████| 1/1 [00:00<00:00,  4.34it/s]Predicted melting temperature: [54.0410041809082]
  seed_111 arm=t2_neg pH=7.4 target=-5.0 c   Tm=61.73  replicas=[61.9, 69.3, 54.0]
100%|██████████| 1/1 [00:00<00:00,  4.33it/s]
Predicted melting temperature: [62.13139343261719]
  seed_111 arm=t1_cond pH=7.4 target=-1.0    Tm=55.24  replicas=[49.6, 54.0, 62.1]
  0%|          | 0/1 [00:00<?, ?it/s]  0%|          | 0/1 [00:00<?, ?it/s]100%|██████████| 1/1 [00:00<00:00,  3.80it/s]100%|██████████| 1/1 [00:00<00:00,  3.78it/s]
Predicted melting temperature: [53.57016372680664]
  0%|          | 0/1 [00:00<?, ?it/s]100%|██████████| 1/1 [00:00<00:00,  3.54it/s]100%|██████████| 1/1 [00:00<00:00,  3.45it/s]
Predicted melting temperature: [63.2414665222168]
  seed_111 arm=t2_neg pH=7.4 target=+4.0 c   Tm=62.67  replicas=[54.9, 69.9, 63.2]
100%|██████████| 1/1 [00:00<00:00,  3.41it/s]100%|██████████| 1/1 [00:00<00:00,  3.35it/s]
Predicted melting temperature: [48.93240737915039]
  0%|          | 0/1 [00:00<?, ?it/s]  0%|          | 0/1 [00:00<?, ?it/s]100%|██████████| 1/1 [00:00<00:00,  2.16it/s]100%|██████████| 1/1 [00:00<00:00,  2.15it/s]
Predicted melting temperature: [75.96823120117188]
  0%|          | 0/1 [00:00<?, ?it/s]100%|██████████| 1/1 [00:00<00:00,  1.72it/s]100%|██████████| 1/1 [00:00<00:00,  1.72it/s]
批量模式：找到 1 个 seqs.fa
Predicted melting temperature: [78.33258056640625]
  0%|          | 0/1 [00:00<?, ?it/s]  0%|          | 0/1 [00:00<?, ?it/s]批量模式：找到 1 个 seqs.fa
批量模式：找到 1 个 seqs.fa
  0%|          | 0/1 [00:00<?, ?it/s]100%|██████████| 1/1 [00:00<00:00,  3.02it/s]  0%|          | 0/1 [00:00<?, ?it/s]100%|██████████| 1/1 [00:00<00:00,  2.94it/s]100%|██████████| 1/1 [00:00<00:00,  4.73it/s]
100%|██████████| 1/1 [00:00<00:00,  4.59it/s]
Predicted melting temperature: [58.946842193603516]
  seed_111 arm=t1_base pH=7.4 target=+9.0    Tm=62.85  replicas=[57.3, 72.3, 58.9]
Predicted melting temperature: [47.7039794921875]
  0%|          | 0/1 [00:00<?, ?it/s]  0%|          | 0/1 [00:00<?, ?it/s]100%|██████████| 1/1 [00:00<00:00,  3.43it/s]100%|██████████| 1/1 [00:00<00:00,  3.43it/s]
100%|██████████| 1/1 [00:00<00:00,  4.06it/s]100%|██████████| 1/1 [00:00<00:00,  2.73it/s]100%|██████████| 1/1 [00:00<00:00,  4.06it/s]100%|██████████| 1/1 [00:00<00:00,  3.93it/s]
100%|██████████| 1/1 [00:00<00:00,  4.06it/s]
100%|██████████| 1/1 [00:00<00:00,  2.68it/s]
Predicted melting temperature: [61.90486145019531]
Predicted melting temperature: [49.84407043457031]
  seed_111 arm=t2_ph pH=7.4 target=均值占位 ch   Tm=55.94  replicas=[53.1, 64.8, 49.8]
  0%|          | 0/1 [00:00<?, ?it/s]批量模式：找到 1 个 seqs.fa
Predicted melting temperature: [51.35206985473633]
Predicted melting temperature: [63.13923645019531]
  0%|          | 0/1 [00:00<?, ?it/s]  0%|          | 0/1 [00:00<?, ?it/s]  0%|          | 0/1 [00:00<?, ?it/s]  0%|          | 0/1 [00:00<?, ?it/s]100%|██████████| 1/1 [00:00<00:00,  3.76it/s]100%|██████████| 1/1 [00:00<00:00,  3.76it/s]
100%|██████████| 1/1 [00:00<00:00,  2.30it/s]Predicted melting temperature: [73.79427337646484]
100%|██████████| 1/1 [00:00<00:00,  2.28it/s]
  0%|          | 0/1 [00:00<?, ?it/s]Predicted melting temperature: [70.2772445678711]
  seed_111 arm=t2_pos pH=7.4 target=+11.0    Tm=74.78  replicas=[78.6, 75.5, 70.3]
  0%|          | 0/1 [00:00<?, ?it/s]100%|██████████| 1/1 [00:00<00:00,  3.16it/s]100%|██████████| 1/1 [00:00<00:00,  3.15it/s]
Predicted melting temperature: [52.10121154785156]
  0%|          | 0/1 [00:00<?, ?it/s]100%|██████████| 1/1 [00:00<00:00,  2.58it/s]100%|██████████| 1/1 [00:00<00:00,  2.58it/s]
100%|██████████| 1/1 [00:00<00:00,  3.93it/s]Predicted melting temperature: [58.70112609863281]
  seed_111 arm=t1_cond pH=7.4 target=+8.0    Tm=68.04  replicas=[69.4, 76.0, 58.7]
100%|██████████| 1/1 [00:00<00:00,  3.89it/s]
Predicted melting temperature: [59.63551330566406]
  0%|          | 0/1 [00:00<?, ?it/s]  0%|          | 0/1 [00:00<?, ?it/s]100%|██████████| 1/1 [00:00<00:00,  4.49it/s]100%|██████████| 1/1 [00:00<00:00,  4.48it/s]
Predicted melting temperature: [54.37518310546875]
  0%|          | 0/1 [00:00<?, ?it/s]100%|██████████| 1/1 [00:00<00:00,  2.54it/s]100%|██████████| 1/1 [00:00<00:00,  2.54it/s]
Predicted melting temperature: [63.37850570678711]
  seed_111 arm=t2_neg pH=7.4 target=+3.0 c   Tm=72.04  replicas=[74.4, 78.3, 63.4]
  0%|          | 0/1 [00:00<?, ?it/s]100%|██████████| 1/1 [00:00<00:00,  3.61it/s]100%|██████████| 1/1 [00:00<00:00,  3.50it/s]
100%|██████████| 1/1 [00:00<00:00,  2.95it/s]Predicted melting temperature: [66.08209228515625]
100%|██████████| 1/1 [00:00<00:00,  2.91it/s]
  0%|          | 0/1 [00:00<?, ?it/s]Predicted melting temperature: [52.75631332397461]
  0%|          | 0/1 [00:00<?, ?it/s]100%|██████████| 1/1 [00:00<00:00,  3.06it/s]100%|██████████| 1/1 [00:00<00:00,  3.06it/s]批量模式：找到 1 个 seqs.fa

Predicted melting temperature: [51.97251510620117]
  0%|          | 0/1 [00:00<?, ?it/s]  0%|          | 0/1 [00:00<?, ?it/s]100%|██████████| 1/1 [00:00<00:00,  2.61it/s]100%|██████████| 1/1 [00:00<00:00,  2.61it/s]
100%|██████████| 1/1 [00:00<00:00,  2.97it/s]100%|██████████| 1/1 [00:00<00:00,  2.89it/s]Predicted melting temperature: [67.52542877197266]

Predicted melting temperature: [65.6973648071289]
  seed_112 arm=t1_cond pH=7.4 target=+9.0    Tm=64.35  replicas=[53.6, 73.8, 65.7]
  0%|          | 0/1 [00:00<?, ?it/s]批量模式：找到 1 个 seqs.fa
  0%|          | 0/1 [00:00<?, ?it/s]  0%|          | 0/1 [00:00<?, ?it/s]100%|██████████| 1/1 [00:00<00:00,  4.16it/s]100%|██████████| 1/1 [00:00<00:00,  4.16it/s]
Predicted melting temperature: [54.372093200683594]
  seed_112 arm=t2_ph pH=7.4 target=均值占位 ch   Tm=53.90  replicas=[47.7, 59.6, 54.4]
100%|██████████| 1/1 [00:00<00:00,  2.46it/s]100%|██████████| 1/1 [00:00<00:00,  2.41it/s]
  0%|          | 0/1 [00:00<?, ?it/s]Predicted melting temperature: [70.71051025390625]
  0%|          | 0/1 [00:00<?, ?it/s]100%|██████████| 1/1 [00:00<00:00,  2.97it/s]100%|██████████| 1/1 [00:00<00:00,  2.97it/s]
Predicted melting temperature: [66.33989715576172]
  0%|          | 0/1 [00:00<?, ?it/s]100%|██████████| 1/1 [00:00<00:00,  4.09it/s]100%|██████████| 1/1 [00:00<00:00,  4.00it/s]
Predicted melting temperature: [56.5058479309082]
  seed_112 arm=t2_neg pH=7.4 target=-5.0 c   Tm=61.91  replicas=[63.1, 66.1, 56.5]
100%|██████████| 1/1 [00:00<00:00,  1.30it/s]100%|██████████| 1/1 [00:00<00:00,  3.16it/s]100%|██████████| 1/1 [00:00<00:00,  1.29it/s]100%|██████████| 1/1 [00:00<00:00,  3.11it/s]

Predicted melting temperature: [64.15196228027344]
  seed_112 arm=t1_cond pH=7.4 target=-1.0    Tm=56.63  replicas=[51.4, 54.4, 64.2]
  0%|          | 0/1 [00:00<?, ?it/s]Predicted melting temperature: [56.0618896484375]
  0%|          | 0/1 [00:00<?, ?it/s]  0%|          | 0/1 [00:00<?, ?it/s]100%|██████████| 1/1 [00:00<00:00,  2.31it/s]100%|██████████| 1/1 [00:00<00:00,  2.31it/s]
100%|██████████| 1/1 [00:00<00:00,  2.93it/s]100%|██████████| 1/1 [00:00<00:00,  2.87it/s]
Predicted melting temperature: [56.22978973388672]
  0%|          | 0/1 [00:00<?, ?it/s]Predicted melting temperature: [70.67267608642578]
  0%|          | 0/1 [00:00<?, ?it/s]100%|██████████| 1/1 [00:00<00:00,  2.46it/s]100%|██████████| 1/1 [00:00<00:00,  2.46it/s]
Predicted melting temperature: [80.3388442993164]
  0%|          | 0/1 [00:00<?, ?it/s]100%|██████████| 1/1 [00:00<00:00,  3.17it/s]100%|██████████| 1/1 [00:00<00:00,  3.17it/s]
Predicted melting temperature: [54.38262939453125]
  0%|          | 0/1 [00:00<?, ?it/s]100%|██████████| 1/1 [00:00<00:00,  3.92it/s]100%|██████████| 1/1 [00:00<00:00,  2.56it/s]100%|██████████| 1/1 [00:00<00:00,  2.47it/s]批量模式：找到 1 个 seqs.fa
100%|██████████| 1/1 [00:00<00:00,  3.57it/s]100%|██████████| 1/1 [00:00<00:00,  3.62it/s]100%|██████████| 1/1 [00:00<00:00,  2.87it/s]100%|██████████| 1/1 [00:00<00:00,  2.37it/s]100%|██████████| 1/1 [00:00<00:00,  3.18it/s]100%|██████████| 1/1 [00:00<00:00,  1.69it/s]100%|██████████| 1/1 [00:00<00:00,  2.11it/s]
100%|██████████| 1/1 [00:00<00:00,  2.66it/s]
100%|██████████| 1/1 [00:00<00:00,  2.44it/s]
100%|██████████| 1/1 [00:00<00:00,  1.78it/s]
100%|██████████| 1/1 [00:00<00:00,  2.71it/s]

Predicted melting temperature: [46.59555435180664]
  seed_112 arm=t2_neg pH=7.4 target=+4.0 c   Tm=55.01  replicas=[52.1, 66.3, 46.6]
100%|██████████| 1/1 [00:00<00:00,  2.07it/s]
Predicted melting temperature: [55.23126983642578]
  seed_112 arm=t1_cond pH=7.4 target=+0.0    Tm=61.55  replicas=[61.9, 67.5, 55.2]
100%|██████████| 1/1 [00:00<00:00,  2.70it/s]
Predicted melting temperature: [56.56372833251953]
  seed_112 arm=t2_pos pH=7.4 target=+2.0 c   Tm=53.85  replicas=[48.9, 56.1, 56.6]
  0%|          | 0/1 [00:00<?, ?it/s]Predicted melting temperature: [65.95814514160156]
Predicted melting temperature: [49.58327102661133]
  0%|          | 0/1 [00:00<?, ?it/s]Predicted melting temperature: [74.61808013916016]
  0%|          | 0/1 [00:00<?, ?it/s]Predicted melting temperature: [62.07010269165039]
  0%|          | 0/1 [00:00<?, ?it/s]Predicted melting temperature: [42.19618606567383]
  0%|          | 0/1 [00:00<?, ?it/s]  0%|          | 0/1 [00:00<?, ?it/s]  0%|          | 0/1 [00:00<?, ?it/s]  0%|          | 0/1 [00:00<?, ?it/s]100%|██████████| 1/1 [00:00<00:00,  3.13it/s]100%|██████████| 1/1 [00:00<00:00,  3.11it/s]  0%|          | 0/1 [00:00<?, ?it/s]
Predicted melting temperature: [49.486026763916016]
  seed_112 arm=t1_base pH=7.4 target=+9.0    Tm=52.82  replicas=[52.8, 56.2, 49.5]
  0%|          | 0/1 [00:00<?, ?it/s]100%|██████████| 1/1 [00:01<00:00,  1.55s/it]100%|██████████| 1/1 [00:01<00:00,  1.55s/it]
100%|██████████| 1/1 [00:00<00:00,  2.12it/s]Predicted melting temperature: [72.83881378173828]
100%|██████████| 1/1 [00:00<00:00,  2.10it/s]
  0%|          | 0/1 [00:00<?, ?it/s]Predicted melting temperature: [74.8522720336914]
  0%|          | 0/1 [00:00<?, ?it/s]100%|██████████| 1/1 [00:00<00:00,  2.01it/s]100%|██████████| 1/1 [00:00<00:00,  2.01it/s]
Predicted melting temperature: [78.53163146972656]
  0%|          | 0/1 [00:00<?, ?it/s]100%|██████████| 1/1 [00:00<00:00,  3.48it/s]100%|██████████| 1/1 [00:00<00:00,  3.48it/s]100%|██████████| 1/1 [00:01<00:00,  1.40s/it]100%|██████████| 1/1 [00:00<00:00,  2.94it/s]
100%|██████████| 1/1 [00:00<00:00,  2.94it/s]100%|██████████| 1/1 [00:00<00:00,  2.86it/s]100%|██████████| 1/1 [00:01<00:00,  1.34s/it]100%|██████████| 1/1 [00:00<00:00,  1.60it/s]100%|██████████| 1/1 [00:00<00:00,  2.61it/s]100%|██████████| 1/1 [00:00<00:00,  2.49it/s]100%|██████████| 1/1 [00:00<00:00,  2.62it/s]100%|██████████| 1/1 [00:01<00:00,  1.53s/it]100%|██████████| 1/1 [00:00<00:00,  2.18it/s]100%|██████████| 1/1 [00:01<00:00,  1.62s/it]100%|██████████| 1/1 [00:00<00:00,  2.46it/s]100%|██████████| 1/1 [00:00<00:00,  2.02it/s]100%|██████████| 1/1 [00:00<00:00,  2.19it/s]100%|██████████| 1/1 [00:00<00:00,  1.36it/s]100%|██████████| 1/1 [00:01<00:00,  1.41s/it]100%|██████████| 1/1 [00:01<00:00,  1.36s/it]100%|██████████| 1/1 [00:00<00:00,  1.17it/s]
100%|██████████| 1/1 [00:00<00:00,  1.17it/s]100%|██████████| 1/1 [00:00<00:00,  1.17it/s]100%|██████████| 1/1 [00:01<00:00,  1.85s/it]100%|██████████| 1/1 [00:01<00:00,  1.97s/it]
100%|██████████| 1/1 [00:01<00:00,  1.12s/it]
100%|██████████| 1/1 [00:00<00:00,  1.15it/s]
100%|██████████| 1/1 [00:00<00:00,  1.14it/s]
100%|██████████| 1/1 [00:00<00:00,  1.21it/s]
100%|██████████| 1/1 [00:01<00:00,  1.95s/it]
100%|██████████| 1/1 [00:00<00:00,  1.15it/s]100%|██████████| 1/1 [00:01<00:00,  1.95s/it]100%|██████████| 1/1 [00:00<00:00,  1.43it/s]
100%|██████████| 1/1 [00:00<00:00,  1.54it/s]
100%|██████████| 1/1 [00:00<00:00,  1.41it/s]



100%|██████████| 1/1 [00:00<00:00,  1.15it/s]100%|██████████| 1/1 [00:01<00:00,  1.47s/it]
100%|██████████| 1/1 [00:01<00:00,  1.51s/it]
Predicted melting temperature: [65.99174499511719]
  seed_112 arm=t1_cond pH=7.4 target=+8.0    Tm=70.51  replicas=[70.7, 74.9, 66.0]
Predicted melting temperature: [50.47183609008789]
Predicted melting temperature: [67.5157241821289]
  seed_112 arm=t2_neg pH=7.4 target=+3.0 c   Tm=75.46  replicas=[80.3, 78.5, 67.5]



Predicted melting temperature: [46.973121643066406]
  seed_112 arm=t2_ph pH=7.4 target=均值占位 ch   Tm=54.97  replicas=[52.0, 66.0, 47.0]
Predicted melting temperature: [64.70115661621094]
  seed_112 arm=t2_pos pH=7.4 target=+11.0    Tm=70.01  replicas=[70.7, 74.6, 64.7]
  0%|          | 0/1 [00:00<?, ?it/s]Predicted melting temperature: [51.94255447387695]
Predicted melting temperature: [57.94573974609375]
Predicted melting temperature: [67.17508697509766]
  0%|          | 0/1 [00:00<?, ?it/s]  0%|          | 0/1 [00:00<?, ?it/s]  0%|          | 0/1 [00:00<?, ?it/s]Predicted melting temperature: [61.121158599853516]
Predicted melting temperature: [51.031333923339844]
Predicted melting temperature: [71.33750915527344]
Predicted melting temperature: [56.66703796386719]
Predicted melting temperature: [65.46385192871094]
  0%|          | 0/1 [00:00<?, ?it/s]Predicted melting temperature: [64.9996109008789]
  0%|          | 0/1 [00:00<?, ?it/s]Predicted melting temperature: [76.58609771728516]
  0%|          | 0/1 [00:00<?, ?it/s]Predicted melting temperature: [62.4802131652832]
Predicted melting temperature: [56.88385009765625]
Predicted melting temperature: [60.462120056152344]
  0%|          | 0/1 [00:00<?, ?it/s]Predicted melting temperature: [65.04592895507812]
  0%|          | 0/1 [00:00<?, ?it/s]  0%|          | 0/1 [00:00<?, ?it/s]  0%|          | 0/1 [00:00<?, ?it/s]  0%|          | 0/1 [00:00<?, ?it/s]  0%|          | 0/1 [00:00<?, ?it/s]  0%|          | 0/1 [00:00<?, ?it/s]  0%|          | 0/1 [00:00<?, ?it/s]  0%|          | 0/1 [00:00<?, ?it/s]  0%|          | 0/1 [00:00<?, ?it/s]  0%|          | 0/1 [00:00<?, ?it/s]  0%|          | 0/1 [00:00<?, ?it/s]100%|██████████| 1/1 [00:00<00:00,  3.33it/s]100%|██████████| 1/1 [00:00<00:00,  3.33it/s]
Predicted melting temperature: [61.44268798828125]
  0%|          | 0/1 [00:00<?, ?it/s]100%|██████████| 1/1 [00:00<00:00,  3.20it/s]100%|██████████| 1/1 [00:00<00:00,  3.19it/s]
Predicted melting temperature: [55.22319793701172]
  0%|          | 0/1 [00:00<?, ?it/s]100%|██████████| 1/1 [00:00<00:00,  2.83it/s]100%|██████████| 1/1 [00:00<00:00,  2.83it/s]
100%|██████████| 1/1 [00:00<00:00,  2.76it/s]Predicted melting temperature: [56.55005645751953]
  seed_113 arm=t2_neg pH=7.4 target=-5.0 c   Tm=59.69  replicas=[62.1, 60.5, 56.6]
100%|██████████| 1/1 [00:00<00:00,  2.70it/s]
100%|██████████| 1/1 [00:00<00:00,  2.61it/s]100%|██████████| 1/1 [00:00<00:00,  2.67it/s]Predicted melting temperature: [53.14457321166992]
100%|██████████| 1/1 [00:00<00:00,  2.64it/s]  0%|          | 0/1 [00:00<?, ?it/s]100%|██████████| 1/1 [00:00<00:00,  2.58it/s]
100%|██████████| 1/1 [00:00<00:00,  2.63it/s]
  0%|          | 0/1 [00:00<?, ?it/s]Predicted melting temperature: [53.7558708190918]
  seed_113 arm=t2_ph pH=7.4 target=均值占位 ch   Tm=53.76  replicas=[49.6, 57.9, 53.8]
100%|██████████| 1/1 [00:00<00:00,  2.63it/s]
Predicted melting temperature: [73.06375885009766]
  0%|          | 0/1 [00:00<?, ?it/s]Predicted melting temperature: [57.787506103515625]
  0%|          | 0/1 [00:00<?, ?it/s]  0%|          | 0/1 [00:00<?, ?it/s]100%|██████████| 1/1 [00:01<00:00,  1.39s/it]100%|██████████| 1/1 [00:01<00:00,  1.39s/it]100%|██████████| 1/1 [00:00<00:00,  2.29it/s]
100%|██████████| 1/1 [00:00<00:00,  2.26it/s]
Predicted melting temperature: [61.868263244628906]
  seed_111 arm=t1_base pH=7.4 target=+8.0    Tm=70.43  replicas=[72.8, 76.6, 61.9]
  0%|          | 0/1 [00:00<?, ?it/s]Predicted melting temperature: [57.223201751708984]
  0%|          | 0/1 [00:00<?, ?it/s]100%|██████████| 1/1 [00:00<00:00,  2.16it/s]100%|██████████| 1/1 [00:00<00:00,  2.16it/s]
Predicted melting temperature: [70.80729675292969]
  0%|          | 0/1 [00:00<?, ?it/s]100%|██████████| 1/1 [00:00<00:00,  2.03it/s]100%|██████████| 1/1 [00:00<00:00,  2.01it/s]
100%|██████████| 1/1 [00:00<00:00,  2.02it/s]Predicted melting temperature: [64.26946258544922]
100%|██████████| 1/1 [00:00<00:00,  2.01it/s]  0%|          | 0/1 [00:00<?, ?it/s]
Predicted melting temperature: [68.71440887451172]
  0%|          | 0/1 [00:00<?, ?it/s]100%|██████████| 1/1 [00:00<00:00,  1.93it/s]100%|██████████| 1/1 [00:00<00:00,  1.93it/s]
Predicted melting temperature: [76.04571533203125]
  0%|          | 0/1 [00:00<?, ?it/s]100%|██████████| 1/1 [00:00<00:00,  4.00it/s]100%|██████████| 1/1 [00:00<00:00,  4.00it/s]
Predicted melting temperature: [60.83829879760742]
  seed_111 arm=t1_base pH=7.4 target=-1.0    Tm=56.00  replicas=[51.9, 55.2, 60.8]
  0%|          | 0/1 [00:00<?, ?it/s]100%|██████████| 1/1 [00:00<00:00,  1.63it/s]100%|██████████| 1/1 [00:00<00:00,  1.62it/s]
Predicted melting temperature: [67.40774536132812]
  0%|          | 0/1 [00:00<?, ?it/s]100%|██████████| 1/1 [00:00<00:00,  3.81it/s]100%|██████████| 1/1 [00:00<00:00,  3.80it/s]
Predicted melting temperature: [73.56690979003906]
  seed_111 arm=t2_pos pH=7.4 target=+12.0    Tm=69.70  replicas=[62.5, 73.1, 73.6]
  0%|          | 0/1 [00:00<?, ?it/s]100%|██████████| 1/1 [00:00<00:00,  1.47it/s]100%|██████████| 1/1 [00:00<00:00,  1.47it/s]
100%|██████████| 1/1 [00:00<00:00,  3.41it/s]Predicted melting temperature: [55.60295104980469]
  seed_113 arm=t1_cond pH=7.4 target=+9.0    Tm=60.44  replicas=[54.4, 71.3, 55.6]
100%|██████████| 1/1 [00:00<00:00,  3.35it/s]
100%|██████████| 1/1 [00:00<00:00,  3.33it/s]Predicted melting temperature: [62.67612838745117]
  0%|          | 0/1 [00:00<?, ?it/s]  0%|          | 0/1 [00:00<?, ?it/s]100%|██████████| 1/1 [00:00<00:00,  3.26it/s]100%|██████████| 1/1 [00:00<00:00,  3.13it/s]
Predicted melting temperature: [59.464813232421875]
  seed_113 arm=t1_cond pH=7.4 target=+0.0    Tm=60.91  replicas=[65.5, 57.8, 59.5]
100%|██████████| 1/1 [00:00<00:00,  3.09it/s]
100%|██████████| 1/1 [00:00<00:00,  4.72it/s]100%|██████████| 1/1 [00:00<00:00,  4.88it/s]100%|██████████| 1/1 [00:00<00:00,  4.66it/s]
100%|██████████| 1/1 [00:00<00:00,  4.84it/s]
Predicted melting temperature: [62.300758361816406]
  seed_111 arm=t2_pos pH=7.4 target=+3.0 c   Tm=64.58  replicas=[67.2, 64.3, 62.3]
Predicted melting temperature: [58.628013610839844]
  seed_111 arm=t1_base pH=7.4 target=+0.0    Tm=64.11  replicas=[65.0, 68.7, 58.6]
  0%|          | 0/1 [00:00<?, ?it/s]  0%|          | 0/1 [00:00<?, ?it/s]  0%|          | 0/1 [00:00<?, ?it/s]Predicted melting temperature: [65.43608856201172]
  0%|          | 0/1 [00:00<?, ?it/s]100%|██████████| 1/1 [00:00<00:00,  3.24it/s]100%|██████████| 1/1 [00:00<00:00,  3.23it/s]
100%|██████████| 1/1 [00:00<00:00,  1.32it/s]100%|██████████| 1/1 [00:00<00:00,  1.32it/s]
Predicted melting temperature: [59.046470642089844]
Predicted melting temperature: [76.20541381835938]
  0%|          | 0/1 [00:00<?, ?it/s]  0%|          | 0/1 [00:00<?, ?it/s]100%|██████████| 1/1 [00:00<00:00,  2.79it/s]100%|██████████| 1/1 [00:00<00:00,  2.79it/s]
Predicted melting temperature: [70.1324691772461]
  0%|          | 0/1 [00:00<?, ?it/s]100%|██████████| 1/1 [00:00<00:00,  1.16it/s]100%|██████████| 1/1 [00:00<00:00,  1.16it/s]100%|██████████| 1/1 [00:00<00:00,  3.78it/s]
100%|██████████| 1/1 [00:00<00:00,  1.15it/s]100%|██████████| 1/1 [00:00<00:00,  3.67it/s]100%|██████████| 1/1 [00:00<00:00,  1.15it/s]100%|██████████| 1/1 [00:00<00:00,  1.15it/s]
Predicted melting temperature: [76.13233947753906]

  0%|          | 0/1 [00:00<?, ?it/s]100%|██████████| 1/1 [00:00<00:00,  1.14it/s]Predicted melting temperature: [58.79994201660156]

  0%|          | 0/1 [00:00<?, ?it/s]Predicted melting temperature: [58.431907653808594]
  seed_113 arm=t1_cond pH=7.4 target=-1.0    Tm=52.50  replicas=[42.2, 56.9, 58.4]
Predicted melting temperature: [47.7039794921875]
  0%|          | 0/1 [00:00<?, ?it/s]  0%|          | 0/1 [00:00<?, ?it/s]100%|██████████| 1/1 [00:00<00:00,  3.82it/s]100%|██████████| 1/1 [00:00<00:00,  3.81it/s]
Predicted melting temperature: [52.31014633178711]
  0%|          | 0/1 [00:00<?, ?it/s]100%|██████████| 1/1 [00:00<00:00,  4.16it/s]100%|██████████| 1/1 [00:00<00:00,  4.15it/s]
100%|██████████| 1/1 [00:00<00:00,  3.59it/s]Predicted melting temperature: [67.51898956298828]
  0%|          | 0/1 [00:00<?, ?it/s]100%|██████████| 1/1 [00:00<00:00,  3.54it/s]
100%|██████████| 1/1 [00:00<00:00,  1.67it/s]100%|██████████| 1/1 [00:00<00:00,  1.65it/s]
100%|██████████| 1/1 [00:00<00:00,  3.71it/s]Predicted melting temperature: [54.331092834472656]
  0%|          | 0/1 [00:00<?, ?it/s]100%|██████████| 1/1 [00:00<00:00,  3.62it/s]Predicted melting temperature: [68.34547424316406]

  0%|          | 0/1 [00:00<?, ?it/s]100%|██████████| 1/1 [00:00<00:00,  1.40it/s]100%|██████████| 1/1 [00:00<00:00,  1.39it/s]Predicted melting temperature: [64.85166931152344]

Predicted melting temperature: [60.8609504699707]
  seed_113 arm=t2_pos pH=7.4 target=+2.0 c   Tm=57.59  replicas=[50.5, 61.4, 60.9]
  0%|          | 0/1 [00:00<?, ?it/s]  0%|          | 0/1 [00:00<?, ?it/s]100%|██████████| 1/1 [00:00<00:00,  3.35it/s]100%|██████████| 1/1 [00:00<00:00,  3.35it/s]
Predicted melting temperature: [58.83622360229492]
  seed_111 arm=t2_neg pH=7.4 target=-6.0 c   Tm=58.37  replicas=[57.2, 59.0, 58.8]
  0%|          | 0/1 [00:00<?, ?it/s]100%|██████████| 1/1 [00:00<00:00,  2.27it/s]100%|██████████| 1/1 [00:00<00:00,  2.27it/s]
100%|██████████| 1/1 [00:01<00:00,  1.18s/it]100%|██████████| 1/1 [00:01<00:00,  1.19s/it]
Predicted melting temperature: [67.38363647460938]
100%|██████████| 1/1 [00:00<00:00,  3.59it/s]Predicted melting temperature: [68.3223876953125]
  0%|          | 0/1 [00:00<?, ?it/s]  0%|          | 0/1 [00:00<?, ?it/s]100%|██████████| 1/1 [00:00<00:00,  3.53it/s]
100%|██████████| 1/1 [00:00<00:00,  1.39it/s]100%|██████████| 1/1 [00:00<00:00,  1.38it/s]Predicted melting temperature: [59.63551330566406]

100%|██████████| 1/1 [00:00<00:00,  1.94it/s]100%|██████████| 1/1 [00:00<00:00,  1.93it/s]
  0%|          | 0/1 [00:00<?, ?it/s]Predicted melting temperature: [75.17400360107422]
Predicted melting temperature: [67.464599609375]
  0%|          | 0/1 [00:00<?, ?it/s]  0%|          | 0/1 [00:00<?, ?it/s]100%|██████████| 1/1 [00:00<00:00,  2.10it/s]100%|██████████| 1/1 [00:00<00:00,  2.10it/s]100%|██████████| 1/1 [00:00<00:00,  2.32it/s]
100%|██████████| 1/1 [00:00<00:00,  1.92it/s]Predicted melting temperature: [53.962974548339844]
  seed_111 arm=t2_ph pH=7.4 target=均值占位 ch   Tm=65.07  replicas=[65.0, 76.2, 54.0]
100%|██████████| 1/1 [00:00<00:00,  2.29it/s]100%|██████████| 1/1 [00:00<00:00,  1.91it/s]

  0%|          | 0/1 [00:00<?, ?it/s]Predicted melting temperature: [70.9654769897461]
Predicted melting temperature: [74.21823120117188]
  0%|          | 0/1 [00:00<?, ?it/s]  0%|          | 0/1 [00:00<?, ?it/s]100%|██████████| 1/1 [00:00<00:00,  2.79it/s]100%|██████████| 1/1 [00:00<00:00,  2.79it/s]
Predicted melting temperature: [56.26066970825195]
  0%|          | 0/1 [00:00<?, ?it/s]100%|██████████| 1/1 [00:00<00:00,  3.08it/s]100%|██████████| 1/1 [00:00<00:00,  3.07it/s]
100%|██████████| 1/1 [00:00<00:00,  2.83it/s]Predicted melting temperature: [59.69554901123047]
  0%|          | 0/1 [00:00<?, ?it/s]100%|██████████| 1/1 [00:00<00:00,  2.78it/s]
100%|██████████| 1/1 [00:00<00:00,  1.37it/s]100%|██████████| 1/1 [00:00<00:00,  1.36it/s]
Predicted melting temperature: [73.5105209350586]
  0%|          | 0/1 [00:00<?, ?it/s]100%|██████████| 1/1 [00:00<00:00,  1.20it/s]Predicted melting temperature: [75.99064636230469]
  0%|          | 0/1 [00:00<?, ?it/s]100%|██████████| 1/1 [00:00<00:00,  1.20it/s]
Predicted melting temperature: [77.35791778564453]
  0%|          | 0/1 [00:00<?, ?it/s]100%|██████████| 1/1 [00:00<00:00,  3.30it/s]100%|██████████| 1/1 [00:00<00:00,  3.30it/s]100%|██████████| 1/1 [00:00<00:00,  2.55it/s]
100%|██████████| 1/1 [00:00<00:00,  2.51it/s]
Predicted melting temperature: [68.78363037109375]
Predicted melting temperature: [53.34144592285156]
  0%|          | 0/1 [00:00<?, ?it/s]  0%|          | 0/1 [00:00<?, ?it/s]100%|██████████| 1/1 [00:00<00:00,  4.34it/s]100%|██████████| 1/1 [00:00<00:00,  4.34it/s]
Predicted melting temperature: [57.12581253051758]
  seed_114 arm=t2_ph pH=7.4 target=均值占位 ch   Tm=62.42  replicas=[62.7, 67.5, 57.1]
  0%|          | 0/1 [00:00<?, ?it/s]100%|██████████| 1/1 [00:00<00:00,  3.76it/s]100%|██████████| 1/1 [00:00<00:00,  3.76it/s]100%|██████████| 1/1 [00:00<00:00,  3.30it/s]
Predicted melting temperature: [54.372093200683594]
  seed_112 arm=t1_base pH=7.4 target=-1.0    Tm=53.90  replicas=[47.7, 59.6, 54.4]
100%|██████████| 1/1 [00:00<00:00,  3.22it/s]
Predicted melting temperature: [69.88153839111328]
  0%|          | 0/1 [00:00<?, ?it/s]  0%|          | 0/1 [00:00<?, ?it/s]100%|██████████| 1/1 [00:00<00:00,  1.49it/s]100%|██████████| 1/1 [00:00<00:00,  1.49it/s]
Predicted melting temperature: [55.10906982421875]
  seed_113 arm=t1_base pH=7.4 target=+9.0    Tm=62.64  replicas=[56.7, 76.1, 55.1]
  0%|          | 0/1 [00:00<?, ?it/s]100%|██████████| 1/1 [00:00<00:00,  3.69it/s]100%|██████████| 1/1 [00:00<00:00,  3.69it/s]
Predicted melting temperature: [54.91224670410156]
  seed_112 arm=t2_pos pH=7.4 target=+12.0    Tm=54.49  replicas=[52.3, 56.3, 54.9]
  0%|          | 0/1 [00:00<?, ?it/s]100%|██████████| 1/1 [00:00<00:00,  1.63it/s]100%|██████████| 1/1 [00:00<00:00,  1.63it/s]
Predicted melting temperature: [54.49253845214844]
  seed_113 arm=t2_ph pH=7.4 target=均值占位 ch   Tm=58.66  replicas=[53.1, 68.3, 54.5]
  0%|          | 0/1 [00:00<?, ?it/s]100%|██████████| 1/1 [00:00<00:00,  4.48it/s]100%|██████████| 1/1 [00:00<00:00,  4.47it/s]
100%|██████████| 1/1 [00:00<00:00,  1.33it/s]Predicted melting temperature: [61.76511764526367]
  seed_112 arm=t2_pos pH=7.4 target=+3.0 c   Tm=65.13  replicas=[64.9, 68.8, 61.8]
100%|██████████| 1/1 [00:00<00:00,  1.32it/s]
  0%|          | 0/1 [00:00<?, ?it/s]Predicted melting temperature: [52.08175277709961]
  0%|          | 0/1 [00:00<?, ?it/s]100%|██████████| 1/1 [00:00<00:00,  2.71it/s]100%|██████████| 1/1 [00:00<00:00,  2.71it/s]
Predicted melting temperature: [53.34925842285156]
  seed_114 arm=t1_cond pH=7.4 target=+9.0    Tm=55.79  replicas=[54.3, 59.7, 53.3]
100%|██████████| 1/1 [00:00<00:00,  3.42it/s]100%|██████████| 1/1 [00:00<00:00,  3.40it/s]
100%|██████████| 1/1 [00:00<00:00,  2.75it/s]100%|██████████| 1/1 [00:00<00:00,  2.03it/s]  0%|          | 0/1 [00:00<?, ?it/s]Predicted melting temperature: [60.147457122802734]
100%|██████████| 1/1 [00:00<00:00,  2.69it/s]
Predicted melting temperature: [63.24053192138672]
  seed_112 arm=t1_base pH=7.4 target=+0.0    Tm=68.09  replicas=[67.5, 73.5, 63.2]
  0%|          | 0/1 [00:00<?, ?it/s]100%|██████████| 1/1 [00:00<00:00,  2.01it/s]100%|██████████| 1/1 [00:00<00:00,  1.17it/s]
100%|██████████| 1/1 [00:00<00:00,  1.17it/s]
Predicted melting temperature: [66.14716339111328]
  seed_113 arm=t2_pos pH=7.4 target=+11.0    Tm=70.71  replicas=[70.8, 75.2, 66.1]
100%|██████████| 1/1 [00:00<00:00,  1.40it/s]Predicted melting temperature: [46.28097915649414]
  seed_113 arm=t2_neg pH=7.4 target=+4.0 c   Tm=52.04  replicas=[51.0, 58.8, 46.3]
100%|██████████| 1/1 [00:00<00:00,  1.39it/s]  0%|          | 0/1 [00:00<?, ?it/s]
  0%|          | 0/1 [00:00<?, ?it/s]Predicted melting temperature: [49.833038330078125]
  0%|          | 0/1 [00:00<?, ?it/s]100%|██████████| 1/1 [00:00<00:00,  2.01it/s]100%|██████████| 1/1 [00:00<00:00,  1.99it/s]
  0%|          | 0/1 [00:00<?, ?it/s]Predicted melting temperature: [74.48130798339844]
  0%|          | 0/1 [00:00<?, ?it/s]100%|██████████| 1/1 [00:00<00:00,  3.49it/s]100%|██████████| 1/1 [00:00<00:00,  3.47it/s]100%|██████████| 1/1 [00:00<00:00,  3.16it/s]100%|██████████| 1/1 [00:00<00:00,  3.41it/s]100%|██████████| 1/1 [00:00<00:00,  3.12it/s]

100%|██████████| 1/1 [00:00<00:00,  3.40it/s]
Predicted melting temperature: [61.13139343261719]
  seed_114 arm=t1_cond pH=7.4 target=+0.0    Tm=66.13  replicas=[67.4, 69.9, 61.1]
Predicted melting temperature: [48.11279296875]
  0%|          | 0/1 [00:00<?, ?it/s]  0%|          | 0/1 [00:00<?, ?it/s]Predicted melting temperature: [49.58327102661133]
  0%|          | 0/1 [00:00<?, ?it/s]100%|██████████| 1/1 [00:00<00:00,  3.64it/s]100%|██████████| 1/1 [00:00<00:00,  3.64it/s]
Predicted melting temperature: [66.3728256225586]
  0%|          | 0/1 [00:00<?, ?it/s]100%|██████████| 1/1 [00:00<00:00,  1.64it/s]100%|██████████| 1/1 [00:00<00:00,  1.63it/s]
Predicted melting temperature: [55.863182067871094]
  seed_114 arm=t2_neg pH=7.4 target=-5.0 c   Tm=64.09  replicas=[65.4, 71.0, 55.9]
  0%|          | 0/1 [00:00<?, ?it/s]100%|██████████| 1/1 [00:00<00:00,  3.58it/s]100%|██████████| 1/1 [00:00<00:00,  3.58it/s]
100%|██████████| 1/1 [00:00<00:00,  1.47it/s]100%|██████████| 1/1 [00:00<00:00,  1.47it/s]
Predicted melting temperature: [58.58409118652344]
  seed_112 arm=t1_base pH=7.4 target=+8.0    Tm=67.64  replicas=[70.1, 74.2, 58.6]
Predicted melting temperature: [64.60384368896484]
  0%|          | 0/1 [00:00<?, ?it/s]  0%|          | 0/1 [00:00<?, ?it/s]100%|██████████| 1/1 [00:00<00:00,  1.58it/s]100%|██████████| 1/1 [00:00<00:00,  1.58it/s]
Predicted melting temperature: [64.05248260498047]
  seed_113 arm=t1_cond pH=7.4 target=+8.0    Tm=72.49  replicas=[76.0, 77.4, 64.1]
  0%|          | 0/1 [00:00<?, ?it/s]100%|██████████| 1/1 [00:00<00:00,  3.29it/s]100%|██████████| 1/1 [00:00<00:00,  3.27it/s]
Predicted melting temperature: [61.26335144042969]
  seed_112 arm=t2_neg pH=7.4 target=-6.0 c   Tm=58.25  replicas=[53.3, 60.1, 61.3]
100%|██████████| 1/1 [00:00<00:00,  3.46it/s]  0%|          | 0/1 [00:00<?, ?it/s]100%|██████████| 1/1 [00:00<00:00,  3.45it/s]
Predicted melting temperature: [62.38395690917969]
  0%|          | 0/1 [00:00<?, ?it/s]100%|██████████| 1/1 [00:00<00:00,  3.73it/s]100%|██████████| 1/1 [00:00<00:00,  3.10it/s]100%|██████████| 1/1 [00:00<00:00,  3.69it/s]
100%|██████████| 1/1 [00:00<00:00,  3.08it/s]
100%|██████████| 1/1 [00:00<00:00,  3.62it/s]Predicted melting temperature: [62.8348274230957]
Predicted melting temperature: [57.94573974609375]
100%|██████████| 1/1 [00:00<00:00,  2.54it/s]  0%|          | 0/1 [00:00<?, ?it/s]  0%|          | 0/1 [00:00<?, ?it/s]100%|██████████| 1/1 [00:00<00:00,  3.59it/s]
100%|██████████| 1/1 [00:00<00:00,  2.54it/s]Predicted melting temperature: [60.794918060302734]

  0%|          | 0/1 [00:00<?, ?it/s]Predicted melting temperature: [64.55303192138672]
  0%|          | 0/1 [00:00<?, ?it/s]100%|██████████| 1/1 [00:00<00:00,  1.84it/s]100%|██████████| 1/1 [00:00<00:00,  1.83it/s]
100%|██████████| 1/1 [00:00<00:00,  2.55it/s]100%|██████████| 1/1 [00:00<00:00,  2.51it/s]
Predicted melting temperature: [67.20600128173828]
  0%|          | 0/1 [00:00<?, ?it/s]Predicted melting temperature: [52.55257797241211]
  0%|          | 0/1 [00:00<?, ?it/s]100%|██████████| 1/1 [00:00<00:00,  1.23it/s]100%|██████████| 1/1 [00:00<00:00,  1.22it/s]100%|██████████| 1/1 [00:00<00:00,  3.35it/s]
100%|██████████| 1/1 [00:00<00:00,  3.31it/s]
Predicted melting temperature: [60.033050537109375]
  seed_113 arm=t2_neg pH=7.4 target=+3.0 c   Tm=67.81  replicas=[67.4, 76.0, 60.0]
Predicted melting temperature: [76.66508483886719]
  0%|          | 0/1 [00:00<?, ?it/s]  0%|          | 0/1 [00:00<?, ?it/s]100%|██████████| 1/1 [00:00<00:00,  1.63it/s]100%|██████████| 1/1 [00:00<00:00,  1.63it/s]
Predicted melting temperature: [70.73292541503906]
  0%|          | 0/1 [00:00<?, ?it/s]100%|██████████| 1/1 [00:00<00:00,  5.10it/s]100%|██████████| 1/1 [00:00<00:00,  5.09it/s]
Predicted melting temperature: [53.7558708190918]
  seed_113 arm=t1_base pH=7.4 target=-1.0    Tm=53.76  replicas=[49.6, 57.9, 53.8]
  0%|          | 0/1 [00:00<?, ?it/s]100%|██████████| 1/1 [00:00<00:00,  1.93it/s]100%|██████████| 1/1 [00:00<00:00,  1.93it/s]
Predicted melting temperature: [78.97245788574219]
  0%|          | 0/1 [00:00<?, ?it/s]100%|██████████| 1/1 [00:00<00:00,  1.82it/s]100%|██████████| 1/1 [00:00<00:00,  1.82it/s]
100%|██████████| 1/1 [00:00<00:00,  3.90it/s]100%|██████████| 1/1 [00:00<00:00,  1.82it/s]Predicted melting temperature: [75.1156005859375]
100%|██████████| 1/1 [00:00<00:00,  3.79it/s]
100%|██████████| 1/1 [00:00<00:00,  1.81it/s]  0%|          | 0/1 [00:00<?, ?it/s]
Predicted melting temperature: [61.48639678955078]
  0%|          | 0/1 [00:00<?, ?it/s]100%|██████████| 1/1 [00:00<00:00,  2.58it/s]Predicted melting temperature: [52.83293151855469]
100%|██████████| 1/1 [00:00<00:00,  3.26it/s]100%|██████████| 1/1 [00:00<00:00,  2.55it/s]
  0%|          | 0/1 [00:00<?, ?it/s]100%|██████████| 1/1 [00:00<00:00,  3.26it/s]
Predicted melting temperature: [63.768463134765625]
100%|██████████| 1/1 [00:01<00:00,  1.20s/it]  0%|          | 0/1 [00:00<?, ?it/s]100%|██████████| 1/1 [00:01<00:00,  1.20s/it]100%|██████████| 1/1 [00:00<00:00,  2.18it/s]Predicted melting temperature: [57.57728576660156]

  0%|          | 0/1 [00:00<?, ?it/s]Predicted melting temperature: [55.128883361816406]
  seed_111 arm=t2_ph pH=7.4 target=均值占位 ch   Tm=61.52  replicas=[61.1, 68.3, 55.1]
100%|██████████| 1/1 [00:00<00:00,  2.17it/s]
  0%|          | 0/1 [00:00<?, ?it/s]100%|██████████| 1/1 [00:00<00:00,  3.56it/s]100%|██████████| 1/1 [00:00<00:00,  3.55it/s]100%|██████████| 1/1 [00:00<00:00,  3.07it/s]
Predicted melting temperature: [60.43010330200195]
  seed_114 arm=t1_cond pH=7.4 target=-1.0    Tm=59.02  replicas=[52.1, 64.6, 60.4]
100%|██████████| 1/1 [00:00<00:00,  3.00it/s]
Predicted melting temperature: [61.96607208251953]
Predicted melting temperature: [53.27314376831055]
  seed_114 arm=t2_pos pH=7.4 target=+2.0 c   Tm=55.16  replicas=[49.8, 62.4, 53.3]
  0%|          | 0/1 [00:00<?, ?it/s]  0%|          | 0/1 [00:00<?, ?it/s]  0%|          | 0/1 [00:00<?, ?it/s]100%|██████████| 1/1 [00:00<00:00,  3.20it/s]100%|██████████| 1/1 [00:00<00:00,  3.20it/s]100%|██████████| 1/1 [00:00<00:00,  1.42it/s]
100%|██████████| 1/1 [00:00<00:00,  1.42it/s]
Predicted melting temperature: [59.1321907043457]
  0%|          | 0/1 [00:00<?, ?it/s]Predicted melting temperature: [78.04824829101562]
100%|██████████| 1/1 [00:00<00:00,  3.77it/s]  0%|          | 0/1 [00:00<?, ?it/s]100%|██████████| 1/1 [00:00<00:00,  3.72it/s]100%|██████████| 1/1 [00:00<00:00,  3.07it/s]
Predicted melting temperature: [62.41675567626953]
  seed_113 arm=t2_pos pH=7.4 target=+12.0    Tm=68.48  replicas=[66.4, 76.7, 62.4]
100%|██████████| 1/1 [00:00<00:00,  3.03it/s]
100%|██████████| 1/1 [00:00<00:00,  1.96it/s]100%|██████████| 1/1 [00:00<00:00,  2.52it/s]Predicted melting temperature: [63.82109069824219]
  0%|          | 0/1 [00:00<?, ?it/s]100%|██████████| 1/1 [00:00<00:00,  1.93it/s]  0%|          | 0/1 [00:00<?, ?it/s]100%|██████████| 1/1 [00:00<00:00,  2.50it/s]

Predicted melting temperature: [56.392433166503906]
  0%|          | 0/1 [00:00<?, ?it/s]Predicted melting temperature: [72.64860534667969]
  0%|          | 0/1 [00:00<?, ?it/s]100%|██████████| 1/1 [00:00<00:00,  1.90it/s]100%|██████████| 1/1 [00:00<00:00,  1.90it/s]
Predicted melting temperature: [77.24150085449219]
  0%|          | 0/1 [00:00<?, ?it/s]100%|██████████| 1/1 [00:00<00:00,  3.08it/s]100%|██████████| 1/1 [00:00<00:00,  3.08it/s]
100%|██████████| 1/1 [00:00<00:00,  4.21it/s]Predicted melting temperature: [79.06874084472656]
  0%|          | 0/1 [00:00<?, ?it/s]100%|██████████| 1/1 [00:00<00:00,  4.08it/s]
Predicted melting temperature: [56.47410202026367]
  seed_113 arm=t1_base pH=7.4 target=+0.0    Tm=60.27  replicas=[62.8, 61.5, 56.5]
  0%|          | 0/1 [00:00<?, ?it/s]100%|██████████| 1/1 [00:00<00:00,  4.10it/s]100%|██████████| 1/1 [00:00<00:00,  4.08it/s]100%|██████████| 1/1 [00:00<00:00,  3.85it/s]
100%|██████████| 1/1 [00:00<00:00,  3.82it/s]
Predicted melting temperature: [58.44819641113281]
  seed_113 arm=t2_pos pH=7.4 target=+3.0 c   Tm=62.27  replicas=[64.6, 63.8, 58.4]
100%|██████████| 1/1 [00:00<00:00,  2.91it/s]100%|██████████| 1/1 [00:00<00:00,  2.88it/s]Predicted melting temperature: [56.831642150878906]

  0%|          | 0/1 [00:00<?, ?it/s]  0%|          | 0/1 [00:00<?, ?it/s]Predicted melting temperature: [62.67612838745117]
  0%|          | 0/1 [00:00<?, ?it/s]100%|██████████| 1/1 [00:00<00:00,  2.70it/s]100%|██████████| 1/1 [00:00<00:00,  2.70it/s]100%|██████████| 1/1 [00:00<00:00,  3.33it/s]
100%|██████████| 1/1 [00:00<00:00,  3.29it/s]
100%|██████████| 1/1 [00:00<00:00,  2.83it/s]100%|██████████| 1/1 [00:00<00:00,  2.18it/s]Predicted melting temperature: [62.47146987915039]
100%|██████████| 1/1 [00:00<00:00,  2.85it/s]Predicted melting temperature: [79.27862548828125]
100%|██████████| 1/1 [00:00<00:00,  2.16it/s]
  0%|          | 0/1 [00:00<?, ?it/s]Predicted melting temperature: [69.8664321899414]
  seed_112 arm=t2_ph pH=7.4 target=均值占位 ch   Tm=74.44  replicas=[74.5, 79.0, 69.9]
100%|██████████| 1/1 [00:00<00:00,  2.84it/s]  0%|          | 0/1 [00:00<?, ?it/s]100%|██████████| 1/1 [00:00<00:00,  2.78it/s]

  0%|          | 0/1 [00:00<?, ?it/s]Predicted melting temperature: [51.247108459472656]
100%|██████████| 1/1 [00:00<00:00,  3.41it/s]  0%|          | 0/1 [00:00<?, ?it/s]100%|██████████| 1/1 [00:00<00:00,  3.40it/s]
Predicted melting temperature: [49.43842315673828]
  seed_115 arm=t1_cond pH=7.4 target=+9.0    Tm=55.27  replicas=[52.6, 63.8, 49.4]
Predicted melting temperature: [65.5074462890625]
  0%|          | 0/1 [00:00<?, ?it/s]  0%|          | 0/1 [00:00<?, ?it/s]100%|██████████| 1/1 [00:00<00:00,  2.57it/s]100%|██████████| 1/1 [00:00<00:00,  2.55it/s]
Predicted melting temperature: [50.098079681396484]
  0%|          | 0/1 [00:00<?, ?it/s]100%|██████████| 1/1 [00:00<00:00,  2.90it/s]100%|██████████| 1/1 [00:00<00:00,  2.84it/s]
Predicted melting temperature: [61.961387634277344]
  seed_114 arm=t1_base pH=7.4 target=+9.0    Tm=69.07  replicas=[67.2, 78.0, 62.0]
  0%|          | 0/1 [00:00<?, ?it/s]100%|██████████| 1/1 [00:00<00:00,  2.75it/s]100%|██████████| 1/1 [00:00<00:00,  4.13it/s]100%|██████████| 1/1 [00:00<00:00,  3.52it/s]100%|██████████| 1/1 [00:00<00:00,  3.70it/s]100%|██████████| 1/1 [00:00<00:00,  2.42it/s]100%|██████████| 1/1 [00:00<00:00,  3.00it/s]100%|██████████| 1/1 [00:00<00:00,  1.70it/s]100%|██████████| 1/1 [00:00<00:00,  2.33it/s]
100%|██████████| 1/1 [00:00<00:00,  2.90it/s]
100%|██████████| 1/1 [00:00<00:00,  1.70it/s]
100%|██████████| 1/1 [00:00<00:00,  3.41it/s]100%|██████████| 1/1 [00:00<00:00,  3.41it/s]
Predicted melting temperature: [65.61331939697266]
  seed_114 arm=t2_ph pH=7.4 target=均值占位 ch   Tm=71.80  replicas=[70.7, 79.1, 65.6]
100%|██████████| 1/1 [00:00<00:00,  3.06it/s]
100%|██████████| 1/1 [00:00<00:00,  2.20it/s]
100%|██████████| 1/1 [00:00<00:00,  3.64it/s]
Predicted melting temperature: [59.127723693847656]
  seed_113 arm=t2_neg pH=7.4 target=-6.0 c   Tm=57.85  replicas=[57.6, 56.8, 59.1]
100%|██████████| 1/1 [00:00<00:00,  3.54it/s]
Predicted melting temperature: [75.16743469238281]
  0%|          | 0/1 [00:00<?, ?it/s]  0%|          | 0/1 [00:00<?, ?it/s]Predicted melting temperature: [75.62046813964844]
100%|██████████| 1/1 [00:00<00:00,  2.23it/s]Predicted melting temperature: [66.1456527709961]
100%|██████████| 1/1 [00:00<00:00,  2.20it/s]
  0%|          | 0/1 [00:00<?, ?it/s]  0%|          | 0/1 [00:00<?, ?it/s]Predicted melting temperature: [67.464599609375]
Predicted melting temperature: [56.743431091308594]
  seed_115 arm=t1_cond pH=7.4 target=+0.0    Tm=57.98  replicas=[60.8, 56.4, 56.7]
Predicted melting temperature: [57.3258056640625]
Predicted melting temperature: [67.68123626708984]
100%|██████████| 1/1 [00:00<00:00,  2.49it/s]  0%|          | 0/1 [00:00<?, ?it/s]100%|██████████| 1/1 [00:00<00:00,  2.47it/s]
  0%|          | 0/1 [00:00<?, ?it/s]  0%|          | 0/1 [00:00<?, ?it/s]100%|██████████| 1/1 [00:00<00:00,  1.30it/s]  0%|          | 0/1 [00:00<?, ?it/s]  0%|          | 0/1 [00:00<?, ?it/s]100%|██████████| 1/1 [00:00<00:00,  1.29it/s]
Predicted melting temperature: [78.09268188476562]
  0%|          | 0/1 [00:00<?, ?it/s]Predicted melting temperature: [71.84968566894531]
  0%|          | 0/1 [00:00<?, ?it/s]100%|██████████| 1/1 [00:00<00:00,  3.36it/s]100%|██████████| 1/1 [00:00<00:00,  3.36it/s]
Predicted melting temperature: [60.45375442504883]
  seed_114 arm=t2_neg pH=7.4 target=+4.0 c   Tm=66.29  replicas=[59.1, 79.3, 60.5]
  0%|          | 0/1 [00:00<?, ?it/s]100%|██████████| 1/1 [00:00<00:00,  3.36it/s]100%|██████████| 1/1 [00:00<00:00,  3.35it/s]
Predicted melting temperature: [55.01136016845703]
  seed_115 arm=t2_neg pH=7.4 target=-5.0 c   Tm=60.83  replicas=[62.0, 65.5, 55.0]
100%|██████████| 1/1 [00:00<00:00,  3.13it/s]  0%|          | 0/1 [00:00<?, ?it/s]100%|██████████| 1/1 [00:00<00:00,  3.10it/s]
100%|██████████| 1/1 [00:00<00:00,  1.34it/s]Predicted melting temperature: [51.415138244628906]
  0%|          | 0/1 [00:00<?, ?it/s]100%|██████████| 1/1 [00:00<00:00,  1.33it/s]
Predicted melting temperature: [55.86103820800781]
  seed_115 arm=t2_ph pH=7.4 target=均值占位 ch   Tm=52.27  replicas=[48.1, 52.8, 55.9]
100%|██████████| 1/1 [00:00<00:00,  2.90it/s]100%|██████████| 1/1 [00:00<00:00,  2.86it/s]
  0%|          | 0/1 [00:00<?, ?it/s]Predicted melting temperature: [56.79557800292969]
  0%|          | 0/1 [00:00<?, ?it/s]100%|██████████| 1/1 [00:00<00:00,  2.59it/s]100%|██████████| 1/1 [00:00<00:00,  2.59it/s]
100%|██████████| 1/1 [00:00<00:00,  2.87it/s]100%|██████████| 1/1 [00:00<00:00,  2.85it/s]
Predicted melting temperature: [83.963623046875]
Predicted melting temperature: [52.75007629394531]
  0%|          | 0/1 [00:00<?, ?it/s]  0%|          | 0/1 [00:00<?, ?it/s]100%|██████████| 1/1 [00:00<00:00,  2.31it/s]100%|██████████| 1/1 [00:00<00:00,  2.31it/s]
Predicted melting temperature: [53.253265380859375]
  0%|          | 0/1 [00:00<?, ?it/s]100%|██████████| 1/1 [00:00<00:00,  3.44it/s]100%|██████████| 1/1 [00:00<00:00,  3.52it/s]100%|██████████| 1/1 [00:00<00:00,  3.39it/s]
100%|██████████| 1/1 [00:00<00:00,  3.50it/s]
Predicted melting temperature: [66.01162719726562]
  0%|          | 0/1 [00:00<?, ?it/s]Predicted melting temperature: [71.86528015136719]
100%|██████████| 1/1 [00:00<00:00,  3.04it/s]  0%|          | 0/1 [00:00<?, ?it/s]100%|██████████| 1/1 [00:00<00:00,  3.03it/s]
100%|██████████| 1/1 [00:00<00:00,  3.15it/s]100%|██████████| 1/1 [00:00<00:00,  3.11it/s]100%|██████████| 1/1 [00:00<00:00,  3.10it/s]
Predicted melting temperature: [51.76592254638672]
100%|██████████| 1/1 [00:00<00:00,  3.02it/s]100%|██████████| 1/1 [00:00<00:00,  2.89it/s]
100%|██████████| 1/1 [00:00<00:00,  2.89it/s]Predicted melting temperature: [57.12581253051758]
  seed_114 arm=t1_base pH=7.4 target=-1.0    Tm=62.42  replicas=[62.7, 67.5, 57.1]

  0%|          | 0/1 [00:00<?, ?it/s]100%|██████████| 1/1 [00:00<00:00,  4.40it/s]100%|██████████| 1/1 [00:00<00:00,  4.57it/s]100%|██████████| 1/1 [00:00<00:00,  4.26it/s]
100%|██████████| 1/1 [00:00<00:00,  4.43it/s]100%|██████████| 1/1 [00:00<00:00,  2.80it/s]
Predicted melting temperature: [73.11711883544922]
100%|██████████| 1/1 [00:00<00:00,  2.76it/s]
  0%|          | 0/1 [00:00<?, ?it/s]Predicted melting temperature: [55.636573791503906]
  seed_115 arm=t2_pos pH=7.4 target=+2.0 c   Tm=52.77  replicas=[51.2, 51.4, 55.6]
Predicted melting temperature: [62.54365921020508]
  0%|          | 0/1 [00:00<?, ?it/s]  0%|          | 0/1 [00:00<?, ?it/s]Predicted melting temperature: [62.82252502441406]
Predicted melting temperature: [70.99786376953125]
  0%|          | 0/1 [00:00<?, ?it/s]  0%|          | 0/1 [00:00<?, ?it/s]  0%|          | 0/1 [00:00<?, ?it/s]100%|██████████| 1/1 [00:00<00:00,  3.42it/s]100%|██████████| 1/1 [00:00<00:00,  3.40it/s]
Predicted melting temperature: [73.49287414550781]
  0%|          | 0/1 [00:00<?, ?it/s]100%|██████████| 1/1 [00:00<00:00,  2.41it/s]100%|██████████| 1/1 [00:00<00:00,  2.41it/s]
Predicted melting temperature: [68.66450500488281]
  seed_114 arm=t1_cond pH=7.4 target=+8.0    Tm=74.67  replicas=[77.2, 78.1, 68.7]
  0%|          | 0/1 [00:00<?, ?it/s]100%|██████████| 1/1 [00:00<00:00,  2.16it/s]100%|██████████| 1/1 [00:00<00:00,  2.16it/s]
100%|██████████| 1/1 [00:00<00:00,  2.29it/s]Predicted melting temperature: [65.34941101074219]
  seed_113 arm=t1_base pH=7.4 target=+8.0    Tm=71.21  replicas=[72.6, 75.6, 65.3]
100%|██████████| 1/1 [00:00<00:00,  2.28it/s]
Predicted melting temperature: [76.89427947998047]
100%|██████████| 1/1 [00:00<00:00,  1.47it/s]  0%|          | 0/1 [00:00<?, ?it/s]  0%|          | 0/1 [00:00<?, ?it/s]100%|██████████| 1/1 [00:00<00:00,  1.46it/s]
Predicted melting temperature: [68.53834533691406]
  0%|          | 0/1 [00:00<?, ?it/s]100%|██████████| 1/1 [00:00<00:00,  4.23it/s]100%|██████████| 1/1 [00:00<00:00,  4.22it/s]
Predicted melting temperature: [61.086448669433594]
  seed_115 arm=t1_cond pH=7.4 target=-1.0    Tm=54.81  replicas=[50.1, 53.3, 61.1]
100%|██████████| 1/1 [00:00<00:00,  3.25it/s]100%|██████████| 1/1 [00:00<00:00,  3.25it/s]
  0%|          | 0/1 [00:00<?, ?it/s]Predicted melting temperature: [78.42707824707031]
  0%|          | 0/1 [00:00<?, ?it/s]100%|██████████| 1/1 [00:00<00:00,  3.61it/s]100%|██████████| 1/1 [00:00<00:00,  3.60it/s]
100%|██████████| 1/1 [00:00<00:00,  2.23it/s]Predicted melting temperature: [63.394622802734375]
100%|██████████| 1/1 [00:00<00:00,  2.21it/s]
  0%|          | 0/1 [00:00<?, ?it/s]Predicted melting temperature: [51.85736083984375]
  0%|          | 0/1 [00:00<?, ?it/s]100%|██████████| 1/1 [00:00<00:00,  2.27it/s]100%|██████████| 1/1 [00:00<00:00,  2.27it/s]
Predicted melting temperature: [65.89802551269531]
100%|██████████| 1/1 [00:00<00:00,  3.25it/s]  0%|          | 0/1 [00:00<?, ?it/s]100%|██████████| 1/1 [00:00<00:00,  3.33it/s]100%|██████████| 1/1 [00:00<00:00,  3.16it/s]
Predicted melting temperature: [62.02879333496094]
  seed_114 arm=t1_base pH=7.4 target=+0.0    Tm=66.90  replicas=[67.7, 71.0, 62.0]
100%|██████████| 1/1 [00:00<00:00,  3.25it/s]
Predicted melting temperature: [63.0111083984375]
  0%|          | 0/1 [00:00<?, ?it/s]  0%|          | 0/1 [00:00<?, ?it/s]100%|██████████| 1/1 [00:00<00:00,  3.15it/s]100%|██████████| 1/1 [00:00<00:00,  2.81it/s]100%|██████████| 1/1 [00:00<00:00,  2.78it/s]
100%|██████████| 1/1 [00:00<00:00,  3.08it/s]
100%|██████████| 1/1 [00:00<00:00,  2.77it/s]100%|██████████| 1/1 [00:00<00:00,  2.97it/s]Predicted melting temperature: [61.79936981201172]
  0%|          | 0/1 [00:00<?, ?it/s]100%|██████████| 1/1 [00:00<00:00,  2.72it/s]
100%|██████████| 1/1 [00:00<00:00,  2.93it/s]
Predicted melting temperature: [51.084442138671875]
  seed_114 arm=t2_pos pH=7.4 target=+12.0    Tm=60.51  replicas=[57.3, 73.1, 51.1]
Predicted melting temperature: [74.49441528320312]
Predicted melting temperature: [49.17085647583008]
100%|██████████| 1/1 [00:00<00:00,  2.55it/s]  0%|          | 0/1 [00:00<?, ?it/s]  0%|          | 0/1 [00:00<?, ?it/s]100%|██████████| 1/1 [00:00<00:00,  2.55it/s]
  0%|          | 0/1 [00:00<?, ?it/s]Predicted melting temperature: [54.34014129638672]
  0%|          | 0/1 [00:00<?, ?it/s]100%|██████████| 1/1 [00:00<00:00,  2.20it/s]100%|██████████| 1/1 [00:00<00:00,  2.20it/s]
Predicted melting temperature: [58.03437805175781]
  seed_114 arm=t2_pos pH=7.4 target=+3.0 c   Tm=65.35  replicas=[66.1, 71.9, 58.0]
100%|██████████| 1/1 [00:00<00:00,  2.37it/s]100%|██████████| 1/1 [00:00<00:00,  2.37it/s]  0%|          | 0/1 [00:00<?, ?it/s]
100%|██████████| 1/1 [00:00<00:00,  1.54it/s]100%|██████████| 1/1 [00:00<00:00,  1.53it/s]
Predicted melting temperature: [48.11279296875]
100%|██████████| 1/1 [00:00<00:00,  1.20it/s]Predicted melting temperature: [73.60813903808594]
  0%|          | 0/1 [00:00<?, ?it/s]  0%|          | 0/1 [00:00<?, ?it/s]100%|██████████| 1/1 [00:00<00:00,  1.20it/s]
100%|██████████| 1/1 [00:00<00:00,  3.66it/s]Predicted melting temperature: [69.16771697998047]
  seed_114 arm=t2_pos pH=7.4 target=+11.0    Tm=73.15  replicas=[75.1, 75.2, 69.2]
100%|██████████| 1/1 [00:00<00:00,  3.62it/s]
  0%|          | 0/1 [00:00<?, ?it/s]Predicted melting temperature: [51.0405387878418]
  0%|          | 0/1 [00:00<?, ?it/s]100%|██████████| 1/1 [00:00<00:00,  2.64it/s]100%|██████████| 1/1 [00:00<00:00,  2.59it/s]
Predicted melting temperature: [61.41290283203125]
  seed_114 arm=t2_neg pH=7.4 target=+3.0 c   Tm=70.05  replicas=[71.8, 76.9, 61.4]
100%|██████████| 1/1 [00:00<00:00,  3.96it/s]100%|██████████| 1/1 [00:00<00:00,  3.94it/s]
Predicted melting temperature: [64.81818389892578]
  seed_114 arm=t2_neg pH=7.4 target=-6.0 c   Tm=64.74  replicas=[66.0, 63.4, 64.8]
100%|██████████| 1/1 [00:00<00:00,  2.36it/s]  0%|          | 0/1 [00:00<?, ?it/s]100%|██████████| 1/1 [00:00<00:00,  2.31it/s]  0%|          | 0/1 [00:00<?, ?it/s]
100%|██████████| 1/1 [00:00<00:00,  3.65it/s]100%|██████████| 1/1 [00:00<00:00,  3.56it/s]
Predicted melting temperature: [72.15149688720703]
Predicted melting temperature: [53.30974197387695]
  0%|          | 0/1 [00:00<?, ?it/s]  0%|          | 0/1 [00:00<?, ?it/s]100%|██████████| 1/1 [00:00<00:00,  2.94it/s]100%|██████████| 1/1 [00:00<00:00,  2.92it/s]
Predicted melting temperature: [77.42292022705078]
  seed_115 arm=t1_base pH=7.4 target=+9.0    Tm=79.94  replicas=[84.0, 78.4, 77.4]
  0%|          | 0/1 [00:00<?, ?it/s]100%|██████████| 1/1 [00:00<00:00,  2.05it/s]100%|██████████| 1/1 [00:00<00:00,  2.05it/s]
Predicted melting temperature: [76.35352325439453]
  0%|          | 0/1 [00:00<?, ?it/s]100%|██████████| 1/1 [00:00<00:00,  2.02it/s]100%|██████████| 1/1 [00:00<00:00,  2.02it/s]
Predicted melting temperature: [57.894508361816406]
  seed_112 arm=t2_ph pH=7.4 target=均值占位 ch   Tm=62.97  replicas=[62.5, 68.5, 57.9]
100%|██████████| 1/1 [00:00<00:00,  3.55it/s]100%|██████████| 1/1 [00:00<00:00,  3.53it/s]
Predicted melting temperature: [57.97551345825195]
  seed_116 arm=t2_neg pH=7.4 target=-5.0 c   Tm=61.27  replicas=[62.8, 63.0, 58.0]
100%|██████████| 1/1 [00:00<00:00,  3.46it/s]  0%|          | 0/1 [00:00<?, ?it/s]100%|██████████| 1/1 [00:00<00:00,  3.43it/s]
  0%|          | 0/1 [00:00<?, ?it/s]Predicted melting temperature: [61.4333610534668]
  0%|          | 0/1 [00:00<?, ?it/s]100%|██████████| 1/1 [00:00<00:00,  3.17it/s]100%|██████████| 1/1 [00:00<00:00,  3.17it/s]
Predicted melting temperature: [53.48261642456055]
  seed_116 arm=t1_cond pH=7.4 target=+0.0    Tm=59.28  replicas=[62.5, 61.8, 53.5]
100%|██████████| 1/1 [00:00<00:00,  3.10it/s]  0%|          | 0/1 [00:00<?, ?it/s]100%|██████████| 1/1 [00:00<00:00,  3.08it/s]
Predicted melting temperature: [53.118980407714844]
  seed_115 arm=t2_neg pH=7.4 target=+4.0 c   Tm=67.04  replicas=[73.5, 74.5, 53.1]
  0%|          | 0/1 [00:00<?, ?it/s]100%|██████████| 1/1 [00:00<00:00,  2.98it/s]100%|██████████| 1/1 [00:00<00:00,  3.11it/s]100%|██████████| 1/1 [00:00<00:00,  3.72it/s]100%|██████████| 1/1 [00:00<00:00,  3.09it/s]
100%|██████████| 1/1 [00:00<00:00,  2.94it/s]
100%|██████████| 1/1 [00:00<00:00,  3.71it/s]
Predicted melting temperature: [61.1934814453125]
Predicted melting temperature: [52.83293151855469]
Predicted melting temperature: [51.01069259643555]
  0%|          | 0/1 [00:00<?, ?it/s]  0%|          | 0/1 [00:00<?, ?it/s]  0%|          | 0/1 [00:00<?, ?it/s]100%|██████████| 1/1 [00:00<00:00,  4.58it/s]100%|██████████| 1/1 [00:00<00:00,  4.57it/s]100%|██████████| 1/1 [00:00<00:00,  2.30it/s]
Predicted melting temperature: [61.78874588012695]
  seed_116 arm=t2_ph pH=7.4 target=均值占位 ch   Tm=55.65  replicas=[51.9, 53.3, 61.8]
100%|██████████| 1/1 [00:00<00:00,  2.30it/s]  0%|          | 0/1 [00:00<?, ?it/s]
Predicted melting temperature: [53.696868896484375]
  seed_116 arm=t1_cond pH=7.4 target=+9.0    Tm=57.45  replicas=[52.8, 65.9, 53.7]
100%|██████████| 1/1 [00:00<00:00,  3.77it/s]100%|██████████| 1/1 [00:00<00:00,  3.75it/s]100%|██████████| 1/1 [00:00<00:00,  2.48it/s]100%|██████████| 1/1 [00:00<00:00,  3.21it/s]100%|██████████| 1/1 [00:00<00:00,  2.65it/s]100%|██████████| 1/1 [00:00<00:00,  3.75it/s]
100%|██████████| 1/1 [00:00<00:00,  2.58it/s]
100%|██████████| 1/1 [00:00<00:00,  2.35it/s]100%|██████████| 1/1 [00:00<00:00,  3.32it/s]
100%|██████████| 1/1 [00:00<00:00,  3.03it/s]
Predicted melting temperature: [52.38377380371094]

  0%|          | 0/1 [00:00<?, ?it/s]Predicted melting temperature: [50.56990432739258]
  seed_115 arm=t2_ph pH=7.4 target=均值占位 ch   Tm=52.23  replicas=[51.8, 54.3, 50.6]
Predicted melting temperature: [53.25072479248047]
Predicted melting temperature: [67.31951904296875]
  0%|          | 0/1 [00:00<?, ?it/s]  0%|          | 0/1 [00:00<?, ?it/s]  0%|          | 0/1 [00:00<?, ?it/s]Predicted melting temperature: [60.750267028808594]
  0%|          | 0/1 [00:00<?, ?it/s]  0%|          | 0/1 [00:00<?, ?it/s]100%|██████████| 1/1 [00:00<00:00,  2.24it/s]100%|██████████| 1/1 [00:00<00:00,  2.23it/s]
Predicted melting temperature: [55.41318893432617]
  seed_113 arm=t2_ph pH=7.4 target=均值占位 ch   Tm=61.94  replicas=[56.8, 73.6, 55.4]
  0%|          | 0/1 [00:00<?, ?it/s]100%|██████████| 1/1 [00:00<00:00,  3.84it/s]100%|██████████| 1/1 [00:00<00:00,  3.82it/s]100%|██████████| 1/1 [00:00<00:00,  3.75it/s]
100%|██████████| 1/1 [00:00<00:00,  3.75it/s]
100%|██████████| 1/1 [00:00<00:00,  3.62it/s]100%|██████████| 1/1 [00:00<00:00,  3.53it/s]
Predicted melting temperature: [57.7332763671875]
Predicted melting temperature: [62.078834533691406]
  0%|          | 0/1 [00:00<?, ?it/s]  0%|          | 0/1 [00:00<?, ?it/s]Predicted melting temperature: [63.6545295715332]
  0%|          | 0/1 [00:00<?, ?it/s]100%|██████████| 1/1 [00:00<00:00,  2.12it/s]100%|██████████| 1/1 [00:00<00:00,  2.12it/s]
100%|██████████| 1/1 [00:00<00:00,  3.63it/s]100%|██████████| 1/1 [00:00<00:00,  3.59it/s]
Predicted melting temperature: [51.752784729003906]
Predicted melting temperature: [77.92908477783203]
  0%|          | 0/1 [00:00<?, ?it/s]  0%|          | 0/1 [00:00<?, ?it/s]100%|██████████| 1/1 [00:00<00:00,  3.67it/s]100%|██████████| 1/1 [00:00<00:00,  3.62it/s]
Predicted melting temperature: [55.86103820800781]
  seed_115 arm=t1_base pH=7.4 target=-1.0    Tm=52.27  replicas=[48.1, 52.8, 55.9]
100%|██████████| 1/1 [00:00<00:00,  2.18it/s]100%|██████████| 1/1 [00:00<00:00,  2.14it/s]
  0%|          | 0/1 [00:00<?, ?it/s]100%|██████████| 1/1 [00:00<00:00,  2.47it/s]100%|██████████| 1/1 [00:00<00:00,  2.43it/s]
Predicted melting temperature: [74.82432556152344]
  0%|          | 0/1 [00:00<?, ?it/s]100%|██████████| 1/1 [00:00<00:00,  3.17it/s]100%|██████████| 1/1 [00:00<00:00,  3.12it/s]
Predicted melting temperature: [54.90612030029297]
  seed_116 arm=t2_pos pH=7.4 target=+2.0 c   Tm=51.70  replicas=[49.2, 51.0, 54.9]
Predicted melting temperature: [76.29029846191406]
  0%|          | 0/1 [00:00<?, ?it/s]100%|██████████| 1/1 [00:00<00:00,  3.03it/s]  0%|          | 0/1 [00:00<?, ?it/s]100%|██████████| 1/1 [00:00<00:00,  2.96it/s]
100%|██████████| 1/1 [00:00<00:00,  2.70it/s]100%|██████████| 1/1 [00:00<00:00,  2.69it/s]
Predicted melting temperature: [71.76351928710938]
  0%|          | 0/1 [00:00<?, ?it/s]Predicted melting temperature: [65.47569274902344]
  0%|          | 0/1 [00:00<?, ?it/s]100%|██████████| 1/1 [00:00<00:00,  3.11it/s]100%|██████████| 1/1 [00:00<00:00,  3.11it/s]
Predicted melting temperature: [51.282691955566406]
100%|██████████| 1/1 [00:00<00:00,  3.63it/s]100%|██████████| 1/1 [00:00<00:00,  3.27it/s]100%|██████████| 1/1 [00:00<00:00,  4.10it/s]100%|██████████| 1/1 [00:00<00:00,  3.13it/s]100%|██████████| 1/1 [00:00<00:00,  3.72it/s]100%|██████████| 1/1 [00:00<00:00,  3.61it/s]100%|██████████| 1/1 [00:00<00:00,  4.18it/s]100%|██████████| 1/1 [00:00<00:00,  2.38it/s]100%|██████████| 1/1 [00:00<00:00,  3.34it/s]100%|██████████| 1/1 [00:00<00:00,  4.21it/s]100%|██████████| 1/1 [00:00<00:00,  2.39it/s]100%|██████████| 1/1 [00:00<00:00,  3.73it/s]100%|██████████| 1/1 [00:00<00:00,  1.86it/s]100%|██████████| 1/1 [00:00<00:00,  2.60it/s]100%|██████████| 1/1 [00:00<00:00,  1.09it/s]100%|██████████| 1/1 [00:00<00:00,  1.78it/s]100%|██████████| 1/1 [00:00<00:00,  3.14it/s]100%|██████████| 1/1 [00:00<00:00,  2.37it/s]100%|██████████| 1/1 [00:00<00:00,  2.33it/s]  0%|          | 0/1 [00:00<?, ?it/s]100%|██████████| 1/1 [00:00<00:00,  1.26it/s]100%|██████████| 1/1 [00:00<00:00,  1.27it/s]
100%|██████████| 1/1 [00:00<00:00,  1.40it/s]
100%|██████████| 1/1 [00:00<00:00,  1.27it/s]
100%|██████████| 1/1 [00:00<00:00,  1.40it/s]100%|██████████| 1/1 [00:00<00:00,  1.44it/s]
100%|██████████| 1/1 [00:00<00:00,  1.59it/s]
100%|██████████| 1/1 [00:00<00:00,  1.50it/s]
100%|██████████| 1/1 [00:00<00:00,  1.24it/s]
100%|██████████| 1/1 [00:00<00:00,  1.68it/s]
100%|██████████| 1/1 [00:00<00:00,  1.73it/s]

100%|██████████| 1/1 [00:00<00:00,  1.33it/s]Predicted melting temperature: [54.770179748535156]
  seed_115 arm=t1_base pH=7.4 target=+0.0    Tm=57.98  replicas=[61.4, 57.7, 54.8]
100%|██████████| 1/1 [00:01<00:00,  1.20s/it]100%|██████████| 1/1 [00:00<00:00,  1.20it/s]100%|██████████| 1/1 [00:00<00:00,  1.48it/s]
100%|██████████| 1/1 [00:00<00:00,  1.21it/s]

100%|██████████| 1/1 [00:00<00:00,  1.73it/s]

100%|██████████| 1/1 [00:00<00:00,  1.57it/s]100%|██████████| 1/1 [00:00<00:00,  1.63it/s]


Predicted melting temperature: [54.575077056884766]
  seed_116 arm=t1_cond pH=7.4 target=-1.0    Tm=52.96  replicas=[51.0, 53.3, 54.6]
Predicted melting temperature: [66.06981658935547]
Predicted melting temperature: [56.87934112548828]
Predicted melting temperature: [55.87685012817383]
Predicted melting temperature: [60.26508331298828]
Predicted melting temperature: [51.85736083984375]
Predicted melting temperature: [56.358543395996094]
Predicted melting temperature: [67.12361145019531]
  0%|          | 0/1 [00:00<?, ?it/s]Predicted melting temperature: [71.76010131835938]

Predicted melting temperature: [59.42698669433594]
  seed_115 arm=t1_cond pH=7.4 target=+8.0    Tm=68.80  replicas=[72.2, 74.8, 59.4]
  0%|          | 0/1 [00:00<?, ?it/s]Predicted melting temperature: [66.8453369140625]
  seed_114 arm=t1_base pH=7.4 target=+8.0    Tm=73.16  replicas=[76.4, 76.3, 66.8]
  0%|          | 0/1 [00:00<?, ?it/s]  0%|          | 0/1 [00:00<?, ?it/s]  0%|          | 0/1 [00:00<?, ?it/s]  0%|          | 0/1 [00:00<?, ?it/s]  0%|          | 0/1 [00:00<?, ?it/s]  0%|          | 0/1 [00:00<?, ?it/s]Predicted melting temperature: [61.33696746826172]
  seed_115 arm=t2_pos pH=7.4 target=+12.0    Tm=62.67  replicas=[61.2, 65.5, 61.3]
  0%|          | 0/1 [00:00<?, ?it/s]Predicted melting temperature: [79.24189758300781]
Predicted melting temperature: [67.717529296875]
Predicted melting temperature: [51.94124221801758]
Predicted melting temperature: [53.59224319458008]
Predicted melting temperature: [61.52837371826172]
Predicted melting temperature: [67.34345245361328]
  0%|          | 0/1 [00:00<?, ?it/s]  0%|          | 0/1 [00:00<?, ?it/s]  0%|          | 0/1 [00:00<?, ?it/s]  0%|          | 0/1 [00:00<?, ?it/s]  0%|          | 0/1 [00:00<?, ?it/s]  0%|          | 0/1 [00:00<?, ?it/s]  0%|          | 0/1 [00:00<?, ?it/s]  0%|          | 0/1 [00:00<?, ?it/s]  0%|          | 0/1 [00:00<?, ?it/s]100%|██████████| 1/1 [00:00<00:00,  3.70it/s]  0%|          | 0/1 [00:00<?, ?it/s]100%|██████████| 1/1 [00:00<00:00,  3.60it/s]
Predicted melting temperature: [56.251365661621094]
  0%|          | 0/1 [00:00<?, ?it/s]100%|██████████| 1/1 [00:00<00:00,  3.55it/s]100%|██████████| 1/1 [00:00<00:00,  3.55it/s]
100%|██████████| 1/1 [00:00<00:00,  3.55it/s]100%|██████████| 1/1 [00:00<00:00,  3.52it/s]100%|██████████| 1/1 [00:00<00:00,  3.51it/s]100%|██████████| 1/1 [00:00<00:00,  3.51it/s]100%|██████████| 1/1 [00:00<00:00,  3.50it/s]
100%|██████████| 1/1 [00:00<00:00,  3.50it/s]
100%|██████████| 1/1 [00:00<00:00,  3.50it/s]
Predicted melting temperature: [56.58641815185547]
  seed_115 arm=t2_neg pH=7.4 target=-6.0 c   Tm=58.07  replicas=[60.8, 56.9, 56.6]
100%|██████████| 1/1 [00:00<00:00,  3.50it/s]Predicted melting temperature: [56.02333068847656]
  seed_117 arm=t2_neg pH=7.4 target=-5.0 c   Tm=62.27  replicas=[63.7, 67.1, 56.0]
Predicted melting temperature: [62.4033317565918]
Predicted melting temperature: [63.50516891479492]
  seed_117 arm=t1_cond pH=7.4 target=+0.0    Tm=69.01  replicas=[71.8, 71.8, 63.5]

  0%|          | 0/1 [00:00<?, ?it/s]  0%|          | 0/1 [00:00<?, ?it/s]  0%|          | 0/1 [00:00<?, ?it/s]  0%|          | 0/1 [00:00<?, ?it/s]Predicted melting temperature: [60.6608772277832]
100%|██████████| 1/1 [00:00<00:00,  3.26it/s]100%|██████████| 1/1 [00:00<00:00,  3.21it/s]100%|██████████| 1/1 [00:00<00:00,  3.20it/s]
100%|██████████| 1/1 [00:00<00:00,  3.20it/s]Predicted melting temperature: [55.25938415527344]
  seed_113 arm=t2_ph pH=7.4 target=均值占位 ch   Tm=59.20  replicas=[62.1, 60.3, 55.3]

  0%|          | 0/1 [00:00<?, ?it/s]100%|██████████| 1/1 [00:00<00:00,  3.12it/s]100%|██████████| 1/1 [00:00<00:00,  3.18it/s]100%|██████████| 1/1 [00:00<00:00,  3.04it/s]100%|██████████| 1/1 [00:00<00:00,  3.12it/s]
  0%|          | 0/1 [00:00<?, ?it/s]
Predicted melting temperature: [53.30974197387695]
Predicted melting temperature: [54.41902160644531]
  seed_115 arm=t2_pos pH=7.4 target=+3.0 c   Tm=62.60  replicas=[67.3, 66.1, 54.4]
Predicted melting temperature: [51.82044219970703]
  seed_116 arm=t2_neg pH=7.4 target=+4.0 c   Tm=53.15  replicas=[51.8, 55.9, 51.8]
  0%|          | 0/1 [00:00<?, ?it/s]100%|██████████| 1/1 [00:00<00:00,  3.35it/s]100%|██████████| 1/1 [00:00<00:00,  3.30it/s]  0%|          | 0/1 [00:00<?, ?it/s]100%|██████████| 1/1 [00:00<00:00,  3.17it/s]
100%|██████████| 1/1 [00:00<00:00,  3.10it/s]Predicted melting temperature: [58.34785461425781]
  seed_117 arm=t2_ph pH=7.4 target=均值占位 ch   Tm=55.29  replicas=[51.3, 56.3, 58.3]
  0%|          | 0/1 [00:00<?, ?it/s]
  0%|          | 0/1 [00:00<?, ?it/s]Predicted melting temperature: [52.61723327636719]
  0%|          | 0/1 [00:00<?, ?it/s]100%|██████████| 1/1 [00:00<00:00,  2.64it/s]100%|██████████| 1/1 [00:00<00:00,  2.63it/s]
Predicted melting temperature: [57.45861053466797]
  0%|          | 0/1 [00:00<?, ?it/s]100%|██████████| 1/1 [00:00<00:00,  2.54it/s]100%|██████████| 1/1 [00:00<00:00,  2.53it/s]
Predicted melting temperature: [60.59009552001953]
  0%|          | 0/1 [00:00<?, ?it/s]100%|██████████| 1/1 [00:00<00:00,  2.21it/s]100%|██████████| 1/1 [00:00<00:00,  2.21it/s]
100%|██████████| 1/1 [00:00<00:00,  2.25it/s]100%|██████████| 1/1 [00:00<00:00,  2.19it/s]Predicted melting temperature: [60.83491897583008]
  seed_116 arm=t1_base pH=7.4 target=+9.0    Tm=60.31  replicas=[52.4, 67.7, 60.8]
100%|██████████| 1/1 [00:00<00:00,  2.21it/s]
100%|██████████| 1/1 [00:00<00:00,  2.17it/s]  0%|          | 0/1 [00:00<?, ?it/s]
Predicted melting temperature: [77.18057250976562]
Predicted melting temperature: [62.25617980957031]
  seed_115 arm=t2_neg pH=7.4 target=+3.0 c   Tm=73.14  replicas=[77.9, 79.2, 62.3]
  0%|          | 0/1 [00:00<?, ?it/s]100%|██████████| 1/1 [00:00<00:00,  2.16it/s]  0%|          | 0/1 [00:00<?, ?it/s]100%|██████████| 1/1 [00:00<00:00,  2.14it/s]
100%|██████████| 1/1 [00:00<00:00,  2.11it/s]Predicted melting temperature: [67.81969451904297]
  0%|          | 0/1 [00:00<?, ?it/s]100%|██████████| 1/1 [00:00<00:00,  2.10it/s]
Predicted melting temperature: [58.15990447998047]
  0%|          | 0/1 [00:00<?, ?it/s]100%|██████████| 1/1 [00:00<00:00,  4.65it/s]100%|██████████| 1/1 [00:00<00:00,  4.65it/s]
100%|██████████| 1/1 [00:00<00:00,  4.55it/s]100%|██████████| 1/1 [00:00<00:00,  4.54it/s]100%|██████████| 1/1 [00:00<00:00,  4.47it/s]
100%|██████████| 1/1 [00:00<00:00,  4.47it/s]
Predicted melting temperature: [62.71767044067383]
Predicted melting temperature: [64.59194946289062]
  0%|          | 0/1 [00:00<?, ?it/s]  0%|          | 0/1 [00:00<?, ?it/s]Predicted melting temperature: [55.48711395263672]
  0%|          | 0/1 [00:00<?, ?it/s]100%|██████████| 1/1 [00:00<00:00,  3.70it/s]100%|██████████| 1/1 [00:00<00:00,  3.69it/s]
Predicted melting temperature: [57.72407913208008]
  0%|          | 0/1 [00:00<?, ?it/s]100%|██████████| 1/1 [00:00<00:00,  3.78it/s]100%|██████████| 1/1 [00:00<00:00,  3.71it/s]
Predicted melting temperature: [67.1461181640625]
  0%|          | 0/1 [00:00<?, ?it/s]100%|██████████| 1/1 [00:00<00:00,  3.62it/s]100%|██████████| 1/1 [00:00<00:00,  3.60it/s]
Predicted melting temperature: [61.78874588012695]
  seed_116 arm=t1_base pH=7.4 target=-1.0    Tm=55.65  replicas=[51.9, 53.3, 61.8]
  0%|          | 0/1 [00:00<?, ?it/s]100%|██████████| 1/1 [00:00<00:00,  2.92it/s]100%|██████████| 1/1 [00:00<00:00,  2.92it/s]
Predicted melting temperature: [56.23032760620117]
  seed_117 arm=t2_pos pH=7.4 target=+2.0 c   Tm=57.75  replicas=[56.4, 60.7, 56.2]
100%|██████████| 1/1 [00:00<00:00,  1.53it/s]100%|██████████| 1/1 [00:00<00:00,  1.51it/s]
  0%|          | 0/1 [00:00<?, ?it/s]100%|██████████| 1/1 [00:00<00:00,  3.79it/s]Predicted melting temperature: [68.57533264160156]
  0%|          | 0/1 [00:00<?, ?it/s]100%|██████████| 1/1 [00:00<00:00,  3.73it/s]
Predicted melting temperature: [55.9482421875]
  0%|          | 0/1 [00:00<?, ?it/s]100%|██████████| 1/1 [00:00<00:00,  3.21it/s]100%|██████████| 1/1 [00:00<00:00,  3.16it/s]
Predicted melting temperature: [63.91950225830078]
  0%|          | 0/1 [00:00<?, ?it/s]100%|██████████| 1/1 [00:00<00:00,  3.07it/s]100%|██████████| 1/1 [00:00<00:00,  3.07it/s]
100%|██████████| 1/1 [00:00<00:00,  3.97it/s]Predicted melting temperature: [48.24091339111328]
  seed_116 arm=t2_ph pH=7.4 target=均值占位 ch   Tm=52.55  replicas=[51.9, 57.5, 48.2]
100%|██████████| 1/1 [00:00<00:00,  3.96it/s]
100%|██████████| 1/1 [00:00<00:00,  2.54it/s]100%|██████████| 1/1 [00:00<00:00,  4.77it/s]100%|██████████| 1/1 [00:00<00:00,  4.75it/s]Predicted melting temperature: [52.99852752685547]
  0%|          | 0/1 [00:00<?, ?it/s]100%|██████████| 1/1 [00:00<00:00,  2.50it/s]
  0%|          | 0/1 [00:00<?, ?it/s]100%|██████████| 1/1 [00:00<00:00,  4.66it/s]100%|██████████| 1/1 [00:00<00:00,  4.66it/s]

Predicted melting temperature: [67.45642852783203]
  0%|          | 0/1 [00:00<?, ?it/s]Predicted melting temperature: [62.489933013916016]
Predicted melting temperature: [68.47352600097656]
  0%|          | 0/1 [00:00<?, ?it/s]  0%|          | 0/1 [00:00<?, ?it/s]100%|██████████| 1/1 [00:00<00:00,  2.18it/s]100%|██████████| 1/1 [00:00<00:00,  2.18it/s]
100%|██████████| 1/1 [00:00<00:00,  3.50it/s]100%|██████████| 1/1 [00:00<00:00,  3.41it/s]
Predicted melting temperature: [53.171844482421875]
  0%|          | 0/1 [00:00<?, ?it/s]100%|██████████| 1/1 [00:00<00:00,  3.89it/s]100%|██████████| 1/1 [00:00<00:00,  3.85it/s]
Predicted melting temperature: [59.1925163269043]
  seed_116 arm=t1_base pH=7.4 target=+0.0    Tm=59.77  replicas=[62.4, 57.7, 59.2]
Predicted melting temperature: [55.66590118408203]
  0%|          | 0/1 [00:00<?, ?it/s]100%|██████████| 1/1 [00:00<00:00,  2.03it/s]100%|██████████| 1/1 [00:00<00:00,  3.96it/s]100%|██████████| 1/1 [00:00<00:00,  1.20it/s]  0%|          | 0/1 [00:00<?, ?it/s]100%|██████████| 1/1 [00:00<00:00,  2.03it/s]100%|██████████| 1/1 [00:00<00:00,  3.86it/s]

100%|██████████| 1/1 [00:00<00:00,  1.19it/s]
Predicted melting temperature: [54.26161575317383]
  0%|          | 0/1 [00:00<?, ?it/s]Predicted melting temperature: [71.10648345947266]
Predicted melting temperature: [70.5466537475586]
  0%|          | 0/1 [00:00<?, ?it/s]  0%|          | 0/1 [00:00<?, ?it/s]100%|██████████| 1/1 [00:00<00:00,  2.48it/s]100%|██████████| 1/1 [00:00<00:00,  2.45it/s]
100%|██████████| 1/1 [00:00<00:00,  3.48it/s]100%|██████████| 1/1 [00:00<00:00,  3.40it/s]
Predicted melting temperature: [70.3240737915039]
Predicted melting temperature: [51.282691955566406]
  0%|          | 0/1 [00:00<?, ?it/s]  0%|          | 0/1 [00:00<?, ?it/s]100%|██████████| 1/1 [00:00<00:00,  2.19it/s]100%|██████████| 1/1 [00:00<00:00,  2.18it/s]
Predicted melting temperature: [66.15760803222656]
  seed_114 arm=t2_ph pH=7.4 target=均值占位 ch   Tm=70.23  replicas=[67.3, 77.2, 66.2]
100%|██████████| 1/1 [00:00<00:00,  2.20it/s]100%|██████████| 1/1 [00:00<00:00,  2.18it/s]
  0%|          | 0/1 [00:00<?, ?it/s]Predicted melting temperature: [73.18994140625]
  0%|          | 0/1 [00:00<?, ?it/s]100%|██████████| 1/1 [00:00<00:00,  3.93it/s]100%|██████████| 1/1 [00:00<00:00,  3.92it/s]
Predicted melting temperature: [55.329612731933594]
  0%|          | 0/1 [00:00<?, ?it/s]100%|██████████| 1/1 [00:00<00:00,  2.92it/s]100%|██████████| 1/1 [00:00<00:00,  3.86it/s]100%|██████████| 1/1 [00:00<00:00,  3.83it/s]100%|██████████| 1/1 [00:00<00:00,  2.90it/s]100%|██████████| 1/1 [00:00<00:00,  3.46it/s]

100%|██████████| 1/1 [00:00<00:00,  3.39it/s]
Predicted melting temperature: [53.476043701171875]
  seed_118 arm=t2_neg pH=7.4 target=-5.0 c   Tm=59.56  replicas=[62.7, 62.5, 53.5]
100%|██████████| 1/1 [00:00<00:00,  2.85it/s]100%|██████████| 1/1 [00:00<00:00,  2.83it/s]
100%|██████████| 1/1 [00:00<00:00,  2.75it/s]Predicted melting temperature: [52.99049758911133]
Predicted melting temperature: [62.49921417236328]
  seed_117 arm=t1_cond pH=7.4 target=-1.0    Tm=59.68  replicas=[60.6, 55.9, 62.5]
100%|██████████| 1/1 [00:00<00:00,  2.70it/s]Predicted melting temperature: [52.53541946411133]

  0%|          | 0/1 [00:00<?, ?it/s]  0%|          | 0/1 [00:00<?, ?it/s]Predicted melting temperature: [58.10694122314453]
  seed_117 arm=t1_cond pH=7.4 target=+9.0    Tm=60.09  replicas=[53.6, 68.6, 58.1]
  0%|          | 0/1 [00:00<?, ?it/s]  0%|          | 0/1 [00:00<?, ?it/s]  0%|          | 0/1 [00:00<?, ?it/s]100%|██████████| 1/1 [00:00<00:00,  2.72it/s]100%|██████████| 1/1 [00:00<00:00,  2.69it/s]
Predicted melting temperature: [53.0306396484375]
  seed_116 arm=t2_pos pH=7.4 target=+12.0    Tm=56.52  replicas=[52.6, 63.9, 53.0]
100%|██████████| 1/1 [00:00<00:00,  1.72it/s]100%|██████████| 1/1 [00:00<00:00,  1.71it/s]100%|██████████| 1/1 [00:00<00:00,  4.40it/s]
100%|██████████| 1/1 [00:00<00:00,  3.03it/s]100%|██████████| 1/1 [00:00<00:00,  4.26it/s]
100%|██████████| 1/1 [00:00<00:00,  2.97it/s]
  0%|          | 0/1 [00:00<?, ?it/s]100%|██████████| 1/1 [00:00<00:00,  2.98it/s]Predicted melting temperature: [62.94398498535156]
Predicted melting temperature: [73.29010772705078]
100%|██████████| 1/1 [00:00<00:00,  2.96it/s]
  0%|          | 0/1 [00:00<?, ?it/s]  0%|          | 0/1 [00:00<?, ?it/s]Predicted melting temperature: [59.50828170776367]
  seed_118 arm=t1_cond pH=7.4 target=+0.0    Tm=64.19  replicas=[64.6, 68.5, 59.5]
Predicted melting temperature: [68.92993927001953]
  0%|          | 0/1 [00:00<?, ?it/s]  0%|          | 0/1 [00:00<?, ?it/s]100%|██████████| 1/1 [00:00<00:00,  3.62it/s]100%|██████████| 1/1 [00:00<00:00,  3.58it/s]
Predicted melting temperature: [61.99064636230469]
  seed_116 arm=t2_neg pH=7.4 target=-6.0 c   Tm=57.71  replicas=[55.5, 55.7, 62.0]
  0%|          | 0/1 [00:00<?, ?it/s]100%|██████████| 1/1 [00:00<00:00,  3.48it/s]100%|██████████| 1/1 [00:00<00:00,  3.48it/s]
Predicted melting temperature: [67.52799224853516]
  0%|          | 0/1 [00:00<?, ?it/s]100%|██████████| 1/1 [00:00<00:00,  3.64it/s]100%|██████████| 1/1 [00:00<00:00,  3.63it/s]
Predicted melting temperature: [56.251365661621094]
  0%|          | 0/1 [00:00<?, ?it/s]100%|██████████| 1/1 [00:00<00:00,  2.54it/s]100%|██████████| 1/1 [00:00<00:00,  2.54it/s]
Predicted melting temperature: [66.40916442871094]
  0%|          | 0/1 [00:00<?, ?it/s]100%|██████████| 1/1 [00:00<00:00,  3.72it/s]100%|██████████| 1/1 [00:00<00:00,  3.71it/s]
100%|██████████| 1/1 [00:00<00:00,  5.04it/s]Predicted melting temperature: [61.62757873535156]
100%|██████████| 1/1 [00:00<00:00,  5.04it/s]
  0%|          | 0/1 [00:00<?, ?it/s]100%|██████████| 1/1 [00:00<00:00,  2.58it/s]100%|██████████| 1/1 [00:00<00:00,  2.57it/s]100%|██████████| 1/1 [00:00<00:00,  3.42it/s]100%|██████████| 1/1 [00:00<00:00,  2.55it/s]
100%|██████████| 1/1 [00:00<00:00,  2.55it/s]
100%|██████████| 1/1 [00:00<00:00,  3.40it/s]Predicted melting temperature: [49.44415283203125]
  seed_115 arm=t1_base pH=7.4 target=+8.0    Tm=63.48  replicas=[67.8, 73.2, 49.4]

Predicted melting temperature: [59.35355758666992]
100%|██████████| 1/1 [00:00<00:00,  3.03it/s]Predicted melting temperature: [51.33628463745117]
  0%|          | 0/1 [00:00<?, ?it/s]  0%|          | 0/1 [00:00<?, ?it/s]100%|██████████| 1/1 [00:00<00:00,  2.97it/s]100%|██████████| 1/1 [00:00<00:00,  2.29it/s]
100%|██████████| 1/1 [00:00<00:00,  2.11it/s]Predicted melting temperature: [62.0858154296875]
Predicted melting temperature: [51.31635284423828]
  seed_117 arm=t1_base pH=7.4 target=+9.0    Tm=53.21  replicas=[53.0, 55.3, 51.3]
  0%|          | 0/1 [00:00<?, ?it/s]100%|██████████| 1/1 [00:00<00:00,  2.10it/s]
100%|██████████| 1/1 [00:00<00:00,  2.26it/s]  0%|          | 0/1 [00:00<?, ?it/s]
Predicted melting temperature: [62.475303649902344]
  seed_114 arm=t2_ph pH=7.4 target=均值占位 ch   Tm=66.91  replicas=[67.1, 71.1, 62.5]
  0%|          | 0/1 [00:00<?, ?it/s]  0%|          | 0/1 [00:00<?, ?it/s]100%|██████████| 1/1 [00:00<00:00,  3.63it/s]100%|██████████| 1/1 [00:00<00:00,  3.62it/s]
Predicted melting temperature: [77.85033416748047]
Predicted melting temperature: [70.83078002929688]
100%|██████████| 1/1 [00:00<00:00,  3.43it/s]100%|██████████| 1/1 [00:00<00:00,  3.63it/s]  0%|          | 0/1 [00:00<?, ?it/s]  0%|          | 0/1 [00:00<?, ?it/s]100%|██████████| 1/1 [00:00<00:00,  3.40it/s]
100%|██████████| 1/1 [00:00<00:00,  3.62it/s]
Predicted melting temperature: [54.06316375732422]
  0%|          | 0/1 [00:00<?, ?it/s]100%|██████████| 1/1 [00:00<00:00,  3.02it/s]Predicted melting temperature: [67.85570526123047]
  0%|          | 0/1 [00:00<?, ?it/s]100%|██████████| 1/1 [00:00<00:00,  2.97it/s]
Predicted melting temperature: [56.48186492919922]
  0%|          | 0/1 [00:00<?, ?it/s]100%|██████████| 1/1 [00:00<00:00,  3.30it/s]100%|██████████| 1/1 [00:00<00:00,  3.24it/s]
Predicted melting temperature: [61.45846939086914]
  seed_116 arm=t2_pos pH=7.4 target=+3.0 c   Tm=65.95  replicas=[67.5, 68.9, 61.5]
  0%|          | 0/1 [00:00<?, ?it/s]100%|██████████| 1/1 [00:00<00:00,  3.92it/s]100%|██████████| 1/1 [00:00<00:00,  3.92it/s]
100%|██████████| 1/1 [00:00<00:00,  3.35it/s]Predicted melting temperature: [58.34785461425781]
  seed_117 arm=t1_base pH=7.4 target=-1.0    Tm=55.29  replicas=[51.3, 56.3, 58.3]
100%|██████████| 1/1 [00:00<00:00,  3.30it/s]
  0%|          | 0/1 [00:00<?, ?it/s]Predicted melting temperature: [58.89166259765625]
  seed_118 arm=t2_ph pH=7.4 target=均值占位 ch   Tm=60.23  replicas=[54.3, 67.5, 58.9]
  0%|          | 0/1 [00:00<?, ?it/s]100%|██████████| 1/1 [00:00<00:00,  3.17it/s]100%|██████████| 1/1 [00:00<00:00,  3.17it/s]
100%|██████████| 1/1 [00:00<00:00,  1.97it/s]Predicted melting temperature: [51.62293243408203]
  seed_117 arm=t2_neg pH=7.4 target=+4.0 c   Tm=57.07  replicas=[53.2, 66.4, 51.6]
100%|██████████| 1/1 [00:00<00:00,  1.96it/s]
100%|██████████| 1/1 [00:00<00:00,  4.54it/s]Predicted melting temperature: [62.594078063964844]
  0%|          | 0/1 [00:00<?, ?it/s]  0%|          | 0/1 [00:00<?, ?it/s]100%|██████████| 1/1 [00:00<00:00,  4.48it/s]
Predicted melting temperature: [58.42881774902344]
100%|██████████| 1/1 [00:00<00:00,  2.08it/s]  0%|          | 0/1 [00:00<?, ?it/s]100%|██████████| 1/1 [00:00<00:00,  2.07it/s]
Predicted melting temperature: [53.643592834472656]
  seed_116 arm=t1_cond pH=7.4 target=+8.0    Tm=61.70  replicas=[58.2, 73.3, 53.6]
  0%|          | 0/1 [00:00<?, ?it/s]100%|██████████| 1/1 [00:00<00:00,  3.89it/s]100%|██████████| 1/1 [00:00<00:00,  3.80it/s]
Predicted melting temperature: [67.88280487060547]
  0%|          | 0/1 [00:00<?, ?it/s]100%|██████████| 1/1 [00:00<00:00,  1.77it/s]100%|██████████| 1/1 [00:00<00:00,  1.77it/s]100%|██████████| 1/1 [00:00<00:00,  4.11it/s]
100%|██████████| 1/1 [00:00<00:00,  4.07it/s]
Predicted melting temperature: [57.043785095214844]
  seed_117 arm=t1_base pH=7.4 target=+0.0    Tm=63.61  replicas=[62.9, 70.8, 57.0]
Predicted melting temperature: [55.67607116699219]
100%|██████████| 1/1 [00:00<00:00,  3.98it/s]  0%|          | 0/1 [00:00<?, ?it/s]100%|██████████| 1/1 [00:00<00:00,  3.94it/s]
  0%|          | 0/1 [00:00<?, ?it/s]100%|██████████| 1/1 [00:00<00:00,  3.31it/s]Predicted melting temperature: [64.70545196533203]
100%|██████████| 1/1 [00:00<00:00,  3.26it/s]
  0%|          | 0/1 [00:00<?, ?it/s]Predicted melting temperature: [61.32368087768555]
  seed_118 arm=t2_pos pH=7.4 target=+2.0 c   Tm=58.80  replicas=[53.0, 62.1, 61.3]
100%|██████████| 1/1 [00:00<00:00,  1.26it/s]100%|██████████| 1/1 [00:00<00:00,  1.25it/s]
Predicted melting temperature: [44.2236328125]
  seed_115 arm=t2_pos pH=7.4 target=+11.0    Tm=58.77  replicas=[61.5, 70.5, 44.2]
100%|██████████| 1/1 [00:00<00:00,  3.27it/s]100%|██████████| 1/1 [00:00<00:00,  3.55it/s]100%|██████████| 1/1 [00:00<00:00,  3.47it/s]100%|██████████| 1/1 [00:00<00:00,  3.18it/s]
100%|██████████| 1/1 [00:00<00:00,  3.13it/s]100%|██████████| 1/1 [00:00<00:00,  4.59it/s]
  0%|          | 0/1 [00:00<?, ?it/s]100%|██████████| 1/1 [00:00<00:00,  3.10it/s]100%|██████████| 1/1 [00:00<00:00,  4.56it/s]

  0%|          | 0/1 [00:00<?, ?it/s]100%|██████████| 1/1 [00:00<00:00,  3.48it/s]Predicted melting temperature: [54.26161575317383]
Predicted melting temperature: [61.95683670043945]
  0%|          | 0/1 [00:00<?, ?it/s]100%|██████████| 1/1 [00:00<00:00,  3.45it/s]
  0%|          | 0/1 [00:00<?, ?it/s]Predicted melting temperature: [83.96033477783203]
100%|██████████| 1/1 [00:00<00:00,  2.76it/s]Predicted melting temperature: [70.48712158203125]
  0%|          | 0/1 [00:00<?, ?it/s]100%|██████████| 1/1 [00:00<00:00,  2.73it/s]
  0%|          | 0/1 [00:00<?, ?it/s]Predicted melting temperature: [63.822540283203125]
Predicted melting temperature: [76.43677520751953]
  0%|          | 0/1 [00:00<?, ?it/s]  0%|          | 0/1 [00:00<?, ?it/s]100%|██████████| 1/1 [00:00<00:00,  2.51it/s]100%|██████████| 1/1 [00:00<00:00,  2.51it/s]
Predicted melting temperature: [66.47990417480469]
  seed_116 arm=t2_neg pH=7.4 target=+3.0 c   Tm=71.55  replicas=[70.3, 77.9, 66.5]
  0%|          | 0/1 [00:00<?, ?it/s]100%|██████████| 1/1 [00:00<00:00,  2.30it/s]100%|██████████| 1/1 [00:00<00:00,  2.30it/s]
Predicted melting temperature: [56.816627502441406]
  0%|          | 0/1 [00:00<?, ?it/s]100%|██████████| 1/1 [00:00<00:00,  4.04it/s]100%|██████████| 1/1 [00:00<00:00,  4.04it/s]100%|██████████| 1/1 [00:00<00:00,  2.63it/s]
100%|██████████| 1/1 [00:00<00:00,  2.60it/s]Predicted melting temperature: [58.33742904663086]
  seed_117 arm=t2_neg pH=7.4 target=-6.0 c   Tm=58.71  replicas=[59.4, 58.4, 58.3]

100%|██████████| 1/1 [00:00<00:00,  3.69it/s]100%|██████████| 1/1 [00:00<00:00,  3.68it/s]
100%|██████████| 1/1 [00:00<00:00,  4.25it/s]100%|██████████| 1/1 [00:00<00:00,  4.18it/s]
Predicted melting temperature: [55.60002136230469]
  seed_119 arm=t2_neg pH=7.4 target=-5.0 c   Tm=61.70  replicas=[61.6, 67.9, 55.6]
Predicted melting temperature: [71.3879165649414]
Predicted melting temperature: [53.33283233642578]
  0%|          | 0/1 [00:00<?, ?it/s]  0%|          | 0/1 [00:00<?, ?it/s]  0%|          | 0/1 [00:00<?, ?it/s]  0%|          | 0/1 [00:00<?, ?it/s]100%|██████████| 1/1 [00:00<00:00,  4.33it/s]100%|██████████| 1/1 [00:00<00:00,  4.24it/s]
100%|██████████| 1/1 [00:00<00:00,  2.53it/s]Predicted melting temperature: [62.377159118652344]
100%|██████████| 1/1 [00:00<00:00,  2.49it/s]  0%|          | 0/1 [00:00<?, ?it/s]
Predicted melting temperature: [52.59742736816406]
  0%|          | 0/1 [00:00<?, ?it/s]100%|██████████| 1/1 [00:00<00:00,  4.59it/s]100%|██████████| 1/1 [00:00<00:00,  4.58it/s]
Predicted melting temperature: [67.52799224853516]
  0%|          | 0/1 [00:00<?, ?it/s]100%|██████████| 1/1 [00:00<00:00,  3.21it/s]100%|██████████| 1/1 [00:00<00:00,  3.21it/s]
Predicted melting temperature: [48.17718505859375]
  seed_117 arm=t2_ph pH=7.4 target=均值占位 ch   Tm=52.13  replicas=[52.5, 55.7, 48.2]
100%|██████████| 1/1 [00:00<00:00,  3.18it/s]  0%|          | 0/1 [00:00<?, ?it/s]100%|██████████| 1/1 [00:00<00:00,  3.13it/s]
Predicted melting temperature: [54.706336975097656]
  seed_117 arm=t2_pos pH=7.4 target=+12.0    Tm=57.82  replicas=[54.1, 64.7, 54.7]
  0%|          | 0/1 [00:00<?, ?it/s]100%|██████████| 1/1 [00:00<00:00,  3.38it/s]100%|██████████| 1/1 [00:00<00:00,  3.37it/s]
Predicted melting temperature: [58.12153244018555]
  seed_119 arm=t1_cond pH=7.4 target=+0.0    Tm=63.27  replicas=[67.9, 63.8, 58.1]
100%|██████████| 1/1 [00:00<00:00,  2.25it/s]  0%|          | 0/1 [00:00<?, ?it/s]100%|██████████| 1/1 [00:00<00:00,  2.15it/s]
100%|██████████| 1/1 [00:00<00:00,  2.68it/s]100%|██████████| 1/1 [00:00<00:00,  2.67it/s]
Predicted melting temperature: [68.55533599853516]
Predicted melting temperature: [49.18795394897461]
  0%|          | 0/1 [00:00<?, ?it/s]  0%|          | 0/1 [00:00<?, ?it/s]100%|██████████| 1/1 [00:00<00:00,  2.63it/s]100%|██████████| 1/1 [00:00<00:00,  2.62it/s]
100%|██████████| 1/1 [00:00<00:00,  2.65it/s]Predicted melting temperature: [63.43947982788086]
100%|██████████| 1/1 [00:00<00:00,  2.62it/s]
  0%|          | 0/1 [00:00<?, ?it/s]Predicted melting temperature: [60.32167434692383]
  seed_118 arm=t1_cond pH=7.4 target=+9.0    Tm=62.43  replicas=[56.5, 70.5, 60.3]
  0%|          | 0/1 [00:00<?, ?it/s]100%|██████████| 1/1 [00:00<00:00,  3.91it/s]100%|██████████| 1/1 [00:00<00:00,  3.90it/s]
100%|██████████| 1/1 [00:00<00:00,  3.62it/s]100%|██████████| 1/1 [00:00<00:00,  3.59it/s]
Predicted melting temperature: [71.41856384277344]
Predicted melting temperature: [63.94640350341797]
  0%|          | 0/1 [00:00<?, ?it/s]  0%|          | 0/1 [00:00<?, ?it/s]100%|██████████| 1/1 [00:00<00:00,  2.30it/s]100%|██████████| 1/1 [00:00<00:00,  2.30it/s]
100%|██████████| 1/1 [00:00<00:00,  3.66it/s]Predicted melting temperature: [48.26713562011719]
  seed_115 arm=t2_ph pH=7.4 target=均值占位 ch   Tm=58.68  replicas=[51.3, 76.4, 48.3]
100%|██████████| 1/1 [00:00<00:00,  3.61it/s]
100%|██████████| 1/1 [00:00<00:00,  3.29it/s]Predicted melting temperature: [65.85542297363281]
  0%|          | 0/1 [00:00<?, ?it/s]100%|██████████| 1/1 [00:00<00:00,  3.23it/s]  0%|          | 0/1 [00:00<?, ?it/s]
Predicted melting temperature: [72.91608428955078]
  0%|          | 0/1 [00:00<?, ?it/s]100%|██████████| 1/1 [00:00<00:00,  3.49it/s]100%|██████████| 1/1 [00:00<00:00,  3.39it/s]
100%|██████████| 1/1 [00:00<00:00,  3.11it/s]100%|██████████| 1/1 [00:00<00:00,  3.05it/s]100%|██████████| 1/1 [00:00<00:00,  3.96it/s]
100%|██████████| 1/1 [00:00<00:00,  2.05it/s]100%|██████████| 1/1 [00:00<00:00,  3.85it/s]100%|██████████| 1/1 [00:00<00:00,  2.02it/s]

Predicted melting temperature: [55.53562927246094]
Predicted melting temperature: [56.126712799072266]
Predicted melting temperature: [58.89166259765625]
  seed_118 arm=t1_base pH=7.4 target=-1.0    Tm=60.23  replicas=[54.3, 67.5, 58.9]
  0%|          | 0/1 [00:00<?, ?it/s]  0%|          | 0/1 [00:00<?, ?it/s]  0%|          | 0/1 [00:00<?, ?it/s]Predicted melting temperature: [79.61543273925781]
100%|██████████| 1/1 [00:00<00:00,  2.32it/s]  0%|          | 0/1 [00:00<?, ?it/s]100%|██████████| 1/1 [00:00<00:00,  2.31it/s]
Predicted melting temperature: [58.063507080078125]
  0%|          | 0/1 [00:00<?, ?it/s]100%|██████████| 1/1 [00:00<00:00,  3.63it/s]100%|██████████| 1/1 [00:00<00:00,  3.63it/s]
Predicted melting temperature: [52.8856086730957]
  0%|          | 0/1 [00:00<?, ?it/s]100%|██████████| 1/1 [00:00<00:00,  2.06it/s]100%|██████████| 1/1 [00:00<00:00,  2.06it/s]
100%|██████████| 1/1 [00:00<00:00,  4.39it/s]Predicted melting temperature: [72.9646224975586]
100%|██████████| 1/1 [00:00<00:00,  1.35it/s]  0%|          | 0/1 [00:00<?, ?it/s]100%|██████████| 1/1 [00:00<00:00,  1.35it/s]
100%|██████████| 1/1 [00:00<00:00,  4.31it/s]
100%|██████████| 1/1 [00:00<00:00,  2.99it/s]Predicted melting temperature: [57.3475341796875]
  0%|          | 0/1 [00:00<?, ?it/s]100%|██████████| 1/1 [00:00<00:00,  2.96it/s]
Predicted melting temperature: [53.31793975830078]
  0%|          | 0/1 [00:00<?, ?it/s]Predicted melting temperature: [84.36690521240234]
100%|██████████| 1/1 [00:00<00:00,  3.06it/s]100%|██████████| 1/1 [00:00<00:00,  3.50it/s]100%|██████████| 1/1 [00:00<00:00,  3.74it/s]100%|██████████| 1/1 [00:00<00:00,  1.32it/s]100%|██████████| 1/1 [00:00<00:00,  3.63it/s]100%|██████████| 1/1 [00:00<00:00,  3.92it/s]100%|██████████| 1/1 [00:00<00:00,  3.99it/s]100%|██████████| 1/1 [00:00<00:00,  3.13it/s]100%|██████████| 1/1 [00:00<00:00,  2.79it/s]100%|██████████| 1/1 [00:00<00:00,  2.42it/s]100%|██████████| 1/1 [00:00<00:00,  3.20it/s]  0%|          | 0/1 [00:00<?, ?it/s]100%|██████████| 1/1 [00:00<00:00,  2.20it/s]100%|██████████| 1/1 [00:00<00:00,  2.73it/s]100%|██████████| 1/1 [00:00<00:00,  2.01it/s]

100%|██████████| 1/1 [00:00<00:00,  1.17it/s]
100%|██████████| 1/1 [00:00<00:00,  2.43it/s]
100%|██████████| 1/1 [00:00<00:00,  2.93it/s]
100%|██████████| 1/1 [00:00<00:00,  2.99it/s]
100%|██████████| 1/1 [00:00<00:00,  2.55it/s]100%|██████████| 1/1 [00:00<00:00,  2.38it/s]
Predicted melting temperature: [59.648460388183594]
  seed_117 arm=t2_pos pH=7.4 target=+3.0 c   Tm=67.98  replicas=[71.4, 72.9, 59.6]


100%|██████████| 1/1 [00:00<00:00,  2.86it/s]Predicted melting temperature: [54.22208786010742]
  seed_118 arm=t2_neg pH=7.4 target=+4.0 c   Tm=59.66  replicas=[53.3, 71.4, 54.2]

100%|██████████| 1/1 [00:00<00:00,  2.09it/s]
Predicted melting temperature: [58.26020812988281]
  seed_118 arm=t1_base pH=7.4 target=+0.0    Tm=62.16  replicas=[62.4, 65.9, 58.3]
Predicted melting temperature: [57.2025146484375]
  seed_119 arm=t2_ph pH=7.4 target=均值占位 ch   Tm=55.11  replicas=[52.6, 55.5, 57.2]
Predicted melting temperature: [54.257659912109375]
  seed_115 arm=t2_ph pH=7.4 target=均值占位 ch   Tm=59.88  replicas=[62.0, 63.4, 54.3]
100%|██████████| 1/1 [00:00<00:00,  1.97it/s]100%|██████████| 1/1 [00:00<00:00,  1.94it/s]
Predicted melting temperature: [57.14406967163086]
Predicted melting temperature: [53.81555938720703]
Predicted melting temperature: [65.7185287475586]
Predicted melting temperature: [63.720970153808594]
  0%|          | 0/1 [00:00<?, ?it/s]  0%|          | 0/1 [00:00<?, ?it/s]  0%|          | 0/1 [00:00<?, ?it/s]  0%|          | 0/1 [00:00<?, ?it/s]Predicted melting temperature: [52.59742736816406]
Predicted melting temperature: [68.70933532714844]
  0%|          | 0/1 [00:00<?, ?it/s]  0%|          | 0/1 [00:00<?, ?it/s]  0%|          | 0/1 [00:00<?, ?it/s]  0%|          | 0/1 [00:00<?, ?it/s]  0%|          | 0/1 [00:00<?, ?it/s]  0%|          | 0/1 [00:00<?, ?it/s]Predicted melting temperature: [74.70744323730469]
  0%|          | 0/1 [00:00<?, ?it/s]  0%|          | 0/1 [00:00<?, ?it/s]100%|██████████| 1/1 [00:00<00:00,  2.62it/s]100%|██████████| 1/1 [00:00<00:00,  2.58it/s]
Predicted melting temperature: [74.34507751464844]
  0%|          | 0/1 [00:00<?, ?it/s]100%|██████████| 1/1 [00:00<00:00,  2.60it/s]100%|██████████| 1/1 [00:00<00:00,  2.60it/s]
100%|██████████| 1/1 [00:00<00:00,  2.00it/s]100%|██████████| 1/1 [00:00<00:00,  2.31it/s]Predicted melting temperature: [70.86386108398438]
100%|██████████| 1/1 [00:00<00:00,  1.99it/s]
100%|██████████| 1/1 [00:00<00:00,  2.29it/s]
  0%|          | 0/1 [00:00<?, ?it/s]Predicted melting temperature: [79.63856506347656]
  seed_118 arm=t1_base pH=7.4 target=+9.0    Tm=81.07  replicas=[84.0, 79.6, 79.6]
Predicted melting temperature: [59.847755432128906]
  0%|          | 0/1 [00:00<?, ?it/s]  0%|          | 0/1 [00:00<?, ?it/s]100%|██████████| 1/1 [00:00<00:00,  2.32it/s]100%|██████████| 1/1 [00:00<00:00,  2.32it/s]
Predicted melting temperature: [52.80419158935547]
  seed_116 arm=t1_base pH=7.4 target=+8.0    Tm=60.86  replicas=[56.8, 73.0, 52.8]
  0%|          | 0/1 [00:00<?, ?it/s]100%|██████████| 1/1 [00:00<00:00,  3.55it/s]100%|██████████| 1/1 [00:00<00:00,  3.55it/s]100%|██████████| 1/1 [00:00<00:00,  3.43it/s]
100%|██████████| 1/1 [00:00<00:00,  3.43it/s]
Predicted melting temperature: [55.77096176147461]
  seed_120 arm=t2_neg pH=7.4 target=-5.0 c   Tm=62.81  replicas=[63.9, 68.7, 55.8]
100%|██████████| 1/1 [00:00<00:00,  2.82it/s]  0%|          | 0/1 [00:00<?, ?it/s]Predicted melting temperature: [64.01908111572266]
  0%|          | 0/1 [00:00<?, ?it/s]100%|██████████| 1/1 [00:00<00:00,  2.73it/s]100%|██████████| 1/1 [00:00<00:00,  3.16it/s]
100%|██████████| 1/1 [00:00<00:00,  3.11it/s]
Predicted melting temperature: [58.09288787841797]
  seed_119 arm=t2_pos pH=7.4 target=+2.0 c   Tm=53.53  replicas=[49.2, 53.3, 58.1]
100%|██████████| 1/1 [00:00<00:00,  3.17it/s]Predicted melting temperature: [61.08638000488281]
  0%|          | 0/1 [00:00<?, ?it/s]100%|██████████| 1/1 [00:00<00:00,  3.10it/s]
100%|██████████| 1/1 [00:00<00:00,  1.65it/s]100%|██████████| 1/1 [00:00<00:00,  3.06it/s]100%|██████████| 1/1 [00:00<00:00,  1.64it/s]
100%|██████████| 1/1 [00:00<00:00,  3.03it/s]Predicted melting temperature: [61.1439208984375]
  seed_118 arm=t1_cond pH=7.4 target=-1.0    Tm=60.36  replicas=[62.6, 57.3, 61.1]

  0%|          | 0/1 [00:00<?, ?it/s]Predicted melting temperature: [47.140071868896484]
  0%|          | 0/1 [00:00<?, ?it/s]100%|██████████| 1/1 [00:00<00:00,  2.86it/s]100%|██████████| 1/1 [00:00<00:00,  2.81it/s]
Predicted melting temperature: [64.58329772949219]
100%|██████████| 1/1 [00:00<00:00,  2.70it/s]  0%|          | 0/1 [00:00<?, ?it/s]100%|██████████| 1/1 [00:00<00:00,  2.68it/s]Predicted melting temperature: [55.53562927246094]

  0%|          | 0/1 [00:00<?, ?it/s]Predicted melting temperature: [56.70912170410156]
  seed_118 arm=t2_neg pH=7.4 target=-6.0 c   Tm=56.66  replicas=[56.1, 57.1, 56.7]
  0%|          | 0/1 [00:00<?, ?it/s]  0%|          | 0/1 [00:00<?, ?it/s]100%|██████████| 1/1 [00:00<00:00,  2.83it/s]100%|██████████| 1/1 [00:00<00:00,  2.83it/s]
100%|██████████| 1/1 [00:00<00:00,  2.46it/s]Predicted melting temperature: [74.02854919433594]
100%|██████████| 1/1 [00:00<00:00,  2.08it/s]  0%|          | 0/1 [00:00<?, ?it/s]100%|██████████| 1/1 [00:00<00:00,  2.07it/s]
100%|██████████| 1/1 [00:00<00:00,  2.42it/s]
Predicted melting temperature: [51.17790985107422]
  seed_117 arm=t2_neg pH=7.4 target=+3.0 c   Tm=61.20  replicas=[58.1, 74.3, 51.2]
Predicted melting temperature: [78.93998718261719]
100%|██████████| 1/1 [00:00<00:00,  2.18it/s]100%|██████████| 1/1 [00:00<00:00,  2.04it/s]100%|██████████| 1/1 [00:00<00:00,  2.33it/s]100%|██████████| 1/1 [00:00<00:00,  2.74it/s]100%|██████████| 1/1 [00:00<00:00,  1.85it/s]100%|██████████| 1/1 [00:00<00:00,  4.27it/s]100%|██████████| 1/1 [00:00<00:00,  4.04it/s]100%|██████████| 1/1 [00:00<00:00,  1.74it/s]100%|██████████| 1/1 [00:00<00:00,  1.83it/s]100%|██████████| 1/1 [00:00<00:00,  3.31it/s]100%|██████████| 1/1 [00:00<00:00,  3.91it/s]100%|██████████| 1/1 [00:00<00:00,  1.51it/s]  0%|          | 0/1 [00:00<?, ?it/s]
100%|██████████| 1/1 [00:00<00:00,  1.52it/s]100%|██████████| 1/1 [00:00<00:00,  1.97it/s]
100%|██████████| 1/1 [00:00<00:00,  1.72it/s]
100%|██████████| 1/1 [00:00<00:00,  1.51it/s]
100%|██████████| 1/1 [00:00<00:00,  3.08it/s]100%|██████████| 1/1 [00:00<00:00,  2.77it/s]100%|██████████| 1/1 [00:00<00:00,  1.52it/s]
100%|██████████| 1/1 [00:00<00:00,  2.77it/s]
  0%|          | 0/1 [00:00<?, ?it/s]100%|██████████| 1/1 [00:00<00:00,  2.76it/s]
100%|██████████| 1/1 [00:00<00:00,  2.35it/s]Predicted melting temperature: [60.25444030761719]
  seed_117 arm=t1_cond pH=7.4 target=+8.0    Tm=67.84  replicas=[68.6, 74.7, 60.3]
100%|██████████| 1/1 [00:00<00:00,  2.39it/s]100%|██████████| 1/1 [00:00<00:00,  2.83it/s]100%|██████████| 1/1 [00:00<00:00,  2.38it/s]100%|██████████| 1/1 [00:00<00:00,  1.23it/s]
100%|██████████| 1/1 [00:00<00:00,  1.81it/s]100%|██████████| 1/1 [00:00<00:00,  1.21it/s]
100%|██████████| 1/1 [00:00<00:00,  2.03it/s]
100%|██████████| 1/1 [00:00<00:00,  1.81it/s]100%|██████████| 1/1 [00:00<00:00,  1.84it/s]

100%|██████████| 1/1 [00:00<00:00,  1.96it/s]
Predicted melting temperature: [63.52825927734375]

Predicted melting temperature: [54.05374526977539]
  seed_119 arm=t1_cond pH=7.4 target=+9.0    Tm=56.32  replicas=[53.8, 61.1, 54.1]
100%|██████████| 1/1 [00:00<00:00,  1.90it/s]100%|██████████| 1/1 [00:00<00:00,  2.17it/s]
100%|██████████| 1/1 [00:00<00:00,  1.90it/s]
100%|██████████| 1/1 [00:00<00:00,  1.11it/s]
Predicted melting temperature: [53.891902923583984]

Predicted melting temperature: [66.92200469970703]
Predicted melting temperature: [50.928306579589844]
  seed_118 arm=t2_ph pH=7.4 target=均值占位 ch   Tm=58.23  replicas=[52.9, 70.9, 50.9]
  0%|          | 0/1 [00:00<?, ?it/s]Predicted melting temperature: [57.2025146484375]
  seed_119 arm=t1_base pH=7.4 target=-1.0    Tm=55.11  replicas=[52.6, 55.5, 57.2]
Predicted melting temperature: [71.8740234375]
Predicted melting temperature: [56.07395553588867]
Predicted melting temperature: [64.55332946777344]
Predicted melting temperature: [50.691246032714844]
  seed_116 arm=t2_ph pH=7.4 target=均值占位 ch   Tm=61.52  replicas=[59.8, 74.0, 50.7]
  0%|          | 0/1 [00:00<?, ?it/s]  0%|          | 0/1 [00:00<?, ?it/s]  0%|          | 0/1 [00:00<?, ?it/s]  0%|          | 0/1 [00:00<?, ?it/s]  0%|          | 0/1 [00:00<?, ?it/s]  0%|          | 0/1 [00:00<?, ?it/s]Predicted melting temperature: [54.008575439453125]
Predicted melting temperature: [49.37274169921875]
Predicted melting temperature: [54.84844970703125]
Predicted melting temperature: [72.38362121582031]
  0%|          | 0/1 [00:00<?, ?it/s]  0%|          | 0/1 [00:00<?, ?it/s]  0%|          | 0/1 [00:00<?, ?it/s]Predicted melting temperature: [70.42153930664062]
Predicted melting temperature: [47.1738395690918]
Predicted melting temperature: [62.353214263916016]
  0%|          | 0/1 [00:00<?, ?it/s]  0%|          | 0/1 [00:00<?, ?it/s]  0%|          | 0/1 [00:00<?, ?it/s]  0%|          | 0/1 [00:00<?, ?it/s]  0%|          | 0/1 [00:00<?, ?it/s]  0%|          | 0/1 [00:00<?, ?it/s]  0%|          | 0/1 [00:00<?, ?it/s]  0%|          | 0/1 [00:00<?, ?it/s]100%|██████████| 1/1 [00:00<00:00,  3.37it/s]100%|██████████| 1/1 [00:00<00:00,  3.36it/s]100%|██████████| 1/1 [00:00<00:00,  3.07it/s]
100%|██████████| 1/1 [00:00<00:00,  3.28it/s]100%|██████████| 1/1 [00:00<00:00,  3.26it/s]
100%|██████████| 1/1 [00:00<00:00,  2.99it/s]Predicted melting temperature: [47.140071868896484]

100%|██████████| 1/1 [00:00<00:00,  2.93it/s]Predicted melting temperature: [57.46076202392578]
  0%|          | 0/1 [00:00<?, ?it/s]100%|██████████| 1/1 [00:00<00:00,  2.92it/s]
  0%|          | 0/1 [00:00<?, ?it/s]100%|██████████| 1/1 [00:00<00:00,  3.03it/s]Predicted melting temperature: [57.75813293457031]
  seed_119 arm=t1_base pH=7.4 target=+0.0    Tm=64.55  replicas=[64.0, 71.9, 57.8]
100%|██████████| 1/1 [00:00<00:00,  3.01it/s]Predicted melting temperature: [72.80715942382812]
100%|██████████| 1/1 [00:00<00:00,  2.72it/s]
  0%|          | 0/1 [00:00<?, ?it/s]100%|██████████| 1/1 [00:00<00:00,  2.70it/s]
Predicted melting temperature: [57.11228942871094]
  seed_120 arm=t1_cond pH=7.4 target=+0.0    Tm=63.25  replicas=[65.7, 66.9, 57.1]
  0%|          | 0/1 [00:00<?, ?it/s]100%|██████████| 1/1 [00:00<00:00,  2.71it/s]100%|██████████| 1/1 [00:00<00:00,  2.74it/s]Predicted melting temperature: [55.34419250488281]
100%|██████████| 1/1 [00:00<00:00,  2.69it/s]
  0%|          | 0/1 [00:00<?, ?it/s]100%|██████████| 1/1 [00:00<00:00,  2.61it/s]
  0%|          | 0/1 [00:00<?, ?it/s]Predicted melting temperature: [52.492218017578125]
  0%|          | 0/1 [00:00<?, ?it/s]100%|██████████| 1/1 [00:00<00:00,  2.69it/s]100%|██████████| 1/1 [00:00<00:00,  2.63it/s]Predicted melting temperature: [67.0962142944336]

  0%|          | 0/1 [00:00<?, ?it/s]100%|██████████| 1/1 [00:00<00:00,  2.50it/s]100%|██████████| 1/1 [00:00<00:00,  2.46it/s]
Predicted melting temperature: [57.59845733642578]
  seed_120 arm=t2_ph pH=7.4 target=均值占位 ch   Tm=52.92  replicas=[47.1, 54.0, 57.6]
Predicted melting temperature: [55.835479736328125]
  0%|          | 0/1 [00:00<?, ?it/s]100%|██████████| 1/1 [00:00<00:00,  2.37it/s]100%|██████████| 1/1 [00:00<00:00,  2.36it/s]
  0%|          | 0/1 [00:00<?, ?it/s]100%|██████████| 1/1 [00:00<00:00,  2.24it/s]Predicted melting temperature: [52.85303497314453]
100%|██████████| 1/1 [00:00<00:00,  2.02it/s]  0%|          | 0/1 [00:00<?, ?it/s]100%|██████████| 1/1 [00:00<00:00,  2.21it/s]100%|██████████| 1/1 [00:00<00:00,  2.01it/s]

Predicted melting temperature: [81.78203582763672]
  seed_118 arm=t2_pos pH=7.4 target=+12.0    Tm=81.70  replicas=[84.4, 78.9, 81.8]
Predicted melting temperature: [75.50068664550781]
  0%|          | 0/1 [00:00<?, ?it/s]  0%|          | 0/1 [00:00<?, ?it/s]100%|██████████| 1/1 [00:00<00:00,  2.09it/s]100%|██████████| 1/1 [00:00<00:00,  2.09it/s]
100%|██████████| 1/1 [00:00<00:00,  2.09it/s]Predicted melting temperature: [58.37877655029297]
  seed_116 arm=t2_pos pH=7.4 target=+11.0    Tm=64.83  replicas=[63.7, 72.4, 58.4]
100%|██████████| 1/1 [00:00<00:00,  2.06it/s]
100%|██████████| 1/1 [00:00<00:00,  2.07it/s]Predicted melting temperature: [76.4532699584961]
  0%|          | 0/1 [00:00<?, ?it/s]  0%|          | 0/1 [00:00<?, ?it/s]100%|██████████| 1/1 [00:00<00:00,  2.05it/s]
Predicted melting temperature: [54.88821792602539]
  0%|          | 0/1 [00:00<?, ?it/s]100%|██████████| 1/1 [00:00<00:00,  1.91it/s]100%|██████████| 1/1 [00:00<00:00,  1.91it/s]100%|██████████| 1/1 [00:00<00:00,  4.92it/s]
100%|██████████| 1/1 [00:00<00:00,  1.83it/s]Predicted melting temperature: [59.131813049316406]
  seed_118 arm=t2_pos pH=7.4 target=+3.0 c   Tm=64.71  replicas=[64.6, 70.4, 59.1]
100%|██████████| 1/1 [00:00<00:00,  4.78it/s]
100%|██████████| 1/1 [00:00<00:00,  1.81it/s]
Predicted melting temperature: [60.183876037597656]
Predicted melting temperature: [54.008575439453125]
  0%|          | 0/1 [00:00<?, ?it/s]  0%|          | 0/1 [00:00<?, ?it/s]  0%|          | 0/1 [00:00<?, ?it/s]100%|██████████| 1/1 [00:00<00:00,  1.61it/s]100%|██████████| 1/1 [00:00<00:00,  1.61it/s]
Predicted melting temperature: [77.15701293945312]
  0%|          | 0/1 [00:00<?, ?it/s]100%|██████████| 1/1 [00:00<00:00,  1.64it/s]100%|██████████| 1/1 [00:00<00:00,  1.63it/s]
100%|██████████| 1/1 [00:00<00:00,  4.59it/s]Predicted melting temperature: [74.66612243652344]
  0%|          | 0/1 [00:00<?, ?it/s]100%|██████████| 1/1 [00:00<00:00,  4.50it/s]
Predicted melting temperature: [58.32978820800781]
  seed_120 arm=t2_pos pH=7.4 target=+2.0 c   Tm=53.40  replicas=[49.4, 52.5, 58.3]
  0%|          | 0/1 [00:00<?, ?it/s]100%|██████████| 1/1 [00:00<00:00,  3.70it/s]100%|██████████| 1/1 [00:00<00:00,  3.58it/s]
Predicted melting temperature: [58.22007751464844]
  seed_116 arm=t2_ph pH=7.4 target=均值占位 ch   Tm=59.34  replicas=[62.4, 57.5, 58.2]
  0%|          | 0/1 [00:00<?, ?it/s]100%|██████████| 1/1 [00:00<00:00,  4.10it/s]100%|██████████| 1/1 [00:00<00:00,  4.09it/s]
100%|██████████| 1/1 [00:00<00:00,  3.00it/s]100%|██████████| 1/1 [00:00<00:00,  3.27it/s]100%|██████████| 1/1 [00:00<00:00,  2.98it/s]
100%|██████████| 1/1 [00:00<00:00,  3.26it/s]
Predicted melting temperature: [63.83827209472656]
Predicted melting temperature: [67.58370208740234]
Predicted melting temperature: [66.99494934082031]
100%|██████████| 1/1 [00:00<00:00,  3.45it/s]100%|██████████| 1/1 [00:00<00:00,  2.78it/s]100%|██████████| 1/1 [00:00<00:00,  3.02it/s]100%|██████████| 1/1 [00:00<00:00,  4.76it/s]100%|██████████| 1/1 [00:00<00:00,  3.01it/s]100%|██████████| 1/1 [00:00<00:00,  3.71it/s]100%|██████████| 1/1 [00:00<00:00,  4.49it/s]100%|██████████| 1/1 [00:00<00:00,  3.38it/s]100%|██████████| 1/1 [00:00<00:00,  2.07it/s]100%|██████████| 1/1 [00:00<00:00,  2.83it/s]100%|██████████| 1/1 [00:00<00:00,  2.84it/s]100%|██████████| 1/1 [00:00<00:00,  2.11it/s]100%|██████████| 1/1 [00:00<00:00,  3.32it/s]100%|██████████| 1/1 [00:00<00:00,  2.11it/s]100%|██████████| 1/1 [00:00<00:00,  2.10it/s]100%|██████████| 1/1 [00:00<00:00,  2.33it/s]100%|██████████| 1/1 [00:00<00:00,  1.98it/s]  0%|          | 0/1 [00:00<?, ?it/s]  0%|          | 0/1 [00:00<?, ?it/s]  0%|          | 0/1 [00:00<?, ?it/s]100%|██████████| 1/1 [00:00<00:00,  1.15it/s]100%|██████████| 1/1 [00:00<00:00,  1.06it/s]
100%|██████████| 1/1 [00:00<00:00,  1.25it/s]
100%|██████████| 1/1 [00:00<00:00,  1.11it/s]
100%|██████████| 1/1 [00:00<00:00,  1.44it/s]
100%|██████████| 1/1 [00:00<00:00,  1.32it/s]
100%|██████████| 1/1 [00:00<00:00,  1.14it/s]
100%|██████████| 1/1 [00:00<00:00,  1.31it/s]
100%|██████████| 1/1 [00:00<00:00,  1.07it/s]100%|██████████| 1/1 [00:00<00:00,  1.31it/s]
100%|██████████| 1/1 [00:00<00:00,  1.16it/s]
100%|██████████| 1/1 [00:00<00:00,  1.25it/s]
100%|██████████| 1/1 [00:00<00:00,  1.22it/s]
100%|██████████| 1/1 [00:00<00:00,  1.35it/s]
100%|██████████| 1/1 [00:00<00:00,  1.39it/s]
100%|██████████| 1/1 [00:00<00:00,  1.44it/s]
100%|██████████| 1/1 [00:00<00:00,  1.17it/s]
Predicted melting temperature: [53.015281677246094]
  seed_119 arm=t1_cond pH=7.4 target=-1.0    Tm=51.84  replicas=[47.2, 55.3, 53.0]

Predicted melting temperature: [55.905025482177734]
  seed_117 arm=t1_base pH=7.4 target=+8.0    Tm=64.98  replicas=[63.5, 75.5, 55.9]
Predicted melting temperature: [55.18170928955078]
  seed_119 arm=t2_neg pH=7.4 target=-6.0 c   Tm=55.29  replicas=[54.8, 55.8, 55.2]
Predicted melting temperature: [53.40293884277344]
  seed_121 arm=t2_neg pH=7.4 target=-5.0 c   Tm=61.68  replicas=[64.6, 67.1, 53.4]
Predicted melting temperature: [58.9699592590332]
  seed_119 arm=t1_base pH=7.4 target=+9.0    Tm=62.62  replicas=[56.1, 72.8, 59.0]
Predicted melting temperature: [57.59845733642578]
  seed_120 arm=t1_base pH=7.4 target=-1.0    Tm=52.92  replicas=[47.1, 54.0, 57.6]

Predicted melting temperature: [52.731353759765625]
  seed_119 arm=t2_neg pH=7.4 target=+4.0 c   Tm=60.43  replicas=[53.9, 74.7, 52.7]
Predicted melting temperature: [78.66524505615234]
Predicted melting temperature: [64.53280639648438]
Predicted melting temperature: [70.14889526367188]
  0%|          | 0/1 [00:00<?, ?it/s]Predicted melting temperature: [68.11351013183594]
Predicted melting temperature: [77.01502990722656]
Predicted melting temperature: [68.18403625488281]
Predicted melting temperature: [72.25904846191406]
  0%|          | 0/1 [00:00<?, ?it/s]Predicted melting temperature: [66.58638763427734]
  0%|          | 0/1 [00:00<?, ?it/s]Predicted melting temperature: [62.947052001953125]
  0%|          | 0/1 [00:00<?, ?it/s]  0%|          | 0/1 [00:00<?, ?it/s]  0%|          | 0/1 [00:00<?, ?it/s]  0%|          | 0/1 [00:00<?, ?it/s]  0%|          | 0/1 [00:00<?, ?it/s]  0%|          | 0/1 [00:00<?, ?it/s]  0%|          | 0/1 [00:00<?, ?it/s]  0%|          | 0/1 [00:00<?, ?it/s]  0%|          | 0/1 [00:00<?, ?it/s]  0%|          | 0/1 [00:00<?, ?it/s]  0%|          | 0/1 [00:00<?, ?it/s]  0%|          | 0/1 [00:00<?, ?it/s]Predicted melting temperature: [57.66835403442383]
  0%|          | 0/1 [00:00<?, ?it/s]  0%|          | 0/1 [00:00<?, ?it/s]100%|██████████| 1/1 [00:00<00:00,  3.26it/s]100%|██████████| 1/1 [00:00<00:00,  3.26it/s]
Predicted melting temperature: [62.03545379638672]
  seed_120 arm=t1_cond pH=7.4 target=+9.0    Tm=60.63  replicas=[52.9, 67.0, 62.0]
  0%|          | 0/1 [00:00<?, ?it/s]100%|██████████| 1/1 [00:00<00:00,  3.54it/s]100%|██████████| 1/1 [00:00<00:00,  3.53it/s]
Predicted melting temperature: [69.5223388671875]
  0%|          | 0/1 [00:00<?, ?it/s]100%|██████████| 1/1 [00:00<00:00,  3.37it/s]100%|██████████| 1/1 [00:00<00:00,  3.31it/s]
100%|██████████| 1/1 [00:00<00:00,  3.30it/s]100%|██████████| 1/1 [00:00<00:00,  3.30it/s]100%|██████████| 1/1 [00:00<00:00,  3.18it/s]100%|██████████| 1/1 [00:00<00:00,  3.24it/s]
100%|██████████| 1/1 [00:00<00:00,  3.15it/s]100%|██████████| 1/1 [00:00<00:00,  3.24it/s]

Predicted melting temperature: [59.02906036376953]
Predicted melting temperature: [57.899879455566406]
Predicted melting temperature: [68.21586608886719]
Predicted melting temperature: [50.40859603881836]
  0%|          | 0/1 [00:00<?, ?it/s]  0%|          | 0/1 [00:00<?, ?it/s]  0%|          | 0/1 [00:00<?, ?it/s]  0%|          | 0/1 [00:00<?, ?it/s]100%|██████████| 1/1 [00:00<00:00,  3.01it/s]100%|██████████| 1/1 [00:00<00:00,  2.98it/s]
Predicted melting temperature: [80.80706787109375]
  seed_119 arm=t2_ph pH=7.4 target=均值占位 ch   Tm=78.64  replicas=[76.5, 78.7, 80.8]
  0%|          | 0/1 [00:00<?, ?it/s]100%|██████████| 1/1 [00:00<00:00,  3.01it/s]100%|██████████| 1/1 [00:00<00:00,  2.98it/s]
100%|██████████| 1/1 [00:00<00:00,  2.65it/s]Predicted melting temperature: [62.72191619873047]
  0%|          | 0/1 [00:00<?, ?it/s]100%|██████████| 1/1 [00:00<00:00,  2.60it/s]
100%|██████████| 1/1 [00:00<00:00,  2.60it/s]Predicted melting temperature: [70.989501953125]
  0%|          | 0/1 [00:00<?, ?it/s]100%|██████████| 1/1 [00:00<00:00,  2.55it/s]
Predicted melting temperature: [66.85035705566406]
  0%|          | 0/1 [00:00<?, ?it/s]100%|██████████| 1/1 [00:00<00:00,  2.56it/s]100%|██████████| 1/1 [00:00<00:00,  2.56it/s]
100%|██████████| 1/1 [00:00<00:00,  2.56it/s]Predicted melting temperature: [70.45034790039062]
  0%|          | 0/1 [00:00<?, ?it/s]100%|██████████| 1/1 [00:00<00:00,  2.50it/s]
100%|██████████| 1/1 [00:00<00:00,  2.43it/s]Predicted melting temperature: [54.6421012878418]
  0%|          | 0/1 [00:00<?, ?it/s]100%|██████████| 1/1 [00:00<00:00,  2.40it/s]
100%|██████████| 1/1 [00:00<00:00,  2.34it/s]100%|██████████| 1/1 [00:00<00:00,  2.41it/s]Predicted melting temperature: [52.73270797729492]
100%|██████████| 1/1 [00:00<00:00,  2.30it/s]
100%|██████████| 1/1 [00:00<00:00,  2.40it/s]  0%|          | 0/1 [00:00<?, ?it/s]
Predicted melting temperature: [46.5284538269043]
  seed_117 arm=t2_ph pH=7.4 target=均值占位 ch   Tm=57.19  replicas=[54.9, 70.1, 46.5]
Predicted melting temperature: [73.00385284423828]
  0%|          | 0/1 [00:00<?, ?it/s]  0%|          | 0/1 [00:00<?, ?it/s]100%|██████████| 1/1 [00:00<00:00,  2.08it/s]100%|██████████| 1/1 [00:00<00:00,  2.08it/s]
Predicted melting temperature: [76.17658996582031]
  0%|          | 0/1 [00:00<?, ?it/s]100%|██████████| 1/1 [00:00<00:00,  1.98it/s]100%|██████████| 1/1 [00:00<00:00,  1.98it/s]
Predicted melting temperature: [62.54278564453125]
  seed_118 arm=t2_neg pH=7.4 target=+3.0 c   Tm=72.24  replicas=[77.2, 77.0, 62.5]
100%|██████████| 1/1 [00:00<00:00,  1.92it/s]  0%|          | 0/1 [00:00<?, ?it/s]100%|██████████| 1/1 [00:00<00:00,  1.91it/s]
Predicted melting temperature: [45.94429016113281]
  seed_118 arm=t1_cond pH=7.4 target=+8.0    Tm=59.46  replicas=[60.2, 72.3, 45.9]
  0%|          | 0/1 [00:00<?, ?it/s]100%|██████████| 1/1 [00:00<00:00,  4.72it/s]100%|██████████| 1/1 [00:00<00:00,  4.64it/s]
Predicted melting temperature: [60.12680435180664]
  0%|          | 0/1 [00:00<?, ?it/s]100%|██████████| 1/1 [00:00<00:00,  4.80it/s]100%|██████████| 1/1 [00:00<00:00,  4.79it/s]
100%|██████████| 1/1 [00:00<00:00,  4.20it/s]100%|██████████| 1/1 [00:00<00:00,  4.09it/s]
100%|██████████| 1/1 [00:00<00:00,  1.78it/s]Predicted melting temperature: [59.156158447265625]
100%|██████████| 1/1 [00:00<00:00,  3.50it/s]Predicted melting temperature: [60.616180419921875]
  seed_121 arm=t2_ph pH=7.4 target=均值占位 ch   Tm=62.08  replicas=[66.6, 59.0, 60.6]
100%|██████████| 1/1 [00:00<00:00,  1.75it/s]
  0%|          | 0/1 [00:00<?, ?it/s]100%|██████████| 1/1 [00:00<00:00,  3.48it/s]Predicted melting temperature: [74.92049407958984]

  0%|          | 0/1 [00:00<?, ?it/s]  0%|          | 0/1 [00:00<?, ?it/s]Predicted melting temperature: [57.1373405456543]
  0%|          | 0/1 [00:00<?, ?it/s]100%|██████████| 1/1 [00:00<00:00,  3.50it/s]100%|██████████| 1/1 [00:00<00:00,  3.46it/s]
Predicted melting temperature: [72.59394836425781]
  0%|          | 0/1 [00:00<?, ?it/s]100%|██████████| 1/1 [00:00<00:00,  3.63it/s]100%|██████████| 1/1 [00:00<00:00,  3.55it/s]
Predicted melting temperature: [61.03471374511719]
  seed_120 arm=t1_base pH=7.4 target=+0.0    Tm=66.54  replicas=[67.6, 71.0, 61.0]
  0%|          | 0/1 [00:00<?, ?it/s]100%|██████████| 1/1 [00:00<00:00,  2.72it/s]100%|██████████| 1/1 [00:00<00:00,  2.71it/s]
Predicted melting temperature: [56.933860778808594]
  seed_119 arm=t2_pos pH=7.4 target=+3.0 c   Tm=64.88  replicas=[68.2, 69.5, 56.9]
100%|██████████| 1/1 [00:00<00:00,  3.85it/s]  0%|          | 0/1 [00:00<?, ?it/s]100%|██████████| 1/1 [00:00<00:00,  3.81it/s]
Predicted melting temperature: [72.21405792236328]
  0%|          | 0/1 [00:00<?, ?it/s]100%|██████████| 1/1 [00:00<00:00,  2.58it/s]100%|██████████| 1/1 [00:00<00:00,  2.58it/s]
100%|██████████| 1/1 [00:00<00:00,  3.16it/s]100%|██████████| 1/1 [00:00<00:00,  3.09it/s]
Predicted melting temperature: [57.13810729980469]
  seed_117 arm=t2_ph pH=7.4 target=均值占位 ch   Tm=63.51  replicas=[62.9, 70.5, 57.1]
Predicted melting temperature: [52.711769104003906]
  0%|          | 0/1 [00:00<?, ?it/s]100%|██████████| 1/1 [00:00<00:00,  3.17it/s]100%|██████████| 1/1 [00:00<00:00,  1.33it/s]100%|██████████| 1/1 [00:00<00:00,  3.09it/s]
100%|██████████| 1/1 [00:00<00:00,  1.32it/s]100%|██████████| 1/1 [00:00<00:00,  4.79it/s]
  0%|          | 0/1 [00:00<?, ?it/s]100%|██████████| 1/1 [00:00<00:00,  4.61it/s]
100%|██████████| 1/1 [00:00<00:00,  3.10it/s]Predicted melting temperature: [64.92840576171875]
  seed_120 arm=t2_neg pH=7.4 target=-6.0 c   Tm=58.49  replicas=[50.4, 60.1, 64.9]
100%|██████████| 1/1 [00:00<00:00,  3.01it/s]
Predicted melting temperature: [63.983489990234375]
100%|██████████| 1/1 [00:00<00:00,  2.50it/s]Predicted melting temperature: [68.35350799560547]
  seed_119 arm=t2_pos pH=7.4 target=+12.0    Tm=66.34  replicas=[57.7, 73.0, 68.4]
100%|██████████| 1/1 [00:00<00:00,  2.50it/s]  0%|          | 0/1 [00:00<?, ?it/s]
  0%|          | 0/1 [00:00<?, ?it/s]Predicted melting temperature: [49.24380874633789]
100%|██████████| 1/1 [00:00<00:00,  4.71it/s]Predicted melting temperature: [53.45085525512695]
  seed_121 arm=t1_cond pH=7.4 target=+0.0    Tm=61.38  replicas=[63.8, 66.9, 53.5]
100%|██████████| 1/1 [00:00<00:00,  4.70it/s]
  0%|          | 0/1 [00:00<?, ?it/s]  0%|          | 0/1 [00:00<?, ?it/s]  0%|          | 0/1 [00:00<?, ?it/s]Predicted melting temperature: [60.29631042480469]
  seed_121 arm=t1_base pH=7.4 target=-1.0    Tm=60.72  replicas=[62.7, 59.2, 60.3]
  0%|          | 0/1 [00:00<?, ?it/s]100%|██████████| 1/1 [00:00<00:00,  2.96it/s]100%|██████████| 1/1 [00:00<00:00,  2.96it/s]
Predicted melting temperature: [76.81929016113281]
  0%|          | 0/1 [00:00<?, ?it/s]100%|██████████| 1/1 [00:00<00:00,  2.36it/s]100%|██████████| 1/1 [00:00<00:00,  2.36it/s]
Predicted melting temperature: [78.21764373779297]
  0%|          | 0/1 [00:00<?, ?it/s]100%|██████████| 1/1 [00:00<00:00,  3.15it/s]100%|██████████| 1/1 [00:00<00:00,  3.14it/s]
100%|██████████| 1/1 [00:00<00:00,  4.20it/s]100%|██████████| 1/1 [00:00<00:00,  2.47it/s]100%|██████████| 1/1 [00:00<00:00,  4.10it/s]100%|██████████| 1/1 [00:00<00:00,  2.44it/s]

Predicted melting temperature: [74.92813110351562]
Predicted melting temperature: [56.54042434692383]
  seed_120 arm=t1_base pH=7.4 target=+9.0    Tm=61.13  replicas=[54.6, 72.2, 56.5]
  0%|          | 0/1 [00:00<?, ?it/s]Predicted melting temperature: [79.00640869140625]
  0%|          | 0/1 [00:00<?, ?it/s]  0%|          | 0/1 [00:00<?, ?it/s]100%|██████████| 1/1 [00:00<00:00,  2.58it/s]100%|██████████| 1/1 [00:00<00:00,  2.58it/s]100%|██████████| 1/1 [00:00<00:00,  3.11it/s]
Predicted melting temperature: [62.60139465332031]
  seed_117 arm=t2_pos pH=7.4 target=+11.0    Tm=68.55  replicas=[68.1, 74.9, 62.6]
100%|██████████| 1/1 [00:00<00:00,  3.07it/s]
Predicted melting temperature: [65.56388854980469]
  0%|          | 0/1 [00:00<?, ?it/s]  0%|          | 0/1 [00:00<?, ?it/s]100%|██████████| 1/1 [00:00<00:00,  2.18it/s]100%|██████████| 1/1 [00:00<00:00,  2.15it/s]100%|██████████| 1/1 [00:00<00:00,  3.90it/s]
100%|██████████| 1/1 [00:00<00:00,  1.46it/s]100%|██████████| 1/1 [00:00<00:00,  3.77it/s]100%|██████████| 1/1 [00:00<00:00,  1.45it/s]

100%|██████████| 1/1 [00:00<00:00,  4.74it/s]Predicted melting temperature: [56.92000198364258]
Predicted melting temperature: [62.382843017578125]
  seed_121 arm=t2_pos pH=7.4 target=+2.0 c   Tm=61.61  replicas=[64.5, 57.9, 62.4]
  0%|          | 0/1 [00:00<?, ?it/s]100%|██████████| 1/1 [00:00<00:00,  4.64it/s]
  0%|          | 0/1 [00:00<?, ?it/s]Predicted melting temperature: [58.386199951171875]
100%|██████████| 1/1 [00:00<00:00,  2.28it/s]Predicted melting temperature: [57.91226577758789]
  0%|          | 0/1 [00:00<?, ?it/s]  0%|          | 0/1 [00:00<?, ?it/s]100%|██████████| 1/1 [00:00<00:00,  2.26it/s]
Predicted melting temperature: [57.91226577758789]
  0%|          | 0/1 [00:00<?, ?it/s]100%|██████████| 1/1 [00:00<00:00,  3.70it/s]100%|██████████| 1/1 [00:00<00:00,  3.64it/s]
Predicted melting temperature: [59.10862731933594]
100%|██████████| 1/1 [00:00<00:00,  3.63it/s]100%|██████████| 1/1 [00:00<00:00,  3.11it/s]100%|██████████| 1/1 [00:00<00:00,  2.47it/s]100%|██████████| 1/1 [00:00<00:00,  2.19it/s]100%|██████████| 1/1 [00:00<00:00,  2.99it/s]100%|██████████| 1/1 [00:00<00:00,  2.86it/s]100%|██████████| 1/1 [00:00<00:00,  2.82it/s]100%|██████████| 1/1 [00:00<00:00,  2.76it/s]100%|██████████| 1/1 [00:00<00:00,  3.56it/s]100%|██████████| 1/1 [00:00<00:00,  3.60it/s]100%|██████████| 1/1 [00:00<00:00,  3.97it/s]  0%|          | 0/1 [00:00<?, ?it/s]100%|██████████| 1/1 [00:00<00:00,  1.93it/s]100%|██████████| 1/1 [00:00<00:00,  1.56it/s]
100%|██████████| 1/1 [00:00<00:00,  2.06it/s]
100%|██████████| 1/1 [00:00<00:00,  1.68it/s]100%|██████████| 1/1 [00:00<00:00,  2.55it/s]
100%|██████████| 1/1 [00:00<00:00,  1.99it/s]100%|██████████| 1/1 [00:00<00:00,  2.03it/s]
100%|██████████| 1/1 [00:00<00:00,  2.22it/s]
100%|██████████| 1/1 [00:00<00:00,  2.03it/s]
100%|██████████| 1/1 [00:00<00:00,  2.91it/s]
Predicted melting temperature: [65.59500885009766]
  seed_122 arm=t2_neg pH=7.4 target=-5.0 c   Tm=68.80  replicas=[68.2, 72.6, 65.6]

100%|██████████| 1/1 [00:00<00:00,  2.91it/s]100%|██████████| 1/1 [00:00<00:00,  3.28it/s]
100%|██████████| 1/1 [00:00<00:00,  2.40it/s]


Predicted melting temperature: [49.065940856933594]
  seed_120 arm=t2_neg pH=7.4 target=+4.0 c   Tm=55.26  replicas=[52.7, 64.0, 49.1]
Predicted melting temperature: [62.11077880859375]
  seed_118 arm=t1_base pH=7.4 target=+8.0    Tm=71.70  replicas=[76.2, 76.8, 62.1]
Predicted melting temperature: [71.3528060913086]
  seed_121 arm=t1_cond pH=7.4 target=+9.0    Tm=67.81  replicas=[57.1, 74.9, 71.4]
Predicted melting temperature: [61.81449890136719]
  0%|          | 0/1 [00:00<?, ?it/s]Predicted melting temperature: [81.77981567382812]
Predicted melting temperature: [67.14823150634766]
100%|██████████| 1/1 [00:00<00:00,  3.50it/s]100%|██████████| 1/1 [00:00<00:00,  3.49it/s]
  0%|          | 0/1 [00:00<?, ?it/s]  0%|          | 0/1 [00:00<?, ?it/s]Predicted melting temperature: [78.83329010009766]
  0%|          | 0/1 [00:00<?, ?it/s]Predicted melting temperature: [63.15107727050781]
Predicted melting temperature: [55.90349578857422]
  0%|          | 0/1 [00:00<?, ?it/s]  0%|          | 0/1 [00:00<?, ?it/s]Predicted melting temperature: [51.8785400390625]
  0%|          | 0/1 [00:00<?, ?it/s]  0%|          | 0/1 [00:00<?, ?it/s]  0%|          | 0/1 [00:00<?, ?it/s]Predicted melting temperature: [54.94414520263672]
Predicted melting temperature: [64.60774230957031]
  0%|          | 0/1 [00:00<?, ?it/s]  0%|          | 0/1 [00:00<?, ?it/s]100%|██████████| 1/1 [00:00<00:00,  3.27it/s]100%|██████████| 1/1 [00:00<00:00,  2.50it/s]  0%|          | 0/1 [00:00<?, ?it/s]  0%|          | 0/1 [00:00<?, ?it/s]100%|██████████| 1/1 [00:00<00:00,  2.44it/s]
100%|██████████| 1/1 [00:00<00:00,  3.12it/s]
Predicted melting temperature: [52.96800231933594]
  seed_120 arm=t2_ph pH=7.4 target=均值占位 ch   Tm=54.69  replicas=[52.7, 58.4, 53.0]
Predicted melting temperature: [76.90545654296875]
  0%|          | 0/1 [00:00<?, ?it/s]  0%|          | 0/1 [00:00<?, ?it/s]100%|██████████| 1/1 [00:00<00:00,  2.85it/s]100%|██████████| 1/1 [00:00<00:00,  2.85it/s]
100%|██████████| 1/1 [00:00<00:00,  2.55it/s]100%|██████████| 1/1 [00:00<00:00,  2.53it/s]Predicted melting temperature: [54.94414520263672]

  0%|          | 0/1 [00:00<?, ?it/s]Predicted melting temperature: [70.55613708496094]
  0%|          | 0/1 [00:00<?, ?it/s]100%|██████████| 1/1 [00:00<00:00,  1.64it/s]100%|██████████| 1/1 [00:00<00:00,  1.64it/s]
100%|██████████| 1/1 [00:00<00:00,  1.77it/s]100%|██████████| 1/1 [00:00<00:00,  1.74it/s]
Predicted melting temperature: [69.45328521728516]
100%|██████████| 1/1 [00:00<00:00,  3.59it/s]100%|██████████| 1/1 [00:00<00:00,  3.56it/s]
  0%|          | 0/1 [00:00<?, ?it/s]Predicted melting temperature: [52.00067138671875]
Predicted melting temperature: [56.42829132080078]
  seed_121 arm=t1_base pH=7.4 target=+0.0    Tm=61.71  replicas=[65.6, 63.2, 56.4]
  0%|          | 0/1 [00:00<?, ?it/s]  0%|          | 0/1 [00:00<?, ?it/s]100%|██████████| 1/1 [00:00<00:00,  3.67it/s]100%|██████████| 1/1 [00:00<00:00,  3.67it/s]
100%|██████████| 1/1 [00:00<00:00,  4.36it/s]100%|██████████| 1/1 [00:00<00:00,  3.26it/s]100%|██████████| 1/1 [00:00<00:00,  3.25it/s]
100%|██████████| 1/1 [00:00<00:00,  4.26it/s]100%|██████████| 1/1 [00:00<00:00,  3.32it/s]
100%|██████████| 1/1 [00:00<00:00,  3.06it/s]Predicted melting temperature: [52.66405487060547]
100%|██████████| 1/1 [00:00<00:00,  3.25it/s]100%|██████████| 1/1 [00:00<00:00,  3.00it/s]

  0%|          | 0/1 [00:00<?, ?it/s]Predicted melting temperature: [66.08930969238281]
  seed_122 arm=t2_ph pH=7.4 target=均值占位 ch   Tm=59.65  replicas=[57.9, 54.9, 66.1]
100%|██████████| 1/1 [00:00<00:00,  2.63it/s]Predicted melting temperature: [66.08930969238281]
  seed_122 arm=t1_base pH=7.4 target=-1.0    Tm=59.65  replicas=[57.9, 54.9, 66.1]
100%|██████████| 1/1 [00:00<00:00,  3.10it/s]Predicted melting temperature: [64.04415130615234]
100%|██████████| 1/1 [00:00<00:00,  3.06it/s]100%|██████████| 1/1 [00:00<00:00,  2.59it/s]

  0%|          | 0/1 [00:00<?, ?it/s]Predicted melting temperature: [75.366943359375]
  0%|          | 0/1 [00:00<?, ?it/s]Predicted melting temperature: [54.09781265258789]
  0%|          | 0/1 [00:00<?, ?it/s]  0%|          | 0/1 [00:00<?, ?it/s]  0%|          | 0/1 [00:00<?, ?it/s]Predicted melting temperature: [57.95875549316406]
100%|██████████| 1/1 [00:00<00:00,  2.91it/s]100%|██████████| 1/1 [00:00<00:00,  2.90it/s]
  0%|          | 0/1 [00:00<?, ?it/s]Predicted melting temperature: [56.55894470214844]
  seed_120 arm=t1_cond pH=7.4 target=-1.0    Tm=52.56  replicas=[49.2, 51.9, 56.6]
100%|██████████| 1/1 [00:00<00:00,  2.59it/s]  0%|          | 0/1 [00:00<?, ?it/s]100%|██████████| 1/1 [00:00<00:00,  2.58it/s]
Predicted melting temperature: [71.08661651611328]
  0%|          | 0/1 [00:00<?, ?it/s]100%|██████████| 1/1 [00:00<00:00,  2.60it/s]100%|██████████| 1/1 [00:00<00:00,  2.60it/s]
100%|██████████| 1/1 [00:00<00:00,  2.56it/s]100%|██████████| 1/1 [00:00<00:00,  2.55it/s]
Predicted melting temperature: [69.63676452636719]
  seed_119 arm=t2_neg pH=7.4 target=+3.0 c   Tm=75.18  replicas=[79.0, 76.9, 69.6]
Predicted melting temperature: [70.55484008789062]
  0%|          | 0/1 [00:00<?, ?it/s]  0%|          | 0/1 [00:00<?, ?it/s]100%|██████████| 1/1 [00:00<00:00,  2.21it/s]100%|██████████| 1/1 [00:00<00:00,  2.18it/s]100%|██████████| 1/1 [00:00<00:00,  2.20it/s]
100%|██████████| 1/1 [00:00<00:00,  2.75it/s]100%|██████████| 1/1 [00:00<00:00,  2.18it/s]
100%|██████████| 1/1 [00:00<00:00,  2.73it/s]
100%|██████████| 1/1 [00:00<00:00,  2.15it/s]Predicted melting temperature: [65.89556121826172]
  seed_118 arm=t2_ph pH=7.4 target=均值占位 ch   Tm=74.32  replicas=[78.2, 78.8, 65.9]
Predicted melting temperature: [65.03990173339844]
100%|██████████| 1/1 [00:00<00:00,  2.04it/s]Predicted melting temperature: [43.826011657714844]
  seed_119 arm=t1_cond pH=7.4 target=+8.0    Tm=57.10  replicas=[56.9, 70.6, 43.8]
100%|██████████| 1/1 [00:00<00:00,  2.11it/s]100%|██████████| 1/1 [00:00<00:00,  2.03it/s]
  0%|          | 0/1 [00:00<?, ?it/s]
  0%|          | 0/1 [00:00<?, ?it/s]  0%|          | 0/1 [00:00<?, ?it/s]Predicted melting temperature: [62.93190002441406]
  0%|          | 0/1 [00:00<?, ?it/s]Predicted melting temperature: [54.37333297729492]
  0%|          | 0/1 [00:00<?, ?it/s]100%|██████████| 1/1 [00:00<00:00,  1.90it/s]100%|██████████| 1/1 [00:00<00:00,  1.90it/s]
Predicted melting temperature: [72.69613647460938]
  0%|          | 0/1 [00:00<?, ?it/s]100%|██████████| 1/1 [00:00<00:00,  4.39it/s]100%|██████████| 1/1 [00:00<00:00,  4.39it/s]
100%|██████████| 1/1 [00:00<00:00,  3.18it/s]100%|██████████| 1/1 [00:00<00:00,  3.59it/s]100%|██████████| 1/1 [00:00<00:00,  3.16it/s]
100%|██████████| 1/1 [00:00<00:00,  3.58it/s]
100%|██████████| 1/1 [00:00<00:00,  3.77it/s]100%|██████████| 1/1 [00:00<00:00,  3.71it/s]
Predicted melting temperature: [51.24658966064453]
Predicted melting temperature: [54.24665069580078]
Predicted melting temperature: [51.33200454711914]
Predicted melting temperature: [70.69805908203125]
  0%|          | 0/1 [00:00<?, ?it/s]  0%|          | 0/1 [00:00<?, ?it/s]  0%|          | 0/1 [00:00<?, ?it/s]  0%|          | 0/1 [00:00<?, ?it/s]100%|██████████| 1/1 [00:00<00:00,  3.00it/s]100%|██████████| 1/1 [00:00<00:00,  2.91it/s]100%|██████████| 1/1 [00:00<00:00,  3.62it/s]
100%|██████████| 1/1 [00:00<00:00,  3.56it/s]100%|██████████| 1/1 [00:00<00:00,  3.42it/s]
Predicted melting temperature: [58.269874572753906]
  seed_121 arm=t2_neg pH=7.4 target=-6.0 c   Tm=58.45  replicas=[59.1, 58.0, 58.3]
100%|██████████| 1/1 [00:00<00:00,  3.36it/s]Predicted melting temperature: [66.72442626953125]
100%|██████████| 1/1 [00:00<00:00,  3.19it/s]
  0%|          | 0/1 [00:00<?, ?it/s]100%|██████████| 1/1 [00:00<00:00,  3.18it/s]  0%|          | 0/1 [00:00<?, ?it/s]
100%|██████████| 1/1 [00:00<00:00,  3.24it/s]Predicted melting temperature: [51.41127014160156]
  seed_121 arm=t1_base pH=7.4 target=+9.0    Tm=57.12  replicas=[55.9, 64.0, 51.4]
100%|██████████| 1/1 [00:00<00:00,  3.18it/s]
Predicted melting temperature: [77.2201156616211]
  seed_120 arm=t2_pos pH=7.4 target=+12.0    Tm=78.12  replicas=[81.8, 75.4, 77.2]
Predicted melting temperature: [51.33200454711914]
  0%|          | 0/1 [00:00<?, ?it/s]  0%|          | 0/1 [00:00<?, ?it/s]  0%|          | 0/1 [00:00<?, ?it/s]100%|██████████| 1/1 [00:00<00:00,  4.10it/s]100%|██████████| 1/1 [00:00<00:00,  4.10it/s]100%|██████████| 1/1 [00:00<00:00,  3.46it/s]
Predicted melting temperature: [55.47365188598633]
  seed_118 arm=t2_ph pH=7.4 target=均值占位 ch   Tm=60.07  replicas=[61.8, 62.9, 55.5]
100%|██████████| 1/1 [00:00<00:00,  3.39it/s]100%|██████████| 1/1 [00:00<00:00,  2.74it/s]
  0%|          | 0/1 [00:00<?, ?it/s]Predicted melting temperature: [58.29408645629883]
  seed_122 arm=t1_cond pH=7.4 target=+0.0    Tm=64.49  replicas=[64.6, 70.6, 58.3]
100%|██████████| 1/1 [00:00<00:00,  2.72it/s]
Predicted melting temperature: [62.20218276977539]
  seed_120 arm=t2_pos pH=7.4 target=+3.0 c   Tm=66.81  replicas=[67.1, 71.1, 62.2]
  0%|          | 0/1 [00:00<?, ?it/s]100%|██████████| 1/1 [00:00<00:00,  3.57it/s]100%|██████████| 1/1 [00:00<00:00,  3.47it/s]
  0%|          | 0/1 [00:00<?, ?it/s]Predicted melting temperature: [66.78992462158203]
  0%|          | 0/1 [00:00<?, ?it/s]100%|██████████| 1/1 [00:00<00:00,  3.08it/s]100%|██████████| 1/1 [00:00<00:00,  3.08it/s]
100%|██████████| 1/1 [00:00<00:00,  4.79it/s]Predicted melting temperature: [67.64361572265625]
100%|██████████| 1/1 [00:00<00:00,  4.69it/s]
  0%|          | 0/1 [00:00<?, ?it/s]Predicted melting temperature: [57.12150955200195]
  0%|          | 0/1 [00:00<?, ?it/s]100%|██████████| 1/1 [00:00<00:00,  2.20it/s]100%|██████████| 1/1 [00:00<00:00,  2.20it/s]
100%|██████████| 1/1 [00:00<00:00,  2.42it/s]100%|██████████| 1/1 [00:00<00:00,  1.83it/s]100%|██████████| 1/1 [00:00<00:00,  2.37it/s]
100%|██████████| 1/1 [00:00<00:00,  1.81it/s]
100%|██████████| 1/1 [00:00<00:00,  1.59it/s]Predicted melting temperature: [68.58978271484375]
Predicted melting temperature: [63.91069412231445]
  0%|          | 0/1 [00:00<?, ?it/s]  0%|          | 0/1 [00:00<?, ?it/s]100%|██████████| 1/1 [00:00<00:00,  1.58it/s]Predicted melting temperature: [72.31551361083984]

  0%|          | 0/1 [00:00<?, ?it/s]100%|██████████| 1/1 [00:00<00:00,  3.84it/s]Predicted melting temperature: [75.36257934570312]
100%|██████████| 1/1 [00:00<00:00,  3.76it/s]
  0%|          | 0/1 [00:00<?, ?it/s]100%|██████████| 1/1 [00:00<00:00,  2.19it/s]Predicted melting temperature: [72.30138397216797]
100%|██████████| 1/1 [00:00<00:00,  2.13it/s]  0%|          | 0/1 [00:00<?, ?it/s]
100%|██████████| 1/1 [00:00<00:00,  3.08it/s]Predicted melting temperature: [77.9352035522461]
  0%|          | 0/1 [00:00<?, ?it/s]100%|██████████| 1/1 [00:00<00:00,  3.01it/s]
Predicted melting temperature: [57.765625]
  seed_122 arm=t2_pos pH=7.4 target=+2.0 c   Tm=54.67  replicas=[52.0, 54.2, 57.8]
100%|██████████| 1/1 [00:00<00:00,  2.86it/s]100%|██████████| 1/1 [00:00<00:00,  2.86it/s]
Predicted melting temperature: [52.9796142578125]
  seed_121 arm=t2_ph pH=7.4 target=均值占位 ch   Tm=58.78  replicas=[52.7, 70.7, 53.0]
  0%|          | 0/1 [00:00<?, ?it/s]100%|██████████| 1/1 [00:00<00:00,  3.00it/s]100%|██████████| 1/1 [00:00<00:00,  3.00it/s]
  0%|          | 0/1 [00:00<?, ?it/s]Predicted melting temperature: [60.59552764892578]
  0%|          | 0/1 [00:00<?, ?it/s]100%|██████████| 1/1 [00:00<00:00,  3.09it/s]100%|██████████| 1/1 [00:00<00:00,  3.08it/s]
100%|██████████| 1/1 [00:00<00:00,  4.19it/s]Predicted melting temperature: [62.333370208740234]
100%|██████████| 1/1 [00:00<00:00,  3.56it/s]  0%|          | 0/1 [00:00<?, ?it/s]100%|██████████| 1/1 [00:00<00:00,  4.10it/s]
100%|██████████| 1/1 [00:00<00:00,  3.54it/s]
Predicted melting temperature: [51.481590270996094]
  seed_123 arm=t2_neg pH=7.4 target=-5.0 c   Tm=61.10  replicas=[65.0, 66.8, 51.5]
Predicted melting temperature: [61.7927131652832]
  0%|          | 0/1 [00:00<?, ?it/s]  0%|          | 0/1 [00:00<?, ?it/s]100%|██████████| 1/1 [00:00<00:00,  4.79it/s]100%|██████████| 1/1 [00:00<00:00,  4.78it/s]100%|██████████| 1/1 [00:00<00:00,  1.92it/s]
100%|██████████| 1/1 [00:00<00:00,  2.64it/s]Predicted melting temperature: [62.80780792236328]
  seed_123 arm=t1_base pH=7.4 target=-1.0    Tm=57.09  replicas=[51.3, 57.1, 62.8]
100%|██████████| 1/1 [00:00<00:00,  1.83it/s]
100%|██████████| 1/1 [00:00<00:00,  2.53it/s]100%|██████████| 1/1 [00:00<00:00,  3.21it/s]
100%|██████████| 1/1 [00:00<00:00,  3.18it/s]
  0%|          | 0/1 [00:00<?, ?it/s]Predicted melting temperature: [75.09231567382812]
Predicted melting temperature: [82.19788360595703]
  0%|          | 0/1 [00:00<?, ?it/s]  0%|          | 0/1 [00:00<?, ?it/s]Predicted melting temperature: [67.98177337646484]
  0%|          | 0/1 [00:00<?, ?it/s]100%|██████████| 1/1 [00:00<00:00,  3.60it/s]100%|██████████| 1/1 [00:00<00:00,  3.60it/s]
100%|██████████| 1/1 [00:00<00:00,  2.78it/s]Predicted melting temperature: [53.15339660644531]
  seed_121 arm=t2_neg pH=7.4 target=+4.0 c   Tm=58.39  replicas=[54.4, 67.6, 53.2]
100%|██████████| 1/1 [00:00<00:00,  2.72it/s]  0%|          | 0/1 [00:00<?, ?it/s]
100%|██████████| 1/1 [00:00<00:00,  2.28it/s]100%|██████████| 1/1 [00:00<00:00,  2.24it/s]Predicted melting temperature: [65.79319763183594]

  0%|          | 0/1 [00:00<?, ?it/s]100%|██████████| 1/1 [00:00<00:00,  1.94it/s]100%|██████████| 1/1 [00:00<00:00,  1.91it/s]Predicted melting temperature: [57.12150955200195]

  0%|          | 0/1 [00:00<?, ?it/s]Predicted melting temperature: [56.72636032104492]
  0%|          | 0/1 [00:00<?, ?it/s]100%|██████████| 1/1 [00:00<00:00,  3.57it/s]100%|██████████| 1/1 [00:00<00:00,  3.56it/s]
Predicted melting temperature: [64.6469955444336]
  seed_122 arm=t1_base pH=7.4 target=+0.0    Tm=67.89  replicas=[66.7, 72.3, 64.6]
  0%|          | 0/1 [00:00<?, ?it/s]100%|██████████| 1/1 [00:00<00:00,  3.96it/s]100%|██████████| 1/1 [00:00<00:00,  3.95it/s]100%|██████████| 1/1 [00:00<00:00,  3.57it/s]
100%|██████████| 1/1 [00:00<00:00,  3.47it/s]
Predicted melting temperature: [56.556724548339844]
100%|██████████| 1/1 [00:00<00:00,  2.55it/s]Predicted melting temperature: [66.10014343261719]
  0%|          | 0/1 [00:00<?, ?it/s]100%|██████████| 1/1 [00:00<00:00,  2.55it/s]
  0%|          | 0/1 [00:00<?, ?it/s]Predicted melting temperature: [76.45698547363281]
  0%|          | 0/1 [00:00<?, ?it/s]100%|██████████| 1/1 [00:00<00:00,  3.32it/s]100%|██████████| 1/1 [00:00<00:00,  3.32it/s]
100%|██████████| 1/1 [00:00<00:00,  3.02it/s]100%|██████████| 1/1 [00:00<00:00,  2.97it/s]
Predicted melting temperature: [70.59075164794922]
100%|██████████| 1/1 [00:00<00:00,  2.25it/s]  0%|          | 0/1 [00:00<?, ?it/s]100%|██████████| 1/1 [00:00<00:00,  2.23it/s]
Predicted melting temperature: [48.454383850097656]
  seed_122 arm=t1_cond pH=7.4 target=+9.0    Tm=57.05  replicas=[54.1, 68.6, 48.5]
Predicted melting temperature: [50.94211196899414]
  0%|          | 0/1 [00:00<?, ?it/s]  0%|          | 0/1 [00:00<?, ?it/s]100%|██████████| 1/1 [00:00<00:00,  3.47it/s]100%|██████████| 1/1 [00:00<00:00,  3.43it/s]
100%|██████████| 1/1 [00:00<00:00,  2.77it/s]100%|██████████| 1/1 [00:00<00:00,  2.77it/s]100%|██████████| 1/1 [00:00<00:00,  3.87it/s]
Predicted melting temperature: [50.64421844482422]
  0%|          | 0/1 [00:00<?, ?it/s]100%|██████████| 1/1 [00:00<00:00,  3.76it/s]
100%|██████████| 1/1 [00:00<00:00,  2.07it/s]Predicted melting temperature: [67.92530822753906]
100%|██████████| 1/1 [00:00<00:00,  2.03it/s]
  0%|          | 0/1 [00:00<?, ?it/s]Predicted melting temperature: [53.24477005004883]
Predicted melting temperature: [76.9024658203125]
  0%|          | 0/1 [00:00<?, ?it/s]  0%|          | 0/1 [00:00<?, ?it/s]100%|██████████| 1/1 [00:00<00:00,  2.32it/s]100%|██████████| 1/1 [00:00<00:00,  2.27it/s]
Predicted melting temperature: [50.673892974853516]
  0%|          | 0/1 [00:00<?, ?it/s]100%|██████████| 1/1 [00:00<00:00,  3.47it/s]100%|██████████| 1/1 [00:00<00:00,  3.41it/s]
Predicted melting temperature: [62.558372497558594]
  0%|          | 0/1 [00:00<?, ?it/s]100%|██████████| 1/1 [00:00<00:00,  4.23it/s]100%|██████████| 1/1 [00:00<00:00,  4.22it/s]100%|██████████| 1/1 [00:00<00:00,  3.23it/s]
100%|██████████| 1/1 [00:00<00:00,  3.23it/s]
Predicted melting temperature: [60.42186737060547]
  seed_121 arm=t1_cond pH=7.4 target=-1.0    Tm=56.13  replicas=[51.2, 56.7, 60.4]
Predicted melting temperature: [70.66938781738281]
  0%|          | 0/1 [00:00<?, ?it/s]  0%|          | 0/1 [00:00<?, ?it/s]100%|██████████| 1/1 [00:00<00:00,  3.93it/s]100%|██████████| 1/1 [00:00<00:00,  3.92it/s]
Predicted melting temperature: [58.374080657958984]
  seed_122 arm=t2_neg pH=7.4 target=-6.0 c   Tm=58.51  replicas=[60.6, 56.6, 58.4]
100%|██████████| 1/1 [00:00<00:00,  3.70it/s]100%|██████████| 1/1 [00:00<00:00,  3.69it/s]
  0%|          | 0/1 [00:00<?, ?it/s]Predicted melting temperature: [68.28388977050781]
  0%|          | 0/1 [00:00<?, ?it/s]100%|██████████| 1/1 [00:00<00:00,  2.03it/s]100%|██████████| 1/1 [00:00<00:00,  2.02it/s]
100%|██████████| 1/1 [00:00<00:00,  1.54it/s]100%|██████████| 1/1 [00:00<00:00,  1.93it/s]Predicted melting temperature: [66.647216796875]
100%|██████████| 1/1 [00:00<00:00,  1.53it/s]
100%|██████████| 1/1 [00:00<00:00,  1.92it/s]
  0%|          | 0/1 [00:00<?, ?it/s]Predicted melting temperature: [77.29651641845703]
Predicted melting temperature: [77.50505065917969]
  0%|          | 0/1 [00:00<?, ?it/s]  0%|          | 0/1 [00:00<?, ?it/s]100%|██████████| 1/1 [00:00<00:00,  1.84it/s]100%|██████████| 1/1 [00:00<00:00,  1.84it/s]
Predicted melting temperature: [65.72008514404297]
  seed_119 arm=t1_base pH=7.4 target=+8.0    Tm=71.17  replicas=[72.7, 75.1, 65.7]
100%|██████████| 1/1 [00:00<00:00,  3.94it/s]  0%|          | 0/1 [00:00<?, ?it/s]100%|██████████| 1/1 [00:00<00:00,  3.83it/s]
Predicted melting temperature: [56.828041076660156]
  0%|          | 0/1 [00:00<?, ?it/s]100%|██████████| 1/1 [00:00<00:00,  2.02it/s]100%|██████████| 1/1 [00:00<00:00,  1.99it/s]100%|██████████| 1/1 [00:00<00:00,  3.33it/s]
Predicted melting temperature: [62.80780792236328]
  seed_123 arm=t2_ph pH=7.4 target=均值占位 ch   Tm=57.09  replicas=[51.3, 57.1, 62.8]
100%|██████████| 1/1 [00:00<00:00,  3.26it/s]
Predicted melting temperature: [52.99684524536133]
  0%|          | 0/1 [00:00<?, ?it/s]  0%|          | 0/1 [00:00<?, ?it/s]100%|██████████| 1/1 [00:00<00:00,  3.91it/s]100%|██████████| 1/1 [00:00<00:00,  3.91it/s]
Predicted melting temperature: [57.70429229736328]
  seed_123 arm=t1_cond pH=7.4 target=+0.0    Tm=62.02  replicas=[65.8, 62.6, 57.7]
100%|██████████| 1/1 [00:00<00:00,  3.54it/s]100%|██████████| 1/1 [00:00<00:00,  2.44it/s]100%|██████████| 1/1 [00:00<00:00,  1.26it/s]  0%|          | 0/1 [00:00<?, ?it/s]100%|██████████| 1/1 [00:00<00:00,  2.77it/s]100%|██████████| 1/1 [00:00<00:00,  3.43it/s]
100%|██████████| 1/1 [00:00<00:00,  2.40it/s]
100%|██████████| 1/1 [00:00<00:00,  1.25it/s]
Predicted melting temperature: [65.59229278564453]
  seed_119 arm=t2_ph pH=7.4 target=均值占位 ch   Tm=68.65  replicas=[63.9, 76.5, 65.6]
100%|██████████| 1/1 [00:00<00:00,  2.76it/s]100%|██████████| 1/1 [00:00<00:00,  2.69it/s]Predicted melting temperature: [62.98193359375]
  seed_118 arm=t2_pos pH=7.4 target=+11.0    Tm=69.27  replicas=[69.5, 75.4, 63.0]
Predicted melting temperature: [54.61086654663086]

100%|██████████| 1/1 [00:00<00:00,  2.63it/s]100%|██████████| 1/1 [00:00<00:00,  3.05it/s]
  0%|          | 0/1 [00:00<?, ?it/s]Predicted melting temperature: [56.11034393310547]
  seed_119 arm=t2_ph pH=7.4 target=均值占位 ch   Tm=62.83  replicas=[61.8, 70.6, 56.1]
100%|██████████| 1/1 [00:00<00:00,  3.04it/s]
  0%|          | 0/1 [00:00<?, ?it/s]Predicted melting temperature: [67.93081665039062]
  0%|          | 0/1 [00:00<?, ?it/s]Predicted melting temperature: [73.75190734863281]
  0%|          | 0/1 [00:00<?, ?it/s]  0%|          | 0/1 [00:00<?, ?it/s]  0%|          | 0/1 [00:00<?, ?it/s]100%|██████████| 1/1 [00:00<00:00,  3.82it/s]100%|██████████| 1/1 [00:00<00:00,  3.74it/s]100%|██████████| 1/1 [00:00<00:00,  3.70it/s]
100%|██████████| 1/1 [00:00<00:00,  3.62it/s]Predicted melting temperature: [71.19598388671875]

  0%|          | 0/1 [00:00<?, ?it/s]Predicted melting temperature: [51.12785720825195]
  0%|          | 0/1 [00:00<?, ?it/s]100%|██████████| 1/1 [00:00<00:00,  4.04it/s]100%|██████████| 1/1 [00:00<00:00,  4.04it/s]
Predicted melting temperature: [60.37805938720703]
  seed_124 arm=t2_neg pH=7.4 target=-5.0 c   Tm=64.92  replicas=[66.1, 68.3, 60.4]
  0%|          | 0/1 [00:00<?, ?it/s]100%|██████████| 1/1 [00:00<00:00,  4.63it/s]100%|██████████| 1/1 [00:00<00:00,  4.62it/s]
100%|██████████| 1/1 [00:00<00:00,  2.16it/s]100%|██████████| 1/1 [00:00<00:00,  3.29it/s]Predicted melting temperature: [50.83301544189453]
  seed_124 arm=t1_base pH=7.4 target=-1.0    Tm=52.77  replicas=[50.6, 56.8, 50.8]
100%|██████████| 1/1 [00:00<00:00,  2.13it/s]
100%|██████████| 1/1 [00:00<00:00,  3.24it/s]  0%|          | 0/1 [00:00<?, ?it/s]
Predicted melting temperature: [68.2041244506836]
  seed_121 arm=t2_pos pH=7.4 target=+12.0    Tm=66.15  replicas=[62.3, 67.9, 68.2]
  0%|          | 0/1 [00:00<?, ?it/s]Predicted melting temperature: [58.71070861816406]
  0%|          | 0/1 [00:00<?, ?it/s]100%|██████████| 1/1 [00:00<00:00,  3.99it/s]100%|██████████| 1/1 [00:00<00:00,  3.99it/s]
100%|██████████| 1/1 [00:00<00:00,  4.43it/s]Predicted melting temperature: [61.035701751708984]
  0%|          | 0/1 [00:00<?, ?it/s]100%|██████████| 1/1 [00:00<00:00,  4.31it/s]
Predicted melting temperature: [66.03655242919922]
  0%|          | 0/1 [00:00<?, ?it/s]100%|██████████| 1/1 [00:00<00:00,  1.67it/s]100%|██████████| 1/1 [00:00<00:00,  1.67it/s]
Predicted melting temperature: [55.71431350708008]
  seed_120 arm=t2_neg pH=7.4 target=+3.0 c   Tm=68.31  replicas=[72.3, 76.9, 55.7]
  0%|          | 0/1 [00:00<?, ?it/s]100%|██████████| 1/1 [00:00<00:00,  2.38it/s]100%|██████████| 1/1 [00:00<00:00,  2.35it/s]
Predicted melting temperature: [65.48208618164062]
  seed_120 arm=t1_cond pH=7.4 target=+8.0    Tm=73.64  replicas=[77.9, 77.5, 65.5]
100%|██████████| 1/1 [00:00<00:00,  2.54it/s]100%|██████████| 1/1 [00:00<00:00,  3.80it/s]100%|██████████| 1/1 [00:00<00:00,  3.78it/s]
100%|██████████| 1/1 [00:00<00:00,  2.48it/s]
Predicted melting temperature: [61.49138641357422]
  seed_123 arm=t1_base pH=7.4 target=+0.0    Tm=67.79  replicas=[70.7, 71.2, 61.5]
  0%|          | 0/1 [00:00<?, ?it/s]100%|██████████| 1/1 [00:00<00:00,  3.40it/s]  0%|          | 0/1 [00:00<?, ?it/s]100%|██████████| 1/1 [00:00<00:00,  3.35it/s]
Predicted melting temperature: [78.6375961303711]
  0%|          | 0/1 [00:00<?, ?it/s]100%|██████████| 1/1 [00:00<00:00,  3.22it/s]100%|██████████| 1/1 [00:00<00:00,  3.17it/s]
Predicted melting temperature: [59.45538330078125]
  seed_122 arm=t2_neg pH=7.4 target=+4.0 c   Tm=62.15  replicas=[53.2, 73.8, 59.5]
Predicted melting temperature: [63.75480270385742]
100%|██████████| 1/1 [00:00<00:00,  2.94it/s]  0%|          | 0/1 [00:00<?, ?it/s]100%|██████████| 1/1 [00:00<00:00,  2.92it/s]
  0%|          | 0/1 [00:00<?, ?it/s]100%|██████████| 1/1 [00:00<00:00,  2.50it/s]Predicted melting temperature: [54.91734313964844]
  seed_123 arm=t2_pos pH=7.4 target=+2.0 c   Tm=53.40  replicas=[50.7, 54.6, 54.9]
100%|██████████| 1/1 [00:00<00:00,  2.46it/s]
100%|██████████| 1/1 [00:00<00:00,  2.03it/s]100%|██████████| 1/1 [00:00<00:00,  2.00it/s]  0%|          | 0/1 [00:00<?, ?it/s]
Predicted melting temperature: [61.12278747558594]
  seed_121 arm=t2_pos pH=7.4 target=+3.0 c   Tm=65.25  replicas=[68.0, 66.6, 61.1]
100%|██████████| 1/1 [00:00<00:00,  2.00it/s]Predicted melting temperature: [47.27104949951172]
100%|██████████| 1/1 [00:00<00:00,  3.69it/s]100%|██████████| 1/1 [00:00<00:00,  1.97it/s]
100%|██████████| 1/1 [00:00<00:00,  3.63it/s]
  0%|          | 0/1 [00:00<?, ?it/s]  0%|          | 0/1 [00:00<?, ?it/s]100%|██████████| 1/1 [00:00<00:00,  4.21it/s]Predicted melting temperature: [81.27293395996094]
  seed_122 arm=t1_base pH=7.4 target=+9.0    Tm=80.26  replicas=[82.2, 77.3, 81.3]
100%|██████████| 1/1 [00:00<00:00,  4.15it/s]100%|██████████| 1/1 [00:00<00:00,  4.29it/s]
Predicted melting temperature: [61.61544418334961]
  0%|          | 0/1 [00:00<?, ?it/s]100%|██████████| 1/1 [00:00<00:00,  4.15it/s]
  0%|          | 0/1 [00:00<?, ?it/s]Predicted melting temperature: [51.421199798583984]
  0%|          | 0/1 [00:00<?, ?it/s]100%|██████████| 1/1 [00:00<00:00,  2.56it/s]Predicted melting temperature: [57.427757263183594]
100%|██████████| 1/1 [00:00<00:00,  2.51it/s]
  0%|          | 0/1 [00:00<?, ?it/s]Predicted melting temperature: [48.1312370300293]
  seed_122 arm=t2_ph pH=7.4 target=均值占位 ch   Tm=55.67  replicas=[50.9, 67.9, 48.1]
100%|██████████| 1/1 [00:00<00:00,  2.38it/s]100%|██████████| 1/1 [00:00<00:00,  2.35it/s]
  0%|          | 0/1 [00:00<?, ?it/s]Predicted melting temperature: [61.53836441040039]
  0%|          | 0/1 [00:00<?, ?it/s]100%|██████████| 1/1 [00:00<00:00,  2.51it/s]100%|██████████| 1/1 [00:00<00:00,  2.50it/s]
Predicted melting temperature: [53.95978546142578]
  0%|          | 0/1 [00:00<?, ?it/s]100%|██████████| 1/1 [00:00<00:00,  3.00it/s]100%|██████████| 1/1 [00:00<00:00,  3.00it/s]
Predicted melting temperature: [59.08693313598633]
  0%|          | 0/1 [00:00<?, ?it/s]100%|██████████| 1/1 [00:00<00:00,  3.02it/s]100%|██████████| 1/1 [00:00<00:00,  3.02it/s]
Predicted melting temperature: [70.90069580078125]
  0%|          | 0/1 [00:00<?, ?it/s]100%|██████████| 1/1 [00:00<00:00,  3.70it/s]100%|██████████| 1/1 [00:00<00:00,  3.70it/s]
100%|██████████| 1/1 [00:00<00:00,  2.45it/s]100%|██████████| 1/1 [00:00<00:00,  2.41it/s]100%|██████████| 1/1 [00:00<00:00,  3.25it/s]Predicted melting temperature: [51.02964782714844]

100%|██████████| 1/1 [00:00<00:00,  3.22it/s]
  0%|          | 0/1 [00:00<?, ?it/s]Predicted melting temperature: [52.17014694213867]
  seed_123 arm=t1_cond pH=7.4 target=+9.0    Tm=55.40  replicas=[53.0, 61.0, 52.2]
Predicted melting temperature: [69.37136840820312]
  0%|          | 0/1 [00:00<?, ?it/s]  0%|          | 0/1 [00:00<?, ?it/s]100%|██████████| 1/1 [00:00<00:00,  2.92it/s]100%|██████████| 1/1 [00:00<00:00,  2.92it/s]
100%|██████████| 1/1 [00:00<00:00,  2.99it/s]100%|██████████| 1/1 [00:00<00:00,  3.32it/s]Predicted melting temperature: [70.74696350097656]
100%|██████████| 1/1 [00:00<00:00,  2.91it/s]  0%|          | 0/1 [00:00<?, ?it/s]
100%|██████████| 1/1 [00:00<00:00,  3.22it/s]
Predicted melting temperature: [62.92618179321289]
  0%|          | 0/1 [00:00<?, ?it/s]Predicted melting temperature: [60.050594329833984]
  0%|          | 0/1 [00:00<?, ?it/s]100%|██████████| 1/1 [00:00<00:00,  2.78it/s]100%|██████████| 1/1 [00:00<00:00,  2.76it/s]100%|██████████| 1/1 [00:00<00:00,  2.97it/s]
100%|██████████| 1/1 [00:00<00:00,  2.90it/s]
100%|██████████| 1/1 [00:00<00:00,  2.99it/s]Predicted melting temperature: [56.587711334228516]
100%|██████████| 1/1 [00:00<00:00,  2.97it/s]  0%|          | 0/1 [00:00<?, ?it/s]
Predicted melting temperature: [66.54279327392578]
  seed_123 arm=t2_neg pH=7.4 target=-6.0 c   Tm=60.89  replicas=[58.7, 57.4, 66.5]
Predicted melting temperature: [57.92824172973633]
  0%|          | 0/1 [00:00<?, ?it/s]100%|██████████| 1/1 [00:00<00:00,  2.19it/s]  0%|          | 0/1 [00:00<?, ?it/s]100%|██████████| 1/1 [00:00<00:00,  2.17it/s]
100%|██████████| 1/1 [00:00<00:00,  2.64it/s]100%|██████████| 1/1 [00:00<00:00,  2.23it/s]100%|██████████| 1/1 [00:00<00:00,  2.49it/s]100%|██████████| 1/1 [00:00<00:00,  2.58it/s]100%|██████████| 1/1 [00:00<00:00,  2.47it/s]
100%|██████████| 1/1 [00:00<00:00,  2.20it/s]

Predicted melting temperature: [73.46971893310547]
100%|██████████| 1/1 [00:00<00:00,  1.26it/s]  0%|          | 0/1 [00:00<?, ?it/s]100%|██████████| 1/1 [00:00<00:00,  1.26it/s]Predicted melting temperature: [67.67070770263672]

Predicted melting temperature: [71.03851318359375]
  0%|          | 0/1 [00:00<?, ?it/s]  0%|          | 0/1 [00:00<?, ?it/s]100%|██████████| 1/1 [00:00<00:00,  2.68it/s]Predicted melting temperature: [75.94605255126953]
Predicted melting temperature: [72.59837341308594]
100%|██████████| 1/1 [00:00<00:00,  1.85it/s]100%|██████████| 1/1 [00:00<00:00,  2.62it/s]
  0%|          | 0/1 [00:00<?, ?it/s]  0%|          | 0/1 [00:00<?, ?it/s]100%|██████████| 1/1 [00:00<00:00,  1.84it/s]Predicted melting temperature: [51.95330810546875]

  0%|          | 0/1 [00:00<?, ?it/s]Predicted melting temperature: [68.10350036621094]
  0%|          | 0/1 [00:00<?, ?it/s]100%|██████████| 1/1 [00:00<00:00,  2.84it/s]100%|██████████| 1/1 [00:00<00:00,  3.24it/s]100%|██████████| 1/1 [00:00<00:00,  3.21it/s]
100%|██████████| 1/1 [00:00<00:00,  2.80it/s]
Predicted melting temperature: [58.371036529541016]
  seed_124 arm=t1_cond pH=7.4 target=+0.0    Tm=65.10  replicas=[66.0, 70.9, 58.4]
  0%|          | 0/1 [00:00<?, ?it/s]Predicted melting temperature: [72.79023742675781]
  0%|          | 0/1 [00:00<?, ?it/s]100%|██████████| 1/1 [00:00<00:00,  2.35it/s]100%|██████████| 1/1 [00:00<00:00,  2.35it/s]
Predicted melting temperature: [55.79319763183594]
  seed_122 arm=t1_cond pH=7.4 target=-1.0    Tm=53.63  replicas=[51.1, 54.0, 55.8]
  0%|          | 0/1 [00:00<?, ?it/s]100%|██████████| 1/1 [00:00<00:00,  2.09it/s]100%|██████████| 1/1 [00:00<00:00,  3.40it/s]100%|██████████| 1/1 [00:00<00:00,  3.39it/s]
100%|██████████| 1/1 [00:00<00:00,  2.04it/s]
Predicted melting temperature: [70.3216781616211]
  0%|          | 0/1 [00:00<?, ?it/s]Predicted melting temperature: [74.46847534179688]
  0%|          | 0/1 [00:00<?, ?it/s]100%|██████████| 1/1 [00:00<00:00,  2.65it/s]100%|██████████| 1/1 [00:00<00:00,  2.65it/s]100%|██████████| 1/1 [00:00<00:00,  3.62it/s]
100%|██████████| 1/1 [00:00<00:00,  3.57it/s]
Predicted melting temperature: [51.13792419433594]
  seed_125 arm=t2_neg pH=7.4 target=-5.0 c   Tm=58.56  replicas=[61.6, 62.9, 51.1]
Predicted melting temperature: [68.71314239501953]
  0%|          | 0/1 [00:00<?, ?it/s]  0%|          | 0/1 [00:00<?, ?it/s]100%|██████████| 1/1 [00:00<00:00,  3.01it/s]100%|██████████| 1/1 [00:00<00:00,  3.01it/s]
100%|██████████| 1/1 [00:00<00:00,  2.42it/s]100%|██████████| 1/1 [00:00<00:00,  3.17it/s]100%|██████████| 1/1 [00:00<00:00,  3.16it/s]100%|██████████| 1/1 [00:00<00:00,  2.39it/s]
Predicted melting temperature: [57.26878356933594]

Predicted melting temperature: [59.00544357299805]
  seed_125 arm=t1_base pH=7.4 target=-1.0    Tm=55.67  replicas=[51.4, 56.6, 59.0]
  0%|          | 0/1 [00:00<?, ?it/s]  0%|          | 0/1 [00:00<?, ?it/s]Predicted melting temperature: [53.38771438598633]
  0%|          | 0/1 [00:00<?, ?it/s]100%|██████████| 1/1 [00:00<00:00,  3.11it/s]100%|██████████| 1/1 [00:00<00:00,  3.08it/s]
Predicted melting temperature: [59.37519454956055]
  0%|          | 0/1 [00:00<?, ?it/s]100%|██████████| 1/1 [00:00<00:00,  4.22it/s]100%|██████████| 1/1 [00:00<00:00,  4.20it/s]
Predicted melting temperature: [69.2198257446289]
  0%|          | 0/1 [00:00<?, ?it/s]100%|██████████| 1/1 [00:00<00:00,  2.41it/s]100%|██████████| 1/1 [00:00<00:00,  2.39it/s]
Predicted melting temperature: [60.053855895996094]
  seed_120 arm=t2_ph pH=7.4 target=均值占位 ch   Tm=64.85  replicas=[63.8, 70.7, 60.1]
100%|██████████| 1/1 [00:00<00:00,  2.75it/s]100%|██████████| 1/1 [00:00<00:00,  3.13it/s]100%|██████████| 1/1 [00:00<00:00,  3.12it/s]
100%|██████████| 1/1 [00:00<00:00,  2.73it/s]  0%|          | 0/1 [00:00<?, ?it/s]
Predicted melting temperature: [61.6231689453125]
  seed_124 arm=t2_ph pH=7.4 target=均值占位 ch   Tm=55.61  replicas=[47.3, 57.9, 61.6]
100%|██████████| 1/1 [00:00<00:00,  3.01it/s]100%|██████████| 1/1 [00:00<00:00,  3.38it/s]100%|██████████| 1/1 [00:00<00:00,  3.05it/s]Predicted melting temperature: [75.64349365234375]
100%|██████████| 1/1 [00:00<00:00,  3.37it/s]
Predicted melting temperature: [75.3231430053711]
  seed_122 arm=t2_pos pH=7.4 target=+12.0    Tm=69.07  replicas=[59.1, 72.8, 75.3]
  0%|          | 0/1 [00:00<?, ?it/s]100%|██████████| 1/1 [00:00<00:00,  2.83it/s]100%|██████████| 1/1 [00:00<00:00,  2.90it/s]

  0%|          | 0/1 [00:00<?, ?it/s]Predicted melting temperature: [71.47703552246094]
  0%|          | 0/1 [00:00<?, ?it/s]  0%|          | 0/1 [00:00<?, ?it/s]Predicted melting temperature: [71.58222961425781]
  0%|          | 0/1 [00:00<?, ?it/s]100%|██████████| 1/1 [00:00<00:00,  2.43it/s]100%|██████████| 1/1 [00:00<00:00,  2.43it/s]
100%|██████████| 1/1 [00:00<00:00,  3.49it/s]100%|██████████| 1/1 [00:00<00:00,  3.46it/s]Predicted melting temperature: [74.61518859863281]

  0%|          | 0/1 [00:00<?, ?it/s]Predicted melting temperature: [62.625282287597656]
  seed_124 arm=t1_base pH=7.4 target=+0.0    Tm=67.44  replicas=[69.4, 70.3, 62.6]
  0%|          | 0/1 [00:00<?, ?it/s]100%|██████████| 1/1 [00:00<00:00,  2.27it/s]100%|██████████| 1/1 [00:00<00:00,  2.23it/s]
100%|██████████| 1/1 [00:00<00:00,  2.09it/s]Predicted melting temperature: [61.65291213989258]
  seed_120 arm=t1_base pH=7.4 target=+8.0    Tm=72.08  replicas=[78.6, 75.9, 61.7]
100%|██████████| 1/1 [00:00<00:00,  2.06it/s]
Predicted melting temperature: [78.46600341796875]
  0%|          | 0/1 [00:00<?, ?it/s]  0%|          | 0/1 [00:00<?, ?it/s]100%|██████████| 1/1 [00:00<00:00,  4.87it/s]100%|██████████| 1/1 [00:00<00:00,  4.87it/s]
100%|██████████| 1/1 [00:00<00:00,  3.34it/s]100%|██████████| 1/1 [00:00<00:00,  3.42it/s]Predicted melting temperature: [55.82499313354492]
100%|██████████| 1/1 [00:00<00:00,  2.46it/s]100%|██████████| 1/1 [00:00<00:00,  4.73it/s]100%|██████████| 1/1 [00:00<00:00,  2.37it/s]100%|██████████| 1/1 [00:00<00:00,  3.04it/s]100%|██████████| 1/1 [00:00<00:00,  3.83it/s]100%|██████████| 1/1 [00:00<00:00,  2.77it/s]100%|██████████| 1/1 [00:00<00:00,  3.26it/s]100%|██████████| 1/1 [00:00<00:00,  2.68it/s]  0%|          | 0/1 [00:00<?, ?it/s]100%|██████████| 1/1 [00:00<00:00,  1.52it/s]100%|██████████| 1/1 [00:00<00:00,  3.96it/s]100%|██████████| 1/1 [00:01<00:00,  1.37s/it]100%|██████████| 1/1 [00:00<00:00,  3.12it/s]
100%|██████████| 1/1 [00:00<00:00,  2.76it/s]100%|██████████| 1/1 [00:00<00:00,  2.83it/s]100%|██████████| 1/1 [00:00<00:00,  2.59it/s]100%|██████████| 1/1 [00:00<00:00,  2.69it/s]100%|██████████| 1/1 [00:00<00:00,  2.02it/s]100%|██████████| 1/1 [00:00<00:00,  1.76it/s]100%|██████████| 1/1 [00:01<00:00,  1.36s/it]100%|██████████| 1/1 [00:01<00:00,  1.27s/it]Predicted melting temperature: [49.66291046142578]
  seed_123 arm=t2_neg pH=7.4 target=+4.0 c   Tm=56.47  replicas=[51.0, 68.7, 49.7]

100%|██████████| 1/1 [00:01<00:00,  1.47s/it]100%|██████████| 1/1 [00:01<00:00,  1.13s/it]
100%|██████████| 1/1 [00:01<00:00,  1.44s/it]
100%|██████████| 1/1 [00:01<00:00,  1.54s/it]
100%|██████████| 1/1 [00:01<00:00,  1.21s/it]

100%|██████████| 1/1 [00:01<00:00,  1.31s/it]100%|██████████| 1/1 [00:01<00:00,  1.25s/it]100%|██████████| 1/1 [00:01<00:00,  1.31s/it]100%|██████████| 1/1 [00:01<00:00,  1.18s/it]
100%|██████████| 1/1 [00:01<00:00,  1.21s/it]
100%|██████████| 1/1 [00:01<00:00,  1.31s/it]


100%|██████████| 1/1 [00:01<00:00,  1.15s/it]100%|██████████| 1/1 [00:01<00:00,  1.11s/it]
100%|██████████| 1/1 [00:01<00:00,  1.11s/it]100%|██████████| 1/1 [00:01<00:00,  1.21s/it]
100%|██████████| 1/1 [00:01<00:00,  1.20s/it]



Predicted melting temperature: [46.928531646728516]
  seed_120 arm=t2_ph pH=7.4 target=均值占位 ch   Tm=60.98  replicas=[61.5, 74.5, 46.9]

Predicted melting temperature: [55.976470947265625]
  seed_124 arm=t2_pos pH=7.4 target=+2.0 c   Tm=57.77  replicas=[60.1, 57.3, 56.0]
Predicted melting temperature: [60.12245178222656]
  seed_123 arm=t1_base pH=7.4 target=+9.0    Tm=68.93  replicas=[71.0, 75.6, 60.1]
Predicted melting temperature: [51.37604522705078]
  seed_123 arm=t2_ph pH=7.4 target=均值占位 ch   Tm=58.30  replicas=[52.0, 71.6, 51.4]
Predicted melting temperature: [65.83428192138672]
  seed_119 arm=t2_pos pH=7.4 target=+11.0    Tm=71.02  replicas=[72.6, 74.6, 65.8]
Predicted melting temperature: [66.50199890136719]
Predicted melting temperature: [63.66449737548828]
  seed_122 arm=t2_pos pH=7.4 target=+3.0 c   Tm=67.60  replicas=[67.7, 71.5, 63.7]
Predicted melting temperature: [63.48777770996094]
  seed_121 arm=t1_cond pH=7.4 target=+8.0    Tm=71.81  replicas=[73.5, 78.5, 63.5]
Predicted melting temperature: [57.48859405517578]
  0%|          | 0/1 [00:00<?, ?it/s]Predicted melting temperature: [72.386962890625]
  0%|          | 0/1 [00:00<?, ?it/s]Predicted melting temperature: [48.41841125488281]
  0%|          | 0/1 [00:00<?, ?it/s]  0%|          | 0/1 [00:00<?, ?it/s]Predicted melting temperature: [78.67912292480469]
Predicted melting temperature: [67.98358154296875]
Predicted melting temperature: [64.17398071289062]
Predicted melting temperature: [47.38841247558594]
  0%|          | 0/1 [00:00<?, ?it/s]  0%|          | 0/1 [00:00<?, ?it/s]  0%|          | 0/1 [00:00<?, ?it/s]  0%|          | 0/1 [00:00<?, ?it/s]  0%|          | 0/1 [00:00<?, ?it/s]Predicted melting temperature: [70.58391571044922]
Predicted melting temperature: [64.85740661621094]
  0%|          | 0/1 [00:00<?, ?it/s]Predicted melting temperature: [51.421199798583984]
  0%|          | 0/1 [00:00<?, ?it/s]  0%|          | 0/1 [00:00<?, ?it/s]  0%|          | 0/1 [00:00<?, ?it/s]  0%|          | 0/1 [00:00<?, ?it/s]  0%|          | 0/1 [00:00<?, ?it/s]  0%|          | 0/1 [00:00<?, ?it/s]  0%|          | 0/1 [00:00<?, ?it/s]  0%|          | 0/1 [00:00<?, ?it/s]  0%|          | 0/1 [00:00<?, ?it/s]100%|██████████| 1/1 [00:00<00:00,  3.67it/s]100%|██████████| 1/1 [00:00<00:00,  3.66it/s]
Predicted melting temperature: [54.59367370605469]
  seed_124 arm=t2_neg pH=7.4 target=-6.0 c   Tm=56.60  replicas=[59.4, 55.8, 54.6]
  0%|          | 0/1 [00:00<?, ?it/s]100%|██████████| 1/1 [00:00<00:00,  3.54it/s]100%|██████████| 1/1 [00:00<00:00,  3.54it/s]
Predicted melting temperature: [62.77838897705078]
  seed_125 arm=t1_cond pH=7.4 target=+0.0    Tm=68.13  replicas=[69.2, 72.4, 62.8]
  0%|          | 0/1 [00:00<?, ?it/s]100%|██████████| 1/1 [00:00<00:00,  3.20it/s]100%|██████████| 1/1 [00:00<00:00,  3.16it/s]
100%|██████████| 1/1 [00:00<00:00,  3.43it/s]100%|██████████| 1/1 [00:00<00:00,  3.37it/s]
Predicted melting temperature: [68.71223449707031]
100%|██████████| 1/1 [00:00<00:00,  3.05it/s]100%|██████████| 1/1 [00:00<00:00,  3.33it/s]Predicted melting temperature: [63.63681411743164]
  0%|          | 0/1 [00:00<?, ?it/s]100%|██████████| 1/1 [00:00<00:00,  2.99it/s]
  0%|          | 0/1 [00:00<?, ?it/s]100%|██████████| 1/1 [00:00<00:00,  3.26it/s]100%|██████████| 1/1 [00:00<00:00,  3.15it/s]
Predicted melting temperature: [63.3847541809082]
  0%|          | 0/1 [00:00<?, ?it/s]100%|██████████| 1/1 [00:00<00:00,  3.09it/s]
100%|██████████| 1/1 [00:00<00:00,  2.97it/s]Predicted melting temperature: [49.42498016357422]
  seed_124 arm=t1_cond pH=7.4 target=+9.0    Tm=56.93  replicas=[53.4, 68.0, 49.4]
100%|██████████| 1/1 [00:00<00:00,  2.94it/s]
Predicted melting temperature: [57.60091018676758]
100%|██████████| 1/1 [00:00<00:00,  2.95it/s]  0%|          | 0/1 [00:00<?, ?it/s]100%|██████████| 1/1 [00:00<00:00,  2.94it/s]
  0%|          | 0/1 [00:00<?, ?it/s]Predicted melting temperature: [68.52215576171875]
  0%|          | 0/1 [00:00<?, ?it/s]Predicted melting temperature: [48.246971130371094]
100%|██████████| 1/1 [00:00<00:00,  2.80it/s]  0%|          | 0/1 [00:00<?, ?it/s]100%|██████████| 1/1 [00:00<00:00,  2.78it/s]
100%|██████████| 1/1 [00:00<00:00,  2.73it/s]100%|██████████| 1/1 [00:00<00:00,  2.71it/s]100%|██████████| 1/1 [00:00<00:00,  2.85it/s]
Predicted melting temperature: [54.52622985839844]
100%|██████████| 1/1 [00:00<00:00,  2.79it/s]  0%|          | 0/1 [00:00<?, ?it/s]
Predicted melting temperature: [64.925537109375]
  0%|          | 0/1 [00:00<?, ?it/s]Predicted melting temperature: [52.59115219116211]
  0%|          | 0/1 [00:00<?, ?it/s]100%|██████████| 1/1 [00:00<00:00,  4.85it/s]100%|██████████| 1/1 [00:00<00:00,  4.71it/s]
Predicted melting temperature: [57.29225540161133]
  0%|          | 0/1 [00:00<?, ?it/s]100%|██████████| 1/1 [00:00<00:00,  2.05it/s]100%|██████████| 1/1 [00:00<00:00,  2.05it/s]100%|██████████| 1/1 [00:00<00:00,  4.65it/s]
100%|██████████| 1/1 [00:00<00:00,  4.61it/s]
Predicted melting temperature: [65.41790771484375]
Predicted melting temperature: [75.28071594238281]
  0%|          | 0/1 [00:00<?, ?it/s]  0%|          | 0/1 [00:00<?, ?it/s]100%|██████████| 1/1 [00:00<00:00,  1.98it/s]100%|██████████| 1/1 [00:00<00:00,  1.98it/s]
Predicted melting temperature: [55.05765914916992]
  0%|          | 0/1 [00:00<?, ?it/s]100%|██████████| 1/1 [00:00<00:00,  1.91it/s]100%|██████████| 1/1 [00:00<00:00,  4.40it/s]100%|██████████| 1/1 [00:00<00:00,  1.83it/s]100%|██████████| 1/1 [00:00<00:00,  4.25it/s]
100%|██████████| 1/1 [00:00<00:00,  1.82it/s]
100%|██████████| 1/1 [00:00<00:00,  1.88it/s]100%|██████████| 1/1 [00:00<00:00,  1.83it/s]
Predicted melting temperature: [68.8152847290039]
  seed_121 arm=t2_neg pH=7.4 target=+3.0 c   Tm=71.87  replicas=[68.1, 78.7, 68.8]
Predicted melting temperature: [58.10986328125]
  seed_125 arm=t1_base pH=7.4 target=+0.0    Tm=64.44  replicas=[66.5, 68.7, 58.1]
100%|██████████| 1/1 [00:00<00:00,  1.82it/s]
  0%|          | 0/1 [00:00<?, ?it/s]Predicted melting temperature: [70.21705627441406]
  0%|          | 0/1 [00:00<?, ?it/s]  0%|          | 0/1 [00:00<?, ?it/s]100%|██████████| 1/1 [00:00<00:00,  1.78it/s]100%|██████████| 1/1 [00:00<00:00,  1.76it/s]Predicted melting temperature: [74.80789947509766]

100%|██████████| 1/1 [00:00<00:00,  3.93it/s]100%|██████████| 1/1 [00:00<00:00,  1.75it/s]100%|██████████| 1/1 [00:00<00:00,  3.83it/s]
100%|██████████| 1/1 [00:00<00:00,  1.74it/s]  0%|          | 0/1 [00:00<?, ?it/s]
Predicted melting temperature: [55.39125061035156]
  seed_121 arm=t2_ph pH=7.4 target=均值占位 ch   Tm=61.30  replicas=[64.9, 63.6, 55.4]
100%|██████████| 1/1 [00:00<00:00,  4.01it/s]Predicted melting temperature: [82.3397216796875]
  0%|          | 0/1 [00:00<?, ?it/s]100%|██████████| 1/1 [00:00<00:00,  3.96it/s]
Predicted melting temperature: [56.98454284667969]
  seed_126 arm=t1_base pH=7.4 target=-1.0    Tm=53.99  replicas=[47.4, 57.6, 57.0]
Predicted melting temperature: [77.94002532958984]
  0%|          | 0/1 [00:00<?, ?it/s]  0%|          | 0/1 [00:00<?, ?it/s]  0%|          | 0/1 [00:00<?, ?it/s]100%|██████████| 1/1 [00:00<00:00,  4.03it/s]100%|██████████| 1/1 [00:00<00:00,  4.00it/s]
Predicted melting temperature: [54.916038513183594]
  seed_126 arm=t2_neg pH=7.4 target=-5.0 c   Tm=61.34  replicas=[64.2, 64.9, 54.9]
  0%|          | 0/1 [00:00<?, ?it/s]100%|██████████| 1/1 [00:00<00:00,  3.23it/s]100%|██████████| 1/1 [00:00<00:00,  1.54it/s]100%|██████████| 1/1 [00:00<00:00,  3.23it/s]
Predicted melting temperature: [59.285675048828125]
  seed_123 arm=t2_pos pH=7.4 target=+12.0    Tm=61.77  replicas=[57.5, 68.5, 59.3]
100%|██████████| 1/1 [00:00<00:00,  1.52it/s]
  0%|          | 0/1 [00:00<?, ?it/s]100%|██████████| 1/1 [00:00<00:00,  2.88it/s]Predicted melting temperature: [56.587711334228516]
  0%|          | 0/1 [00:00<?, ?it/s]100%|██████████| 1/1 [00:00<00:00,  2.83it/s]
Predicted melting temperature: [58.82802963256836]
  0%|          | 0/1 [00:00<?, ?it/s]100%|██████████| 1/1 [00:00<00:00,  3.44it/s]100%|██████████| 1/1 [00:00<00:00,  3.43it/s]
100%|██████████| 1/1 [00:00<00:00,  3.18it/s]100%|██████████| 1/1 [00:00<00:00,  3.17it/s]
Predicted melting temperature: [68.88711547851562]
Predicted melting temperature: [60.343528747558594]
  0%|          | 0/1 [00:00<?, ?it/s]  0%|          | 0/1 [00:00<?, ?it/s]100%|██████████| 1/1 [00:00<00:00,  2.67it/s]100%|██████████| 1/1 [00:00<00:00,  2.65it/s]
Predicted melting temperature: [60.69768524169922]
  seed_123 arm=t1_cond pH=7.4 target=-1.0    Tm=54.55  replicas=[48.4, 54.5, 60.7]
  0%|          | 0/1 [00:00<?, ?it/s]100%|██████████| 1/1 [00:00<00:00,  2.18it/s]100%|██████████| 1/1 [00:00<00:00,  2.18it/s]
100%|██████████| 1/1 [00:00<00:00,  4.21it/s]Predicted melting temperature: [71.96206665039062]
  0%|          | 0/1 [00:00<?, ?it/s]100%|██████████| 1/1 [00:00<00:00,  4.19it/s]
100%|██████████| 1/1 [00:00<00:00,  3.31it/s]Predicted melting temperature: [62.363685607910156]
100%|██████████| 1/1 [00:00<00:00,  3.26it/s]  0%|          | 0/1 [00:00<?, ?it/s]
Predicted melting temperature: [67.44819641113281]
  0%|          | 0/1 [00:00<?, ?it/s]100%|██████████| 1/1 [00:00<00:00,  4.92it/s]100%|██████████| 1/1 [00:00<00:00,  4.91it/s]
Predicted melting temperature: [62.432926177978516]
  0%|          | 0/1 [00:00<?, ?it/s]100%|██████████| 1/1 [00:00<00:00,  3.10it/s]100%|██████████| 1/1 [00:00<00:00,  3.03it/s]
100%|██████████| 1/1 [00:00<00:00,  3.57it/s]100%|██████████| 1/1 [00:00<00:00,  3.57it/s]Predicted melting temperature: [69.42050170898438]

  0%|          | 0/1 [00:00<?, ?it/s]Predicted melting temperature: [51.36255645751953]
  0%|          | 0/1 [00:00<?, ?it/s]100%|██████████| 1/1 [00:00<00:00,  2.88it/s]100%|██████████| 1/1 [00:00<00:00,  2.88it/s]
Predicted melting temperature: [71.96786499023438]
  0%|          | 0/1 [00:00<?, ?it/s]100%|██████████| 1/1 [00:00<00:00,  4.60it/s]100%|██████████| 1/1 [00:00<00:00,  4.59it/s]100%|██████████| 1/1 [00:00<00:00,  2.69it/s]
Predicted melting temperature: [55.28609848022461]
  seed_125 arm=t2_neg pH=7.4 target=-6.0 c   Tm=57.64  replicas=[57.3, 60.3, 55.3]
100%|██████████| 1/1 [00:00<00:00,  2.64it/s]
100%|██████████| 1/1 [00:00<00:00,  4.38it/s]100%|██████████| 1/1 [00:00<00:00,  4.30it/s]
Predicted melting temperature: [50.11450958251953]
  seed_124 arm=t2_ph pH=7.4 target=均值占位 ch   Tm=57.20  replicas=[52.6, 68.9, 50.1]
Predicted melting temperature: [67.23426055908203]
100%|██████████| 1/1 [00:00<00:00,  3.38it/s]100%|██████████| 1/1 [00:00<00:00,  3.33it/s]  0%|          | 0/1 [00:00<?, ?it/s]
  0%|          | 0/1 [00:00<?, ?it/s]  0%|          | 0/1 [00:00<?, ?it/s]Predicted melting temperature: [59.875396728515625]
  0%|          | 0/1 [00:00<?, ?it/s]100%|██████████| 1/1 [00:00<00:00,  3.43it/s]100%|██████████| 1/1 [00:00<00:00,  3.43it/s]
Predicted melting temperature: [69.2633056640625]
  0%|          | 0/1 [00:00<?, ?it/s]100%|██████████| 1/1 [00:00<00:00,  2.94it/s]100%|██████████| 1/1 [00:00<00:00,  2.94it/s]100%|██████████| 1/1 [00:00<00:00,  2.13it/s]
100%|██████████| 1/1 [00:00<00:00,  2.11it/s]
Predicted melting temperature: [59.00544357299805]
  seed_125 arm=t2_ph pH=7.4 target=均值占位 ch   Tm=55.67  replicas=[51.4, 56.6, 59.0]
100%|██████████| 1/1 [00:00<00:00,  3.87it/s]100%|██████████| 1/1 [00:00<00:00,  3.86it/s]
Predicted melting temperature: [78.43778228759766]
Predicted melting temperature: [75.5616683959961]
  seed_124 arm=t2_neg pH=7.4 target=+4.0 c   Tm=70.30  replicas=[63.4, 72.0, 75.6]
  0%|          | 0/1 [00:00<?, ?it/s]  0%|          | 0/1 [00:00<?, ?it/s]100%|██████████| 1/1 [00:00<00:00,  1.41it/s]  0%|          | 0/1 [00:00<?, ?it/s]100%|██████████| 1/1 [00:00<00:00,  1.40it/s]
100%|██████████| 1/1 [00:00<00:00,  1.95it/s]100%|██████████| 1/1 [00:00<00:00,  1.95it/s]Predicted melting temperature: [55.23097229003906]

  0%|          | 0/1 [00:00<?, ?it/s]Predicted melting temperature: [77.73582458496094]
  0%|          | 0/1 [00:00<?, ?it/s]100%|██████████| 1/1 [00:00<00:00,  3.95it/s]100%|██████████| 1/1 [00:00<00:00,  3.86it/s]
Predicted melting temperature: [60.77983856201172]
  seed_126 arm=t1_cond pH=7.4 target=+0.0    Tm=64.55  replicas=[65.4, 67.4, 60.8]
100%|██████████| 1/1 [00:00<00:00,  1.93it/s]100%|██████████| 1/1 [00:00<00:00,  3.52it/s]100%|██████████| 1/1 [00:00<00:00,  1.92it/s]
100%|██████████| 1/1 [00:00<00:00,  3.52it/s]
  0%|          | 0/1 [00:00<?, ?it/s]100%|██████████| 1/1 [00:00<00:00,  4.78it/s]Predicted melting temperature: [67.6617202758789]
Predicted melting temperature: [80.05310821533203]
  0%|          | 0/1 [00:00<?, ?it/s]100%|██████████| 1/1 [00:00<00:00,  4.63it/s]
  0%|          | 0/1 [00:00<?, ?it/s]Predicted melting temperature: [66.932373046875]
  0%|          | 0/1 [00:00<?, ?it/s]100%|██████████| 1/1 [00:00<00:00,  2.70it/s]100%|██████████| 1/1 [00:00<00:00,  2.70it/s]
Predicted melting temperature: [52.065269470214844]
  0%|          | 0/1 [00:00<?, ?it/s]100%|██████████| 1/1 [00:00<00:00,  1.76it/s]100%|██████████| 1/1 [00:00<00:00,  1.76it/s]
Predicted melting temperature: [64.97181701660156]
  seed_121 arm=t1_base pH=7.4 target=+8.0    Tm=71.17  replicas=[70.6, 77.9, 65.0]
  0%|          | 0/1 [00:00<?, ?it/s]100%|██████████| 1/1 [00:00<00:00,  1.47it/s]100%|██████████| 1/1 [00:00<00:00,  1.47it/s]
Predicted melting temperature: [75.49398803710938]
  0%|          | 0/1 [00:00<?, ?it/s]100%|██████████| 1/1 [00:00<00:00,  2.75it/s]100%|██████████| 1/1 [00:00<00:00,  2.74it/s]
100%|██████████| 1/1 [00:00<00:00,  3.00it/s]100%|██████████| 1/1 [00:00<00:00,  2.95it/s]
Predicted melting temperature: [51.91554260253906]
  seed_124 arm=t1_base pH=7.4 target=+9.0    Tm=58.80  replicas=[55.1, 69.4, 51.9]
Predicted melting temperature: [71.5353012084961]
100%|██████████| 1/1 [00:00<00:00,  3.21it/s]100%|██████████| 1/1 [00:00<00:00,  3.80it/s]100%|██████████| 1/1 [00:00<00:00,  3.75it/s]  0%|          | 0/1 [00:00<?, ?it/s]100%|██████████| 1/1 [00:00<00:00,  3.71it/s]
  0%|          | 0/1 [00:00<?, ?it/s]100%|██████████| 1/1 [00:00<00:00,  3.14it/s]100%|██████████| 1/1 [00:00<00:00,  3.71it/s]
100%|██████████| 1/1 [00:00<00:00,  3.69it/s]
100%|██████████| 1/1 [00:00<00:00,  3.77it/s]Predicted melting temperature: [63.74490737915039]
  seed_123 arm=t2_pos pH=7.4 target=+3.0 c   Tm=68.64  replicas=[70.2, 72.0, 63.7]
100%|██████████| 1/1 [00:00<00:00,  3.59it/s]100%|██████████| 1/1 [00:00<00:00,  3.96it/s]
Predicted melting temperature: [72.32084655761719]
100%|██████████| 1/1 [00:00<00:00,  3.59it/s]100%|██████████| 1/1 [00:00<00:00,  3.95it/s]

Predicted melting temperature: [64.92218017578125]
  seed_125 arm=t1_cond pH=7.4 target=+9.0    Tm=64.34  replicas=[58.8, 69.3, 64.9]
  0%|          | 0/1 [00:00<?, ?it/s]  0%|          | 0/1 [00:00<?, ?it/s]Predicted melting temperature: [56.72745132446289]
Predicted melting temperature: [51.8698616027832]
  0%|          | 0/1 [00:00<?, ?it/s]  0%|          | 0/1 [00:00<?, ?it/s]  0%|          | 0/1 [00:00<?, ?it/s]Predicted melting temperature: [69.90328979492188]
  0%|          | 0/1 [00:00<?, ?it/s]100%|██████████| 1/1 [00:00<00:00,  4.03it/s]100%|██████████| 1/1 [00:00<00:00,  4.02it/s]
Predicted melting temperature: [53.642295837402344]
  0%|          | 0/1 [00:00<?, ?it/s]100%|██████████| 1/1 [00:00<00:00,  4.56it/s]100%|██████████| 1/1 [00:00<00:00,  4.35it/s]
Predicted melting temperature: [58.10613250732422]
  seed_126 arm=t1_base pH=7.4 target=+0.0    Tm=62.71  replicas=[62.4, 67.7, 58.1]
  0%|          | 0/1 [00:00<?, ?it/s]100%|██████████| 1/1 [00:00<00:00,  3.81it/s]100%|██████████| 1/1 [00:00<00:00,  3.81it/s]
100%|██████████| 1/1 [00:00<00:00,  3.11it/s]Predicted melting temperature: [62.859413146972656]
100%|██████████| 1/1 [00:00<00:00,  3.72it/s]  0%|          | 0/1 [00:00<?, ?it/s]100%|██████████| 1/1 [00:00<00:00,  3.67it/s]
100%|██████████| 1/1 [00:00<00:00,  3.03it/s]100%|██████████| 1/1 [00:00<00:00,  4.10it/s]
Predicted melting temperature: [53.464969635009766]
  seed_127 arm=t1_base pH=7.4 target=-1.0    Tm=57.25  replicas=[51.4, 66.9, 53.5]
100%|██████████| 1/1 [00:00<00:00,  3.98it/s]  0%|          | 0/1 [00:00<?, ?it/s]
Predicted melting temperature: [52.535675048828125]
  0%|          | 0/1 [00:00<?, ?it/s]Predicted melting temperature: [55.755794525146484]
  0%|          | 0/1 [00:00<?, ?it/s]100%|██████████| 1/1 [00:00<00:00,  2.61it/s]100%|██████████| 1/1 [00:00<00:00,  2.59it/s]
Predicted melting temperature: [68.53846740722656]
  seed_121 arm=t2_ph pH=7.4 target=均值占位 ch   Tm=73.93  replicas=[74.8, 78.4, 68.5]
  0%|          | 0/1 [00:00<?, ?it/s]100%|██████████| 1/1 [00:00<00:00,  3.67it/s]100%|██████████| 1/1 [00:00<00:00,  3.66it/s]
Predicted melting temperature: [59.00806427001953]
  seed_127 arm=t2_neg pH=7.4 target=-5.0 c   Tm=64.33  replicas=[62.4, 71.5, 59.0]
  0%|          | 0/1 [00:00<?, ?it/s]100%|██████████| 1/1 [00:00<00:00,  2.56it/s]100%|██████████| 1/1 [00:00<00:00,  2.56it/s]100%|██████████| 1/1 [00:00<00:00,  3.18it/s]
100%|██████████| 1/1 [00:00<00:00,  3.49it/s]100%|██████████| 1/1 [00:00<00:00,  3.10it/s]
100%|██████████| 1/1 [00:00<00:00,  3.48it/s]
100%|██████████| 1/1 [00:00<00:00,  3.47it/s]100%|██████████| 1/1 [00:00<00:00,  3.50it/s]100%|██████████| 1/1 [00:00<00:00,  3.49it/s]
100%|██████████| 1/1 [00:00<00:00,  3.38it/s]
Predicted melting temperature: [73.20984649658203]
Predicted melting temperature: [50.73936462402344]
Predicted melting temperature: [57.17898178100586]
Predicted melting temperature: [64.83845520019531]
  seed_122 arm=t2_ph pH=7.4 target=均值占位 ch   Tm=68.13  replicas=[67.2, 72.3, 64.8]
  0%|          | 0/1 [00:00<?, ?it/s]  0%|          | 0/1 [00:00<?, ?it/s]  0%|          | 0/1 [00:00<?, ?it/s]100%|██████████| 1/1 [00:00<00:00,  3.35it/s]Predicted melting temperature: [63.28601837158203]
100%|██████████| 1/1 [00:00<00:00,  3.58it/s]100%|██████████| 1/1 [00:00<00:00,  2.32it/s]  0%|          | 0/1 [00:00<?, ?it/s]100%|██████████| 1/1 [00:00<00:00,  3.47it/s]
100%|██████████| 1/1 [00:00<00:00,  3.13it/s]
100%|██████████| 1/1 [00:00<00:00,  2.27it/s]
Predicted melting temperature: [65.12493896484375]
  seed_124 arm=t2_pos pH=7.4 target=+12.0    Tm=64.97  replicas=[59.9, 69.9, 65.1]
100%|██████████| 1/1 [00:00<00:00,  1.93it/s]Predicted melting temperature: [61.95903396606445]
  seed_120 arm=t2_pos pH=7.4 target=+11.0    Tm=70.91  replicas=[75.3, 75.5, 62.0]
100%|██████████| 1/1 [00:00<00:00,  1.92it/s]
Predicted melting temperature: [70.68925476074219]
  0%|          | 0/1 [00:00<?, ?it/s]Predicted melting temperature: [78.05057525634766]
  seed_122 arm=t1_cond pH=7.4 target=+8.0    Tm=80.15  replicas=[82.3, 80.1, 78.1]
  0%|          | 0/1 [00:00<?, ?it/s]  0%|          | 0/1 [00:00<?, ?it/s]100%|██████████| 1/1 [00:00<00:00,  4.19it/s]  0%|          | 0/1 [00:00<?, ?it/s]100%|██████████| 1/1 [00:00<00:00,  4.16it/s]
  0%|          | 0/1 [00:00<?, ?it/s]Predicted melting temperature: [50.15993118286133]
  0%|          | 0/1 [00:00<?, ?it/s]100%|██████████| 1/1 [00:00<00:00,  2.68it/s]100%|██████████| 1/1 [00:00<00:00,  2.60it/s]100%|██████████| 1/1 [00:00<00:00,  3.20it/s]100%|██████████| 1/1 [00:00<00:00,  3.18it/s]
100%|██████████| 1/1 [00:00<00:00,  2.59it/s]100%|██████████| 1/1 [00:00<00:00,  2.65it/s]

100%|██████████| 1/1 [00:00<00:00,  3.54it/s]100%|██████████| 1/1 [00:00<00:00,  3.44it/s]
Predicted melting temperature: [69.4681625366211]
  0%|          | 0/1 [00:00<?, ?it/s]Predicted melting temperature: [68.57856750488281]
  0%|          | 0/1 [00:00<?, ?it/s]100%|██████████| 1/1 [00:00<00:00,  1.62it/s]Predicted melting temperature: [66.86710357666016]
100%|██████████| 1/1 [00:00<00:00,  1.59it/s]
  0%|          | 0/1 [00:00<?, ?it/s]Predicted melting temperature: [64.62396240234375]
Predicted melting temperature: [79.250732421875]
  0%|          | 0/1 [00:00<?, ?it/s]  0%|          | 0/1 [00:00<?, ?it/s]100%|██████████| 1/1 [00:00<00:00,  3.21it/s]100%|██████████| 1/1 [00:00<00:00,  3.20it/s]
Predicted melting temperature: [58.53837203979492]
  0%|          | 0/1 [00:00<?, ?it/s]100%|██████████| 1/1 [00:00<00:00,  3.85it/s]100%|██████████| 1/1 [00:00<00:00,  3.84it/s]
Predicted melting temperature: [66.51609802246094]
  0%|          | 0/1 [00:00<?, ?it/s]100%|██████████| 1/1 [00:00<00:00,  1.26it/s]100%|██████████| 1/1 [00:00<00:00,  1.26it/s]
Predicted melting temperature: [65.8028335571289]
  seed_125 arm=t2_pos pH=7.4 target=+2.0 c   Tm=56.43  replicas=[48.2, 55.2, 65.8]
100%|██████████| 1/1 [00:00<00:00,  2.25it/s]100%|██████████| 1/1 [00:00<00:00,  4.71it/s]100%|██████████| 1/1 [00:00<00:00,  2.23it/s]
100%|██████████| 1/1 [00:00<00:00,  4.64it/s]Predicted melting temperature: [55.54490661621094]
  seed_124 arm=t1_cond pH=7.4 target=-1.0    Tm=54.46  replicas=[52.1, 55.8, 55.5]

100%|██████████| 1/1 [00:00<00:00,  2.36it/s]  0%|          | 0/1 [00:00<?, ?it/s]100%|██████████| 1/1 [00:00<00:00,  2.31it/s]Predicted melting temperature: [58.721702575683594]

  0%|          | 0/1 [00:00<?, ?it/s]  0%|          | 0/1 [00:00<?, ?it/s]Predicted melting temperature: [76.26109313964844]
  0%|          | 0/1 [00:00<?, ?it/s]100%|██████████| 1/1 [00:00<00:00,  3.22it/s]100%|██████████| 1/1 [00:00<00:00,  3.22it/s]100%|██████████| 1/1 [00:00<00:00,  3.16it/s]
100%|██████████| 1/1 [00:00<00:00,  3.14it/s]
100%|██████████| 1/1 [00:00<00:00,  4.18it/s]Predicted melting temperature: [56.86106872558594]
100%|██████████| 1/1 [00:00<00:00,  4.10it/s]  0%|          | 0/1 [00:00<?, ?it/s]
Predicted melting temperature: [71.3635025024414]
  0%|          | 0/1 [00:00<?, ?it/s]Predicted melting temperature: [74.39828491210938]
  0%|          | 0/1 [00:00<?, ?it/s]100%|██████████| 1/1 [00:00<00:00,  3.67it/s]100%|██████████| 1/1 [00:00<00:00,  3.13it/s]100%|██████████| 1/1 [00:00<00:00,  3.11it/s]100%|██████████| 1/1 [00:00<00:00,  3.57it/s]

100%|██████████| 1/1 [00:00<00:00,  2.80it/s]Predicted melting temperature: [49.38308334350586]
  seed_125 arm=t2_ph pH=7.4 target=均值占位 ch   Tm=56.61  replicas=[51.9, 68.6, 49.4]
100%|██████████| 1/1 [00:00<00:00,  2.75it/s]Predicted melting temperature: [55.81993865966797]

Predicted melting temperature: [59.416847229003906]
  seed_126 arm=t2_neg pH=7.4 target=-6.0 c   Tm=59.81  replicas=[56.7, 63.3, 59.4]
  0%|          | 0/1 [00:00<?, ?it/s]  0%|          | 0/1 [00:00<?, ?it/s]  0%|          | 0/1 [00:00<?, ?it/s]100%|██████████| 1/1 [00:00<00:00,  2.70it/s]100%|██████████| 1/1 [00:00<00:00,  2.69it/s]
Predicted melting temperature: [72.65999603271484]
  seed_125 arm=t2_neg pH=7.4 target=+4.0 c   Tm=65.66  replicas=[53.6, 70.7, 72.7]
  0%|          | 0/1 [00:00<?, ?it/s]100%|██████████| 1/1 [00:00<00:00,  2.19it/s]100%|██████████| 1/1 [00:00<00:00,  2.19it/s]
100%|██████████| 1/1 [00:00<00:00,  2.28it/s]100%|██████████| 1/1 [00:00<00:00,  2.24it/s]
Predicted melting temperature: [75.69313049316406]
100%|██████████| 1/1 [00:00<00:00,  2.26it/s]Predicted melting temperature: [68.81083679199219]
  0%|          | 0/1 [00:00<?, ?it/s]  0%|          | 0/1 [00:00<?, ?it/s]100%|██████████| 1/1 [00:00<00:00,  2.23it/s]
100%|██████████| 1/1 [00:00<00:00,  2.62it/s]100%|██████████| 1/1 [00:00<00:00,  2.62it/s]
100%|██████████| 1/1 [00:00<00:00,  3.61it/s]Predicted melting temperature: [60.54669952392578]
  seed_127 arm=t1_cond pH=7.4 target=+0.0    Tm=62.68  replicas=[62.9, 64.6, 60.5]
100%|██████████| 1/1 [00:00<00:00,  3.61it/s]
Predicted melting temperature: [66.52569580078125]
Predicted melting temperature: [68.87055206298828]
  0%|          | 0/1 [00:00<?, ?it/s]  0%|          | 0/1 [00:00<?, ?it/s]  0%|          | 0/1 [00:00<?, ?it/s]100%|██████████| 1/1 [00:00<00:00,  1.94it/s]100%|██████████| 1/1 [00:00<00:00,  1.94it/s]
Predicted melting temperature: [70.86862182617188]
  0%|          | 0/1 [00:00<?, ?it/s]100%|██████████| 1/1 [00:00<00:00,  3.43it/s]100%|██████████| 1/1 [00:00<00:00,  3.36it/s]100%|██████████| 1/1 [00:00<00:00,  2.07it/s]
Predicted melting temperature: [56.379005432128906]
  seed_128 arm=t1_base pH=7.4 target=-1.0    Tm=55.09  replicas=[50.2, 58.7, 56.4]
100%|██████████| 1/1 [00:00<00:00,  1.99it/s]
100%|██████████| 1/1 [00:00<00:00,  2.02it/s]100%|██████████| 1/1 [00:00<00:00,  1.99it/s]
Predicted melting temperature: [67.6020736694336]
  seed_122 arm=t2_neg pH=7.4 target=+3.0 c   Tm=74.86  replicas=[77.7, 79.3, 67.6]
  0%|          | 0/1 [00:00<?, ?it/s]Predicted melting temperature: [66.09503173828125]
  0%|          | 0/1 [00:00<?, ?it/s]  0%|          | 0/1 [00:00<?, ?it/s]100%|██████████| 1/1 [00:00<00:00,  3.18it/s]100%|██████████| 1/1 [00:00<00:00,  3.68it/s]100%|██████████| 1/1 [00:00<00:00,  3.62it/s]100%|██████████| 1/1 [00:00<00:00,  3.10it/s]

Predicted melting temperature: [43.3114013671875]
  seed_126 arm=t1_cond pH=7.4 target=+9.0    Tm=50.30  replicas=[50.7, 56.9, 43.3]
Predicted melting temperature: [70.3398666381836]
  0%|          | 0/1 [00:00<?, ?it/s]  0%|          | 0/1 [00:00<?, ?it/s]100%|██████████| 1/1 [00:00<00:00,  2.84it/s]100%|██████████| 1/1 [00:00<00:00,  2.83it/s]100%|██████████| 1/1 [00:00<00:00,  2.35it/s]
Predicted melting temperature: [75.5047607421875]
  seed_125 arm=t1_base pH=7.4 target=+9.0    Tm=68.02  replicas=[57.2, 71.4, 75.5]
100%|██████████| 1/1 [00:00<00:00,  2.32it/s]
100%|██████████| 1/1 [00:00<00:00,  2.33it/s]Predicted melting temperature: [47.59297180175781]
100%|██████████| 1/1 [00:00<00:00,  2.30it/s]
  0%|          | 0/1 [00:00<?, ?it/s]  0%|          | 0/1 [00:00<?, ?it/s]100%|██████████| 1/1 [00:00<00:00,  3.08it/s]Predicted melting temperature: [51.97382354736328]
  0%|          | 0/1 [00:00<?, ?it/s]100%|██████████| 1/1 [00:00<00:00,  3.01it/s]
100%|██████████| 1/1 [00:00<00:00,  2.29it/s]100%|██████████| 1/1 [00:00<00:00,  2.26it/s]
100%|██████████| 1/1 [00:00<00:00,  3.12it/s]100%|██████████| 1/1 [00:00<00:00,  3.10it/s]
Predicted melting temperature: [62.420318603515625]
Predicted melting temperature: [52.09464645385742]
100%|██████████| 1/1 [00:00<00:00,  2.75it/s]  0%|          | 0/1 [00:00<?, ?it/s]100%|██████████| 1/1 [00:00<00:00,  2.74it/s]
  0%|          | 0/1 [00:00<?, ?it/s]Predicted melting temperature: [80.25386047363281]
  0%|          | 0/1 [00:00<?, ?it/s]Predicted melting temperature: [53.12626266479492]
  0%|          | 0/1 [00:00<?, ?it/s]100%|██████████| 1/1 [00:00<00:00,  3.72it/s]100%|██████████| 1/1 [00:00<00:00,  2.41it/s]100%|██████████| 1/1 [00:00<00:00,  3.68it/s]
100%|██████████| 1/1 [00:00<00:00,  2.40it/s]
Predicted melting temperature: [59.22698974609375]
  seed_127 arm=t1_base pH=7.4 target=+0.0    Tm=67.70  replicas=[69.5, 74.4, 59.2]
100%|██████████| 1/1 [00:00<00:00,  3.30it/s]Predicted melting temperature: [66.54395294189453]
100%|██████████| 1/1 [00:00<00:00,  3.28it/s]
  0%|          | 0/1 [00:00<?, ?it/s]Predicted melting temperature: [72.06916809082031]
  0%|          | 0/1 [00:00<?, ?it/s]  0%|          | 0/1 [00:00<?, ?it/s]100%|██████████| 1/1 [00:00<00:00,  1.40it/s]100%|██████████| 1/1 [00:00<00:00,  1.40it/s]
Predicted melting temperature: [59.510005950927734]
  seed_126 arm=t2_ph pH=7.4 target=均值占位 ch   Tm=56.86  replicas=[52.5, 58.5, 59.5]
  0%|          | 0/1 [00:00<?, ?it/s]100%|██████████| 1/1 [00:00<00:00,  2.76it/s]100%|██████████| 1/1 [00:00<00:00,  2.76it/s]
Predicted melting temperature: [62.10944366455078]
  seed_128 arm=t2_neg pH=7.4 target=-5.0 c   Tm=65.83  replicas=[66.5, 68.9, 62.1]
  0%|          | 0/1 [00:00<?, ?it/s]100%|██████████| 1/1 [00:00<00:00,  3.65it/s]100%|██████████| 1/1 [00:00<00:00,  3.65it/s]
Predicted melting temperature: [71.45242309570312]
  0%|          | 0/1 [00:00<?, ?it/s]100%|██████████| 1/1 [00:00<00:00,  3.93it/s]100%|██████████| 1/1 [00:00<00:00,  3.86it/s]
Predicted melting temperature: [59.82495880126953]
  seed_125 arm=t2_pos pH=7.4 target=+12.0    Tm=61.99  replicas=[55.8, 70.3, 59.8]
  0%|          | 0/1 [00:00<?, ?it/s]100%|██████████| 1/1 [00:00<00:00,  2.38it/s]100%|██████████| 1/1 [00:00<00:00,  2.37it/s]100%|██████████| 1/1 [00:00<00:00,  4.61it/s]
100%|██████████| 1/1 [00:00<00:00,  4.51it/s]
Predicted melting temperature: [70.72892761230469]
  0%|          | 0/1 [00:00<?, ?it/s]100%|██████████| 1/1 [00:00<00:00,  1.84it/s]100%|██████████| 1/1 [00:00<00:00,  3.77it/s]100%|██████████| 1/1 [00:00<00:00,  2.87it/s]Predicted melting temperature: [74.72830200195312]
100%|██████████| 1/1 [00:00<00:00,  1.81it/s]100%|██████████| 1/1 [00:00<00:00,  2.83it/s]
100%|██████████| 1/1 [00:00<00:00,  3.68it/s]

Predicted melting temperature: [64.34194946289062]
  seed_122 arm=t1_base pH=7.4 target=+8.0    Tm=71.08  replicas=[73.2, 75.7, 64.3]
  0%|          | 0/1 [00:00<?, ?it/s]100%|██████████| 1/1 [00:00<00:00,  3.16it/s]100%|██████████| 1/1 [00:00<00:00,  3.13it/s]
Predicted melting temperature: [53.20710754394531]
Predicted melting temperature: [59.327064514160156]
100%|██████████| 1/1 [00:00<00:00,  3.85it/s]  0%|          | 0/1 [00:00<?, ?it/s]  0%|          | 0/1 [00:00<?, ?it/s]100%|██████████| 1/1 [00:00<00:00,  3.79it/s]  0%|          | 0/1 [00:00<?, ?it/s]
Predicted melting temperature: [56.98343276977539]
  0%|          | 0/1 [00:00<?, ?it/s]Predicted melting temperature: [64.45826721191406]
100%|██████████| 1/1 [00:00<00:00,  3.52it/s]100%|██████████| 1/1 [00:00<00:00,  3.48it/s]
  0%|          | 0/1 [00:00<?, ?it/s]Predicted melting temperature: [57.31798553466797]
  seed_123 arm=t2_ph pH=7.4 target=均值占位 ch   Tm=66.07  replicas=[68.8, 72.1, 57.3]
  0%|          | 0/1 [00:00<?, ?it/s]100%|██████████| 1/1 [00:00<00:00,  1.73it/s]100%|██████████| 1/1 [00:00<00:00,  1.72it/s]
100%|██████████| 1/1 [00:00<00:00,  4.56it/s]Predicted melting temperature: [75.70977783203125]
100%|██████████| 1/1 [00:00<00:00,  2.84it/s]100%|██████████| 1/1 [00:00<00:00,  4.49it/s]  0%|          | 0/1 [00:00<?, ?it/s]
100%|██████████| 1/1 [00:00<00:00,  2.83it/s]
100%|██████████| 1/1 [00:00<00:00,  2.17it/s]Predicted melting temperature: [62.74894714355469]
Predicted melting temperature: [69.20867156982422]
  0%|          | 0/1 [00:00<?, ?it/s]  0%|          | 0/1 [00:00<?, ?it/s]100%|██████████| 1/1 [00:00<00:00,  2.14it/s]
100%|██████████| 1/1 [00:00<00:00,  2.55it/s]100%|██████████| 1/1 [00:00<00:00,  2.53it/s]
Predicted melting temperature: [72.4266357421875]
  0%|          | 0/1 [00:00<?, ?it/s]Predicted melting temperature: [53.53936004638672]
100%|██████████| 1/1 [00:00<00:00,  2.00it/s]100%|██████████| 1/1 [00:00<00:00,  1.98it/s]
  0%|          | 0/1 [00:00<?, ?it/s]Predicted melting temperature: [59.844852447509766]
  seed_124 arm=t2_pos pH=7.4 target=+3.0 c   Tm=64.27  replicas=[66.9, 66.1, 59.8]
  0%|          | 0/1 [00:00<?, ?it/s]100%|██████████| 1/1 [00:00<00:00,  2.42it/s]100%|██████████| 1/1 [00:00<00:00,  2.37it/s]
Predicted melting temperature: [55.60636901855469]
  0%|          | 0/1 [00:00<?, ?it/s]100%|██████████| 1/1 [00:00<00:00,  4.07it/s]100%|██████████| 1/1 [00:00<00:00,  4.07it/s]
100%|██████████| 1/1 [00:00<00:00,  2.36it/s]100%|██████████| 1/1 [00:00<00:00,  2.32it/s]
Predicted melting temperature: [56.697784423828125]
100%|██████████| 1/1 [00:00<00:00,  3.41it/s]100%|██████████| 1/1 [00:00<00:00,  3.38it/s]
  0%|          | 0/1 [00:00<?, ?it/s]Predicted melting temperature: [70.2201156616211]
Predicted melting temperature: [62.03709030151367]
  0%|          | 0/1 [00:00<?, ?it/s]  0%|          | 0/1 [00:00<?, ?it/s]100%|██████████| 1/1 [00:00<00:00,  1.98it/s]100%|██████████| 1/1 [00:00<00:00,  1.98it/s]
Predicted melting temperature: [76.5317153930664]
  seed_122 arm=t2_ph pH=7.4 target=均值占位 ch   Tm=77.68  replicas=[76.3, 80.3, 76.5]
  0%|          | 0/1 [00:00<?, ?it/s]100%|██████████| 1/1 [00:00<00:00,  4.63it/s]100%|██████████| 1/1 [00:00<00:00,  4.63it/s]
100%|██████████| 1/1 [00:00<00:00,  3.67it/s]100%|██████████| 1/1 [00:00<00:00,  3.63it/s]Predicted melting temperature: [70.12136840820312]

Predicted melting temperature: [62.16230010986328]
  seed_127 arm=t2_neg pH=7.4 target=-6.0 c   Tm=61.30  replicas=[62.4, 59.3, 62.2]
  0%|          | 0/1 [00:00<?, ?it/s]  0%|          | 0/1 [00:00<?, ?it/s]100%|██████████| 1/1 [00:00<00:00,  3.53it/s]100%|██████████| 1/1 [00:00<00:00,  2.91it/s]100%|██████████| 1/1 [00:00<00:00,  3.43it/s]
100%|██████████| 1/1 [00:00<00:00,  2.87it/s]Predicted melting temperature: [66.74690246582031]

Predicted melting temperature: [60.11311340332031]
  seed_128 arm=t1_cond pH=7.4 target=+0.0    Tm=65.80  replicas=[66.5, 70.7, 60.1]
  0%|          | 0/1 [00:00<?, ?it/s]100%|██████████| 1/1 [00:00<00:00,  3.15it/s]100%|██████████| 1/1 [00:00<00:00,  3.21it/s]100%|██████████| 1/1 [00:00<00:00,  3.08it/s]
100%|██████████| 1/1 [00:00<00:00,  3.16it/s]
  0%|          | 0/1 [00:00<?, ?it/s]Predicted melting temperature: [57.599693298339844]
  seed_126 arm=t2_pos pH=7.4 target=+2.0 c   Tm=54.06  replicas=[47.6, 57.0, 57.6]
Predicted melting temperature: [65.56884765625]
100%|██████████| 1/1 [00:00<00:00,  3.25it/s]100%|██████████| 1/1 [00:00<00:00,  3.18it/s]
  0%|          | 0/1 [00:00<?, ?it/s]  0%|          | 0/1 [00:00<?, ?it/s]Predicted melting temperature: [70.23648834228516]
  0%|          | 0/1 [00:00<?, ?it/s]100%|██████████| 1/1 [00:00<00:00,  3.67it/s]100%|██████████| 1/1 [00:00<00:00,  3.66it/s]
Predicted melting temperature: [55.96577072143555]
  seed_125 arm=t1_cond pH=7.4 target=-1.0    Tm=54.52  replicas=[52.0, 55.6, 56.0]
  0%|          | 0/1 [00:00<?, ?it/s]100%|██████████| 1/1 [00:00<00:00,  1.68it/s]100%|██████████| 1/1 [00:00<00:00,  1.67it/s]
100%|██████████| 1/1 [00:00<00:00,  4.13it/s]100%|██████████| 1/1 [00:00<00:00,  4.13it/s]
Predicted melting temperature: [62.156524658203125]
Predicted melting temperature: [61.045989990234375]
  seed_129 arm=t1_base pH=7.4 target=-1.0    Tm=64.85  replicas=[71.5, 62.0, 61.0]
  0%|          | 0/1 [00:00<?, ?it/s]100%|██████████| 1/1 [00:00<00:00,  2.79it/s]  0%|          | 0/1 [00:00<?, ?it/s]100%|██████████| 1/1 [00:00<00:00,  2.76it/s]
100%|██████████| 1/1 [00:00<00:00,  2.59it/s]100%|██████████| 1/1 [00:00<00:00,  2.54it/s]
Predicted melting temperature: [50.811065673828125]
  seed_126 arm=t2_neg pH=7.4 target=+4.0 c   Tm=57.37  replicas=[52.1, 69.2, 50.8]
Predicted melting temperature: [68.51254272460938]
  0%|          | 0/1 [00:00<?, ?it/s]  0%|          | 0/1 [00:00<?, ?it/s]100%|██████████| 1/1 [00:00<00:00,  2.17it/s]100%|██████████| 1/1 [00:00<00:00,  2.17it/s]
Predicted melting temperature: [72.28250122070312]
  0%|          | 0/1 [00:00<?, ?it/s]100%|██████████| 1/1 [00:00<00:00,  1.90it/s]100%|██████████| 1/1 [00:00<00:00,  1.90it/s]100%|██████████| 1/1 [00:00<00:00,  2.24it/s]
Predicted melting temperature: [61.0023193359375]
  seed_123 arm=t1_cond pH=7.4 target=+8.0    Tm=68.87  replicas=[70.9, 74.7, 61.0]
100%|██████████| 1/1 [00:00<00:00,  2.22it/s]
100%|██████████| 1/1 [00:00<00:00,  2.29it/s]Predicted melting temperature: [78.01646423339844]
  0%|          | 0/1 [00:00<?, ?it/s]  0%|          | 0/1 [00:00<?, ?it/s]100%|██████████| 1/1 [00:00<00:00,  2.24it/s]100%|██████████| 1/1 [00:00<00:00,  4.53it/s]
100%|██████████| 1/1 [00:00<00:00,  4.50it/s]
Predicted melting temperature: [60.5599250793457]
  seed_128 arm=t1_base pH=7.4 target=+0.0    Tm=63.92  replicas=[64.5, 66.7, 60.6]
Predicted melting temperature: [67.62477111816406]
  0%|          | 0/1 [00:00<?, ?it/s]  0%|          | 0/1 [00:00<?, ?it/s]100%|██████████| 1/1 [00:00<00:00,  1.87it/s]100%|██████████| 1/1 [00:00<00:00,  1.87it/s]
Predicted melting temperature: [60.42070770263672]
  seed_121 arm=t2_pos pH=7.4 target=+11.0    Tm=67.55  replicas=[66.5, 75.7, 60.4]
  0%|          | 0/1 [00:00<?, ?it/s]100%|██████████| 1/1 [00:00<00:00,  3.14it/s]100%|██████████| 1/1 [00:00<00:00,  3.14it/s]
Predicted melting temperature: [57.18470001220703]
  seed_129 arm=t2_neg pH=7.4 target=-5.0 c   Tm=63.35  replicas=[62.7, 70.1, 57.2]
100%|██████████| 1/1 [00:00<00:00,  3.13it/s]100%|██████████| 1/1 [00:00<00:00,  3.58it/s]  0%|          | 0/1 [00:00<?, ?it/s]100%|██████████| 1/1 [00:00<00:00,  3.05it/s]
100%|██████████| 1/1 [00:00<00:00,  3.49it/s]100%|██████████| 1/1 [00:00<00:00,  2.50it/s]Predicted melting temperature: [52.08885955810547]

100%|██████████| 1/1 [00:00<00:00,  2.45it/s]  0%|          | 0/1 [00:00<?, ?it/s]
Predicted melting temperature: [60.207237243652344]
  seed_127 arm=t1_cond pH=7.4 target=+9.0    Tm=59.66  replicas=[53.2, 65.6, 60.2]
100%|██████████| 1/1 [00:00<00:00,  2.12it/s]Predicted melting temperature: [55.071598052978516]
  0%|          | 0/1 [00:00<?, ?it/s]100%|██████████| 1/1 [00:00<00:00,  2.10it/s]
100%|██████████| 1/1 [00:00<00:00,  3.37it/s]  0%|          | 0/1 [00:00<?, ?it/s]100%|██████████| 1/1 [00:00<00:00,  3.34it/s]Predicted melting temperature: [67.54591369628906]
100%|██████████| 1/1 [00:00<00:00,  3.30it/s]
  0%|          | 0/1 [00:00<?, ?it/s]100%|██████████| 1/1 [00:00<00:00,  3.30it/s]
Predicted melting temperature: [50.77827835083008]
Predicted melting temperature: [70.09115600585938]
  0%|          | 0/1 [00:00<?, ?it/s]  0%|          | 0/1 [00:00<?, ?it/s]100%|██████████| 1/1 [00:00<00:00,  4.43it/s]100%|██████████| 1/1 [00:00<00:00,  4.28it/s]
100%|██████████| 1/1 [00:00<00:00,  2.02it/s]Predicted melting temperature: [54.29945755004883]
  0%|          | 0/1 [00:00<?, ?it/s]100%|██████████| 1/1 [00:00<00:00,  1.99it/s]
Predicted melting temperature: [56.859619140625]
  seed_126 arm=t2_ph pH=7.4 target=均值占位 ch   Tm=60.07  replicas=[53.1, 70.2, 56.9]
100%|██████████| 1/1 [00:00<00:00,  2.80it/s]100%|██████████| 1/1 [00:00<00:00,  3.33it/s]100%|██████████| 1/1 [00:00<00:00,  2.74it/s]100%|██████████| 1/1 [00:00<00:00,  3.29it/s]

  0%|          | 0/1 [00:00<?, ?it/s]Predicted melting temperature: [47.140933990478516]
Predicted melting temperature: [65.4671401977539]
  0%|          | 0/1 [00:00<?, ?it/s]  0%|          | 0/1 [00:00<?, ?it/s]100%|██████████| 1/1 [00:00<00:00,  3.16it/s]100%|██████████| 1/1 [00:00<00:00,  3.16it/s]
Predicted melting temperature: [59.037689208984375]
  0%|          | 0/1 [00:00<?, ?it/s]100%|██████████| 1/1 [00:00<00:00,  2.79it/s]100%|██████████| 1/1 [00:00<00:00,  2.79it/s]
Predicted melting temperature: [52.000755310058594]
  0%|          | 0/1 [00:00<?, ?it/s]100%|██████████| 1/1 [00:00<00:00,  2.72it/s]100%|██████████| 1/1 [00:00<00:00,  2.67it/s]
100%|██████████| 1/1 [00:00<00:00,  3.68it/s]Predicted melting temperature: [54.62208938598633]
  seed_126 arm=t1_base pH=7.4 target=+9.0    Tm=58.89  replicas=[53.5, 68.5, 54.6]
100%|██████████| 1/1 [00:00<00:00,  3.68it/s]
100%|██████████| 1/1 [00:00<00:00,  2.65it/s]Predicted melting temperature: [63.631797790527344]
  0%|          | 0/1 [00:00<?, ?it/s]100%|██████████| 1/1 [00:00<00:00,  2.60it/s]
100%|██████████| 1/1 [00:00<00:00,  4.52it/s]  0%|          | 0/1 [00:00<?, ?it/s]100%|██████████| 1/1 [00:00<00:00,  4.42it/s]
Predicted melting temperature: [75.85088348388672]
Predicted melting temperature: [56.13633728027344]
  0%|          | 0/1 [00:00<?, ?it/s]  0%|          | 0/1 [00:00<?, ?it/s]100%|██████████| 1/1 [00:00<00:00,  3.02it/s]100%|██████████| 1/1 [00:00<00:00,  3.02it/s]
Predicted melting temperature: [66.13835906982422]
  0%|          | 0/1 [00:00<?, ?it/s]100%|██████████| 1/1 [00:00<00:00,  3.94it/s]100%|██████████| 1/1 [00:00<00:00,  3.45it/s]100%|██████████| 1/1 [00:00<00:00,  3.82it/s]100%|██████████| 1/1 [00:00<00:00,  3.38it/s]

Predicted melting temperature: [63.68559265136719]
  seed_124 arm=t2_ph pH=7.4 target=均值占位 ch   Tm=68.00  replicas=[70.2, 70.1, 63.7]
100%|██████████| 1/1 [00:00<00:00,  2.47it/s]100%|██████████| 1/1 [00:00<00:00,  2.44it/s]
  0%|          | 0/1 [00:00<?, ?it/s]Predicted melting temperature: [64.32579040527344]
100%|██████████| 1/1 [00:00<00:00,  3.49it/s]Predicted melting temperature: [69.8783187866211]
100%|██████████| 1/1 [00:00<00:00,  3.49it/s]
  0%|          | 0/1 [00:00<?, ?it/s]  0%|          | 0/1 [00:00<?, ?it/s]100%|██████████| 1/1 [00:00<00:00,  3.32it/s]Predicted melting temperature: [58.96604919433594]
  0%|          | 0/1 [00:00<?, ?it/s]100%|██████████| 1/1 [00:00<00:00,  3.28it/s]
Predicted melting temperature: [52.06709671020508]
  0%|          | 0/1 [00:00<?, ?it/s]100%|██████████| 1/1 [00:00<00:00,  3.02it/s]100%|██████████| 1/1 [00:00<00:00,  3.78it/s]100%|██████████| 1/1 [00:00<00:00,  2.95it/s]
100%|██████████| 1/1 [00:00<00:00,  3.71it/s]
Predicted melting temperature: [63.17247009277344]
  seed_126 arm=t2_pos pH=7.4 target=+12.0    Tm=62.47  replicas=[56.7, 67.5, 63.2]
100%|██████████| 1/1 [00:00<00:00,  3.15it/s]100%|██████████| 1/1 [00:00<00:00,  3.14it/s]
Predicted melting temperature: [70.29560089111328]
Predicted melting temperature: [61.52941131591797]
  0%|          | 0/1 [00:00<?, ?it/s]  0%|          | 0/1 [00:00<?, ?it/s]  0%|          | 0/1 [00:00<?, ?it/s]100%|██████████| 1/1 [00:00<00:00,  3.14it/s]100%|██████████| 1/1 [00:00<00:00,  3.14it/s]
100%|██████████| 1/1 [00:00<00:00,  3.80it/s]100%|██████████| 1/1 [00:00<00:00,  3.73it/s]
Predicted melting temperature: [60.66558837890625]
  seed_127 arm=t2_ph pH=7.4 target=均值占位 ch   Tm=60.62  replicas=[62.2, 59.0, 60.7]
Predicted melting temperature: [52.796817779541016]
  0%|          | 0/1 [00:00<?, ?it/s]  0%|          | 0/1 [00:00<?, ?it/s]100%|██████████| 1/1 [00:00<00:00,  2.93it/s]100%|██████████| 1/1 [00:00<00:00,  2.87it/s]100%|██████████| 1/1 [00:00<00:00,  2.30it/s]100%|██████████| 1/1 [00:00<00:00,  4.86it/s]
100%|██████████| 1/1 [00:00<00:00,  2.30it/s]
100%|██████████| 1/1 [00:00<00:00,  4.82it/s]Predicted melting temperature: [68.93242645263672]

Predicted melting temperature: [63.831214904785156]
  seed_128 arm=t2_neg pH=7.4 target=-6.0 c   Tm=57.35  replicas=[52.1, 56.1, 63.8]
  0%|          | 0/1 [00:00<?, ?it/s]Predicted melting temperature: [57.80085754394531]
100%|██████████| 1/1 [00:00<00:00,  4.18it/s]  0%|          | 0/1 [00:00<?, ?it/s]100%|██████████| 1/1 [00:00<00:00,  4.14it/s]
  0%|          | 0/1 [00:00<?, ?it/s]Predicted melting temperature: [71.04450225830078]
  0%|          | 0/1 [00:00<?, ?it/s]100%|██████████| 1/1 [00:00<00:00,  1.69it/s]100%|██████████| 1/1 [00:00<00:00,  1.69it/s]
Predicted melting temperature: [59.08846664428711]
  seed_123 arm=t2_neg pH=7.4 target=+3.0 c   Tm=69.84  replicas=[72.4, 78.0, 59.1]
  0%|          | 0/1 [00:00<?, ?it/s]100%|██████████| 1/1 [00:00<00:00,  1.82it/s]100%|██████████| 1/1 [00:00<00:00,  1.81it/s]
100%|██████████| 1/1 [00:00<00:00,  3.03it/s]Predicted melting temperature: [74.01823425292969]
  0%|          | 0/1 [00:00<?, ?it/s]100%|██████████| 1/1 [00:00<00:00,  2.97it/s]
Predicted melting temperature: [66.53936767578125]
  0%|          | 0/1 [00:00<?, ?it/s]100%|██████████| 1/1 [00:00<00:00,  3.80it/s]100%|██████████| 1/1 [00:00<00:00,  3.79it/s]
Predicted melting temperature: [55.20197677612305]
  seed_125 arm=t2_pos pH=7.4 target=+3.0 c   Tm=62.99  replicas=[67.6, 66.1, 55.2]
  0%|          | 0/1 [00:00<?, ?it/s]100%|██████████| 1/1 [00:00<00:00,  3.80it/s]100%|██████████| 1/1 [00:00<00:00,  3.79it/s]
100%|██████████| 1/1 [00:00<00:00,  4.68it/s]100%|██████████| 1/1 [00:00<00:00,  4.67it/s]
Predicted melting temperature: [65.24251556396484]
  seed_130 arm=t1_base pH=7.4 target=-1.0    Tm=60.36  replicas=[54.3, 61.5, 65.2]
Predicted melting temperature: [71.09674072265625]
  0%|          | 0/1 [00:00<?, ?it/s]100%|██████████| 1/1 [00:00<00:00,  3.65it/s]100%|██████████| 1/1 [00:00<00:00,  3.55it/s]
  [code/output/finetune_v3_validate/1CRN/t1_base/seqs.fa] 已写 code/output/finetune_v3_validate/1CRN/t1_base/seqs.fa.tm.csv
100%|██████████| 1/1 [00:00<00:00,  4.26it/s]Predicted melting temperature: [53.63327407836914]
  seed_127 arm=t2_pos pH=7.4 target=+2.0 c   Tm=54.46  replicas=[50.8, 59.0, 53.6]
100%|██████████| 1/1 [00:00<00:00,  4.15it/s]
Predicted melting temperature: [61.965492248535156]
  seed_129 arm=t1_cond pH=7.4 target=+0.0    Tm=65.91  replicas=[65.5, 70.3, 62.0]
  0%|          | 0/1 [00:00<?, ?it/s]100%|██████████| 1/1 [00:00<00:00,  3.20it/s]100%|██████████| 1/1 [00:00<00:00,  3.13it/s]
  0%|          | 0/1 [00:00<?, ?it/s]Predicted melting temperature: [64.19306945800781]
100%|██████████| 1/1 [00:00<00:00,  3.46it/s]100%|██████████| 1/1 [00:00<00:00,  4.71it/s]100%|██████████| 1/1 [00:00<00:00,  2.99it/s]100%|██████████| 1/1 [00:00<00:00,  3.73it/s]100%|██████████| 1/1 [00:00<00:00,  2.70it/s]100%|██████████| 1/1 [00:00<00:00,  4.64it/s]100%|██████████| 1/1 [00:00<00:00,  2.15it/s]100%|██████████| 1/1 [00:00<00:00,  2.14it/s]100%|██████████| 1/1 [00:00<00:00,  3.27it/s]100%|██████████| 1/1 [00:00<00:00,  3.20it/s]100%|██████████| 1/1 [00:00<00:00,  4.45it/s]100%|██████████| 1/1 [00:00<00:00,  3.33it/s]100%|██████████| 1/1 [00:00<00:00,  2.52it/s]100%|██████████| 1/1 [00:00<00:00,  2.47it/s]100%|██████████| 1/1 [00:00<00:00,  3.02it/s]100%|██████████| 1/1 [00:00<00:00,  2.56it/s]100%|██████████| 1/1 [00:00<00:00,  2.89it/s]100%|██████████| 1/1 [00:00<00:00,  1.71it/s]  0%|          | 0/1 [00:00<?, ?it/s]100%|██████████| 1/1 [00:00<00:00,  1.04it/s]100%|██████████| 1/1 [00:01<00:00,  1.05s/it]
100%|██████████| 1/1 [00:01<00:00,  1.08s/it]100%|██████████| 1/1 [00:01<00:00,  1.11s/it]100%|██████████| 1/1 [00:01<00:00,  1.01s/it]

100%|██████████| 1/1 [00:00<00:00,  1.04it/s]
100%|██████████| 1/1 [00:01<00:00,  1.19s/it]
100%|██████████| 1/1 [00:01<00:00,  1.20s/it]100%|██████████| 1/1 [00:01<00:00,  1.01s/it]
100%|██████████| 1/1 [00:00<00:00,  1.03it/s]
100%|██████████| 1/1 [00:00<00:00,  1.18it/s]
100%|██████████| 1/1 [00:00<00:00,  1.10it/s]
100%|██████████| 1/1 [00:00<00:00,  1.08it/s]
100%|██████████| 1/1 [00:00<00:00,  1.01it/s]100%|██████████| 1/1 [00:00<00:00,  1.22it/s]
100%|██████████| 1/1 [00:00<00:00,  1.14it/s]


100%|██████████| 1/1 [00:00<00:00,  1.05it/s]100%|██████████| 1/1 [00:00<00:00,  1.23it/s]


Predicted melting temperature: [60.48233413696289]
  seed_129 arm=t1_base pH=7.4 target=+0.0    Tm=65.05  replicas=[63.6, 71.0, 60.5]
Predicted melting temperature: [48.436622619628906]
  seed_123 arm=t2_ph pH=7.4 target=均值占位 ch   Tm=57.48  replicas=[55.1, 68.9, 48.4]

Predicted melting temperature: [57.64588928222656]
  seed_126 arm=t1_cond pH=7.4 target=-1.0    Tm=54.20  replicas=[47.1, 57.8, 57.6]
Predicted melting temperature: [55.287498474121094]
  seed_130 arm=t2_neg pH=7.4 target=-5.0 c   Tm=63.57  replicas=[64.3, 71.1, 55.3]
Predicted melting temperature: [48.085601806640625]
  seed_127 arm=t2_neg pH=7.4 target=+4.0 c   Tm=55.54  replicas=[52.0, 66.5, 48.1]
Predicted melting temperature: [64.0103759765625]
Predicted melting temperature: [62.337547302246094]
  seed_123 arm=t1_base pH=7.4 target=+8.0    Tm=70.16  replicas=[72.3, 75.9, 62.3]
Predicted melting temperature: [60.41560363769531]
Predicted melting temperature: [73.62006378173828]
Predicted melting temperature: [63.617431640625]
  0%|          | 0/1 [00:00<?, ?it/s]  0%|          | 0/1 [00:00<?, ?it/s]  0%|          | 0/1 [00:00<?, ?it/s]Predicted melting temperature: [56.445472717285156]
Predicted melting temperature: [50.91943359375]
Predicted melting temperature: [50.79866409301758]
  0%|          | 0/1 [00:00<?, ?it/s]  0%|          | 0/1 [00:00<?, ?it/s]  0%|          | 0/1 [00:00<?, ?it/s]  0%|          | 0/1 [00:00<?, ?it/s]Predicted melting temperature: [63.37737274169922]
Predicted melting temperature: [65.028564453125]
  0%|          | 0/1 [00:00<?, ?it/s]Predicted melting temperature: [57.296104431152344]
  [code/output/finetune_v3_validate/1UBQ/t2_neg/seqs.fa] 已写 code/output/finetune_v3_validate/1UBQ/t2_neg/seqs.fa.tm.csv
Predicted melting temperature: [63.23934555053711]
  0%|          | 0/1 [00:00<?, ?it/s]  0%|          | 0/1 [00:00<?, ?it/s]  0%|          | 0/1 [00:00<?, ?it/s]Predicted melting temperature: [76.01641845703125]
  0%|          | 0/1 [00:00<?, ?it/s]  0%|          | 0/1 [00:00<?, ?it/s]  0%|          | 0/1 [00:00<?, ?it/s]  0%|          | 0/1 [00:00<?, ?it/s]  0%|          | 0/1 [00:00<?, ?it/s]  0%|          | 0/1 [00:00<?, ?it/s]100%|██████████| 1/1 [00:00<00:00,  3.73it/s]100%|██████████| 1/1 [00:00<00:00,  3.72it/s]
100%|██████████| 1/1 [00:00<00:00,  3.70it/s]Predicted melting temperature: [61.99617004394531]
100%|██████████| 1/1 [00:00<00:00,  3.66it/s]
  0%|          | 0/1 [00:00<?, ?it/s]100%|██████████| 1/1 [00:00<00:00,  3.70it/s]Predicted melting temperature: [64.1973876953125]
  0%|          | 0/1 [00:00<?, ?it/s]100%|██████████| 1/1 [00:00<00:00,  3.65it/s]
100%|██████████| 1/1 [00:00<00:00,  3.61it/s]100%|██████████| 1/1 [00:00<00:00,  3.23it/s]Predicted melting temperature: [44.37605667114258]
100%|██████████| 1/1 [00:00<00:00,  3.20it/s]
100%|██████████| 1/1 [00:00<00:00,  3.51it/s]  0%|          | 0/1 [00:00<?, ?it/s]
100%|██████████| 1/1 [00:00<00:00,  3.27it/s]Predicted melting temperature: [48.91228103637695]
  seed_128 arm=t1_cond pH=7.4 target=+9.0    Tm=53.80  replicas=[52.1, 60.4, 48.9]
100%|██████████| 1/1 [00:00<00:00,  3.18it/s]  0%|          | 0/1 [00:00<?, ?it/s]
100%|██████████| 1/1 [00:00<00:00,  3.08it/s]100%|██████████| 1/1 [00:00<00:00,  3.08it/s]
Predicted melting temperature: [70.16573333740234]
Predicted melting temperature: [50.853599548339844]
  seed_127 arm=t2_ph pH=7.4 target=均值占位 ch   Tm=55.76  replicas=[52.8, 63.6, 50.9]
  0%|          | 0/1 [00:00<?, ?it/s]100%|██████████| 1/1 [00:00<00:00,  3.15it/s]Predicted melting temperature: [56.26482391357422]
100%|██████████| 1/1 [00:00<00:00,  3.08it/s]
  0%|          | 0/1 [00:00<?, ?it/s]  0%|          | 0/1 [00:00<?, ?it/s]100%|██████████| 1/1 [00:00<00:00,  3.01it/s]100%|██████████| 1/1 [00:00<00:00,  3.00it/s]
100%|██████████| 1/1 [00:00<00:00,  2.42it/s]Predicted melting temperature: [72.88311767578125]
100%|██████████| 1/1 [00:00<00:00,  2.41it/s]
  0%|          | 0/1 [00:00<?, ?it/s]100%|██████████| 1/1 [00:00<00:00,  2.77it/s]Predicted melting temperature: [61.420654296875]
100%|██████████| 1/1 [00:00<00:00,  2.73it/s]  0%|          | 0/1 [00:00<?, ?it/s]
Predicted melting temperature: [66.39509582519531]
  0%|          | 0/1 [00:00<?, ?it/s]Predicted melting temperature: [58.75494384765625]
  0%|          | 0/1 [00:00<?, ?it/s]100%|██████████| 1/1 [00:00<00:00,  2.24it/s]100%|██████████| 1/1 [00:00<00:00,  2.24it/s]
Predicted melting temperature: [57.6043586730957]
  seed_124 arm=t1_cond pH=7.4 target=+8.0    Tm=67.03  replicas=[69.9, 73.6, 57.6]
100%|██████████| 1/1 [00:00<00:00,  2.31it/s]100%|██████████| 1/1 [00:00<00:00,  2.27it/s]  0%|          | 0/1 [00:00<?, ?it/s]100%|██████████| 1/1 [00:00<00:00,  2.29it/s]
Predicted melting temperature: [64.45118713378906]
  seed_122 arm=t2_pos pH=7.4 target=+11.0    Tm=71.50  replicas=[74.0, 76.0, 64.5]
100%|██████████| 1/1 [00:00<00:00,  2.25it/s]100%|██████████| 1/1 [00:00<00:00,  2.23it/s]
100%|██████████| 1/1 [00:00<00:00,  2.21it/s]
  0%|          | 0/1 [00:00<?, ?it/s]Predicted melting temperature: [51.291351318359375]
Predicted melting temperature: [55.77436828613281]
  0%|          | 0/1 [00:00<?, ?it/s]  0%|          | 0/1 [00:00<?, ?it/s]100%|██████████| 1/1 [00:00<00:00,  2.12it/s]100%|██████████| 1/1 [00:00<00:00,  2.09it/s]100%|██████████| 1/1 [00:00<00:00,  2.00it/s]
100%|██████████| 1/1 [00:00<00:00,  1.99it/s]
Predicted melting temperature: [75.70307922363281]
  0%|          | 0/1 [00:00<?, ?it/s]100%|██████████| 1/1 [00:00<00:00,  4.30it/s]100%|██████████| 1/1 [00:00<00:00,  4.17it/s]
Predicted melting temperature: [62.91891098022461]
  seed_129 arm=t2_neg pH=7.4 target=-6.0 c   Tm=62.98  replicas=[64.0, 62.0, 62.9]
Predicted melting temperature: [71.88768005371094]
  0%|          | 0/1 [00:00<?, ?it/s]  0%|          | 0/1 [00:00<?, ?it/s]100%|██████████| 1/1 [00:00<00:00,  3.80it/s]100%|██████████| 1/1 [00:00<00:00,  3.74it/s]
Predicted melting temperature: [71.85240173339844]
  0%|          | 0/1 [00:00<?, ?it/s]100%|██████████| 1/1 [00:00<00:00,  3.53it/s]100%|██████████| 1/1 [00:00<00:00,  3.52it/s]
100%|██████████| 1/1 [00:00<00:00,  3.60it/s]100%|██████████| 1/1 [00:00<00:00,  3.67it/s]Predicted melting temperature: [55.38577651977539]
100%|██████████| 1/1 [00:00<00:00,  3.51it/s]100%|██████████| 1/1 [00:00<00:00,  3.62it/s]
  0%|          | 0/1 [00:00<?, ?it/s]
100%|██████████| 1/1 [00:00<00:00,  3.14it/s]Predicted melting temperature: [63.65637969970703]
  seed_128 arm=t2_ph pH=7.4 target=均值占位 ch   Tm=56.95  replicas=[50.9, 56.3, 63.7]
Predicted melting temperature: [59.1529541015625]
  seed_130 arm=t1_cond pH=7.4 target=+0.0    Tm=64.78  replicas=[65.0, 70.2, 59.2]
100%|██████████| 1/1 [00:00<00:00,  3.13it/s]
100%|██████████| 1/1 [00:00<00:00,  3.47it/s]100%|██████████| 1/1 [00:00<00:00,  3.83it/s]100%|██████████| 1/1 [00:00<00:00,  3.79it/s]100%|██████████| 1/1 [00:00<00:00,  3.44it/s]
100%|██████████| 1/1 [00:00<00:00,  3.79it/s]
100%|██████████| 1/1 [00:00<00:00,  3.79it/s]
Predicted melting temperature: [55.46186828613281]
  seed_126 arm=t2_pos pH=7.4 target=+3.0 c   Tm=60.04  replicas=[63.2, 61.4, 55.5]
Predicted melting temperature: [57.881893157958984]
  seed_125 arm=t2_ph pH=7.4 target=均值占位 ch   Tm=62.82  replicas=[64.2, 66.4, 57.9]
  0%|          | 0/1 [00:00<?, ?it/s]Predicted melting temperature: [51.782657623291016]
Predicted melting temperature: [55.6763916015625]
  [code/output/finetune_v3_validate/1UBQ/t1_cond/seqs.fa] 已写 code/output/finetune_v3_validate/1UBQ/t1_cond/seqs.fa.tm.csv
  0%|          | 0/1 [00:00<?, ?it/s]  0%|          | 0/1 [00:00<?, ?it/s]  0%|          | 0/1 [00:00<?, ?it/s]  0%|          | 0/1 [00:00<?, ?it/s]100%|██████████| 1/1 [00:00<00:00,  1.46it/s]100%|██████████| 1/1 [00:00<00:00,  1.46it/s]
100%|██████████| 1/1 [00:00<00:00,  3.21it/s]100%|██████████| 1/1 [00:00<00:00,  3.16it/s]
Predicted melting temperature: [53.43327331542969]
  seed_128 arm=t2_pos pH=7.4 target=+2.0 c   Tm=54.33  replicas=[50.8, 58.8, 53.4]
Predicted melting temperature: [71.59674835205078]
  0%|          | 0/1 [00:00<?, ?it/s]  0%|          | 0/1 [00:00<?, ?it/s]100%|██████████| 1/1 [00:00<00:00,  4.27it/s]100%|██████████| 1/1 [00:00<00:00,  4.27it/s]
100%|██████████| 1/1 [00:00<00:00,  4.78it/s]Predicted melting temperature: [61.71582794189453]
  0%|          | 0/1 [00:00<?, ?it/s]100%|██████████| 1/1 [00:00<00:00,  4.65it/s]
Predicted melting temperature: [57.457908630371094]
  seed_130 arm=t1_base pH=7.4 target=+0.0    Tm=64.50  replicas=[64.2, 71.9, 57.5]
100%|██████████| 1/1 [00:00<00:00,  2.40it/s]100%|██████████| 1/1 [00:00<00:00,  2.37it/s]
100%|██████████| 1/1 [00:00<00:00,  3.28it/s]Predicted melting temperature: [59.08680725097656]
  seed_127 arm=t2_pos pH=7.4 target=+12.0    Tm=63.09  replicas=[57.3, 72.9, 59.1]
100%|██████████| 1/1 [00:00<00:00,  3.21it/s]
  [code/output/finetune_v3_validate/1UBQ/t1_base/seqs.fa] 已写 code/output/finetune_v3_validate/1UBQ/t1_base/seqs.fa.tm.csv
Predicted melting temperature: [67.34857177734375]
  0%|          | 0/1 [00:00<?, ?it/s]  0%|          | 0/1 [00:00<?, ?it/s]100%|██████████| 1/1 [00:00<00:00,  2.67it/s]100%|██████████| 1/1 [00:00<00:00,  2.67it/s]
100%|██████████| 1/1 [00:00<00:00,  2.57it/s]100%|██████████| 1/1 [00:00<00:00,  2.55it/s]
100%|██████████| 1/1 [00:00<00:00,  4.60it/s]Predicted melting temperature: [73.19810485839844]
Predicted melting temperature: [75.64495086669922]
100%|██████████| 1/1 [00:00<00:00,  4.56it/s]  0%|          | 0/1 [00:00<?, ?it/s]
  0%|          | 0/1 [00:00<?, ?it/s]Predicted melting temperature: [56.35736083984375]
  seed_127 arm=t1_cond pH=7.4 target=-1.0    Tm=52.14  replicas=[44.4, 55.7, 56.4]
100%|██████████| 1/1 [00:00<00:00,  2.38it/s]100%|██████████| 1/1 [00:00<00:00,  2.36it/s]
  0%|          | 0/1 [00:00<?, ?it/s]Predicted melting temperature: [73.88340759277344]
  0%|          | 0/1 [00:00<?, ?it/s]100%|██████████| 1/1 [00:00<00:00,  4.07it/s]100%|██████████| 1/1 [00:00<00:00,  3.95it/s]
100%|██████████| 1/1 [00:00<00:00,  4.02it/s]100%|██████████| 1/1 [00:00<00:00,  3.98it/s]
100%|██████████| 1/1 [00:00<00:00,  2.77it/s]100%|██████████| 1/1 [00:00<00:00,  3.71it/s]100%|██████████| 1/1 [00:00<00:00,  3.69it/s]100%|██████████| 1/1 [00:00<00:00,  2.71it/s]
Predicted melting temperature: [63.23149490356445]

Predicted melting temperature: [62.457618713378906]
Predicted melting temperature: [51.702449798583984]
  seed_127 arm=t1_base pH=7.4 target=+9.0    Tm=60.01  replicas=[56.4, 71.9, 51.7]
  0%|          | 0/1 [00:00<?, ?it/s]  0%|          | 0/1 [00:00<?, ?it/s]  0%|          | 0/1 [00:00<?, ?it/s]Predicted melting temperature: [70.3104476928711]
  0%|          | 0/1 [00:00<?, ?it/s]100%|██████████| 1/1 [00:00<00:00,  2.32it/s]100%|██████████| 1/1 [00:00<00:00,  2.31it/s]
Predicted melting temperature: [63.30378341674805]
  seed_124 arm=t2_neg pH=7.4 target=+3.0 c   Tm=67.46  replicas=[63.4, 75.7, 63.3]
100%|██████████| 1/1 [00:00<00:00,  3.28it/s]100%|██████████| 1/1 [00:00<00:00,  4.99it/s]100%|██████████| 1/1 [00:00<00:00,  4.97it/s]
100%|██████████| 1/1 [00:00<00:00,  3.20it/s]  0%|          | 0/1 [00:00<?, ?it/s]
Predicted melting temperature: [61.43986511230469]
  0%|          | 0/1 [00:00<?, ?it/s]Predicted melting temperature: [73.71353912353516]
  0%|          | 0/1 [00:00<?, ?it/s]100%|██████████| 1/1 [00:00<00:00,  3.54it/s]100%|██████████| 1/1 [00:00<00:00,  3.44it/s]
Predicted melting temperature: [63.59593200683594]
  0%|          | 0/1 [00:00<?, ?it/s]100%|██████████| 1/1 [00:00<00:00,  2.40it/s]100%|██████████| 1/1 [00:00<00:00,  2.40it/s]
Predicted melting temperature: [68.46694946289062]
  0%|          | 0/1 [00:00<?, ?it/s]100%|██████████| 1/1 [00:00<00:00,  4.36it/s]100%|██████████| 1/1 [00:00<00:00,  4.35it/s]
Predicted melting temperature: [47.746768951416016]
  0%|          | 0/1 [00:00<?, ?it/s]100%|██████████| 1/1 [00:00<00:00,  2.26it/s]100%|██████████| 1/1 [00:00<00:00,  2.26it/s]
Predicted melting temperature: [76.37648010253906]
  0%|          | 0/1 [00:00<?, ?it/s]100%|██████████| 1/1 [00:00<00:00,  2.79it/s]100%|██████████| 1/1 [00:00<00:00,  2.79it/s]
Predicted melting temperature: [52.002967834472656]
  seed_124 arm=t2_ph pH=7.4 target=均值占位 ch   Tm=60.33  replicas=[55.8, 73.2, 52.0]
  0%|          | 0/1 [00:00<?, ?it/s]100%|██████████| 1/1 [00:00<00:00,  2.28it/s]100%|██████████| 1/1 [00:00<00:00,  2.28it/s]
Predicted melting temperature: [47.26808547973633]
  seed_128 arm=t2_neg pH=7.4 target=+4.0 c   Tm=55.30  replicas=[51.3, 67.3, 47.3]
100%|██████████| 1/1 [00:00<00:00,  3.79it/s]100%|██████████| 1/1 [00:00<00:00,  3.74it/s]
Predicted melting temperature: [55.78055953979492]
  seed_130 arm=t2_neg pH=7.4 target=-6.0 c   Tm=59.65  replicas=[61.7, 61.4, 55.8]
  0%|          | 0/1 [00:00<?, ?it/s]100%|██████████| 1/1 [00:00<00:00,  3.05it/s]100%|██████████| 1/1 [00:00<00:00,  3.05it/s]
  [code/output/finetune_v3_validate/1CRN/t2_neg/seqs.fa] 已写 code/output/finetune_v3_validate/1CRN/t2_neg/seqs.fa.tm.csv
Predicted melting temperature: [55.11050796508789]
  0%|          | 0/1 [00:00<?, ?it/s]100%|██████████| 1/1 [00:00<00:00,  2.33it/s]100%|██████████| 1/1 [00:00<00:00,  2.32it/s]
Predicted melting temperature: [76.42922973632812]
  0%|          | 0/1 [00:00<?, ?it/s]100%|██████████| 1/1 [00:00<00:00,  2.44it/s]100%|██████████| 1/1 [00:00<00:00,  2.00it/s]100%|██████████| 1/1 [00:00<00:00,  2.41it/s]
100%|██████████| 1/1 [00:00<00:00,  1.98it/s]
Predicted melting temperature: [78.10528564453125]
Predicted melting temperature: [75.73005676269531]
  0%|          | 0/1 [00:00<?, ?it/s]  0%|          | 0/1 [00:00<?, ?it/s]100%|██████████| 1/1 [00:00<00:00,  3.84it/s]100%|██████████| 1/1 [00:00<00:00,  2.64it/s]100%|██████████| 1/1 [00:00<00:00,  3.75it/s]
100%|██████████| 1/1 [00:00<00:00,  2.63it/s]
Predicted melting temperature: [62.79777526855469]
  seed_129 arm=t1_cond pH=7.4 target=+9.0    Tm=62.22  replicas=[55.4, 68.5, 62.8]
Predicted melting temperature: [65.044921875]
  0%|          | 0/1 [00:00<?, ?it/s]100%|██████████| 1/1 [00:00<00:00,  2.42it/s]100%|██████████| 1/1 [00:00<00:00,  2.42it/s]
Predicted melting temperature: [50.67157745361328]
  seed_128 arm=t2_ph pH=7.4 target=均值占位 ch   Tm=55.23  replicas=[51.8, 63.2, 50.7]
  0%|          | 0/1 [00:00<?, ?it/s]  0%|          | 0/1 [00:00<?, ?it/s]100%|██████████| 1/1 [00:00<00:00,  3.83it/s]100%|██████████| 1/1 [00:00<00:00,  3.83it/s]
100%|██████████| 1/1 [00:00<00:00,  2.50it/s]100%|██████████| 1/1 [00:00<00:00,  2.49it/s]
Predicted melting temperature: [52.473052978515625]
100%|██████████| 1/1 [00:00<00:00,  2.57it/s]Predicted melting temperature: [75.65799713134766]
  0%|          | 0/1 [00:00<?, ?it/s]  0%|          | 0/1 [00:00<?, ?it/s]100%|██████████| 1/1 [00:00<00:00,  2.54it/s]
100%|██████████| 1/1 [00:00<00:00,  2.06it/s]100%|██████████| 1/1 [00:00<00:00,  2.03it/s]
Predicted melting temperature: [58.67286682128906]
  0%|          | 0/1 [00:00<?, ?it/s]Predicted melting temperature: [68.2386474609375]
  0%|          | 0/1 [00:00<?, ?it/s]100%|██████████| 1/1 [00:00<00:00,  2.76it/s]100%|██████████| 1/1 [00:00<00:00,  2.76it/s]
Predicted melting temperature: [68.06131744384766]
  seed_124 arm=t1_base pH=7.4 target=+8.0    Tm=72.01  replicas=[71.6, 76.4, 68.1]
  0%|          | 0/1 [00:00<?, ?it/s]100%|██████████| 1/1 [00:00<00:00,  1.69it/s]100%|██████████| 1/1 [00:00<00:00,  1.69it/s]100%|██████████| 1/1 [00:00<00:00,  3.86it/s]
100%|██████████| 1/1 [00:00<00:00,  3.79it/s]
Predicted melting temperature: [70.6951675415039]
  0%|          | 0/1 [00:00<?, ?it/s]Predicted melting temperature: [67.63007354736328]
  0%|          | 0/1 [00:00<?, ?it/s]100%|██████████| 1/1 [00:00<00:00,  2.80it/s]100%|██████████| 1/1 [00:00<00:00,  2.80it/s]100%|██████████| 1/1 [00:00<00:00,  3.51it/s]
100%|██████████| 1/1 [00:00<00:00,  3.46it/s]
Predicted melting temperature: [61.199790954589844]
  seed_129 arm=t2_ph pH=7.4 target=均值占位 ch   Tm=65.52  replicas=[70.3, 65.0, 61.2]
Predicted melting temperature: [52.31686782836914]
  0%|          | 0/1 [00:00<?, ?it/s]  0%|          | 0/1 [00:00<?, ?it/s]100%|██████████| 1/1 [00:00<00:00,  2.37it/s]100%|██████████| 1/1 [00:00<00:00,  2.37it/s]
100%|██████████| 1/1 [00:00<00:00,  2.62it/s]100%|██████████| 1/1 [00:00<00:00,  2.60it/s]
Predicted melting temperature: [62.94878387451172]
100%|██████████| 1/1 [00:00<00:00,  2.66it/s]  0%|          | 0/1 [00:00<?, ?it/s]100%|██████████| 1/1 [00:00<00:00,  2.65it/s]
Predicted melting temperature: [67.3846664428711]
  seed_123 arm=t2_pos pH=7.4 target=+11.0    Tm=73.15  replicas=[75.6, 76.4, 67.4]
Predicted melting temperature: [72.00892639160156]
100%|██████████| 1/1 [00:00<00:00,  3.58it/s]100%|██████████| 1/1 [00:00<00:00,  2.67it/s]100%|██████████| 1/1 [00:00<00:00,  3.66it/s]100%|██████████| 1/1 [00:00<00:00,  3.54it/s]
  0%|          | 0/1 [00:00<?, ?it/s]100%|██████████| 1/1 [00:00<00:00,  2.66it/s]
100%|██████████| 1/1 [00:00<00:00,  3.65it/s]
Predicted melting temperature: [65.28759765625]
  seed_127 arm=t2_pos pH=7.4 target=+3.0 c   Tm=71.55  replicas=[73.7, 75.7, 65.3]
Predicted melting temperature: [64.4500961303711]
  seed_125 arm=t1_cond pH=7.4 target=+8.0    Tm=72.15  replicas=[73.9, 78.1, 64.5]
Predicted melting temperature: [53.585243225097656]
  seed_128 arm=t1_cond pH=7.4 target=-1.0    Tm=51.27  replicas=[47.7, 52.5, 53.6]
  0%|          | 0/1 [00:00<?, ?it/s]100%|██████████| 1/1 [00:00<00:00,  2.88it/s]  0%|          | 0/1 [00:00<?, ?it/s]  0%|          | 0/1 [00:00<?, ?it/s]  0%|          | 0/1 [00:00<?, ?it/s]100%|██████████| 1/1 [00:00<00:00,  2.84it/s]
Predicted melting temperature: [50.55765914916992]
  0%|          | 0/1 [00:00<?, ?it/s]100%|██████████| 1/1 [00:00<00:00,  3.44it/s]100%|██████████| 1/1 [00:00<00:00,  3.44it/s]
100%|██████████| 1/1 [00:00<00:00,  3.50it/s]Predicted melting temperature: [59.98654556274414]
  seed_129 arm=t2_pos pH=7.4 target=+2.0 c   Tm=60.75  replicas=[63.6, 58.7, 60.0]
100%|██████████| 1/1 [00:00<00:00,  3.45it/s]
Predicted melting temperature: [56.804222106933594]
  seed_126 arm=t2_ph pH=7.4 target=均值占位 ch   Tm=62.50  replicas=[62.5, 68.2, 56.8]
  0%|          | 0/1 [00:00<?, ?it/s]  0%|          | 0/1 [00:00<?, ?it/s]100%|██████████| 1/1 [00:00<00:00,  4.10it/s]100%|██████████| 1/1 [00:00<00:00,  4.10it/s]
Predicted melting temperature: [53.09666442871094]
  seed_128 arm=t2_pos pH=7.4 target=+12.0    Tm=66.51  replicas=[75.7, 70.7, 53.1]
  0%|          | 0/1 [00:00<?, ?it/s]100%|██████████| 1/1 [00:00<00:00,  4.58it/s]100%|██████████| 1/1 [00:00<00:00,  4.57it/s]
100%|██████████| 1/1 [00:00<00:00,  1.81it/s]100%|██████████| 1/1 [00:00<00:00,  1.79it/s]
100%|██████████| 1/1 [00:00<00:00,  4.25it/s]Predicted melting temperature: [52.36330795288086]
  0%|          | 0/1 [00:00<?, ?it/s]100%|██████████| 1/1 [00:00<00:00,  4.23it/s]
Predicted melting temperature: [49.81850051879883]
Predicted melting temperature: [70.50426483154297]
  0%|          | 0/1 [00:00<?, ?it/s]  0%|          | 0/1 [00:00<?, ?it/s]100%|██████████| 1/1 [00:00<00:00,  2.84it/s]100%|██████████| 1/1 [00:00<00:00,  2.84it/s]100%|██████████| 1/1 [00:00<00:00,  3.69it/s]
100%|██████████| 1/1 [00:00<00:00,  4.29it/s]100%|██████████| 1/1 [00:00<00:00,  4.15it/s]100%|██████████| 1/1 [00:00<00:00,  3.57it/s]

Predicted melting temperature: [71.24848175048828]
100%|██████████| 1/1 [00:00<00:00,  2.18it/s]Predicted melting temperature: [63.63642501831055]
  0%|          | 0/1 [00:00<?, ?it/s]100%|██████████| 1/1 [00:00<00:00,  2.17it/s]
  0%|          | 0/1 [00:00<?, ?it/s]Predicted melting temperature: [67.71766662597656]
Predicted melting temperature: [76.21775817871094]
  0%|          | 0/1 [00:00<?, ?it/s]  0%|          | 0/1 [00:00<?, ?it/s]100%|██████████| 1/1 [00:00<00:00,  2.72it/s]100%|██████████| 1/1 [00:00<00:00,  2.72it/s]
100%|██████████| 1/1 [00:00<00:00,  3.43it/s]100%|██████████| 1/1 [00:00<00:00,  3.32it/s]
100%|██████████| 1/1 [00:00<00:00,  2.44it/s]100%|██████████| 1/1 [00:00<00:00,  2.73it/s]Predicted melting temperature: [76.05528259277344]
Predicted melting temperature: [48.89451599121094]
100%|██████████| 1/1 [00:00<00:00,  2.40it/s]
  0%|          | 0/1 [00:00<?, ?it/s]100%|██████████| 1/1 [00:00<00:00,  2.72it/s]  0%|          | 0/1 [00:00<?, ?it/s]
Predicted melting temperature: [52.88159942626953]
  seed_128 arm=t1_base pH=7.4 target=+9.0    Tm=60.00  replicas=[55.1, 72.0, 52.9]
Predicted melting temperature: [57.70271682739258]
  0%|          | 0/1 [00:00<?, ?it/s]  0%|          | 0/1 [00:00<?, ?it/s]100%|██████████| 1/1 [00:00<00:00,  2.02it/s]100%|██████████| 1/1 [00:00<00:00,  2.01it/s]
100%|██████████| 1/1 [00:00<00:00,  2.41it/s]100%|██████████| 1/1 [00:00<00:00,  2.39it/s]100%|██████████| 1/1 [00:00<00:00,  3.71it/s]
Predicted melting temperature: [73.96128845214844]
100%|██████████| 1/1 [00:00<00:00,  3.64it/s]
  0%|          | 0/1 [00:00<?, ?it/s]Predicted melting temperature: [78.9010009765625]
  0%|          | 0/1 [00:00<?, ?it/s]Predicted melting temperature: [83.97631072998047]
  0%|          | 0/1 [00:00<?, ?it/s]100%|██████████| 1/1 [00:00<00:00,  4.57it/s]100%|██████████| 1/1 [00:00<00:00,  4.57it/s]
Predicted melting temperature: [69.97238159179688]
  0%|          | 0/1 [00:00<?, ?it/s]100%|██████████| 1/1 [00:00<00:00,  3.76it/s]100%|██████████| 1/1 [00:00<00:00,  3.76it/s]
100%|██████████| 1/1 [00:00<00:00,  3.58it/s]100%|██████████| 1/1 [00:00<00:00,  3.53it/s]
Predicted melting temperature: [52.02354431152344]
  0%|          | 0/1 [00:00<?, ?it/s]Predicted melting temperature: [57.870330810546875]
  0%|          | 0/1 [00:00<?, ?it/s]100%|██████████| 1/1 [00:00<00:00,  3.52it/s]100%|██████████| 1/1 [00:00<00:00,  3.51it/s]
Predicted melting temperature: [47.98576354980469]
  seed_129 arm=t2_neg pH=7.4 target=+4.0 c   Tm=57.18  replicas=[52.3, 71.2, 48.0]
100%|██████████| 1/1 [00:00<00:00,  1.68it/s]100%|██████████| 1/1 [00:00<00:00,  1.66it/s]
Predicted melting temperature: [67.89141845703125]
  0%|          | 0/1 [00:00<?, ?it/s]  0%|          | 0/1 [00:00<?, ?it/s]100%|██████████| 1/1 [00:00<00:00,  3.68it/s]100%|██████████| 1/1 [00:00<00:00,  3.67it/s]
Predicted melting temperature: [62.47015380859375]
  0%|          | 0/1 [00:00<?, ?it/s]100%|██████████| 1/1 [00:00<00:00,  2.82it/s]100%|██████████| 1/1 [00:00<00:00,  2.82it/s]
Predicted melting temperature: [48.568031311035156]
  seed_130 arm=t1_cond pH=7.4 target=+9.0    Tm=54.25  replicas=[50.6, 63.6, 48.6]
100%|██████████| 1/1 [00:00<00:00,  2.80it/s]100%|██████████| 1/1 [00:00<00:00,  2.76it/s]
Predicted melting temperature: [77.50511169433594]
100%|██████████| 1/1 [00:00<00:00,  3.32it/s]  [code/output/finetune_v3_validate/1BC8/t1_cond/seqs.fa] 已写 code/output/finetune_v3_validate/1BC8/t1_cond/seqs.fa.tm.csv
  0%|          | 0/1 [00:00<?, ?it/s]100%|██████████| 1/1 [00:00<00:00,  3.31it/s]
Predicted melting temperature: [58.45834732055664]
  0%|          | 0/1 [00:00<?, ?it/s]100%|██████████| 1/1 [00:00<00:00,  4.45it/s]100%|██████████| 1/1 [00:00<00:00,  4.44it/s]
Predicted melting temperature: [62.39415740966797]
  seed_128 arm=t2_pos pH=7.4 target=+3.0 c   Tm=67.62  replicas=[70.5, 70.0, 62.4]
  0%|          | 0/1 [00:00<?, ?it/s]100%|██████████| 1/1 [00:00<00:00,  2.57it/s]100%|██████████| 1/1 [00:00<00:00,  2.57it/s]
Predicted melting temperature: [48.831520080566406]
  seed_125 arm=t2_ph pH=7.4 target=均值占位 ch   Tm=62.61  replicas=[62.9, 76.1, 48.8]
  0%|          | 0/1 [00:00<?, ?it/s]100%|██████████| 1/1 [00:00<00:00,  3.04it/s]100%|██████████| 1/1 [00:00<00:00,  3.03it/s]
100%|██████████| 1/1 [00:00<00:00,  2.56it/s]Predicted melting temperature: [78.42080688476562]
  0%|          | 0/1 [00:00<?, ?it/s]100%|██████████| 1/1 [00:00<00:00,  2.52it/s]
Predicted melting temperature: [55.660888671875]
  0%|          | 0/1 [00:00<?, ?it/s]100%|██████████| 1/1 [00:00<00:00,  3.21it/s]100%|██████████| 1/1 [00:00<00:00,  3.21it/s]
Predicted melting temperature: [53.94510269165039]
  seed_129 arm=t1_cond pH=7.4 target=-1.0    Tm=51.93  replicas=[49.8, 52.0, 53.9]
100%|██████████| 1/1 [00:00<00:00,  1.85it/s]  0%|          | 0/1 [00:00<?, ?it/s]100%|██████████| 1/1 [00:00<00:00,  1.83it/s]
Predicted melting temperature: [73.31916046142578]
100%|██████████| 1/1 [00:00<00:00,  2.39it/s]  0%|          | 0/1 [00:00<?, ?it/s]100%|██████████| 1/1 [00:00<00:00,  2.38it/s]
Predicted melting temperature: [78.16805267333984]
  0%|          | 0/1 [00:00<?, ?it/s]100%|██████████| 1/1 [00:00<00:00,  1.98it/s]100%|██████████| 1/1 [00:00<00:00,  1.98it/s]100%|██████████| 1/1 [00:00<00:00,  4.42it/s]
Predicted melting temperature: [57.84141540527344]
  seed_125 arm=t2_neg pH=7.4 target=+3.0 c   Tm=66.48  replicas=[67.6, 74.0, 57.8]
100%|██████████| 1/1 [00:00<00:00,  4.40it/s]
Predicted melting temperature: [67.51454162597656]
  0%|          | 0/1 [00:00<?, ?it/s]  0%|          | 0/1 [00:00<?, ?it/s]100%|██████████| 1/1 [00:00<00:00,  2.41it/s]100%|██████████| 1/1 [00:00<00:00,  2.40it/s]
Predicted melting temperature: [56.50717544555664]
  seed_129 arm=t2_ph pH=7.4 target=均值占位 ch   Tm=55.58  replicas=[52.4, 57.9, 56.5]
100%|██████████| 1/1 [00:00<00:00,  3.57it/s]100%|██████████| 1/1 [00:00<00:00,  3.47it/s]
Predicted melting temperature: [64.92530059814453]
  seed_130 arm=t2_ph pH=7.4 target=均值占位 ch   Tm=60.36  replicas=[57.7, 58.5, 64.9]
  0%|          | 0/1 [00:00<?, ?it/s]100%|██████████| 1/1 [00:00<00:00,  4.52it/s]100%|██████████| 1/1 [00:00<00:00,  2.46it/s]100%|██████████| 1/1 [00:00<00:00,  2.66it/s]100%|██████████| 1/1 [00:00<00:00,  2.01it/s]100%|██████████| 1/1 [00:00<00:00,  4.00it/s]100%|██████████| 1/1 [00:00<00:00,  3.71it/s]
100%|██████████| 1/1 [00:00<00:00,  1.91it/s]
100%|██████████| 1/1 [00:00<00:00,  2.93it/s]100%|██████████| 1/1 [00:00<00:00,  2.08it/s]
  [code/output/finetune_v3_validate/1CRN/t2_ph/seqs.fa] 已写 code/output/finetune_v3_validate/1CRN/t2_ph/seqs.fa.tm.csv

Predicted melting temperature: [60.2609748840332]
  seed_130 arm=t2_pos pH=7.4 target=+2.0 c   Tm=57.21  replicas=[48.9, 62.5, 60.3]
Predicted melting temperature: [80.8014907836914]
  seed_129 arm=t2_pos pH=7.4 target=+12.0    Tm=81.07  replicas=[84.0, 78.4, 80.8]
100%|██████████| 1/1 [00:00<00:00,  2.25it/s]Predicted melting temperature: [60.53511047363281]

  0%|          | 0/1 [00:00<?, ?it/s]Predicted melting temperature: [66.5388412475586]
  seed_125 arm=t1_base pH=7.4 target=+8.0    Tm=73.42  replicas=[76.2, 77.5, 66.5]
Predicted melting temperature: [52.8093376159668]
100%|██████████| 1/1 [00:00<00:00,  3.60it/s]100%|██████████| 1/1 [00:00<00:00,  3.53it/s]
  0%|          | 0/1 [00:00<?, ?it/s]Predicted melting temperature: [59.070899963378906]
  seed_127 arm=t2_ph pH=7.4 target=均值占位 ch   Tm=66.70  replicas=[67.7, 73.3, 59.1]
100%|██████████| 1/1 [00:00<00:00,  2.94it/s]  [code/output/finetune_v3_validate/1CRN/t2_pos/seqs.fa] 已写 code/output/finetune_v3_validate/1CRN/t2_pos/seqs.fa.tm.csv
  0%|          | 0/1 [00:00<?, ?it/s]100%|██████████| 1/1 [00:00<00:00,  2.89it/s]
Predicted melting temperature: [73.56932067871094]
  0%|          | 0/1 [00:00<?, ?it/s]  0%|          | 0/1 [00:00<?, ?it/s]100%|██████████| 1/1 [00:00<00:00,  2.55it/s]  0%|          | 0/1 [00:00<?, ?it/s]100%|██████████| 1/1 [00:00<00:00,  4.50it/s]100%|██████████| 1/1 [00:00<00:00,  2.51it/s]
100%|██████████| 1/1 [00:00<00:00,  4.46it/s]
Predicted melting temperature: [77.71819305419922]
Predicted melting temperature: [65.30674743652344]
  0%|          | 0/1 [00:00<?, ?it/s]100%|██████████| 1/1 [00:00<00:00,  2.59it/s]100%|██████████| 1/1 [00:00<00:00,  1.47it/s]100%|██████████| 1/1 [00:00<00:00,  2.53it/s]100%|██████████| 1/1 [00:00<00:00,  4.15it/s]  0%|          | 0/1 [00:00<?, ?it/s]100%|██████████| 1/1 [00:00<00:00,  3.39it/s]100%|██████████| 1/1 [00:00<00:00,  3.48it/s]100%|██████████| 1/1 [00:00<00:00,  2.11it/s]100%|██████████| 1/1 [00:00<00:00,  3.04it/s]100%|██████████| 1/1 [00:00<00:00,  3.26it/s]100%|██████████| 1/1 [00:00<00:00,  3.36it/s]

100%|██████████| 1/1 [00:00<00:00,  2.11it/s]
100%|██████████| 1/1 [00:00<00:00,  1.16it/s]100%|██████████| 1/1 [00:00<00:00,  1.97it/s]
100%|██████████| 1/1 [00:00<00:00,  1.74it/s]


100%|██████████| 1/1 [00:00<00:00,  3.18it/s]Predicted melting temperature: [53.01844024658203]
Predicted melting temperature: [75.70073699951172]
  seed_126 arm=t1_cond pH=7.4 target=+8.0    Tm=77.59  replicas=[78.9, 78.2, 75.7]
  0%|          | 0/1 [00:00<?, ?it/s]100%|██████████| 1/1 [00:00<00:00,  3.10it/s]Predicted melting temperature: [64.17218780517578]

Predicted melting temperature: [72.67305755615234]
  0%|          | 0/1 [00:00<?, ?it/s]  0%|          | 0/1 [00:00<?, ?it/s]Predicted melting temperature: [61.026676177978516]
  0%|          | 0/1 [00:00<?, ?it/s]Predicted melting temperature: [54.53925704956055]
Predicted melting temperature: [76.41545104980469]
Predicted melting temperature: [73.67874145507812]
  0%|          | 0/1 [00:00<?, ?it/s]  0%|          | 0/1 [00:00<?, ?it/s]  0%|          | 0/1 [00:00<?, ?it/s]  0%|          | 0/1 [00:00<?, ?it/s]100%|██████████| 1/1 [00:00<00:00,  2.57it/s]100%|██████████| 1/1 [00:00<00:00,  2.57it/s]
Predicted melting temperature: [54.14896011352539]
  seed_129 arm=t1_base pH=7.4 target=+9.0    Tm=61.13  replicas=[55.7, 73.6, 54.1]
  0%|          | 0/1 [00:00<?, ?it/s]100%|██████████| 1/1 [00:00<00:00,  2.00it/s]100%|██████████| 1/1 [00:00<00:00,  2.00it/s]
Predicted melting temperature: [70.46016693115234]
  0%|          | 0/1 [00:00<?, ?it/s]100%|██████████| 1/1 [00:00<00:00,  3.79it/s]100%|██████████| 1/1 [00:00<00:00,  3.79it/s]
Predicted melting temperature: [66.63215637207031]
  0%|          | 0/1 [00:00<?, ?it/s]100%|██████████| 1/1 [00:00<00:00,  2.99it/s]100%|██████████| 1/1 [00:00<00:00,  2.99it/s]
Predicted melting temperature: [62.06168746948242]
  seed_129 arm=t2_pos pH=7.4 target=+3.0 c   Tm=64.96  replicas=[67.5, 65.3, 62.1]
  0%|          | 0/1 [00:00<?, ?it/s]100%|██████████| 1/1 [00:00<00:00,  3.12it/s]100%|██████████| 1/1 [00:00<00:00,  3.12it/s]
Predicted melting temperature: [48.70133590698242]
  seed_130 arm=t2_neg pH=7.4 target=+4.0 c   Tm=52.02  replicas=[52.8, 54.5, 48.7]
100%|██████████| 1/1 [00:00<00:00,  2.49it/s]  [code/output/finetune_v3_validate/1BC8/t2_neg/seqs.fa] 已写 code/output/finetune_v3_validate/1BC8/t2_neg/seqs.fa.tm.csv
100%|██████████| 1/1 [00:00<00:00,  2.49it/s]
Predicted melting temperature: [78.06837463378906]
  0%|          | 0/1 [00:00<?, ?it/s]100%|██████████| 1/1 [00:00<00:00,  3.40it/s]100%|██████████| 1/1 [00:00<00:00,  3.39it/s]
100%|██████████| 1/1 [00:00<00:00,  2.68it/s]100%|██████████| 1/1 [00:00<00:00,  2.63it/s]100%|██████████| 1/1 [00:00<00:00,  2.47it/s]
Predicted melting temperature: [54.27118682861328]
100%|██████████| 1/1 [00:00<00:00,  2.41it/s]
  0%|          | 0/1 [00:00<?, ?it/s]100%|██████████| 1/1 [00:00<00:00,  2.36it/s]Predicted melting temperature: [78.38249969482422]
100%|██████████| 1/1 [00:00<00:00,  2.32it/s]
  0%|          | 0/1 [00:00<?, ?it/s]Predicted melting temperature: [74.14335632324219]
  0%|          | 0/1 [00:00<?, ?it/s]100%|██████████| 1/1 [00:00<00:00,  2.36it/s]100%|██████████| 1/1 [00:00<00:00,  2.33it/s]
Predicted melting temperature: [54.01899719238281]
Predicted melting temperature: [64.03388214111328]
  seed_130 arm=t1_cond pH=7.4 target=-1.0    Tm=61.87  replicas=[60.5, 61.0, 64.0]
  0%|          | 0/1 [00:00<?, ?it/s]  [code/output/finetune_v3_validate/1CRN/t1_cond/seqs.fa] 已写 code/output/finetune_v3_validate/1CRN/t1_cond/seqs.fa.tm.csv
100%|██████████| 1/1 [00:00<00:00,  4.47it/s]100%|██████████| 1/1 [00:00<00:00,  4.47it/s]
Predicted melting temperature: [65.5063247680664]
  0%|          | 0/1 [00:00<?, ?it/s]100%|██████████| 1/1 [00:00<00:00,  2.66it/s]100%|██████████| 1/1 [00:00<00:00,  2.66it/s]
Predicted melting temperature: [75.70978546142578]
  0%|          | 0/1 [00:00<?, ?it/s]100%|██████████| 1/1 [00:00<00:00,  1.72it/s]100%|██████████| 1/1 [00:00<00:00,  1.72it/s]
Predicted melting temperature: [62.54766845703125]
  0%|          | 0/1 [00:00<?, ?it/s]100%|██████████| 1/1 [00:00<00:00,  2.37it/s]100%|██████████| 1/1 [00:00<00:00,  2.37it/s]
Predicted melting temperature: [59.22184753417969]
  seed_128 arm=t2_ph pH=7.4 target=均值占位 ch   Tm=63.34  replicas=[64.2, 66.6, 59.2]
100%|██████████| 1/1 [00:00<00:00,  3.51it/s]  0%|          | 0/1 [00:00<?, ?it/s]100%|██████████| 1/1 [00:00<00:00,  3.43it/s]
Predicted melting temperature: [71.20013427734375]
100%|██████████| 1/1 [00:00<00:00,  1.44it/s]  0%|          | 0/1 [00:00<?, ?it/s]100%|██████████| 1/1 [00:00<00:00,  1.43it/s]
Predicted melting temperature: [69.30474853515625]
  seed_124 arm=t2_pos pH=7.4 target=+11.0    Tm=70.29  replicas=[67.9, 73.7, 69.3]
  0%|          | 0/1 [00:00<?, ?it/s]100%|██████████| 1/1 [00:00<00:00,  3.28it/s]100%|██████████| 1/1 [00:00<00:00,  3.28it/s]
Predicted melting temperature: [50.93670654296875]
  seed_130 arm=t2_ph pH=7.4 target=均值占位 ch   Tm=52.66  replicas=[53.0, 54.0, 50.9]
100%|██████████| 1/1 [00:00<00:00,  4.78it/s]100%|██████████| 1/1 [00:00<00:00,  4.61it/s]
Predicted melting temperature: [70.58558654785156]
  [code/output/finetune_v3_validate/1BC8/t2_ph/seqs.fa] 已写 code/output/finetune_v3_validate/1BC8/t2_ph/seqs.fa.tm.csv
  0%|          | 0/1 [00:00<?, ?it/s]100%|██████████| 1/1 [00:00<00:00,  2.51it/s]100%|██████████| 1/1 [00:00<00:00,  2.93it/s]100%|██████████| 1/1 [00:00<00:00,  2.46it/s]
100%|██████████| 1/1 [00:00<00:00,  2.89it/s]
Predicted melting temperature: [60.72452163696289]
  seed_126 arm=t2_ph pH=7.4 target=均值占位 ch   Tm=72.17  replicas=[77.7, 78.1, 60.7]
Predicted melting temperature: [67.9259262084961]
  seed_130 arm=t2_pos pH=7.4 target=+12.0    Tm=71.58  replicas=[72.7, 74.1, 67.9]
  [code/output/finetune_v3_validate/1BC8/t2_pos/seqs.fa] 已写 code/output/finetune_v3_validate/1BC8/t2_pos/seqs.fa.tm.csv
  0%|          | 0/1 [00:00<?, ?it/s]100%|██████████| 1/1 [00:00<00:00,  2.42it/s]100%|██████████| 1/1 [00:00<00:00,  2.42it/s]
Predicted melting temperature: [62.684043884277344]
  seed_126 arm=t2_neg pH=7.4 target=+3.0 c   Tm=72.49  replicas=[76.4, 78.4, 62.7]
  0%|          | 0/1 [00:00<?, ?it/s]100%|██████████| 1/1 [00:00<00:00,  5.00it/s]100%|██████████| 1/1 [00:00<00:00,  4.99it/s]
Predicted melting temperature: [62.91140365600586]
  0%|          | 0/1 [00:00<?, ?it/s]100%|██████████| 1/1 [00:00<00:00,  2.89it/s]100%|██████████| 1/1 [00:00<00:00,  2.89it/s]
Predicted melting temperature: [64.88313293457031]
  seed_126 arm=t1_base pH=7.4 target=+8.0    Tm=70.35  replicas=[70.5, 75.7, 64.9]
  0%|          | 0/1 [00:00<?, ?it/s]100%|██████████| 1/1 [00:00<00:00,  3.79it/s]100%|██████████| 1/1 [00:00<00:00,  3.79it/s]
Predicted melting temperature: [52.25102615356445]
  seed_130 arm=t1_base pH=7.4 target=+9.0    Tm=59.24  replicas=[54.3, 71.2, 52.3]
  [code/output/finetune_v3_validate/1BC8/t1_base/seqs.fa] 已写 code/output/finetune_v3_validate/1BC8/t1_base/seqs.fa.tm.csv
100%|██████████| 1/1 [00:00<00:00,  2.24it/s]100%|██████████| 1/1 [00:00<00:00,  2.24it/s]100%|██████████| 1/1 [00:00<00:00,  4.37it/s]100%|██████████| 1/1 [00:00<00:00,  2.65it/s]
100%|██████████| 1/1 [00:00<00:00,  2.86it/s]100%|██████████| 1/1 [00:00<00:00,  2.32it/s]100%|██████████| 1/1 [00:00<00:00,  2.72it/s]100%|██████████| 1/1 [00:00<00:00,  1.66it/s]100%|██████████| 1/1 [00:01<00:00,  1.06s/it]100%|██████████| 1/1 [00:01<00:00,  1.17s/it]
100%|██████████| 1/1 [00:01<00:00,  1.12s/it]
100%|██████████| 1/1 [00:01<00:00,  1.20s/it]
100%|██████████| 1/1 [00:01<00:00,  1.03s/it]
100%|██████████| 1/1 [00:01<00:00,  1.25s/it]

Predicted melting temperature: [58.22686767578125]
  seed_130 arm=t2_pos pH=7.4 target=+3.0 c   Tm=64.77  replicas=[65.5, 70.6, 58.2]
Predicted melting temperature: [73.2418441772461]
Predicted melting temperature: [73.58924102783203]
Predicted melting temperature: [71.57768249511719]
Predicted melting temperature: [69.72362518310547]
  0%|          | 0/1 [00:00<?, ?it/s]  0%|          | 0/1 [00:00<?, ?it/s]  0%|          | 0/1 [00:00<?, ?it/s]  0%|          | 0/1 [00:00<?, ?it/s]Predicted melting temperature: [67.53823852539062]
Predicted melting temperature: [72.36048889160156]
  [code/output/finetune_v3_validate/1UBQ/t2_pos/seqs.fa] 已写 code/output/finetune_v3_validate/1UBQ/t2_pos/seqs.fa.tm.csv
  0%|          | 0/1 [00:00<?, ?it/s]  0%|          | 0/1 [00:00<?, ?it/s]100%|██████████| 1/1 [00:00<00:00,  2.47it/s]100%|██████████| 1/1 [00:00<00:00,  2.47it/s]
Predicted melting temperature: [54.43177032470703]
  seed_127 arm=t1_cond pH=7.4 target=+8.0    Tm=63.41  replicas=[62.5, 73.2, 54.4]
  0%|          | 0/1 [00:00<?, ?it/s]100%|██████████| 1/1 [00:00<00:00,  2.43it/s]100%|██████████| 1/1 [00:00<00:00,  2.43it/s]
100%|██████████| 1/1 [00:00<00:00,  2.25it/s]100%|██████████| 1/1 [00:00<00:00,  2.25it/s]
100%|██████████| 1/1 [00:00<00:00,  2.37it/s]Predicted melting temperature: [75.6300277709961]
Predicted melting temperature: [73.72218322753906]
  0%|          | 0/1 [00:00<?, ?it/s]100%|██████████| 1/1 [00:00<00:00,  2.34it/s]
  0%|          | 0/1 [00:00<?, ?it/s]Predicted melting temperature: [76.6600112915039]
  0%|          | 0/1 [00:00<?, ?it/s]100%|██████████| 1/1 [00:00<00:00,  1.62it/s]100%|██████████| 1/1 [00:00<00:00,  1.47it/s]
Predicted melting temperature: [76.28720092773438]
  0%|          | 0/1 [00:00<?, ?it/s]100%|██████████| 1/1 [00:00<00:00,  1.31it/s]100%|██████████| 1/1 [00:00<00:00,  1.31it/s]
100%|██████████| 1/1 [00:00<00:00,  2.89it/s]Predicted melting temperature: [60.534080505371094]
  seed_129 arm=t2_ph pH=7.4 target=均值占位 ch   Tm=64.39  replicas=[62.9, 69.7, 60.5]
100%|██████████| 1/1 [00:00<00:00,  2.85it/s]
Predicted melting temperature: [79.0865249633789]
  0%|          | 0/1 [00:00<?, ?it/s]100%|██████████| 1/1 [00:00<00:00,  3.05it/s]  0%|          | 0/1 [00:00<?, ?it/s]100%|██████████| 1/1 [00:00<00:00,  3.04it/s]
Predicted melting temperature: [64.0781478881836]
  seed_127 arm=t1_base pH=7.4 target=+8.0    Tm=70.43  replicas=[71.6, 75.6, 64.1]
  0%|          | 0/1 [00:00<?, ?it/s]100%|██████████| 1/1 [00:00<00:00,  2.91it/s]100%|██████████| 1/1 [00:00<00:00,  2.90it/s]
Predicted melting temperature: [62.91390609741211]
  seed_127 arm=t2_ph pH=7.4 target=均值占位 ch   Tm=70.64  replicas=[72.4, 76.7, 62.9]
  0%|          | 0/1 [00:00<?, ?it/s]100%|██████████| 1/1 [00:00<00:00,  2.71it/s]100%|██████████| 1/1 [00:00<00:00,  2.70it/s]
Predicted melting temperature: [59.86164855957031]
  seed_125 arm=t2_pos pH=7.4 target=+11.0    Tm=67.04  replicas=[67.5, 73.7, 59.9]
  0%|          | 0/1 [00:00<?, ?it/s]100%|██████████| 1/1 [00:00<00:00,  3.64it/s]100%|██████████| 1/1 [00:00<00:00,  3.64it/s]
Predicted melting temperature: [64.18445587158203]
  0%|          | 0/1 [00:00<?, ?it/s]100%|██████████| 1/1 [00:00<00:00,  2.83it/s]100%|██████████| 1/1 [00:00<00:00,  2.83it/s]
100%|██████████| 1/1 [00:00<00:00,  2.25it/s]100%|██████████| 1/1 [00:00<00:00,  2.95it/s]Predicted melting temperature: [67.8935775756836]
100%|██████████| 1/1 [00:00<00:00,  2.21it/s]
100%|██████████| 1/1 [00:00<00:00,  2.90it/s]  0%|          | 0/1 [00:00<?, ?it/s]
Predicted melting temperature: [55.917236328125]
  seed_127 arm=t2_neg pH=7.4 target=+3.0 c   Tm=68.60  replicas=[73.6, 76.3, 55.9]
Predicted melting temperature: [73.54784393310547]
  0%|          | 0/1 [00:00<?, ?it/s]100%|██████████| 1/1 [00:00<00:00,  2.53it/s]100%|██████████| 1/1 [00:00<00:00,  2.49it/s]
  0%|          | 0/1 [00:00<?, ?it/s]Predicted melting temperature: [78.43988037109375]
  0%|          | 0/1 [00:00<?, ?it/s]100%|██████████| 1/1 [00:00<00:00,  2.74it/s]100%|██████████| 1/1 [00:00<00:00,  2.73it/s]
Predicted melting temperature: [70.56121063232422]
  0%|          | 0/1 [00:00<?, ?it/s]100%|██████████| 1/1 [00:00<00:00,  4.59it/s]100%|██████████| 1/1 [00:00<00:00,  4.58it/s]
Predicted melting temperature: [71.00048828125]
  0%|          | 0/1 [00:00<?, ?it/s]100%|██████████| 1/1 [00:00<00:00,  2.95it/s]100%|██████████| 1/1 [00:00<00:00,  2.94it/s]
Predicted melting temperature: [80.14849853515625]
100%|██████████| 1/1 [00:00<00:00,  4.65it/s]  0%|          | 0/1 [00:00<?, ?it/s]100%|██████████| 1/1 [00:00<00:00,  4.63it/s]
Predicted melting temperature: [55.942115783691406]
  seed_130 arm=t2_ph pH=7.4 target=均值占位 ch   Tm=63.71  replicas=[64.2, 71.0, 55.9]
  [code/output/finetune_v3_validate/1UBQ/t2_ph/seqs.fa] 已写 code/output/finetune_v3_validate/1UBQ/t2_ph/seqs.fa.tm.csv
100%|██████████| 1/1 [00:00<00:00,  2.52it/s]100%|██████████| 1/1 [00:00<00:00,  2.52it/s]
100%|██████████| 1/1 [00:00<00:00,  2.34it/s]Predicted melting temperature: [69.11289978027344]
  seed_128 arm=t1_cond pH=7.4 target=+8.0    Tm=75.55  replicas=[79.1, 78.4, 69.1]
100%|██████████| 1/1 [00:00<00:00,  2.33it/s]
Predicted melting temperature: [75.64152526855469]
  0%|          | 0/1 [00:00<?, ?it/s]100%|██████████| 1/1 [00:00<00:00,  2.69it/s]  0%|          | 0/1 [00:00<?, ?it/s]100%|██████████| 1/1 [00:00<00:00,  2.68it/s]
Predicted melting temperature: [75.62301635742188]
  0%|          | 0/1 [00:00<?, ?it/s]100%|██████████| 1/1 [00:00<00:00,  2.15it/s]100%|██████████| 1/1 [00:00<00:00,  2.15it/s]
Predicted melting temperature: [71.64899444580078]
100%|██████████| 1/1 [00:00<00:00,  3.08it/s]  0%|          | 0/1 [00:00<?, ?it/s]100%|██████████| 1/1 [00:00<00:00,  2.78it/s]
Predicted melting temperature: [70.84735870361328]
  seed_128 arm=t2_ph pH=7.4 target=均值占位 ch   Tm=74.85  replicas=[73.5, 80.1, 70.8]
  0%|          | 0/1 [00:00<?, ?it/s]100%|██████████| 1/1 [00:00<00:00,  2.97it/s]100%|██████████| 1/1 [00:00<00:00,  2.97it/s]
100%|██████████| 1/1 [00:00<00:00,  2.96it/s]Predicted melting temperature: [61.0572509765625]
  seed_128 arm=t1_base pH=7.4 target=+8.0    Tm=68.20  replicas=[67.9, 75.6, 61.1]
100%|██████████| 1/1 [00:00<00:00,  2.90it/s]
  0%|          | 0/1 [00:00<?, ?it/s]Predicted melting temperature: [81.126708984375]
  0%|          | 0/1 [00:00<?, ?it/s]100%|██████████| 1/1 [00:00<00:00,  2.78it/s]100%|██████████| 1/1 [00:00<00:00,  2.78it/s]
Predicted melting temperature: [65.49906921386719]
  seed_126 arm=t2_pos pH=7.4 target=+11.0    Tm=70.56  replicas=[70.6, 75.6, 65.5]
  0%|          | 0/1 [00:00<?, ?it/s]100%|██████████| 1/1 [00:00<00:00,  2.97it/s]100%|██████████| 1/1 [00:00<00:00,  2.97it/s]
Predicted melting temperature: [68.42582702636719]
  0%|          | 0/1 [00:00<?, ?it/s]100%|██████████| 1/1 [00:00<00:00,  2.48it/s]100%|██████████| 1/1 [00:00<00:00,  2.46it/s]
Predicted melting temperature: [55.419525146484375]
  0%|          | 0/1 [00:00<?, ?it/s]100%|██████████| 1/1 [00:00<00:00,  2.86it/s]100%|██████████| 1/1 [00:00<00:00,  2.85it/s]
100%|██████████| 1/1 [00:00<00:00,  2.52it/s]Predicted melting temperature: [68.97786712646484]
100%|██████████| 1/1 [00:00<00:00,  2.51it/s]
  0%|          | 0/1 [00:00<?, ?it/s]Predicted melting temperature: [78.66838073730469]
  0%|          | 0/1 [00:00<?, ?it/s]100%|██████████| 1/1 [00:00<00:00,  1.82it/s]100%|██████████| 1/1 [00:00<00:00,  1.82it/s]
Predicted melting temperature: [79.09864044189453]
  0%|          | 0/1 [00:00<?, ?it/s]100%|██████████| 1/1 [00:00<00:00,  2.85it/s]100%|██████████| 1/1 [00:00<00:00,  2.84it/s]
Predicted melting temperature: [74.60398864746094]
  0%|          | 0/1 [00:00<?, ?it/s]100%|██████████| 1/1 [00:00<00:00,  2.67it/s]100%|██████████| 1/1 [00:00<00:00,  2.67it/s]
Predicted melting temperature: [68.46022033691406]
  0%|          | 0/1 [00:00<?, ?it/s]100%|██████████| 1/1 [00:00<00:00,  2.37it/s]100%|██████████| 1/1 [00:00<00:00,  2.37it/s]
Predicted melting temperature: [71.40052795410156]
  seed_129 arm=t1_cond pH=7.4 target=+8.0    Tm=77.07  replicas=[81.1, 78.7, 71.4]
  0%|          | 0/1 [00:00<?, ?it/s]100%|██████████| 1/1 [00:00<00:00,  2.13it/s]100%|██████████| 1/1 [00:00<00:00,  2.13it/s]
Predicted melting temperature: [74.62374877929688]
  0%|          | 0/1 [00:00<?, ?it/s]100%|██████████| 1/1 [00:00<00:00,  2.94it/s]100%|██████████| 1/1 [00:00<00:00,  2.94it/s]
Predicted melting temperature: [57.60755157470703]
  seed_129 arm=t1_base pH=7.4 target=+8.0    Tm=66.88  replicas=[68.4, 74.6, 57.6]
  0%|          | 0/1 [00:00<?, ?it/s]100%|██████████| 1/1 [00:00<00:00,  2.70it/s]100%|██████████| 1/1 [00:00<00:00,  2.70it/s]
Predicted melting temperature: [46.39197540283203]
  seed_129 arm=t2_ph pH=7.4 target=均值占位 ch   Tm=56.76  replicas=[55.4, 68.5, 46.4]
  0%|          | 0/1 [00:00<?, ?it/s]100%|██████████| 1/1 [00:00<00:00,  1.39it/s]100%|██████████| 1/1 [00:00<00:00,  1.38it/s]
Predicted melting temperature: [62.348976135253906]
  seed_128 arm=t2_neg pH=7.4 target=+3.0 c   Tm=71.03  replicas=[71.6, 79.1, 62.3]
  0%|          | 0/1 [00:00<?, ?it/s]100%|██████████| 1/1 [00:00<00:00,  2.26it/s]100%|██████████| 1/1 [00:00<00:00,  2.26it/s]
100%|██████████| 1/1 [00:00<00:00,  2.44it/s]100%|██████████| 1/1 [00:00<00:00,  2.42it/s]
Predicted melting temperature: [65.41403198242188]
  seed_127 arm=t2_pos pH=7.4 target=+11.0    Tm=69.67  replicas=[69.0, 74.6, 65.4]
  0%|          | 0/1 [00:00<?, ?it/s]Predicted melting temperature: [76.43238830566406]
  0%|          | 0/1 [00:00<?, ?it/s]100%|██████████| 1/1 [00:00<00:00,  2.88it/s]100%|██████████| 1/1 [00:00<00:00,  2.87it/s]
Predicted melting temperature: [74.68521118164062]
  0%|          | 0/1 [00:00<?, ?it/s]100%|██████████| 1/1 [00:00<00:00,  2.88it/s]100%|██████████| 1/1 [00:00<00:00,  2.88it/s]
Predicted melting temperature: [80.5934066772461]
  0%|          | 0/1 [00:00<?, ?it/s]100%|██████████| 1/1 [00:00<00:00,  2.84it/s]100%|██████████| 1/1 [00:00<00:00,  2.84it/s]
Predicted melting temperature: [66.59309387207031]
  0%|          | 0/1 [00:00<?, ?it/s]100%|██████████| 1/1 [00:00<00:00,  2.54it/s]100%|██████████| 1/1 [00:00<00:00,  2.54it/s]
Predicted melting temperature: [78.74181365966797]
  0%|          | 0/1 [00:00<?, ?it/s]100%|██████████| 1/1 [00:00<00:00,  2.87it/s]100%|██████████| 1/1 [00:00<00:00,  2.87it/s]
Predicted melting temperature: [78.01408386230469]
  0%|          | 0/1 [00:00<?, ?it/s]100%|██████████| 1/1 [00:00<00:00,  1.55it/s]100%|██████████| 1/1 [00:00<00:00,  1.54it/s]100%|██████████| 1/1 [00:00<00:00,  2.48it/s]
100%|██████████| 1/1 [00:00<00:00,  2.68it/s]100%|██████████| 1/1 [00:00<00:00,  2.91it/s]100%|██████████| 1/1 [00:00<00:00,  2.61it/s]
100%|██████████| 1/1 [00:00<00:00,  2.31it/s]
100%|██████████| 1/1 [00:00<00:00,  1.68it/s]
Predicted melting temperature: [68.03614044189453]
  seed_130 arm=t1_cond pH=7.4 target=+8.0    Tm=74.40  replicas=[76.4, 78.7, 68.0]
  [code/output/finetune_v3_validate/2LZM/t1_cond/seqs.fa] 已写 code/output/finetune_v3_validate/2LZM/t1_cond/seqs.fa.tm.csv
Predicted melting temperature: [63.3215217590332]
  0%|          | 0/1 [00:00<?, ?it/s]Predicted melting temperature: [80.62844848632812]
Predicted melting temperature: [73.0604248046875]
  0%|          | 0/1 [00:00<?, ?it/s]  0%|          | 0/1 [00:00<?, ?it/s]100%|██████████| 1/1 [00:00<00:00,  2.77it/s]100%|██████████| 1/1 [00:00<00:00,  2.77it/s]
Predicted melting temperature: [68.86489868164062]
  seed_130 arm=t1_base pH=7.4 target=+8.0    Tm=73.85  replicas=[74.7, 78.0, 68.9]
  [code/output/finetune_v3_validate/2LZM/t1_base/seqs.fa] 已写 code/output/finetune_v3_validate/2LZM/t1_base/seqs.fa.tm.csv
100%|██████████| 1/1 [00:00<00:00,  2.49it/s]100%|██████████| 1/1 [00:00<00:00,  2.49it/s]100%|██████████| 1/1 [00:00<00:00,  2.33it/s]
100%|██████████| 1/1 [00:00<00:00,  1.73it/s]Predicted melting temperature: [81.43058776855469]
  seed_130 arm=t2_ph pH=7.4 target=均值占位 ch   Tm=80.88  replicas=[80.6, 80.6, 81.4]
100%|██████████| 1/1 [00:01<00:00,  1.01s/it]100%|██████████| 1/1 [00:01<00:00,  1.02s/it]

Predicted melting temperature: [50.285560607910156]
  seed_128 arm=t2_pos pH=7.4 target=+11.0    Tm=63.31  replicas=[66.6, 73.1, 50.3]
  [code/output/finetune_v3_validate/2LZM/t2_ph/seqs.fa] 已写 code/output/finetune_v3_validate/2LZM/t2_ph/seqs.fa.tm.csv
  0%|          | 0/1 [00:00<?, ?it/s]Predicted melting temperature: [77.09004211425781]
  0%|          | 0/1 [00:00<?, ?it/s]100%|██████████| 1/1 [00:00<00:00,  2.27it/s]100%|██████████| 1/1 [00:00<00:00,  2.27it/s]
Predicted melting temperature: [67.25431060791016]
  0%|          | 0/1 [00:00<?, ?it/s]100%|██████████| 1/1 [00:00<00:00,  2.30it/s]100%|██████████| 1/1 [00:00<00:00,  2.26it/s]
Predicted melting temperature: [54.13890075683594]
  seed_129 arm=t2_neg pH=7.4 target=+3.0 c   Tm=64.85  replicas=[63.3, 77.1, 54.1]
  0%|          | 0/1 [00:00<?, ?it/s]100%|██████████| 1/1 [00:00<00:00,  3.09it/s]100%|██████████| 1/1 [00:00<00:00,  3.09it/s]
Predicted melting temperature: [73.44539642333984]
  0%|          | 0/1 [00:00<?, ?it/s]100%|██████████| 1/1 [00:00<00:00,  1.78it/s]100%|██████████| 1/1 [00:00<00:00,  1.78it/s]
Predicted melting temperature: [81.09632873535156]
  0%|          | 0/1 [00:00<?, ?it/s]100%|██████████| 1/1 [00:00<00:00,  2.75it/s]100%|██████████| 1/1 [00:00<00:00,  2.74it/s]
Predicted melting temperature: [55.95171356201172]
  seed_129 arm=t2_pos pH=7.4 target=+11.0    Tm=65.55  replicas=[67.3, 73.4, 56.0]
  0%|          | 0/1 [00:00<?, ?it/s]100%|██████████| 1/1 [00:00<00:00,  2.39it/s]100%|██████████| 1/1 [00:00<00:00,  2.39it/s]
Predicted melting temperature: [79.8290786743164]
  0%|          | 0/1 [00:00<?, ?it/s]100%|██████████| 1/1 [00:00<00:00,  2.14it/s]100%|██████████| 1/1 [00:00<00:00,  2.14it/s]
Predicted melting temperature: [71.1279296875]
  0%|          | 0/1 [00:00<?, ?it/s]100%|██████████| 1/1 [00:00<00:00,  2.33it/s]100%|██████████| 1/1 [00:00<00:00,  2.33it/s]
Predicted melting temperature: [76.43816375732422]
  seed_130 arm=t2_neg pH=7.4 target=+3.0 c   Tm=79.12  replicas=[81.1, 79.8, 76.4]
  [code/output/finetune_v3_validate/2LZM/t2_neg/seqs.fa] 已写 code/output/finetune_v3_validate/2LZM/t2_neg/seqs.fa.tm.csv
100%|██████████| 1/1 [00:00<00:00,  2.94it/s]100%|██████████| 1/1 [00:00<00:00,  2.94it/s]
Predicted melting temperature: [76.32795715332031]
  0%|          | 0/1 [00:00<?, ?it/s]100%|██████████| 1/1 [00:00<00:00,  2.94it/s]100%|██████████| 1/1 [00:00<00:00,  2.94it/s]
Predicted melting temperature: [65.49360656738281]
  seed_130 arm=t2_pos pH=7.4 target=+11.0    Tm=70.98  replicas=[71.1, 76.3, 65.5]
  [code/output/finetune_v3_validate/2LZM/t2_pos/seqs.fa] 已写 code/output/finetune_v3_validate/2LZM/t2_pos/seqs.fa.tm.csv
  TemBERTure DONE 16:31:27
=== ALL PHASE3 V2 SCORING DONE ===
