=== [1/4] ESMFold 回折 + pLDDT（confumpnn-esmfold，递归扫描所有 arm 的 seqs.fa）===
ESMFold 加载完成（cuda）
批量模式：找到 30 个 seqs.fa
[code/output/finetune_v5_validate/1BC8/t1_base/seqs.fa] 共 20 条序列
  seed_111 arm=t1_base pH=7.4 ta   L=  93  mean_pLDDT= 81.99
  seed_112 arm=t1_base pH=7.4 ta   L=  93  mean_pLDDT= 83.49
  seed_113 arm=t1_base pH=7.4 ta   L=  93  mean_pLDDT= 81.40
  seed_114 arm=t1_base pH=7.4 ta   L=  93  mean_pLDDT= 82.41
  seed_115 arm=t1_base pH=7.4 ta   L=  93  mean_pLDDT= 81.01
  seed_116 arm=t1_base pH=7.4 ta   L=  93  mean_pLDDT= 84.59
  seed_117 arm=t1_base pH=7.4 ta   L=  93  mean_pLDDT= 78.96
  seed_118 arm=t1_base pH=7.4 ta   L=  93  mean_pLDDT= 83.14
  seed_119 arm=t1_base pH=7.4 ta   L=  93  mean_pLDDT= 82.42
  seed_120 arm=t1_base pH=7.4 ta   L=  93  mean_pLDDT= 82.40
  seed_121 arm=t1_base pH=7.4 ta   L=  93  mean_pLDDT= 82.80
  seed_122 arm=t1_base pH=7.4 ta   L=  93  mean_pLDDT= 80.17
  seed_123 arm=t1_base pH=7.4 ta   L=  93  mean_pLDDT= 80.96
  seed_124 arm=t1_base pH=7.4 ta   L=  93  mean_pLDDT= 82.98
  seed_125 arm=t1_base pH=7.4 ta   L=  93  mean_pLDDT= 82.15
  seed_126 arm=t1_base pH=7.4 ta   L=  93  mean_pLDDT= 84.05
  seed_127 arm=t1_base pH=7.4 ta   L=  93  mean_pLDDT= 81.54
  seed_128 arm=t1_base pH=7.4 ta   L=  93  mean_pLDDT= 85.42
  seed_129 arm=t1_base pH=7.4 ta   L=  93  mean_pLDDT= 82.01
  seed_130 arm=t1_base pH=7.4 ta   L=  93  mean_pLDDT= 82.09
  已写入 code/output/finetune_v5_validate/1BC8/t1_base/plddt.csv
[code/output/finetune_v5_validate/1BC8/t1_cond/seqs.fa] 共 20 条序列
  seed_111 arm=t1_cond pH=7.4 ta   L=  93  mean_pLDDT= 82.38
  seed_112 arm=t1_cond pH=7.4 ta   L=  93  mean_pLDDT= 81.56
  seed_113 arm=t1_cond pH=7.4 ta   L=  93  mean_pLDDT= 82.90
  seed_114 arm=t1_cond pH=7.4 ta   L=  93  mean_pLDDT= 84.45
  seed_115 arm=t1_cond pH=7.4 ta   L=  93  mean_pLDDT= 81.47
  seed_116 arm=t1_cond pH=7.4 ta   L=  93  mean_pLDDT= 82.19
  seed_117 arm=t1_cond pH=7.4 ta   L=  93  mean_pLDDT= 79.57
  seed_118 arm=t1_cond pH=7.4 ta   L=  93  mean_pLDDT= 80.83
  seed_119 arm=t1_cond pH=7.4 ta   L=  93  mean_pLDDT= 80.77
  seed_120 arm=t1_cond pH=7.4 ta   L=  93  mean_pLDDT= 78.66
  seed_121 arm=t1_cond pH=7.4 ta   L=  93  mean_pLDDT= 83.54
  seed_122 arm=t1_cond pH=7.4 ta   L=  93  mean_pLDDT= 81.12
  seed_123 arm=t1_cond pH=7.4 ta   L=  93  mean_pLDDT= 79.06
  seed_124 arm=t1_cond pH=7.4 ta   L=  93  mean_pLDDT= 83.61
  seed_125 arm=t1_cond pH=7.4 ta   L=  93  mean_pLDDT= 81.89
  seed_126 arm=t1_cond pH=7.4 ta   L=  93  mean_pLDDT= 79.61
  seed_127 arm=t1_cond pH=7.4 ta   L=  93  mean_pLDDT= 83.50
  seed_128 arm=t1_cond pH=7.4 ta   L=  93  mean_pLDDT= 81.21
  seed_129 arm=t1_cond pH=7.4 ta   L=  93  mean_pLDDT= 81.87
  seed_130 arm=t1_cond pH=7.4 ta   L=  93  mean_pLDDT= 79.42
  已写入 code/output/finetune_v5_validate/1BC8/t1_cond/plddt.csv
[code/output/finetune_v5_validate/1BC8/t2_neg/seqs.fa] 共 20 条序列
  seed_111 arm=t2_neg pH=7.4 tar   L=  93  mean_pLDDT= 82.59
  seed_112 arm=t2_neg pH=7.4 tar   L=  93  mean_pLDDT= 84.48
  seed_113 arm=t2_neg pH=7.4 tar   L=  93  mean_pLDDT= 83.24
  seed_114 arm=t2_neg pH=7.4 tar   L=  93  mean_pLDDT= 84.35
  seed_115 arm=t2_neg pH=7.4 tar   L=  93  mean_pLDDT= 80.27
  seed_116 arm=t2_neg pH=7.4 tar   L=  93  mean_pLDDT= 83.61
  seed_117 arm=t2_neg pH=7.4 tar   L=  93  mean_pLDDT= 81.47
  seed_118 arm=t2_neg pH=7.4 tar   L=  93  mean_pLDDT= 84.14
  seed_119 arm=t2_neg pH=7.4 tar   L=  93  mean_pLDDT= 83.85
  seed_120 arm=t2_neg pH=7.4 tar   L=  93  mean_pLDDT= 83.47
  seed_121 arm=t2_neg pH=7.4 tar   L=  93  mean_pLDDT= 81.42
  seed_122 arm=t2_neg pH=7.4 tar   L=  93  mean_pLDDT= 81.73
  seed_123 arm=t2_neg pH=7.4 tar   L=  93  mean_pLDDT= 81.62
  seed_124 arm=t2_neg pH=7.4 tar   L=  93  mean_pLDDT= 84.11
  seed_125 arm=t2_neg pH=7.4 tar   L=  93  mean_pLDDT= 82.40
  seed_126 arm=t2_neg pH=7.4 tar   L=  93  mean_pLDDT= 84.29
  seed_127 arm=t2_neg pH=7.4 tar   L=  93  mean_pLDDT= 83.70
  seed_128 arm=t2_neg pH=7.4 tar   L=  93  mean_pLDDT= 84.82
  seed_129 arm=t2_neg pH=7.4 tar   L=  93  mean_pLDDT= 81.74
  seed_130 arm=t2_neg pH=7.4 tar   L=  93  mean_pLDDT= 81.27
  已写入 code/output/finetune_v5_validate/1BC8/t2_neg/plddt.csv
[code/output/finetune_v5_validate/1BC8/t2_ph/seqs.fa] 共 20 条序列
  seed_111 arm=t2_ph pH=7.4 targ   L=  93  mean_pLDDT= 84.79
  seed_112 arm=t2_ph pH=7.4 targ   L=  93  mean_pLDDT= 83.68
  seed_113 arm=t2_ph pH=7.4 targ   L=  93  mean_pLDDT= 82.25
  seed_114 arm=t2_ph pH=7.4 targ   L=  93  mean_pLDDT= 83.65
  seed_115 arm=t2_ph pH=7.4 targ   L=  93  mean_pLDDT= 81.10
  seed_116 arm=t2_ph pH=7.4 targ   L=  93  mean_pLDDT= 84.26
  seed_117 arm=t2_ph pH=7.4 targ   L=  93  mean_pLDDT= 80.80
  seed_118 arm=t2_ph pH=7.4 targ   L=  93  mean_pLDDT= 82.90
  seed_119 arm=t2_ph pH=7.4 targ   L=  93  mean_pLDDT= 86.43
  seed_120 arm=t2_ph pH=7.4 targ   L=  93  mean_pLDDT= 84.97
  seed_121 arm=t2_ph pH=7.4 targ   L=  93  mean_pLDDT= 79.70
  seed_122 arm=t2_ph pH=7.4 targ   L=  93  mean_pLDDT= 84.28
  seed_123 arm=t2_ph pH=7.4 targ   L=  93  mean_pLDDT= 81.21
  seed_124 arm=t2_ph pH=7.4 targ   L=  93  mean_pLDDT= 85.08
  seed_125 arm=t2_ph pH=7.4 targ   L=  93  mean_pLDDT= 82.81
  seed_126 arm=t2_ph pH=7.4 targ   L=  93  mean_pLDDT= 85.55
  seed_127 arm=t2_ph pH=7.4 targ   L=  93  mean_pLDDT= 84.82
  seed_128 arm=t2_ph pH=7.4 targ   L=  93  mean_pLDDT= 85.33
  seed_129 arm=t2_ph pH=7.4 targ   L=  93  mean_pLDDT= 82.36
  seed_130 arm=t2_ph pH=7.4 targ   L=  93  mean_pLDDT= 82.13
  已写入 code/output/finetune_v5_validate/1BC8/t2_ph/plddt.csv
[code/output/finetune_v5_validate/1BC8/t2_pos/seqs.fa] 共 20 条序列
  seed_111 arm=t2_pos pH=7.4 tar   L=  93  mean_pLDDT= 79.27
  seed_112 arm=t2_pos pH=7.4 tar   L=  93  mean_pLDDT= 82.89
  seed_113 arm=t2_pos pH=7.4 tar   L=  93  mean_pLDDT= 81.76
  seed_114 arm=t2_pos pH=7.4 tar   L=  93  mean_pLDDT= 80.85
  seed_115 arm=t2_pos pH=7.4 tar   L=  93  mean_pLDDT= 80.04
  seed_116 arm=t2_pos pH=7.4 tar   L=  93  mean_pLDDT= 80.24
  seed_117 arm=t2_pos pH=7.4 tar   L=  93  mean_pLDDT= 79.27
  seed_118 arm=t2_pos pH=7.4 tar   L=  93  mean_pLDDT= 82.14
  seed_119 arm=t2_pos pH=7.4 tar   L=  93  mean_pLDDT= 59.94
  seed_120 arm=t2_pos pH=7.4 tar   L=  93  mean_pLDDT= 82.79
  seed_121 arm=t2_pos pH=7.4 tar   L=  93  mean_pLDDT= 83.16
  seed_122 arm=t2_pos pH=7.4 tar   L=  93  mean_pLDDT= 79.54
  seed_123 arm=t2_pos pH=7.4 tar   L=  93  mean_pLDDT= 80.48
  seed_124 arm=t2_pos pH=7.4 tar   L=  93  mean_pLDDT= 77.72
  seed_125 arm=t2_pos pH=7.4 tar   L=  93  mean_pLDDT= 83.30
  seed_126 arm=t2_pos pH=7.4 tar   L=  93  mean_pLDDT= 85.22
  seed_127 arm=t2_pos pH=7.4 tar   L=  93  mean_pLDDT= 81.26
  seed_128 arm=t2_pos pH=7.4 tar   L=  93  mean_pLDDT= 82.39
  seed_129 arm=t2_pos pH=7.4 tar   L=  93  mean_pLDDT= 81.49
  seed_130 arm=t2_pos pH=7.4 tar   L=  93  mean_pLDDT= 80.29
  已写入 code/output/finetune_v5_validate/1BC8/t2_pos/plddt.csv
[code/output/finetune_v5_validate/1BC8/t2_pos_extreme/seqs.fa] 共 20 条序列
  seed_111 arm=t2_pos_extreme pH   L=  93  mean_pLDDT= 80.59
  seed_112 arm=t2_pos_extreme pH   L=  93  mean_pLDDT= 79.78
  seed_113 arm=t2_pos_extreme pH   L=  93  mean_pLDDT= 82.65
  seed_114 arm=t2_pos_extreme pH   L=  93  mean_pLDDT= 80.56
  seed_115 arm=t2_pos_extreme pH   L=  93  mean_pLDDT= 78.12
  seed_116 arm=t2_pos_extreme pH   L=  93  mean_pLDDT= 83.06
  seed_117 arm=t2_pos_extreme pH   L=  93  mean_pLDDT= 76.93
  seed_118 arm=t2_pos_extreme pH   L=  93  mean_pLDDT= 81.27
  seed_119 arm=t2_pos_extreme pH   L=  93  mean_pLDDT= 78.86
  seed_120 arm=t2_pos_extreme pH   L=  93  mean_pLDDT= 55.53
  seed_121 arm=t2_pos_extreme pH   L=  93  mean_pLDDT= 84.52
  seed_122 arm=t2_pos_extreme pH   L=  93  mean_pLDDT= 76.19
  seed_123 arm=t2_pos_extreme pH   L=  93  mean_pLDDT= 77.55
  seed_124 arm=t2_pos_extreme pH   L=  93  mean_pLDDT= 60.65
  seed_125 arm=t2_pos_extreme pH   L=  93  mean_pLDDT= 80.54
  seed_126 arm=t2_pos_extreme pH   L=  93  mean_pLDDT= 80.71
  seed_127 arm=t2_pos_extreme pH   L=  93  mean_pLDDT= 77.68
  seed_128 arm=t2_pos_extreme pH   L=  93  mean_pLDDT= 86.45
  seed_129 arm=t2_pos_extreme pH   L=  93  mean_pLDDT= 79.18
  seed_130 arm=t2_pos_extreme pH   L=  93  mean_pLDDT= 80.42
  已写入 code/output/finetune_v5_validate/1BC8/t2_pos_extreme/plddt.csv
[code/output/finetune_v5_validate/1CRN/t1_base/seqs.fa] 共 20 条序列
  seed_111 arm=t1_base pH=7.4 ta   L=  46  mean_pLDDT= 86.63
  seed_112 arm=t1_base pH=7.4 ta   L=  46  mean_pLDDT= 88.55
  seed_113 arm=t1_base pH=7.4 ta   L=  46  mean_pLDDT= 86.78
  seed_114 arm=t1_base pH=7.4 ta   L=  46  mean_pLDDT= 90.25
  seed_115 arm=t1_base pH=7.4 ta   L=  46  mean_pLDDT= 85.71
  seed_116 arm=t1_base pH=7.4 ta   L=  46  mean_pLDDT= 88.92
  seed_117 arm=t1_base pH=7.4 ta   L=  46  mean_pLDDT= 84.16
  seed_118 arm=t1_base pH=7.4 ta   L=  46  mean_pLDDT= 86.28
  seed_119 arm=t1_base pH=7.4 ta   L=  46  mean_pLDDT= 88.66
  seed_120 arm=t1_base pH=7.4 ta   L=  46  mean_pLDDT= 82.12
  seed_121 arm=t1_base pH=7.4 ta   L=  46  mean_pLDDT= 71.80
  seed_122 arm=t1_base pH=7.4 ta   L=  46  mean_pLDDT= 88.59
  seed_123 arm=t1_base pH=7.4 ta   L=  46  mean_pLDDT= 88.93
  seed_124 arm=t1_base pH=7.4 ta   L=  46  mean_pLDDT= 90.00
  seed_125 arm=t1_base pH=7.4 ta   L=  46  mean_pLDDT= 79.72
  seed_126 arm=t1_base pH=7.4 ta   L=  46  mean_pLDDT= 85.09
  seed_127 arm=t1_base pH=7.4 ta   L=  46  mean_pLDDT= 88.80
  seed_128 arm=t1_base pH=7.4 ta   L=  46  mean_pLDDT= 86.42
  seed_129 arm=t1_base pH=7.4 ta   L=  46  mean_pLDDT= 86.76
  seed_130 arm=t1_base pH=7.4 ta   L=  46  mean_pLDDT= 91.29
  已写入 code/output/finetune_v5_validate/1CRN/t1_base/plddt.csv
[code/output/finetune_v5_validate/1CRN/t1_cond/seqs.fa] 共 20 条序列
  seed_111 arm=t1_cond pH=7.4 ta   L=  46  mean_pLDDT= 87.53
  seed_112 arm=t1_cond pH=7.4 ta   L=  46  mean_pLDDT= 47.25
  seed_113 arm=t1_cond pH=7.4 ta   L=  46  mean_pLDDT= 91.02
  seed_114 arm=t1_cond pH=7.4 ta   L=  46  mean_pLDDT= 85.92
  seed_115 arm=t1_cond pH=7.4 ta   L=  46  mean_pLDDT= 90.74
  seed_116 arm=t1_cond pH=7.4 ta   L=  46  mean_pLDDT= 84.09
  seed_117 arm=t1_cond pH=7.4 ta   L=  46  mean_pLDDT= 68.70
  seed_118 arm=t1_cond pH=7.4 ta   L=  46  mean_pLDDT= 89.88
  seed_119 arm=t1_cond pH=7.4 ta   L=  46  mean_pLDDT= 91.26
  seed_120 arm=t1_cond pH=7.4 ta   L=  46  mean_pLDDT= 87.93
  seed_121 arm=t1_cond pH=7.4 ta   L=  46  mean_pLDDT= 87.05
  seed_122 arm=t1_cond pH=7.4 ta   L=  46  mean_pLDDT= 90.99
  seed_123 arm=t1_cond pH=7.4 ta   L=  46  mean_pLDDT= 90.90
  seed_124 arm=t1_cond pH=7.4 ta   L=  46  mean_pLDDT= 91.28
  seed_125 arm=t1_cond pH=7.4 ta   L=  46  mean_pLDDT= 86.00
  seed_126 arm=t1_cond pH=7.4 ta   L=  46  mean_pLDDT= 90.56
  seed_127 arm=t1_cond pH=7.4 ta   L=  46  mean_pLDDT= 87.83
  seed_128 arm=t1_cond pH=7.4 ta   L=  46  mean_pLDDT= 87.44
  seed_129 arm=t1_cond pH=7.4 ta   L=  46  mean_pLDDT= 90.41
  seed_130 arm=t1_cond pH=7.4 ta   L=  46  mean_pLDDT= 66.04
  已写入 code/output/finetune_v5_validate/1CRN/t1_cond/plddt.csv
[code/output/finetune_v5_validate/1CRN/t2_neg/seqs.fa] 共 20 条序列
  seed_111 arm=t2_neg pH=7.4 tar   L=  46  mean_pLDDT= 86.99
  seed_112 arm=t2_neg pH=7.4 tar   L=  46  mean_pLDDT= 89.86
  seed_113 arm=t2_neg pH=7.4 tar   L=  46  mean_pLDDT= 86.63
  seed_114 arm=t2_neg pH=7.4 tar   L=  46  mean_pLDDT= 92.20
  seed_115 arm=t2_neg pH=7.4 tar   L=  46  mean_pLDDT= 90.51
  seed_116 arm=t2_neg pH=7.4 tar   L=  46  mean_pLDDT= 83.90
  seed_117 arm=t2_neg pH=7.4 tar   L=  46  mean_pLDDT= 84.86
  seed_118 arm=t2_neg pH=7.4 tar   L=  46  mean_pLDDT= 89.11
  seed_119 arm=t2_neg pH=7.4 tar   L=  46  mean_pLDDT= 89.74
  seed_120 arm=t2_neg pH=7.4 tar   L=  46  mean_pLDDT= 75.75
  seed_121 arm=t2_neg pH=7.4 tar   L=  46  mean_pLDDT= 89.73
  seed_122 arm=t2_neg pH=7.4 tar   L=  46  mean_pLDDT= 87.16
  seed_123 arm=t2_neg pH=7.4 tar   L=  46  mean_pLDDT= 90.51
  seed_124 arm=t2_neg pH=7.4 tar   L=  46  mean_pLDDT= 88.50
  seed_125 arm=t2_neg pH=7.4 tar   L=  46  mean_pLDDT= 87.02
  seed_126 arm=t2_neg pH=7.4 tar   L=  46  mean_pLDDT= 86.39
  seed_127 arm=t2_neg pH=7.4 tar   L=  46  mean_pLDDT= 87.15
  seed_128 arm=t2_neg pH=7.4 tar   L=  46  mean_pLDDT= 83.72
  seed_129 arm=t2_neg pH=7.4 tar   L=  46  mean_pLDDT= 72.07
  seed_130 arm=t2_neg pH=7.4 tar   L=  46  mean_pLDDT= 91.28
  已写入 code/output/finetune_v5_validate/1CRN/t2_neg/plddt.csv
[code/output/finetune_v5_validate/1CRN/t2_ph/seqs.fa] 共 20 条序列
  seed_111 arm=t2_ph pH=7.4 targ   L=  46  mean_pLDDT= 86.49
  seed_112 arm=t2_ph pH=7.4 targ   L=  46  mean_pLDDT= 88.71
  seed_113 arm=t2_ph pH=7.4 targ   L=  46  mean_pLDDT= 87.08
  seed_114 arm=t2_ph pH=7.4 targ   L=  46  mean_pLDDT= 90.03
  seed_115 arm=t2_ph pH=7.4 targ   L=  46  mean_pLDDT= 51.40
  seed_116 arm=t2_ph pH=7.4 targ   L=  46  mean_pLDDT= 86.23
  seed_117 arm=t2_ph pH=7.4 targ   L=  46  mean_pLDDT= 88.97
  seed_118 arm=t2_ph pH=7.4 targ   L=  46  mean_pLDDT= 86.44
  seed_119 arm=t2_ph pH=7.4 targ   L=  46  mean_pLDDT= 88.66
  seed_120 arm=t2_ph pH=7.4 targ   L=  46  mean_pLDDT= 85.18
  seed_121 arm=t2_ph pH=7.4 targ   L=  46  mean_pLDDT= 87.67
  seed_122 arm=t2_ph pH=7.4 targ   L=  46  mean_pLDDT= 88.59
  seed_123 arm=t2_ph pH=7.4 targ   L=  46  mean_pLDDT= 89.34
  seed_124 arm=t2_ph pH=7.4 targ   L=  46  mean_pLDDT= 88.53
  seed_125 arm=t2_ph pH=7.4 targ   L=  46  mean_pLDDT= 84.88
  seed_126 arm=t2_ph pH=7.4 targ   L=  46  mean_pLDDT= 86.22
  seed_127 arm=t2_ph pH=7.4 targ   L=  46  mean_pLDDT= 88.24
  seed_128 arm=t2_ph pH=7.4 targ   L=  46  mean_pLDDT= 88.65
  seed_129 arm=t2_ph pH=7.4 targ   L=  46  mean_pLDDT= 84.54
  seed_130 arm=t2_ph pH=7.4 targ   L=  46  mean_pLDDT= 90.06
  已写入 code/output/finetune_v5_validate/1CRN/t2_ph/plddt.csv
[code/output/finetune_v5_validate/1CRN/t2_pos/seqs.fa] 共 20 条序列
  seed_111 arm=t2_pos pH=7.4 tar   L=  46  mean_pLDDT= 89.28
  seed_112 arm=t2_pos pH=7.4 tar   L=  46  mean_pLDDT= 88.85
  seed_113 arm=t2_pos pH=7.4 tar   L=  46  mean_pLDDT= 87.42
  seed_114 arm=t2_pos pH=7.4 tar   L=  46  mean_pLDDT= 88.54
  seed_115 arm=t2_pos pH=7.4 tar   L=  46  mean_pLDDT= 87.91
  seed_116 arm=t2_pos pH=7.4 tar   L=  46  mean_pLDDT= 85.79
  seed_117 arm=t2_pos pH=7.4 tar   L=  46  mean_pLDDT= 88.81
  seed_118 arm=t2_pos pH=7.4 tar   L=  46  mean_pLDDT= 84.60
  seed_119 arm=t2_pos pH=7.4 tar   L=  46  mean_pLDDT= 88.73
  seed_120 arm=t2_pos pH=7.4 tar   L=  46  mean_pLDDT= 86.68
  seed_121 arm=t2_pos pH=7.4 tar   L=  46  mean_pLDDT= 87.32
  seed_122 arm=t2_pos pH=7.4 tar   L=  46  mean_pLDDT= 87.61
  seed_123 arm=t2_pos pH=7.4 tar   L=  46  mean_pLDDT= 89.67
  seed_124 arm=t2_pos pH=7.4 tar   L=  46  mean_pLDDT= 88.27
  seed_125 arm=t2_pos pH=7.4 tar   L=  46  mean_pLDDT= 84.14
  seed_126 arm=t2_pos pH=7.4 tar   L=  46  mean_pLDDT= 85.85
  seed_127 arm=t2_pos pH=7.4 tar   L=  46  mean_pLDDT= 89.53
  seed_128 arm=t2_pos pH=7.4 tar   L=  46  mean_pLDDT= 85.73
  seed_129 arm=t2_pos pH=7.4 tar   L=  46  mean_pLDDT= 86.32
  seed_130 arm=t2_pos pH=7.4 tar   L=  46  mean_pLDDT= 88.82
  已写入 code/output/finetune_v5_validate/1CRN/t2_pos/plddt.csv
[code/output/finetune_v5_validate/1CRN/t2_pos_extreme/seqs.fa] 共 20 条序列
  seed_111 arm=t2_pos_extreme pH   L=  46  mean_pLDDT= 89.33
  seed_112 arm=t2_pos_extreme pH   L=  46  mean_pLDDT= 87.18
  seed_113 arm=t2_pos_extreme pH   L=  46  mean_pLDDT= 88.21
  seed_114 arm=t2_pos_extreme pH   L=  46  mean_pLDDT= 87.66
  seed_115 arm=t2_pos_extreme pH   L=  46  mean_pLDDT= 82.21
  seed_116 arm=t2_pos_extreme pH   L=  46  mean_pLDDT= 82.86
  seed_117 arm=t2_pos_extreme pH   L=  46  mean_pLDDT= 82.36
  seed_118 arm=t2_pos_extreme pH   L=  46  mean_pLDDT= 87.23
  seed_119 arm=t2_pos_extreme pH   L=  46  mean_pLDDT= 85.73
  seed_120 arm=t2_pos_extreme pH   L=  46  mean_pLDDT= 63.55
  seed_121 arm=t2_pos_extreme pH   L=  46  mean_pLDDT= 85.34
  seed_122 arm=t2_pos_extreme pH   L=  46  mean_pLDDT= 89.21
  seed_123 arm=t2_pos_extreme pH   L=  46  mean_pLDDT= 87.62
  seed_124 arm=t2_pos_extreme pH   L=  46  mean_pLDDT= 88.05
  seed_125 arm=t2_pos_extreme pH   L=  46  mean_pLDDT= 87.56
  seed_126 arm=t2_pos_extreme pH   L=  46  mean_pLDDT= 87.13
  seed_127 arm=t2_pos_extreme pH   L=  46  mean_pLDDT= 86.88
  seed_128 arm=t2_pos_extreme pH   L=  46  mean_pLDDT= 85.62
  seed_129 arm=t2_pos_extreme pH   L=  46  mean_pLDDT= 86.54
  seed_130 arm=t2_pos_extreme pH   L=  46  mean_pLDDT= 86.58
  已写入 code/output/finetune_v5_validate/1CRN/t2_pos_extreme/plddt.csv
[code/output/finetune_v5_validate/1UBQ/t1_base/seqs.fa] 共 20 条序列
  seed_111 arm=t1_base pH=7.4 ta   L=  76  mean_pLDDT= 89.52
  seed_112 arm=t1_base pH=7.4 ta   L=  76  mean_pLDDT= 89.50
  seed_113 arm=t1_base pH=7.4 ta   L=  76  mean_pLDDT= 89.61
  seed_114 arm=t1_base pH=7.4 ta   L=  76  mean_pLDDT= 88.52
  seed_115 arm=t1_base pH=7.4 ta   L=  76  mean_pLDDT= 88.78
  seed_116 arm=t1_base pH=7.4 ta   L=  76  mean_pLDDT= 88.36
  seed_117 arm=t1_base pH=7.4 ta   L=  76  mean_pLDDT= 90.40
  seed_118 arm=t1_base pH=7.4 ta   L=  76  mean_pLDDT= 89.42
  seed_119 arm=t1_base pH=7.4 ta   L=  76  mean_pLDDT= 90.48
  seed_120 arm=t1_base pH=7.4 ta   L=  76  mean_pLDDT= 89.49
  seed_121 arm=t1_base pH=7.4 ta   L=  76  mean_pLDDT= 87.79
  seed_122 arm=t1_base pH=7.4 ta   L=  76  mean_pLDDT= 89.93
  seed_123 arm=t1_base pH=7.4 ta   L=  76  mean_pLDDT= 87.13
  seed_124 arm=t1_base pH=7.4 ta   L=  76  mean_pLDDT= 88.92
  seed_125 arm=t1_base pH=7.4 ta   L=  76  mean_pLDDT= 89.01
  seed_126 arm=t1_base pH=7.4 ta   L=  76  mean_pLDDT= 89.70
  seed_127 arm=t1_base pH=7.4 ta   L=  76  mean_pLDDT= 88.07
  seed_128 arm=t1_base pH=7.4 ta   L=  76  mean_pLDDT= 87.99
  seed_129 arm=t1_base pH=7.4 ta   L=  76  mean_pLDDT= 89.34
  seed_130 arm=t1_base pH=7.4 ta   L=  76  mean_pLDDT= 89.39
  已写入 code/output/finetune_v5_validate/1UBQ/t1_base/plddt.csv
[code/output/finetune_v5_validate/1UBQ/t1_cond/seqs.fa] 共 20 条序列
  seed_111 arm=t1_cond pH=7.4 ta   L=  76  mean_pLDDT= 88.35
  seed_112 arm=t1_cond pH=7.4 ta   L=  76  mean_pLDDT= 89.76
  seed_113 arm=t1_cond pH=7.4 ta   L=  76  mean_pLDDT= 88.83
  seed_114 arm=t1_cond pH=7.4 ta   L=  76  mean_pLDDT= 90.40
  seed_115 arm=t1_cond pH=7.4 ta   L=  76  mean_pLDDT= 88.91
  seed_116 arm=t1_cond pH=7.4 ta   L=  76  mean_pLDDT= 88.81
  seed_117 arm=t1_cond pH=7.4 ta   L=  76  mean_pLDDT= 88.89
  seed_118 arm=t1_cond pH=7.4 ta   L=  76  mean_pLDDT= 88.31
  seed_119 arm=t1_cond pH=7.4 ta   L=  76  mean_pLDDT= 89.28
  seed_120 arm=t1_cond pH=7.4 ta   L=  76  mean_pLDDT= 89.78
  seed_121 arm=t1_cond pH=7.4 ta   L=  76  mean_pLDDT= 89.36
  seed_122 arm=t1_cond pH=7.4 ta   L=  76  mean_pLDDT= 88.58
  seed_123 arm=t1_cond pH=7.4 ta   L=  76  mean_pLDDT= 90.97
  seed_124 arm=t1_cond pH=7.4 ta   L=  76  mean_pLDDT= 88.23
  seed_125 arm=t1_cond pH=7.4 ta   L=  76  mean_pLDDT= 87.77
  seed_126 arm=t1_cond pH=7.4 ta   L=  76  mean_pLDDT= 87.40
  seed_127 arm=t1_cond pH=7.4 ta   L=  76  mean_pLDDT= 89.46
  seed_128 arm=t1_cond pH=7.4 ta   L=  76  mean_pLDDT= 88.32
  seed_129 arm=t1_cond pH=7.4 ta   L=  76  mean_pLDDT= 88.82
  seed_130 arm=t1_cond pH=7.4 ta   L=  76  mean_pLDDT= 87.68
  已写入 code/output/finetune_v5_validate/1UBQ/t1_cond/plddt.csv
[code/output/finetune_v5_validate/1UBQ/t2_neg/seqs.fa] 共 20 条序列
  seed_111 arm=t2_neg pH=7.4 tar   L=  76  mean_pLDDT= 88.46
  seed_112 arm=t2_neg pH=7.4 tar   L=  76  mean_pLDDT= 89.86
  seed_113 arm=t2_neg pH=7.4 tar   L=  76  mean_pLDDT= 87.96
  seed_114 arm=t2_neg pH=7.4 tar   L=  76  mean_pLDDT= 86.23
  seed_115 arm=t2_neg pH=7.4 tar   L=  76  mean_pLDDT= 87.91
  seed_116 arm=t2_neg pH=7.4 tar   L=  76  mean_pLDDT= 86.57
  seed_117 arm=t2_neg pH=7.4 tar   L=  76  mean_pLDDT= 88.61
  seed_118 arm=t2_neg pH=7.4 tar   L=  76  mean_pLDDT= 87.51
  seed_119 arm=t2_neg pH=7.4 tar   L=  76  mean_pLDDT= 89.55
  seed_120 arm=t2_neg pH=7.4 tar   L=  76  mean_pLDDT= 88.45
  seed_121 arm=t2_neg pH=7.4 tar   L=  76  mean_pLDDT= 88.19
  seed_122 arm=t2_neg pH=7.4 tar   L=  76  mean_pLDDT= 90.24
  seed_123 arm=t2_neg pH=7.4 tar   L=  76  mean_pLDDT= 88.78
  seed_124 arm=t2_neg pH=7.4 tar   L=  76  mean_pLDDT= 88.72
  seed_125 arm=t2_neg pH=7.4 tar   L=  76  mean_pLDDT= 89.97
  seed_126 arm=t2_neg pH=7.4 tar   L=  76  mean_pLDDT= 89.04
  seed_127 arm=t2_neg pH=7.4 tar   L=  76  mean_pLDDT= 88.71
  seed_128 arm=t2_neg pH=7.4 tar   L=  76  mean_pLDDT= 88.91
  seed_129 arm=t2_neg pH=7.4 tar   L=  76  mean_pLDDT= 87.25
  seed_130 arm=t2_neg pH=7.4 tar   L=  76  mean_pLDDT= 88.79
  已写入 code/output/finetune_v5_validate/1UBQ/t2_neg/plddt.csv
[code/output/finetune_v5_validate/1UBQ/t2_ph/seqs.fa] 共 20 条序列
  seed_111 arm=t2_ph pH=7.4 targ   L=  76  mean_pLDDT= 89.52
  seed_112 arm=t2_ph pH=7.4 targ   L=  76  mean_pLDDT= 89.50
  seed_113 arm=t2_ph pH=7.4 targ   L=  76  mean_pLDDT= 89.25
  seed_114 arm=t2_ph pH=7.4 targ   L=  76  mean_pLDDT= 88.52
  seed_115 arm=t2_ph pH=7.4 targ   L=  76  mean_pLDDT= 88.78
  seed_116 arm=t2_ph pH=7.4 targ   L=  76  mean_pLDDT= 88.36
  seed_117 arm=t2_ph pH=7.4 targ   L=  76  mean_pLDDT= 90.50
  seed_118 arm=t2_ph pH=7.4 targ   L=  76  mean_pLDDT= 89.42
  seed_119 arm=t2_ph pH=7.4 targ   L=  76  mean_pLDDT= 90.21
  seed_120 arm=t2_ph pH=7.4 targ   L=  76  mean_pLDDT= 89.49
  seed_121 arm=t2_ph pH=7.4 targ   L=  76  mean_pLDDT= 87.79
  seed_122 arm=t2_ph pH=7.4 targ   L=  76  mean_pLDDT= 89.93
  seed_123 arm=t2_ph pH=7.4 targ   L=  76  mean_pLDDT= 87.13
  seed_124 arm=t2_ph pH=7.4 targ   L=  76  mean_pLDDT= 88.92
  seed_125 arm=t2_ph pH=7.4 targ   L=  76  mean_pLDDT= 89.01
  seed_126 arm=t2_ph pH=7.4 targ   L=  76  mean_pLDDT= 89.70
  seed_127 arm=t2_ph pH=7.4 targ   L=  76  mean_pLDDT= 88.07
  seed_128 arm=t2_ph pH=7.4 targ   L=  76  mean_pLDDT= 87.57
  seed_129 arm=t2_ph pH=7.4 targ   L=  76  mean_pLDDT= 89.34
  seed_130 arm=t2_ph pH=7.4 targ   L=  76  mean_pLDDT= 89.44
  已写入 code/output/finetune_v5_validate/1UBQ/t2_ph/plddt.csv
[code/output/finetune_v5_validate/1UBQ/t2_pos/seqs.fa] 共 20 条序列
  seed_111 arm=t2_pos pH=7.4 tar   L=  76  mean_pLDDT= 89.71
  seed_112 arm=t2_pos pH=7.4 tar   L=  76  mean_pLDDT= 88.08
  seed_113 arm=t2_pos pH=7.4 tar   L=  76  mean_pLDDT= 89.34
  seed_114 arm=t2_pos pH=7.4 tar   L=  76  mean_pLDDT= 88.20
  seed_115 arm=t2_pos pH=7.4 tar   L=  76  mean_pLDDT= 88.53
  seed_116 arm=t2_pos pH=7.4 tar   L=  76  mean_pLDDT= 86.53
  seed_117 arm=t2_pos pH=7.4 tar   L=  76  mean_pLDDT= 88.72
  seed_118 arm=t2_pos pH=7.4 tar   L=  76  mean_pLDDT= 88.40
  seed_119 arm=t2_pos pH=7.4 tar   L=  76  mean_pLDDT= 89.13
  seed_120 arm=t2_pos pH=7.4 tar   L=  76  mean_pLDDT= 89.44
  seed_121 arm=t2_pos pH=7.4 tar   L=  76  mean_pLDDT= 88.99
  seed_122 arm=t2_pos pH=7.4 tar   L=  76  mean_pLDDT= 89.40
  seed_123 arm=t2_pos pH=7.4 tar   L=  76  mean_pLDDT= 87.77
  seed_124 arm=t2_pos pH=7.4 tar   L=  76  mean_pLDDT= 89.27
  seed_125 arm=t2_pos pH=7.4 tar   L=  76  mean_pLDDT= 87.63
  seed_126 arm=t2_pos pH=7.4 tar   L=  76  mean_pLDDT= 88.91
  seed_127 arm=t2_pos pH=7.4 tar   L=  76  mean_pLDDT= 87.24
  seed_128 arm=t2_pos pH=7.4 tar   L=  76  mean_pLDDT= 89.07
  seed_129 arm=t2_pos pH=7.4 tar   L=  76  mean_pLDDT= 89.07
  seed_130 arm=t2_pos pH=7.4 tar   L=  76  mean_pLDDT= 88.50
  已写入 code/output/finetune_v5_validate/1UBQ/t2_pos/plddt.csv
[code/output/finetune_v5_validate/1UBQ/t2_pos_extreme/seqs.fa] 共 20 条序列
  seed_111 arm=t2_pos_extreme pH   L=  76  mean_pLDDT= 89.57
  seed_112 arm=t2_pos_extreme pH   L=  76  mean_pLDDT= 89.00
  seed_113 arm=t2_pos_extreme pH   L=  76  mean_pLDDT= 87.78
  seed_114 arm=t2_pos_extreme pH   L=  76  mean_pLDDT= 88.98
  seed_115 arm=t2_pos_extreme pH   L=  76  mean_pLDDT= 88.42
  seed_116 arm=t2_pos_extreme pH   L=  76  mean_pLDDT= 87.76
  seed_117 arm=t2_pos_extreme pH   L=  76  mean_pLDDT= 87.77
  seed_118 arm=t2_pos_extreme pH   L=  76  mean_pLDDT= 87.78
  seed_119 arm=t2_pos_extreme pH   L=  76  mean_pLDDT= 88.22
  seed_120 arm=t2_pos_extreme pH   L=  76  mean_pLDDT= 90.12
  seed_121 arm=t2_pos_extreme pH   L=  76  mean_pLDDT= 88.44
  seed_122 arm=t2_pos_extreme pH   L=  76  mean_pLDDT= 89.07
  seed_123 arm=t2_pos_extreme pH   L=  76  mean_pLDDT= 87.45
  seed_124 arm=t2_pos_extreme pH   L=  76  mean_pLDDT= 87.73
  seed_125 arm=t2_pos_extreme pH   L=  76  mean_pLDDT= 89.02
  seed_126 arm=t2_pos_extreme pH   L=  76  mean_pLDDT= 88.03
  seed_127 arm=t2_pos_extreme pH   L=  76  mean_pLDDT= 86.33
  seed_128 arm=t2_pos_extreme pH   L=  76  mean_pLDDT= 89.16
  seed_129 arm=t2_pos_extreme pH   L=  76  mean_pLDDT= 88.91
  seed_130 arm=t2_pos_extreme pH   L=  76  mean_pLDDT= 89.00
  已写入 code/output/finetune_v5_validate/1UBQ/t2_pos_extreme/plddt.csv
[code/output/finetune_v5_validate/1b24A01/t1_base/seqs.fa] 共 20 条序列
  seed_111 arm=t1_base pH=7.4 ta   L=  95  mean_pLDDT= 61.81
  seed_112 arm=t1_base pH=7.4 ta   L=  95  mean_pLDDT= 83.45
  seed_113 arm=t1_base pH=7.4 ta   L=  95  mean_pLDDT= 72.50
  seed_114 arm=t1_base pH=7.4 ta   L=  95  mean_pLDDT= 57.10
  seed_115 arm=t1_base pH=7.4 ta   L=  95  mean_pLDDT= 54.36
  seed_116 arm=t1_base pH=7.4 ta   L=  95  mean_pLDDT= 58.58
  seed_117 arm=t1_base pH=7.4 ta   L=  95  mean_pLDDT= 86.17
  seed_118 arm=t1_base pH=7.4 ta   L=  95  mean_pLDDT= 81.43
  seed_119 arm=t1_base pH=7.4 ta   L=  95  mean_pLDDT= 58.56
  seed_120 arm=t1_base pH=7.4 ta   L=  95  mean_pLDDT= 84.12
  seed_121 arm=t1_base pH=7.4 ta   L=  95  mean_pLDDT= 85.12
  seed_122 arm=t1_base pH=7.4 ta   L=  95  mean_pLDDT= 67.64
  seed_123 arm=t1_base pH=7.4 ta   L=  95  mean_pLDDT= 85.60
  seed_124 arm=t1_base pH=7.4 ta   L=  95  mean_pLDDT= 55.69
  seed_125 arm=t1_base pH=7.4 ta   L=  95  mean_pLDDT= 64.12
  seed_126 arm=t1_base pH=7.4 ta   L=  95  mean_pLDDT= 75.74
  seed_127 arm=t1_base pH=7.4 ta   L=  95  mean_pLDDT= 50.19
  seed_128 arm=t1_base pH=7.4 ta   L=  95  mean_pLDDT= 80.19
  seed_129 arm=t1_base pH=7.4 ta   L=  95  mean_pLDDT= 86.56
  seed_130 arm=t1_base pH=7.4 ta   L=  95  mean_pLDDT= 80.68
  已写入 code/output/finetune_v5_validate/1b24A01/t1_base/plddt.csv
[code/output/finetune_v5_validate/1b24A01/t1_cond/seqs.fa] 共 20 条序列
  seed_111 arm=t1_cond pH=7.4 ta   L=  95  mean_pLDDT= 70.78
  seed_112 arm=t1_cond pH=7.4 ta   L=  95  mean_pLDDT= 67.11
  seed_113 arm=t1_cond pH=7.4 ta   L=  95  mean_pLDDT= 85.97
  seed_114 arm=t1_cond pH=7.4 ta   L=  95  mean_pLDDT= 84.94
  seed_115 arm=t1_cond pH=7.4 ta   L=  95  mean_pLDDT= 84.36
  seed_116 arm=t1_cond pH=7.4 ta   L=  95  mean_pLDDT= 65.90
  seed_117 arm=t1_cond pH=7.4 ta   L=  95  mean_pLDDT= 71.70
  seed_118 arm=t1_cond pH=7.4 ta   L=  95  mean_pLDDT= 53.30
  seed_119 arm=t1_cond pH=7.4 ta   L=  95  mean_pLDDT= 84.91
  seed_120 arm=t1_cond pH=7.4 ta   L=  95  mean_pLDDT= 74.24
  seed_121 arm=t1_cond pH=7.4 ta   L=  95  mean_pLDDT= 56.49
  seed_122 arm=t1_cond pH=7.4 ta   L=  95  mean_pLDDT= 85.73
  seed_123 arm=t1_cond pH=7.4 ta   L=  95  mean_pLDDT= 68.68
  seed_124 arm=t1_cond pH=7.4 ta   L=  95  mean_pLDDT= 84.56
  seed_125 arm=t1_cond pH=7.4 ta   L=  95  mean_pLDDT= 80.39
  seed_126 arm=t1_cond pH=7.4 ta   L=  95  mean_pLDDT= 84.56
  seed_127 arm=t1_cond pH=7.4 ta   L=  95  mean_pLDDT= 85.61
  seed_128 arm=t1_cond pH=7.4 ta   L=  95  mean_pLDDT= 70.16
  seed_129 arm=t1_cond pH=7.4 ta   L=  95  mean_pLDDT= 86.02
  seed_130 arm=t1_cond pH=7.4 ta   L=  95  mean_pLDDT= 82.91
  已写入 code/output/finetune_v5_validate/1b24A01/t1_cond/plddt.csv
[code/output/finetune_v5_validate/1b24A01/t2_neg/seqs.fa] 共 20 条序列
  seed_111 arm=t2_neg pH=7.4 tar   L=  95  mean_pLDDT= 82.43
  seed_112 arm=t2_neg pH=7.4 tar   L=  95  mean_pLDDT= 86.27
  seed_113 arm=t2_neg pH=7.4 tar   L=  95  mean_pLDDT= 68.08
  seed_114 arm=t2_neg pH=7.4 tar   L=  95  mean_pLDDT= 85.71
  seed_115 arm=t2_neg pH=7.4 tar   L=  95  mean_pLDDT= 82.59
  seed_116 arm=t2_neg pH=7.4 tar   L=  95  mean_pLDDT= 55.08
  seed_117 arm=t2_neg pH=7.4 tar   L=  95  mean_pLDDT= 85.92
  seed_118 arm=t2_neg pH=7.4 tar   L=  95  mean_pLDDT= 84.83
  seed_119 arm=t2_neg pH=7.4 tar   L=  95  mean_pLDDT= 69.27
  seed_120 arm=t2_neg pH=7.4 tar   L=  95  mean_pLDDT= 85.66
  seed_121 arm=t2_neg pH=7.4 tar   L=  95  mean_pLDDT= 83.85
  seed_122 arm=t2_neg pH=7.4 tar   L=  95  mean_pLDDT= 68.01
  seed_123 arm=t2_neg pH=7.4 tar   L=  95  mean_pLDDT= 85.54
  seed_124 arm=t2_neg pH=7.4 tar   L=  95  mean_pLDDT= 55.17
  seed_125 arm=t2_neg pH=7.4 tar   L=  95  mean_pLDDT= 83.77
  seed_126 arm=t2_neg pH=7.4 tar   L=  95  mean_pLDDT= 55.47
  seed_127 arm=t2_neg pH=7.4 tar   L=  95  mean_pLDDT= 49.51
  seed_128 arm=t2_neg pH=7.4 tar   L=  95  mean_pLDDT= 85.24
  seed_129 arm=t2_neg pH=7.4 tar   L=  95  mean_pLDDT= 64.38
  seed_130 arm=t2_neg pH=7.4 tar   L=  95  mean_pLDDT= 67.35
  已写入 code/output/finetune_v5_validate/1b24A01/t2_neg/plddt.csv
[code/output/finetune_v5_validate/1b24A01/t2_ph/seqs.fa] 共 20 条序列
  seed_111 arm=t2_ph pH=7.4 targ   L=  95  mean_pLDDT= 65.96
  seed_112 arm=t2_ph pH=7.4 targ   L=  95  mean_pLDDT= 78.13
  seed_113 arm=t2_ph pH=7.4 targ   L=  95  mean_pLDDT= 50.29
  seed_114 arm=t2_ph pH=7.4 targ   L=  95  mean_pLDDT= 84.67
  seed_115 arm=t2_ph pH=7.4 targ   L=  95  mean_pLDDT= 82.46
  seed_116 arm=t2_ph pH=7.4 targ   L=  95  mean_pLDDT= 48.62
  seed_117 arm=t2_ph pH=7.4 targ   L=  95  mean_pLDDT= 84.21
  seed_118 arm=t2_ph pH=7.4 targ   L=  95  mean_pLDDT= 84.54
  seed_119 arm=t2_ph pH=7.4 targ   L=  95  mean_pLDDT= 43.78
  seed_120 arm=t2_ph pH=7.4 targ   L=  95  mean_pLDDT= 85.15
  seed_121 arm=t2_ph pH=7.4 targ   L=  95  mean_pLDDT= 88.21
  seed_122 arm=t2_ph pH=7.4 targ   L=  95  mean_pLDDT= 83.37
  seed_123 arm=t2_ph pH=7.4 targ   L=  95  mean_pLDDT= 53.94
  seed_124 arm=t2_ph pH=7.4 targ   L=  95  mean_pLDDT= 56.53
  seed_125 arm=t2_ph pH=7.4 targ   L=  95  mean_pLDDT= 86.95
  seed_126 arm=t2_ph pH=7.4 targ   L=  95  mean_pLDDT= 70.63
  seed_127 arm=t2_ph pH=7.4 targ   L=  95  mean_pLDDT= 46.38
  seed_128 arm=t2_ph pH=7.4 targ   L=  95  mean_pLDDT= 85.46
  seed_129 arm=t2_ph pH=7.4 targ   L=  95  mean_pLDDT= 62.22
  seed_130 arm=t2_ph pH=7.4 targ   L=  95  mean_pLDDT= 68.87
  已写入 code/output/finetune_v5_validate/1b24A01/t2_ph/plddt.csv
[code/output/finetune_v5_validate/1b24A01/t2_pos/seqs.fa] 共 20 条序列
  seed_111 arm=t2_pos pH=7.4 tar   L=  95  mean_pLDDT= 67.03
  seed_112 arm=t2_pos pH=7.4 tar   L=  95  mean_pLDDT= 76.90
  seed_113 arm=t2_pos pH=7.4 tar   L=  95  mean_pLDDT= 66.14
  seed_114 arm=t2_pos pH=7.4 tar   L=  95  mean_pLDDT= 82.22
  seed_115 arm=t2_pos pH=7.4 tar   L=  95  mean_pLDDT= 78.70
  seed_116 arm=t2_pos pH=7.4 tar   L=  95  mean_pLDDT= 60.56
  seed_117 arm=t2_pos pH=7.4 tar   L=  95  mean_pLDDT= 49.17
  seed_118 arm=t2_pos pH=7.4 tar   L=  95  mean_pLDDT= 77.35
  seed_119 arm=t2_pos pH=7.4 tar   L=  95  mean_pLDDT= 58.28
  seed_120 arm=t2_pos pH=7.4 tar   L=  95  mean_pLDDT= 83.53
  seed_121 arm=t2_pos pH=7.4 tar   L=  95  mean_pLDDT= 84.85
  seed_122 arm=t2_pos pH=7.4 tar   L=  95  mean_pLDDT= 84.05
  seed_123 arm=t2_pos pH=7.4 tar   L=  95  mean_pLDDT= 82.13
  seed_124 arm=t2_pos pH=7.4 tar   L=  95  mean_pLDDT= 50.38
  seed_125 arm=t2_pos pH=7.4 tar   L=  95  mean_pLDDT= 75.77
  seed_126 arm=t2_pos pH=7.4 tar   L=  95  mean_pLDDT= 57.32
  seed_127 arm=t2_pos pH=7.4 tar   L=  95  mean_pLDDT= 80.23
  seed_128 arm=t2_pos pH=7.4 tar   L=  95  mean_pLDDT= 66.56
  seed_129 arm=t2_pos pH=7.4 tar   L=  95  mean_pLDDT= 85.95
  seed_130 arm=t2_pos pH=7.4 tar   L=  95  mean_pLDDT= 85.72
  已写入 code/output/finetune_v5_validate/1b24A01/t2_pos/plddt.csv
[code/output/finetune_v5_validate/1b24A01/t2_pos_extreme/seqs.fa] 共 20 条序列
  seed_111 arm=t2_pos_extreme pH   L=  95  mean_pLDDT= 77.79
  seed_112 arm=t2_pos_extreme pH   L=  95  mean_pLDDT= 74.67
  seed_113 arm=t2_pos_extreme pH   L=  95  mean_pLDDT= 84.50
  seed_114 arm=t2_pos_extreme pH   L=  95  mean_pLDDT= 78.02
  seed_115 arm=t2_pos_extreme pH   L=  95  mean_pLDDT= 77.47
  seed_116 arm=t2_pos_extreme pH   L=  95  mean_pLDDT= 61.66
  seed_117 arm=t2_pos_extreme pH   L=  95  mean_pLDDT= 74.40
  seed_118 arm=t2_pos_extreme pH   L=  95  mean_pLDDT= 79.21
  seed_119 arm=t2_pos_extreme pH   L=  95  mean_pLDDT= 51.18
  seed_120 arm=t2_pos_extreme pH   L=  95  mean_pLDDT= 82.76
  seed_121 arm=t2_pos_extreme pH   L=  95  mean_pLDDT= 81.97
  seed_122 arm=t2_pos_extreme pH   L=  95  mean_pLDDT= 62.74
  seed_123 arm=t2_pos_extreme pH   L=  95  mean_pLDDT= 79.82
  seed_124 arm=t2_pos_extreme pH   L=  95  mean_pLDDT= 80.74
  seed_125 arm=t2_pos_extreme pH   L=  95  mean_pLDDT= 64.44
  seed_126 arm=t2_pos_extreme pH   L=  95  mean_pLDDT= 64.27
  seed_127 arm=t2_pos_extreme pH   L=  95  mean_pLDDT= 76.89
  seed_128 arm=t2_pos_extreme pH   L=  95  mean_pLDDT= 63.88
  seed_129 arm=t2_pos_extreme pH   L=  95  mean_pLDDT= 80.14
  seed_130 arm=t2_pos_extreme pH   L=  95  mean_pLDDT= 54.88
  已写入 code/output/finetune_v5_validate/1b24A01/t2_pos_extreme/plddt.csv
[code/output/finetune_v5_validate/2LZM/t1_base/seqs.fa] 共 20 条序列
  seed_111 arm=t1_base pH=7.4 ta   L= 164  mean_pLDDT= 85.96
  seed_112 arm=t1_base pH=7.4 ta   L= 164  mean_pLDDT= 88.28
  seed_113 arm=t1_base pH=7.4 ta   L= 164  mean_pLDDT= 86.93
  seed_114 arm=t1_base pH=7.4 ta   L= 164  mean_pLDDT= 84.66
  seed_115 arm=t1_base pH=7.4 ta   L= 164  mean_pLDDT= 82.40
  seed_116 arm=t1_base pH=7.4 ta   L= 164  mean_pLDDT= 83.87
  seed_117 arm=t1_base pH=7.4 ta   L= 164  mean_pLDDT= 85.87
  seed_118 arm=t1_base pH=7.4 ta   L= 164  mean_pLDDT= 86.37
  seed_119 arm=t1_base pH=7.4 ta   L= 164  mean_pLDDT= 84.78
  seed_120 arm=t1_base pH=7.4 ta   L= 164  mean_pLDDT= 88.22
  seed_121 arm=t1_base pH=7.4 ta   L= 164  mean_pLDDT= 85.92
  seed_122 arm=t1_base pH=7.4 ta   L= 164  mean_pLDDT= 87.62
  seed_123 arm=t1_base pH=7.4 ta   L= 164  mean_pLDDT= 83.58
  seed_124 arm=t1_base pH=7.4 ta   L= 164  mean_pLDDT= 81.10
  seed_125 arm=t1_base pH=7.4 ta   L= 164  mean_pLDDT= 86.37
  seed_126 arm=t1_base pH=7.4 ta   L= 164  mean_pLDDT= 85.29
  seed_127 arm=t1_base pH=7.4 ta   L= 164  mean_pLDDT= 85.08
  seed_128 arm=t1_base pH=7.4 ta   L= 164  mean_pLDDT= 84.78
  seed_129 arm=t1_base pH=7.4 ta   L= 164  mean_pLDDT= 88.54
  seed_130 arm=t1_base pH=7.4 ta   L= 164  mean_pLDDT= 87.17
  已写入 code/output/finetune_v5_validate/2LZM/t1_base/plddt.csv
[code/output/finetune_v5_validate/2LZM/t1_cond/seqs.fa] 共 20 条序列
  seed_111 arm=t1_cond pH=7.4 ta   L= 164  mean_pLDDT= 89.32
  seed_112 arm=t1_cond pH=7.4 ta   L= 164  mean_pLDDT= 86.68
  seed_113 arm=t1_cond pH=7.4 ta   L= 164  mean_pLDDT= 86.11
  seed_114 arm=t1_cond pH=7.4 ta   L= 164  mean_pLDDT= 84.52
  seed_115 arm=t1_cond pH=7.4 ta   L= 164  mean_pLDDT= 84.04
  seed_116 arm=t1_cond pH=7.4 ta   L= 164  mean_pLDDT= 85.97
  seed_117 arm=t1_cond pH=7.4 ta   L= 164  mean_pLDDT= 86.80
  seed_118 arm=t1_cond pH=7.4 ta   L= 164  mean_pLDDT= 85.88
  seed_119 arm=t1_cond pH=7.4 ta   L= 164  mean_pLDDT= 87.41
  seed_120 arm=t1_cond pH=7.4 ta   L= 164  mean_pLDDT= 88.44
  seed_121 arm=t1_cond pH=7.4 ta   L= 164  mean_pLDDT= 84.82
  seed_122 arm=t1_cond pH=7.4 ta   L= 164  mean_pLDDT= 86.68
  seed_123 arm=t1_cond pH=7.4 ta   L= 164  mean_pLDDT= 88.70
  seed_124 arm=t1_cond pH=7.4 ta   L= 164  mean_pLDDT= 86.58
  seed_125 arm=t1_cond pH=7.4 ta   L= 164  mean_pLDDT= 88.19
  seed_126 arm=t1_cond pH=7.4 ta   L= 164  mean_pLDDT= 86.63
  seed_127 arm=t1_cond pH=7.4 ta   L= 164  mean_pLDDT= 87.32
  seed_128 arm=t1_cond pH=7.4 ta   L= 164  mean_pLDDT= 84.50
  seed_129 arm=t1_cond pH=7.4 ta   L= 164  mean_pLDDT= 89.23
  seed_130 arm=t1_cond pH=7.4 ta   L= 164  mean_pLDDT= 84.63
  已写入 code/output/finetune_v5_validate/2LZM/t1_cond/plddt.csv
[code/output/finetune_v5_validate/2LZM/t2_neg/seqs.fa] 共 20 条序列
  seed_111 arm=t2_neg pH=7.4 tar   L= 164  mean_pLDDT= 89.13
  seed_112 arm=t2_neg pH=7.4 tar   L= 164  mean_pLDDT= 87.12
  seed_113 arm=t2_neg pH=7.4 tar   L= 164  mean_pLDDT= 89.11
  seed_114 arm=t2_neg pH=7.4 tar   L= 164  mean_pLDDT= 84.36
  seed_115 arm=t2_neg pH=7.4 tar   L= 164  mean_pLDDT= 81.19
  seed_116 arm=t2_neg pH=7.4 tar   L= 164  mean_pLDDT= 84.38
  seed_117 arm=t2_neg pH=7.4 tar   L= 164  mean_pLDDT= 87.12
  seed_118 arm=t2_neg pH=7.4 tar   L= 164  mean_pLDDT= 88.19
  seed_119 arm=t2_neg pH=7.4 tar   L= 164  mean_pLDDT= 86.09
  seed_120 arm=t2_neg pH=7.4 tar   L= 164  mean_pLDDT= 90.03
  seed_121 arm=t2_neg pH=7.4 tar   L= 164  mean_pLDDT= 83.57
  seed_122 arm=t2_neg pH=7.4 tar   L= 164  mean_pLDDT= 87.14
  seed_123 arm=t2_neg pH=7.4 tar   L= 164  mean_pLDDT= 86.06
  seed_124 arm=t2_neg pH=7.4 tar   L= 164  mean_pLDDT= 85.78
  seed_125 arm=t2_neg pH=7.4 tar   L= 164  mean_pLDDT= 87.12
  seed_126 arm=t2_neg pH=7.4 tar   L= 164  mean_pLDDT= 87.52
  seed_127 arm=t2_neg pH=7.4 tar   L= 164  mean_pLDDT= 85.88
  seed_128 arm=t2_neg pH=7.4 tar   L= 164  mean_pLDDT= 85.24
  seed_129 arm=t2_neg pH=7.4 tar   L= 164  mean_pLDDT= 91.21
  seed_130 arm=t2_neg pH=7.4 tar   L= 164  mean_pLDDT= 88.10
  已写入 code/output/finetune_v5_validate/2LZM/t2_neg/plddt.csv
[code/output/finetune_v5_validate/2LZM/t2_ph/seqs.fa] 共 20 条序列
  seed_111 arm=t2_ph pH=7.4 targ   L= 164  mean_pLDDT= 89.27
  seed_112 arm=t2_ph pH=7.4 targ   L= 164  mean_pLDDT= 87.53
  seed_113 arm=t2_ph pH=7.4 targ   L= 164  mean_pLDDT= 84.63
  seed_114 arm=t2_ph pH=7.4 targ   L= 164  mean_pLDDT= 87.44
  seed_115 arm=t2_ph pH=7.4 targ   L= 164  mean_pLDDT= 82.56
  seed_116 arm=t2_ph pH=7.4 targ   L= 164  mean_pLDDT= 82.39
  seed_117 arm=t2_ph pH=7.4 targ   L= 164  mean_pLDDT= 84.90
  seed_118 arm=t2_ph pH=7.4 targ   L= 164  mean_pLDDT= 85.86
  seed_119 arm=t2_ph pH=7.4 targ   L= 164  mean_pLDDT= 87.08
  seed_120 arm=t2_ph pH=7.4 targ   L= 164  mean_pLDDT= 88.88
  seed_121 arm=t2_ph pH=7.4 targ   L= 164  mean_pLDDT= 86.11
  seed_122 arm=t2_ph pH=7.4 targ   L= 164  mean_pLDDT= 84.44
  seed_123 arm=t2_ph pH=7.4 targ   L= 164  mean_pLDDT= 86.81
  seed_124 arm=t2_ph pH=7.4 targ   L= 164  mean_pLDDT= 86.24
  seed_125 arm=t2_ph pH=7.4 targ   L= 164  mean_pLDDT= 87.91
  seed_126 arm=t2_ph pH=7.4 targ   L= 164  mean_pLDDT= 88.61
  seed_127 arm=t2_ph pH=7.4 targ   L= 164  mean_pLDDT= 84.45
  seed_128 arm=t2_ph pH=7.4 targ   L= 164  mean_pLDDT= 86.36
  seed_129 arm=t2_ph pH=7.4 targ   L= 164  mean_pLDDT= 88.64
  seed_130 arm=t2_ph pH=7.4 targ   L= 164  mean_pLDDT= 87.39
  已写入 code/output/finetune_v5_validate/2LZM/t2_ph/plddt.csv
[code/output/finetune_v5_validate/2LZM/t2_pos/seqs.fa] 共 20 条序列
  seed_111 arm=t2_pos pH=7.4 tar   L= 164  mean_pLDDT= 82.36
  seed_112 arm=t2_pos pH=7.4 tar   L= 164  mean_pLDDT= 84.71
  seed_113 arm=t2_pos pH=7.4 tar   L= 164  mean_pLDDT= 85.40
  seed_114 arm=t2_pos pH=7.4 tar   L= 164  mean_pLDDT= 82.84
  seed_115 arm=t2_pos pH=7.4 tar   L= 164  mean_pLDDT= 85.74
  seed_116 arm=t2_pos pH=7.4 tar   L= 164  mean_pLDDT= 85.70
  seed_117 arm=t2_pos pH=7.4 tar   L= 164  mean_pLDDT= 87.80
  seed_118 arm=t2_pos pH=7.4 tar   L= 164  mean_pLDDT= 85.47
  seed_119 arm=t2_pos pH=7.4 tar   L= 164  mean_pLDDT= 83.79
  seed_120 arm=t2_pos pH=7.4 tar   L= 164  mean_pLDDT= 86.63
  seed_121 arm=t2_pos pH=7.4 tar   L= 164  mean_pLDDT= 83.22
  seed_122 arm=t2_pos pH=7.4 tar   L= 164  mean_pLDDT= 88.41
  seed_123 arm=t2_pos pH=7.4 tar   L= 164  mean_pLDDT= 83.60
  seed_124 arm=t2_pos pH=7.4 tar   L= 164  mean_pLDDT= 81.12
  seed_125 arm=t2_pos pH=7.4 tar   L= 164  mean_pLDDT= 85.55
  seed_126 arm=t2_pos pH=7.4 tar   L= 164  mean_pLDDT= 86.73
  seed_127 arm=t2_pos pH=7.4 tar   L= 164  mean_pLDDT= 85.73
  seed_128 arm=t2_pos pH=7.4 tar   L= 164  mean_pLDDT= 83.85
  seed_129 arm=t2_pos pH=7.4 tar   L= 164  mean_pLDDT= 86.04
  seed_130 arm=t2_pos pH=7.4 tar   L= 164  mean_pLDDT= 85.14
  已写入 code/output/finetune_v5_validate/2LZM/t2_pos/plddt.csv
[code/output/finetune_v5_validate/2LZM/t2_pos_extreme/seqs.fa] 共 20 条序列
  seed_111 arm=t2_pos_extreme pH   L= 164  mean_pLDDT= 79.03
  seed_112 arm=t2_pos_extreme pH   L= 164  mean_pLDDT= 82.34
  seed_113 arm=t2_pos_extreme pH   L= 164  mean_pLDDT= 86.01
  seed_114 arm=t2_pos_extreme pH   L= 164  mean_pLDDT= 83.54
  seed_115 arm=t2_pos_extreme pH   L= 164  mean_pLDDT= 82.89
  seed_116 arm=t2_pos_extreme pH   L= 164  mean_pLDDT= 84.96
  seed_117 arm=t2_pos_extreme pH   L= 164  mean_pLDDT= 82.60
  seed_118 arm=t2_pos_extreme pH   L= 164  mean_pLDDT= 84.32
  seed_119 arm=t2_pos_extreme pH   L= 164  mean_pLDDT= 82.66
  seed_120 arm=t2_pos_extreme pH   L= 164  mean_pLDDT= 86.89
  seed_121 arm=t2_pos_extreme pH   L= 164  mean_pLDDT= 82.70
  seed_122 arm=t2_pos_extreme pH   L= 164  mean_pLDDT= 87.86
  seed_123 arm=t2_pos_extreme pH   L= 164  mean_pLDDT= 85.23
  seed_124 arm=t2_pos_extreme pH   L= 164  mean_pLDDT= 84.75
  seed_125 arm=t2_pos_extreme pH   L= 164  mean_pLDDT= 85.86
  seed_126 arm=t2_pos_extreme pH   L= 164  mean_pLDDT= 86.84
  seed_127 arm=t2_pos_extreme pH   L= 164  mean_pLDDT= 85.97
  seed_128 arm=t2_pos_extreme pH   L= 164  mean_pLDDT= 83.81
  seed_129 arm=t2_pos_extreme pH   L= 164  mean_pLDDT= 85.38
  seed_130 arm=t2_pos_extreme pH   L= 164  mean_pLDDT= 86.73
  已写入 code/output/finetune_v5_validate/2LZM/t2_pos_extreme/plddt.csv
  ESMFold DONE 22:11:52
=== [2/4] TM-score 自洽性（USalign，每 arm 的 folds/ vs 原骨架）===
  seed_111_arm_t1_base_pH_7_4_target__8_0_charge__9_ TM-score=0.79091  RMSD=1.96
  seed_112_arm_t1_base_pH_7_4_target__8_0_charge__7_ TM-score=0.92927  RMSD=1.49
  seed_113_arm_t1_base_pH_7_4_target__8_0_charge__5_ TM-score=0.78912  RMSD=2.09
  seed_114_arm_t1_base_pH_7_4_target__8_0_charge__5_ TM-score=0.74728  RMSD=2.56
  seed_115_arm_t1_base_pH_7_4_target__8_0_charge__6_ TM-score=0.69514  RMSD=2.37
  seed_116_arm_t1_base_pH_7_4_target__8_0_charge__11 TM-score=0.73551  RMSD=2.26
  seed_117_arm_t1_base_pH_7_4_target__8_0_charge__7_ TM-score=0.93358  RMSD=1.28
  seed_118_arm_t1_base_pH_7_4_target__8_0_charge__7_ TM-score=0.87461  RMSD=1.66
  seed_119_arm_t1_base_pH_7_4_target__8_0_charge__8_ TM-score=0.59652  RMSD=2.83
  seed_120_arm_t1_base_pH_7_4_target__8_0_charge__9_ TM-score=0.94568  RMSD=0.94
  seed_121_arm_t1_base_pH_7_4_target__8_0_charge__3_ TM-score=0.91077  RMSD=1.64
  seed_122_arm_t1_base_pH_7_4_target__8_0_charge__6_ TM-score=0.71212  RMSD=2.61
  seed_123_arm_t1_base_pH_7_4_target__8_0_charge__7_ TM-score=0.92332  RMSD=1.47
  seed_124_arm_t1_base_pH_7_4_target__8_0_charge__11 TM-score=0.80993  RMSD=1.96
  seed_125_arm_t1_base_pH_7_4_target__8_0_charge__14 TM-score=0.80592  RMSD=1.73
  seed_126_arm_t1_base_pH_7_4_target__8_0_charge__8_ TM-score=0.79658  RMSD=2.27
  seed_127_arm_t1_base_pH_7_4_target__8_0_charge__19 TM-score=0.56032  RMSD=3.44
  seed_128_arm_t1_base_pH_7_4_target__8_0_charge__4_ TM-score=0.92469  RMSD=1.28
  seed_129_arm_t1_base_pH_7_4_target__8_0_charge__13 TM-score=0.94393  RMSD=1.23
  seed_130_arm_t1_base_pH_7_4_target__8_0_charge__12 TM-score=0.81343  RMSD=2.38
已写入 code/output/finetune_v5_validate/1b24A01/t1_base//tm.csv
  1b24A01/t1_base tm DONE
  seed_111_arm_t1_cond_pH_7_4_target__8_0_charge__12 TM-score=0.82395  RMSD=1.76
  seed_112_arm_t1_cond_pH_7_4_target__8_0_charge__7_ TM-score=0.73881  RMSD=2.65
  seed_113_arm_t1_cond_pH_7_4_target__8_0_charge__2_ TM-score=0.89716  RMSD=1.75
  seed_114_arm_t1_cond_pH_7_4_target__8_0_charge__12 TM-score=0.93437  RMSD=1.14
  seed_115_arm_t1_cond_pH_7_4_target__8_0_charge__15 TM-score=0.92054  RMSD=1.4
  seed_116_arm_t1_cond_pH_7_4_target__8_0_charge__9_ TM-score=0.77988  RMSD=2.49
  seed_117_arm_t1_cond_pH_7_4_target__8_0_charge__15 TM-score=0.81043  RMSD=2.2
  seed_118_arm_t1_cond_pH_7_4_target__8_0_charge__8_ TM-score=0.66468  RMSD=2.7
  seed_119_arm_t1_cond_pH_7_4_target__8_0_charge__5_ TM-score=0.88152  RMSD=1.62
  seed_120_arm_t1_cond_pH_7_4_target__8_0_charge__15 TM-score=0.90408  RMSD=1.57
  seed_121_arm_t1_cond_pH_7_4_target__8_0_charge__1_ TM-score=0.73037  RMSD=2.53
  seed_122_arm_t1_cond_pH_7_4_target__8_0_charge__10 TM-score=0.88279  RMSD=1.92
  seed_123_arm_t1_cond_pH_7_4_target__8_0_charge__9_ TM-score=0.77967  RMSD=2.29
  seed_124_arm_t1_cond_pH_7_4_target__8_0_charge__9_ TM-score=0.93609  RMSD=1.28
  seed_125_arm_t1_cond_pH_7_4_target__8_0_charge__8_ TM-score=0.87528  RMSD=1.96
  seed_126_arm_t1_cond_pH_7_4_target__8_0_charge__11 TM-score=0.94521  RMSD=1.27
  seed_127_arm_t1_cond_pH_7_4_target__8_0_charge__9_ TM-score=0.93825  RMSD=1.3
  seed_128_arm_t1_cond_pH_7_4_target__8_0_charge__13 TM-score=0.7474  RMSD=2.63
  seed_129_arm_t1_cond_pH_7_4_target__8_0_charge__14 TM-score=0.91517  RMSD=1.59
  seed_130_arm_t1_cond_pH_7_4_target__8_0_charge__6_ TM-score=0.91124  RMSD=1.55
已写入 code/output/finetune_v5_validate/1b24A01/t1_cond//tm.csv
  1b24A01/t1_cond tm DONE
  seed_111_arm_t2_neg_pH_7_4_target__3_0_charge__1_9 TM-score=0.92136  RMSD=1.5
  seed_112_arm_t2_neg_pH_7_4_target__3_0_charge__1_9 TM-score=0.91088  RMSD=1.69
  seed_113_arm_t2_neg_pH_7_4_target__3_0_charge_-3_9 TM-score=0.80132  RMSD=1.98
  seed_114_arm_t2_neg_pH_7_4_target__3_0_charge_-3_9 TM-score=0.92816  RMSD=1.37
  seed_115_arm_t2_neg_pH_7_4_target__3_0_charge_-0_9 TM-score=0.88979  RMSD=1.75
  seed_116_arm_t2_neg_pH_7_4_target__3_0_charge__6_9 TM-score=0.74165  RMSD=1.98
  seed_117_arm_t2_neg_pH_7_4_target__3_0_charge__4_0 TM-score=0.93215  RMSD=1.25
  seed_118_arm_t2_neg_pH_7_4_target__3_0_charge_-0_9 TM-score=0.92164  RMSD=1.39
  seed_119_arm_t2_neg_pH_7_4_target__3_0_charge__3_0 TM-score=0.79615  RMSD=2.29
  seed_120_arm_t2_neg_pH_7_4_target__3_0_charge__1_0 TM-score=0.94453  RMSD=0.93
  seed_121_arm_t2_neg_pH_7_4_target__3_0_charge_-3_0 TM-score=0.89615  RMSD=1.68
  seed_122_arm_t2_neg_pH_7_4_target__3_0_charge_-1_9 TM-score=0.82094  RMSD=1.96
  seed_123_arm_t2_neg_pH_7_4_target__3_0_charge__1_0 TM-score=0.89499  RMSD=1.72
  seed_124_arm_t2_neg_pH_7_4_target__3_0_charge__1_9 TM-score=0.59393  RMSD=3.41
  seed_125_arm_t2_neg_pH_7_4_target__3_0_charge__5_0 TM-score=0.92451  RMSD=0.98
  seed_126_arm_t2_neg_pH_7_4_target__3_0_charge_-2_9 TM-score=0.74685  RMSD=2.09
  seed_127_arm_t2_neg_pH_7_4_target__3_0_charge__14_ TM-score=0.51141  RMSD=3.38
  seed_128_arm_t2_neg_pH_7_4_target__3_0_charge__2_0 TM-score=0.94932  RMSD=1.16
  seed_129_arm_t2_neg_pH_7_4_target__3_0_charge__5_0 TM-score=0.83737  RMSD=1.77
  seed_130_arm_t2_neg_pH_7_4_target__3_0_charge_-1_9 TM-score=0.76869  RMSD=2.42
已写入 code/output/finetune_v5_validate/1b24A01/t2_neg//tm.csv
  1b24A01/t2_neg tm DONE
  seed_111_arm_t2_ph_pH_7_4_target_均值占位_charge_-2_01 TM-score=0.77257  RMSD=2.1
  seed_112_arm_t2_ph_pH_7_4_target_均值占位_charge_-1_97 TM-score=0.82963  RMSD=2.06
  seed_113_arm_t2_ph_pH_7_4_target_均值占位_charge_-4_97 TM-score=0.68243  RMSD=2.47
  seed_114_arm_t2_ph_pH_7_4_target_均值占位_charge_-2_93 TM-score=0.94536  RMSD=0.9
  seed_115_arm_t2_ph_pH_7_4_target_均值占位_charge_-4_93 TM-score=0.88577  RMSD=1.77
  seed_116_arm_t2_ph_pH_7_4_target_均值占位_charge__4_02 TM-score=0.70926  RMSD=2.34
  seed_117_arm_t2_ph_pH_7_4_target_均值占位_charge__1_07 TM-score=0.93125  RMSD=1.25
  seed_118_arm_t2_ph_pH_7_4_target_均值占位_charge_-5_97 TM-score=0.89128  RMSD=1.74
  seed_119_arm_t2_ph_pH_7_4_target_均值占位_charge_-1_97 TM-score=0.33925  RMSD=4.59
  seed_120_arm_t2_ph_pH_7_4_target_均值占位_charge_-1_89 TM-score=0.96226  RMSD=0.72
  seed_121_arm_t2_ph_pH_7_4_target_均值占位_charge_-5_97 TM-score=0.9494  RMSD=1.12
  seed_122_arm_t2_ph_pH_7_4_target_均值占位_charge_-6_93 TM-score=0.9298  RMSD=1.2
  seed_123_arm_t2_ph_pH_7_4_target_均值占位_charge_-2_93 TM-score=0.63162  RMSD=3.24
  seed_124_arm_t2_ph_pH_7_4_target_均值占位_charge_-3_01 TM-score=0.77759  RMSD=2.21
  seed_125_arm_t2_ph_pH_7_4_target_均值占位_charge__6_98 TM-score=0.93459  RMSD=0.85
  seed_126_arm_t2_ph_pH_7_4_target_均值占位_charge_-3_93 TM-score=0.87121  RMSD=1.7
  seed_127_arm_t2_ph_pH_7_4_target_均值占位_charge__9_02 TM-score=0.52293  RMSD=3.12
  seed_128_arm_t2_ph_pH_7_4_target_均值占位_charge_-2_93 TM-score=0.95312  RMSD=1.1
  seed_129_arm_t2_ph_pH_7_4_target_均值占位_charge_-2_98 TM-score=0.76462  RMSD=2.09
  seed_130_arm_t2_ph_pH_7_4_target_均值占位_charge_-2_01 TM-score=0.77577  RMSD=2.36
已写入 code/output/finetune_v5_validate/1b24A01/t2_ph//tm.csv
  1b24A01/t2_ph tm DONE
  seed_111_arm_t2_pos_pH_7_4_target__11_0_charge__18 TM-score=0.65033  RMSD=3.35
  seed_112_arm_t2_pos_pH_7_4_target__11_0_charge__13 TM-score=0.88975  RMSD=1.78
  seed_113_arm_t2_pos_pH_7_4_target__11_0_charge__14 TM-score=0.79148  RMSD=2.14
  seed_114_arm_t2_pos_pH_7_4_target__11_0_charge__14 TM-score=0.90873  RMSD=1.58
  seed_115_arm_t2_pos_pH_7_4_target__11_0_charge__14 TM-score=0.86472  RMSD=2.01
  seed_116_arm_t2_pos_pH_7_4_target__11_0_charge__16 TM-score=0.77131  RMSD=2.44
  seed_117_arm_t2_pos_pH_7_4_target__11_0_charge__23 TM-score=0.6299  RMSD=3.08
  seed_118_arm_t2_pos_pH_7_4_target__11_0_charge__12 TM-score=0.88258  RMSD=1.74
  seed_119_arm_t2_pos_pH_7_4_target__11_0_charge__11 TM-score=0.76673  RMSD=2.52
  seed_120_arm_t2_pos_pH_7_4_target__11_0_charge__14 TM-score=0.93967  RMSD=1.05
  seed_121_arm_t2_pos_pH_7_4_target__11_0_charge__7_ TM-score=0.88864  RMSD=1.8
  seed_122_arm_t2_pos_pH_7_4_target__11_0_charge__6_ TM-score=0.86545  RMSD=1.87
  seed_123_arm_t2_pos_pH_7_4_target__11_0_charge__13 TM-score=0.90655  RMSD=1.59
  seed_124_arm_t2_pos_pH_7_4_target__11_0_charge__13 TM-score=0.52692  RMSD=2.75
  seed_125_arm_t2_pos_pH_7_4_target__11_0_charge__19 TM-score=0.7951  RMSD=2.15
  seed_126_arm_t2_pos_pH_7_4_target__11_0_charge__14 TM-score=0.76009  RMSD=2.13
  seed_127_arm_t2_pos_pH_7_4_target__11_0_charge__22 TM-score=0.93388  RMSD=1.02
  seed_128_arm_t2_pos_pH_7_4_target__11_0_charge__4_ TM-score=0.89279  RMSD=1.78
  seed_129_arm_t2_pos_pH_7_4_target__11_0_charge__20 TM-score=0.94333  RMSD=1.25
  seed_130_arm_t2_pos_pH_7_4_target__11_0_charge__20 TM-score=0.89845  RMSD=1.71
已写入 code/output/finetune_v5_validate/1b24A01/t2_pos//tm.csv
  1b24A01/t2_pos tm DONE
  seed_111_arm_t2_pos_extreme_pH_7_4_target__16_0_ch TM-score=0.88629  RMSD=1.87
  seed_112_arm_t2_pos_extreme_pH_7_4_target__16_0_ch TM-score=0.78079  RMSD=2.71
  seed_113_arm_t2_pos_extreme_pH_7_4_target__16_0_ch TM-score=0.89707  RMSD=1.67
  seed_114_arm_t2_pos_extreme_pH_7_4_target__16_0_ch TM-score=0.88074  RMSD=1.73
  seed_115_arm_t2_pos_extreme_pH_7_4_target__16_0_ch TM-score=0.88145  RMSD=1.59
  seed_116_arm_t2_pos_extreme_pH_7_4_target__16_0_ch TM-score=0.85098  RMSD=1.74
  seed_117_arm_t2_pos_extreme_pH_7_4_target__16_0_ch TM-score=0.82105  RMSD=1.92
  seed_118_arm_t2_pos_extreme_pH_7_4_target__16_0_ch TM-score=0.86385  RMSD=2.12
  seed_119_arm_t2_pos_extreme_pH_7_4_target__16_0_ch TM-score=0.64234  RMSD=3.11
  seed_120_arm_t2_pos_extreme_pH_7_4_target__16_0_ch TM-score=0.94652  RMSD=1.07
  seed_121_arm_t2_pos_extreme_pH_7_4_target__16_0_ch TM-score=0.92671  RMSD=1.38
  seed_122_arm_t2_pos_extreme_pH_7_4_target__16_0_ch TM-score=0.68911  RMSD=2.81
  seed_123_arm_t2_pos_extreme_pH_7_4_target__16_0_ch TM-score=0.90635  RMSD=1.67
  seed_124_arm_t2_pos_extreme_pH_7_4_target__16_0_ch TM-score=0.89664  RMSD=1.46
  seed_125_arm_t2_pos_extreme_pH_7_4_target__16_0_ch TM-score=0.47145  RMSD=3.0
  seed_126_arm_t2_pos_extreme_pH_7_4_target__16_0_ch TM-score=0.76893  RMSD=2.18
  seed_127_arm_t2_pos_extreme_pH_7_4_target__16_0_ch TM-score=0.88962  RMSD=1.69
  seed_128_arm_t2_pos_extreme_pH_7_4_target__16_0_ch TM-score=0.73727  RMSD=2.8
  seed_129_arm_t2_pos_extreme_pH_7_4_target__16_0_ch TM-score=0.93288  RMSD=1.44
  seed_130_arm_t2_pos_extreme_pH_7_4_target__16_0_ch TM-score=0.46594  RMSD=3.85
已写入 code/output/finetune_v5_validate/1b24A01/t2_pos_extreme//tm.csv
  1b24A01/t2_pos_extreme tm DONE
  seed_111_arm_t1_base_pH_7_4_target__9_0_charge__15 TM-score=0.9174  RMSD=1.33
  seed_112_arm_t1_base_pH_7_4_target__9_0_charge__1_ TM-score=0.8992  RMSD=1.88
  seed_113_arm_t1_base_pH_7_4_target__9_0_charge__5_ TM-score=0.89777  RMSD=1.36
  seed_114_arm_t1_base_pH_7_4_target__9_0_charge__6_ TM-score=0.91275  RMSD=1.58
  seed_115_arm_t1_base_pH_7_4_target__9_0_charge__10 TM-score=0.86051  RMSD=1.87
  seed_116_arm_t1_base_pH_7_4_target__9_0_charge__5_ TM-score=0.86072  RMSD=1.52
  seed_117_arm_t1_base_pH_7_4_target__9_0_charge__4_ TM-score=0.86736  RMSD=1.74
  seed_118_arm_t1_base_pH_7_4_target__9_0_charge__15 TM-score=0.89523  RMSD=1.72
  seed_119_arm_t1_base_pH_7_4_target__9_0_charge__7_ TM-score=0.87397  RMSD=1.68
  seed_120_arm_t1_base_pH_7_4_target__9_0_charge__6_ TM-score=0.89914  RMSD=1.75
  seed_121_arm_t1_base_pH_7_4_target__9_0_charge__5_ TM-score=0.832  RMSD=2.28
  seed_122_arm_t1_base_pH_7_4_target__9_0_charge__17 TM-score=0.88153  RMSD=2.07
  seed_123_arm_t1_base_pH_7_4_target__9_0_charge__6_ TM-score=0.88116  RMSD=1.7
  seed_124_arm_t1_base_pH_7_4_target__9_0_charge__7_ TM-score=0.87443  RMSD=1.64
  seed_125_arm_t1_base_pH_7_4_target__9_0_charge__12 TM-score=0.89205  RMSD=1.65
  seed_126_arm_t1_base_pH_7_4_target__9_0_charge__11 TM-score=0.89499  RMSD=1.99
  seed_127_arm_t1_base_pH_7_4_target__9_0_charge__13 TM-score=0.89458  RMSD=1.48
  seed_128_arm_t1_base_pH_7_4_target__9_0_charge__5_ TM-score=0.89912  RMSD=1.74
  seed_129_arm_t1_base_pH_7_4_target__9_0_charge__1_ TM-score=0.90004  RMSD=1.51
  seed_130_arm_t1_base_pH_7_4_target__9_0_charge__10 TM-score=0.87702  RMSD=1.62
已写入 code/output/finetune_v5_validate/1BC8/t1_base//tm.csv
  1BC8/t1_base tm DONE
  seed_111_arm_t1_cond_pH_7_4_target__9_0_charge__9_ TM-score=0.90003  RMSD=1.4
  seed_112_arm_t1_cond_pH_7_4_target__9_0_charge__3_ TM-score=0.88986  RMSD=1.44
  seed_113_arm_t1_cond_pH_7_4_target__9_0_charge__10 TM-score=0.90881  RMSD=1.42
  seed_114_arm_t1_cond_pH_7_4_target__9_0_charge__2_ TM-score=0.88634  RMSD=1.75
  seed_115_arm_t1_cond_pH_7_4_target__9_0_charge__7_ TM-score=0.92539  RMSD=1.6
  seed_116_arm_t1_cond_pH_7_4_target__9_0_charge__6_ TM-score=0.87847  RMSD=1.84
  seed_117_arm_t1_cond_pH_7_4_target__9_0_charge__11 TM-score=0.88577  RMSD=1.7
  seed_118_arm_t1_cond_pH_7_4_target__9_0_charge__11 TM-score=0.88846  RMSD=1.67
  seed_119_arm_t1_cond_pH_7_4_target__9_0_charge__6_ TM-score=0.86762  RMSD=1.84
  seed_120_arm_t1_cond_pH_7_4_target__9_0_charge__3_ TM-score=0.88653  RMSD=1.96
  seed_121_arm_t1_cond_pH_7_4_target__9_0_charge__1_ TM-score=0.90874  RMSD=1.33
  seed_122_arm_t1_cond_pH_7_4_target__9_0_charge__6_ TM-score=0.89643  RMSD=1.63
  seed_123_arm_t1_cond_pH_7_4_target__9_0_charge__9_ TM-score=0.8772  RMSD=1.8
  seed_124_arm_t1_cond_pH_7_4_target__9_0_charge__6_ TM-score=0.88444  RMSD=1.22
  seed_125_arm_t1_cond_pH_7_4_target__9_0_charge__6_ TM-score=0.87835  RMSD=1.61
  seed_126_arm_t1_cond_pH_7_4_target__9_0_charge__9_ TM-score=0.88859  RMSD=1.79
  seed_127_arm_t1_cond_pH_7_4_target__9_0_charge__11 TM-score=0.88834  RMSD=1.74
  seed_128_arm_t1_cond_pH_7_4_target__9_0_charge__8_ TM-score=0.92442  RMSD=1.4
  seed_129_arm_t1_cond_pH_7_4_target__9_0_charge__11 TM-score=0.91136  RMSD=1.25
  seed_130_arm_t1_cond_pH_7_4_target__9_0_charge__7_ TM-score=0.91496  RMSD=1.55
已写入 code/output/finetune_v5_validate/1BC8/t1_cond//tm.csv
  1BC8/t1_cond tm DONE
  seed_111_arm_t2_neg_pH_7_4_target__4_0_charge__11_ TM-score=0.90687  RMSD=1.63
  seed_112_arm_t2_neg_pH_7_4_target__4_0_charge_-1_0 TM-score=0.88929  RMSD=1.92
  seed_113_arm_t2_neg_pH_7_4_target__4_0_charge__1_0 TM-score=0.91738  RMSD=1.5
  seed_114_arm_t2_neg_pH_7_4_target__4_0_charge_-0_9 TM-score=0.90708  RMSD=1.36
  seed_115_arm_t2_neg_pH_7_4_target__4_0_charge__7_9 TM-score=0.86738  RMSD=1.95
  seed_116_arm_t2_neg_pH_7_4_target__4_0_charge__5_9 TM-score=0.87974  RMSD=1.68
  seed_117_arm_t2_neg_pH_7_4_target__4_0_charge_-0_0 TM-score=0.90363  RMSD=1.68
  seed_118_arm_t2_neg_pH_7_4_target__4_0_charge__11_ TM-score=0.88031  RMSD=1.88
  seed_119_arm_t2_neg_pH_7_4_target__4_0_charge__1_0 TM-score=0.9263  RMSD=1.08
  seed_120_arm_t2_neg_pH_7_4_target__4_0_charge__1_0 TM-score=0.89978  RMSD=1.6
  seed_121_arm_t2_neg_pH_7_4_target__4_0_charge_-4_0 TM-score=0.88002  RMSD=1.51
  seed_122_arm_t2_neg_pH_7_4_target__4_0_charge__3_0 TM-score=0.88704  RMSD=1.71
  seed_123_arm_t2_neg_pH_7_4_target__4_0_charge__2_0 TM-score=0.87242  RMSD=1.98
  seed_124_arm_t2_neg_pH_7_4_target__4_0_charge__7_9 TM-score=0.87864  RMSD=1.92
  seed_125_arm_t2_neg_pH_7_4_target__4_0_charge__6_9 TM-score=0.90029  RMSD=1.6
  seed_126_arm_t2_neg_pH_7_4_target__4_0_charge_-0_0 TM-score=0.89573  RMSD=1.87
  seed_127_arm_t2_neg_pH_7_4_target__4_0_charge__9_0 TM-score=0.8941  RMSD=1.7
  seed_128_arm_t2_neg_pH_7_4_target__4_0_charge__4_9 TM-score=0.90707  RMSD=1.7
  seed_129_arm_t2_neg_pH_7_4_target__4_0_charge_-2_0 TM-score=0.90802  RMSD=1.51
  seed_130_arm_t2_neg_pH_7_4_target__4_0_charge_-0_9 TM-score=0.88292  RMSD=1.72
已写入 code/output/finetune_v5_validate/1BC8/t2_neg//tm.csv
  1BC8/t2_neg tm DONE
  seed_111_arm_t2_ph_pH_7_4_target_均值占位_charge__0_02 TM-score=0.90276  RMSD=1.39
  seed_112_arm_t2_ph_pH_7_4_target_均值占位_charge_-3_01 TM-score=0.86162  RMSD=1.83
  seed_113_arm_t2_ph_pH_7_4_target_均值占位_charge_-1_97 TM-score=0.90461  RMSD=1.59
  seed_114_arm_t2_ph_pH_7_4_target_均值占位_charge_-4_94 TM-score=0.87573  RMSD=1.6
  seed_115_arm_t2_ph_pH_7_4_target_均值占位_charge_-0_01 TM-score=0.8862  RMSD=1.83
  seed_116_arm_t2_ph_pH_7_4_target_均值占位_charge__0_98 TM-score=0.90432  RMSD=1.33
  seed_117_arm_t2_ph_pH_7_4_target_均值占位_charge_-2_02 TM-score=0.90144  RMSD=1.88
  seed_118_arm_t2_ph_pH_7_4_target_均值占位_charge_-1_02 TM-score=0.8891  RMSD=1.68
  seed_119_arm_t2_ph_pH_7_4_target_均值占位_charge_-4_02 TM-score=0.89365  RMSD=1.68
  seed_120_arm_t2_ph_pH_7_4_target_均值占位_charge__0_02 TM-score=0.88006  RMSD=1.87
  seed_121_arm_t2_ph_pH_7_4_target_均值占位_charge_-6_01 TM-score=0.87491  RMSD=1.62
  seed_122_arm_t2_ph_pH_7_4_target_均值占位_charge__1_02 TM-score=0.90657  RMSD=1.6
  seed_123_arm_t2_ph_pH_7_4_target_均值占位_charge_-4_94 TM-score=0.89279  RMSD=1.59
  seed_124_arm_t2_ph_pH_7_4_target_均值占位_charge_-1_02 TM-score=0.88572  RMSD=1.86
  seed_125_arm_t2_ph_pH_7_4_target_均值占位_charge_-1_02 TM-score=0.90259  RMSD=1.57
  seed_126_arm_t2_ph_pH_7_4_target_均值占位_charge_-2_02 TM-score=0.89824  RMSD=1.63
  seed_127_arm_t2_ph_pH_7_4_target_均值占位_charge_-1_02 TM-score=0.91075  RMSD=1.45
  seed_128_arm_t2_ph_pH_7_4_target_均值占位_charge_-0_02 TM-score=0.90071  RMSD=1.47
  seed_129_arm_t2_ph_pH_7_4_target_均值占位_charge_-5_01 TM-score=0.90172  RMSD=1.27
  seed_130_arm_t2_ph_pH_7_4_target_均值占位_charge__0_02 TM-score=0.87716  RMSD=1.77
已写入 code/output/finetune_v5_validate/1BC8/t2_ph//tm.csv
  1BC8/t2_ph tm DONE
  seed_111_arm_t2_pos_pH_7_4_target__12_0_charge__21 TM-score=0.91675  RMSD=1.46
  seed_112_arm_t2_pos_pH_7_4_target__12_0_charge__7_ TM-score=0.89875  RMSD=1.8
  seed_113_arm_t2_pos_pH_7_4_target__12_0_charge__9_ TM-score=0.94163  RMSD=0.98
  seed_114_arm_t2_pos_pH_7_4_target__12_0_charge__6_ TM-score=0.89829  RMSD=1.53
  seed_115_arm_t2_pos_pH_7_4_target__12_0_charge__10 TM-score=0.85299  RMSD=1.96
  seed_116_arm_t2_pos_pH_7_4_target__12_0_charge__13 TM-score=0.87509  RMSD=1.32
  seed_117_arm_t2_pos_pH_7_4_target__12_0_charge__9_ TM-score=0.88416  RMSD=2.04
  seed_118_arm_t2_pos_pH_7_4_target__12_0_charge__18 TM-score=0.88502  RMSD=1.77
  seed_119_arm_t2_pos_pH_7_4_target__12_0_charge__13 TM-score=0.67407  RMSD=2.62
  seed_120_arm_t2_pos_pH_7_4_target__12_0_charge__11 TM-score=0.92281  RMSD=1.4
  seed_121_arm_t2_pos_pH_7_4_target__12_0_charge__10 TM-score=0.85479  RMSD=1.98
  seed_122_arm_t2_pos_pH_7_4_target__12_0_charge__15 TM-score=0.89573  RMSD=1.68
  seed_123_arm_t2_pos_pH_7_4_target__12_0_charge__11 TM-score=0.87449  RMSD=1.81
  seed_124_arm_t2_pos_pH_7_4_target__12_0_charge__10 TM-score=0.84635  RMSD=2.21
  seed_125_arm_t2_pos_pH_7_4_target__12_0_charge__16 TM-score=0.87839  RMSD=1.75
  seed_126_arm_t2_pos_pH_7_4_target__12_0_charge__13 TM-score=0.8907  RMSD=1.93
  seed_127_arm_t2_pos_pH_7_4_target__12_0_charge__19 TM-score=0.88389  RMSD=1.56
  seed_128_arm_t2_pos_pH_7_4_target__12_0_charge__7_ TM-score=0.89035  RMSD=1.65
  seed_129_arm_t2_pos_pH_7_4_target__12_0_charge__10 TM-score=0.91048  RMSD=1.82
  seed_130_arm_t2_pos_pH_7_4_target__12_0_charge__12 TM-score=0.87859  RMSD=1.85
已写入 code/output/finetune_v5_validate/1BC8/t2_pos//tm.csv
  1BC8/t2_pos tm DONE
  seed_111_arm_t2_pos_extreme_pH_7_4_target__17_0_ch TM-score=0.9312  RMSD=1.27
  seed_112_arm_t2_pos_extreme_pH_7_4_target__17_0_ch TM-score=0.90336  RMSD=1.75
  seed_113_arm_t2_pos_extreme_pH_7_4_target__17_0_ch TM-score=0.92243  RMSD=1.4
  seed_114_arm_t2_pos_extreme_pH_7_4_target__17_0_ch TM-score=0.87474  RMSD=2.01
  seed_115_arm_t2_pos_extreme_pH_7_4_target__17_0_ch TM-score=0.86001  RMSD=1.95
  seed_116_arm_t2_pos_extreme_pH_7_4_target__17_0_ch TM-score=0.88739  RMSD=1.25
  seed_117_arm_t2_pos_extreme_pH_7_4_target__17_0_ch TM-score=0.88169  RMSD=1.51
  seed_118_arm_t2_pos_extreme_pH_7_4_target__17_0_ch TM-score=0.86943  RMSD=1.92
  seed_119_arm_t2_pos_extreme_pH_7_4_target__17_0_ch TM-score=0.87869  RMSD=1.65
  seed_120_arm_t2_pos_extreme_pH_7_4_target__17_0_ch TM-score=0.69777  RMSD=2.88
  seed_121_arm_t2_pos_extreme_pH_7_4_target__17_0_ch TM-score=0.85756  RMSD=1.98
  seed_122_arm_t2_pos_extreme_pH_7_4_target__17_0_ch TM-score=0.89277  RMSD=1.4
  seed_123_arm_t2_pos_extreme_pH_7_4_target__17_0_ch TM-score=0.93746  RMSD=1.23
  seed_124_arm_t2_pos_extreme_pH_7_4_target__17_0_ch TM-score=0.73971  RMSD=2.38
  seed_125_arm_t2_pos_extreme_pH_7_4_target__17_0_ch TM-score=0.85161  RMSD=1.89
  seed_126_arm_t2_pos_extreme_pH_7_4_target__17_0_ch TM-score=0.88521  RMSD=1.59
  seed_127_arm_t2_pos_extreme_pH_7_4_target__17_0_ch TM-score=0.87071  RMSD=1.7
  seed_128_arm_t2_pos_extreme_pH_7_4_target__17_0_ch TM-score=0.89694  RMSD=1.68
  seed_129_arm_t2_pos_extreme_pH_7_4_target__17_0_ch TM-score=0.85859  RMSD=1.71
  seed_130_arm_t2_pos_extreme_pH_7_4_target__17_0_ch TM-score=0.88742  RMSD=1.83
已写入 code/output/finetune_v5_validate/1BC8/t2_pos_extreme//tm.csv
  1BC8/t2_pos_extreme tm DONE
  seed_111_arm_t1_base_pH_7_4_target_-1_0_charge_-1_ TM-score=0.89811  RMSD=0.85
  seed_112_arm_t1_base_pH_7_4_target_-1_0_charge_-1_ TM-score=0.88141  RMSD=0.89
  seed_113_arm_t1_base_pH_7_4_target_-1_0_charge_-1_ TM-score=0.91544  RMSD=0.66
  seed_114_arm_t1_base_pH_7_4_target_-1_0_charge_-4_ TM-score=0.92966  RMSD=0.62
  seed_115_arm_t1_base_pH_7_4_target_-1_0_charge_-4_ TM-score=0.89951  RMSD=0.76
  seed_116_arm_t1_base_pH_7_4_target_-1_0_charge_-2_ TM-score=0.87472  RMSD=0.89
  seed_117_arm_t1_base_pH_7_4_target_-1_0_charge_-4_ TM-score=0.88047  RMSD=0.96
  seed_118_arm_t1_base_pH_7_4_target_-1_0_charge_-3_ TM-score=0.87374  RMSD=1.0
  seed_119_arm_t1_base_pH_7_4_target_-1_0_charge_-1_ TM-score=0.87104  RMSD=0.95
  seed_120_arm_t1_base_pH_7_4_target_-1_0_charge_-2_ TM-score=0.79553  RMSD=1.24
  seed_121_arm_t1_base_pH_7_4_target_-1_0_charge_-1_ TM-score=0.64896  RMSD=2.14
  seed_122_arm_t1_base_pH_7_4_target_-1_0_charge_-1_ TM-score=0.87033  RMSD=0.92
  seed_123_arm_t1_base_pH_7_4_target_-1_0_charge_-1_ TM-score=0.88015  RMSD=0.99
  seed_124_arm_t1_base_pH_7_4_target_-1_0_charge_-2_ TM-score=0.89934  RMSD=0.76
  seed_125_arm_t1_base_pH_7_4_target_-1_0_charge_-3_ TM-score=0.77954  RMSD=1.55
  seed_126_arm_t1_base_pH_7_4_target_-1_0_charge_-2_ TM-score=0.90191  RMSD=0.74
  seed_127_arm_t1_base_pH_7_4_target_-1_0_charge_-0_ TM-score=0.91198  RMSD=0.71
  seed_128_arm_t1_base_pH_7_4_target_-1_0_charge_-1_ TM-score=0.8955  RMSD=0.9
  seed_129_arm_t1_base_pH_7_4_target_-1_0_charge_-2_ TM-score=0.87824  RMSD=1.01
  seed_130_arm_t1_base_pH_7_4_target_-1_0_charge_-0_ TM-score=0.91253  RMSD=0.7
已写入 code/output/finetune_v5_validate/1CRN/t1_base//tm.csv
  1CRN/t1_base tm DONE
  seed_111_arm_t1_cond_pH_7_4_target_-1_0_charge__0_ TM-score=0.89754  RMSD=0.94
  seed_112_arm_t1_cond_pH_7_4_target_-1_0_charge_-1_ TM-score=0.39122  RMSD=3.01
  seed_113_arm_t1_cond_pH_7_4_target_-1_0_charge__0_ TM-score=0.87579  RMSD=0.97
  seed_114_arm_t1_cond_pH_7_4_target_-1_0_charge_-2_ TM-score=0.89452  RMSD=0.89
  seed_115_arm_t1_cond_pH_7_4_target_-1_0_charge_-2_ TM-score=0.91232  RMSD=0.7
  seed_116_arm_t1_cond_pH_7_4_target_-1_0_charge_-4_ TM-score=0.83209  RMSD=1.09
  seed_117_arm_t1_cond_pH_7_4_target_-1_0_charge_-0_ TM-score=0.73043  RMSD=1.91
  seed_118_arm_t1_cond_pH_7_4_target_-1_0_charge_-1_ TM-score=0.91379  RMSD=0.72
  seed_119_arm_t1_cond_pH_7_4_target_-1_0_charge_-0_ TM-score=0.90751  RMSD=0.7
  seed_120_arm_t1_cond_pH_7_4_target_-1_0_charge__0_ TM-score=0.89341  RMSD=0.79
  seed_121_arm_t1_cond_pH_7_4_target_-1_0_charge_-0_ TM-score=0.88061  RMSD=0.76
  seed_122_arm_t1_cond_pH_7_4_target_-1_0_charge_-1_ TM-score=0.8955  RMSD=0.76
  seed_123_arm_t1_cond_pH_7_4_target_-1_0_charge_-3_ TM-score=0.90177  RMSD=0.9
  seed_124_arm_t1_cond_pH_7_4_target_-1_0_charge__0_ TM-score=0.88298  RMSD=0.84
  seed_125_arm_t1_cond_pH_7_4_target_-1_0_charge_-1_ TM-score=0.85618  RMSD=1.09
  seed_126_arm_t1_cond_pH_7_4_target_-1_0_charge_-3_ TM-score=0.88389  RMSD=0.81
  seed_127_arm_t1_cond_pH_7_4_target_-1_0_charge__3_ TM-score=0.88396  RMSD=0.91
  seed_128_arm_t1_cond_pH_7_4_target_-1_0_charge_-0_ TM-score=0.91419  RMSD=0.71
  seed_129_arm_t1_cond_pH_7_4_target_-1_0_charge__1_ TM-score=0.89146  RMSD=0.78
  seed_130_arm_t1_cond_pH_7_4_target_-1_0_charge__0_ TM-score=0.65197  RMSD=2.05
已写入 code/output/finetune_v5_validate/1CRN/t1_cond//tm.csv
  1CRN/t1_cond tm DONE
  seed_111_arm_t2_neg_pH_7_4_target_-6_0_charge_-3_6 TM-score=0.87342  RMSD=0.93
  seed_112_arm_t2_neg_pH_7_4_target_-6_0_charge_-4_6 TM-score=0.91144  RMSD=0.71
  seed_113_arm_t2_neg_pH_7_4_target_-6_0_charge_-7_6 TM-score=0.85731  RMSD=1.12
  seed_114_arm_t2_neg_pH_7_4_target_-6_0_charge_-6_6 TM-score=0.9104  RMSD=0.7
  seed_115_arm_t2_neg_pH_7_4_target_-6_0_charge_-8_6 TM-score=0.89442  RMSD=0.79
  seed_116_arm_t2_neg_pH_7_4_target_-6_0_charge_-6_6 TM-score=0.86747  RMSD=0.89
  seed_117_arm_t2_neg_pH_7_4_target_-6_0_charge_-7_4 TM-score=0.86405  RMSD=1.03
  seed_118_arm_t2_neg_pH_7_4_target_-6_0_charge_-7_6 TM-score=0.8577  RMSD=1.02
  seed_119_arm_t2_neg_pH_7_4_target_-6_0_charge_-8_6 TM-score=0.87432  RMSD=0.95
  seed_120_arm_t2_neg_pH_7_4_target_-6_0_charge_-7_6 TM-score=0.66922  RMSD=1.85
  seed_121_arm_t2_neg_pH_7_4_target_-6_0_charge_-7_6 TM-score=0.88179  RMSD=0.82
  seed_122_arm_t2_neg_pH_7_4_target_-6_0_charge_-8_6 TM-score=0.89013  RMSD=0.72
  seed_123_arm_t2_neg_pH_7_4_target_-6_0_charge_-5_6 TM-score=0.88242  RMSD=0.93
  seed_124_arm_t2_neg_pH_7_4_target_-6_0_charge_-5_6 TM-score=0.8613  RMSD=0.93
  seed_125_arm_t2_neg_pH_7_4_target_-6_0_charge_-6_6 TM-score=0.86437  RMSD=1.04
  seed_126_arm_t2_neg_pH_7_4_target_-6_0_charge_-7_6 TM-score=0.88659  RMSD=0.8
  seed_127_arm_t2_neg_pH_7_4_target_-6_0_charge_-4_6 TM-score=0.87649  RMSD=0.98
  seed_128_arm_t2_neg_pH_7_4_target_-6_0_charge_-5_4 TM-score=0.84332  RMSD=1.18
  seed_129_arm_t2_neg_pH_7_4_target_-6_0_charge_-9_6 TM-score=0.68988  RMSD=2.08
  seed_130_arm_t2_neg_pH_7_4_target_-6_0_charge_-5_6 TM-score=0.8978  RMSD=0.75
已写入 code/output/finetune_v5_validate/1CRN/t2_neg//tm.csv
  1CRN/t2_neg tm DONE
  seed_111_arm_t2_ph_pH_7_4_target_均值占位_charge_-0_68 TM-score=0.89653  RMSD=0.87
  seed_112_arm_t2_ph_pH_7_4_target_均值占位_charge_-0_68 TM-score=0.88214  RMSD=0.88
  seed_113_arm_t2_ph_pH_7_4_target_均值占位_charge_-1_68 TM-score=0.88796  RMSD=0.92
  seed_114_arm_t2_ph_pH_7_4_target_均值占位_charge_-3_68 TM-score=0.92779  RMSD=0.63
  seed_115_arm_t2_ph_pH_7_4_target_均值占位_charge_-0_68 TM-score=0.33656  RMSD=3.17
  seed_116_arm_t2_ph_pH_7_4_target_均值占位_charge_-0_68 TM-score=0.87046  RMSD=0.87
  seed_117_arm_t2_ph_pH_7_4_target_均值占位_charge_-3_68 TM-score=0.9124  RMSD=0.7
  seed_118_arm_t2_ph_pH_7_4_target_均值占位_charge_-2_68 TM-score=0.86234  RMSD=1.08
  seed_119_arm_t2_ph_pH_7_4_target_均值占位_charge_-1_68 TM-score=0.87104  RMSD=0.95
  seed_120_arm_t2_ph_pH_7_4_target_均值占位_charge_-0_68 TM-score=0.79666  RMSD=1.21
  seed_121_arm_t2_ph_pH_7_4_target_均值占位_charge_-1_68 TM-score=0.85885  RMSD=0.87
  seed_122_arm_t2_ph_pH_7_4_target_均值占位_charge_-1_68 TM-score=0.87033  RMSD=0.92
  seed_123_arm_t2_ph_pH_7_4_target_均值占位_charge_-0_68 TM-score=0.88911  RMSD=0.73
  seed_124_arm_t2_ph_pH_7_4_target_均值占位_charge_-2_68 TM-score=0.91472  RMSD=0.69
  seed_125_arm_t2_ph_pH_7_4_target_均值占位_charge__0_32 TM-score=0.88401  RMSD=0.98
  seed_126_arm_t2_ph_pH_7_4_target_均值占位_charge_-2_68 TM-score=0.90573  RMSD=0.73
  seed_127_arm_t2_ph_pH_7_4_target_均值占位_charge__1_32 TM-score=0.8832  RMSD=0.85
  seed_128_arm_t2_ph_pH_7_4_target_均值占位_charge__0_32 TM-score=0.88779  RMSD=1.04
  seed_129_arm_t2_ph_pH_7_4_target_均值占位_charge_-2_68 TM-score=0.88627  RMSD=0.9
  seed_130_arm_t2_ph_pH_7_4_target_均值占位_charge_-0_68 TM-score=0.89914  RMSD=0.75
已写入 code/output/finetune_v5_validate/1CRN/t2_ph//tm.csv
  1CRN/t2_ph tm DONE
  seed_111_arm_t2_pos_pH_7_4_target__2_0_charge__0_3 TM-score=0.91091  RMSD=0.72
  seed_112_arm_t2_pos_pH_7_4_target__2_0_charge__0_3 TM-score=0.88674  RMSD=0.86
  seed_113_arm_t2_pos_pH_7_4_target__2_0_charge_-0_6 TM-score=0.86189  RMSD=1.08
  seed_114_arm_t2_pos_pH_7_4_target__2_0_charge__1_3 TM-score=0.92161  RMSD=0.66
  seed_115_arm_t2_pos_pH_7_4_target__2_0_charge_-0_6 TM-score=0.89273  RMSD=0.72
  seed_116_arm_t2_pos_pH_7_4_target__2_0_charge__1_3 TM-score=0.86509  RMSD=0.91
  seed_117_arm_t2_pos_pH_7_4_target__2_0_charge_-2_6 TM-score=0.91392  RMSD=0.69
  seed_118_arm_t2_pos_pH_7_4_target__2_0_charge_-1_6 TM-score=0.86374  RMSD=0.92
  seed_119_arm_t2_pos_pH_7_4_target__2_0_charge_-0_6 TM-score=0.89022  RMSD=0.91
  seed_120_arm_t2_pos_pH_7_4_target__2_0_charge__2_3 TM-score=0.81686  RMSD=1.19
  seed_121_arm_t2_pos_pH_7_4_target__2_0_charge_-1_6 TM-score=0.88695  RMSD=0.74
  seed_122_arm_t2_pos_pH_7_4_target__2_0_charge_-0_6 TM-score=0.89323  RMSD=0.72
  seed_123_arm_t2_pos_pH_7_4_target__2_0_charge__2_3 TM-score=0.88824  RMSD=0.74
  seed_124_arm_t2_pos_pH_7_4_target__2_0_charge__1_3 TM-score=0.8991  RMSD=0.79
  seed_125_arm_t2_pos_pH_7_4_target__2_0_charge__2_3 TM-score=0.88056  RMSD=1.0
  seed_126_arm_t2_pos_pH_7_4_target__2_0_charge_-0_6 TM-score=0.89724  RMSD=0.77
  seed_127_arm_t2_pos_pH_7_4_target__2_0_charge__7_3 TM-score=0.89594  RMSD=0.79
  seed_128_arm_t2_pos_pH_7_4_target__2_0_charge__1_3 TM-score=0.86839  RMSD=1.09
  seed_129_arm_t2_pos_pH_7_4_target__2_0_charge_-1_6 TM-score=0.92179  RMSD=0.64
  seed_130_arm_t2_pos_pH_7_4_target__2_0_charge_-0_6 TM-score=0.90839  RMSD=0.7
已写入 code/output/finetune_v5_validate/1CRN/t2_pos//tm.csv
  1CRN/t2_pos tm DONE
  seed_111_arm_t2_pos_extreme_pH_7_4_target__7_0_cha TM-score=0.90357  RMSD=0.79
  seed_112_arm_t2_pos_extreme_pH_7_4_target__7_0_cha TM-score=0.90239  RMSD=0.79
  seed_113_arm_t2_pos_extreme_pH_7_4_target__7_0_cha TM-score=0.90343  RMSD=0.79
  seed_114_arm_t2_pos_extreme_pH_7_4_target__7_0_cha TM-score=0.86936  RMSD=0.93
  seed_115_arm_t2_pos_extreme_pH_7_4_target__7_0_cha TM-score=0.83776  RMSD=1.0
  seed_116_arm_t2_pos_extreme_pH_7_4_target__7_0_cha TM-score=0.8338  RMSD=1.13
  seed_117_arm_t2_pos_extreme_pH_7_4_target__7_0_cha TM-score=0.89012  RMSD=0.8
  seed_118_arm_t2_pos_extreme_pH_7_4_target__7_0_cha TM-score=0.91377  RMSD=0.68
  seed_119_arm_t2_pos_extreme_pH_7_4_target__7_0_cha TM-score=0.85859  RMSD=1.05
  seed_120_arm_t2_pos_extreme_pH_7_4_target__7_0_cha TM-score=0.68957  RMSD=1.72
  seed_121_arm_t2_pos_extreme_pH_7_4_target__7_0_cha TM-score=0.88504  RMSD=0.75
  seed_122_arm_t2_pos_extreme_pH_7_4_target__7_0_cha TM-score=0.88556  RMSD=0.87
  seed_123_arm_t2_pos_extreme_pH_7_4_target__7_0_cha TM-score=0.88923  RMSD=0.75
  seed_124_arm_t2_pos_extreme_pH_7_4_target__7_0_cha TM-score=0.89652  RMSD=0.8
  seed_125_arm_t2_pos_extreme_pH_7_4_target__7_0_cha TM-score=0.89686  RMSD=0.81
  seed_126_arm_t2_pos_extreme_pH_7_4_target__7_0_cha TM-score=0.90749  RMSD=0.76
  seed_127_arm_t2_pos_extreme_pH_7_4_target__7_0_cha TM-score=0.88899  RMSD=0.86
  seed_128_arm_t2_pos_extreme_pH_7_4_target__7_0_cha TM-score=0.88793  RMSD=0.96
  seed_129_arm_t2_pos_extreme_pH_7_4_target__7_0_cha TM-score=0.88566  RMSD=0.88
  seed_130_arm_t2_pos_extreme_pH_7_4_target__7_0_cha TM-score=0.89967  RMSD=0.75
已写入 code/output/finetune_v5_validate/1CRN/t2_pos_extreme//tm.csv
  1CRN/t2_pos_extreme tm DONE
  seed_111_arm_t1_base_pH_7_4_target__0_0_charge__0_ TM-score=0.96052  RMSD=0.84
  seed_112_arm_t1_base_pH_7_4_target__0_0_charge_-5_ TM-score=0.96375  RMSD=0.7
  seed_113_arm_t1_base_pH_7_4_target__0_0_charge_-3_ TM-score=0.9532  RMSD=1.12
  seed_114_arm_t1_base_pH_7_4_target__0_0_charge_-5_ TM-score=0.9593  RMSD=0.96
  seed_115_arm_t1_base_pH_7_4_target__0_0_charge_-2_ TM-score=0.9646  RMSD=0.69
  seed_116_arm_t1_base_pH_7_4_target__0_0_charge_-4_ TM-score=0.96126  RMSD=0.76
  seed_117_arm_t1_base_pH_7_4_target__0_0_charge__0_ TM-score=0.93752  RMSD=1.16
  seed_118_arm_t1_base_pH_7_4_target__0_0_charge_-8_ TM-score=0.94769  RMSD=1.3
  seed_119_arm_t1_base_pH_7_4_target__0_0_charge_-3_ TM-score=0.96767  RMSD=0.65
  seed_120_arm_t1_base_pH_7_4_target__0_0_charge_-4_ TM-score=0.9544  RMSD=0.69
  seed_121_arm_t1_base_pH_7_4_target__0_0_charge_-0_ TM-score=0.94537  RMSD=1.13
  seed_122_arm_t1_base_pH_7_4_target__0_0_charge_-0_ TM-score=0.96319  RMSD=0.88
  seed_123_arm_t1_base_pH_7_4_target__0_0_charge_-1_ TM-score=0.95987  RMSD=0.92
  seed_124_arm_t1_base_pH_7_4_target__0_0_charge_-4_ TM-score=0.96373  RMSD=0.7
  seed_125_arm_t1_base_pH_7_4_target__0_0_charge_-2_ TM-score=0.95056  RMSD=0.89
  seed_126_arm_t1_base_pH_7_4_target__0_0_charge_-3_ TM-score=0.96576  RMSD=0.99
  seed_127_arm_t1_base_pH_7_4_target__0_0_charge_-0_ TM-score=0.96075  RMSD=0.76
  seed_128_arm_t1_base_pH_7_4_target__0_0_charge__1_ TM-score=0.94847  RMSD=1.29
  seed_129_arm_t1_base_pH_7_4_target__0_0_charge_-2_ TM-score=0.94899  RMSD=0.95
  seed_130_arm_t1_base_pH_7_4_target__0_0_charge_-7_ TM-score=0.96041  RMSD=0.78
已写入 code/output/finetune_v5_validate/1UBQ/t1_base//tm.csv
  1UBQ/t1_base tm DONE
  seed_111_arm_t1_cond_pH_7_4_target__0_0_charge_-2_ TM-score=0.93551  RMSD=1.32
  seed_112_arm_t1_cond_pH_7_4_target__0_0_charge_-2_ TM-score=0.94544  RMSD=0.94
  seed_113_arm_t1_cond_pH_7_4_target__0_0_charge_-2_ TM-score=0.94619  RMSD=0.91
  seed_114_arm_t1_cond_pH_7_4_target__0_0_charge_-6_ TM-score=0.95669  RMSD=1.09
  seed_115_arm_t1_cond_pH_7_4_target__0_0_charge_-2_ TM-score=0.95277  RMSD=1.14
  seed_116_arm_t1_cond_pH_7_4_target__0_0_charge_-6_ TM-score=0.96034  RMSD=0.86
  seed_117_arm_t1_cond_pH_7_4_target__0_0_charge_-4_ TM-score=0.95945  RMSD=0.79
  seed_118_arm_t1_cond_pH_7_4_target__0_0_charge_-2_ TM-score=0.9414  RMSD=0.95
  seed_119_arm_t1_cond_pH_7_4_target__0_0_charge__0_ TM-score=0.96544  RMSD=1.02
  seed_120_arm_t1_cond_pH_7_4_target__0_0_charge_-3_ TM-score=0.96759  RMSD=0.81
  seed_121_arm_t1_cond_pH_7_4_target__0_0_charge_-3_ TM-score=0.95607  RMSD=0.76
  seed_122_arm_t1_cond_pH_7_4_target__0_0_charge_-3_ TM-score=0.94852  RMSD=0.85
  seed_123_arm_t1_cond_pH_7_4_target__0_0_charge_-4_ TM-score=0.95853  RMSD=1.0
  seed_124_arm_t1_cond_pH_7_4_target__0_0_charge_-4_ TM-score=0.95174  RMSD=1.15
  seed_125_arm_t1_cond_pH_7_4_target__0_0_charge_-0_ TM-score=0.94267  RMSD=1.03
  seed_126_arm_t1_cond_pH_7_4_target__0_0_charge__0_ TM-score=0.9516  RMSD=1.06
  seed_127_arm_t1_cond_pH_7_4_target__0_0_charge__1_ TM-score=0.96364  RMSD=1.0
  seed_128_arm_t1_cond_pH_7_4_target__0_0_charge_-1_ TM-score=0.95783  RMSD=1.14
  seed_129_arm_t1_cond_pH_7_4_target__0_0_charge__2_ TM-score=0.94571  RMSD=1.2
  seed_130_arm_t1_cond_pH_7_4_target__0_0_charge_-5_ TM-score=0.96869  RMSD=0.7
已写入 code/output/finetune_v5_validate/1UBQ/t1_cond//tm.csv
  1UBQ/t1_cond tm DONE
  seed_111_arm_t2_neg_pH_7_4_target_-5_0_charge_-1_0 TM-score=0.97069  RMSD=0.83
  seed_112_arm_t2_neg_pH_7_4_target_-5_0_charge_-9_0 TM-score=0.96735  RMSD=0.91
  seed_113_arm_t2_neg_pH_7_4_target_-5_0_charge_-6_0 TM-score=0.9608  RMSD=1.02
  seed_114_arm_t2_neg_pH_7_4_target_-5_0_charge_-6_9 TM-score=0.94145  RMSD=1.15
  seed_115_arm_t2_neg_pH_7_4_target_-5_0_charge_-8_0 TM-score=0.95642  RMSD=0.76
  seed_116_arm_t2_neg_pH_7_4_target_-5_0_charge_-7_0 TM-score=0.95902  RMSD=0.79
  seed_117_arm_t2_neg_pH_7_4_target_-5_0_charge_-3_0 TM-score=0.96984  RMSD=0.83
  seed_118_arm_t2_neg_pH_7_4_target_-5_0_charge_-14_ TM-score=0.94521  RMSD=1.17
  seed_119_arm_t2_neg_pH_7_4_target_-5_0_charge_-4_0 TM-score=0.97535  RMSD=0.62
  seed_120_arm_t2_neg_pH_7_4_target_-5_0_charge_-8_0 TM-score=0.94779  RMSD=1.35
  seed_121_arm_t2_neg_pH_7_4_target_-5_0_charge_-3_0 TM-score=0.95476  RMSD=0.81
  seed_122_arm_t2_neg_pH_7_4_target_-5_0_charge_-9_0 TM-score=0.96765  RMSD=0.78
  seed_123_arm_t2_neg_pH_7_4_target_-5_0_charge_-3_0 TM-score=0.95325  RMSD=0.87
  seed_124_arm_t2_neg_pH_7_4_target_-5_0_charge_-8_9 TM-score=0.95734  RMSD=0.8
  seed_125_arm_t2_neg_pH_7_4_target_-5_0_charge_-5_0 TM-score=0.9503  RMSD=0.87
  seed_126_arm_t2_neg_pH_7_4_target_-5_0_charge_-6_0 TM-score=0.96431  RMSD=1.06
  seed_127_arm_t2_neg_pH_7_4_target_-5_0_charge_-7_0 TM-score=0.94452  RMSD=0.9
  seed_128_arm_t2_neg_pH_7_4_target_-5_0_charge_-1_0 TM-score=0.95367  RMSD=0.82
  seed_129_arm_t2_neg_pH_7_4_target_-5_0_charge_-6_9 TM-score=0.95504  RMSD=0.83
  seed_130_arm_t2_neg_pH_7_4_target_-5_0_charge_-10_ TM-score=0.95789  RMSD=0.78
已写入 code/output/finetune_v5_validate/1UBQ/t2_neg//tm.csv
  1UBQ/t2_neg tm DONE
  seed_111_arm_t2_ph_pH_7_4_target_均值占位_charge__0_99 TM-score=0.96052  RMSD=0.84
  seed_112_arm_t2_ph_pH_7_4_target_均值占位_charge_-5_00 TM-score=0.96375  RMSD=0.7
  seed_113_arm_t2_ph_pH_7_4_target_均值占位_charge_-3_01 TM-score=0.95677  RMSD=1.09
  seed_114_arm_t2_ph_pH_7_4_target_均值占位_charge_-5_93 TM-score=0.9593  RMSD=0.96
  seed_115_arm_t2_ph_pH_7_4_target_均值占位_charge_-2_01 TM-score=0.9646  RMSD=0.69
  seed_116_arm_t2_ph_pH_7_4_target_均值占位_charge_-4_00 TM-score=0.96126  RMSD=0.76
  seed_117_arm_t2_ph_pH_7_4_target_均值占位_charge__0_03 TM-score=0.94382  RMSD=0.97
  seed_118_arm_t2_ph_pH_7_4_target_均值占位_charge_-8_00 TM-score=0.94769  RMSD=1.3
  seed_119_arm_t2_ph_pH_7_4_target_均值占位_charge_-1_01 TM-score=0.96626  RMSD=0.66
  seed_120_arm_t2_ph_pH_7_4_target_均值占位_charge_-4_01 TM-score=0.9544  RMSD=0.69
  seed_121_arm_t2_ph_pH_7_4_target_均值占位_charge_-0_01 TM-score=0.94537  RMSD=1.13
  seed_122_arm_t2_ph_pH_7_4_target_均值占位_charge_-0_01 TM-score=0.96319  RMSD=0.88
  seed_123_arm_t2_ph_pH_7_4_target_均值占位_charge_-1_01 TM-score=0.95987  RMSD=0.92
  seed_124_arm_t2_ph_pH_7_4_target_均值占位_charge_-4_00 TM-score=0.96373  RMSD=0.7
  seed_125_arm_t2_ph_pH_7_4_target_均值占位_charge_-2_01 TM-score=0.95056  RMSD=0.89
  seed_126_arm_t2_ph_pH_7_4_target_均值占位_charge_-3_01 TM-score=0.96576  RMSD=0.99
  seed_127_arm_t2_ph_pH_7_4_target_均值占位_charge_-0_01 TM-score=0.96075  RMSD=0.76
  seed_128_arm_t2_ph_pH_7_4_target_均值占位_charge__1_99 TM-score=0.95064  RMSD=1.23
  seed_129_arm_t2_ph_pH_7_4_target_均值占位_charge_-2_01 TM-score=0.94899  RMSD=0.95
  seed_130_arm_t2_ph_pH_7_4_target_均值占位_charge_-7_96 TM-score=0.95911  RMSD=0.78
已写入 code/output/finetune_v5_validate/1UBQ/t2_ph//tm.csv
  1UBQ/t2_ph tm DONE
  seed_111_arm_t2_pos_pH_7_4_target__3_0_charge_-0_0 TM-score=0.96036  RMSD=1.05
  seed_112_arm_t2_pos_pH_7_4_target__3_0_charge__0_9 TM-score=0.95255  RMSD=0.9
  seed_113_arm_t2_pos_pH_7_4_target__3_0_charge_-0_0 TM-score=0.94321  RMSD=1.08
  seed_114_arm_t2_pos_pH_7_4_target__3_0_charge_-4_9 TM-score=0.95847  RMSD=0.92
  seed_115_arm_t2_pos_pH_7_4_target__3_0_charge_-0_0 TM-score=0.95883  RMSD=0.78
  seed_116_arm_t2_pos_pH_7_4_target__3_0_charge_-1_9 TM-score=0.96252  RMSD=0.74
  seed_117_arm_t2_pos_pH_7_4_target__3_0_charge__1_0 TM-score=0.95883  RMSD=0.87
  seed_118_arm_t2_pos_pH_7_4_target__3_0_charge_-6_0 TM-score=0.94692  RMSD=1.26
  seed_119_arm_t2_pos_pH_7_4_target__3_0_charge__0_0 TM-score=0.96413  RMSD=0.67
  seed_120_arm_t2_pos_pH_7_4_target__3_0_charge_-2_0 TM-score=0.95668  RMSD=0.65
  seed_121_arm_t2_pos_pH_7_4_target__3_0_charge_-2_0 TM-score=0.95703  RMSD=1.01
  seed_122_arm_t2_pos_pH_7_4_target__3_0_charge_-1_0 TM-score=0.95746  RMSD=1.14
  seed_123_arm_t2_pos_pH_7_4_target__3_0_charge_-1_0 TM-score=0.95845  RMSD=0.95
  seed_124_arm_t2_pos_pH_7_4_target__3_0_charge_-2_9 TM-score=0.95776  RMSD=0.79
  seed_125_arm_t2_pos_pH_7_4_target__3_0_charge__0_9 TM-score=0.95864  RMSD=0.87
  seed_126_arm_t2_pos_pH_7_4_target__3_0_charge__0_0 TM-score=0.9699  RMSD=0.76
  seed_127_arm_t2_pos_pH_7_4_target__3_0_charge__2_9 TM-score=0.96119  RMSD=0.76
  seed_128_arm_t2_pos_pH_7_4_target__3_0_charge__3_0 TM-score=0.93213  RMSD=0.98
  seed_129_arm_t2_pos_pH_7_4_target__3_0_charge_-2_0 TM-score=0.95871  RMSD=0.88
  seed_130_arm_t2_pos_pH_7_4_target__3_0_charge_-2_9 TM-score=0.9638  RMSD=0.71
已写入 code/output/finetune_v5_validate/1UBQ/t2_pos//tm.csv
  1UBQ/t2_pos tm DONE
  seed_111_arm_t2_pos_extreme_pH_7_4_target__8_0_cha TM-score=0.9494  RMSD=0.87
  seed_112_arm_t2_pos_extreme_pH_7_4_target__8_0_cha TM-score=0.95097  RMSD=0.89
  seed_113_arm_t2_pos_extreme_pH_7_4_target__8_0_cha TM-score=0.96056  RMSD=0.7
  seed_114_arm_t2_pos_extreme_pH_7_4_target__8_0_cha TM-score=0.96614  RMSD=0.96
  seed_115_arm_t2_pos_extreme_pH_7_4_target__8_0_cha TM-score=0.95265  RMSD=1.24
  seed_116_arm_t2_pos_extreme_pH_7_4_target__8_0_cha TM-score=0.95533  RMSD=1.18
  seed_117_arm_t2_pos_extreme_pH_7_4_target__8_0_cha TM-score=0.9563  RMSD=0.85
  seed_118_arm_t2_pos_extreme_pH_7_4_target__8_0_cha TM-score=0.96649  RMSD=0.73
  seed_119_arm_t2_pos_extreme_pH_7_4_target__8_0_cha TM-score=0.96341  RMSD=0.7
  seed_120_arm_t2_pos_extreme_pH_7_4_target__8_0_cha TM-score=0.95832  RMSD=0.83
  seed_121_arm_t2_pos_extreme_pH_7_4_target__8_0_cha TM-score=0.9579  RMSD=0.94
  seed_122_arm_t2_pos_extreme_pH_7_4_target__8_0_cha TM-score=0.96431  RMSD=1.07
  seed_123_arm_t2_pos_extreme_pH_7_4_target__8_0_cha TM-score=0.95512  RMSD=0.88
  seed_124_arm_t2_pos_extreme_pH_7_4_target__8_0_cha TM-score=0.96034  RMSD=0.73
  seed_125_arm_t2_pos_extreme_pH_7_4_target__8_0_cha TM-score=0.96094  RMSD=0.79
  seed_126_arm_t2_pos_extreme_pH_7_4_target__8_0_cha TM-score=0.95165  RMSD=1.26
  seed_127_arm_t2_pos_extreme_pH_7_4_target__8_0_cha TM-score=0.96257  RMSD=0.74
  seed_128_arm_t2_pos_extreme_pH_7_4_target__8_0_cha TM-score=0.95764  RMSD=0.83
  seed_129_arm_t2_pos_extreme_pH_7_4_target__8_0_cha TM-score=0.96183  RMSD=0.59
  seed_130_arm_t2_pos_extreme_pH_7_4_target__8_0_cha TM-score=0.95336  RMSD=0.89
已写入 code/output/finetune_v5_validate/1UBQ/t2_pos_extreme//tm.csv
  1UBQ/t2_pos_extreme tm DONE
  seed_111_arm_t1_base_pH_7_4_target__8_0_charge__4_ TM-score=0.97921  RMSD=0.7
  seed_112_arm_t1_base_pH_7_4_target__8_0_charge__12 TM-score=0.98525  RMSD=0.59
  seed_113_arm_t1_base_pH_7_4_target__8_0_charge__11 TM-score=0.98755  RMSD=0.54
  seed_114_arm_t1_base_pH_7_4_target__8_0_charge__12 TM-score=0.9736  RMSD=0.82
  seed_115_arm_t1_base_pH_7_4_target__8_0_charge__5_ TM-score=0.94989  RMSD=1.12
  seed_116_arm_t1_base_pH_7_4_target__8_0_charge__10 TM-score=0.97501  RMSD=0.92
  seed_117_arm_t1_base_pH_7_4_target__8_0_charge__9_ TM-score=0.98044  RMSD=0.69
  seed_118_arm_t1_base_pH_7_4_target__8_0_charge__11 TM-score=0.97948  RMSD=0.7
  seed_119_arm_t1_base_pH_7_4_target__8_0_charge__3_ TM-score=0.97833  RMSD=0.74
  seed_120_arm_t1_base_pH_7_4_target__8_0_charge_-3_ TM-score=0.98371  RMSD=0.62
  seed_121_arm_t1_base_pH_7_4_target__8_0_charge__3_ TM-score=0.96255  RMSD=0.96
  seed_122_arm_t1_base_pH_7_4_target__8_0_charge__9_ TM-score=0.97728  RMSD=0.76
  seed_123_arm_t1_base_pH_7_4_target__8_0_charge__11 TM-score=0.96634  RMSD=0.94
  seed_124_arm_t1_base_pH_7_4_target__8_0_charge__7_ TM-score=0.94967  RMSD=1.15
  seed_125_arm_t1_base_pH_7_4_target__8_0_charge__9_ TM-score=0.98264  RMSD=0.67
  seed_126_arm_t1_base_pH_7_4_target__8_0_charge__9_ TM-score=0.9692  RMSD=0.87
  seed_127_arm_t1_base_pH_7_4_target__8_0_charge__4_ TM-score=0.92535  RMSD=1.4
  seed_128_arm_t1_base_pH_7_4_target__8_0_charge__10 TM-score=0.9821  RMSD=0.66
  seed_129_arm_t1_base_pH_7_4_target__8_0_charge__10 TM-score=0.98247  RMSD=0.67
  seed_130_arm_t1_base_pH_7_4_target__8_0_charge__6_ TM-score=0.9657  RMSD=0.92
已写入 code/output/finetune_v5_validate/2LZM/t1_base//tm.csv
  2LZM/t1_base tm DONE
  seed_111_arm_t1_cond_pH_7_4_target__8_0_charge__9_ TM-score=0.98301  RMSD=0.65
  seed_112_arm_t1_cond_pH_7_4_target__8_0_charge__11 TM-score=0.98152  RMSD=0.66
  seed_113_arm_t1_cond_pH_7_4_target__8_0_charge__4_ TM-score=0.98458  RMSD=0.6
  seed_114_arm_t1_cond_pH_7_4_target__8_0_charge__13 TM-score=0.94129  RMSD=1.23
  seed_115_arm_t1_cond_pH_7_4_target__8_0_charge__4_ TM-score=0.95696  RMSD=1.13
  seed_116_arm_t1_cond_pH_7_4_target__8_0_charge__6_ TM-score=0.97734  RMSD=0.74
  seed_117_arm_t1_cond_pH_7_4_target__8_0_charge__12 TM-score=0.98764  RMSD=0.54
  seed_118_arm_t1_cond_pH_7_4_target__8_0_charge__3_ TM-score=0.98224  RMSD=0.65
  seed_119_arm_t1_cond_pH_7_4_target__8_0_charge__0_ TM-score=0.98086  RMSD=0.68
  seed_120_arm_t1_cond_pH_7_4_target__8_0_charge__11 TM-score=0.98371  RMSD=0.63
  seed_121_arm_t1_cond_pH_7_4_target__8_0_charge__3_ TM-score=0.97633  RMSD=0.81
  seed_122_arm_t1_cond_pH_7_4_target__8_0_charge__5_ TM-score=0.9722  RMSD=0.81
  seed_123_arm_t1_cond_pH_7_4_target__8_0_charge__3_ TM-score=0.98506  RMSD=0.59
  seed_124_arm_t1_cond_pH_7_4_target__8_0_charge__3_ TM-score=0.95552  RMSD=1.09
  seed_125_arm_t1_cond_pH_7_4_target__8_0_charge__9_ TM-score=0.98764  RMSD=0.55
  seed_126_arm_t1_cond_pH_7_4_target__8_0_charge__10 TM-score=0.97992  RMSD=0.7
  seed_127_arm_t1_cond_pH_7_4_target__8_0_charge__1_ TM-score=0.97934  RMSD=0.79
  seed_128_arm_t1_cond_pH_7_4_target__8_0_charge__10 TM-score=0.93585  RMSD=1.28
  seed_129_arm_t1_cond_pH_7_4_target__8_0_charge__5_ TM-score=0.95102  RMSD=1.1
  seed_130_arm_t1_cond_pH_7_4_target__8_0_charge__3_ TM-score=0.97989  RMSD=0.69
已写入 code/output/finetune_v5_validate/2LZM/t1_cond//tm.csv
  2LZM/t1_cond tm DONE
  seed_111_arm_t2_neg_pH_7_4_target__3_0_charge__0_0 TM-score=0.97571  RMSD=0.77
  seed_112_arm_t2_neg_pH_7_4_target__3_0_charge__0_0 TM-score=0.92689  RMSD=1.37
  seed_113_arm_t2_neg_pH_7_4_target__3_0_charge_-3_9 TM-score=0.98139  RMSD=0.72
  seed_114_arm_t2_neg_pH_7_4_target__3_0_charge__6_0 TM-score=0.96173  RMSD=0.98
  seed_115_arm_t2_neg_pH_7_4_target__3_0_charge__0_0 TM-score=0.92644  RMSD=1.38
  seed_116_arm_t2_neg_pH_7_4_target__3_0_charge__2_0 TM-score=0.96203  RMSD=1.09
  seed_117_arm_t2_neg_pH_7_4_target__3_0_charge__3_0 TM-score=0.98628  RMSD=0.57
  seed_118_arm_t2_neg_pH_7_4_target__3_0_charge__3_0 TM-score=0.97569  RMSD=0.76
  seed_119_arm_t2_neg_pH_7_4_target__3_0_charge__0_9 TM-score=0.98181  RMSD=0.66
  seed_120_arm_t2_neg_pH_7_4_target__3_0_charge_-2_9 TM-score=0.98009  RMSD=0.7
  seed_121_arm_t2_neg_pH_7_4_target__3_0_charge__0_0 TM-score=0.92994  RMSD=1.37
  seed_122_arm_t2_neg_pH_7_4_target__3_0_charge_-3_0 TM-score=0.93576  RMSD=1.28
  seed_123_arm_t2_neg_pH_7_4_target__3_0_charge_-0_9 TM-score=0.96827  RMSD=1.12
  seed_124_arm_t2_neg_pH_7_4_target__3_0_charge__1_0 TM-score=0.97382  RMSD=0.8
  seed_125_arm_t2_neg_pH_7_4_target__3_0_charge_-1_9 TM-score=0.98296  RMSD=0.64
  seed_126_arm_t2_neg_pH_7_4_target__3_0_charge_-1_9 TM-score=0.97907  RMSD=0.71
  seed_127_arm_t2_neg_pH_7_4_target__3_0_charge_-3_9 TM-score=0.92573  RMSD=1.44
  seed_128_arm_t2_neg_pH_7_4_target__3_0_charge__2_9 TM-score=0.97356  RMSD=0.8
  seed_129_arm_t2_neg_pH_7_4_target__3_0_charge__6_0 TM-score=0.98996  RMSD=0.49
  seed_130_arm_t2_neg_pH_7_4_target__3_0_charge_-2_9 TM-score=0.98529  RMSD=0.59
已写入 code/output/finetune_v5_validate/2LZM/t2_neg//tm.csv
  2LZM/t2_neg tm DONE
  seed_111_arm_t2_ph_pH_7_4_target_均值占位_charge_-3_01 TM-score=0.96767  RMSD=0.88
  seed_112_arm_t2_ph_pH_7_4_target_均值占位_charge_-6_96 TM-score=0.92123  RMSD=1.43
  seed_113_arm_t2_ph_pH_7_4_target_均值占位_charge_-5_93 TM-score=0.96438  RMSD=0.97
  seed_114_arm_t2_ph_pH_7_4_target_均值占位_charge__2_07 TM-score=0.97325  RMSD=0.8
  seed_115_arm_t2_ph_pH_7_4_target_均值占位_charge_-4_96 TM-score=0.91506  RMSD=1.49
  seed_116_arm_t2_ph_pH_7_4_target_均值占位_charge__4_03 TM-score=0.96626  RMSD=0.95
  seed_117_arm_t2_ph_pH_7_4_target_均值占位_charge__2_03 TM-score=0.97681  RMSD=0.76
  seed_118_arm_t2_ph_pH_7_4_target_均值占位_charge_-2_97 TM-score=0.96733  RMSD=0.9
  seed_119_arm_t2_ph_pH_7_4_target_均值占位_charge_-6_00 TM-score=0.98127  RMSD=0.69
  seed_120_arm_t2_ph_pH_7_4_target_均值占位_charge_-0_97 TM-score=0.9759  RMSD=0.78
  seed_121_arm_t2_ph_pH_7_4_target_均值占位_charge_-3_97 TM-score=0.94609  RMSD=1.17
  seed_122_arm_t2_ph_pH_7_4_target_均值占位_charge_-5_01 TM-score=0.93152  RMSD=1.33
  seed_123_arm_t2_ph_pH_7_4_target_均值占位_charge_-3_97 TM-score=0.96776  RMSD=0.89
  seed_124_arm_t2_ph_pH_7_4_target_均值占位_charge_-0_97 TM-score=0.98045  RMSD=0.68
  seed_125_arm_t2_ph_pH_7_4_target_均值占位_charge_-7_97 TM-score=0.96876  RMSD=0.88
  seed_126_arm_t2_ph_pH_7_4_target_均值占位_charge_-5_89 TM-score=0.97192  RMSD=0.98
  seed_127_arm_t2_ph_pH_7_4_target_均值占位_charge_-7_98 TM-score=0.94768  RMSD=1.17
  seed_128_arm_t2_ph_pH_7_4_target_均值占位_charge_-4_01 TM-score=0.98446  RMSD=0.62
  seed_129_arm_t2_ph_pH_7_4_target_均值占位_charge__1_06 TM-score=0.98061  RMSD=0.68
  seed_130_arm_t2_ph_pH_7_4_target_均值占位_charge_-5_97 TM-score=0.97916  RMSD=0.7
已写入 code/output/finetune_v5_validate/2LZM/t2_ph//tm.csv
  2LZM/t2_ph tm DONE
  seed_111_arm_t2_pos_pH_7_4_target__11_0_charge__12 TM-score=0.96995  RMSD=1.06
  seed_112_arm_t2_pos_pH_7_4_target__11_0_charge__15 TM-score=0.98434  RMSD=0.61
  seed_113_arm_t2_pos_pH_7_4_target__11_0_charge__15 TM-score=0.97974  RMSD=0.69
  seed_114_arm_t2_pos_pH_7_4_target__11_0_charge__18 TM-score=0.95045  RMSD=1.11
  seed_115_arm_t2_pos_pH_7_4_target__11_0_charge__13 TM-score=0.97455  RMSD=0.79
  seed_116_arm_t2_pos_pH_7_4_target__11_0_charge__16 TM-score=0.98144  RMSD=0.79
  seed_117_arm_t2_pos_pH_7_4_target__11_0_charge__10 TM-score=0.98161  RMSD=0.67
  seed_118_arm_t2_pos_pH_7_4_target__11_0_charge__14 TM-score=0.97531  RMSD=0.87
  seed_119_arm_t2_pos_pH_7_4_target__11_0_charge__11 TM-score=0.91603  RMSD=1.49
  seed_120_arm_t2_pos_pH_7_4_target__11_0_charge__0_ TM-score=0.97949  RMSD=0.71
  seed_121_arm_t2_pos_pH_7_4_target__11_0_charge__6_ TM-score=0.97193  RMSD=0.82
  seed_122_arm_t2_pos_pH_7_4_target__11_0_charge__10 TM-score=0.98449  RMSD=0.62
  seed_123_arm_t2_pos_pH_7_4_target__11_0_charge__16 TM-score=0.98243  RMSD=0.65
  seed_124_arm_t2_pos_pH_7_4_target__11_0_charge__11 TM-score=0.97988  RMSD=0.69
  seed_125_arm_t2_pos_pH_7_4_target__11_0_charge__10 TM-score=0.98347  RMSD=0.62
  seed_126_arm_t2_pos_pH_7_4_target__11_0_charge__14 TM-score=0.97046  RMSD=0.85
  seed_127_arm_t2_pos_pH_7_4_target__11_0_charge__15 TM-score=0.92288  RMSD=1.43
  seed_128_arm_t2_pos_pH_7_4_target__11_0_charge__18 TM-score=0.96542  RMSD=1.01
  seed_129_arm_t2_pos_pH_7_4_target__11_0_charge__15 TM-score=0.98404  RMSD=0.63
  seed_130_arm_t2_pos_pH_7_4_target__11_0_charge__11 TM-score=0.98603  RMSD=0.57
已写入 code/output/finetune_v5_validate/2LZM/t2_pos//tm.csv
  2LZM/t2_pos tm DONE
  seed_111_arm_t2_pos_extreme_pH_7_4_target__16_0_ch TM-score=0.96581  RMSD=1.0
  seed_112_arm_t2_pos_extreme_pH_7_4_target__16_0_ch TM-score=0.96909  RMSD=0.96
  seed_113_arm_t2_pos_extreme_pH_7_4_target__16_0_ch TM-score=0.98525  RMSD=0.59
  seed_114_arm_t2_pos_extreme_pH_7_4_target__16_0_ch TM-score=0.93432  RMSD=1.34
  seed_115_arm_t2_pos_extreme_pH_7_4_target__16_0_ch TM-score=0.95373  RMSD=1.07
  seed_116_arm_t2_pos_extreme_pH_7_4_target__16_0_ch TM-score=0.97133  RMSD=1.07
  seed_117_arm_t2_pos_extreme_pH_7_4_target__16_0_ch TM-score=0.96411  RMSD=0.85
  seed_118_arm_t2_pos_extreme_pH_7_4_target__16_0_ch TM-score=0.97032  RMSD=0.94
  seed_119_arm_t2_pos_extreme_pH_7_4_target__16_0_ch TM-score=0.96316  RMSD=1.01
  seed_120_arm_t2_pos_extreme_pH_7_4_target__16_0_ch TM-score=0.97684  RMSD=0.75
  seed_121_arm_t2_pos_extreme_pH_7_4_target__16_0_ch TM-score=0.88319  RMSD=1.89
  seed_122_arm_t2_pos_extreme_pH_7_4_target__16_0_ch TM-score=0.98336  RMSD=0.63
  seed_123_arm_t2_pos_extreme_pH_7_4_target__16_0_ch TM-score=0.97884  RMSD=0.71
  seed_124_arm_t2_pos_extreme_pH_7_4_target__16_0_ch TM-score=0.97882  RMSD=0.71
  seed_125_arm_t2_pos_extreme_pH_7_4_target__16_0_ch TM-score=0.98214  RMSD=0.66
  seed_126_arm_t2_pos_extreme_pH_7_4_target__16_0_ch TM-score=0.98561  RMSD=0.58
  seed_127_arm_t2_pos_extreme_pH_7_4_target__16_0_ch TM-score=0.93831  RMSD=1.26
  seed_128_arm_t2_pos_extreme_pH_7_4_target__16_0_ch TM-score=0.9816  RMSD=0.67
  seed_129_arm_t2_pos_extreme_pH_7_4_target__16_0_ch TM-score=0.98694  RMSD=0.56
  seed_130_arm_t2_pos_extreme_pH_7_4_target__16_0_ch TM-score=0.98423  RMSD=0.63
已写入 code/output/finetune_v5_validate/2LZM/t2_pos_extreme//tm.csv
  2LZM/t2_pos_extreme tm DONE
=== [3/4] Protein-Sol %sol（系统 python3，递归 arm 目录）===

============================================================
Starting Protein-Sol Prediction Pipeline
Input: code/output/finetune_v5_validate/1b24A01/t1_base/seqs.fa
Working directory: /data/nfs/IC/baokun_yu/ConfuMPNN/protein_sol_mcp/scripts/protein-sol
============================================================

Step 1: Reformatting FASTA file...
Running fasta_seq_reformat_export.pl...
✓ fasta_seq_reformat_export.pl completed successfully
✓ Original file backed up to input.fasta_ORIGINAL

Step 2: Calculating sequence composition...
Running seq_compositions_perc_pipeline_export.pl...
✓ seq_compositions_perc_pipeline_export.pl completed successfully
✓ Composition data saved to seq_composition.txt

Step 3: Making solubility predictions...
Running server_prediction_seq_export.pl...
✓ server_prediction_seq_export.pl completed successfully
✓ Predictions generated

Step 4: Calculating sequence properties...
Running seq_props_ALL_export.pl...
✓ seq_props_ALL_export.pl completed successfully
✓ Sequence properties calculated

Step 5: Gathering profiles...
Running profiles_gather_export.pl...
✓ profiles_gather_export.pl completed successfully
✓ Profiles gathered

Step 6: Creating CSV output...
✓ CSV output saved to seqs.fa-protein_sol.csv

Step 7: Cleaning up intermediate files...
✓ Cleanup completed

============================================================
Prediction Results:
============================================================
ID                   percent-sol     scaled-sol      population-sol  pI        
--------------------------------------------------------------------------------
>seed_111            75.141          0.647           0.446           11.570    
>seed_112            76.639          0.661           0.446           10.950    
>seed_113            79.287          0.686           0.446           9.990     
>seed_114            77.081          0.665           0.446           10.130    
>seed_115            66.399          0.566           0.446           11.500    
>seed_116            77.081          0.665           0.446           10.710    
>seed_117            79.287          0.686           0.446           10.560    
>seed_118            66.399          0.566           0.446           10.950    
>seed_119            75.141          0.647           0.446           11.650    
>seed_120            77.081          0.665           0.446           10.350    
>seed_121            81.844          0.709           0.446           9.860     
>seed_122            75.141          0.647           0.446           10.880    
>seed_123            64.193          0.546           0.446           10.350    
>seed_124            79.564          0.688           0.446           10.890    
>seed_125            82.405          0.715           0.446           11.650    
>seed_126            77.081          0.665           0.446           10.140    
>seed_127            80.384          0.696           0.446           11.900    
>seed_128            73.045          0.628           0.446           10.350    
>seed_129            69.780          0.598           0.446           10.830    
>seed_130            77.081          0.665           0.446           10.300    

============================================================
Pipeline completed successfully!
============================================================

Output files in /data/nfs/IC/baokun_yu/ConfuMPNN/code/output/finetune_v5_validate/1b24A01/t1_base:
  - seqs.fa-protein_sol.csv              : CSV with ID, sequence, and metrics
  - seqs.fa-protein_sol_prediction.txt : Main prediction results
  - seqs.fa-protein_sol_composition.txt: Sequence composition data
  - seqs.fa-protein_sol.log        : Detailed execution log

  t1_base sol DONE

============================================================
Starting Protein-Sol Prediction Pipeline
Input: code/output/finetune_v5_validate/1b24A01/t1_cond/seqs.fa
Working directory: /data/nfs/IC/baokun_yu/ConfuMPNN/protein_sol_mcp/scripts/protein-sol
============================================================

Step 1: Reformatting FASTA file...
Running fasta_seq_reformat_export.pl...
✓ fasta_seq_reformat_export.pl completed successfully
✓ Original file backed up to input.fasta_ORIGINAL

Step 2: Calculating sequence composition...
Running seq_compositions_perc_pipeline_export.pl...
✓ seq_compositions_perc_pipeline_export.pl completed successfully
✓ Composition data saved to seq_composition.txt

Step 3: Making solubility predictions...
Running server_prediction_seq_export.pl...
✓ server_prediction_seq_export.pl completed successfully
✓ Predictions generated

Step 4: Calculating sequence properties...
Running seq_props_ALL_export.pl...
✓ seq_props_ALL_export.pl completed successfully
✓ Sequence properties calculated

Step 5: Gathering profiles...
Running profiles_gather_export.pl...
✓ profiles_gather_export.pl completed successfully
✓ Profiles gathered

Step 6: Creating CSV output...
✓ CSV output saved to seqs.fa-protein_sol.csv

Step 7: Cleaning up intermediate files...
✓ Cleanup completed

============================================================
Prediction Results:
============================================================
ID                   percent-sol     scaled-sol      population-sol  pI        
--------------------------------------------------------------------------------
>seed_111            76.639          0.661           0.446           11.230    
>seed_112            71.051          0.609           0.446           11.190    
>seed_113            55.501          0.466           0.446           9.770     
>seed_114            79.287          0.686           0.446           10.610    
>seed_115            79.412          0.687           0.446           11.750    
>seed_116            77.081          0.665           0.446           10.620    
>seed_117            71.051          0.609           0.446           12.180    
>seed_118            75.141          0.647           0.446           11.650    
>seed_119            77.081          0.665           0.446           10.060    
>seed_120            74.760          0.644           0.446           11.840    
>seed_121            58.057          0.489           0.446           9.470     
>seed_122            88.029          0.767           0.446           11.070    
>seed_123            68.287          0.584           0.446           10.990    
>seed_124            83.940          0.729           0.446           10.270    
>seed_125            91.613          0.800           0.446           10.430    
>seed_126            77.081          0.665           0.446           10.420    
>seed_127            79.287          0.686           0.446           10.210    
>seed_128            75.141          0.647           0.446           11.370    
>seed_129            79.626          0.689           0.446           11.100    
>seed_130            88.029          0.767           0.446           10.220    

============================================================
Pipeline completed successfully!
============================================================

Output files in /data/nfs/IC/baokun_yu/ConfuMPNN/code/output/finetune_v5_validate/1b24A01/t1_cond:
  - seqs.fa-protein_sol.csv              : CSV with ID, sequence, and metrics
  - seqs.fa-protein_sol_prediction.txt : Main prediction results
  - seqs.fa-protein_sol_composition.txt: Sequence composition data
  - seqs.fa-protein_sol.log        : Detailed execution log

  t1_cond sol DONE

============================================================
Starting Protein-Sol Prediction Pipeline
Input: code/output/finetune_v5_validate/1b24A01/t2_neg/seqs.fa
Working directory: /data/nfs/IC/baokun_yu/ConfuMPNN/protein_sol_mcp/scripts/protein-sol
============================================================

Step 1: Reformatting FASTA file...
Running fasta_seq_reformat_export.pl...
✓ fasta_seq_reformat_export.pl completed successfully
✓ Original file backed up to input.fasta_ORIGINAL

Step 2: Calculating sequence composition...
Running seq_compositions_perc_pipeline_export.pl...
✓ seq_compositions_perc_pipeline_export.pl completed successfully
✓ Composition data saved to seq_composition.txt

Step 3: Making solubility predictions...
Running server_prediction_seq_export.pl...
✓ server_prediction_seq_export.pl completed successfully
✓ Predictions generated

Step 4: Calculating sequence properties...
Running seq_props_ALL_export.pl...
✓ seq_props_ALL_export.pl completed successfully
✓ Sequence properties calculated

Step 5: Gathering profiles...
Running profiles_gather_export.pl...
✓ profiles_gather_export.pl completed successfully
✓ Profiles gathered

Step 6: Creating CSV output...
✓ CSV output saved to seqs.fa-protein_sol.csv

Step 7: Cleaning up intermediate files...
✓ Cleanup completed

============================================================
Prediction Results:
============================================================
ID                   percent-sol     scaled-sol      population-sol  pI        
--------------------------------------------------------------------------------
>seed_111            66.131          0.564           0.446           9.820     
>seed_112            55.501          0.466           0.446           10.010    
>seed_113            81.844          0.709           0.446           4.960     
>seed_114            69.798          0.598           0.446           5.000     
>seed_115            62.147          0.527           0.446           6.360     
>seed_116            77.081          0.665           0.446           10.150    
>seed_117            74.985          0.646           0.446           10.020    
>seed_118            53.405          0.446           0.446           5.880     
>seed_119            81.742          0.708           0.446           9.940     
>seed_120            66.293          0.565           0.446           9.290     
>seed_121            77.652          0.671           0.446           4.690     
>seed_122            61.931          0.525           0.446           5.350     
>seed_123            53.405          0.446           0.446           9.400     
>seed_124            77.131          0.666           0.446           9.690     
>seed_125            88.029          0.767           0.446           10.040    
>seed_126            68.853          0.589           0.446           4.880     
>seed_127            68.287          0.584           0.446           11.770    
>seed_128            69.830          0.598           0.446           9.820     
>seed_129            71.051          0.609           0.446           10.660    
>seed_130            66.183          0.564           0.446           5.760     

============================================================
Pipeline completed successfully!
============================================================

Output files in /data/nfs/IC/baokun_yu/ConfuMPNN/code/output/finetune_v5_validate/1b24A01/t2_neg:
  - seqs.fa-protein_sol.csv              : CSV with ID, sequence, and metrics
  - seqs.fa-protein_sol_prediction.txt : Main prediction results
  - seqs.fa-protein_sol_composition.txt: Sequence composition data
  - seqs.fa-protein_sol.log        : Detailed execution log

  t2_neg sol DONE

============================================================
Starting Protein-Sol Prediction Pipeline
Input: code/output/finetune_v5_validate/1b24A01/t2_ph/seqs.fa
Working directory: /data/nfs/IC/baokun_yu/ConfuMPNN/protein_sol_mcp/scripts/protein-sol
============================================================

Step 1: Reformatting FASTA file...
Running fasta_seq_reformat_export.pl...
✓ fasta_seq_reformat_export.pl completed successfully
✓ Original file backed up to input.fasta_ORIGINAL

Step 2: Calculating sequence composition...
Running seq_compositions_perc_pipeline_export.pl...
✓ seq_compositions_perc_pipeline_export.pl completed successfully
✓ Composition data saved to seq_composition.txt

Step 3: Making solubility predictions...
Running server_prediction_seq_export.pl...
✓ server_prediction_seq_export.pl completed successfully
✓ Predictions generated

Step 4: Calculating sequence properties...
Running seq_props_ALL_export.pl...
✓ seq_props_ALL_export.pl completed successfully
✓ Sequence properties calculated

Step 5: Gathering profiles...
Running profiles_gather_export.pl...
✓ profiles_gather_export.pl completed successfully
✓ Profiles gathered

Step 6: Creating CSV output...
✓ CSV output saved to seqs.fa-protein_sol.csv

Step 7: Cleaning up intermediate files...
✓ Cleanup completed

============================================================
Prediction Results:
============================================================
ID                   percent-sol     scaled-sol      population-sol  pI        
--------------------------------------------------------------------------------
>seed_111            68.389          0.585           0.446           4.900     
>seed_112            64.243          0.546           0.446           5.280     
>seed_113            88.871          0.774           0.446           4.660     
>seed_114            60.112          0.508           0.446           5.310     
>seed_115            77.029          0.665           0.446           4.460     
>seed_116            74.985          0.646           0.446           9.880     
>seed_117            66.293          0.565           0.446           9.330     
>seed_118            79.287          0.686           0.446           4.290     
>seed_119            73.494          0.632           0.446           5.220     
>seed_120            56.855          0.478           0.446           6.090     
>seed_121            83.940          0.729           0.446           4.350     
>seed_122            87.382          0.761           0.446           4.670     
>seed_123            68.853          0.589           0.446           5.090     
>seed_124            81.742          0.708           0.446           4.730     
>seed_125            79.287          0.686           0.446           10.010    
>seed_126            73.045          0.628           0.446           4.930     
>seed_127            79.287          0.686           0.446           11.080    
>seed_128            81.742          0.708           0.446           5.140     
>seed_129            67.157          0.573           0.446           4.660     
>seed_130            73.884          0.636           0.446           5.070     

============================================================
Pipeline completed successfully!
============================================================

Output files in /data/nfs/IC/baokun_yu/ConfuMPNN/code/output/finetune_v5_validate/1b24A01/t2_ph:
  - seqs.fa-protein_sol.csv              : CSV with ID, sequence, and metrics
  - seqs.fa-protein_sol_prediction.txt : Main prediction results
  - seqs.fa-protein_sol_composition.txt: Sequence composition data
  - seqs.fa-protein_sol.log        : Detailed execution log

  t2_ph sol DONE

============================================================
Starting Protein-Sol Prediction Pipeline
Input: code/output/finetune_v5_validate/1b24A01/t2_pos_extreme/seqs.fa
Working directory: /data/nfs/IC/baokun_yu/ConfuMPNN/protein_sol_mcp/scripts/protein-sol
============================================================

Step 1: Reformatting FASTA file...
Running fasta_seq_reformat_export.pl...
✓ fasta_seq_reformat_export.pl completed successfully
✓ Original file backed up to input.fasta_ORIGINAL

Step 2: Calculating sequence composition...
Running seq_compositions_perc_pipeline_export.pl...
✓ seq_compositions_perc_pipeline_export.pl completed successfully
✓ Composition data saved to seq_composition.txt

Step 3: Making solubility predictions...
Running server_prediction_seq_export.pl...
✓ server_prediction_seq_export.pl completed successfully
✓ Predictions generated

Step 4: Calculating sequence properties...
Running seq_props_ALL_export.pl...
✓ seq_props_ALL_export.pl completed successfully
✓ Sequence properties calculated

Step 5: Gathering profiles...
Running profiles_gather_export.pl...
✓ profiles_gather_export.pl completed successfully
✓ Profiles gathered

Step 6: Creating CSV output...
✓ CSV output saved to seqs.fa-protein_sol.csv

Step 7: Cleaning up intermediate files...
✓ Cleanup completed

============================================================
Prediction Results:
============================================================
ID                   percent-sol     scaled-sol      population-sol  pI        
--------------------------------------------------------------------------------
>seed_111            83.502          0.725           0.446           12.970    
>seed_112            88.029          0.767           0.446           11.430    
>seed_113            93.923          0.821           0.446           11.380    
>seed_114            96.390          0.844           0.446           11.110    
>seed_115            83.502          0.725           0.446           12.410    
>seed_116            88.664          0.773           0.446           11.860    
>seed_117            79.412          0.687           0.446           12.370    
>seed_118            87.648          0.763           0.446           11.140    
>seed_119            83.502          0.725           0.446           12.510    
>seed_120            85.442          0.743           0.446           11.690    
>seed_121            85.442          0.743           0.446           10.720    
>seed_122            84.004          0.729           0.446           11.370    
>seed_123            86.609          0.753           0.446           11.480    
>seed_124            96.390          0.844           0.446           11.440    
>seed_125            83.502          0.725           0.446           12.100    
>seed_126            77.629          0.670           0.446           10.880    
>seed_127            96.390          0.844           0.446           12.350    
>seed_128            75.141          0.647           0.446           11.630    
>seed_129            85.442          0.743           0.446           11.690    
>seed_130            85.442          0.743           0.446           10.850    

============================================================
Pipeline completed successfully!
============================================================

Output files in /data/nfs/IC/baokun_yu/ConfuMPNN/code/output/finetune_v5_validate/1b24A01/t2_pos_extreme:
  - seqs.fa-protein_sol.csv              : CSV with ID, sequence, and metrics
  - seqs.fa-protein_sol_prediction.txt : Main prediction results
  - seqs.fa-protein_sol_composition.txt: Sequence composition data
  - seqs.fa-protein_sol.log        : Detailed execution log

  t2_pos_extreme sol DONE

============================================================
Starting Protein-Sol Prediction Pipeline
Input: code/output/finetune_v5_validate/1b24A01/t2_pos/seqs.fa
Working directory: /data/nfs/IC/baokun_yu/ConfuMPNN/protein_sol_mcp/scripts/protein-sol
============================================================

Step 1: Reformatting FASTA file...
Running fasta_seq_reformat_export.pl...
✓ fasta_seq_reformat_export.pl completed successfully
✓ Original file backed up to input.fasta_ORIGINAL

Step 2: Calculating sequence composition...
Running seq_compositions_perc_pipeline_export.pl...
✓ seq_compositions_perc_pipeline_export.pl completed successfully
✓ Composition data saved to seq_composition.txt

Step 3: Making solubility predictions...
Running server_prediction_seq_export.pl...
✓ server_prediction_seq_export.pl completed successfully
✓ Predictions generated

Step 4: Calculating sequence properties...
Running seq_props_ALL_export.pl...
✓ seq_props_ALL_export.pl completed successfully
✓ Sequence properties calculated

Step 5: Gathering profiles...
Running profiles_gather_export.pl...
✓ profiles_gather_export.pl completed successfully
✓ Profiles gathered

Step 6: Creating CSV output...
✓ CSV output saved to seqs.fa-protein_sol.csv

Step 7: Cleaning up intermediate files...
✓ Cleanup completed

============================================================
Prediction Results:
============================================================
ID                   percent-sol     scaled-sol      population-sol  pI        
--------------------------------------------------------------------------------
>seed_111            83.502          0.725           0.446           12.220    
>seed_112            71.051          0.609           0.446           11.810    
>seed_113            88.029          0.767           0.446           11.070    
>seed_114            72.978          0.627           0.446           11.570    
>seed_115            74.760          0.644           0.446           12.200    
>seed_116            79.287          0.686           0.446           11.400    
>seed_117            83.502          0.725           0.446           12.460    
>seed_118            75.689          0.652           0.446           11.680    
>seed_119            75.141          0.647           0.446           11.830    
>seed_120            77.081          0.665           0.446           11.160    
>seed_121            79.287          0.686           0.446           10.300    
>seed_122            75.141          0.647           0.446           10.880    
>seed_123            64.193          0.546           0.446           11.340    
>seed_124            88.874          0.774           0.446           10.930    
>seed_125            83.502          0.725           0.446           11.930    
>seed_126            79.274          0.686           0.446           10.620    
>seed_127            91.730          0.801           0.446           12.460    
>seed_128            73.045          0.628           0.446           10.380    
>seed_129            81.805          0.709           0.446           11.400    
>seed_130            85.442          0.743           0.446           10.930    

============================================================
Pipeline completed successfully!
============================================================

Output files in /data/nfs/IC/baokun_yu/ConfuMPNN/code/output/finetune_v5_validate/1b24A01/t2_pos:
  - seqs.fa-protein_sol.csv              : CSV with ID, sequence, and metrics
  - seqs.fa-protein_sol_prediction.txt : Main prediction results
  - seqs.fa-protein_sol_composition.txt: Sequence composition data
  - seqs.fa-protein_sol.log        : Detailed execution log

  t2_pos sol DONE

============================================================
Starting Protein-Sol Prediction Pipeline
Input: code/output/finetune_v5_validate/1BC8/t1_base/seqs.fa
Working directory: /data/nfs/IC/baokun_yu/ConfuMPNN/protein_sol_mcp/scripts/protein-sol
============================================================

Step 1: Reformatting FASTA file...
Running fasta_seq_reformat_export.pl...
✓ fasta_seq_reformat_export.pl completed successfully
✓ Original file backed up to input.fasta_ORIGINAL

Step 2: Calculating sequence composition...
Running seq_compositions_perc_pipeline_export.pl...
✓ seq_compositions_perc_pipeline_export.pl completed successfully
✓ Composition data saved to seq_composition.txt

Step 3: Making solubility predictions...
Running server_prediction_seq_export.pl...
✓ server_prediction_seq_export.pl completed successfully
✓ Predictions generated

Step 4: Calculating sequence properties...
Running seq_props_ALL_export.pl...
✓ seq_props_ALL_export.pl completed successfully
✓ Sequence properties calculated

Step 5: Gathering profiles...
Running profiles_gather_export.pl...
✓ profiles_gather_export.pl completed successfully
✓ Profiles gathered

Step 6: Creating CSV output...
✓ CSV output saved to seqs.fa-protein_sol.csv

Step 7: Cleaning up intermediate files...
✓ Cleanup completed

============================================================
Prediction Results:
============================================================
ID                   percent-sol     scaled-sol      population-sol  pI        
--------------------------------------------------------------------------------
>seed_111            79.304          0.686           0.446           10.680    
>seed_112            56.827          0.478           0.446           9.460     
>seed_113            73.423          0.631           0.446           10.110    
>seed_114            60.110          0.508           0.446           10.520    
>seed_115            63.263          0.537           0.446           11.480    
>seed_116            70.943          0.608           0.446           10.110    
>seed_117            60.535          0.512           0.446           10.240    
>seed_118            85.442          0.743           0.446           10.810    
>seed_119            75.192          0.648           0.446           10.110    
>seed_120            70.943          0.608           0.446           10.560    
>seed_121            73.423          0.631           0.446           10.230    
>seed_122            79.304          0.686           0.446           10.970    
>seed_123            58.054          0.489           0.446           10.370    
>seed_124            73.423          0.631           0.446           10.250    
>seed_125            78.070          0.674           0.446           10.520    
>seed_126            81.784          0.709           0.446           10.310    
>seed_127            85.442          0.743           0.446           10.910    
>seed_128            70.943          0.608           0.446           10.150    
>seed_129            50.056          0.415           0.446           9.790     
>seed_130            66.415          0.567           0.446           10.980    

============================================================
Pipeline completed successfully!
============================================================

Output files in /data/nfs/IC/baokun_yu/ConfuMPNN/code/output/finetune_v5_validate/1BC8/t1_base:
  - seqs.fa-protein_sol.csv              : CSV with ID, sequence, and metrics
  - seqs.fa-protein_sol_prediction.txt : Main prediction results
  - seqs.fa-protein_sol_composition.txt: Sequence composition data
  - seqs.fa-protein_sol.log        : Detailed execution log

  t1_base sol DONE

============================================================
Starting Protein-Sol Prediction Pipeline
Input: code/output/finetune_v5_validate/1BC8/t1_cond/seqs.fa
Working directory: /data/nfs/IC/baokun_yu/ConfuMPNN/protein_sol_mcp/scripts/protein-sol
============================================================

Step 1: Reformatting FASTA file...
Running fasta_seq_reformat_export.pl...
✓ fasta_seq_reformat_export.pl completed successfully
✓ Original file backed up to input.fasta_ORIGINAL

Step 2: Calculating sequence composition...
Running seq_compositions_perc_pipeline_export.pl...
✓ seq_compositions_perc_pipeline_export.pl completed successfully
✓ Composition data saved to seq_composition.txt

Step 3: Making solubility predictions...
Running server_prediction_seq_export.pl...
✓ server_prediction_seq_export.pl completed successfully
✓ Predictions generated

Step 4: Calculating sequence properties...
Running seq_props_ALL_export.pl...
✓ seq_props_ALL_export.pl completed successfully
✓ Sequence properties calculated

Step 5: Gathering profiles...
Running profiles_gather_export.pl...
✓ profiles_gather_export.pl completed successfully
✓ Profiles gathered

Step 6: Creating CSV output...
✓ CSV output saved to seqs.fa-protein_sol.csv

Step 7: Cleaning up intermediate files...
✓ Cleanup completed

============================================================
Prediction Results:
============================================================
ID                   percent-sol     scaled-sol      population-sol  pI        
--------------------------------------------------------------------------------
>seed_111            77.081          0.665           0.446           10.620    
>seed_112            74.337          0.640           0.446           9.660     
>seed_113            81.784          0.709           0.446           10.470    
>seed_114            64.655          0.550           0.446           9.650     
>seed_115            66.552          0.568           0.446           10.530    
>seed_116            70.943          0.608           0.446           9.950     
>seed_117            65.975          0.562           0.446           11.480    
>seed_118            85.442          0.743           0.446           10.300    
>seed_119            79.304          0.686           0.446           9.940     
>seed_120            69.266          0.593           0.446           10.110    
>seed_121            60.464          0.511           0.446           9.590     
>seed_122            70.943          0.608           0.446           10.300    
>seed_123            79.304          0.686           0.446           10.250    
>seed_124            78.221          0.676           0.446           10.110    
>seed_125            73.958          0.636           0.446           10.040    
>seed_126            82.015          0.711           0.446           10.620    
>seed_127            81.784          0.709           0.446           10.360    
>seed_128            77.081          0.665           0.446           10.390    
>seed_129            79.304          0.686           0.446           10.330    
>seed_130            72.029          0.619           0.446           10.280    

============================================================
Pipeline completed successfully!
============================================================

Output files in /data/nfs/IC/baokun_yu/ConfuMPNN/code/output/finetune_v5_validate/1BC8/t1_cond:
  - seqs.fa-protein_sol.csv              : CSV with ID, sequence, and metrics
  - seqs.fa-protein_sol_prediction.txt : Main prediction results
  - seqs.fa-protein_sol_composition.txt: Sequence composition data
  - seqs.fa-protein_sol.log        : Detailed execution log

  t1_cond sol DONE

============================================================
Starting Protein-Sol Prediction Pipeline
Input: code/output/finetune_v5_validate/1BC8/t2_neg/seqs.fa
Working directory: /data/nfs/IC/baokun_yu/ConfuMPNN/protein_sol_mcp/scripts/protein-sol
============================================================

Step 1: Reformatting FASTA file...
Running fasta_seq_reformat_export.pl...
✓ fasta_seq_reformat_export.pl completed successfully
✓ Original file backed up to input.fasta_ORIGINAL

Step 2: Calculating sequence composition...
Running seq_compositions_perc_pipeline_export.pl...
✓ seq_compositions_perc_pipeline_export.pl completed successfully
✓ Composition data saved to seq_composition.txt

Step 3: Making solubility predictions...
Running server_prediction_seq_export.pl...
✓ server_prediction_seq_export.pl completed successfully
✓ Predictions generated

Step 4: Calculating sequence properties...
Running seq_props_ALL_export.pl...
✓ seq_props_ALL_export.pl completed successfully
✓ Sequence properties calculated

Step 5: Gathering profiles...
Running profiles_gather_export.pl...
✓ profiles_gather_export.pl completed successfully
✓ Profiles gathered

Step 6: Creating CSV output...
✓ CSV output saved to seqs.fa-protein_sol.csv

Step 7: Cleaning up intermediate files...
✓ Cleanup completed

============================================================
Prediction Results:
============================================================
ID                   percent-sol     scaled-sol      population-sol  pI        
--------------------------------------------------------------------------------
>seed_111            77.522          0.669           0.446           10.550    
>seed_112            50.543          0.420           0.446           5.370     
>seed_113            57.949          0.488           0.446           9.280     
>seed_114            57.949          0.488           0.446           6.370     
>seed_115            58.054          0.489           0.446           10.770    
>seed_116            73.273          0.630           0.446           9.920     
>seed_117            64.087          0.545           0.446           7.080     
>seed_118            85.442          0.743           0.446           10.540    
>seed_119            57.949          0.488           0.446           9.060     
>seed_120            64.087          0.545           0.446           9.160     
>seed_121            75.404          0.650           0.446           4.300     
>seed_122            64.655          0.550           0.446           9.760     
>seed_123            49.324          0.408           0.446           9.550     
>seed_124            75.877          0.654           0.446           10.190    
>seed_125            70.943          0.608           0.446           10.060    
>seed_126            57.949          0.488           0.446           7.120     
>seed_127            79.317          0.686           0.446           10.510    
>seed_128            70.943          0.608           0.446           10.010    
>seed_129            53.714          0.449           0.446           4.860     
>seed_130            46.809          0.385           0.446           5.890     

============================================================
Pipeline completed successfully!
============================================================

Output files in /data/nfs/IC/baokun_yu/ConfuMPNN/code/output/finetune_v5_validate/1BC8/t2_neg:
  - seqs.fa-protein_sol.csv              : CSV with ID, sequence, and metrics
  - seqs.fa-protein_sol_prediction.txt : Main prediction results
  - seqs.fa-protein_sol_composition.txt: Sequence composition data
  - seqs.fa-protein_sol.log        : Detailed execution log

  t2_neg sol DONE

============================================================
Starting Protein-Sol Prediction Pipeline
Input: code/output/finetune_v5_validate/1BC8/t2_ph/seqs.fa
Working directory: /data/nfs/IC/baokun_yu/ConfuMPNN/protein_sol_mcp/scripts/protein-sol
============================================================

Step 1: Reformatting FASTA file...
Running fasta_seq_reformat_export.pl...
✓ fasta_seq_reformat_export.pl completed successfully
✓ Original file backed up to input.fasta_ORIGINAL

Step 2: Calculating sequence composition...
Running seq_compositions_perc_pipeline_export.pl...
✓ seq_compositions_perc_pipeline_export.pl completed successfully
✓ Composition data saved to seq_composition.txt

Step 3: Making solubility predictions...
Running server_prediction_seq_export.pl...
✓ server_prediction_seq_export.pl completed successfully
✓ Predictions generated

Step 4: Calculating sequence properties...
Running seq_props_ALL_export.pl...
✓ seq_props_ALL_export.pl completed successfully
✓ Sequence properties calculated

Step 5: Gathering profiles...
Running profiles_gather_export.pl...
✓ profiles_gather_export.pl completed successfully
✓ Profiles gathered

Step 6: Creating CSV output...
✓ CSV output saved to seqs.fa-protein_sol.csv

Step 7: Cleaning up intermediate files...
✓ Cleanup completed

============================================================
Prediction Results:
============================================================
ID                   percent-sol     scaled-sol      population-sol  pI        
--------------------------------------------------------------------------------
>seed_111            57.949          0.488           0.446           7.730     
>seed_112            51.767          0.431           0.446           4.590     
>seed_113            56.827          0.478           0.446           5.270     
>seed_114            67.306          0.575           0.446           4.630     
>seed_115            57.949          0.488           0.446           7.220     
>seed_116            57.949          0.488           0.446           9.080     
>seed_117            55.462          0.465           0.446           4.780     
>seed_118            67.576          0.577           0.446           5.340     
>seed_119            69.266          0.593           0.446           4.390     
>seed_120            57.949          0.488           0.446           7.670     
>seed_121            66.018          0.563           0.446           3.940     
>seed_122            57.949          0.488           0.446           9.100     
>seed_123            69.787          0.598           0.446           4.460     
>seed_124            59.930          0.507           0.446           5.390     
>seed_125            57.949          0.488           0.446           5.260     
>seed_126            60.464          0.511           0.446           4.730     
>seed_127            60.429          0.511           0.446           5.320     
>seed_128            57.949          0.488           0.446           7.060     
>seed_129            64.193          0.546           0.446           4.020     
>seed_130            57.949          0.488           0.446           7.690     

============================================================
Pipeline completed successfully!
============================================================

Output files in /data/nfs/IC/baokun_yu/ConfuMPNN/code/output/finetune_v5_validate/1BC8/t2_ph:
  - seqs.fa-protein_sol.csv              : CSV with ID, sequence, and metrics
  - seqs.fa-protein_sol_prediction.txt : Main prediction results
  - seqs.fa-protein_sol_composition.txt: Sequence composition data
  - seqs.fa-protein_sol.log        : Detailed execution log

  t2_ph sol DONE

============================================================
Starting Protein-Sol Prediction Pipeline
Input: code/output/finetune_v5_validate/1BC8/t2_pos_extreme/seqs.fa
Working directory: /data/nfs/IC/baokun_yu/ConfuMPNN/protein_sol_mcp/scripts/protein-sol
============================================================

Step 1: Reformatting FASTA file...
Running fasta_seq_reformat_export.pl...
✓ fasta_seq_reformat_export.pl completed successfully
✓ Original file backed up to input.fasta_ORIGINAL

Step 2: Calculating sequence composition...
Running seq_compositions_perc_pipeline_export.pl...
✓ seq_compositions_perc_pipeline_export.pl completed successfully
✓ Composition data saved to seq_composition.txt

Step 3: Making solubility predictions...
Running server_prediction_seq_export.pl...
✓ server_prediction_seq_export.pl completed successfully
✓ Predictions generated

Step 4: Calculating sequence properties...
Running seq_props_ALL_export.pl...
✓ seq_props_ALL_export.pl completed successfully
✓ Sequence properties calculated

Step 5: Gathering profiles...
Running profiles_gather_export.pl...
✓ profiles_gather_export.pl completed successfully
✓ Profiles gathered

Step 6: Creating CSV output...
✓ CSV output saved to seqs.fa-protein_sol.csv

Step 7: Cleaning up intermediate files...
✓ Cleanup completed

============================================================
Prediction Results:
============================================================
ID                   percent-sol     scaled-sol      population-sol  pI        
--------------------------------------------------------------------------------
>seed_111            79.304          0.686           0.446           11.240    
>seed_112            81.784          0.709           0.446           10.750    
>seed_113            81.784          0.709           0.446           10.680    
>seed_114            66.415          0.567           0.446           11.490    
>seed_115            58.501          0.493           0.446           11.630    
>seed_116            79.304          0.686           0.446           10.950    
>seed_117            85.442          0.743           0.446           10.620    
>seed_118            85.442          0.743           0.446           11.550    
>seed_119            79.304          0.686           0.446           11.000    
>seed_120            80.712          0.699           0.446           11.640    
>seed_121            81.784          0.709           0.446           10.690    
>seed_122            79.304          0.686           0.446           10.750    
>seed_123            83.193          0.722           0.446           10.820    
>seed_124            83.193          0.722           0.446           11.520    
>seed_125            85.453          0.743           0.446           11.430    
>seed_126            79.304          0.686           0.446           10.660    
>seed_127            85.442          0.743           0.446           11.230    
>seed_128            80.712          0.699           0.446           10.880    
>seed_129            78.703          0.680           0.446           11.860    
>seed_130            75.667          0.652           0.446           11.410    

============================================================
Pipeline completed successfully!
============================================================

Output files in /data/nfs/IC/baokun_yu/ConfuMPNN/code/output/finetune_v5_validate/1BC8/t2_pos_extreme:
  - seqs.fa-protein_sol.csv              : CSV with ID, sequence, and metrics
  - seqs.fa-protein_sol_prediction.txt : Main prediction results
  - seqs.fa-protein_sol_composition.txt: Sequence composition data
  - seqs.fa-protein_sol.log        : Detailed execution log

  t2_pos_extreme sol DONE

============================================================
Starting Protein-Sol Prediction Pipeline
Input: code/output/finetune_v5_validate/1BC8/t2_pos/seqs.fa
Working directory: /data/nfs/IC/baokun_yu/ConfuMPNN/protein_sol_mcp/scripts/protein-sol
============================================================

Step 1: Reformatting FASTA file...
Running fasta_seq_reformat_export.pl...
✓ fasta_seq_reformat_export.pl completed successfully
✓ Original file backed up to input.fasta_ORIGINAL

Step 2: Calculating sequence composition...
Running seq_compositions_perc_pipeline_export.pl...
✓ seq_compositions_perc_pipeline_export.pl completed successfully
✓ Composition data saved to seq_composition.txt

Step 3: Making solubility predictions...
Running server_prediction_seq_export.pl...
✓ server_prediction_seq_export.pl completed successfully
✓ Predictions generated

Step 4: Calculating sequence properties...
Running seq_props_ALL_export.pl...
✓ seq_props_ALL_export.pl completed successfully
✓ Sequence properties calculated

Step 5: Gathering profiles...
Running profiles_gather_export.pl...
✓ profiles_gather_export.pl completed successfully
✓ Profiles gathered

Step 6: Creating CSV output...
✓ CSV output saved to seqs.fa-protein_sol.csv

Step 7: Cleaning up intermediate files...
✓ Cleanup completed

============================================================
Prediction Results:
============================================================
ID                   percent-sol     scaled-sol      population-sol  pI        
--------------------------------------------------------------------------------
>seed_111            79.304          0.686           0.446           11.130    
>seed_112            78.070          0.674           0.446           10.010    
>seed_113            79.317          0.686           0.446           10.350    
>seed_114            62.270          0.528           0.446           10.230    
>seed_115            64.193          0.546           0.446           11.680    
>seed_116            79.304          0.686           0.446           10.830    
>seed_117            81.236          0.704           0.446           10.370    
>seed_118            85.442          0.743           0.446           10.880    
>seed_119            79.304          0.686           0.446           10.760    
>seed_120            77.248          0.667           0.446           10.870    
>seed_121            76.850          0.663           0.446           10.500    
>seed_122            75.667          0.652           0.446           11.000    
>seed_123            85.442          0.743           0.446           10.820    
>seed_124            83.193          0.722           0.446           10.530    
>seed_125            80.712          0.699           0.446           10.970    
>seed_126            79.304          0.686           0.446           10.350    
>seed_127            81.784          0.709           0.446           11.370    
>seed_128            70.943          0.608           0.446           10.500    
>seed_129            71.731          0.616           0.446           11.260    
>seed_130            66.415          0.567           0.446           11.190    

============================================================
Pipeline completed successfully!
============================================================

Output files in /data/nfs/IC/baokun_yu/ConfuMPNN/code/output/finetune_v5_validate/1BC8/t2_pos:
  - seqs.fa-protein_sol.csv              : CSV with ID, sequence, and metrics
  - seqs.fa-protein_sol_prediction.txt : Main prediction results
  - seqs.fa-protein_sol_composition.txt: Sequence composition data
  - seqs.fa-protein_sol.log        : Detailed execution log

  t2_pos sol DONE

============================================================
Starting Protein-Sol Prediction Pipeline
Input: code/output/finetune_v5_validate/1CRN/t1_base/seqs.fa
Working directory: /data/nfs/IC/baokun_yu/ConfuMPNN/protein_sol_mcp/scripts/protein-sol
============================================================

Step 1: Reformatting FASTA file...
Running fasta_seq_reformat_export.pl...
✓ fasta_seq_reformat_export.pl completed successfully
✓ Original file backed up to input.fasta_ORIGINAL

Step 2: Calculating sequence composition...
Running seq_compositions_perc_pipeline_export.pl...
✓ seq_compositions_perc_pipeline_export.pl completed successfully
✓ Composition data saved to seq_composition.txt

Step 3: Making solubility predictions...
Running server_prediction_seq_export.pl...
✓ server_prediction_seq_export.pl completed successfully
✓ Predictions generated

Step 4: Calculating sequence properties...
Running seq_props_ALL_export.pl...
✓ seq_props_ALL_export.pl completed successfully
✓ Sequence properties calculated

Step 5: Gathering profiles...
Running profiles_gather_export.pl...
✓ profiles_gather_export.pl completed successfully
✓ Profiles gathered

Step 6: Creating CSV output...
✓ CSV output saved to seqs.fa-protein_sol.csv

Step 7: Cleaning up intermediate files...
✓ Cleanup completed

============================================================
Prediction Results:
============================================================
ID                   percent-sol     scaled-sol      population-sol  pI        
--------------------------------------------------------------------------------
>seed_111            66.428          0.567           0.446           4.900     
>seed_112            64.750          0.551           0.446           4.900     
>seed_113            79.831          0.691           0.446           5.000     
>seed_114            85.588          0.744           0.446           4.090     
>seed_115            90.464          0.789           0.446           4.150     
>seed_116            86.440          0.752           0.446           4.090     
>seed_117            85.950          0.747           0.446           4.020     
>seed_118            99.309          0.871           0.446           4.330     
>seed_119            77.638          0.670           0.446           4.900     
>seed_120            73.876          0.636           0.446           4.390     
>seed_121            92.120          0.804           0.446           5.130     
>seed_122            77.638          0.670           0.446           5.000     
>seed_123            77.638          0.670           0.446           4.900     
>seed_124            94.617          0.828           0.446           4.730     
>seed_125            88.203          0.768           0.446           4.390     
>seed_126            79.386          0.687           0.446           4.590     
>seed_127            77.991          0.674           0.446           7.270     
>seed_128            64.750          0.551           0.446           4.730     
>seed_129            82.920          0.719           0.446           4.500     
>seed_130            75.123          0.647           0.446           7.150     

============================================================
Pipeline completed successfully!
============================================================

Output files in /data/nfs/IC/baokun_yu/ConfuMPNN/code/output/finetune_v5_validate/1CRN/t1_base:
  - seqs.fa-protein_sol.csv              : CSV with ID, sequence, and metrics
  - seqs.fa-protein_sol_prediction.txt : Main prediction results
  - seqs.fa-protein_sol_composition.txt: Sequence composition data
  - seqs.fa-protein_sol.log        : Detailed execution log

  t1_base sol DONE

============================================================
Starting Protein-Sol Prediction Pipeline
Input: code/output/finetune_v5_validate/1CRN/t1_cond/seqs.fa
Working directory: /data/nfs/IC/baokun_yu/ConfuMPNN/protein_sol_mcp/scripts/protein-sol
============================================================

Step 1: Reformatting FASTA file...
Running fasta_seq_reformat_export.pl...
✓ fasta_seq_reformat_export.pl completed successfully
✓ Original file backed up to input.fasta_ORIGINAL

Step 2: Calculating sequence composition...
Running seq_compositions_perc_pipeline_export.pl...
✓ seq_compositions_perc_pipeline_export.pl completed successfully
✓ Composition data saved to seq_composition.txt

Step 3: Making solubility predictions...
Running server_prediction_seq_export.pl...
✓ server_prediction_seq_export.pl completed successfully
✓ Predictions generated

Step 4: Calculating sequence properties...
Running seq_props_ALL_export.pl...
✓ seq_props_ALL_export.pl completed successfully
✓ Sequence properties calculated

Step 5: Gathering profiles...
Running profiles_gather_export.pl...
✓ profiles_gather_export.pl completed successfully
✓ Profiles gathered

Step 6: Creating CSV output...
✓ CSV output saved to seqs.fa-protein_sol.csv

Step 7: Cleaning up intermediate files...
✓ Cleanup completed

============================================================
Prediction Results:
============================================================
ID                   percent-sol     scaled-sol      population-sol  pI        
--------------------------------------------------------------------------------
>seed_111            80.105          0.693           0.446           9.630     
>seed_112            66.428          0.567           0.446           4.900     
>seed_113            77.638          0.670           0.446           9.630     
>seed_114            75.231          0.648           0.446           4.590     
>seed_115            73.552          0.633           0.446           4.300     
>seed_116            84.804          0.737           0.446           1.000     
>seed_117            75.123          0.647           0.446           7.280     
>seed_118            77.638          0.670           0.446           5.000     
>seed_119            75.123          0.647           0.446           7.240     
>seed_120            77.638          0.670           0.446           9.630     
>seed_121            75.123          0.647           0.446           7.240     
>seed_122            74.002          0.637           0.446           4.600     
>seed_123            88.117          0.767           0.446           3.770     
>seed_124            77.638          0.670           0.446           9.510     
>seed_125            77.638          0.670           0.446           4.900     
>seed_126            102.804         0.903           0.446           4.530     
>seed_127            95.930          0.840           0.446           10.320    
>seed_128            61.828          0.524           0.446           7.320     
>seed_129            86.440          0.752           0.446           10.090    
>seed_130            67.979          0.581           0.446           9.460     

============================================================
Pipeline completed successfully!
============================================================

Output files in /data/nfs/IC/baokun_yu/ConfuMPNN/code/output/finetune_v5_validate/1CRN/t1_cond:
  - seqs.fa-protein_sol.csv              : CSV with ID, sequence, and metrics
  - seqs.fa-protein_sol_prediction.txt : Main prediction results
  - seqs.fa-protein_sol_composition.txt: Sequence composition data
  - seqs.fa-protein_sol.log        : Detailed execution log

  t1_cond sol DONE

============================================================
Starting Protein-Sol Prediction Pipeline
Input: code/output/finetune_v5_validate/1CRN/t2_neg/seqs.fa
Working directory: /data/nfs/IC/baokun_yu/ConfuMPNN/protein_sol_mcp/scripts/protein-sol
============================================================

Step 1: Reformatting FASTA file...
Running fasta_seq_reformat_export.pl...
✓ fasta_seq_reformat_export.pl completed successfully
✓ Original file backed up to input.fasta_ORIGINAL

Step 2: Calculating sequence composition...
Running seq_compositions_perc_pipeline_export.pl...
✓ seq_compositions_perc_pipeline_export.pl completed successfully
✓ Composition data saved to seq_composition.txt

Step 3: Making solubility predictions...
Running server_prediction_seq_export.pl...
✓ server_prediction_seq_export.pl completed successfully
✓ Predictions generated

Step 4: Calculating sequence properties...
Running seq_props_ALL_export.pl...
✓ seq_props_ALL_export.pl completed successfully
✓ Sequence properties calculated

Step 5: Gathering profiles...
Running profiles_gather_export.pl...
✓ profiles_gather_export.pl completed successfully
✓ Profiles gathered

Step 6: Creating CSV output...
✓ CSV output saved to seqs.fa-protein_sol.csv

Step 7: Cleaning up intermediate files...
✓ Cleanup completed

============================================================
Prediction Results:
============================================================
ID                   percent-sol     scaled-sol      population-sol  pI        
--------------------------------------------------------------------------------
>seed_111            88.117          0.767           0.446           3.900     
>seed_112            93.891          0.821           0.446           4.210     
>seed_113            95.570          0.836           0.446           3.540     
>seed_114            91.972          0.803           0.446           1.000     
>seed_115            95.570          0.836           0.446           3.340     
>seed_116            102.519         0.901           0.446           3.590     
>seed_117            97.121          0.851           0.446           3.480     
>seed_118            106.779         0.940           0.446           3.820     
>seed_119            106.779         0.940           0.446           3.500     
>seed_120            95.570          0.836           0.446           3.540     
>seed_121            106.779         0.940           0.446           3.540     
>seed_122            106.779         0.940           0.446           3.710     
>seed_123            104.723         0.921           0.446           4.000     
>seed_124            106.779         0.940           0.446           4.170     
>seed_125            106.368         0.936           0.446           3.590     
>seed_126            97.121          0.851           0.446           3.480     
>seed_127            104.347         0.918           0.446           4.390     
>seed_128            84.399          0.733           0.446           3.660     
>seed_129            95.570          0.836           0.446           3.350     
>seed_130            106.779         0.940           0.446           4.000     

============================================================
Pipeline completed successfully!
============================================================

Output files in /data/nfs/IC/baokun_yu/ConfuMPNN/code/output/finetune_v5_validate/1CRN/t2_neg:
  - seqs.fa-protein_sol.csv              : CSV with ID, sequence, and metrics
  - seqs.fa-protein_sol_prediction.txt : Main prediction results
  - seqs.fa-protein_sol_composition.txt: Sequence composition data
  - seqs.fa-protein_sol.log        : Detailed execution log

  t2_neg sol DONE

============================================================
Starting Protein-Sol Prediction Pipeline
Input: code/output/finetune_v5_validate/1CRN/t2_ph/seqs.fa
Working directory: /data/nfs/IC/baokun_yu/ConfuMPNN/protein_sol_mcp/scripts/protein-sol
============================================================

Step 1: Reformatting FASTA file...
Running fasta_seq_reformat_export.pl...
✓ fasta_seq_reformat_export.pl completed successfully
✓ Original file backed up to input.fasta_ORIGINAL

Step 2: Calculating sequence composition...
Running seq_compositions_perc_pipeline_export.pl...
✓ seq_compositions_perc_pipeline_export.pl completed successfully
✓ Composition data saved to seq_composition.txt

Step 3: Making solubility predictions...
Running server_prediction_seq_export.pl...
✓ server_prediction_seq_export.pl completed successfully
✓ Predictions generated

Step 4: Calculating sequence properties...
Running seq_props_ALL_export.pl...
✓ seq_props_ALL_export.pl completed successfully
✓ Sequence properties calculated

Step 5: Gathering profiles...
Running profiles_gather_export.pl...
✓ profiles_gather_export.pl completed successfully
✓ Profiles gathered

Step 6: Creating CSV output...
✓ CSV output saved to seqs.fa-protein_sol.csv

Step 7: Cleaning up intermediate files...
✓ Cleanup completed

============================================================
Prediction Results:
============================================================
ID                   percent-sol     scaled-sol      population-sol  pI        
--------------------------------------------------------------------------------
>seed_111            71.487          0.614           0.446           7.250     
>seed_112            62.235          0.528           0.446           7.250     
>seed_113            76.743          0.662           0.446           5.000     
>seed_114            85.588          0.744           0.446           4.390     
>seed_115            62.235          0.528           0.446           7.390     
>seed_116            75.123          0.647           0.446           6.980     
>seed_117            84.984          0.738           0.446           4.270     
>seed_118            76.782          0.663           0.446           4.500     
>seed_119            77.638          0.670           0.446           4.900     
>seed_120            62.558          0.531           0.446           7.410     
>seed_121            80.653          0.698           0.446           5.000     
>seed_122            77.638          0.670           0.446           5.000     
>seed_123            75.123          0.647           0.446           7.220     
>seed_124            105.103         0.925           0.446           4.780     
>seed_125            64.750          0.551           0.446           9.850     
>seed_126            90.964          0.794           0.446           4.590     
>seed_127            89.308          0.778           0.446           9.920     
>seed_128            66.428          0.567           0.446           9.650     
>seed_129            79.649          0.689           0.446           4.500     
>seed_130            65.464          0.558           0.446           7.110     

============================================================
Pipeline completed successfully!
============================================================

Output files in /data/nfs/IC/baokun_yu/ConfuMPNN/code/output/finetune_v5_validate/1CRN/t2_ph:
  - seqs.fa-protein_sol.csv              : CSV with ID, sequence, and metrics
  - seqs.fa-protein_sol_prediction.txt : Main prediction results
  - seqs.fa-protein_sol_composition.txt: Sequence composition data
  - seqs.fa-protein_sol.log        : Detailed execution log

  t2_ph sol DONE

============================================================
Starting Protein-Sol Prediction Pipeline
Input: code/output/finetune_v5_validate/1CRN/t2_pos_extreme/seqs.fa
Working directory: /data/nfs/IC/baokun_yu/ConfuMPNN/protein_sol_mcp/scripts/protein-sol
============================================================

Step 1: Reformatting FASTA file...
Running fasta_seq_reformat_export.pl...
✓ fasta_seq_reformat_export.pl completed successfully
✓ Original file backed up to input.fasta_ORIGINAL

Step 2: Calculating sequence composition...
Running seq_compositions_perc_pipeline_export.pl...
✓ seq_compositions_perc_pipeline_export.pl completed successfully
✓ Composition data saved to seq_composition.txt

Step 3: Making solubility predictions...
Running server_prediction_seq_export.pl...
✓ server_prediction_seq_export.pl completed successfully
✓ Predictions generated

Step 4: Calculating sequence properties...
Running seq_props_ALL_export.pl...
✓ seq_props_ALL_export.pl completed successfully
✓ Sequence properties calculated

Step 5: Gathering profiles...
Running profiles_gather_export.pl...
✓ profiles_gather_export.pl completed successfully
✓ Profiles gathered

Step 6: Creating CSV output...
✓ CSV output saved to seqs.fa-protein_sol.csv

Step 7: Cleaning up intermediate files...
✓ Cleanup completed

============================================================
Prediction Results:
============================================================
ID                   percent-sol     scaled-sol      population-sol  pI        
--------------------------------------------------------------------------------
>seed_111            77.638          0.670           0.446           9.520     
>seed_112            96.478          0.845           0.446           10.960    
>seed_113            96.478          0.845           0.446           10.190    
>seed_114            73.552          0.633           0.446           10.530    
>seed_115            75.229          0.648           0.446           11.330    
>seed_116            78.107          0.675           0.446           11.720    
>seed_117            73.931          0.636           0.446           10.680    
>seed_118            76.782          0.663           0.446           9.720     
>seed_119            86.819          0.755           0.446           10.370    
>seed_120            77.231          0.667           0.446           12.040    
>seed_121            96.478          0.845           0.446           10.220    
>seed_122            88.117          0.767           0.446           10.680    
>seed_123            85.268          0.741           0.446           11.240    
>seed_124            91.101          0.795           0.446           9.880     
>seed_125            96.478          0.845           0.446           11.620    
>seed_126            96.478          0.845           0.446           10.560    
>seed_127            86.457          0.752           0.446           11.900    
>seed_128            75.229          0.648           0.446           11.130    
>seed_129            80.305          0.695           0.446           10.340    
>seed_130            86.819          0.755           0.446           9.940     

============================================================
Pipeline completed successfully!
============================================================

Output files in /data/nfs/IC/baokun_yu/ConfuMPNN/code/output/finetune_v5_validate/1CRN/t2_pos_extreme:
  - seqs.fa-protein_sol.csv              : CSV with ID, sequence, and metrics
  - seqs.fa-protein_sol_prediction.txt : Main prediction results
  - seqs.fa-protein_sol_composition.txt: Sequence composition data
  - seqs.fa-protein_sol.log        : Detailed execution log

  t2_pos_extreme sol DONE

============================================================
Starting Protein-Sol Prediction Pipeline
Input: code/output/finetune_v5_validate/1CRN/t2_pos/seqs.fa
Working directory: /data/nfs/IC/baokun_yu/ConfuMPNN/protein_sol_mcp/scripts/protein-sol
============================================================

Step 1: Reformatting FASTA file...
Running fasta_seq_reformat_export.pl...
✓ fasta_seq_reformat_export.pl completed successfully
✓ Original file backed up to input.fasta_ORIGINAL

Step 2: Calculating sequence composition...
Running seq_compositions_perc_pipeline_export.pl...
✓ seq_compositions_perc_pipeline_export.pl completed successfully
✓ Composition data saved to seq_composition.txt

Step 3: Making solubility predictions...
Running server_prediction_seq_export.pl...
✓ server_prediction_seq_export.pl completed successfully
✓ Predictions generated

Step 4: Calculating sequence properties...
Running seq_props_ALL_export.pl...
✓ seq_props_ALL_export.pl completed successfully
✓ Sequence properties calculated

Step 5: Gathering profiles...
Running profiles_gather_export.pl...
✓ profiles_gather_export.pl completed successfully
✓ Profiles gathered

Step 6: Creating CSV output...
✓ CSV output saved to seqs.fa-protein_sol.csv

Step 7: Cleaning up intermediate files...
✓ Cleanup completed

============================================================
Prediction Results:
============================================================
ID                   percent-sol     scaled-sol      population-sol  pI        
--------------------------------------------------------------------------------
>seed_111            66.428          0.567           0.446           9.580     
>seed_112            64.750          0.551           0.446           9.650     
>seed_113            71.487          0.614           0.446           7.250     
>seed_114            76.420          0.659           0.446           10.880    
>seed_115            63.913          0.543           0.446           7.300     
>seed_116            73.552          0.633           0.446           10.160    
>seed_117            79.671          0.689           0.446           4.600     
>seed_118            70.847          0.608           0.446           4.950     
>seed_119            75.123          0.647           0.446           7.220     
>seed_120            75.552          0.651           0.446           12.010    
>seed_121            77.961          0.673           0.446           5.000     
>seed_122            75.123          0.647           0.446           7.250     
>seed_123            78.689          0.680           0.446           10.380    
>seed_124            94.801          0.829           0.446           9.880     
>seed_125            92.842          0.811           0.446           10.230    
>seed_126            79.509          0.688           0.446           7.220     
>seed_127            99.346          0.871           0.446           10.890    
>seed_128            73.552          0.633           0.446           10.450    
>seed_129            80.506          0.697           0.446           4.900     
>seed_130            65.464          0.558           0.446           7.110     

============================================================
Pipeline completed successfully!
============================================================

Output files in /data/nfs/IC/baokun_yu/ConfuMPNN/code/output/finetune_v5_validate/1CRN/t2_pos:
  - seqs.fa-protein_sol.csv              : CSV with ID, sequence, and metrics
  - seqs.fa-protein_sol_prediction.txt : Main prediction results
  - seqs.fa-protein_sol_composition.txt: Sequence composition data
  - seqs.fa-protein_sol.log        : Detailed execution log

  t2_pos sol DONE

============================================================
Starting Protein-Sol Prediction Pipeline
Input: code/output/finetune_v5_validate/1UBQ/t1_base/seqs.fa
Working directory: /data/nfs/IC/baokun_yu/ConfuMPNN/protein_sol_mcp/scripts/protein-sol
============================================================

Step 1: Reformatting FASTA file...
Running fasta_seq_reformat_export.pl...
✓ fasta_seq_reformat_export.pl completed successfully
✓ Original file backed up to input.fasta_ORIGINAL

Step 2: Calculating sequence composition...
Running seq_compositions_perc_pipeline_export.pl...
✓ seq_compositions_perc_pipeline_export.pl completed successfully
✓ Composition data saved to seq_composition.txt

Step 3: Making solubility predictions...
Running server_prediction_seq_export.pl...
✓ server_prediction_seq_export.pl completed successfully
✓ Predictions generated

Step 4: Calculating sequence properties...
Running seq_props_ALL_export.pl...
✓ seq_props_ALL_export.pl completed successfully
✓ Sequence properties calculated

Step 5: Gathering profiles...
Running profiles_gather_export.pl...
✓ profiles_gather_export.pl completed successfully
✓ Profiles gathered

Step 6: Creating CSV output...
✓ CSV output saved to seqs.fa-protein_sol.csv

Step 7: Cleaning up intermediate files...
✓ Cleanup completed

============================================================
Prediction Results:
============================================================
ID                   percent-sol     scaled-sol      population-sol  pI        
--------------------------------------------------------------------------------
>seed_111            75.411          0.650           0.446           9.380     
>seed_112            94.543          0.827           0.446           3.590     
>seed_113            84.676          0.736           0.446           4.420     
>seed_114            92.887          0.812           0.446           4.500     
>seed_115            78.314          0.677           0.446           4.930     
>seed_116            75.214          0.648           0.446           4.020     
>seed_117            75.035          0.646           0.446           7.840     
>seed_118            98.330          0.862           0.446           3.900     
>seed_119            99.228          0.870           0.446           4.690     
>seed_120            88.405          0.770           0.446           4.150     
>seed_121            74.771          0.644           0.446           7.190     
>seed_122            75.411          0.650           0.446           7.240     
>seed_123            74.389          0.640           0.446           5.320     
>seed_124            98.330          0.862           0.446           4.590     
>seed_125            81.902          0.710           0.446           4.900     
>seed_126            93.217          0.815           0.446           4.690     
>seed_127            58.618          0.494           0.446           7.420     
>seed_128            66.987          0.572           0.446           10.010    
>seed_129            76.239          0.657           0.446           4.300     
>seed_130            90.056          0.785           0.446           3.760     

============================================================
Pipeline completed successfully!
============================================================

Output files in /data/nfs/IC/baokun_yu/ConfuMPNN/code/output/finetune_v5_validate/1UBQ/t1_base:
  - seqs.fa-protein_sol.csv              : CSV with ID, sequence, and metrics
  - seqs.fa-protein_sol_prediction.txt : Main prediction results
  - seqs.fa-protein_sol_composition.txt: Sequence composition data
  - seqs.fa-protein_sol.log        : Detailed execution log

  t1_base sol DONE

============================================================
Starting Protein-Sol Prediction Pipeline
Input: code/output/finetune_v5_validate/1UBQ/t1_cond/seqs.fa
Working directory: /data/nfs/IC/baokun_yu/ConfuMPNN/protein_sol_mcp/scripts/protein-sol
============================================================

Step 1: Reformatting FASTA file...
Running fasta_seq_reformat_export.pl...
✓ fasta_seq_reformat_export.pl completed successfully
✓ Original file backed up to input.fasta_ORIGINAL

Step 2: Calculating sequence composition...
Running seq_compositions_perc_pipeline_export.pl...
✓ seq_compositions_perc_pipeline_export.pl completed successfully
✓ Composition data saved to seq_composition.txt

Step 3: Making solubility predictions...
Running server_prediction_seq_export.pl...
✓ server_prediction_seq_export.pl completed successfully
✓ Predictions generated

Step 4: Calculating sequence properties...
Running seq_props_ALL_export.pl...
✓ seq_props_ALL_export.pl completed successfully
✓ Sequence properties calculated

Step 5: Gathering profiles...
Running profiles_gather_export.pl...
✓ profiles_gather_export.pl completed successfully
✓ Profiles gathered

Step 6: Creating CSV output...
✓ CSV output saved to seqs.fa-protein_sol.csv

Step 7: Cleaning up intermediate files...
✓ Cleanup completed

============================================================
Prediction Results:
============================================================
ID                   percent-sol     scaled-sol      population-sol  pI        
--------------------------------------------------------------------------------
>seed_111            73.088          0.628           0.446           4.670     
>seed_112            81.736          0.708           0.446           4.660     
>seed_113            79.875          0.691           0.446           4.780     
>seed_114            81.891          0.710           0.446           3.830     
>seed_115            84.676          0.736           0.446           4.850     
>seed_116            88.029          0.767           0.446           3.530     
>seed_117            92.490          0.808           0.446           4.590     
>seed_118            89.904          0.784           0.446           4.970     
>seed_119            81.585          0.707           0.446           9.320     
>seed_120            87.351          0.760           0.446           4.600     
>seed_121            97.284          0.852           0.446           4.690     
>seed_122            89.928          0.784           0.446           4.720     
>seed_123            94.579          0.827           0.446           4.200     
>seed_124            98.499          0.864           0.446           4.460     
>seed_125            77.061          0.665           0.446           7.290     
>seed_126            75.035          0.646           0.446           9.510     
>seed_127            79.227          0.685           0.446           9.740     
>seed_128            77.710          0.671           0.446           5.290     
>seed_129            79.186          0.685           0.446           10.090    
>seed_130            96.067          0.841           0.446           4.350     

============================================================
Pipeline completed successfully!
============================================================

Output files in /data/nfs/IC/baokun_yu/ConfuMPNN/code/output/finetune_v5_validate/1UBQ/t1_cond:
  - seqs.fa-protein_sol.csv              : CSV with ID, sequence, and metrics
  - seqs.fa-protein_sol_prediction.txt : Main prediction results
  - seqs.fa-protein_sol_composition.txt: Sequence composition data
  - seqs.fa-protein_sol.log        : Detailed execution log

  t1_cond sol DONE

============================================================
Starting Protein-Sol Prediction Pipeline
Input: code/output/finetune_v5_validate/1UBQ/t2_neg/seqs.fa
Working directory: /data/nfs/IC/baokun_yu/ConfuMPNN/protein_sol_mcp/scripts/protein-sol
============================================================

Step 1: Reformatting FASTA file...
Running fasta_seq_reformat_export.pl...
✓ fasta_seq_reformat_export.pl completed successfully
✓ Original file backed up to input.fasta_ORIGINAL

Step 2: Calculating sequence composition...
Running seq_compositions_perc_pipeline_export.pl...
✓ seq_compositions_perc_pipeline_export.pl completed successfully
✓ Composition data saved to seq_composition.txt

Step 3: Making solubility predictions...
Running server_prediction_seq_export.pl...
✓ server_prediction_seq_export.pl completed successfully
✓ Predictions generated

Step 4: Calculating sequence properties...
Running seq_props_ALL_export.pl...
✓ seq_props_ALL_export.pl completed successfully
✓ Sequence properties calculated

Step 5: Gathering profiles...
Running profiles_gather_export.pl...
✓ profiles_gather_export.pl completed successfully
✓ Profiles gathered

Step 6: Creating CSV output...
✓ CSV output saved to seqs.fa-protein_sol.csv

Step 7: Cleaning up intermediate files...
✓ Cleanup completed

============================================================
Prediction Results:
============================================================
ID                   percent-sol     scaled-sol      population-sol  pI        
--------------------------------------------------------------------------------
>seed_111            71.572          0.614           0.446           5.320     
>seed_112            99.290          0.871           0.446           4.080     
>seed_113            89.928          0.784           0.446           4.170     
>seed_114            92.211          0.805           0.446           4.410     
>seed_115            97.263          0.852           0.446           4.240     
>seed_116            92.841          0.811           0.446           4.180     
>seed_117            84.676          0.736           0.446           4.590     
>seed_118            106.691         0.939           0.446           3.360     
>seed_119            104.880         0.923           0.446           4.590     
>seed_120            92.192          0.805           0.446           3.860     
>seed_121            97.199          0.852           0.446           4.850     
>seed_122            92.192          0.805           0.446           4.010     
>seed_123            86.293          0.751           0.446           4.760     
>seed_124            94.694          0.828           0.446           4.120     
>seed_125            95.391          0.835           0.446           4.530     
>seed_126            98.979          0.868           0.446           4.360     
>seed_127            85.442          0.743           0.446           4.210     
>seed_128            89.587          0.781           0.446           5.350     
>seed_129            96.716          0.847           0.446           4.130     
>seed_130            92.192          0.805           0.446           3.800     

============================================================
Pipeline completed successfully!
============================================================

Output files in /data/nfs/IC/baokun_yu/ConfuMPNN/code/output/finetune_v5_validate/1UBQ/t2_neg:
  - seqs.fa-protein_sol.csv              : CSV with ID, sequence, and metrics
  - seqs.fa-protein_sol_prediction.txt : Main prediction results
  - seqs.fa-protein_sol_composition.txt: Sequence composition data
  - seqs.fa-protein_sol.log        : Detailed execution log

  t2_neg sol DONE

============================================================
Starting Protein-Sol Prediction Pipeline
Input: code/output/finetune_v5_validate/1UBQ/t2_ph/seqs.fa
Working directory: /data/nfs/IC/baokun_yu/ConfuMPNN/protein_sol_mcp/scripts/protein-sol
============================================================

Step 1: Reformatting FASTA file...
Running fasta_seq_reformat_export.pl...
✓ fasta_seq_reformat_export.pl completed successfully
✓ Original file backed up to input.fasta_ORIGINAL

Step 2: Calculating sequence composition...
Running seq_compositions_perc_pipeline_export.pl...
✓ seq_compositions_perc_pipeline_export.pl completed successfully
✓ Composition data saved to seq_composition.txt

Step 3: Making solubility predictions...
Running server_prediction_seq_export.pl...
✓ server_prediction_seq_export.pl completed successfully
✓ Predictions generated

Step 4: Calculating sequence properties...
Running seq_props_ALL_export.pl...
✓ seq_props_ALL_export.pl completed successfully
✓ Sequence properties calculated

Step 5: Gathering profiles...
Running profiles_gather_export.pl...
✓ profiles_gather_export.pl completed successfully
✓ Profiles gathered

Step 6: Creating CSV output...
✓ CSV output saved to seqs.fa-protein_sol.csv

Step 7: Cleaning up intermediate files...
✓ Cleanup completed

============================================================
Prediction Results:
============================================================
ID                   percent-sol     scaled-sol      population-sol  pI        
--------------------------------------------------------------------------------
>seed_111            75.411          0.650           0.446           9.380     
>seed_112            94.543          0.827           0.446           3.590     
>seed_113            84.676          0.736           0.446           4.420     
>seed_114            92.887          0.812           0.446           4.500     
>seed_115            78.314          0.677           0.446           4.930     
>seed_116            75.214          0.648           0.446           4.020     
>seed_117            75.035          0.646           0.446           7.840     
>seed_118            98.330          0.862           0.446           3.900     
>seed_119            89.587          0.781           0.446           5.320     
>seed_120            88.405          0.770           0.446           4.150     
>seed_121            74.771          0.644           0.446           7.190     
>seed_122            75.411          0.650           0.446           7.240     
>seed_123            74.389          0.640           0.446           5.320     
>seed_124            98.330          0.862           0.446           4.590     
>seed_125            81.902          0.710           0.446           4.900     
>seed_126            93.217          0.815           0.446           4.690     
>seed_127            58.618          0.494           0.446           7.420     
>seed_128            66.987          0.572           0.446           10.020    
>seed_129            76.239          0.657           0.446           4.300     
>seed_130            90.056          0.785           0.446           3.760     

============================================================
Pipeline completed successfully!
============================================================

Output files in /data/nfs/IC/baokun_yu/ConfuMPNN/code/output/finetune_v5_validate/1UBQ/t2_ph:
  - seqs.fa-protein_sol.csv              : CSV with ID, sequence, and metrics
  - seqs.fa-protein_sol_prediction.txt : Main prediction results
  - seqs.fa-protein_sol_composition.txt: Sequence composition data
  - seqs.fa-protein_sol.log        : Detailed execution log

  t2_ph sol DONE

============================================================
Starting Protein-Sol Prediction Pipeline
Input: code/output/finetune_v5_validate/1UBQ/t2_pos_extreme/seqs.fa
Working directory: /data/nfs/IC/baokun_yu/ConfuMPNN/protein_sol_mcp/scripts/protein-sol
============================================================

Step 1: Reformatting FASTA file...
Running fasta_seq_reformat_export.pl...
✓ fasta_seq_reformat_export.pl completed successfully
✓ Original file backed up to input.fasta_ORIGINAL

Step 2: Calculating sequence composition...
Running seq_compositions_perc_pipeline_export.pl...
✓ seq_compositions_perc_pipeline_export.pl completed successfully
✓ Composition data saved to seq_composition.txt

Step 3: Making solubility predictions...
Running server_prediction_seq_export.pl...
✓ server_prediction_seq_export.pl completed successfully
✓ Predictions generated

Step 4: Calculating sequence properties...
Running seq_props_ALL_export.pl...
✓ seq_props_ALL_export.pl completed successfully
✓ Sequence properties calculated

Step 5: Gathering profiles...
Running profiles_gather_export.pl...
✓ profiles_gather_export.pl completed successfully
✓ Profiles gathered

Step 6: Creating CSV output...
✓ CSV output saved to seqs.fa-protein_sol.csv

Step 7: Cleaning up intermediate files...
✓ Cleanup completed

============================================================
Prediction Results:
============================================================
ID                   percent-sol     scaled-sol      population-sol  pI        
--------------------------------------------------------------------------------
>seed_111            62.147          0.527           0.446           10.160    
>seed_112            94.579          0.827           0.446           10.020    
>seed_113            75.141          0.647           0.446           4.250     
>seed_114            75.035          0.646           0.446           9.320     
>seed_115            84.500          0.734           0.446           10.630    
>seed_116            66.338          0.566           0.446           4.670     
>seed_117            79.786          0.690           0.446           10.370    
>seed_118            85.442          0.743           0.446           4.460     
>seed_119            77.710          0.671           0.446           9.320     
>seed_120            81.549          0.707           0.446           9.240     
>seed_121            76.679          0.662           0.446           5.320     
>seed_122            81.736          0.708           0.446           9.990     
>seed_123            73.482          0.632           0.446           9.590     
>seed_124            96.390          0.844           0.446           10.320    
>seed_125            84.676          0.736           0.446           9.890     
>seed_126            75.590          0.651           0.446           5.130     
>seed_127            74.551          0.642           0.446           11.210    
>seed_128            70.983          0.609           0.446           10.080    
>seed_129            79.227          0.685           0.446           9.800     
>seed_130            77.710          0.671           0.446           9.320     

============================================================
Pipeline completed successfully!
============================================================

Output files in /data/nfs/IC/baokun_yu/ConfuMPNN/code/output/finetune_v5_validate/1UBQ/t2_pos_extreme:
  - seqs.fa-protein_sol.csv              : CSV with ID, sequence, and metrics
  - seqs.fa-protein_sol_prediction.txt : Main prediction results
  - seqs.fa-protein_sol_composition.txt: Sequence composition data
  - seqs.fa-protein_sol.log        : Detailed execution log

  t2_pos_extreme sol DONE

============================================================
Starting Protein-Sol Prediction Pipeline
Input: code/output/finetune_v5_validate/1UBQ/t2_pos/seqs.fa
Working directory: /data/nfs/IC/baokun_yu/ConfuMPNN/protein_sol_mcp/scripts/protein-sol
============================================================

Step 1: Reformatting FASTA file...
Running fasta_seq_reformat_export.pl...
✓ fasta_seq_reformat_export.pl completed successfully
✓ Original file backed up to input.fasta_ORIGINAL

Step 2: Calculating sequence composition...
Running seq_compositions_perc_pipeline_export.pl...
✓ seq_compositions_perc_pipeline_export.pl completed successfully
✓ Composition data saved to seq_composition.txt

Step 3: Making solubility predictions...
Running server_prediction_seq_export.pl...
✓ server_prediction_seq_export.pl completed successfully
✓ Predictions generated

Step 4: Calculating sequence properties...
Running seq_props_ALL_export.pl...
✓ seq_props_ALL_export.pl completed successfully
✓ Sequence properties calculated

Step 5: Gathering profiles...
Running profiles_gather_export.pl...
✓ profiles_gather_export.pl completed successfully
✓ Profiles gathered

Step 6: Creating CSV output...
✓ CSV output saved to seqs.fa-protein_sol.csv

Step 7: Cleaning up intermediate files...
✓ Cleanup completed

============================================================
Prediction Results:
============================================================
ID                   percent-sol     scaled-sol      population-sol  pI        
--------------------------------------------------------------------------------
>seed_111            81.549          0.707           0.446           7.350     
>seed_112            81.549          0.707           0.446           9.550     
>seed_113            75.035          0.646           0.446           7.210     
>seed_114            93.536          0.818           0.446           4.680     
>seed_115            72.096          0.619           0.446           7.280     
>seed_116            66.338          0.566           0.446           5.080     
>seed_117            66.792          0.570           0.446           9.520     
>seed_118            85.442          0.743           0.446           4.170     
>seed_119            83.576          0.725           0.446           7.850     
>seed_120            79.603          0.689           0.446           4.730     
>seed_121            85.999          0.748           0.446           4.920     
>seed_122            75.684          0.652           0.446           5.220     
>seed_123            77.183          0.666           0.446           5.250     
>seed_124            86.702          0.754           0.446           4.890     
>seed_125            75.684          0.652           0.446           9.450     
>seed_126            78.021          0.674           0.446           7.820     
>seed_127            71.198          0.611           0.446           10.520    
>seed_128            84.676          0.736           0.446           10.080    
>seed_129            76.239          0.657           0.446           4.300     
>seed_130            73.252          0.630           0.446           5.180     

============================================================
Pipeline completed successfully!
============================================================

Output files in /data/nfs/IC/baokun_yu/ConfuMPNN/code/output/finetune_v5_validate/1UBQ/t2_pos:
  - seqs.fa-protein_sol.csv              : CSV with ID, sequence, and metrics
  - seqs.fa-protein_sol_prediction.txt : Main prediction results
  - seqs.fa-protein_sol_composition.txt: Sequence composition data
  - seqs.fa-protein_sol.log        : Detailed execution log

  t2_pos sol DONE

============================================================
Starting Protein-Sol Prediction Pipeline
Input: code/output/finetune_v5_validate/2LZM/t1_base/seqs.fa
Working directory: /data/nfs/IC/baokun_yu/ConfuMPNN/protein_sol_mcp/scripts/protein-sol
============================================================

Step 1: Reformatting FASTA file...
Running fasta_seq_reformat_export.pl...
✓ fasta_seq_reformat_export.pl completed successfully
✓ Original file backed up to input.fasta_ORIGINAL

Step 2: Calculating sequence composition...
Running seq_compositions_perc_pipeline_export.pl...
✓ seq_compositions_perc_pipeline_export.pl completed successfully
✓ Composition data saved to seq_composition.txt

Step 3: Making solubility predictions...
Running server_prediction_seq_export.pl...
✓ server_prediction_seq_export.pl completed successfully
✓ Predictions generated

Step 4: Calculating sequence properties...
Running seq_props_ALL_export.pl...
✓ seq_props_ALL_export.pl completed successfully
✓ Sequence properties calculated

Step 5: Gathering profiles...
Running profiles_gather_export.pl...
✓ profiles_gather_export.pl completed successfully
✓ Profiles gathered

Step 6: Creating CSV output...
✓ CSV output saved to seqs.fa-protein_sol.csv

Step 7: Cleaning up intermediate files...
✓ Cleanup completed

============================================================
Prediction Results:
============================================================
ID                   percent-sol     scaled-sol      population-sol  pI        
--------------------------------------------------------------------------------
>seed_111            66.485          0.567           0.446           9.940     
>seed_112            62.432          0.530           0.446           10.990    
>seed_113            84.643          0.735           0.446           10.490    
>seed_114            69.002          0.591           0.446           11.680    
>seed_115            55.306          0.464           0.446           10.420    
>seed_116            69.739          0.597           0.446           11.640    
>seed_117            78.023          0.674           0.446           10.340    
>seed_118            68.574          0.587           0.446           10.870    
>seed_119            55.656          0.467           0.446           9.940     
>seed_120            49.150          0.407           0.446           4.980     
>seed_121            52.979          0.442           0.446           10.100    
>seed_122            68.574          0.587           0.446           10.640    
>seed_123            69.555          0.596           0.446           10.610    
>seed_124            66.160          0.564           0.446           10.310    
>seed_125            65.134          0.555           0.446           10.530    
>seed_126            70.702          0.606           0.446           10.440    
>seed_127            65.679          0.560           0.446           9.730     
>seed_128            73.976          0.637           0.446           11.080    
>seed_129            68.570          0.587           0.446           10.840    
>seed_130            66.894          0.571           0.446           10.350    

============================================================
Pipeline completed successfully!
============================================================

Output files in /data/nfs/IC/baokun_yu/ConfuMPNN/code/output/finetune_v5_validate/2LZM/t1_base:
  - seqs.fa-protein_sol.csv              : CSV with ID, sequence, and metrics
  - seqs.fa-protein_sol_prediction.txt : Main prediction results
  - seqs.fa-protein_sol_composition.txt: Sequence composition data
  - seqs.fa-protein_sol.log        : Detailed execution log

  t1_base sol DONE

============================================================
Starting Protein-Sol Prediction Pipeline
Input: code/output/finetune_v5_validate/2LZM/t1_cond/seqs.fa
Working directory: /data/nfs/IC/baokun_yu/ConfuMPNN/protein_sol_mcp/scripts/protein-sol
============================================================

Step 1: Reformatting FASTA file...
Running fasta_seq_reformat_export.pl...
✓ fasta_seq_reformat_export.pl completed successfully
✓ Original file backed up to input.fasta_ORIGINAL

Step 2: Calculating sequence composition...
Running seq_compositions_perc_pipeline_export.pl...
✓ seq_compositions_perc_pipeline_export.pl completed successfully
✓ Composition data saved to seq_composition.txt

Step 3: Making solubility predictions...
Running server_prediction_seq_export.pl...
✓ server_prediction_seq_export.pl completed successfully
✓ Predictions generated

Step 4: Calculating sequence properties...
Running seq_props_ALL_export.pl...
✓ seq_props_ALL_export.pl completed successfully
✓ Sequence properties calculated

Step 5: Gathering profiles...
Running profiles_gather_export.pl...
✓ profiles_gather_export.pl completed successfully
✓ Profiles gathered

Step 6: Creating CSV output...
✓ CSV output saved to seqs.fa-protein_sol.csv

Step 7: Cleaning up intermediate files...
✓ Cleanup completed

============================================================
Prediction Results:
============================================================
ID                   percent-sol     scaled-sol      population-sol  pI        
--------------------------------------------------------------------------------
>seed_111            68.574          0.587           0.446           10.700    
>seed_112            59.729          0.505           0.446           11.070    
>seed_113            57.445          0.484           0.446           9.960     
>seed_114            75.141          0.647           0.446           11.400    
>seed_115            58.196          0.490           0.446           10.330    
>seed_116            73.643          0.633           0.446           10.350    
>seed_117            68.384          0.585           0.446           11.540    
>seed_118            56.896          0.478           0.446           10.090    
>seed_119            67.731          0.579           0.446           9.090     
>seed_120            67.837          0.580           0.446           11.500    
>seed_121            50.893          0.423           0.446           9.810     
>seed_122            58.787          0.496           0.446           10.680    
>seed_123            57.973          0.488           0.446           9.740     
>seed_124            69.735          0.597           0.446           9.620     
>seed_125            70.702          0.606           0.446           10.640    
>seed_126            67.837          0.580           0.446           11.660    
>seed_127            55.576          0.466           0.446           9.110     
>seed_128            76.267          0.658           0.446           10.470    
>seed_129            64.791          0.552           0.446           10.290    
>seed_130            65.071          0.554           0.446           10.190    

============================================================
Pipeline completed successfully!
============================================================

Output files in /data/nfs/IC/baokun_yu/ConfuMPNN/code/output/finetune_v5_validate/2LZM/t1_cond:
  - seqs.fa-protein_sol.csv              : CSV with ID, sequence, and metrics
  - seqs.fa-protein_sol_prediction.txt : Main prediction results
  - seqs.fa-protein_sol_composition.txt: Sequence composition data
  - seqs.fa-protein_sol.log        : Detailed execution log

  t1_cond sol DONE

============================================================
Starting Protein-Sol Prediction Pipeline
Input: code/output/finetune_v5_validate/2LZM/t2_neg/seqs.fa
Working directory: /data/nfs/IC/baokun_yu/ConfuMPNN/protein_sol_mcp/scripts/protein-sol
============================================================

Step 1: Reformatting FASTA file...
Running fasta_seq_reformat_export.pl...
✓ fasta_seq_reformat_export.pl completed successfully
✓ Original file backed up to input.fasta_ORIGINAL

Step 2: Calculating sequence composition...
Running seq_compositions_perc_pipeline_export.pl...
✓ seq_compositions_perc_pipeline_export.pl completed successfully
✓ Composition data saved to seq_composition.txt

Step 3: Making solubility predictions...
Running server_prediction_seq_export.pl...
✓ server_prediction_seq_export.pl completed successfully
✓ Predictions generated

Step 4: Calculating sequence properties...
Running seq_props_ALL_export.pl...
✓ seq_props_ALL_export.pl completed successfully
✓ Sequence properties calculated

Step 5: Gathering profiles...
Running profiles_gather_export.pl...
✓ profiles_gather_export.pl completed successfully
✓ Profiles gathered

Step 6: Creating CSV output...
✓ CSV output saved to seqs.fa-protein_sol.csv

Step 7: Cleaning up intermediate files...
✓ Cleanup completed

============================================================
Prediction Results:
============================================================
ID                   percent-sol     scaled-sol      population-sol  pI        
--------------------------------------------------------------------------------
>seed_111            65.260          0.556           0.446           7.800     
>seed_112            52.140          0.434           0.446           7.880     
>seed_113            58.933          0.497           0.446           5.060     
>seed_114            64.192          0.546           0.446           10.610    
>seed_115            52.140          0.434           0.446           7.970     
>seed_116            55.579          0.466           0.446           9.900     
>seed_117            61.657          0.523           0.446           9.590     
>seed_118            58.520          0.493           0.446           9.740     
>seed_119            62.513          0.530           0.446           9.320     
>seed_120            47.573          0.392           0.446           5.080     
>seed_121            52.140          0.434           0.446           7.850     
>seed_122            55.681          0.467           0.446           4.900     
>seed_123            56.561          0.475           0.446           6.000     
>seed_124            54.843          0.459           0.446           9.290     
>seed_125            49.438          0.409           0.446           5.460     
>seed_126            55.390          0.465           0.446           5.800     
>seed_127            68.382          0.585           0.446           4.980     
>seed_128            61.820          0.524           0.446           10.070    
>seed_129            58.403          0.492           0.446           10.330    
>seed_130            59.280          0.501           0.446           5.220     

============================================================
Pipeline completed successfully!
============================================================

Output files in /data/nfs/IC/baokun_yu/ConfuMPNN/code/output/finetune_v5_validate/2LZM/t2_neg:
  - seqs.fa-protein_sol.csv              : CSV with ID, sequence, and metrics
  - seqs.fa-protein_sol_prediction.txt : Main prediction results
  - seqs.fa-protein_sol_composition.txt: Sequence composition data
  - seqs.fa-protein_sol.log        : Detailed execution log

  t2_neg sol DONE

============================================================
Starting Protein-Sol Prediction Pipeline
Input: code/output/finetune_v5_validate/2LZM/t2_ph/seqs.fa
Working directory: /data/nfs/IC/baokun_yu/ConfuMPNN/protein_sol_mcp/scripts/protein-sol
============================================================

Step 1: Reformatting FASTA file...
Running fasta_seq_reformat_export.pl...
✓ fasta_seq_reformat_export.pl completed successfully
✓ Original file backed up to input.fasta_ORIGINAL

Step 2: Calculating sequence composition...
Running seq_compositions_perc_pipeline_export.pl...
✓ seq_compositions_perc_pipeline_export.pl completed successfully
✓ Composition data saved to seq_composition.txt

Step 3: Making solubility predictions...
Running server_prediction_seq_export.pl...
✓ server_prediction_seq_export.pl completed successfully
✓ Predictions generated

Step 4: Calculating sequence properties...
Running seq_props_ALL_export.pl...
✓ seq_props_ALL_export.pl completed successfully
✓ Sequence properties calculated

Step 5: Gathering profiles...
Running profiles_gather_export.pl...
✓ profiles_gather_export.pl completed successfully
✓ Profiles gathered

Step 6: Creating CSV output...
✓ CSV output saved to seqs.fa-protein_sol.csv

Step 7: Cleaning up intermediate files...
✓ Cleanup completed

============================================================
Prediction Results:
============================================================
ID                   percent-sol     scaled-sol      population-sol  pI        
--------------------------------------------------------------------------------
>seed_111            62.804          0.533           0.446           4.900     
>seed_112            64.005          0.544           0.446           4.560     
>seed_113            66.094          0.564           0.446           4.790     
>seed_114            56.555          0.475           0.446           9.770     
>seed_115            58.009          0.489           0.446           4.590     
>seed_116            64.335          0.547           0.446           10.590    
>seed_117            64.095          0.545           0.446           9.540     
>seed_118            51.012          0.424           0.446           5.150     
>seed_119            69.187          0.592           0.446           4.590     
>seed_120            46.735          0.384           0.446           5.910     
>seed_121            52.791          0.440           0.446           4.840     
>seed_122            60.711          0.514           0.446           4.660     
>seed_123            65.679          0.560           0.446           4.980     
>seed_124            56.008          0.470           0.446           6.000     
>seed_125            63.168          0.537           0.446           4.490     
>seed_126            73.722          0.634           0.446           4.930     
>seed_127            73.164          0.629           0.446           4.520     
>seed_128            64.335          0.547           0.446           4.670     
>seed_129            53.858          0.450           0.446           9.070     
>seed_130            58.240          0.491           0.446           4.680     

============================================================
Pipeline completed successfully!
============================================================

Output files in /data/nfs/IC/baokun_yu/ConfuMPNN/code/output/finetune_v5_validate/2LZM/t2_ph:
  - seqs.fa-protein_sol.csv              : CSV with ID, sequence, and metrics
  - seqs.fa-protein_sol_prediction.txt : Main prediction results
  - seqs.fa-protein_sol_composition.txt: Sequence composition data
  - seqs.fa-protein_sol.log        : Detailed execution log

  t2_ph sol DONE

============================================================
Starting Protein-Sol Prediction Pipeline
Input: code/output/finetune_v5_validate/2LZM/t2_pos_extreme/seqs.fa
Working directory: /data/nfs/IC/baokun_yu/ConfuMPNN/protein_sol_mcp/scripts/protein-sol
============================================================

Step 1: Reformatting FASTA file...
Running fasta_seq_reformat_export.pl...
✓ fasta_seq_reformat_export.pl completed successfully
✓ Original file backed up to input.fasta_ORIGINAL

Step 2: Calculating sequence composition...
Running seq_compositions_perc_pipeline_export.pl...
✓ seq_compositions_perc_pipeline_export.pl completed successfully
✓ Composition data saved to seq_composition.txt

Step 3: Making solubility predictions...
Running server_prediction_seq_export.pl...
✓ server_prediction_seq_export.pl completed successfully
✓ Predictions generated

Step 4: Calculating sequence properties...
Running seq_props_ALL_export.pl...
✓ seq_props_ALL_export.pl completed successfully
✓ Sequence properties calculated

Step 5: Gathering profiles...
Running profiles_gather_export.pl...
✓ profiles_gather_export.pl completed successfully
✓ Profiles gathered

Step 6: Creating CSV output...
✓ CSV output saved to seqs.fa-protein_sol.csv

Step 7: Cleaning up intermediate files...
✓ Cleanup completed

============================================================
Prediction Results:
============================================================
ID                   percent-sol     scaled-sol      population-sol  pI        
--------------------------------------------------------------------------------
>seed_111            76.125          0.656           0.446           11.240    
>seed_112            62.432          0.530           0.446           11.780    
>seed_113            80.725          0.699           0.446           11.360    
>seed_114            82.438          0.715           0.446           11.130    
>seed_115            78.023          0.674           0.446           11.090    
>seed_116            81.891          0.710           0.446           11.710    
>seed_117            81.940          0.710           0.446           10.490    
>seed_118            77.910          0.673           0.446           11.470    
>seed_119            78.023          0.674           0.446           10.540    
>seed_120            69.435          0.595           0.446           11.280    
>seed_121            81.891          0.710           0.446           11.490    
>seed_122            79.610          0.689           0.446           11.110    
>seed_123            86.384          0.751           0.446           11.330    
>seed_124            75.877          0.654           0.446           10.950    
>seed_125            83.681          0.726           0.446           11.360    
>seed_126            86.384          0.751           0.446           10.940    
>seed_127            82.309          0.714           0.446           11.510    
>seed_128            65.134          0.555           0.446           11.940    
>seed_129            84.161          0.731           0.446           10.480    
>seed_130            74.699          0.643           0.446           11.150    

============================================================
Pipeline completed successfully!
============================================================

Output files in /data/nfs/IC/baokun_yu/ConfuMPNN/code/output/finetune_v5_validate/2LZM/t2_pos_extreme:
  - seqs.fa-protein_sol.csv              : CSV with ID, sequence, and metrics
  - seqs.fa-protein_sol_prediction.txt : Main prediction results
  - seqs.fa-protein_sol_composition.txt: Sequence composition data
  - seqs.fa-protein_sol.log        : Detailed execution log

  t2_pos_extreme sol DONE

============================================================
Starting Protein-Sol Prediction Pipeline
Input: code/output/finetune_v5_validate/2LZM/t2_pos/seqs.fa
Working directory: /data/nfs/IC/baokun_yu/ConfuMPNN/protein_sol_mcp/scripts/protein-sol
============================================================

Step 1: Reformatting FASTA file...
Running fasta_seq_reformat_export.pl...
✓ fasta_seq_reformat_export.pl completed successfully
✓ Original file backed up to input.fasta_ORIGINAL

Step 2: Calculating sequence composition...
Running seq_compositions_perc_pipeline_export.pl...
✓ seq_compositions_perc_pipeline_export.pl completed successfully
✓ Composition data saved to seq_composition.txt

Step 3: Making solubility predictions...
Running server_prediction_seq_export.pl...
✓ server_prediction_seq_export.pl completed successfully
✓ Predictions generated

Step 4: Calculating sequence properties...
Running seq_props_ALL_export.pl...
✓ seq_props_ALL_export.pl completed successfully
✓ Sequence properties calculated

Step 5: Gathering profiles...
Running profiles_gather_export.pl...
✓ profiles_gather_export.pl completed successfully
✓ Profiles gathered

Step 6: Creating CSV output...
✓ CSV output saved to seqs.fa-protein_sol.csv

Step 7: Cleaning up intermediate files...
✓ Cleanup completed

============================================================
Prediction Results:
============================================================
ID                   percent-sol     scaled-sol      population-sol  pI        
--------------------------------------------------------------------------------
>seed_111            80.725          0.699           0.446           10.460    
>seed_112            62.432          0.530           0.446           11.420    
>seed_113            80.725          0.699           0.446           10.830    
>seed_114            69.002          0.591           0.446           11.730    
>seed_115            78.023          0.674           0.446           10.720    
>seed_116            67.837          0.580           0.446           11.910    
>seed_117            81.940          0.710           0.446           10.330    
>seed_118            67.837          0.580           0.446           10.930    
>seed_119            69.739          0.597           0.446           10.900    
>seed_120            45.060          0.369           0.446           9.210     
>seed_121            66.160          0.564           0.446           10.810    
>seed_122            68.574          0.587           0.446           10.460    
>seed_123            68.000          0.581           0.446           11.070    
>seed_124            69.002          0.591           0.446           10.850    
>seed_125            65.871          0.562           0.446           10.580    
>seed_126            80.725          0.699           0.446           10.530    
>seed_127            78.023          0.674           0.446           10.830    
>seed_128            74.620          0.643           0.446           11.440    
>seed_129            84.161          0.731           0.446           10.610    
>seed_130            68.570          0.587           0.446           10.760    

============================================================
Pipeline completed successfully!
============================================================

Output files in /data/nfs/IC/baokun_yu/ConfuMPNN/code/output/finetune_v5_validate/2LZM/t2_pos:
  - seqs.fa-protein_sol.csv              : CSV with ID, sequence, and metrics
  - seqs.fa-protein_sol_prediction.txt : Main prediction results
  - seqs.fa-protein_sol_composition.txt: Sequence composition data
  - seqs.fa-protein_sol.log        : Detailed execution log

  t2_pos sol DONE
=== [4/4] TemBERTure Tm（confumpnn-temberture，HF_HUB_OFFLINE=1）===
/home/baokun_yu/miniconda3/envs/confumpnn-temberture/lib/python3.10/site-packages/transformers/utils/generic.py:441: FutureWarning: `torch.utils._pytree._register_pytree_node` is deprecated. Please use `torch.utils._pytree.register_pytree_node` instead.
  _torch_pytree._register_pytree_node(
/home/baokun_yu/miniconda3/envs/confumpnn-temberture/lib/python3.10/site-packages/transformers/utils/generic.py:441: FutureWarning: `torch.utils._pytree._register_pytree_node` is deprecated. Please use `torch.utils._pytree.register_pytree_node` instead.
  _torch_pytree._register_pytree_node(
/home/baokun_yu/miniconda3/envs/confumpnn-temberture/lib/python3.10/site-packages/transformers/utils/generic.py:441: FutureWarning: `torch.utils._pytree._register_pytree_node` is deprecated. Please use `torch.utils._pytree.register_pytree_node` instead.
  _torch_pytree._register_pytree_node(
/home/baokun_yu/miniconda3/envs/confumpnn-temberture/lib/python3.10/site-packages/transformers/utils/generic.py:441: FutureWarning: `torch.utils._pytree._register_pytree_node` is deprecated. Please use `torch.utils._pytree.register_pytree_node` instead.
  _torch_pytree._register_pytree_node(
/home/baokun_yu/miniconda3/envs/confumpnn-temberture/lib/python3.10/site-packages/transformers/utils/generic.py:441: FutureWarning: `torch.utils._pytree._register_pytree_node` is deprecated. Please use `torch.utils._pytree.register_pytree_node` instead.
  _torch_pytree._register_pytree_node(
/home/baokun_yu/miniconda3/envs/confumpnn-temberture/lib/python3.10/site-packages/transformers/utils/generic.py:441: FutureWarning: `torch.utils._pytree._register_pytree_node` is deprecated. Please use `torch.utils._pytree.register_pytree_node` instead.
  _torch_pytree._register_pytree_node(
/home/baokun_yu/miniconda3/envs/confumpnn-temberture/lib/python3.10/site-packages/transformers/utils/generic.py:441: FutureWarning: `torch.utils._pytree._register_pytree_node` is deprecated. Please use `torch.utils._pytree.register_pytree_node` instead.
  _torch_pytree._register_pytree_node(
/home/baokun_yu/miniconda3/envs/confumpnn-temberture/lib/python3.10/site-packages/transformers/utils/generic.py:441: FutureWarning: `torch.utils._pytree._register_pytree_node` is deprecated. Please use `torch.utils._pytree.register_pytree_node` instead.
  _torch_pytree._register_pytree_node(
/home/baokun_yu/miniconda3/envs/confumpnn-temberture/lib/python3.10/site-packages/transformers/utils/generic.py:441: FutureWarning: `torch.utils._pytree._register_pytree_node` is deprecated. Please use `torch.utils._pytree.register_pytree_node` instead.
  _torch_pytree._register_pytree_node(
/home/baokun_yu/miniconda3/envs/confumpnn-temberture/lib/python3.10/site-packages/transformers/utils/generic.py:441: FutureWarning: `torch.utils._pytree._register_pytree_node` is deprecated. Please use `torch.utils._pytree.register_pytree_node` instead.
  _torch_pytree._register_pytree_node(
/home/baokun_yu/miniconda3/envs/confumpnn-temberture/lib/python3.10/site-packages/transformers/utils/generic.py:441: FutureWarning: `torch.utils._pytree._register_pytree_node` is deprecated. Please use `torch.utils._pytree.register_pytree_node` instead.
  _torch_pytree._register_pytree_node(
/home/baokun_yu/miniconda3/envs/confumpnn-temberture/lib/python3.10/site-packages/transformers/utils/generic.py:441: FutureWarning: `torch.utils._pytree._register_pytree_node` is deprecated. Please use `torch.utils._pytree.register_pytree_node` instead.
  _torch_pytree._register_pytree_node(
/home/baokun_yu/miniconda3/envs/confumpnn-temberture/lib/python3.10/site-packages/transformers/utils/generic.py:309: FutureWarning: `torch.utils._pytree._register_pytree_node` is deprecated. Please use `torch.utils._pytree.register_pytree_node` instead.
  _torch_pytree._register_pytree_node(
/home/baokun_yu/miniconda3/envs/confumpnn-temberture/lib/python3.10/site-packages/transformers/utils/generic.py:441: FutureWarning: `torch.utils._pytree._register_pytree_node` is deprecated. Please use `torch.utils._pytree.register_pytree_node` instead.
  _torch_pytree._register_pytree_node(
/home/baokun_yu/miniconda3/envs/confumpnn-temberture/lib/python3.10/site-packages/transformers/utils/generic.py:441: FutureWarning: `torch.utils._pytree._register_pytree_node` is deprecated. Please use `torch.utils._pytree.register_pytree_node` instead.
  _torch_pytree._register_pytree_node(
/home/baokun_yu/miniconda3/envs/confumpnn-temberture/lib/python3.10/site-packages/transformers/utils/generic.py:441: FutureWarning: `torch.utils._pytree._register_pytree_node` is deprecated. Please use `torch.utils._pytree.register_pytree_node` instead.
  _torch_pytree._register_pytree_node(
/home/baokun_yu/miniconda3/envs/confumpnn-temberture/lib/python3.10/site-packages/transformers/utils/generic.py:441: FutureWarning: `torch.utils._pytree._register_pytree_node` is deprecated. Please use `torch.utils._pytree.register_pytree_node` instead.
  _torch_pytree._register_pytree_node(
/home/baokun_yu/miniconda3/envs/confumpnn-temberture/lib/python3.10/site-packages/transformers/utils/generic.py:441: FutureWarning: `torch.utils._pytree._register_pytree_node` is deprecated. Please use `torch.utils._pytree.register_pytree_node` instead.
  _torch_pytree._register_pytree_node(
/home/baokun_yu/miniconda3/envs/confumpnn-temberture/lib/python3.10/site-packages/transformers/utils/generic.py:309: FutureWarning: `torch.utils._pytree._register_pytree_node` is deprecated. Please use `torch.utils._pytree.register_pytree_node` instead.
  _torch_pytree._register_pytree_node(
/home/baokun_yu/miniconda3/envs/confumpnn-temberture/lib/python3.10/site-packages/transformers/utils/generic.py:441: FutureWarning: `torch.utils._pytree._register_pytree_node` is deprecated. Please use `torch.utils._pytree.register_pytree_node` instead.
  _torch_pytree._register_pytree_node(
/home/baokun_yu/miniconda3/envs/confumpnn-temberture/lib/python3.10/site-packages/transformers/utils/generic.py:441: FutureWarning: `torch.utils._pytree._register_pytree_node` is deprecated. Please use `torch.utils._pytree.register_pytree_node` instead.
  _torch_pytree._register_pytree_node(
/home/baokun_yu/miniconda3/envs/confumpnn-temberture/lib/python3.10/site-packages/transformers/utils/generic.py:441: FutureWarning: `torch.utils._pytree._register_pytree_node` is deprecated. Please use `torch.utils._pytree.register_pytree_node` instead.
  _torch_pytree._register_pytree_node(
/home/baokun_yu/miniconda3/envs/confumpnn-temberture/lib/python3.10/site-packages/transformers/utils/generic.py:309: FutureWarning: `torch.utils._pytree._register_pytree_node` is deprecated. Please use `torch.utils._pytree.register_pytree_node` instead.
  _torch_pytree._register_pytree_node(
/home/baokun_yu/miniconda3/envs/confumpnn-temberture/lib/python3.10/site-packages/transformers/utils/generic.py:441: FutureWarning: `torch.utils._pytree._register_pytree_node` is deprecated. Please use `torch.utils._pytree.register_pytree_node` instead.
  _torch_pytree._register_pytree_node(
/home/baokun_yu/miniconda3/envs/confumpnn-temberture/lib/python3.10/site-packages/transformers/utils/generic.py:441: FutureWarning: `torch.utils._pytree._register_pytree_node` is deprecated. Please use `torch.utils._pytree.register_pytree_node` instead.
  _torch_pytree._register_pytree_node(
/home/baokun_yu/miniconda3/envs/confumpnn-temberture/lib/python3.10/site-packages/transformers/utils/generic.py:441: FutureWarning: `torch.utils._pytree._register_pytree_node` is deprecated. Please use `torch.utils._pytree.register_pytree_node` instead.
  _torch_pytree._register_pytree_node(
/home/baokun_yu/miniconda3/envs/confumpnn-temberture/lib/python3.10/site-packages/transformers/utils/generic.py:309: FutureWarning: `torch.utils._pytree._register_pytree_node` is deprecated. Please use `torch.utils._pytree.register_pytree_node` instead.
  _torch_pytree._register_pytree_node(
加载 replica1...
/home/baokun_yu/miniconda3/envs/confumpnn-temberture/lib/python3.10/site-packages/transformers/utils/generic.py:441: FutureWarning: `torch.utils._pytree._register_pytree_node` is deprecated. Please use `torch.utils._pytree.register_pytree_node` instead.
  _torch_pytree._register_pytree_node(
/home/baokun_yu/miniconda3/envs/confumpnn-temberture/lib/python3.10/site-packages/transformers/utils/generic.py:309: FutureWarning: `torch.utils._pytree._register_pytree_node` is deprecated. Please use `torch.utils._pytree.register_pytree_node` instead.
  _torch_pytree._register_pytree_node(
/home/baokun_yu/miniconda3/envs/confumpnn-temberture/lib/python3.10/site-packages/transformers/utils/generic.py:309: FutureWarning: `torch.utils._pytree._register_pytree_node` is deprecated. Please use `torch.utils._pytree.register_pytree_node` instead.
  _torch_pytree._register_pytree_node(
/home/baokun_yu/miniconda3/envs/confumpnn-temberture/lib/python3.10/site-packages/transformers/utils/generic.py:309: FutureWarning: `torch.utils._pytree._register_pytree_node` is deprecated. Please use `torch.utils._pytree.register_pytree_node` instead.
  _torch_pytree._register_pytree_node(
/home/baokun_yu/miniconda3/envs/confumpnn-temberture/lib/python3.10/site-packages/transformers/utils/generic.py:441: FutureWarning: `torch.utils._pytree._register_pytree_node` is deprecated. Please use `torch.utils._pytree.register_pytree_node` instead.
  _torch_pytree._register_pytree_node(
/home/baokun_yu/miniconda3/envs/confumpnn-temberture/lib/python3.10/site-packages/transformers/utils/generic.py:309: FutureWarning: `torch.utils._pytree._register_pytree_node` is deprecated. Please use `torch.utils._pytree.register_pytree_node` instead.
  _torch_pytree._register_pytree_node(
/home/baokun_yu/miniconda3/envs/confumpnn-temberture/lib/python3.10/site-packages/transformers/utils/generic.py:309: FutureWarning: `torch.utils._pytree._register_pytree_node` is deprecated. Please use `torch.utils._pytree.register_pytree_node` instead.
  _torch_pytree._register_pytree_node(
/home/baokun_yu/miniconda3/envs/confumpnn-temberture/lib/python3.10/site-packages/transformers/utils/generic.py:441: FutureWarning: `torch.utils._pytree._register_pytree_node` is deprecated. Please use `torch.utils._pytree.register_pytree_node` instead.
  _torch_pytree._register_pytree_node(
加载 replica1...
/home/baokun_yu/miniconda3/envs/confumpnn-temberture/lib/python3.10/site-packages/transformers/utils/generic.py:309: FutureWarning: `torch.utils._pytree._register_pytree_node` is deprecated. Please use `torch.utils._pytree.register_pytree_node` instead.
  _torch_pytree._register_pytree_node(
/home/baokun_yu/miniconda3/envs/confumpnn-temberture/lib/python3.10/site-packages/transformers/utils/generic.py:309: FutureWarning: `torch.utils._pytree._register_pytree_node` is deprecated. Please use `torch.utils._pytree.register_pytree_node` instead.
  _torch_pytree._register_pytree_node(
/home/baokun_yu/miniconda3/envs/confumpnn-temberture/lib/python3.10/site-packages/transformers/utils/generic.py:309: FutureWarning: `torch.utils._pytree._register_pytree_node` is deprecated. Please use `torch.utils._pytree.register_pytree_node` instead.
  _torch_pytree._register_pytree_node(
加载 replica1...
/home/baokun_yu/miniconda3/envs/confumpnn-temberture/lib/python3.10/site-packages/transformers/utils/generic.py:309: FutureWarning: `torch.utils._pytree._register_pytree_node` is deprecated. Please use `torch.utils._pytree.register_pytree_node` instead.
  _torch_pytree._register_pytree_node(
/home/baokun_yu/miniconda3/envs/confumpnn-temberture/lib/python3.10/site-packages/transformers/utils/generic.py:309: FutureWarning: `torch.utils._pytree._register_pytree_node` is deprecated. Please use `torch.utils._pytree.register_pytree_node` instead.
  _torch_pytree._register_pytree_node(
/home/baokun_yu/miniconda3/envs/confumpnn-temberture/lib/python3.10/site-packages/transformers/utils/generic.py:309: FutureWarning: `torch.utils._pytree._register_pytree_node` is deprecated. Please use `torch.utils._pytree.register_pytree_node` instead.
  _torch_pytree._register_pytree_node(
/home/baokun_yu/miniconda3/envs/confumpnn-temberture/lib/python3.10/site-packages/transformers/utils/generic.py:309: FutureWarning: `torch.utils._pytree._register_pytree_node` is deprecated. Please use `torch.utils._pytree.register_pytree_node` instead.
  _torch_pytree._register_pytree_node(
/home/baokun_yu/miniconda3/envs/confumpnn-temberture/lib/python3.10/site-packages/transformers/utils/generic.py:441: FutureWarning: `torch.utils._pytree._register_pytree_node` is deprecated. Please use `torch.utils._pytree.register_pytree_node` instead.
  _torch_pytree._register_pytree_node(
/home/baokun_yu/miniconda3/envs/confumpnn-temberture/lib/python3.10/site-packages/transformers/utils/generic.py:309: FutureWarning: `torch.utils._pytree._register_pytree_node` is deprecated. Please use `torch.utils._pytree.register_pytree_node` instead.
  _torch_pytree._register_pytree_node(
/home/baokun_yu/miniconda3/envs/confumpnn-temberture/lib/python3.10/site-packages/transformers/utils/generic.py:309: FutureWarning: `torch.utils._pytree._register_pytree_node` is deprecated. Please use `torch.utils._pytree.register_pytree_node` instead.
  _torch_pytree._register_pytree_node(
/home/baokun_yu/miniconda3/envs/confumpnn-temberture/lib/python3.10/site-packages/transformers/utils/generic.py:441: FutureWarning: `torch.utils._pytree._register_pytree_node` is deprecated. Please use `torch.utils._pytree.register_pytree_node` instead.
  _torch_pytree._register_pytree_node(
/home/baokun_yu/miniconda3/envs/confumpnn-temberture/lib/python3.10/site-packages/transformers/utils/generic.py:441: FutureWarning: `torch.utils._pytree._register_pytree_node` is deprecated. Please use `torch.utils._pytree.register_pytree_node` instead.
  _torch_pytree._register_pytree_node(
加载 replica1...
加载 replica1...
/home/baokun_yu/miniconda3/envs/confumpnn-temberture/lib/python3.10/site-packages/transformers/utils/generic.py:309: FutureWarning: `torch.utils._pytree._register_pytree_node` is deprecated. Please use `torch.utils._pytree.register_pytree_node` instead.
  _torch_pytree._register_pytree_node(
加载 replica1...
/home/baokun_yu/miniconda3/envs/confumpnn-temberture/lib/python3.10/site-packages/transformers/utils/generic.py:309: FutureWarning: `torch.utils._pytree._register_pytree_node` is deprecated. Please use `torch.utils._pytree.register_pytree_node` instead.
  _torch_pytree._register_pytree_node(
/home/baokun_yu/miniconda3/envs/confumpnn-temberture/lib/python3.10/site-packages/transformers/utils/generic.py:309: FutureWarning: `torch.utils._pytree._register_pytree_node` is deprecated. Please use `torch.utils._pytree.register_pytree_node` instead.
  _torch_pytree._register_pytree_node(
加载 replica1...
加载 replica1...
/home/baokun_yu/miniconda3/envs/confumpnn-temberture/lib/python3.10/site-packages/transformers/utils/generic.py:441: FutureWarning: `torch.utils._pytree._register_pytree_node` is deprecated. Please use `torch.utils._pytree.register_pytree_node` instead.
  _torch_pytree._register_pytree_node(
/home/baokun_yu/miniconda3/envs/confumpnn-temberture/lib/python3.10/site-packages/transformers/utils/generic.py:309: FutureWarning: `torch.utils._pytree._register_pytree_node` is deprecated. Please use `torch.utils._pytree.register_pytree_node` instead.
  _torch_pytree._register_pytree_node(
/home/baokun_yu/miniconda3/envs/confumpnn-temberture/lib/python3.10/site-packages/transformers/utils/generic.py:309: FutureWarning: `torch.utils._pytree._register_pytree_node` is deprecated. Please use `torch.utils._pytree.register_pytree_node` instead.
  _torch_pytree._register_pytree_node(
加载 replica1...
加载 replica1...
/home/baokun_yu/miniconda3/envs/confumpnn-temberture/lib/python3.10/site-packages/transformers/utils/generic.py:309: FutureWarning: `torch.utils._pytree._register_pytree_node` is deprecated. Please use `torch.utils._pytree.register_pytree_node` instead.
  _torch_pytree._register_pytree_node(
加载 replica1...
加载 replica1...
加载 replica1...
加载 replica1...
加载 replica1...
加载 replica1...
/home/baokun_yu/miniconda3/envs/confumpnn-temberture/lib/python3.10/site-packages/transformers/utils/generic.py:309: FutureWarning: `torch.utils._pytree._register_pytree_node` is deprecated. Please use `torch.utils._pytree.register_pytree_node` instead.
  _torch_pytree._register_pytree_node(
加载 replica1...
/home/baokun_yu/miniconda3/envs/confumpnn-temberture/lib/python3.10/site-packages/transformers/utils/generic.py:309: FutureWarning: `torch.utils._pytree._register_pytree_node` is deprecated. Please use `torch.utils._pytree.register_pytree_node` instead.
  _torch_pytree._register_pytree_node(
加载 replica1...
加载 replica1...
加载 replica1...
/home/baokun_yu/miniconda3/envs/confumpnn-temberture/lib/python3.10/site-packages/transformers/utils/generic.py:309: FutureWarning: `torch.utils._pytree._register_pytree_node` is deprecated. Please use `torch.utils._pytree.register_pytree_node` instead.
  _torch_pytree._register_pytree_node(
加载 replica1...
加载 replica1...
/home/baokun_yu/miniconda3/envs/confumpnn-temberture/lib/python3.10/site-packages/transformers/utils/generic.py:309: FutureWarning: `torch.utils._pytree._register_pytree_node` is deprecated. Please use `torch.utils._pytree.register_pytree_node` instead.
  _torch_pytree._register_pytree_node(
加载 replica1...
/home/baokun_yu/miniconda3/envs/confumpnn-temberture/lib/python3.10/site-packages/transformers/utils/generic.py:309: FutureWarning: `torch.utils._pytree._register_pytree_node` is deprecated. Please use `torch.utils._pytree.register_pytree_node` instead.
  _torch_pytree._register_pytree_node(
加载 replica1...
加载 replica1...
加载 replica1...
/home/baokun_yu/miniconda3/envs/confumpnn-temberture/lib/python3.10/site-packages/transformers/utils/generic.py:309: FutureWarning: `torch.utils._pytree._register_pytree_node` is deprecated. Please use `torch.utils._pytree.register_pytree_node` instead.
  _torch_pytree._register_pytree_node(
加载 replica1...
加载 replica1...
加载 replica1...
加载 replica1...
加载 replica2...
加载 replica2...
加载 replica2...
加载 replica2...
加载 replica2...
加载 replica2...
加载 replica2...
加载 replica2...
加载 replica2...
加载 replica2...
加载 replica2...
加载 replica2...
加载 replica2...
加载 replica2...
加载 replica2...
加载 replica2...
加载 replica2...
加载 replica2...
加载 replica2...
加载 replica2...
加载 replica2...
加载 replica2...
加载 replica2...
加载 replica2...
加载 replica2...
加载 replica2...
加载 replica2...
加载 replica2...
加载 replica2...
加载 replica2...
加载 replica3...
加载 replica3...
加载 replica3...
加载 replica3...
加载 replica3...
加载 replica3...
加载 replica3...
加载 replica3...
加载 replica3...
加载 replica3...
加载 replica3...
加载 replica3...
加载 replica3...
加载 replica3...
加载 replica3...
加载 replica3...
加载 replica3...
加载 replica3...
加载 replica3...
加载 replica3...
加载 replica3...
加载 replica3...
加载 replica3...
加载 replica3...
加载 replica3...
加载 replica3...
加载 replica3...
加载 replica3...
加载 replica3...
加载 replica3...
批量模式：找到 1 个 seqs.fa
批量模式：找到 1 个 seqs.fa
批量模式：找到 1 个 seqs.fa
批量模式：找到 1 个 seqs.fa
批量模式：找到 1 个 seqs.fa
批量模式：找到 1 个 seqs.fa
批量模式：找到 1 个 seqs.fa
批量模式：找到 1 个 seqs.fa
批量模式：找到 1 个 seqs.fa
批量模式：找到 1 个 seqs.fa
批量模式：找到 1 个 seqs.fa
批量模式：找到 1 个 seqs.fa
批量模式：找到 1 个 seqs.fa
批量模式：找到 1 个 seqs.fa
批量模式：找到 1 个 seqs.fa
批量模式：找到 1 个 seqs.fa
批量模式：找到 1 个 seqs.fa
批量模式：找到 1 个 seqs.fa
批量模式：找到 1 个 seqs.fa
批量模式：找到 1 个 seqs.fa
  0%|          | 0/1 [00:00<?, ?it/s]批量模式：找到 1 个 seqs.fa
批量模式：找到 1 个 seqs.fa
  0%|          | 0/1 [00:00<?, ?it/s]  0%|          | 0/1 [00:00<?, ?it/s]  0%|          | 0/1 [00:00<?, ?it/s]  0%|          | 0/1 [00:00<?, ?it/s]  0%|          | 0/1 [00:00<?, ?it/s]  0%|          | 0/1 [00:00<?, ?it/s]  0%|          | 0/1 [00:00<?, ?it/s]  0%|          | 0/1 [00:00<?, ?it/s]  0%|          | 0/1 [00:00<?, ?it/s]  0%|          | 0/1 [00:00<?, ?it/s]  0%|          | 0/1 [00:00<?, ?it/s]  0%|          | 0/1 [00:00<?, ?it/s]  0%|          | 0/1 [00:00<?, ?it/s]  0%|          | 0/1 [00:00<?, ?it/s]  0%|          | 0/1 [00:00<?, ?it/s]  0%|          | 0/1 [00:00<?, ?it/s]  0%|          | 0/1 [00:00<?, ?it/s]  0%|          | 0/1 [00:00<?, ?it/s]  0%|          | 0/1 [00:00<?, ?it/s]  0%|          | 0/1 [00:00<?, ?it/s]  0%|          | 0/1 [00:00<?, ?it/s]批量模式：找到 1 个 seqs.fa
批量模式：找到 1 个 seqs.fa
  0%|          | 0/1 [00:00<?, ?it/s]  0%|          | 0/1 [00:00<?, ?it/s]100%|██████████| 1/1 [00:01<00:00,  1.60s/it]100%|██████████| 1/1 [00:02<00:00,  2.13s/it]
Predicted melting temperature: [55.460670471191406]
100%|██████████| 1/1 [00:01<00:00,  1.27s/it]100%|██████████| 1/1 [00:01<00:00,  1.28s/it]100%|██████████| 1/1 [00:01<00:00,  1.32s/it]100%|██████████| 1/1 [00:01<00:00,  1.36s/it]100%|██████████| 1/1 [00:01<00:00,  1.38s/it]100%|██████████| 1/1 [00:01<00:00,  1.54s/it]100%|██████████| 1/1 [00:01<00:00,  1.54s/it]  0%|          | 0/1 [00:00<?, ?it/s]100%|██████████| 1/1 [00:01<00:00,  1.62s/it]100%|██████████| 1/1 [00:01<00:00,  1.68s/it]100%|██████████| 1/1 [00:01<00:00,  1.69s/it]100%|██████████| 1/1 [00:01<00:00,  1.71s/it]100%|██████████| 1/1 [00:01<00:00,  1.73s/it]100%|██████████| 1/1 [00:01<00:00,  1.76s/it]100%|██████████| 1/1 [00:01<00:00,  1.81s/it]100%|██████████| 1/1 [00:01<00:00,  1.81s/it]100%|██████████| 1/1 [00:01<00:00,  1.81s/it]


100%|██████████| 1/1 [00:01<00:00,  1.81s/it]
100%|██████████| 1/1 [00:01<00:00,  1.81s/it]
100%|██████████| 1/1 [00:01<00:00,  1.81s/it]100%|██████████| 1/1 [00:01<00:00,  1.81s/it]
100%|██████████| 1/1 [00:01<00:00,  1.81s/it]

100%|██████████| 1/1 [00:01<00:00,  1.81s/it]100%|██████████| 1/1 [00:01<00:00,  1.81s/it]
100%|██████████| 1/1 [00:01<00:00,  1.81s/it]

100%|██████████| 1/1 [00:01<00:00,  1.81s/it]
100%|██████████| 1/1 [00:01<00:00,  1.82s/it]Predicted melting temperature: [61.6149787902832]
Predicted melting temperature: [67.00603485107422]

Predicted melting temperature: [61.77516555786133]
Predicted melting temperature: [56.917724609375]
Predicted melting temperature: [52.27303695678711]
Predicted melting temperature: [78.16522216796875]
Predicted melting temperature: [70.09321594238281]
Predicted melting temperature: [63.15977478027344]
  0%|          | 0/1 [00:00<?, ?it/s]  0%|          | 0/1 [00:00<?, ?it/s]Predicted melting temperature: [79.86483764648438]
Predicted melting temperature: [60.323158264160156]
Predicted melting temperature: [58.75494384765625]
Predicted melting temperature: [65.08245086669922]
100%|██████████| 1/1 [00:01<00:00,  1.87s/it]100%|██████████| 1/1 [00:01<00:00,  1.57s/it]100%|██████████| 1/1 [00:01<00:00,  1.96s/it]Predicted melting temperature: [54.44035720825195]
100%|██████████| 1/1 [00:02<00:00,  2.03s/it]100%|██████████| 1/1 [00:01<00:00,  1.76s/it]100%|██████████| 1/1 [00:01<00:00,  1.75s/it]100%|██████████| 1/1 [00:02<00:00,  2.23s/it]100%|██████████| 1/1 [00:02<00:00,  2.27s/it]100%|██████████| 1/1 [00:02<00:00,  2.30s/it]100%|██████████| 1/1 [00:02<00:00,  2.02s/it]100%|██████████| 1/1 [00:00<00:00,  1.39it/s]  0%|          | 0/1 [00:00<?, ?it/s]  0%|          | 0/1 [00:00<?, ?it/s]  0%|          | 0/1 [00:00<?, ?it/s]  0%|          | 0/1 [00:00<?, ?it/s]  0%|          | 0/1 [00:00<?, ?it/s]  0%|          | 0/1 [00:00<?, ?it/s]  0%|          | 0/1 [00:00<?, ?it/s]批量模式：找到 1 个 seqs.fa
批量模式：找到 1 个 seqs.fa
批量模式：找到 1 个 seqs.fa
批量模式：找到 1 个 seqs.fa
批量模式：找到 1 个 seqs.fa
  0%|          | 0/1 [00:00<?, ?it/s]  0%|          | 0/1 [00:00<?, ?it/s]  0%|          | 0/1 [00:00<?, ?it/s]100%|██████████| 1/1 [00:02<00:00,  2.60s/it]100%|██████████| 1/1 [00:02<00:00,  2.21s/it]
  0%|          | 0/1 [00:00<?, ?it/s]
100%|██████████| 1/1 [00:02<00:00,  2.22s/it]100%|██████████| 1/1 [00:02<00:00,  2.61s/it]100%|██████████| 1/1 [00:02<00:00,  2.24s/it]
100%|██████████| 1/1 [00:02<00:00,  2.61s/it]
100%|██████████| 1/1 [00:02<00:00,  2.62s/it]100%|██████████| 1/1 [00:02<00:00,  2.62s/it]100%|██████████| 1/1 [00:02<00:00,  2.62s/it]
100%|██████████| 1/1 [00:00<00:00,  1.23it/s]
100%|██████████| 1/1 [00:02<00:00,  2.26s/it]


批量模式：找到 1 个 seqs.fa


  0%|          | 0/1 [00:00<?, ?it/s]  0%|          | 0/1 [00:00<?, ?it/s]  0%|          | 0/1 [00:00<?, ?it/s]Predicted melting temperature: [56.12805938720703]
Predicted melting temperature: [51.42042922973633]
  0%|          | 0/1 [00:00<?, ?it/s]Predicted melting temperature: [72.23947143554688]
  0%|          | 0/1 [00:00<?, ?it/s]Predicted melting temperature: [67.45439147949219]
  0%|          | 0/1 [00:00<?, ?it/s]  0%|          | 0/1 [00:00<?, ?it/s]  0%|          | 0/1 [00:00<?, ?it/s]  0%|          | 0/1 [00:00<?, ?it/s]  0%|          | 0/1 [00:00<?, ?it/s]Predicted melting temperature: [63.18985366821289]
  0%|          | 0/1 [00:00<?, ?it/s]Predicted melting temperature: [54.02268981933594]
  0%|          | 0/1 [00:00<?, ?it/s]Predicted melting temperature: [60.02474594116211]
  0%|          | 0/1 [00:00<?, ?it/s]Predicted melting temperature: [68.52853393554688]
  0%|          | 0/1 [00:00<?, ?it/s]Predicted melting temperature: [51.25547790527344]
  0%|          | 0/1 [00:00<?, ?it/s]Predicted melting temperature: [67.53386688232422]
  0%|          | 0/1 [00:00<?, ?it/s]Predicted melting temperature: [59.67458724975586]
  0%|          | 0/1 [00:00<?, ?it/s]100%|██████████| 1/1 [00:00<00:00,  2.69it/s]100%|██████████| 1/1 [00:00<00:00,  2.69it/s]
Predicted melting temperature: [60.72270584106445]
  0%|          | 0/1 [00:00<?, ?it/s]100%|██████████| 1/1 [00:00<00:00,  1.83it/s]100%|██████████| 1/1 [00:00<00:00,  1.83it/s]100%|██████████| 1/1 [00:00<00:00,  1.63it/s]
100%|██████████| 1/1 [00:00<00:00,  1.61it/s]
Predicted melting temperature: [63.53990173339844]
  0%|          | 0/1 [00:00<?, ?it/s]Predicted melting temperature: [65.17897033691406]
  0%|          | 0/1 [00:00<?, ?it/s]100%|██████████| 1/1 [00:00<00:00,  1.59it/s]100%|██████████| 1/1 [00:00<00:00,  1.59it/s]
Predicted melting temperature: [76.13421630859375]
  0%|          | 0/1 [00:00<?, ?it/s]100%|██████████| 1/1 [00:00<00:00,  3.69it/s]100%|██████████| 1/1 [00:00<00:00,  3.69it/s]100%|██████████| 1/1 [00:00<00:00,  1.48it/s]
Predicted melting temperature: [55.90461730957031]
  seed_111 arm=t2_ph pH=7.4 target=均值占位 ch   Tm=57.02  replicas=[54.4, 60.7, 55.9]
100%|██████████| 1/1 [00:00<00:00,  1.47it/s]
100%|██████████| 1/1 [00:00<00:00,  1.55it/s]100%|██████████| 1/1 [00:00<00:00,  1.54it/s]
Predicted melting temperature: [69.10908508300781]
  0%|          | 0/1 [00:00<?, ?it/s]Predicted melting temperature: [76.84973907470703]
  0%|          | 0/1 [00:00<?, ?it/s]  0%|          | 0/1 [00:00<?, ?it/s]100%|██████████| 1/1 [00:00<00:00,  1.30it/s]100%|██████████| 1/1 [00:00<00:00,  1.29it/s]100%|██████████| 1/1 [00:00<00:00,  1.40it/s]
100%|██████████| 1/1 [00:00<00:00,  1.39it/s]Predicted melting temperature: [70.24349975585938]

  0%|          | 0/1 [00:00<?, ?it/s]100%|██████████| 1/1 [00:00<00:00,  1.43it/s]100%|██████████| 1/1 [00:00<00:00,  1.43it/s]
Predicted melting temperature: [74.31950378417969]
  0%|          | 0/1 [00:00<?, ?it/s]Predicted melting temperature: [71.99954223632812]
  0%|          | 0/1 [00:00<?, ?it/s]100%|██████████| 1/1 [00:00<00:00,  1.18it/s]100%|██████████| 1/1 [00:00<00:00,  1.18it/s]
Predicted melting temperature: [59.457794189453125]
  0%|          | 0/1 [00:00<?, ?it/s]100%|██████████| 1/1 [00:00<00:00,  1.15it/s]100%|██████████| 1/1 [00:00<00:00,  1.14it/s]
Predicted melting temperature: [63.95147705078125]
  0%|          | 0/1 [00:00<?, ?it/s]100%|██████████| 1/1 [00:00<00:00,  1.18it/s]100%|██████████| 1/1 [00:00<00:00,  1.18it/s]
Predicted melting temperature: [54.57389831542969]
  seed_111 arm=t2_neg pH=7.4 target=+4.0 c   Tm=60.76  replicas=[55.5, 72.2, 54.6]
  0%|          | 0/1 [00:00<?, ?it/s]100%|██████████| 1/1 [00:00<00:00,  3.60it/s]100%|██████████| 1/1 [00:00<00:00,  3.59it/s]
Predicted melting temperature: [49.001495361328125]
  0%|          | 0/1 [00:00<?, ?it/s]100%|██████████| 1/1 [00:00<00:00,  1.98it/s]100%|██████████| 1/1 [00:00<00:00,  1.98it/s]
Predicted melting temperature: [60.673431396484375]
  seed_111 arm=t1_base pH=7.4 target=+8.0    Tm=61.54  replicas=[58.8, 65.2, 60.7]
  0%|          | 0/1 [00:00<?, ?it/s]100%|██████████| 1/1 [00:00<00:00,  3.19it/s]100%|██████████| 1/1 [00:00<00:00,  3.18it/s]
Predicted melting temperature: [55.451622009277344]
  seed_111 arm=t2_neg pH=7.4 target=-5.0 c   Tm=60.64  replicas=[67.0, 59.5, 55.5]
  0%|          | 0/1 [00:00<?, ?it/s]100%|██████████| 1/1 [00:01<00:00,  1.11s/it]100%|██████████| 1/1 [00:01<00:00,  1.11s/it]
100%|██████████| 1/1 [00:01<00:00,  1.16s/it]100%|██████████| 1/1 [00:01<00:00,  1.16s/it]
100%|██████████| 1/1 [00:01<00:00,  1.16s/it]100%|██████████| 1/1 [00:01<00:00,  1.16s/it]
Predicted melting temperature: [58.10639190673828]
Predicted melting temperature: [55.10552215576172]
Predicted melting temperature: [62.205421447753906]
  0%|          | 0/1 [00:00<?, ?it/s]  0%|          | 0/1 [00:00<?, ?it/s]  0%|          | 0/1 [00:00<?, ?it/s]100%|██████████| 1/1 [00:01<00:00,  1.18s/it]100%|██████████| 1/1 [00:01<00:00,  1.19s/it]100%|██████████| 1/1 [00:00<00:00,  1.51it/s]
100%|██████████| 1/1 [00:00<00:00,  1.96it/s]100%|██████████| 1/1 [00:00<00:00,  1.47it/s]100%|██████████| 1/1 [00:00<00:00,  1.94it/s]

Predicted melting temperature: [61.39128112792969]
  seed_111 arm=t2_pos pH=7.4 target=+11.0    Tm=62.18  replicas=[61.6, 63.5, 61.4]
Predicted melting temperature: [72.64879608154297]
  seed_111 arm=t2_pos pH=7.4 target=+12.0    Tm=68.22  replicas=[61.8, 70.2, 72.6]
Predicted melting temperature: [63.4068603515625]
  0%|          | 0/1 [00:00<?, ?it/s]  0%|          | 0/1 [00:00<?, ?it/s]  0%|          | 0/1 [00:00<?, ?it/s]100%|██████████| 1/1 [00:00<00:00,  2.64it/s]100%|██████████| 1/1 [00:00<00:00,  2.64it/s]
Predicted melting temperature: [55.61248016357422]
100%|██████████| 1/1 [00:01<00:00,  1.32s/it]  0%|          | 0/1 [00:00<?, ?it/s]100%|██████████| 1/1 [00:01<00:00,  1.32s/it]100%|██████████| 1/1 [00:00<00:00,  1.52it/s]
100%|██████████| 1/1 [00:00<00:00,  1.50it/s]
Predicted melting temperature: [69.73776245117188]
  seed_111 arm=t2_pos_extreme pH=7.4 targe   Tm=74.68  replicas=[78.2, 76.1, 69.7]
Predicted melting temperature: [59.638458251953125]
  0%|          | 0/1 [00:00<?, ?it/s]  0%|          | 0/1 [00:00<?, ?it/s]100%|██████████| 1/1 [00:00<00:00,  1.55it/s]100%|██████████| 1/1 [00:00<00:00,  1.55it/s]100%|██████████| 1/1 [00:01<00:00,  1.37s/it]
Predicted melting temperature: [54.15217590332031]
  seed_111 arm=t1_cond pH=7.4 target=+0.0    Tm=61.19  replicas=[60.3, 69.1, 54.2]
100%|██████████| 1/1 [00:01<00:00,  1.37s/it]
100%|██████████| 1/1 [00:01<00:00,  1.32s/it]Predicted melting temperature: [78.70155334472656]
  0%|          | 0/1 [00:00<?, ?it/s]  0%|          | 0/1 [00:00<?, ?it/s]100%|██████████| 1/1 [00:01<00:00,  1.33s/it]
Predicted melting temperature: [65.451171875]
  0%|          | 0/1 [00:00<?, ?it/s]100%|██████████| 1/1 [00:00<00:00,  1.57it/s]100%|██████████| 1/1 [00:00<00:00,  1.57it/s]
Predicted melting temperature: [47.221153259277344]
  seed_111 arm=t1_cond pH=7.4 target=+8.0    Tm=59.75  replicas=[60.0, 72.0, 47.2]
100%|██████████| 1/1 [00:00<00:00,  1.43it/s]100%|██████████| 1/1 [00:00<00:00,  2.57it/s]100%|██████████| 1/1 [00:00<00:00,  1.42it/s]
100%|██████████| 1/1 [00:00<00:00,  2.55it/s]
Predicted melting temperature: [63.25186538696289]
  seed_111 arm=t2_neg pH=7.4 target=+3.0 c   Tm=69.54  replicas=[68.5, 76.8, 63.3]
  0%|          | 0/1 [00:00<?, ?it/s]Predicted melting temperature: [63.17048645019531]
  0%|          | 0/1 [00:00<?, ?it/s]  0%|          | 0/1 [00:00<?, ?it/s]100%|██████████| 1/1 [00:00<00:00,  2.85it/s]100%|██████████| 1/1 [00:00<00:00,  2.85it/s]100%|██████████| 1/1 [00:01<00:00,  1.47s/it]
100%|██████████| 1/1 [00:01<00:00,  1.48s/it]
Predicted melting temperature: [67.05860137939453]
  0%|          | 0/1 [00:00<?, ?it/s]Predicted melting temperature: [74.99688720703125]
  0%|          | 0/1 [00:00<?, ?it/s]100%|██████████| 1/1 [00:00<00:00,  3.62it/s]100%|██████████| 1/1 [00:00<00:00,  1.37it/s]100%|██████████| 1/1 [00:01<00:00,  1.51s/it]100%|██████████| 1/1 [00:00<00:00,  3.06it/s]100%|██████████| 1/1 [00:00<00:00,  3.34it/s]
100%|██████████| 1/1 [00:01<00:00,  1.53s/it]100%|██████████| 1/1 [00:00<00:00,  1.33it/s]
100%|██████████| 1/1 [00:00<00:00,  2.97it/s]

Predicted melting temperature: [62.98640060424805]
  seed_111 arm=t1_cond pH=7.4 target=-1.0    Tm=60.44  replicas=[56.1, 62.2, 63.0]
Predicted melting temperature: [55.19731521606445]
  seed_111 arm=t1_base pH=7.4 target=+8.0    Tm=64.87  replicas=[65.1, 74.3, 55.2]
Predicted melting temperature: [66.65887451171875]
  0%|          | 0/1 [00:00<?, ?it/s]  0%|          | 0/1 [00:00<?, ?it/s]Predicted melting temperature: [60.66094970703125]
  0%|          | 0/1 [00:00<?, ?it/s]  0%|          | 0/1 [00:00<?, ?it/s]100%|██████████| 1/1 [00:00<00:00,  1.46it/s]100%|██████████| 1/1 [00:00<00:00,  1.46it/s]
Predicted melting temperature: [48.074005126953125]
  seed_111 arm=t1_cond pH=7.4 target=+9.0    Tm=56.31  replicas=[56.9, 64.0, 48.1]
  0%|          | 0/1 [00:00<?, ?it/s]100%|██████████| 1/1 [00:01<00:00,  1.54s/it]100%|██████████| 1/1 [00:01<00:00,  1.54s/it]
100%|██████████| 1/1 [00:01<00:00,  1.54s/it]100%|██████████| 1/1 [00:01<00:00,  1.54s/it]
Predicted melting temperature: [54.04871368408203]
  0%|          | 0/1 [00:00<?, ?it/s]Predicted melting temperature: [70.64483642578125]
100%|██████████| 1/1 [00:01<00:00,  1.58s/it]  0%|          | 0/1 [00:00<?, ?it/s]100%|██████████| 1/1 [00:01<00:00,  1.58s/it]
Predicted melting temperature: [65.75709533691406]
  0%|          | 0/1 [00:00<?, ?it/s]100%|██████████| 1/1 [00:00<00:00,  2.24it/s]100%|██████████| 1/1 [00:00<00:00,  2.24it/s]
Predicted melting temperature: [67.9991455078125]
  0%|          | 0/1 [00:00<?, ?it/s]100%|██████████| 1/1 [00:00<00:00,  1.89it/s]100%|██████████| 1/1 [00:00<00:00,  1.88it/s]
Predicted melting temperature: [51.64067077636719]
  seed_111 arm=t2_ph pH=7.4 target=均值占位 ch   Tm=52.72  replicas=[51.4, 55.1, 51.6]
  0%|          | 0/1 [00:00<?, ?it/s]100%|██████████| 1/1 [00:00<00:00,  1.98it/s]100%|██████████| 1/1 [00:00<00:00,  1.95it/s]
Predicted melting temperature: [53.08515930175781]
  0%|          | 0/1 [00:00<?, ?it/s]100%|██████████| 1/1 [00:00<00:00,  3.00it/s]100%|██████████| 1/1 [00:00<00:00,  3.00it/s]
Predicted melting temperature: [53.098907470703125]
  0%|          | 0/1 [00:00<?, ?it/s]100%|██████████| 1/1 [00:00<00:00,  1.58it/s]100%|██████████| 1/1 [00:00<00:00,  1.58it/s]100%|██████████| 1/1 [00:00<00:00,  1.63it/s]
100%|██████████| 1/1 [00:00<00:00,  1.61it/s]
Predicted melting temperature: [57.57344055175781]
  seed_111 arm=t2_ph pH=7.4 target=均值占位 ch   Tm=63.49  replicas=[67.5, 65.5, 57.6]
100%|██████████| 1/1 [00:00<00:00,  1.71it/s]100%|██████████| 1/1 [00:01<00:00,  1.98s/it]100%|██████████| 1/1 [00:01<00:00,  1.99s/it]
100%|██████████| 1/1 [00:00<00:00,  1.69it/s]100%|██████████| 1/1 [00:00<00:00,  1.87it/s]
Predicted melting temperature: [63.48051452636719]
100%|██████████| 1/1 [00:00<00:00,  1.72it/s]100%|██████████| 1/1 [00:00<00:00,  1.85it/s]  0%|          | 0/1 [00:00<?, ?it/s]
100%|██████████| 1/1 [00:00<00:00,  1.71it/s]  0%|          | 0/1 [00:00<?, ?it/s]
Predicted melting temperature: [53.586219787597656]
Predicted melting temperature: [66.07698822021484]
Predicted melting temperature: [63.42824935913086]
  0%|          | 0/1 [00:00<?, ?it/s]  0%|          | 0/1 [00:00<?, ?it/s]  0%|          | 0/1 [00:00<?, ?it/s]Predicted melting temperature: [80.09252166748047]
  0%|          | 0/1 [00:00<?, ?it/s]100%|██████████| 1/1 [00:00<00:00,  1.29it/s]100%|██████████| 1/1 [00:00<00:00,  1.29it/s]
Predicted melting temperature: [77.64481353759766]
  0%|          | 0/1 [00:00<?, ?it/s]100%|██████████| 1/1 [00:00<00:00,  2.10it/s]100%|██████████| 1/1 [00:00<00:00,  2.07it/s]
Predicted melting temperature: [61.46881866455078]
  seed_111 arm=t2_pos pH=7.4 target=+3.0 c   Tm=66.55  replicas=[67.5, 70.6, 61.5]
100%|██████████| 1/1 [00:00<00:00,  1.67it/s]100%|██████████| 1/1 [00:00<00:00,  1.67it/s]  0%|          | 0/1 [00:00<?, ?it/s]
Predicted melting temperature: [70.01580047607422]
  0%|          | 0/1 [00:00<?, ?it/s]100%|██████████| 1/1 [00:00<00:00,  3.21it/s]100%|██████████| 1/1 [00:00<00:00,  3.20it/s]100%|██████████| 1/1 [00:00<00:00,  2.20it/s]
100%|██████████| 1/1 [00:00<00:00,  2.20it/s]100%|██████████| 1/1 [00:00<00:00,  1.29it/s]
100%|██████████| 1/1 [00:00<00:00,  1.28it/s]
Predicted melting temperature: [55.49509811401367]
  seed_112 arm=t2_ph pH=7.4 target=均值占位 ch   Tm=55.89  replicas=[49.0, 63.2, 55.5]
Predicted melting temperature: [64.03131103515625]
100%|██████████| 1/1 [00:00<00:00,  1.55it/s]Predicted melting temperature: [71.2740249633789]
100%|██████████| 1/1 [00:00<00:00,  1.17it/s]100%|██████████| 1/1 [00:00<00:00,  1.17it/s]  0%|          | 0/1 [00:00<?, ?it/s]
  0%|          | 0/1 [00:00<?, ?it/s]Predicted melting temperature: [67.96456909179688]
  seed_111 arm=t2_ph pH=7.4 target=均值占位 ch   Tm=72.25  replicas=[70.1, 78.7, 68.0]
100%|██████████| 1/1 [00:00<00:00,  1.54it/s]  0%|          | 0/1 [00:00<?, ?it/s]100%|██████████| 1/1 [00:00<00:00,  2.32it/s]
100%|██████████| 1/1 [00:00<00:00,  2.31it/s]100%|██████████| 1/1 [00:00<00:00,  1.12it/s]
100%|██████████| 1/1 [00:00<00:00,  1.11it/s]  0%|          | 0/1 [00:00<?, ?it/s]
Predicted melting temperature: [55.18490982055664]
Predicted melting temperature: [68.87922668457031]
Predicted melting temperature: [81.57723999023438]
  0%|          | 0/1 [00:00<?, ?it/s]  0%|          | 0/1 [00:00<?, ?it/s]100%|██████████| 1/1 [00:00<00:00,  1.40it/s]  0%|          | 0/1 [00:00<?, ?it/s]100%|██████████| 1/1 [00:00<00:00,  1.40it/s]100%|██████████| 1/1 [00:02<00:00,  2.23s/it]
100%|██████████| 1/1 [00:02<00:00,  2.24s/it]100%|██████████| 1/1 [00:02<00:00,  2.25s/it]
100%|██████████| 1/1 [00:02<00:00,  2.25s/it]
Predicted melting temperature: [67.45439147949219]
Predicted melting temperature: [68.25261688232422]
  0%|          | 0/1 [00:00<?, ?it/s]  0%|          | 0/1 [00:00<?, ?it/s]Predicted melting temperature: [57.264686584472656]
  0%|          | 0/1 [00:00<?, ?it/s]100%|██████████| 1/1 [00:00<00:00,  2.72it/s]100%|██████████| 1/1 [00:00<00:00,  2.72it/s]
Predicted melting temperature: [70.3486328125]
  0%|          | 0/1 [00:00<?, ?it/s]100%|██████████| 1/1 [00:00<00:00,  3.18it/s]100%|██████████| 1/1 [00:00<00:00,  3.18it/s]
Predicted melting temperature: [65.10698699951172]
  0%|          | 0/1 [00:00<?, ?it/s]100%|██████████| 1/1 [00:01<00:00,  1.22s/it]100%|██████████| 1/1 [00:01<00:00,  1.22s/it]100%|██████████| 1/1 [00:00<00:00,  2.17it/s]100%|██████████| 1/1 [00:02<00:00,  2.46s/it]
Predicted melting temperature: [57.296199798583984]
  seed_111 arm=t2_pos pH=7.4 target=+2.0 c   Tm=61.30  replicas=[63.2, 63.4, 57.3]
100%|██████████| 1/1 [00:02<00:00,  2.47s/it]100%|██████████| 1/1 [00:00<00:00,  2.15it/s]

Predicted melting temperature: [59.706764221191406]
  0%|          | 0/1 [00:00<?, ?it/s]Predicted melting temperature: [57.56626510620117]
  0%|          | 0/1 [00:00<?, ?it/s]  0%|          | 0/1 [00:00<?, ?it/s]100%|██████████| 1/1 [00:01<00:00,  1.21s/it]100%|██████████| 1/1 [00:01<00:00,  1.21s/it]100%|██████████| 1/1 [00:00<00:00,  2.00it/s]
100%|██████████| 1/1 [00:00<00:00,  1.99it/s]Predicted melting temperature: [49.19812774658203]
  seed_111 arm=t1_cond pH=7.4 target=+8.0    Tm=53.70  replicas=[52.3, 59.6, 49.2]

100%|██████████| 1/1 [00:01<00:00,  1.33s/it]100%|██████████| 1/1 [00:00<00:00,  2.01it/s]100%|██████████| 1/1 [00:00<00:00,  3.08it/s]Predicted melting temperature: [61.72004318237305]
  seed_112 arm=t1_base pH=7.4 target=+8.0    Tm=64.07  replicas=[67.1, 63.4, 61.7]
100%|██████████| 1/1 [00:00<00:00,  3.06it/s]100%|██████████| 1/1 [00:00<00:00,  2.00it/s]

100%|██████████| 1/1 [00:01<00:00,  1.34s/it]
Predicted melting temperature: [56.1043815612793]
  seed_112 arm=t1_cond pH=7.4 target=-1.0    Tm=57.74  replicas=[53.1, 64.0, 56.1]
Predicted melting temperature: [57.76762771606445]
  seed_111 arm=t2_neg pH=7.4 target=-6.0 c   Tm=58.52  replicas=[59.7, 58.1, 57.8]
  0%|          | 0/1 [00:00<?, ?it/s]  0%|          | 0/1 [00:00<?, ?it/s]  0%|          | 0/1 [00:00<?, ?it/s]Predicted melting temperature: [79.35256958007812]
  0%|          | 0/1 [00:00<?, ?it/s]  0%|          | 0/1 [00:00<?, ?it/s]100%|██████████| 1/1 [00:00<00:00,  2.81it/s]100%|██████████| 1/1 [00:00<00:00,  2.79it/s]
Predicted melting temperature: [70.0940933227539]
  seed_112 arm=t2_pos pH=7.4 target=+11.0    Tm=69.79  replicas=[68.0, 71.3, 70.1]
  0%|          | 0/1 [00:00<?, ?it/s]100%|██████████| 1/1 [00:00<00:00,  1.70it/s]100%|██████████| 1/1 [00:00<00:00,  1.70it/s]
100%|██████████| 1/1 [00:02<00:00,  2.60s/it]Predicted melting temperature: [62.94446563720703]
100%|██████████| 1/1 [00:02<00:00,  2.61s/it]
  0%|          | 0/1 [00:00<?, ?it/s]100%|██████████| 1/1 [00:00<00:00,  1.68it/s]100%|██████████| 1/1 [00:00<00:00,  1.67it/s]
Predicted melting temperature: [72.02899932861328]
  0%|          | 0/1 [00:00<?, ?it/s]Predicted melting temperature: [74.18423461914062]
  0%|          | 0/1 [00:00<?, ?it/s]100%|██████████| 1/1 [00:00<00:00,  1.92it/s]100%|██████████| 1/1 [00:00<00:00,  1.91it/s]
Predicted melting temperature: [63.64314270019531]
  seed_112 arm=t2_neg pH=7.4 target=-5.0 c   Tm=66.77  replicas=[66.7, 70.0, 63.6]
  0%|          | 0/1 [00:00<?, ?it/s]100%|██████████| 1/1 [00:02<00:00,  2.68s/it]100%|██████████| 1/1 [00:02<00:00,  2.68s/it]100%|██████████| 1/1 [00:00<00:00,  2.18it/s]
100%|██████████| 1/1 [00:00<00:00,  2.16it/s]
Predicted melting temperature: [73.07310485839844]
  0%|          | 0/1 [00:00<?, ?it/s]Predicted melting temperature: [61.77407455444336]
  0%|          | 0/1 [00:00<?, ?it/s]100%|██████████| 1/1 [00:00<00:00,  1.95it/s]100%|██████████| 1/1 [00:00<00:00,  1.95it/s]
Predicted melting temperature: [55.84614562988281]
  seed_112 arm=t2_pos pH=7.4 target=+12.0    Tm=59.27  replicas=[53.1, 68.9, 55.8]
  0%|          | 0/1 [00:00<?, ?it/s]100%|██████████| 1/1 [00:00<00:00,  2.67it/s]100%|██████████| 1/1 [00:00<00:00,  2.64it/s]
Predicted melting temperature: [61.21474075317383]
  seed_112 arm=t1_cond pH=7.4 target=+0.0    Tm=65.01  replicas=[63.5, 70.3, 61.2]
100%|██████████| 1/1 [00:00<00:00,  1.42it/s]100%|██████████| 1/1 [00:00<00:00,  1.42it/s]
Predicted melting temperature: [64.78511047363281]
  seed_112 arm=t2_neg pH=7.4 target=+4.0 c   Tm=66.01  replicas=[55.6, 77.6, 64.8]
  0%|          | 0/1 [00:00<?, ?it/s]  0%|          | 0/1 [00:00<?, ?it/s]100%|██████████| 1/1 [00:01<00:00,  1.10s/it]100%|██████████| 1/1 [00:01<00:00,  1.10s/it]100%|██████████| 1/1 [00:00<00:00,  3.39it/s]
100%|██████████| 1/1 [00:00<00:00,  3.29it/s]
100%|██████████| 1/1 [00:00<00:00,  1.73it/s]100%|██████████| 1/1 [00:00<00:00,  1.71it/s]
Predicted melting temperature: [49.54909896850586]
Predicted melting temperature: [54.2066535949707]
Predicted melting temperature: [74.50410461425781]
  0%|          | 0/1 [00:00<?, ?it/s]  0%|          | 0/1 [00:00<?, ?it/s]  0%|          | 0/1 [00:00<?, ?it/s]100%|██████████| 1/1 [00:00<00:00,  1.67it/s]100%|██████████| 1/1 [00:00<00:00,  1.66it/s]
Predicted melting temperature: [65.451171875]
  0%|          | 0/1 [00:00<?, ?it/s]100%|██████████| 1/1 [00:00<00:00,  1.56it/s]100%|██████████| 1/1 [00:00<00:00,  1.56it/s]100%|██████████| 1/1 [00:00<00:00,  3.09it/s]
100%|██████████| 1/1 [00:00<00:00,  3.05it/s]
Predicted melting temperature: [70.56355285644531]
  0%|          | 0/1 [00:00<?, ?it/s]100%|██████████| 1/1 [00:01<00:00,  1.47s/it]100%|██████████| 1/1 [00:01<00:00,  1.47s/it]
Predicted melting temperature: [69.72026824951172]
  seed_111 arm=t2_pos_extreme pH=7.4 targe   Tm=74.86  replicas=[79.9, 75.0, 69.7]
Predicted melting temperature: [70.86203002929688]
  0%|          | 0/1 [00:00<?, ?it/s]  0%|          | 0/1 [00:00<?, ?it/s]100%|██████████| 1/1 [00:00<00:00,  1.28it/s]100%|██████████| 1/1 [00:00<00:00,  1.28it/s]
100%|██████████| 1/1 [00:00<00:00,  1.99it/s]100%|██████████| 1/1 [00:00<00:00,  1.99it/s]
Predicted melting temperature: [51.27337646484375]
100%|██████████| 1/1 [00:00<00:00,  1.26it/s]Predicted melting temperature: [56.336692810058594]
  seed_111 arm=t1_base pH=7.4 target=-1.0    Tm=56.54  replicas=[53.6, 59.7, 56.3]
  0%|          | 0/1 [00:00<?, ?it/s]100%|██████████| 1/1 [00:00<00:00,  1.25it/s]100%|██████████| 1/1 [00:00<00:00,  1.27it/s]
100%|██████████| 1/1 [00:00<00:00,  1.27it/s]  0%|          | 0/1 [00:00<?, ?it/s]
100%|██████████| 1/1 [00:00<00:00,  2.77it/s]Predicted melting temperature: [76.30810546875]
100%|██████████| 1/1 [00:00<00:00,  2.71it/s]
  0%|          | 0/1 [00:00<?, ?it/s]100%|██████████| 1/1 [00:00<00:00,  2.09it/s]Predicted melting temperature: [79.15919494628906]
Predicted melting temperature: [64.99880981445312]
  0%|          | 0/1 [00:00<?, ?it/s]  0%|          | 0/1 [00:00<?, ?it/s]100%|██████████| 1/1 [00:00<00:00,  2.06it/s]
100%|██████████| 1/1 [00:00<00:00,  2.72it/s]Predicted melting temperature: [54.10078811645508]
100%|██████████| 1/1 [00:00<00:00,  2.70it/s]
  0%|          | 0/1 [00:00<?, ?it/s]Predicted melting temperature: [70.03272247314453]
  seed_112 arm=t1_cond pH=7.4 target=+9.0    Tm=66.10  replicas=[55.2, 73.1, 70.0]
100%|██████████| 1/1 [00:00<00:00,  2.02it/s]100%|██████████| 1/1 [00:00<00:00,  1.97it/s]
  0%|          | 0/1 [00:00<?, ?it/s]100%|██████████| 1/1 [00:00<00:00,  1.67it/s]Predicted melting temperature: [72.07347869873047]
100%|██████████| 1/1 [00:00<00:00,  1.75it/s]100%|██████████| 1/1 [00:00<00:00,  1.62it/s]
  0%|          | 0/1 [00:00<?, ?it/s]100%|██████████| 1/1 [00:00<00:00,  1.72it/s]100%|██████████| 1/1 [00:00<00:00,  1.72it/s]
100%|██████████| 1/1 [00:00<00:00,  1.70it/s]Predicted melting temperature: [49.587196350097656]
100%|██████████| 1/1 [00:00<00:00,  1.73it/s]
  0%|          | 0/1 [00:00<?, ?it/s]100%|██████████| 1/1 [00:00<00:00,  1.72it/s]
Predicted melting temperature: [75.38147735595703]
100%|██████████| 1/1 [00:00<00:00,  2.82it/s]  0%|          | 0/1 [00:00<?, ?it/s]Predicted melting temperature: [78.4174575805664]
100%|██████████| 1/1 [00:01<00:00,  1.63s/it]  0%|          | 0/1 [00:00<?, ?it/s]Predicted melting temperature: [70.82660675048828]
  seed_112 arm=t2_neg pH=7.4 target=+3.0 c   Tm=76.76  replicas=[80.1, 79.4, 70.8]
100%|██████████| 1/1 [00:00<00:00,  2.75it/s]100%|██████████| 1/1 [00:01<00:00,  1.65s/it]
100%|██████████| 1/1 [00:00<00:00,  3.28it/s]
100%|██████████| 1/1 [00:00<00:00,  3.25it/s]Predicted melting temperature: [60.650146484375]
  seed_111 arm=t2_pos_extreme pH=7.4 targe   Tm=61.49  replicas=[63.2, 60.7, 60.7]

  0%|          | 0/1 [00:00<?, ?it/s]Predicted melting temperature: [63.783782958984375]
  0%|          | 0/1 [00:00<?, ?it/s]Predicted melting temperature: [63.57910919189453]
100%|██████████| 1/1 [00:00<00:00,  1.78it/s]100%|██████████| 1/1 [00:00<00:00,  1.30it/s]100%|██████████| 1/1 [00:01<00:00,  1.67s/it]100%|██████████| 1/1 [00:00<00:00,  1.96it/s]100%|██████████| 1/1 [00:01<00:00,  1.69s/it]100%|██████████| 1/1 [00:00<00:00,  1.69it/s]  0%|          | 0/1 [00:00<?, ?it/s]100%|██████████| 1/1 [00:00<00:00,  2.22it/s]100%|██████████| 1/1 [00:00<00:00,  1.44it/s]100%|██████████| 1/1 [00:00<00:00,  3.12it/s]100%|██████████| 1/1 [00:00<00:00,  1.86it/s]100%|██████████| 1/1 [00:00<00:00,  2.09it/s]100%|██████████| 1/1 [00:00<00:00,  2.58it/s]100%|██████████| 1/1 [00:00<00:00,  3.35it/s]100%|██████████| 1/1 [00:00<00:00,  2.79it/s]  0%|          | 0/1 [00:00<?, ?it/s]100%|██████████| 1/1 [00:00<00:00,  1.31it/s]100%|██████████| 1/1 [00:01<00:00,  1.82s/it]100%|██████████| 1/1 [00:00<00:00,  1.06it/s]
100%|██████████| 1/1 [00:00<00:00,  1.45it/s]
100%|██████████| 1/1 [00:01<00:00,  1.80s/it]100%|██████████| 1/1 [00:00<00:00,  1.56it/s]



100%|██████████| 1/1 [00:00<00:00,  1.84it/s]Predicted melting temperature: [65.85147094726562]
  seed_111 arm=t2_neg pH=7.4 target=+3.0 c   Tm=57.05  replicas=[51.3, 54.0, 65.9]
100%|██████████| 1/1 [00:00<00:00,  1.64it/s]100%|██████████| 1/1 [00:00<00:00,  1.84it/s]100%|██████████| 1/1 [00:00<00:00,  1.28it/s]
100%|██████████| 1/1 [00:00<00:00,  2.58it/s]100%|██████████| 1/1 [00:00<00:00,  2.22it/s]

100%|██████████| 1/1 [00:00<00:00,  2.79it/s]
100%|██████████| 1/1 [00:00<00:00,  2.53it/s]


Predicted melting temperature: [62.63214111328125]
  seed_111 arm=t2_ph pH=7.4 target=均值占位 ch   Tm=60.80  replicas=[54.0, 65.8, 62.6]

Predicted melting temperature: [65.8660888671875]
  seed_112 arm=t1_cond pH=7.4 target=+8.0    Tm=68.71  replicas=[66.1, 74.2, 65.9]
100%|██████████| 1/1 [00:00<00:00,  1.85it/s]Predicted melting temperature: [61.06767272949219]
  seed_112 arm=t2_ph pH=7.4 target=均值占位 ch   Tm=64.96  replicas=[62.9, 70.9, 61.1]
Predicted melting temperature: [59.559844970703125]
  seed_112 arm=t1_base pH=7.4 target=+8.0    Tm=67.44  replicas=[68.3, 74.5, 59.6]
100%|██████████| 1/1 [00:00<00:00,  1.84it/s]
Predicted melting temperature: [57.57344055175781]
  seed_111 arm=t1_base pH=7.4 target=+0.0    Tm=63.49  replicas=[67.5, 65.5, 57.6]
Predicted melting temperature: [70.62515258789062]
  0%|          | 0/1 [00:00<?, ?it/s]Predicted melting temperature: [53.05216979980469]
  0%|          | 0/1 [00:00<?, ?it/s]  0%|          | 0/1 [00:00<?, ?it/s]  0%|          | 0/1 [00:00<?, ?it/s]Predicted melting temperature: [62.49050521850586]
  0%|          | 0/1 [00:00<?, ?it/s]Predicted melting temperature: [49.856178283691406]
  0%|          | 0/1 [00:00<?, ?it/s]Predicted melting temperature: [73.38932800292969]
  0%|          | 0/1 [00:00<?, ?it/s]  0%|          | 0/1 [00:00<?, ?it/s]  0%|          | 0/1 [00:00<?, ?it/s]  0%|          | 0/1 [00:00<?, ?it/s]Predicted melting temperature: [59.81711196899414]
100%|██████████| 1/1 [00:00<00:00,  2.99it/s]Predicted melting temperature: [52.198402404785156]
Predicted melting temperature: [70.41017150878906]
  0%|          | 0/1 [00:00<?, ?it/s]Predicted melting temperature: [77.54544830322266]
100%|██████████| 1/1 [00:00<00:00,  2.92it/s]
  0%|          | 0/1 [00:00<?, ?it/s]  0%|          | 0/1 [00:00<?, ?it/s]  0%|          | 0/1 [00:00<?, ?it/s]  0%|          | 0/1 [00:00<?, ?it/s]Predicted melting temperature: [55.31012725830078]
  0%|          | 0/1 [00:00<?, ?it/s]100%|██████████| 1/1 [00:00<00:00,  1.93it/s]100%|██████████| 1/1 [00:00<00:00,  1.91it/s]
Predicted melting temperature: [60.56564712524414]
  seed_111 arm=t1_base pH=7.4 target=+9.0    Tm=62.80  replicas=[57.3, 70.6, 60.6]
  0%|          | 0/1 [00:00<?, ?it/s]100%|██████████| 1/1 [00:00<00:00,  1.92it/s]100%|██████████| 1/1 [00:00<00:00,  1.90it/s]100%|██████████| 1/1 [00:00<00:00,  1.02it/s]
100%|██████████| 1/1 [00:00<00:00,  1.01it/s]
Predicted melting temperature: [63.23826599121094]
  0%|          | 0/1 [00:00<?, ?it/s]Predicted melting temperature: [69.10623931884766]
  0%|          | 0/1 [00:00<?, ?it/s]100%|██████████| 1/1 [00:00<00:00,  1.87it/s]100%|██████████| 1/1 [00:00<00:00,  1.87it/s]
Predicted melting temperature: [78.67601013183594]
  0%|          | 0/1 [00:00<?, ?it/s]100%|██████████| 1/1 [00:00<00:00,  2.30it/s]100%|██████████| 1/1 [00:00<00:00,  2.29it/s]
100%|██████████| 1/1 [00:00<00:00,  2.08it/s]100%|██████████| 1/1 [00:00<00:00,  2.07it/s]
Predicted melting temperature: [76.26493835449219]
Predicted melting temperature: [57.514644622802734]
  0%|          | 0/1 [00:00<?, ?it/s]  0%|          | 0/1 [00:00<?, ?it/s]100%|██████████| 1/1 [00:00<00:00,  1.74it/s]100%|██████████| 1/1 [00:00<00:00,  1.74it/s]
100%|██████████| 1/1 [00:00<00:00,  1.96it/s]100%|██████████| 1/1 [00:00<00:00,  1.96it/s]
Predicted melting temperature: [59.61297607421875]
  0%|          | 0/1 [00:00<?, ?it/s]100%|██████████| 1/1 [00:00<00:00,  1.78it/s]100%|██████████| 1/1 [00:00<00:00,  1.77it/s]
Predicted melting temperature: [72.72282409667969]
Predicted melting temperature: [73.56609344482422]
  0%|          | 0/1 [00:00<?, ?it/s]  0%|          | 0/1 [00:00<?, ?it/s]100%|██████████| 1/1 [00:00<00:00,  2.95it/s]100%|██████████| 1/1 [00:00<00:00,  2.95it/s]
Predicted melting temperature: [64.00302124023438]
  0%|          | 0/1 [00:00<?, ?it/s]100%|██████████| 1/1 [00:00<00:00,  2.84it/s]100%|██████████| 1/1 [00:00<00:00,  1.36it/s]100%|██████████| 1/1 [00:00<00:00,  2.84it/s]100%|██████████| 1/1 [00:00<00:00,  1.36it/s]

Predicted melting temperature: [79.59671783447266]
  seed_112 arm=t2_pos_extreme pH=7.4 targe   Tm=80.11  replicas=[81.6, 79.2, 79.6]
Predicted melting temperature: [62.94446563720703]
  0%|          | 0/1 [00:00<?, ?it/s]  0%|          | 0/1 [00:00<?, ?it/s]100%|██████████| 1/1 [00:00<00:00,  2.52it/s]100%|██████████| 1/1 [00:00<00:00,  2.50it/s]
Predicted melting temperature: [52.38164520263672]
  seed_113 arm=t1_cond pH=7.4 target=-1.0    Tm=55.17  replicas=[49.5, 63.6, 52.4]
100%|██████████| 1/1 [00:00<00:00,  2.60it/s]100%|██████████| 1/1 [00:00<00:00,  2.57it/s]  0%|          | 0/1 [00:00<?, ?it/s]100%|██████████| 1/1 [00:00<00:00,  2.54it/s]100%|██████████| 1/1 [00:00<00:00,  2.53it/s]

Predicted melting temperature: [74.08585357666016]
100%|██████████| 1/1 [00:00<00:00,  2.47it/s]  0%|          | 0/1 [00:00<?, ?it/s]Predicted melting temperature: [66.66944885253906]
100%|██████████| 1/1 [00:00<00:00,  2.45it/s]100%|██████████| 1/1 [00:00<00:00,  2.58it/s]
  0%|          | 0/1 [00:00<?, ?it/s]100%|██████████| 1/1 [00:00<00:00,  2.56it/s]
100%|██████████| 1/1 [00:00<00:00,  2.48it/s]100%|██████████| 1/1 [00:00<00:00,  2.52it/s]100%|██████████| 1/1 [00:00<00:00,  2.51it/s]
100%|██████████| 1/1 [00:00<00:00,  2.46it/s]Predicted melting temperature: [72.60598754882812]

Predicted melting temperature: [62.590293884277344]
Predicted melting temperature: [62.473365783691406]
  seed_113 arm=t2_ph pH=7.4 target=均值占位 ch   Tm=57.85  replicas=[51.3, 59.8, 62.5]
  0%|          | 0/1 [00:00<?, ?it/s]  0%|          | 0/1 [00:00<?, ?it/s]Predicted melting temperature: [58.997901916503906]
100%|██████████| 1/1 [00:00<00:00,  2.39it/s]  0%|          | 0/1 [00:00<?, ?it/s]100%|██████████| 1/1 [00:00<00:00,  2.37it/s]
  0%|          | 0/1 [00:00<?, ?it/s]100%|██████████| 1/1 [00:00<00:00,  2.72it/s]Predicted melting temperature: [58.804718017578125]
  seed_113 arm=t2_neg pH=7.4 target=-5.0 c   Tm=64.74  replicas=[65.0, 70.4, 58.8]
100%|██████████| 1/1 [00:00<00:00,  2.69it/s]
100%|██████████| 1/1 [00:00<00:00,  2.36it/s]100%|██████████| 1/1 [00:00<00:00,  2.32it/s]
  0%|          | 0/1 [00:00<?, ?it/s]100%|██████████| 1/1 [00:00<00:00,  2.15it/s]Predicted melting temperature: [70.11400604248047]
100%|██████████| 1/1 [00:00<00:00,  2.13it/s]  0%|          | 0/1 [00:00<?, ?it/s]100%|██████████| 1/1 [00:00<00:00,  2.13it/s]
100%|██████████| 1/1 [00:00<00:00,  2.13it/s]
Predicted melting temperature: [56.09567642211914]
Predicted melting temperature: [66.18114471435547]
  0%|          | 0/1 [00:00<?, ?it/s]  0%|          | 0/1 [00:00<?, ?it/s]Predicted melting temperature: [63.87348175048828]
  0%|          | 0/1 [00:00<?, ?it/s]100%|██████████| 1/1 [00:00<00:00,  2.00it/s]100%|██████████| 1/1 [00:00<00:00,  2.00it/s]
Predicted melting temperature: [74.51776123046875]
  0%|          | 0/1 [00:00<?, ?it/s]100%|██████████| 1/1 [00:00<00:00,  1.94it/s]100%|██████████| 1/1 [00:00<00:00,  1.91it/s]
Predicted melting temperature: [69.71173858642578]
  seed_112 arm=t2_ph pH=7.4 target=均值占位 ch   Tm=67.15  replicas=[54.2, 77.5, 69.7]
  0%|          | 0/1 [00:00<?, ?it/s]100%|██████████| 1/1 [00:00<00:00,  1.78it/s]100%|██████████| 1/1 [00:00<00:00,  1.77it/s]
Predicted melting temperature: [67.04825592041016]
  0%|          | 0/1 [00:00<?, ?it/s]100%|██████████| 1/1 [00:00<00:00,  2.56it/s]100%|██████████| 1/1 [00:00<00:00,  2.41it/s]
Predicted melting temperature: [58.18958282470703]
  seed_112 arm=t2_pos pH=7.4 target=+2.0 c   Tm=55.10  replicas=[49.6, 57.5, 58.2]
  0%|          | 0/1 [00:00<?, ?it/s]100%|██████████| 1/1 [00:00<00:00,  1.58it/s]100%|██████████| 1/1 [00:00<00:00,  1.56it/s]100%|██████████| 1/1 [00:00<00:00,  2.65it/s]
100%|██████████| 1/1 [00:00<00:00,  2.64it/s]
Predicted melting temperature: [63.01537322998047]
  seed_111 arm=t2_pos_extreme pH=7.4 targe   Tm=65.14  replicas=[61.8, 70.6, 63.0]
Predicted melting temperature: [75.74205017089844]
  seed_113 arm=t2_pos pH=7.4 target=+11.0    Tm=73.79  replicas=[72.1, 73.6, 75.7]
  0%|          | 0/1 [00:00<?, ?it/s]  0%|          | 0/1 [00:00<?, ?it/s]100%|██████████| 1/1 [00:00<00:00,  2.10it/s]100%|██████████| 1/1 [00:00<00:00,  2.09it/s]
Predicted melting temperature: [80.38970947265625]
  seed_112 arm=t1_cond pH=7.4 target=+8.0    Tm=78.36  replicas=[78.4, 76.3, 80.4]
  0%|          | 0/1 [00:00<?, ?it/s]100%|██████████| 1/1 [00:00<00:00,  1.38it/s]100%|██████████| 1/1 [00:00<00:00,  1.38it/s]
100%|██████████| 1/1 [00:00<00:00,  1.34it/s]100%|██████████| 1/1 [00:00<00:00,  1.34it/s]
Predicted melting temperature: [63.51802444458008]
100%|██████████| 1/1 [00:00<00:00,  2.67it/s]  0%|          | 0/1 [00:00<?, ?it/s]100%|██████████| 1/1 [00:00<00:00,  2.66it/s]100%|██████████| 1/1 [00:00<00:00,  2.88it/s]
100%|██████████| 1/1 [00:00<00:00,  3.01it/s]Predicted melting temperature: [60.265777587890625]
100%|██████████| 1/1 [00:00<00:00,  2.85it/s]  0%|          | 0/1 [00:00<?, ?it/s]
Predicted melting temperature: [57.33837890625]
  seed_113 arm=t1_cond pH=7.4 target=+0.0    Tm=61.71  replicas=[63.8, 64.0, 57.3]
100%|██████████| 1/1 [00:00<00:00,  2.99it/s]
100%|██████████| 1/1 [00:00<00:00,  1.35it/s]Predicted melting temperature: [53.682369232177734]
100%|██████████| 1/1 [00:00<00:00,  1.34it/s]
  0%|          | 0/1 [00:00<?, ?it/s]Predicted melting temperature: [55.59498596191406]
  seed_111 arm=t2_pos pH=7.4 target=+11.0    Tm=67.00  replicas=[72.0, 73.4, 55.6]
100%|██████████| 1/1 [00:00<00:00,  2.04it/s]Predicted melting temperature: [70.86203002929688]
100%|██████████| 1/1 [00:00<00:00,  1.72it/s]  0%|          | 0/1 [00:00<?, ?it/s]  0%|          | 0/1 [00:00<?, ?it/s]100%|██████████| 1/1 [00:00<00:00,  2.02it/s]  0%|          | 0/1 [00:00<?, ?it/s]100%|██████████| 1/1 [00:00<00:00,  1.66it/s]

Predicted melting temperature: [67.79094696044922]
  seed_112 arm=t2_ph pH=7.4 target=均值占位 ch   Tm=74.26  replicas=[76.3, 78.7, 67.8]
Predicted melting temperature: [79.20099639892578]
  seed_113 arm=t1_base pH=7.4 target=+8.0    Tm=75.77  replicas=[75.4, 72.7, 79.2]
100%|██████████| 1/1 [00:00<00:00,  2.94it/s]100%|██████████| 1/1 [00:00<00:00,  2.93it/s]
  0%|          | 0/1 [00:00<?, ?it/s]  0%|          | 0/1 [00:00<?, ?it/s]100%|██████████| 1/1 [00:00<00:00,  1.79it/s]100%|██████████| 1/1 [00:00<00:00,  2.47it/s]Predicted melting temperature: [62.60396194458008]
100%|██████████| 1/1 [00:00<00:00,  2.35it/s]
100%|██████████| 1/1 [00:00<00:00,  1.71it/s]  0%|          | 0/1 [00:00<?, ?it/s]100%|██████████| 1/1 [00:00<00:00,  2.74it/s]Predicted melting temperature: [55.67686462402344]
  seed_113 arm=t2_pos pH=7.4 target=+12.0    Tm=58.47  replicas=[53.1, 66.7, 55.7]
100%|██████████| 1/1 [00:00<00:00,  2.69it/s]
Predicted melting temperature: [67.4703140258789]
  seed_112 arm=t2_pos_extreme pH=7.4 targe   Tm=68.90  replicas=[69.1, 70.1, 67.5]

Predicted melting temperature: [57.75184631347656]
  seed_112 arm=t2_neg pH=7.4 target=-6.0 c   Tm=57.16  replicas=[54.1, 59.6, 57.8]
  0%|          | 0/1 [00:00<?, ?it/s]100%|██████████| 1/1 [00:00<00:00,  2.39it/s]  0%|          | 0/1 [00:00<?, ?it/s]  0%|          | 0/1 [00:00<?, ?it/s]100%|██████████| 1/1 [00:00<00:00,  2.34it/s]
Predicted melting temperature: [66.44852447509766]
  seed_113 arm=t1_cond pH=7.4 target=+9.0    Tm=64.79  replicas=[55.3, 72.6, 66.4]
100%|██████████| 1/1 [00:00<00:00,  2.52it/s]100%|██████████| 1/1 [00:00<00:00,  2.51it/s]
  0%|          | 0/1 [00:00<?, ?it/s]100%|██████████| 1/1 [00:00<00:00,  2.19it/s]100%|██████████| 1/1 [00:00<00:00,  2.21it/s]100%|██████████| 1/1 [00:00<00:00,  2.21it/s]100%|██████████| 1/1 [00:00<00:00,  2.17it/s]
Predicted melting temperature: [71.96942138671875]

100%|██████████| 1/1 [00:00<00:00,  2.00it/s]Predicted melting temperature: [55.252662658691406]
  seed_113 arm=t2_neg pH=7.4 target=+4.0 c   Tm=55.48  replicas=[52.2, 59.0, 55.3]
Predicted melting temperature: [56.26329040527344]
  seed_112 arm=t1_base pH=7.4 target=-1.0    Tm=56.24  replicas=[49.9, 62.6, 56.3]
  0%|          | 0/1 [00:00<?, ?it/s]100%|██████████| 1/1 [00:00<00:00,  2.00it/s]
  0%|          | 0/1 [00:00<?, ?it/s]  0%|          | 0/1 [00:00<?, ?it/s]Predicted melting temperature: [73.25041961669922]
  0%|          | 0/1 [00:00<?, ?it/s]100%|██████████| 1/1 [00:00<00:00,  2.11it/s]100%|██████████| 1/1 [00:00<00:00,  2.11it/s]
100%|██████████| 1/1 [00:00<00:00,  1.12it/s]Predicted melting temperature: [65.22056579589844]
  0%|          | 0/1 [00:00<?, ?it/s]100%|██████████| 1/1 [00:00<00:00,  1.12it/s]
Predicted melting temperature: [55.850215911865234]
  seed_111 arm=t2_pos_extreme pH=7.4 targe   Tm=58.88  replicas=[57.6, 63.2, 55.9]
  0%|          | 0/1 [00:00<?, ?it/s]100%|██████████| 1/1 [00:00<00:00,  2.14it/s]100%|██████████| 1/1 [00:00<00:00,  2.14it/s]100%|██████████| 1/1 [00:00<00:00,  1.84it/s]
100%|██████████| 1/1 [00:00<00:00,  1.83it/s]100%|██████████| 1/1 [00:00<00:00,  2.53it/s]
100%|██████████| 1/1 [00:00<00:00,  2.53it/s]
100%|██████████| 1/1 [00:00<00:00,  2.35it/s]Predicted melting temperature: [52.3852653503418]
Predicted melting temperature: [73.45436096191406]
  0%|          | 0/1 [00:00<?, ?it/s]  0%|          | 0/1 [00:00<?, ?it/s]100%|██████████| 1/1 [00:00<00:00,  2.31it/s]Predicted melting temperature: [68.74221801757812]

  0%|          | 0/1 [00:00<?, ?it/s]100%|██████████| 1/1 [00:00<00:00,  2.52it/s]Predicted melting temperature: [51.66525650024414]
  0%|          | 0/1 [00:00<?, ?it/s]100%|██████████| 1/1 [00:00<00:00,  2.48it/s]
100%|██████████| 1/1 [00:00<00:00,  1.36it/s]100%|██████████| 1/1 [00:01<00:00,  1.11s/it]100%|██████████| 1/1 [00:01<00:00,  1.11s/it]
100%|██████████| 1/1 [00:00<00:00,  1.35it/s]Predicted melting temperature: [73.40118408203125]

Predicted melting temperature: [64.35081481933594]
  seed_112 arm=t2_pos pH=7.4 target=+3.0 c   Tm=63.98  replicas=[65.1, 62.5, 64.4]
  0%|          | 0/1 [00:00<?, ?it/s]  0%|          | 0/1 [00:00<?, ?it/s]Predicted melting temperature: [68.04846954345703]
100%|██████████| 1/1 [00:00<00:00,  2.80it/s]100%|██████████| 1/1 [00:00<00:00,  2.77it/s]
  0%|          | 0/1 [00:00<?, ?it/s]Predicted melting temperature: [63.9488639831543]
  0%|          | 0/1 [00:00<?, ?it/s]100%|██████████| 1/1 [00:00<00:00,  2.46it/s]100%|██████████| 1/1 [00:00<00:00,  2.43it/s]
100%|██████████| 1/1 [00:00<00:00,  1.61it/s]100%|██████████| 1/1 [00:00<00:00,  1.59it/s]
Predicted melting temperature: [67.77102661132812]
Predicted melting temperature: [73.87938690185547]
  0%|          | 0/1 [00:00<?, ?it/s]  0%|          | 0/1 [00:00<?, ?it/s]100%|██████████| 1/1 [00:00<00:00,  1.40it/s]100%|██████████| 1/1 [00:00<00:00,  1.39it/s]
100%|██████████| 1/1 [00:00<00:00,  2.02it/s]100%|██████████| 1/1 [00:00<00:00,  2.02it/s]
100%|██████████| 1/1 [00:00<00:00,  2.23it/s]Predicted melting temperature: [72.25738525390625]
Predicted melting temperature: [72.41958618164062]
  0%|          | 0/1 [00:00<?, ?it/s]  0%|          | 0/1 [00:00<?, ?it/s]100%|██████████| 1/1 [00:00<00:00,  2.20it/s]
Predicted melting temperature: [61.06767272949219]
  seed_112 arm=t1_base pH=7.4 target=+0.0    Tm=64.96  replicas=[62.9, 70.9, 61.1]
100%|██████████| 1/1 [00:00<00:00,  2.64it/s]100%|██████████| 1/1 [00:00<00:00,  2.64it/s]
  0%|          | 0/1 [00:00<?, ?it/s]100%|██████████| 1/1 [00:00<00:00,  1.68it/s]Predicted melting temperature: [63.60755920410156]
  0%|          | 0/1 [00:00<?, ?it/s]100%|██████████| 1/1 [00:00<00:00,  1.66it/s]
100%|██████████| 1/1 [00:00<00:00,  2.24it/s]100%|██████████| 1/1 [00:00<00:00,  1.48it/s]100%|██████████| 1/1 [00:00<00:00,  2.23it/s]
100%|██████████| 1/1 [00:00<00:00,  1.48it/s]100%|██████████| 1/1 [00:00<00:00,  2.38it/s]100%|██████████| 1/1 [00:00<00:00,  2.41it/s]
Predicted melting temperature: [54.9745979309082]
Predicted melting temperature: [65.76921081542969]
100%|██████████| 1/1 [00:00<00:00,  2.37it/s]  0%|          | 0/1 [00:00<?, ?it/s]  0%|          | 0/1 [00:00<?, ?it/s]
100%|██████████| 1/1 [00:00<00:00,  2.37it/s]
Predicted melting temperature: [76.47071075439453]
  0%|          | 0/1 [00:00<?, ?it/s]Predicted melting temperature: [64.50103759765625]
Predicted melting temperature: [56.35041427612305]
  0%|          | 0/1 [00:00<?, ?it/s]  0%|          | 0/1 [00:00<?, ?it/s]100%|██████████| 1/1 [00:00<00:00,  2.55it/s]100%|██████████| 1/1 [00:00<00:00,  2.53it/s]
Predicted melting temperature: [50.577423095703125]
  0%|          | 0/1 [00:00<?, ?it/s]100%|██████████| 1/1 [00:00<00:00,  2.02it/s]100%|██████████| 1/1 [00:00<00:00,  2.02it/s]100%|██████████| 1/1 [00:00<00:00,  2.28it/s]
100%|██████████| 1/1 [00:00<00:00,  2.28it/s]
Predicted melting temperature: [61.502811431884766]
  seed_112 arm=t1_base pH=7.4 target=+9.0    Tm=63.19  replicas=[56.1, 72.0, 61.5]
  0%|          | 0/1 [00:00<?, ?it/s]Predicted melting temperature: [64.6082763671875]
  0%|          | 0/1 [00:00<?, ?it/s]100%|██████████| 1/1 [00:00<00:00,  2.47it/s]100%|██████████| 1/1 [00:00<00:00,  2.46it/s]
100%|██████████| 1/1 [00:00<00:00,  2.03it/s]100%|██████████| 1/1 [00:00<00:00,  2.19it/s]100%|██████████| 1/1 [00:00<00:00,  2.01it/s]
100%|██████████| 1/1 [00:00<00:00,  2.19it/s]Predicted melting temperature: [71.47840118408203]

100%|██████████| 1/1 [00:00<00:00,  1.49it/s]Predicted melting temperature: [53.328514099121094]
Predicted melting temperature: [70.28382110595703]
  seed_112 arm=t2_neg pH=7.4 target=+3.0 c   Tm=72.54  replicas=[74.1, 73.3, 70.3]
  0%|          | 0/1 [00:00<?, ?it/s]  0%|          | 0/1 [00:00<?, ?it/s]100%|██████████| 1/1 [00:00<00:00,  1.49it/s]100%|██████████| 1/1 [00:00<00:00,  2.81it/s]
100%|██████████| 1/1 [00:00<00:00,  2.79it/s]
  0%|          | 0/1 [00:00<?, ?it/s]Predicted melting temperature: [74.56280517578125]
  0%|          | 0/1 [00:00<?, ?it/s]Predicted melting temperature: [73.82077026367188]
100%|██████████| 1/1 [00:00<00:00,  2.81it/s]  0%|          | 0/1 [00:00<?, ?it/s]100%|██████████| 1/1 [00:00<00:00,  2.78it/s]
Predicted melting temperature: [56.327613830566406]
  seed_113 arm=t2_ph pH=7.4 target=均值占位 ch   Tm=62.98  replicas=[63.9, 68.7, 56.3]
  0%|          | 0/1 [00:00<?, ?it/s]100%|██████████| 1/1 [00:00<00:00,  3.12it/s]100%|██████████| 1/1 [00:00<00:00,  3.12it/s]100%|██████████| 1/1 [00:00<00:00,  2.69it/s]
100%|██████████| 1/1 [00:00<00:00,  2.65it/s]
100%|██████████| 1/1 [00:00<00:00,  1.40it/s]100%|██████████| 1/1 [00:00<00:00,  1.39it/s]
Predicted melting temperature: [72.35665893554688]
  0%|          | 0/1 [00:00<?, ?it/s]Predicted melting temperature: [61.039894104003906]
Predicted melting temperature: [76.97264099121094]
  0%|          | 0/1 [00:00<?, ?it/s]  0%|          | 0/1 [00:00<?, ?it/s]100%|██████████| 1/1 [00:00<00:00,  1.66it/s]100%|██████████| 1/1 [00:00<00:00,  1.66it/s]
100%|██████████| 1/1 [00:00<00:00,  1.38it/s]100%|██████████| 1/1 [00:00<00:00,  1.38it/s]
Predicted melting temperature: [52.4205322265625]
Predicted melting temperature: [61.4790153503418]
  0%|          | 0/1 [00:00<?, ?it/s]  0%|          | 0/1 [00:00<?, ?it/s]100%|██████████| 1/1 [00:00<00:00,  2.15it/s]100%|██████████| 1/1 [00:00<00:00,  2.14it/s]
100%|██████████| 1/1 [00:00<00:00,  3.01it/s]100%|██████████| 1/1 [00:00<00:00,  2.93it/s]
Predicted melting temperature: [73.62733459472656]
100%|██████████| 1/1 [00:00<00:00,  2.35it/s]Predicted melting temperature: [71.59137725830078]
100%|██████████| 1/1 [00:00<00:00,  2.34it/s]
  0%|          | 0/1 [00:00<?, ?it/s]  0%|          | 0/1 [00:00<?, ?it/s]Predicted melting temperature: [77.57906341552734]
  seed_112 arm=t2_ph pH=7.4 target=均值占位 ch   Tm=75.33  replicas=[74.5, 73.9, 77.6]
  0%|          | 0/1 [00:00<?, ?it/s]100%|██████████| 1/1 [00:00<00:00,  2.46it/s]100%|██████████| 1/1 [00:00<00:00,  2.45it/s]100%|██████████| 1/1 [00:00<00:00,  2.66it/s]
100%|██████████| 1/1 [00:00<00:00,  3.19it/s]Predicted melting temperature: [73.40502166748047]
  seed_112 arm=t2_pos_extreme pH=7.4 targe   Tm=69.78  replicas=[63.5, 72.4, 73.4]
100%|██████████| 1/1 [00:00<00:00,  3.17it/s]
100%|██████████| 1/1 [00:00<00:00,  2.62it/s]
Predicted melting temperature: [58.54600524902344]
  0%|          | 0/1 [00:00<?, ?it/s]  0%|          | 0/1 [00:00<?, ?it/s]Predicted melting temperature: [64.57294464111328]
  0%|          | 0/1 [00:00<?, ?it/s]100%|██████████| 1/1 [00:00<00:00,  1.66it/s]100%|██████████| 1/1 [00:00<00:00,  1.64it/s]100%|██████████| 1/1 [00:00<00:00,  1.47it/s]
100%|██████████| 1/1 [00:00<00:00,  1.46it/s]
Predicted melting temperature: [57.02104949951172]
100%|██████████| 1/1 [00:00<00:00,  2.51it/s]100%|██████████| 1/1 [00:00<00:00,  2.48it/s]
  0%|          | 0/1 [00:00<?, ?it/s]100%|██████████| 1/1 [00:00<00:00,  1.77it/s]Predicted melting temperature: [54.058509826660156]
100%|██████████| 1/1 [00:00<00:00,  1.75it/s]
  0%|          | 0/1 [00:00<?, ?it/s]Predicted melting temperature: [66.45500183105469]
  0%|          | 0/1 [00:00<?, ?it/s]Predicted melting temperature: [66.51215362548828]
  0%|          | 0/1 [00:00<?, ?it/s]100%|██████████| 1/1 [00:00<00:00,  2.29it/s]100%|██████████| 1/1 [00:00<00:00,  2.29it/s]
100%|██████████| 1/1 [00:00<00:00,  2.78it/s]100%|██████████| 1/1 [00:00<00:00,  2.77it/s]
Predicted melting temperature: [74.30726623535156]
  0%|          | 0/1 [00:00<?, ?it/s]Predicted melting temperature: [66.70271301269531]
100%|██████████| 1/1 [00:00<00:00,  2.39it/s]  0%|          | 0/1 [00:00<?, ?it/s]100%|██████████| 1/1 [00:00<00:00,  2.31it/s]
Predicted melting temperature: [60.46744918823242]
  seed_114 arm=t2_ph pH=7.4 target=均值占位 ch   Tm=62.56  replicas=[62.6, 64.6, 60.5]
100%|██████████| 1/1 [00:00<00:00,  3.06it/s]100%|██████████| 1/1 [00:00<00:00,  2.19it/s]100%|██████████| 1/1 [00:00<00:00,  3.05it/s]  0%|          | 0/1 [00:00<?, ?it/s]100%|██████████| 1/1 [00:00<00:00,  2.15it/s]100%|██████████| 1/1 [00:00<00:00,  1.95it/s]100%|██████████| 1/1 [00:00<00:00,  2.38it/s]

Predicted melting temperature: [56.61015319824219]
  seed_114 arm=t1_cond pH=7.4 target=+0.0    Tm=64.31  replicas=[63.9, 72.4, 56.6]
100%|██████████| 1/1 [00:00<00:00,  2.31it/s]
100%|██████████| 1/1 [00:00<00:00,  1.89it/s]Predicted melting temperature: [57.85662078857422]
  seed_114 arm=t2_neg pH=7.4 target=-5.0 c   Tm=64.85  replicas=[65.2, 71.5, 57.9]

  0%|          | 0/1 [00:00<?, ?it/s]  0%|          | 0/1 [00:00<?, ?it/s]Predicted melting temperature: [68.197021484375]
Predicted melting temperature: [52.31744384765625]
  0%|          | 0/1 [00:00<?, ?it/s]  0%|          | 0/1 [00:00<?, ?it/s]100%|██████████| 1/1 [00:00<00:00,  1.72it/s]100%|██████████| 1/1 [00:00<00:00,  1.69it/s]
Predicted melting temperature: [70.96281433105469]
  0%|          | 0/1 [00:00<?, ?it/s]100%|██████████| 1/1 [00:00<00:00,  2.07it/s]100%|██████████| 1/1 [00:00<00:00,  2.04it/s]
100%|██████████| 1/1 [00:00<00:00,  2.01it/s]100%|██████████| 1/1 [00:00<00:00,  2.15it/s]Predicted melting temperature: [47.04331588745117]
100%|██████████| 1/1 [00:00<00:00,  1.98it/s]  0%|          | 0/1 [00:00<?, ?it/s]100%|██████████| 1/1 [00:00<00:00,  2.09it/s]

Predicted melting temperature: [75.4876937866211]
  seed_114 arm=t2_pos pH=7.4 target=+11.0    Tm=74.50  replicas=[73.5, 74.6, 75.5]
100%|██████████| 1/1 [00:00<00:00,  1.24it/s]100%|██████████| 1/1 [00:00<00:00,  1.59it/s]100%|██████████| 1/1 [00:00<00:00,  1.57it/s]
100%|██████████| 1/1 [00:00<00:00,  1.23it/s]Predicted melting temperature: [66.00779724121094]
  seed_113 arm=t1_cond pH=7.4 target=+8.0    Tm=69.84  replicas=[67.0, 76.5, 66.0]

Predicted melting temperature: [66.22782897949219]
  0%|          | 0/1 [00:00<?, ?it/s]  0%|          | 0/1 [00:00<?, ?it/s]Predicted melting temperature: [70.29949951171875]
  0%|          | 0/1 [00:00<?, ?it/s]  0%|          | 0/1 [00:00<?, ?it/s]100%|██████████| 1/1 [00:00<00:00,  3.17it/s]100%|██████████| 1/1 [00:00<00:00,  3.17it/s]
100%|██████████| 1/1 [00:00<00:00,  1.25it/s]Predicted melting temperature: [63.236358642578125]
  seed_112 arm=t2_pos_extreme pH=7.4 targe   Tm=61.57  replicas=[55.0, 66.5, 63.2]
100%|██████████| 1/1 [00:00<00:00,  1.25it/s]100%|██████████| 1/1 [00:00<00:00,  2.62it/s]
100%|██████████| 1/1 [00:00<00:00,  2.31it/s]100%|██████████| 1/1 [00:00<00:00,  2.57it/s]
Predicted melting temperature: [54.89529037475586]
  seed_113 arm=t1_base pH=7.4 target=+8.0    Tm=64.44  replicas=[66.2, 72.3, 54.9]
Predicted melting temperature: [60.55976104736328]
  seed_113 arm=t1_base pH=7.4 target=-1.0    Tm=56.56  replicas=[50.6, 58.5, 60.6]
100%|██████████| 1/1 [00:00<00:00,  2.30it/s]  0%|          | 0/1 [00:00<?, ?it/s]
100%|██████████| 1/1 [00:00<00:00,  2.30it/s]100%|██████████| 1/1 [00:00<00:00,  2.97it/s]Predicted melting temperature: [62.8980712890625]
  seed_113 arm=t2_pos_extreme pH=7.4 targe   Tm=66.03  replicas=[63.6, 71.6, 62.9]
100%|██████████| 1/1 [00:00<00:00,  2.26it/s]100%|██████████| 1/1 [00:00<00:00,  2.93it/s]
100%|██████████| 1/1 [00:00<00:00,  1.83it/s]
  0%|          | 0/1 [00:00<?, ?it/s]100%|██████████| 1/1 [00:00<00:00,  2.55it/s]  0%|          | 0/1 [00:00<?, ?it/s]Predicted melting temperature: [79.84296417236328]
  seed_113 arm=t1_cond pH=7.4 target=+8.0    Tm=75.62  replicas=[73.4, 73.6, 79.8]
100%|██████████| 1/1 [00:00<00:00,  1.59it/s]100%|██████████| 1/1 [00:00<00:00,  2.52it/s]100%|██████████| 1/1 [00:00<00:00,  1.58it/s]
100%|██████████| 1/1 [00:00<00:00,  1.80it/s]
  0%|          | 0/1 [00:00<?, ?it/s]  0%|          | 0/1 [00:00<?, ?it/s]
Predicted melting temperature: [55.03122329711914]
Predicted melting temperature: [54.417015075683594]
  seed_113 arm=t2_neg pH=7.4 target=+3.0 c   Tm=62.83  replicas=[60.3, 73.8, 54.4]
Predicted melting temperature: [58.76990509033203]
  seed_113 arm=t2_pos pH=7.4 target=+2.0 c   Tm=57.16  replicas=[51.7, 61.0, 58.8]
  0%|          | 0/1 [00:00<?, ?it/s]100%|██████████| 1/1 [00:00<00:00,  1.71it/s]100%|██████████| 1/1 [00:00<00:00,  1.70it/s]
100%|██████████| 1/1 [00:00<00:00,  2.09it/s]Predicted melting temperature: [75.58644104003906]
  0%|          | 0/1 [00:00<?, ?it/s]100%|██████████| 1/1 [00:00<00:00,  2.08it/s]  0%|          | 0/1 [00:00<?, ?it/s]
Predicted melting temperature: [69.50419616699219]
  0%|          | 0/1 [00:00<?, ?it/s]  0%|          | 0/1 [00:00<?, ?it/s]Predicted melting temperature: [48.66378402709961]
  0%|          | 0/1 [00:00<?, ?it/s]100%|██████████| 1/1 [00:00<00:00,  2.38it/s]100%|██████████| 1/1 [00:00<00:00,  2.36it/s]
100%|██████████| 1/1 [00:00<00:00,  1.05it/s]100%|██████████| 1/1 [00:00<00:00,  1.05it/s]
Predicted melting temperature: [56.03446578979492]
  seed_114 arm=t1_cond pH=7.4 target=-1.0    Tm=59.16  replicas=[53.7, 67.8, 56.0]
Predicted melting temperature: [71.97077941894531]
  0%|          | 0/1 [00:00<?, ?it/s]  0%|          | 0/1 [00:00<?, ?it/s]100%|██████████| 1/1 [00:00<00:00,  1.71it/s]100%|██████████| 1/1 [00:00<00:00,  1.69it/s]
100%|██████████| 1/1 [00:00<00:00,  3.37it/s]100%|██████████| 1/1 [00:00<00:00,  2.91it/s]100%|██████████| 1/1 [00:00<00:00,  3.28it/s]100%|██████████| 1/1 [00:00<00:00,  2.91it/s]

Predicted melting temperature: [67.92522430419922]
Predicted melting temperature: [68.57351684570312]
  0%|          | 0/1 [00:00<?, ?it/s]  0%|          | 0/1 [00:00<?, ?it/s]Predicted melting temperature: [51.12281799316406]
  0%|          | 0/1 [00:00<?, ?it/s]100%|██████████| 1/1 [00:00<00:00,  1.88it/s]100%|██████████| 1/1 [00:00<00:00,  1.88it/s]
Predicted melting temperature: [52.44828796386719]
  seed_113 arm=t2_ph pH=7.4 target=均值占位 ch   Tm=53.95  replicas=[52.4, 57.0, 52.4]
100%|██████████| 1/1 [00:00<00:00,  2.53it/s]100%|██████████| 1/1 [00:00<00:00,  2.52it/s]  0%|          | 0/1 [00:00<?, ?it/s]
100%|██████████| 1/1 [00:00<00:00,  2.53it/s]100%|██████████| 1/1 [00:00<00:00,  2.52it/s]100%|██████████| 1/1 [00:00<00:00,  2.09it/s]
100%|██████████| 1/1 [00:00<00:00,  2.09it/s]
Predicted melting temperature: [61.343162536621094]
  seed_114 arm=t2_pos pH=7.4 target=+12.0    Tm=64.00  replicas=[56.4, 74.3, 61.3]
Predicted melting temperature: [65.9098129272461]
  0%|          | 0/1 [00:00<?, ?it/s]  0%|          | 0/1 [00:00<?, ?it/s]Predicted melting temperature: [65.98270416259766]
  0%|          | 0/1 [00:00<?, ?it/s]100%|██████████| 1/1 [00:00<00:00,  2.05it/s]100%|██████████| 1/1 [00:00<00:00,  2.02it/s]
Predicted melting temperature: [59.01910400390625]
  seed_114 arm=t1_cond pH=7.4 target=+9.0    Tm=59.68  replicas=[53.3, 66.7, 59.0]
  0%|          | 0/1 [00:00<?, ?it/s]100%|██████████| 1/1 [00:00<00:00,  1.43it/s]100%|██████████| 1/1 [00:00<00:00,  1.43it/s]
100%|██████████| 1/1 [00:00<00:00,  2.46it/s]100%|██████████| 1/1 [00:00<00:00,  2.44it/s]Predicted melting temperature: [66.44145965576172]

100%|██████████| 1/1 [00:00<00:00,  2.14it/s]  0%|          | 0/1 [00:00<?, ?it/s]100%|██████████| 1/1 [00:00<00:00,  2.12it/s]
100%|██████████| 1/1 [00:00<00:00,  1.25it/s]Predicted melting temperature: [56.574371337890625]
  seed_114 arm=t1_base pH=7.4 target=+8.0    Tm=64.44  replicas=[65.8, 71.0, 56.6]
100%|██████████| 1/1 [00:00<00:00,  1.24it/s]
Predicted melting temperature: [71.36390686035156]
Predicted melting temperature: [74.541748046875]
  0%|          | 0/1 [00:00<?, ?it/s]  0%|          | 0/1 [00:00<?, ?it/s]100%|██████████| 1/1 [00:00<00:00,  2.86it/s]  0%|          | 0/1 [00:00<?, ?it/s]100%|██████████| 1/1 [00:00<00:00,  2.81it/s]
Predicted melting temperature: [53.29147720336914]
  0%|          | 0/1 [00:00<?, ?it/s]100%|██████████| 1/1 [00:00<00:00,  2.14it/s]100%|██████████| 1/1 [00:00<00:00,  2.11it/s]
100%|██████████| 1/1 [00:00<00:00,  2.87it/s]Predicted melting temperature: [66.8670654296875]
100%|██████████| 1/1 [00:00<00:00,  2.86it/s]
  0%|          | 0/1 [00:00<?, ?it/s]Predicted melting temperature: [63.233863830566406]
  seed_112 arm=t2_pos_extreme pH=7.4 targe   Tm=57.44  replicas=[54.1, 55.0, 63.2]
100%|██████████| 1/1 [00:00<00:00,  2.73it/s]100%|██████████| 1/1 [00:00<00:00,  2.71it/s]  0%|          | 0/1 [00:00<?, ?it/s]
100%|██████████| 1/1 [00:00<00:00,  2.92it/s]Predicted melting temperature: [68.89701080322266]
  0%|          | 0/1 [00:00<?, ?it/s]100%|██████████| 1/1 [00:00<00:00,  2.89it/s]100%|██████████| 1/1 [00:00<00:00,  1.66it/s]100%|██████████| 1/1 [00:00<00:00,  2.51it/s]
100%|██████████| 1/1 [00:00<00:00,  3.14it/s]100%|██████████| 1/1 [00:00<00:00,  2.18it/s]100%|██████████| 1/1 [00:00<00:00,  3.07it/s]100%|██████████| 1/1 [00:00<00:00,  2.65it/s]100%|██████████| 1/1 [00:00<00:00,  1.73it/s]Predicted melting temperature: [57.61259460449219]
  seed_113 arm=t1_base pH=7.4 target=+0.0    Tm=63.90  replicas=[64.6, 69.5, 57.6]
100%|██████████| 1/1 [00:00<00:00,  2.24it/s]100%|██████████| 1/1 [00:00<00:00,  2.05it/s]100%|██████████| 1/1 [00:00<00:00,  2.32it/s]100%|██████████| 1/1 [00:00<00:00,  1.31it/s]100%|██████████| 1/1 [00:00<00:00,  1.73it/s]
100%|██████████| 1/1 [00:00<00:00,  2.26it/s]
100%|██████████| 1/1 [00:00<00:00,  1.81it/s]
100%|██████████| 1/1 [00:00<00:00,  1.49it/s]
100%|██████████| 1/1 [00:00<00:00,  1.86it/s]
100%|██████████| 1/1 [00:00<00:00,  2.30it/s]
100%|██████████| 1/1 [00:00<00:00,  2.06it/s]100%|██████████| 1/1 [00:00<00:00,  2.78it/s]

Predicted melting temperature: [59.160423278808594]
  seed_113 arm=t2_neg pH=7.4 target=-6.0 c   Tm=63.95  replicas=[64.5, 68.2, 59.2]
100%|██████████| 1/1 [00:00<00:00,  2.18it/s]Predicted melting temperature: [72.0513916015625]
  seed_112 arm=t2_pos pH=7.4 target=+11.0    Tm=74.87  replicas=[77.0, 75.6, 72.1]
Predicted melting temperature: [52.39423370361328]
  seed_113 arm=t1_base pH=7.4 target=+9.0    Tm=57.76  replicas=[52.3, 68.6, 52.4]
100%|██████████| 1/1 [00:00<00:00,  1.84it/s]
100%|██████████| 1/1 [00:00<00:00,  2.53it/s]  0%|          | 0/1 [00:00<?, ?it/s]
100%|██████████| 1/1 [00:00<00:00,  2.58it/s]Predicted melting temperature: [52.30354690551758]
  seed_114 arm=t2_neg pH=7.4 target=+4.0 c   Tm=57.55  replicas=[52.4, 67.9, 52.3]

Predicted melting temperature: [61.99688720703125]
  seed_113 arm=t2_pos pH=7.4 target=+3.0 c   Tm=66.81  replicas=[66.5, 72.0, 62.0]
100%|██████████| 1/1 [00:00<00:00,  2.83it/s]100%|██████████| 1/1 [00:00<00:00,  1.98it/s]100%|██████████| 1/1 [00:00<00:00,  2.42it/s]100%|██████████| 1/1 [00:00<00:00,  2.78it/s]

Predicted melting temperature: [74.86825561523438]
Predicted melting temperature: [81.65387725830078]
Predicted melting temperature: [78.1200942993164]
100%|██████████| 1/1 [00:00<00:00,  1.93it/s]
  0%|          | 0/1 [00:00<?, ?it/s]  0%|          | 0/1 [00:00<?, ?it/s]  0%|          | 0/1 [00:00<?, ?it/s]  0%|          | 0/1 [00:00<?, ?it/s]  0%|          | 0/1 [00:00<?, ?it/s]Predicted melting temperature: [53.653533935546875]
  0%|          | 0/1 [00:00<?, ?it/s]  0%|          | 0/1 [00:00<?, ?it/s]100%|██████████| 1/1 [00:00<00:00,  2.44it/s]100%|██████████| 1/1 [00:00<00:00,  1.40it/s]Predicted melting temperature: [69.8048324584961]
  0%|          | 0/1 [00:00<?, ?it/s]Predicted melting temperature: [51.99015808105469]
Predicted melting temperature: [50.91440200805664]
100%|██████████| 1/1 [00:00<00:00,  2.37it/s]
  0%|          | 0/1 [00:00<?, ?it/s]100%|██████████| 1/1 [00:00<00:00,  1.73it/s]Predicted melting temperature: [52.12006378173828]
Predicted melting temperature: [54.45745086669922]
  0%|          | 0/1 [00:00<?, ?it/s]  0%|          | 0/1 [00:00<?, ?it/s]100%|██████████| 1/1 [00:00<00:00,  1.38it/s]  0%|          | 0/1 [00:00<?, ?it/s]
Predicted melting temperature: [52.650352478027344]
100%|██████████| 1/1 [00:00<00:00,  1.68it/s]Predicted melting temperature: [52.99116134643555]
  seed_113 arm=t2_pos_extreme pH=7.4 targe   Tm=63.78  replicas=[68.0, 70.3, 53.0]
  0%|          | 0/1 [00:00<?, ?it/s]
  0%|          | 0/1 [00:00<?, ?it/s]  0%|          | 0/1 [00:00<?, ?it/s]  0%|          | 0/1 [00:00<?, ?it/s]Predicted melting temperature: [75.86917877197266]
  0%|          | 0/1 [00:00<?, ?it/s]100%|██████████| 1/1 [00:00<00:00,  1.24it/s]100%|██████████| 1/1 [00:00<00:00,  3.16it/s]100%|██████████| 1/1 [00:00<00:00,  1.23it/s]100%|██████████| 1/1 [00:00<00:00,  3.11it/s]

100%|██████████| 1/1 [00:00<00:00,  1.61it/s]100%|██████████| 1/1 [00:00<00:00,  1.59it/s]Predicted melting temperature: [70.27490997314453]

100%|██████████| 1/1 [00:00<00:00,  3.27it/s]100%|██████████| 1/1 [00:00<00:00,  1.39it/s]Predicted melting temperature: [54.4389762878418]
100%|██████████| 1/1 [00:00<00:00,  2.94it/s]100%|██████████| 1/1 [00:00<00:00,  2.35it/s]100%|██████████| 1/1 [00:00<00:00,  2.53it/s]100%|██████████| 1/1 [00:00<00:00,  2.08it/s]100%|██████████| 1/1 [00:00<00:00,  2.16it/s]
100%|██████████| 1/1 [00:00<00:00,  2.01it/s]
100%|██████████| 1/1 [00:00<00:00,  2.03it/s]  0%|          | 0/1 [00:00<?, ?it/s]100%|██████████| 1/1 [00:00<00:00,  1.94it/s]100%|██████████| 1/1 [00:00<00:00,  2.30it/s]
  0%|          | 0/1 [00:00<?, ?it/s]100%|██████████| 1/1 [00:00<00:00,  1.19it/s]
100%|██████████| 1/1 [00:00<00:00,  2.35it/s]100%|██████████| 1/1 [00:00<00:00,  1.96it/s]
Predicted melting temperature: [56.1751708984375]

Predicted melting temperature: [58.38187026977539]
  seed_114 arm=t2_ph pH=7.4 target=均值占位 ch   Tm=65.32  replicas=[66.2, 71.4, 58.4]
Predicted melting temperature: [73.15253448486328]

Predicted melting temperature: [79.55873107910156]
  0%|          | 0/1 [00:00<?, ?it/s]  0%|          | 0/1 [00:00<?, ?it/s]  0%|          | 0/1 [00:00<?, ?it/s]Predicted melting temperature: [59.83689880371094]
  0%|          | 0/1 [00:00<?, ?it/s]Predicted melting temperature: [72.69667053222656]
  0%|          | 0/1 [00:00<?, ?it/s]Predicted melting temperature: [71.24016571044922]
Predicted melting temperature: [70.76683044433594]
  0%|          | 0/1 [00:00<?, ?it/s]  0%|          | 0/1 [00:00<?, ?it/s]  0%|          | 0/1 [00:00<?, ?it/s]100%|██████████| 1/1 [00:00<00:00,  1.42it/s]100%|██████████| 1/1 [00:00<00:00,  1.42it/s]
Predicted melting temperature: [68.73615264892578]
  0%|          | 0/1 [00:00<?, ?it/s]100%|██████████| 1/1 [00:00<00:00,  2.95it/s]100%|██████████| 1/1 [00:00<00:00,  2.94it/s]
100%|██████████| 1/1 [00:00<00:00,  1.54it/s]Predicted melting temperature: [59.349700927734375]
  seed_115 arm=t1_cond pH=7.4 target=+0.0    Tm=65.02  replicas=[65.9, 69.8, 59.3]
100%|██████████| 1/1 [00:00<00:00,  1.53it/s]
Predicted melting temperature: [58.295433044433594]
  seed_113 arm=t2_ph pH=7.4 target=均值占位 ch   Tm=64.77  replicas=[61.5, 74.5, 58.3]
100%|██████████| 1/1 [00:00<00:00,  2.68it/s]100%|██████████| 1/1 [00:00<00:00,  2.65it/s]
100%|██████████| 1/1 [00:00<00:00,  2.64it/s]  0%|          | 0/1 [00:00<?, ?it/s]  0%|          | 0/1 [00:00<?, ?it/s]100%|██████████| 1/1 [00:00<00:00,  2.59it/s]
Predicted melting temperature: [67.62482452392578]
Predicted melting temperature: [55.12969970703125]
  0%|          | 0/1 [00:00<?, ?it/s]  0%|          | 0/1 [00:00<?, ?it/s]100%|██████████| 1/1 [00:00<00:00,  2.25it/s]100%|██████████| 1/1 [00:00<00:00,  2.25it/s]
Predicted melting temperature: [66.22782897949219]
  0%|          | 0/1 [00:00<?, ?it/s]100%|██████████| 1/1 [00:00<00:00,  2.24it/s]100%|██████████| 1/1 [00:00<00:00,  2.20it/s]
Predicted melting temperature: [52.932579040527344]
  0%|          | 0/1 [00:00<?, ?it/s]100%|██████████| 1/1 [00:00<00:00,  2.19it/s]100%|██████████| 1/1 [00:00<00:00,  2.19it/s]
Predicted melting temperature: [78.00113677978516]
  0%|          | 0/1 [00:00<?, ?it/s]100%|██████████| 1/1 [00:00<00:00,  3.46it/s]100%|██████████| 1/1 [00:00<00:00,  3.38it/s]
Predicted melting temperature: [67.10912322998047]
  seed_113 arm=t2_pos_extreme pH=7.4 targe   Tm=63.56  replicas=[53.3, 70.3, 67.1]
100%|██████████| 1/1 [00:00<00:00,  2.00it/s]100%|██████████| 1/1 [00:00<00:00,  1.99it/s]
  0%|          | 0/1 [00:00<?, ?it/s]Predicted melting temperature: [62.05748748779297]
  0%|          | 0/1 [00:00<?, ?it/s]100%|██████████| 1/1 [00:00<00:00,  3.33it/s]100%|██████████| 1/1 [00:00<00:00,  3.27it/s]
100%|██████████| 1/1 [00:00<00:00,  1.79it/s]100%|██████████| 1/1 [00:00<00:00,  1.76it/s]
Predicted melting temperature: [59.88495635986328]
  0%|          | 0/1 [00:00<?, ?it/s]100%|██████████| 1/1 [00:00<00:00,  1.80it/s]Predicted melting temperature: [60.619407653808594]
100%|██████████| 1/1 [00:00<00:00,  1.76it/s]100%|██████████| 1/1 [00:00<00:00,  1.73it/s]  0%|          | 0/1 [00:00<?, ?it/s]100%|██████████| 1/1 [00:00<00:00,  1.71it/s]
100%|██████████| 1/1 [00:00<00:00,  1.74it/s]100%|██████████| 1/1 [00:00<00:00,  1.78it/s]

100%|██████████| 1/1 [00:00<00:00,  2.97it/s]100%|██████████| 1/1 [00:00<00:00,  2.96it/s]100%|██████████| 1/1 [00:00<00:00,  1.66it/s]
Predicted melting temperature: [76.4044418334961]
Predicted melting temperature: [57.28960418701172]
Predicted melting temperature: [64.96349334716797]
Predicted melting temperature: [62.25431823730469]
  seed_114 arm=t2_pos_extreme pH=7.4 targe   Tm=67.31  replicas=[68.9, 70.8, 62.3]
100%|██████████| 1/1 [00:00<00:00,  1.65it/s]  0%|          | 0/1 [00:00<?, ?it/s]
  0%|          | 0/1 [00:00<?, ?it/s]  0%|          | 0/1 [00:00<?, ?it/s]Predicted melting temperature: [72.25099182128906]
  0%|          | 0/1 [00:00<?, ?it/s]  0%|          | 0/1 [00:00<?, ?it/s]100%|██████████| 1/1 [00:00<00:00,  2.47it/s]100%|██████████| 1/1 [00:00<00:00,  2.46it/s]100%|██████████| 1/1 [00:00<00:00,  1.60it/s]
100%|██████████| 1/1 [00:00<00:00,  1.58it/s]100%|██████████| 1/1 [00:00<00:00,  1.52it/s]
100%|██████████| 1/1 [00:00<00:00,  1.51it/s]Predicted melting temperature: [64.63720703125]

100%|██████████| 1/1 [00:00<00:00,  2.38it/s]  0%|          | 0/1 [00:00<?, ?it/s]Predicted melting temperature: [57.18618392944336]
  seed_115 arm=t2_ph pH=7.4 target=均值占位 ch   Tm=53.99  replicas=[51.1, 53.7, 57.2]
100%|██████████| 1/1 [00:00<00:00,  2.37it/s]100%|██████████| 1/1 [00:00<00:00,  1.49it/s]
Predicted melting temperature: [66.54698944091797]
100%|██████████| 1/1 [00:00<00:00,  2.23it/s]Predicted melting temperature: [71.4797134399414]
  seed_113 arm=t2_pos_extreme pH=7.4 targe   Tm=70.21  replicas=[66.4, 72.7, 71.5]
  0%|          | 0/1 [00:00<?, ?it/s]100%|██████████| 1/1 [00:00<00:00,  1.47it/s]100%|██████████| 1/1 [00:00<00:00,  2.22it/s]
100%|██████████| 1/1 [00:00<00:00,  1.54it/s]
100%|██████████| 1/1 [00:00<00:00,  1.53it/s]100%|██████████| 1/1 [00:00<00:00,  3.23it/s]
100%|██████████| 1/1 [00:00<00:00,  1.46it/s]100%|██████████| 1/1 [00:00<00:00,  1.46it/s]100%|██████████| 1/1 [00:00<00:00,  3.20it/s]
  0%|          | 0/1 [00:00<?, ?it/s]
Predicted melting temperature: [76.78337860107422]
  0%|          | 0/1 [00:00<?, ?it/s]Predicted melting temperature: [59.28385925292969]
  seed_114 arm=t1_base pH=7.4 target=-1.0    Tm=69.52  replicas=[81.7, 67.6, 59.3]
  0%|          | 0/1 [00:00<?, ?it/s]Predicted melting temperature: [60.6973876953125]
Predicted melting temperature: [77.39994812011719]
  0%|          | 0/1 [00:00<?, ?it/s]  0%|          | 0/1 [00:00<?, ?it/s]Predicted melting temperature: [71.23992156982422]
  0%|          | 0/1 [00:00<?, ?it/s]100%|██████████| 1/1 [00:00<00:00,  2.02it/s]100%|██████████| 1/1 [00:00<00:00,  1.96it/s]  0%|          | 0/1 [00:00<?, ?it/s]
100%|██████████| 1/1 [00:00<00:00,  2.78it/s]Predicted melting temperature: [67.49724578857422]
  seed_115 arm=t2_pos pH=7.4 target=+11.0    Tm=69.17  replicas=[66.9, 73.2, 67.5]
100%|██████████| 1/1 [00:00<00:00,  2.77it/s]
100%|██████████| 1/1 [00:00<00:00,  1.39it/s]  0%|          | 0/1 [00:00<?, ?it/s]100%|██████████| 1/1 [00:00<00:00,  1.38it/s]Predicted melting temperature: [74.19070434570312]
100%|██████████| 1/1 [00:00<00:00,  2.28it/s]
100%|██████████| 1/1 [00:00<00:00,  2.26it/s]  0%|          | 0/1 [00:00<?, ?it/s]
Predicted melting temperature: [58.27469253540039]
  seed_115 arm=t2_neg pH=7.4 target=-5.0 c   Tm=64.33  replicas=[66.0, 68.7, 58.3]
100%|██████████| 1/1 [00:00<00:00,  1.89it/s]Predicted melting temperature: [78.10079193115234]
100%|██████████| 1/1 [00:00<00:00,  2.45it/s]  0%|          | 0/1 [00:00<?, ?it/s]100%|██████████| 1/1 [00:00<00:00,  2.45it/s]  0%|          | 0/1 [00:00<?, ?it/s]
100%|██████████| 1/1 [00:00<00:00,  1.87it/s]
Predicted melting temperature: [62.5189094543457]
  0%|          | 0/1 [00:00<?, ?it/s]Predicted melting temperature: [76.98388671875]
  0%|          | 0/1 [00:00<?, ?it/s]100%|██████████| 1/1 [00:00<00:00,  3.15it/s]100%|██████████| 1/1 [00:00<00:00,  3.15it/s]
Predicted melting temperature: [57.278343200683594]
  seed_114 arm=t2_pos pH=7.4 target=+2.0 c   Tm=57.15  replicas=[52.1, 62.1, 57.3]
  0%|          | 0/1 [00:00<?, ?it/s]100%|██████████| 1/1 [00:00<00:00,  2.85it/s]100%|██████████| 1/1 [00:00<00:00,  2.84it/s]
Predicted melting temperature: [82.27839660644531]
  0%|          | 0/1 [00:00<?, ?it/s]100%|██████████| 1/1 [00:00<00:00,  2.91it/s]100%|██████████| 1/1 [00:00<00:00,  2.85it/s]
Predicted melting temperature: [60.82871627807617]
  seed_113 arm=t2_pos_extreme pH=7.4 targe   Tm=60.18  replicas=[59.8, 59.9, 60.8]
100%|██████████| 1/1 [00:00<00:00,  2.01it/s]  0%|          | 0/1 [00:00<?, ?it/s]100%|██████████| 1/1 [00:00<00:00,  1.96it/s]
Predicted melting temperature: [71.36390686035156]
  0%|          | 0/1 [00:00<?, ?it/s]100%|██████████| 1/1 [00:00<00:00,  2.78it/s]100%|██████████| 1/1 [00:00<00:00,  2.75it/s]
100%|██████████| 1/1 [00:00<00:00,  2.01it/s]Predicted melting temperature: [73.92318725585938]
100%|██████████| 1/1 [00:00<00:00,  1.97it/s]
Predicted melting temperature: [75.42203521728516]
  seed_114 arm=t2_ph pH=7.4 target=均值占位 ch   Tm=69.29  replicas=[54.5, 78.0, 75.4]
  0%|          | 0/1 [00:00<?, ?it/s]100%|██████████| 1/1 [00:00<00:00,  3.98it/s]100%|██████████| 1/1 [00:00<00:00,  3.90it/s]
  0%|          | 0/1 [00:00<?, ?it/s]Predicted melting temperature: [63.52149200439453]
  0%|          | 0/1 [00:00<?, ?it/s]100%|██████████| 1/1 [00:00<00:00,  2.16it/s]100%|██████████| 1/1 [00:00<00:00,  2.16it/s]100%|██████████| 1/1 [00:00<00:00,  3.08it/s]
100%|██████████| 1/1 [00:00<00:00,  2.56it/s]100%|██████████| 1/1 [00:00<00:00,  2.52it/s]100%|██████████| 1/1 [00:00<00:00,  3.02it/s]
100%|██████████| 1/1 [00:00<00:00,  2.20it/s]
100%|██████████| 1/1 [00:00<00:00,  2.17it/s]
Predicted melting temperature: [76.72217559814453]
  seed_114 arm=t1_cond pH=7.4 target=+8.0    Tm=74.61  replicas=[74.9, 72.3, 76.7]
Predicted melting temperature: [68.80402374267578]
Predicted melting temperature: [52.394508361816406]
Predicted melting temperature: [69.20098876953125]
  0%|          | 0/1 [00:00<?, ?it/s]  0%|          | 0/1 [00:00<?, ?it/s]  0%|          | 0/1 [00:00<?, ?it/s]100%|██████████| 1/1 [00:00<00:00,  1.91it/s]100%|██████████| 1/1 [00:00<00:00,  1.14it/s]100%|██████████| 1/1 [00:00<00:00,  1.90it/s]
  0%|          | 0/1 [00:00<?, ?it/s]100%|██████████| 1/1 [00:00<00:00,  1.13it/s]Predicted melting temperature: [72.32054138183594]

  0%|          | 0/1 [00:00<?, ?it/s]Predicted melting temperature: [50.34452438354492]
  seed_113 arm=t2_ph pH=7.4 target=均值占位 ch   Tm=51.73  replicas=[48.7, 56.2, 50.3]
100%|██████████| 1/1 [00:00<00:00,  1.52it/s]100%|██████████| 1/1 [00:00<00:00,  1.51it/s]100%|██████████| 1/1 [00:00<00:00,  1.08it/s]
  0%|          | 0/1 [00:00<?, ?it/s]100%|██████████| 1/1 [00:00<00:00,  1.07it/s]
Predicted melting temperature: [57.11663818359375]
  seed_113 arm=t2_neg pH=7.4 target=+3.0 c   Tm=52.87  replicas=[47.0, 54.4, 57.1]
Predicted melting temperature: [68.98516845703125]
  0%|          | 0/1 [00:00<?, ?it/s]  0%|          | 0/1 [00:00<?, ?it/s]100%|██████████| 1/1 [00:00<00:00,  1.24it/s]100%|██████████| 1/1 [00:00<00:00,  2.44it/s]100%|██████████| 1/1 [00:00<00:00,  2.43it/s]100%|██████████| 1/1 [00:00<00:00,  1.23it/s]

Predicted melting temperature: [56.24959182739258]
  seed_114 arm=t1_base pH=7.4 target=+9.0    Tm=61.86  replicas=[55.1, 74.2, 56.2]
100%|██████████| 1/1 [00:00<00:00,  1.68it/s]100%|██████████| 1/1 [00:00<00:00,  1.67it/s]
Predicted melting temperature: [69.5382308959961]
  seed_114 arm=t1_cond pH=7.4 target=+8.0    Tm=74.69  replicas=[78.1, 76.4, 69.5]
Predicted melting temperature: [74.23007202148438]
  0%|          | 0/1 [00:00<?, ?it/s]  0%|          | 0/1 [00:00<?, ?it/s]100%|██████████| 1/1 [00:00<00:00,  2.90it/s]  0%|          | 0/1 [00:00<?, ?it/s]100%|██████████| 1/1 [00:00<00:00,  2.85it/s]100%|██████████| 1/1 [00:00<00:00,  1.61it/s]
100%|██████████| 1/1 [00:00<00:00,  1.60it/s]
Predicted melting temperature: [57.04224395751953]
  seed_115 arm=t1_cond pH=7.4 target=-1.0    Tm=55.08  replicas=[50.9, 57.3, 57.0]
Predicted melting temperature: [53.64391326904297]
  0%|          | 0/1 [00:00<?, ?it/s]  0%|          | 0/1 [00:00<?, ?it/s]100%|██████████| 1/1 [00:00<00:00,  2.84it/s]100%|██████████| 1/1 [00:00<00:00,  2.83it/s]
100%|██████████| 1/1 [00:00<00:00,  1.77it/s]100%|██████████| 1/1 [00:00<00:00,  1.75it/s]
Predicted melting temperature: [76.61215209960938]
100%|██████████| 1/1 [00:00<00:00,  1.75it/s]  0%|          | 0/1 [00:00<?, ?it/s]100%|██████████| 1/1 [00:00<00:00,  1.75it/s]Predicted melting temperature: [77.34465789794922]

100%|██████████| 1/1 [00:00<00:00,  2.86it/s]  0%|          | 0/1 [00:00<?, ?it/s]100%|██████████| 1/1 [00:00<00:00,  2.82it/s]
Predicted melting temperature: [59.32732009887695]
100%|██████████| 1/1 [00:00<00:00,  1.68it/s]100%|██████████| 1/1 [00:00<00:00,  1.67it/s]
  0%|          | 0/1 [00:00<?, ?it/s]Predicted melting temperature: [57.14080047607422]
100%|██████████| 1/1 [00:00<00:00,  1.91it/s]Predicted melting temperature: [64.65994262695312]
  seed_114 arm=t2_neg pH=7.4 target=+3.0 c   Tm=72.64  replicas=[75.9, 77.4, 64.7]
  0%|          | 0/1 [00:00<?, ?it/s]100%|██████████| 1/1 [00:00<00:00,  1.90it/s]
  0%|          | 0/1 [00:00<?, ?it/s]100%|██████████| 1/1 [00:00<00:00,  1.64it/s]100%|██████████| 1/1 [00:00<00:00,  1.57it/s]100%|██████████| 1/1 [00:00<00:00,  1.56it/s]100%|██████████| 1/1 [00:00<00:00,  1.62it/s]
Predicted melting temperature: [70.62918090820312]

100%|██████████| 1/1 [00:00<00:00,  1.50it/s]Predicted melting temperature: [55.54930877685547]
  seed_115 arm=t1_cond pH=7.4 target=+9.0    Tm=59.59  replicas=[52.0, 71.2, 55.5]
100%|██████████| 1/1 [00:00<00:00,  1.50it/s]  0%|          | 0/1 [00:00<?, ?it/s]
100%|██████████| 1/1 [00:00<00:00,  1.55it/s]Predicted melting temperature: [54.32341003417969]
  seed_115 arm=t2_pos pH=7.4 target=+12.0    Tm=57.84  replicas=[52.7, 66.5, 54.3]
100%|██████████| 1/1 [00:00<00:00,  1.53it/s]Predicted melting temperature: [62.09255599975586]

  0%|          | 0/1 [00:00<?, ?it/s]Predicted melting temperature: [80.79547882080078]
  seed_115 arm=t1_base pH=7.4 target=+8.0    Tm=79.05  replicas=[79.6, 76.8, 80.8]
100%|██████████| 1/1 [00:00<00:00,  1.63it/s]  0%|          | 0/1 [00:00<?, ?it/s]  0%|          | 0/1 [00:00<?, ?it/s]100%|██████████| 1/1 [00:00<00:00,  1.61it/s]
  0%|          | 0/1 [00:00<?, ?it/s]Predicted melting temperature: [77.10527038574219]
  0%|          | 0/1 [00:00<?, ?it/s]100%|██████████| 1/1 [00:00<00:00,  3.19it/s]100%|██████████| 1/1 [00:00<00:00,  3.18it/s]100%|██████████| 1/1 [00:00<00:00,  2.69it/s]
100%|██████████| 1/1 [00:00<00:00,  2.68it/s]
100%|██████████| 1/1 [00:00<00:00,  1.61it/s]100%|██████████| 1/1 [00:00<00:00,  1.59it/s]Predicted melting temperature: [57.100826263427734]

100%|██████████| 1/1 [00:00<00:00,  1.54it/s]Predicted melting temperature: [70.10877990722656]
  0%|          | 0/1 [00:00<?, ?it/s]Predicted melting temperature: [67.4458999633789]
  seed_114 arm=t1_base pH=7.4 target=+8.0    Tm=71.89  replicas=[71.2, 77.0, 67.4]
  0%|          | 0/1 [00:00<?, ?it/s]100%|██████████| 1/1 [00:00<00:00,  1.53it/s]
100%|██████████| 1/1 [00:00<00:00,  2.88it/s]100%|██████████| 1/1 [00:00<00:00,  2.82it/s]
Predicted melting temperature: [59.17625045776367]
  seed_114 arm=t2_pos pH=7.4 target=+3.0 c   Tm=64.31  replicas=[65.0, 68.8, 59.2]
  0%|          | 0/1 [00:00<?, ?it/s]100%|██████████| 1/1 [00:00<00:00,  2.81it/s]Predicted melting temperature: [75.3171157836914]
  0%|          | 0/1 [00:00<?, ?it/s]100%|██████████| 1/1 [00:00<00:00,  2.75it/s]
Predicted melting temperature: [57.4158935546875]
  seed_115 arm=t2_ph pH=7.4 target=均值占位 ch   Tm=63.75  replicas=[64.6, 69.2, 57.4]
  0%|          | 0/1 [00:00<?, ?it/s]  0%|          | 0/1 [00:00<?, ?it/s]100%|██████████| 1/1 [00:00<00:00,  2.06it/s]100%|██████████| 1/1 [00:00<00:00,  2.06it/s]
100%|██████████| 1/1 [00:00<00:00,  1.84it/s]100%|██████████| 1/1 [00:00<00:00,  1.81it/s]
Predicted melting temperature: [58.38187026977539]
  seed_114 arm=t1_base pH=7.4 target=+0.0    Tm=65.32  replicas=[66.2, 71.4, 58.4]
Predicted melting temperature: [72.84976196289062]
100%|██████████| 1/1 [00:00<00:00,  2.35it/s]  0%|          | 0/1 [00:00<?, ?it/s]  0%|          | 0/1 [00:00<?, ?it/s]100%|██████████| 1/1 [00:00<00:00,  2.32it/s]
100%|██████████| 1/1 [00:00<00:00,  1.94it/s]100%|██████████| 1/1 [00:00<00:00,  1.94it/s]Predicted melting temperature: [77.03850555419922]

  0%|          | 0/1 [00:00<?, ?it/s]Predicted melting temperature: [53.17634201049805]
  0%|          | 0/1 [00:00<?, ?it/s]100%|██████████| 1/1 [00:00<00:00,  2.82it/s]100%|██████████| 1/1 [00:00<00:00,  2.11it/s]100%|██████████| 1/1 [00:00<00:00,  2.11it/s]100%|██████████| 1/1 [00:00<00:00,  2.79it/s]

Predicted melting temperature: [59.31000518798828]
  seed_113 arm=t2_pos pH=7.4 target=+11.0    Tm=64.08  replicas=[60.6, 72.3, 59.3]
100%|██████████| 1/1 [00:00<00:00,  3.11it/s]100%|██████████| 1/1 [00:00<00:00,  3.06it/s]
  0%|          | 0/1 [00:00<?, ?it/s]Predicted melting temperature: [59.31462860107422]
Predicted melting temperature: [71.38924407958984]
  seed_114 arm=t2_pos_extreme pH=7.4 targe   Tm=76.76  replicas=[82.3, 76.6, 71.4]
  0%|          | 0/1 [00:00<?, ?it/s]  0%|          | 0/1 [00:00<?, ?it/s]100%|██████████| 1/1 [00:00<00:00,  2.80it/s]100%|██████████| 1/1 [00:00<00:00,  2.80it/s]100%|██████████| 1/1 [00:00<00:00,  2.10it/s]
100%|██████████| 1/1 [00:00<00:00,  3.01it/s]100%|██████████| 1/1 [00:00<00:00,  2.98it/s]100%|██████████| 1/1 [00:00<00:00,  2.08it/s]

Predicted melting temperature: [59.834468841552734]
  seed_116 arm=t1_cond pH=7.4 target=+0.0    Tm=64.33  replicas=[62.5, 70.6, 59.8]
Predicted melting temperature: [60.321937561035156]
  0%|          | 0/1 [00:00<?, ?it/s]Predicted melting temperature: [53.82575225830078]
  0%|          | 0/1 [00:00<?, ?it/s]  0%|          | 0/1 [00:00<?, ?it/s]100%|██████████| 1/1 [00:00<00:00,  1.92it/s]100%|██████████| 1/1 [00:00<00:00,  1.89it/s]
100%|██████████| 1/1 [00:00<00:00,  2.04it/s]100%|██████████| 1/1 [00:00<00:00,  2.03it/s]100%|██████████| 1/1 [00:00<00:00,  2.28it/s]
Predicted melting temperature: [68.61215209960938]
  0%|          | 0/1 [00:00<?, ?it/s]100%|██████████| 1/1 [00:00<00:00,  2.24it/s]
Predicted melting temperature: [55.00529479980469]
  0%|          | 0/1 [00:00<?, ?it/s]Predicted melting temperature: [74.13422393798828]
  0%|          | 0/1 [00:00<?, ?it/s]100%|██████████| 1/1 [00:00<00:00,  2.73it/s]100%|██████████| 1/1 [00:00<00:00,  2.73it/s]100%|██████████| 1/1 [00:00<00:00,  2.23it/s]
100%|██████████| 1/1 [00:00<00:00,  1.55it/s]100%|██████████| 1/1 [00:00<00:00,  2.36it/s]Predicted melting temperature: [57.96939468383789]
  seed_115 arm=t1_base pH=7.4 target=-1.0    Tm=55.82  replicas=[52.4, 57.1, 58.0]
100%|██████████| 1/1 [00:00<00:00,  2.19it/s]100%|██████████| 1/1 [00:00<00:00,  1.54it/s]
100%|██████████| 1/1 [00:00<00:00,  2.35it/s]

  0%|          | 0/1 [00:00<?, ?it/s]Predicted melting temperature: [73.44779968261719]
Predicted melting temperature: [74.88088989257812]
Predicted melting temperature: [51.598655700683594]
  0%|          | 0/1 [00:00<?, ?it/s]  0%|          | 0/1 [00:00<?, ?it/s]  0%|          | 0/1 [00:00<?, ?it/s]100%|██████████| 1/1 [00:00<00:00,  1.86it/s]100%|██████████| 1/1 [00:00<00:00,  2.53it/s]100%|██████████| 1/1 [00:00<00:00,  2.52it/s]
100%|██████████| 1/1 [00:00<00:00,  1.80it/s]Predicted melting temperature: [73.55821228027344]

  0%|          | 0/1 [00:00<?, ?it/s]100%|██████████| 1/1 [00:00<00:00,  1.96it/s]Predicted melting temperature: [59.717933654785156]
  seed_114 arm=t2_neg pH=7.4 target=-6.0 c   Tm=59.91  replicas=[60.7, 59.3, 59.7]
100%|██████████| 1/1 [00:00<00:00,  1.93it/s]
100%|██████████| 1/1 [00:00<00:00,  1.46it/s]  0%|          | 0/1 [00:00<?, ?it/s]100%|██████████| 1/1 [00:00<00:00,  1.44it/s]100%|██████████| 1/1 [00:00<00:00,  1.75it/s]
Predicted melting temperature: [56.467247009277344]
  0%|          | 0/1 [00:00<?, ?it/s]100%|██████████| 1/1 [00:00<00:00,  1.73it/s]100%|██████████| 1/1 [00:00<00:00,  2.12it/s]
100%|██████████| 1/1 [00:00<00:00,  2.09it/s]
Predicted melting temperature: [59.94395446777344]
  seed_116 arm=t2_neg pH=7.4 target=-5.0 c   Tm=64.52  replicas=[63.5, 70.1, 59.9]
Predicted melting temperature: [77.87703704833984]
  0%|          | 0/1 [00:00<?, ?it/s]Predicted melting temperature: [69.63311004638672]
  0%|          | 0/1 [00:00<?, ?it/s]100%|██████████| 1/1 [00:00<00:00,  2.49it/s]  0%|          | 0/1 [00:00<?, ?it/s]100%|██████████| 1/1 [00:00<00:00,  1.75it/s]100%|██████████| 1/1 [00:00<00:00,  2.42it/s]100%|██████████| 1/1 [00:00<00:00,  1.73it/s]

Predicted melting temperature: [61.76421356201172]
  seed_115 arm=t2_pos_extreme pH=7.4 targe   Tm=69.51  replicas=[73.9, 72.8, 61.8]
Predicted melting temperature: [54.627586364746094]
100%|██████████| 1/1 [00:00<00:00,  2.60it/s]  0%|          | 0/1 [00:00<?, ?it/s]100%|██████████| 1/1 [00:00<00:00,  2.58it/s]
100%|██████████| 1/1 [00:00<00:00,  2.47it/s]  0%|          | 0/1 [00:00<?, ?it/s]100%|██████████| 1/1 [00:00<00:00,  1.18it/s]100%|██████████| 1/1 [00:00<00:00,  1.18it/s]100%|██████████| 1/1 [00:00<00:00,  2.38it/s]
Predicted melting temperature: [57.944583892822266]

  0%|          | 0/1 [00:00<?, ?it/s]100%|██████████| 1/1 [00:00<00:00,  1.61it/s]100%|██████████| 1/1 [00:00<00:00,  1.61it/s]
Predicted melting temperature: [73.36549377441406]
Predicted melting temperature: [76.87040710449219]
  0%|          | 0/1 [00:00<?, ?it/s]  0%|          | 0/1 [00:00<?, ?it/s]Predicted melting temperature: [72.42068481445312]
  0%|          | 0/1 [00:00<?, ?it/s]100%|██████████| 1/1 [00:00<00:00,  2.61it/s]100%|██████████| 1/1 [00:00<00:00,  2.59it/s]100%|██████████| 1/1 [00:00<00:00,  3.00it/s]
100%|██████████| 1/1 [00:00<00:00,  1.94it/s]100%|██████████| 1/1 [00:00<00:00,  1.93it/s]100%|██████████| 1/1 [00:00<00:00,  2.96it/s]

Predicted melting temperature: [50.148983001708984]
  seed_114 arm=t2_pos_extreme pH=7.4 targe   Tm=55.87  replicas=[57.1, 60.3, 50.1]
Predicted melting temperature: [55.34302520751953]
100%|██████████| 1/1 [00:00<00:00,  1.12it/s]100%|██████████| 1/1 [00:00<00:00,  1.65it/s]Predicted melting temperature: [64.63720703125]
  0%|          | 0/1 [00:00<?, ?it/s]100%|██████████| 1/1 [00:00<00:00,  1.63it/s]
Predicted melting temperature: [75.01421356201172]
  seed_114 arm=t2_pos_extreme pH=7.4 targe   Tm=76.14  replicas=[78.1, 75.3, 75.0]
  0%|          | 0/1 [00:00<?, ?it/s]100%|██████████| 1/1 [00:00<00:00,  1.11it/s]100%|██████████| 1/1 [00:00<00:00,  2.17it/s]100%|██████████| 1/1 [00:00<00:00,  2.78it/s]  0%|          | 0/1 [00:00<?, ?it/s]  0%|          | 0/1 [00:00<?, ?it/s]
Predicted melting temperature: [49.323951721191406]
  seed_115 arm=t2_neg pH=7.4 target=+4.0 c   Tm=57.08  replicas=[52.9, 69.0, 49.3]
100%|██████████| 1/1 [00:00<00:00,  2.05it/s]100%|██████████| 1/1 [00:00<00:00,  2.60it/s]

100%|██████████| 1/1 [00:00<00:00,  2.16it/s]100%|██████████| 1/1 [00:00<00:00,  1.53it/s]100%|██████████| 1/1 [00:00<00:00,  2.12it/s]
Predicted melting temperature: [62.10631561279297]
  seed_115 arm=t2_pos pH=7.4 target=+2.0 c   Tm=58.35  replicas=[53.6, 59.3, 62.1]
100%|██████████| 1/1 [00:00<00:00,  1.52it/s]
Predicted melting temperature: [75.934326171875]
  0%|          | 0/1 [00:00<?, ?it/s]  0%|          | 0/1 [00:00<?, ?it/s]Predicted melting temperature: [80.91635131835938]
Predicted melting temperature: [68.96427917480469]
  0%|          | 0/1 [00:00<?, ?it/s]  0%|          | 0/1 [00:00<?, ?it/s]  0%|          | 0/1 [00:00<?, ?it/s]100%|██████████| 1/1 [00:00<00:00,  2.62it/s]100%|██████████| 1/1 [00:00<00:00,  2.61it/s]
100%|██████████| 1/1 [00:00<00:00,  2.27it/s]100%|██████████| 1/1 [00:00<00:00,  2.24it/s]Predicted melting temperature: [57.193687438964844]

  0%|          | 0/1 [00:00<?, ?it/s]Predicted melting temperature: [70.53903198242188]
  0%|          | 0/1 [00:00<?, ?it/s]100%|██████████| 1/1 [00:00<00:00,  2.22it/s]100%|██████████| 1/1 [00:00<00:00,  2.21it/s]
Predicted melting temperature: [75.13442993164062]
  seed_114 arm=t2_pos_extreme pH=7.4 targe   Tm=75.54  replicas=[77.3, 74.1, 75.1]
100%|██████████| 1/1 [00:00<00:00,  1.32it/s]100%|██████████| 1/1 [00:00<00:00,  1.32it/s]100%|██████████| 1/1 [00:00<00:00,  2.52it/s]
100%|██████████| 1/1 [00:00<00:00,  2.50it/s]  0%|          | 0/1 [00:00<?, ?it/s]
Predicted melting temperature: [74.87364196777344]
  seed_116 arm=t2_pos pH=7.4 target=+11.0    Tm=75.14  replicas=[77.1, 73.4, 74.9]
Predicted melting temperature: [73.01148986816406]
  0%|          | 0/1 [00:00<?, ?it/s]  0%|          | 0/1 [00:00<?, ?it/s]100%|██████████| 1/1 [00:00<00:00,  2.22it/s]100%|██████████| 1/1 [00:00<00:00,  2.22it/s]
100%|██████████| 1/1 [00:00<00:00,  2.31it/s]100%|██████████| 1/1 [00:00<00:00,  2.31it/s]100%|██████████| 1/1 [00:00<00:00,  2.25it/s]
Predicted melting temperature: [53.67197036743164]
100%|██████████| 1/1 [00:00<00:00,  2.82it/s]  0%|          | 0/1 [00:00<?, ?it/s]100%|██████████| 1/1 [00:00<00:00,  2.80it/s]
100%|██████████| 1/1 [00:00<00:00,  2.20it/s]Predicted melting temperature: [66.82389831542969]

  0%|          | 0/1 [00:00<?, ?it/s]Predicted melting temperature: [66.5683822631836]
  0%|          | 0/1 [00:00<?, ?it/s]Predicted melting temperature: [77.06736755371094]
  0%|          | 0/1 [00:00<?, ?it/s]100%|██████████| 1/1 [00:00<00:00,  1.65it/s]100%|██████████| 1/1 [00:00<00:00,  1.65it/s]
Predicted melting temperature: [74.1500473022461]
  0%|          | 0/1 [00:00<?, ?it/s]100%|██████████| 1/1 [00:00<00:00,  2.43it/s]100%|██████████| 1/1 [00:00<00:00,  2.42it/s]
100%|██████████| 1/1 [00:00<00:00,  3.14it/s]100%|██████████| 1/1 [00:00<00:00,  2.45it/s]Predicted melting temperature: [69.9129409790039]
  0%|          | 0/1 [00:00<?, ?it/s]100%|██████████| 1/1 [00:00<00:00,  2.42it/s]
Predicted melting temperature: [48.958927154541016]
  seed_115 arm=t2_ph pH=7.4 target=均值占位 ch   Tm=53.36  replicas=[53.2, 57.9, 49.0]
100%|██████████| 1/1 [00:00<00:00,  3.08it/s]
100%|██████████| 1/1 [00:00<00:00,  2.27it/s]100%|██████████| 1/1 [00:00<00:00,  2.01it/s]100%|██████████| 1/1 [00:00<00:00,  2.24it/s]100%|██████████| 1/1 [00:00<00:00,  2.00it/s]Predicted melting temperature: [69.20098876953125]


  0%|          | 0/1 [00:00<?, ?it/s]100%|██████████| 1/1 [00:00<00:00,  2.36it/s]Predicted melting temperature: [59.44243621826172]
  seed_116 arm=t2_ph pH=7.4 target=均值占位 ch   Tm=59.33  replicas=[62.1, 56.5, 59.4]
  0%|          | 0/1 [00:00<?, ?it/s]100%|██████████| 1/1 [00:00<00:00,  2.32it/s]
Predicted melting temperature: [68.1202621459961]
  seed_115 arm=t1_cond pH=7.4 target=+8.0    Tm=72.84  replicas=[77.0, 73.4, 68.1]
  0%|          | 0/1 [00:00<?, ?it/s]Predicted melting temperature: [71.90933990478516]
100%|██████████| 1/1 [00:00<00:00,  2.83it/s]  0%|          | 0/1 [00:00<?, ?it/s]100%|██████████| 1/1 [00:00<00:00,  2.82it/s]  0%|          | 0/1 [00:00<?, ?it/s]
100%|██████████| 1/1 [00:00<00:00,  2.95it/s]100%|██████████| 1/1 [00:00<00:00,  2.92it/s]
Predicted melting temperature: [51.219520568847656]
  0%|          | 0/1 [00:00<?, ?it/s]Predicted melting temperature: [51.838531494140625]
100%|██████████| 1/1 [00:00<00:00,  2.12it/s]100%|██████████| 1/1 [00:00<00:00,  2.75it/s]  0%|          | 0/1 [00:00<?, ?it/s]100%|██████████| 1/1 [00:00<00:00,  2.10it/s]
100%|██████████| 1/1 [00:00<00:00,  2.72it/s]
Predicted melting temperature: [76.34712219238281]
  0%|          | 0/1 [00:00<?, ?it/s]Predicted melting temperature: [74.7921371459961]
  0%|          | 0/1 [00:00<?, ?it/s]100%|██████████| 1/1 [00:00<00:00,  2.81it/s]100%|██████████| 1/1 [00:00<00:00,  2.81it/s]100%|██████████| 1/1 [00:00<00:00,  1.95it/s]
100%|██████████| 1/1 [00:00<00:00,  1.95it/s]Predicted melting temperature: [60.25171661376953]
  seed_116 arm=t1_cond pH=7.4 target=-1.0    Tm=57.48  replicas=[55.0, 57.2, 60.3]

Predicted melting temperature: [72.00527954101562]
  0%|          | 0/1 [00:00<?, ?it/s]  0%|          | 0/1 [00:00<?, ?it/s]100%|██████████| 1/1 [00:00<00:00,  1.47it/s]100%|██████████| 1/1 [00:00<00:00,  1.46it/s]
100%|██████████| 1/1 [00:00<00:00,  1.49it/s]100%|██████████| 1/1 [00:00<00:00,  1.47it/s]Predicted melting temperature: [70.91975402832031]

  0%|          | 0/1 [00:00<?, ?it/s]Predicted melting temperature: [58.484622955322266]
  0%|          | 0/1 [00:00<?, ?it/s]100%|██████████| 1/1 [00:00<00:00,  1.47it/s]100%|██████████| 1/1 [00:00<00:00,  1.92it/s]100%|██████████| 1/1 [00:00<00:00,  2.32it/s]100%|██████████| 1/1 [00:00<00:00,  2.31it/s]
100%|██████████| 1/1 [00:00<00:00,  1.88it/s]
Predicted melting temperature: [49.35432815551758]
  seed_115 arm=t1_base pH=7.4 target=+9.0    Tm=57.91  replicas=[53.8, 70.5, 49.4]
100%|██████████| 1/1 [00:00<00:00,  1.44it/s]
Predicted melting temperature: [65.93477630615234]
  seed_114 arm=t2_ph pH=7.4 target=均值占位 ch   Tm=72.68  replicas=[74.2, 77.9, 65.9]
  0%|          | 0/1 [00:00<?, ?it/s]  0%|          | 0/1 [00:00<?, ?it/s]100%|██████████| 1/1 [00:00<00:00,  2.64it/s]Predicted melting temperature: [70.38019561767578]
100%|██████████| 1/1 [00:00<00:00,  2.60it/s]
  0%|          | 0/1 [00:00<?, ?it/s]100%|██████████| 1/1 [00:00<00:00,  1.41it/s]100%|██████████| 1/1 [00:00<00:00,  2.90it/s]100%|██████████| 1/1 [00:00<00:00,  2.88it/s]100%|██████████| 1/1 [00:00<00:00,  1.40it/s]
Predicted melting temperature: [74.80873107910156]

100%|██████████| 1/1 [00:00<00:00,  1.76it/s]  0%|          | 0/1 [00:00<?, ?it/s]100%|██████████| 1/1 [00:00<00:00,  2.43it/s]100%|██████████| 1/1 [00:00<00:00,  1.71it/s]100%|██████████| 1/1 [00:00<00:00,  2.42it/s]
Predicted melting temperature: [73.51882934570312]

  0%|          | 0/1 [00:00<?, ?it/s]Predicted melting temperature: [76.67448425292969]
Predicted melting temperature: [69.63946533203125]
Predicted melting temperature: [59.57987976074219]
100%|██████████| 1/1 [00:00<00:00,  2.47it/s]  0%|          | 0/1 [00:00<?, ?it/s]  0%|          | 0/1 [00:00<?, ?it/s]  0%|          | 0/1 [00:00<?, ?it/s]100%|██████████| 1/1 [00:00<00:00,  2.44it/s]
Predicted melting temperature: [57.11713409423828]
  0%|          | 0/1 [00:00<?, ?it/s]100%|██████████| 1/1 [00:00<00:00,  1.96it/s]100%|██████████| 1/1 [00:00<00:00,  1.96it/s]
100%|██████████| 1/1 [00:00<00:00,  2.94it/s]100%|██████████| 1/1 [00:00<00:00,  2.94it/s]
Predicted melting temperature: [57.4158935546875]
  seed_115 arm=t1_base pH=7.4 target=+0.0    Tm=63.75  replicas=[64.6, 69.2, 57.4]
Predicted melting temperature: [67.70357513427734]
  0%|          | 0/1 [00:00<?, ?it/s]  0%|          | 0/1 [00:00<?, ?it/s]100%|██████████| 1/1 [00:00<00:00,  2.15it/s]100%|██████████| 1/1 [00:00<00:00,  2.12it/s]100%|██████████| 1/1 [00:00<00:00,  1.48it/s]
100%|██████████| 1/1 [00:00<00:00,  3.15it/s]Predicted melting temperature: [73.88977813720703]
  seed_114 arm=t2_neg pH=7.4 target=+3.0 c   Tm=75.28  replicas=[74.9, 77.1, 73.9]
100%|██████████| 1/1 [00:00<00:00,  1.48it/s]
100%|██████████| 1/1 [00:00<00:00,  3.14it/s]
Predicted melting temperature: [54.649803161621094]
Predicted melting temperature: [51.51850891113281]
  0%|          | 0/1 [00:00<?, ?it/s]100%|██████████| 1/1 [00:00<00:00,  2.75it/s]  0%|          | 0/1 [00:00<?, ?it/s]  0%|          | 0/1 [00:00<?, ?it/s]100%|██████████| 1/1 [00:00<00:00,  2.70it/s]
Predicted melting temperature: [62.31235122680664]
100%|██████████| 1/1 [00:00<00:00,  2.72it/s]  0%|          | 0/1 [00:00<?, ?it/s]100%|██████████| 1/1 [00:00<00:00,  2.72it/s]100%|██████████| 1/1 [00:00<00:00,  1.84it/s]
100%|██████████| 1/1 [00:00<00:00,  1.82it/s]
Predicted melting temperature: [50.73490905761719]
  seed_116 arm=t1_cond pH=7.4 target=+9.0    Tm=56.30  replicas=[51.6, 66.6, 50.7]
Predicted melting temperature: [54.64021301269531]
100%|██████████| 1/1 [00:00<00:00,  2.41it/s]100%|██████████| 1/1 [00:00<00:00,  2.37it/s]
  0%|          | 0/1 [00:00<?, ?it/s]Predicted melting temperature: [71.02340698242188]
  0%|          | 0/1 [00:00<?, ?it/s]100%|██████████| 1/1 [00:00<00:00,  2.04it/s]100%|██████████| 1/1 [00:00<00:00,  2.31it/s]  0%|          | 0/1 [00:00<?, ?it/s]100%|██████████| 1/1 [00:00<00:00,  2.02it/s]100%|██████████| 1/1 [00:00<00:00,  2.28it/s]

Predicted melting temperature: [59.846588134765625]
  seed_116 arm=t2_pos pH=7.4 target=+12.0    Tm=62.13  replicas=[54.6, 71.9, 59.8]
100%|██████████| 1/1 [00:00<00:00,  1.26it/s]Predicted melting temperature: [71.75801849365234]
  0%|          | 0/1 [00:00<?, ?it/s]100%|██████████| 1/1 [00:00<00:00,  1.25it/s]
  0%|          | 0/1 [00:00<?, ?it/s]100%|██████████| 1/1 [00:00<00:00,  2.65it/s]100%|██████████| 1/1 [00:00<00:00,  2.27it/s]Predicted melting temperature: [76.39208221435547]
  0%|          | 0/1 [00:00<?, ?it/s]100%|██████████| 1/1 [00:00<00:00,  2.25it/s]100%|██████████| 1/1 [00:00<00:00,  2.59it/s]100%|██████████| 1/1 [00:00<00:00,  1.23it/s]

Predicted melting temperature: [73.06482696533203]
  seed_114 arm=t2_ph pH=7.4 target=均值占位 ch   Tm=75.43  replicas=[76.9, 76.3, 73.1]
100%|██████████| 1/1 [00:00<00:00,  1.22it/s]
100%|██████████| 1/1 [00:00<00:00,  1.86it/s]Predicted melting temperature: [55.412864685058594]
100%|██████████| 1/1 [00:00<00:00,  1.83it/s]
  0%|          | 0/1 [00:00<?, ?it/s]  0%|          | 0/1 [00:00<?, ?it/s]Predicted melting temperature: [74.41275024414062]
Predicted melting temperature: [51.941532135009766]
  0%|          | 0/1 [00:00<?, ?it/s]  0%|          | 0/1 [00:00<?, ?it/s]100%|██████████| 1/1 [00:00<00:00,  1.61it/s]100%|██████████| 1/1 [00:00<00:00,  1.61it/s]
Predicted melting temperature: [61.922523498535156]
  seed_115 arm=t1_cond pH=7.4 target=+8.0    Tm=68.23  replicas=[68.6, 74.2, 61.9]
100%|██████████| 1/1 [00:00<00:00,  2.95it/s]100%|██████████| 1/1 [00:00<00:00,  2.81it/s]100%|██████████| 1/1 [00:00<00:00,  2.06it/s]
Predicted melting temperature: [64.31896209716797]
  seed_116 arm=t2_ph pH=7.4 target=均值占位 ch   Tm=70.71  replicas=[73.0, 74.8, 64.3]
100%|██████████| 1/1 [00:00<00:00,  2.37it/s]100%|██████████| 1/1 [00:00<00:00,  2.37it/s]
100%|██████████| 1/1 [00:00<00:00,  2.05it/s]  0%|          | 0/1 [00:00<?, ?it/s]
Predicted melting temperature: [74.43412780761719]
  seed_116 arm=t1_base pH=7.4 target=+8.0    Tm=72.95  replicas=[72.4, 72.0, 74.4]
100%|██████████| 1/1 [00:00<00:00,  2.24it/s]100%|██████████| 1/1 [00:00<00:00,  2.17it/s]Predicted melting temperature: [51.8062744140625]
100%|██████████| 1/1 [00:00<00:00,  2.40it/s]  0%|          | 0/1 [00:00<?, ?it/s]100%|██████████| 1/1 [00:00<00:00,  2.34it/s]
Predicted melting temperature: [60.520660400390625]
  seed_115 arm=t2_pos_extreme pH=7.4 targe   Tm=62.08  replicas=[55.3, 70.4, 60.5]
  0%|          | 0/1 [00:00<?, ?it/s]100%|██████████| 1/1 [00:00<00:00,  1.80it/s]100%|██████████| 1/1 [00:00<00:00,  3.02it/s]
  0%|          | 0/1 [00:00<?, ?it/s]100%|██████████| 1/1 [00:00<00:00,  2.89it/s]100%|██████████| 1/1 [00:00<00:00,  1.75it/s]
  0%|          | 0/1 [00:00<?, ?it/s]Predicted melting temperature: [56.55742645263672]

100%|██████████| 1/1 [00:00<00:00,  2.64it/s]Predicted melting temperature: [56.11730194091797]
  seed_116 arm=t1_base pH=7.4 target=-1.0    Tm=55.64  replicas=[53.7, 57.1, 56.1]
  0%|          | 0/1 [00:00<?, ?it/s]Predicted melting temperature: [66.8530502319336]
  seed_117 arm=t1_cond pH=7.4 target=+0.0    Tm=72.53  replicas=[75.9, 74.8, 66.9]
100%|██████████| 1/1 [00:00<00:00,  2.62it/s]
  0%|          | 0/1 [00:00<?, ?it/s]Predicted melting temperature: [66.02909851074219]
  0%|          | 0/1 [00:00<?, ?it/s]  0%|          | 0/1 [00:00<?, ?it/s]100%|██████████| 1/1 [00:00<00:00,  2.87it/s]100%|██████████| 1/1 [00:00<00:00,  2.81it/s]
Predicted melting temperature: [73.01148986816406]
  0%|          | 0/1 [00:00<?, ?it/s]100%|██████████| 1/1 [00:00<00:00,  2.88it/s]100%|██████████| 1/1 [00:00<00:00,  2.87it/s]
100%|██████████| 1/1 [00:00<00:00,  2.10it/s]Predicted melting temperature: [53.58567810058594]
  seed_116 arm=t2_pos pH=7.4 target=+2.0 c   Tm=53.36  replicas=[51.8, 54.6, 53.6]
100%|██████████| 1/1 [00:00<00:00,  2.08it/s]
Predicted melting temperature: [64.28413391113281]
  seed_117 arm=t2_neg pH=7.4 target=-5.0 c   Tm=68.21  replicas=[66.8, 73.5, 64.3]
  0%|          | 0/1 [00:00<?, ?it/s]  0%|          | 0/1 [00:00<?, ?it/s]100%|██████████| 1/1 [00:00<00:00,  1.61it/s]100%|██████████| 1/1 [00:00<00:00,  1.61it/s]100%|██████████| 1/1 [00:00<00:00,  2.81it/s]
Predicted melting temperature: [58.26789093017578]
  seed_115 arm=t2_pos pH=7.4 target=+3.0 c   Tm=67.58  replicas=[73.6, 70.9, 58.3]
100%|██████████| 1/1 [00:00<00:00,  2.78it/s]
Predicted melting temperature: [60.7052001953125]
  0%|          | 0/1 [00:00<?, ?it/s]  0%|          | 0/1 [00:00<?, ?it/s]100%|██████████| 1/1 [00:00<00:00,  2.19it/s]100%|██████████| 1/1 [00:00<00:00,  1.64it/s]100%|██████████| 1/1 [00:00<00:00,  2.17it/s]
100%|██████████| 1/1 [00:00<00:00,  1.64it/s]100%|██████████| 1/1 [00:00<00:00,  2.76it/s]
100%|██████████| 1/1 [00:00<00:00,  2.74it/s]Predicted melting temperature: [71.91571044921875]

Predicted melting temperature: [54.233482360839844]
  seed_115 arm=t2_pos_extreme pH=7.4 targe   Tm=53.36  replicas=[51.2, 54.6, 54.2]
  0%|          | 0/1 [00:00<?, ?it/s]100%|██████████| 1/1 [00:00<00:00,  2.25it/s]Predicted melting temperature: [74.18486022949219]
  0%|          | 0/1 [00:00<?, ?it/s]100%|██████████| 1/1 [00:00<00:00,  2.22it/s]  0%|          | 0/1 [00:00<?, ?it/s]
Predicted melting temperature: [69.18049621582031]
  0%|          | 0/1 [00:00<?, ?it/s]100%|██████████| 1/1 [00:00<00:00,  1.56it/s]100%|██████████| 1/1 [00:00<00:00,  1.56it/s]
Predicted melting temperature: [55.593849182128906]
  seed_115 arm=t2_neg pH=7.4 target=+3.0 c   Tm=67.30  replicas=[69.6, 76.7, 55.6]
  0%|          | 0/1 [00:00<?, ?it/s]100%|██████████| 1/1 [00:00<00:00,  1.78it/s]100%|██████████| 1/1 [00:00<00:00,  1.78it/s]
100%|██████████| 1/1 [00:00<00:00,  3.06it/s]100%|██████████| 1/1 [00:00<00:00,  3.05it/s]Predicted melting temperature: [78.96435546875]

  0%|          | 0/1 [00:00<?, ?it/s]Predicted melting temperature: [48.18095016479492]
100%|██████████| 1/1 [00:00<00:00,  2.30it/s]  0%|          | 0/1 [00:00<?, ?it/s]100%|██████████| 1/1 [00:00<00:00,  2.27it/s]100%|██████████| 1/1 [00:00<00:00,  2.01it/s]
100%|██████████| 1/1 [00:00<00:00,  1.98it/s]100%|██████████| 1/1 [00:00<00:00,  1.39it/s]
100%|██████████| 1/1 [00:00<00:00,  1.38it/s]Predicted melting temperature: [62.38102340698242]

100%|██████████| 1/1 [00:00<00:00,  3.06it/s]  0%|          | 0/1 [00:00<?, ?it/s]100%|██████████| 1/1 [00:00<00:00,  3.02it/s]Predicted melting temperature: [52.344276428222656]

  0%|          | 0/1 [00:00<?, ?it/s]Predicted melting temperature: [73.4525146484375]
  0%|          | 0/1 [00:00<?, ?it/s]100%|██████████| 1/1 [00:00<00:00,  2.59it/s]Predicted melting temperature: [62.133399963378906]
  0%|          | 0/1 [00:00<?, ?it/s]100%|██████████| 1/1 [00:00<00:00,  2.53it/s]100%|██████████| 1/1 [00:00<00:00,  1.68it/s]
100%|██████████| 1/1 [00:00<00:00,  1.67it/s]
Predicted melting temperature: [70.91021728515625]
  0%|          | 0/1 [00:00<?, ?it/s]Predicted melting temperature: [72.68853759765625]
100%|██████████| 1/1 [00:00<00:00,  2.52it/s]100%|██████████| 1/1 [00:00<00:00,  2.70it/s]  0%|          | 0/1 [00:00<?, ?it/s]100%|██████████| 1/1 [00:00<00:00,  2.50it/s]100%|██████████| 1/1 [00:00<00:00,  2.69it/s]
100%|██████████| 1/1 [00:00<00:00,  2.86it/s]
Predicted melting temperature: [57.49287796020508]
  seed_115 arm=t2_neg pH=7.4 target=-6.0 c   Tm=57.51  replicas=[58.5, 56.6, 57.5]
Predicted melting temperature: [56.55451583862305]
  seed_117 arm=t2_pos pH=7.4 target=+11.0    Tm=60.72  replicas=[59.6, 66.0, 56.6]
100%|██████████| 1/1 [00:00<00:00,  2.83it/s]
100%|██████████| 1/1 [00:00<00:00,  1.64it/s]100%|██████████| 1/1 [00:00<00:00,  1.63it/s]Predicted melting temperature: [74.80873107910156]

  0%|          | 0/1 [00:00<?, ?it/s]  0%|          | 0/1 [00:00<?, ?it/s]Predicted melting temperature: [64.10466003417969]
  seed_116 arm=t2_pos_extreme pH=7.4 targe   Tm=68.59  replicas=[69.9, 71.8, 64.1]
  0%|          | 0/1 [00:00<?, ?it/s]100%|██████████| 1/1 [00:00<00:00,  2.23it/s]100%|██████████| 1/1 [00:00<00:00,  2.22it/s]
  0%|          | 0/1 [00:00<?, ?it/s]100%|██████████| 1/1 [00:00<00:00,  1.61it/s]100%|██████████| 1/1 [00:00<00:00,  1.60it/s]
Predicted melting temperature: [67.52925872802734]
  seed_114 arm=t2_pos pH=7.4 target=+11.0    Tm=74.95  replicas=[80.9, 76.4, 67.5]
Predicted melting temperature: [59.256919860839844]
  0%|          | 0/1 [00:00<?, ?it/s]  0%|          | 0/1 [00:00<?, ?it/s]100%|██████████| 1/1 [00:00<00:00,  2.53it/s]100%|██████████| 1/1 [00:00<00:00,  1.44it/s]100%|██████████| 1/1 [00:00<00:00,  2.49it/s]
100%|██████████| 1/1 [00:00<00:00,  1.43it/s]100%|██████████| 1/1 [00:00<00:00,  3.14it/s]
100%|██████████| 1/1 [00:00<00:00,  3.10it/s]
Predicted melting temperature: [55.320648193359375]
Predicted melting temperature: [55.753421783447266]
  0%|          | 0/1 [00:00<?, ?it/s]  0%|          | 0/1 [00:00<?, ?it/s]Predicted melting temperature: [48.98836135864258]
100%|██████████| 1/1 [00:00<00:00,  2.04it/s]  0%|          | 0/1 [00:00<?, ?it/s]100%|██████████| 1/1 [00:00<00:00,  2.00it/s]100%|██████████| 1/1 [00:00<00:00,  1.54it/s]
100%|██████████| 1/1 [00:00<00:00,  2.49it/s]100%|██████████| 1/1 [00:00<00:00,  2.47it/s]100%|██████████| 1/1 [00:00<00:00,  1.53it/s]
100%|██████████| 1/1 [00:00<00:00,  1.78it/s]
Predicted melting temperature: [58.974365234375]
  seed_117 arm=t2_ph pH=7.4 target=均值占位 ch   Tm=60.66  replicas=[62.3, 60.7, 59.0]
100%|██████████| 1/1 [00:00<00:00,  1.77it/s]Predicted melting temperature: [66.6040267944336]

100%|██████████| 1/1 [00:00<00:00,  1.68it/s]100%|██████████| 1/1 [00:00<00:00,  2.40it/s]  0%|          | 0/1 [00:00<?, ?it/s]100%|██████████| 1/1 [00:00<00:00,  1.67it/s]100%|██████████| 1/1 [00:00<00:00,  2.38it/s]
Predicted melting temperature: [58.02899169921875]

  0%|          | 0/1 [00:00<?, ?it/s]  0%|          | 0/1 [00:00<?, ?it/s]Predicted melting temperature: [69.1959228515625]
  0%|          | 0/1 [00:00<?, ?it/s]Predicted melting temperature: [76.74791717529297]
Predicted melting temperature: [58.93667221069336]
  0%|          | 0/1 [00:00<?, ?it/s]  0%|          | 0/1 [00:00<?, ?it/s]100%|██████████| 1/1 [00:00<00:00,  2.06it/s]100%|██████████| 1/1 [00:00<00:00,  2.05it/s]100%|██████████| 1/1 [00:00<00:00,  2.32it/s]
100%|██████████| 1/1 [00:00<00:00,  2.30it/s]
Predicted melting temperature: [64.66051483154297]
  seed_115 arm=t2_pos_extreme pH=7.4 targe   Tm=68.09  replicas=[67.7, 71.9, 64.7]
Predicted melting temperature: [62.10480880737305]
  0%|          | 0/1 [00:00<?, ?it/s]  0%|          | 0/1 [00:00<?, ?it/s]100%|██████████| 1/1 [00:00<00:00,  2.36it/s]100%|██████████| 1/1 [00:00<00:00,  2.32it/s]
Predicted melting temperature: [51.310726165771484]
  seed_116 arm=t2_neg pH=7.4 target=+4.0 c   Tm=57.34  replicas=[51.5, 69.2, 51.3]
100%|██████████| 1/1 [00:00<00:00,  1.34it/s]100%|██████████| 1/1 [00:00<00:00,  1.33it/s]
Predicted melting temperature: [52.034019470214844]
  seed_115 arm=t1_base pH=7.4 target=+8.0    Tm=65.14  replicas=[69.0, 74.4, 52.0]
  0%|          | 0/1 [00:00<?, ?it/s]100%|██████████| 1/1 [00:00<00:00,  1.30it/s]  0%|          | 0/1 [00:00<?, ?it/s]100%|██████████| 1/1 [00:00<00:00,  1.28it/s]
Predicted melting temperature: [60.127479553222656]
  0%|          | 0/1 [00:00<?, ?it/s]100%|██████████| 1/1 [00:00<00:00,  3.01it/s]100%|██████████| 1/1 [00:00<00:00,  3.01it/s]
Predicted melting temperature: [58.63533020019531]
  0%|          | 0/1 [00:00<?, ?it/s]100%|██████████| 1/1 [00:00<00:00,  2.32it/s]100%|██████████| 1/1 [00:00<00:00,  2.32it/s]
100%|██████████| 1/1 [00:00<00:00,  2.80it/s]100%|██████████| 1/1 [00:00<00:00,  2.78it/s]Predicted melting temperature: [77.22419738769531]

  0%|          | 0/1 [00:00<?, ?it/s]Predicted melting temperature: [73.8613052368164]
  0%|          | 0/1 [00:00<?, ?it/s]100%|██████████| 1/1 [00:00<00:00,  2.27it/s]100%|██████████| 1/1 [00:00<00:00,  2.27it/s]
Predicted melting temperature: [58.769630432128906]
  seed_116 arm=t2_ph pH=7.4 target=均值占位 ch   Tm=57.70  replicas=[51.9, 62.4, 58.8]
100%|██████████| 1/1 [00:00<00:00,  2.78it/s]100%|██████████| 1/1 [00:00<00:00,  2.74it/s]
Predicted melting temperature: [64.31896209716797]
  seed_116 arm=t1_base pH=7.4 target=+0.0    Tm=70.71  replicas=[73.0, 74.8, 64.3]
100%|██████████| 1/1 [00:00<00:00,  1.80it/s]  0%|          | 0/1 [00:00<?, ?it/s]100%|██████████| 1/1 [00:00<00:00,  2.44it/s]100%|██████████| 1/1 [00:00<00:00,  1.77it/s]100%|██████████| 1/1 [00:00<00:00,  2.40it/s]
100%|██████████| 1/1 [00:00<00:00,  1.97it/s]
Predicted melting temperature: [72.75043487548828]
  seed_116 arm=t1_cond pH=7.4 target=+8.0    Tm=72.15  replicas=[71.0, 72.7, 72.8]
100%|██████████| 1/1 [00:00<00:00,  1.95it/s]  0%|          | 0/1 [00:00<?, ?it/s]
Predicted melting temperature: [66.24951934814453]
  0%|          | 0/1 [00:00<?, ?it/s]  0%|          | 0/1 [00:00<?, ?it/s]Predicted melting temperature: [56.80406188964844]
  0%|          | 0/1 [00:00<?, ?it/s]100%|██████████| 1/1 [00:00<00:00,  2.91it/s]100%|██████████| 1/1 [00:00<00:00,  2.87it/s]
Predicted melting temperature: [51.857147216796875]
100%|██████████| 1/1 [00:00<00:00,  2.18it/s]  0%|          | 0/1 [00:00<?, ?it/s]100%|██████████| 1/1 [00:00<00:00,  2.18it/s]
100%|██████████| 1/1 [00:00<00:00,  1.85it/s]Predicted melting temperature: [81.39776611328125]
100%|██████████| 1/1 [00:00<00:00,  1.81it/s]
  0%|          | 0/1 [00:00<?, ?it/s]Predicted melting temperature: [68.3819580078125]
  0%|          | 0/1 [00:00<?, ?it/s]100%|██████████| 1/1 [00:00<00:00,  1.74it/s]100%|██████████| 1/1 [00:00<00:00,  2.70it/s]100%|██████████| 1/1 [00:00<00:00,  1.70it/s]100%|██████████| 1/1 [00:00<00:00,  2.64it/s]
100%|██████████| 1/1 [00:00<00:00,  2.08it/s]100%|██████████| 1/1 [00:00<00:00,  2.26it/s]
Predicted melting temperature: [59.507293701171875]
  seed_115 arm=t2_pos_extreme pH=7.4 targe   Tm=67.53  replicas=[69.6, 73.5, 59.5]
100%|██████████| 1/1 [00:00<00:00,  1.99it/s]100%|██████████| 1/1 [00:00<00:00,  2.16it/s]100%|██████████| 1/1 [00:00<00:00,  1.93it/s]

100%|██████████| 1/1 [00:00<00:00,  1.92it/s]100%|██████████| 1/1 [00:00<00:00,  2.08it/s]
Predicted melting temperature: [73.35474395751953]
  0%|          | 0/1 [00:00<?, ?it/s]Predicted melting temperature: [64.24745178222656]
  0%|          | 0/1 [00:00<?, ?it/s]100%|██████████| 1/1 [00:00<00:00,  2.05it/s]  0%|          | 0/1 [00:00<?, ?it/s]
Predicted melting temperature: [71.86723327636719]
  0%|          | 0/1 [00:00<?, ?it/s]Predicted melting temperature: [73.42910766601562]
100%|██████████| 1/1 [00:00<00:00,  2.22it/s]  0%|          | 0/1 [00:00<?, ?it/s]100%|██████████| 1/1 [00:00<00:00,  2.19it/s]Predicted melting temperature: [59.05659484863281]

100%|██████████| 1/1 [00:00<00:00,  1.78it/s]100%|██████████| 1/1 [00:00<00:00,  2.41it/s]  0%|          | 0/1 [00:00<?, ?it/s]100%|██████████| 1/1 [00:00<00:00,  1.72it/s]
100%|██████████| 1/1 [00:00<00:00,  2.09it/s]100%|██████████| 1/1 [00:00<00:00,  2.06it/s]
100%|██████████| 1/1 [00:00<00:00,  2.29it/s]
100%|██████████| 1/1 [00:00<00:00,  2.30it/s]Predicted melting temperature: [61.04364776611328]
Predicted melting temperature: [72.57408142089844]
Predicted melting temperature: [71.03943634033203]
  0%|          | 0/1 [00:00<?, ?it/s]  0%|          | 0/1 [00:00<?, ?it/s]  0%|          | 0/1 [00:00<?, ?it/s]100%|██████████| 1/1 [00:00<00:00,  2.29it/s]
100%|██████████| 1/1 [00:00<00:00,  3.06it/s]100%|██████████| 1/1 [00:00<00:00,  3.03it/s]
Predicted melting temperature: [57.785560607910156]
  seed_117 arm=t1_base pH=7.4 target=-1.0    Tm=59.52  replicas=[62.1, 58.6, 57.8]
Predicted melting temperature: [79.76854705810547]
  0%|          | 0/1 [00:00<?, ?it/s]  0%|          | 0/1 [00:00<?, ?it/s]Predicted melting temperature: [63.021644592285156]
  0%|          | 0/1 [00:00<?, ?it/s]100%|██████████| 1/1 [00:00<00:00,  1.79it/s]100%|██████████| 1/1 [00:00<00:00,  1.79it/s]
Predicted melting temperature: [49.78575897216797]
  seed_116 arm=t1_base pH=7.4 target=+9.0    Tm=56.93  replicas=[51.8, 69.2, 49.8]
  0%|          | 0/1 [00:00<?, ?it/s]100%|██████████| 1/1 [00:00<00:00,  2.64it/s]100%|██████████| 1/1 [00:00<00:00,  2.63it/s]100%|██████████| 1/1 [00:00<00:00,  3.00it/s]
100%|██████████| 1/1 [00:00<00:00,  2.93it/s]
Predicted melting temperature: [63.847957611083984]
  seed_117 arm=t2_ph pH=7.4 target=均值占位 ch   Tm=69.54  replicas=[70.9, 73.9, 63.8]
Predicted melting temperature: [71.05198669433594]
  0%|          | 0/1 [00:00<?, ?it/s]100%|██████████| 1/1 [00:00<00:00,  1.32it/s]100%|██████████| 1/1 [00:00<00:00,  3.37it/s]100%|██████████| 1/1 [00:00<00:00,  2.39it/s]100%|██████████| 1/1 [00:00<00:00,  1.31it/s]
100%|██████████| 1/1 [00:00<00:00,  3.28it/s]
100%|██████████| 1/1 [00:00<00:00,  2.37it/s]  0%|          | 0/1 [00:00<?, ?it/s]
Predicted melting temperature: [51.97988510131836]
  seed_116 arm=t2_pos_extreme pH=7.4 targe   Tm=50.94  replicas=[49.0, 51.9, 52.0]
Predicted melting temperature: [80.73990631103516]
  seed_115 arm=t2_neg pH=7.4 target=+3.0 c   Tm=78.98  replicas=[79.0, 77.2, 80.7]
  0%|          | 0/1 [00:00<?, ?it/s]Predicted melting temperature: [63.45964813232422]
100%|██████████| 1/1 [00:00<00:00,  1.56it/s]  0%|          | 0/1 [00:00<?, ?it/s]100%|██████████| 1/1 [00:00<00:00,  1.55it/s]  0%|          | 0/1 [00:00<?, ?it/s]
Predicted melting temperature: [68.95782470703125]
  0%|          | 0/1 [00:00<?, ?it/s]100%|██████████| 1/1 [00:00<00:00,  2.12it/s]100%|██████████| 1/1 [00:00<00:00,  1.51it/s]100%|██████████| 1/1 [00:00<00:00,  2.20it/s]100%|██████████| 1/1 [00:00<00:00,  1.51it/s]100%|██████████| 1/1 [00:00<00:00,  1.93it/s]100%|██████████| 1/1 [00:00<00:00,  2.18it/s]100%|██████████| 1/1 [00:00<00:00,  2.77it/s]100%|██████████| 1/1 [00:00<00:00,  1.35it/s]100%|██████████| 1/1 [00:00<00:00,  2.39it/s]100%|██████████| 1/1 [00:00<00:00,  1.23it/s]100%|██████████| 1/1 [00:00<00:00,  2.55it/s]
100%|██████████| 1/1 [00:00<00:00,  2.48it/s]100%|██████████| 1/1 [00:00<00:00,  2.88it/s]100%|██████████| 1/1 [00:00<00:00,  2.25it/s]100%|██████████| 1/1 [00:00<00:00,  2.51it/s]100%|██████████| 1/1 [00:01<00:00,  1.28s/it]100%|██████████| 1/1 [00:00<00:00,  1.68it/s]100%|██████████| 1/1 [00:00<00:00,  1.57it/s]100%|██████████| 1/1 [00:00<00:00,  1.24it/s]
100%|██████████| 1/1 [00:00<00:00,  1.92it/s]
100%|██████████| 1/1 [00:00<00:00,  1.67it/s]
100%|██████████| 1/1 [00:00<00:00,  2.42it/s]100%|██████████| 1/1 [00:00<00:00,  2.21it/s]
100%|██████████| 1/1 [00:00<00:00,  1.65it/s]
100%|██████████| 1/1 [00:00<00:00,  1.28it/s]
100%|██████████| 1/1 [00:00<00:00,  2.61it/s]
100%|██████████| 1/1 [00:00<00:00,  1.83it/s]100%|██████████| 1/1 [00:00<00:00,  2.68it/s]100%|██████████| 1/1 [00:00<00:00,  2.38it/s]
100%|██████████| 1/1 [00:00<00:00,  2.13it/s]
100%|██████████| 1/1 [00:00<00:00,  2.37it/s]
100%|██████████| 1/1 [00:01<00:00,  1.30s/it]
100%|██████████| 1/1 [00:00<00:00,  2.32it/s]

100%|██████████| 1/1 [00:00<00:00,  1.61it/s]

Predicted melting temperature: [64.08349609375]
  seed_117 arm=t2_pos pH=7.4 target=+12.0    Tm=61.60  replicas=[52.3, 68.4, 64.1]
Predicted melting temperature: [56.27223205566406]
Predicted melting temperature: [61.47442626953125]
  seed_118 arm=t1_cond pH=7.4 target=+0.0    Tm=66.37  replicas=[66.6, 71.0, 61.5]
Predicted melting temperature: [69.7482681274414]
  seed_117 arm=t1_cond pH=7.4 target=+9.0    Tm=65.79  replicas=[55.8, 71.9, 69.7]
100%|██████████| 1/1 [00:00<00:00,  1.77it/s]
Predicted melting temperature: [61.25263977050781]
  seed_117 arm=t1_cond pH=7.4 target=-1.0    Tm=58.93  replicas=[55.4, 60.1, 61.3]
100%|██████████| 1/1 [00:00<00:00,  2.47it/s]Predicted melting temperature: [55.845211029052734]
Predicted melting temperature: [65.37206268310547]
  seed_116 arm=t2_pos pH=7.4 target=+3.0 c   Tm=71.82  replicas=[76.7, 73.4, 65.4]

Predicted melting temperature: [58.54499816894531]
  seed_118 arm=t2_neg pH=7.4 target=-5.0 c   Tm=60.56  replicas=[62.1, 61.0, 58.5]
Predicted melting temperature: [47.198341369628906]
  seed_117 arm=t1_base pH=7.4 target=+8.0    Tm=50.73  replicas=[48.2, 56.8, 47.2]
Predicted melting temperature: [58.52374267578125]
  seed_117 arm=t2_pos pH=7.4 target=+2.0 c   Tm=57.63  replicas=[55.3, 59.1, 58.5]
  0%|          | 0/1 [00:00<?, ?it/s]Predicted melting temperature: [65.24147033691406]
  0%|          | 0/1 [00:00<?, ?it/s]Predicted melting temperature: [66.72270965576172]
Predicted melting temperature: [77.62682342529297]
Predicted melting temperature: [60.99061965942383]
  0%|          | 0/1 [00:00<?, ?it/s]  0%|          | 0/1 [00:00<?, ?it/s]  0%|          | 0/1 [00:00<?, ?it/s]  0%|          | 0/1 [00:00<?, ?it/s]Predicted melting temperature: [59.91869354248047]
  0%|          | 0/1 [00:00<?, ?it/s]  0%|          | 0/1 [00:00<?, ?it/s]  0%|          | 0/1 [00:00<?, ?it/s]Predicted melting temperature: [73.29757690429688]
Predicted melting temperature: [73.6138916015625]
  0%|          | 0/1 [00:00<?, ?it/s]Predicted melting temperature: [76.7341537475586]
100%|██████████| 1/1 [00:00<00:00,  1.93it/s]  0%|          | 0/1 [00:00<?, ?it/s]  0%|          | 0/1 [00:00<?, ?it/s]  0%|          | 0/1 [00:00<?, ?it/s]  0%|          | 0/1 [00:00<?, ?it/s]100%|██████████| 1/1 [00:00<00:00,  2.21it/s]  0%|          | 0/1 [00:00<?, ?it/s]  0%|          | 0/1 [00:00<?, ?it/s]  0%|          | 0/1 [00:00<?, ?it/s]100%|██████████| 1/1 [00:00<00:00,  1.90it/s]  0%|          | 0/1 [00:00<?, ?it/s]
100%|██████████| 1/1 [00:00<00:00,  3.26it/s]100%|██████████| 1/1 [00:00<00:00,  3.03it/s]100%|██████████| 1/1 [00:00<00:00,  2.16it/s]
100%|██████████| 1/1 [00:00<00:00,  3.11it/s]
100%|██████████| 1/1 [00:00<00:00,  2.95it/s]
Predicted melting temperature: [71.8751449584961]
Predicted melting temperature: [74.8819351196289]
Predicted melting temperature: [52.63899612426758]
  0%|          | 0/1 [00:00<?, ?it/s]  0%|          | 0/1 [00:00<?, ?it/s]  0%|          | 0/1 [00:00<?, ?it/s]100%|██████████| 1/1 [00:00<00:00,  2.67it/s]Predicted melting temperature: [65.55291748046875]
100%|██████████| 1/1 [00:00<00:00,  1.80it/s]100%|██████████| 1/1 [00:00<00:00,  2.62it/s]100%|██████████| 1/1 [00:00<00:00,  1.78it/s]

  0%|          | 0/1 [00:00<?, ?it/s]100%|██████████| 1/1 [00:00<00:00,  1.72it/s]Predicted melting temperature: [73.4637222290039]
  seed_116 arm=t2_pos_extreme pH=7.4 targe   Tm=68.72  replicas=[59.3, 73.4, 73.5]
100%|██████████| 1/1 [00:00<00:00,  1.71it/s]
Predicted melting temperature: [73.520751953125]
  0%|          | 0/1 [00:00<?, ?it/s]  0%|          | 0/1 [00:00<?, ?it/s]Predicted melting temperature: [68.32853698730469]
  0%|          | 0/1 [00:00<?, ?it/s]100%|██████████| 1/1 [00:01<00:00,  1.06s/it]100%|██████████| 1/1 [00:01<00:00,  1.06s/it]
Predicted melting temperature: [75.757568359375]
  0%|          | 0/1 [00:00<?, ?it/s]100%|██████████| 1/1 [00:00<00:00,  1.84it/s]100%|██████████| 1/1 [00:00<00:00,  1.84it/s]
Predicted melting temperature: [65.17318725585938]
  0%|          | 0/1 [00:00<?, ?it/s]100%|██████████| 1/1 [00:00<00:00,  1.81it/s]100%|██████████| 1/1 [00:00<00:00,  1.81it/s]
Predicted melting temperature: [71.82913208007812]
  0%|          | 0/1 [00:00<?, ?it/s]100%|██████████| 1/1 [00:00<00:00,  2.87it/s]100%|██████████| 1/1 [00:00<00:00,  2.87it/s]
Predicted melting temperature: [64.48200988769531]
  0%|          | 0/1 [00:00<?, ?it/s]100%|██████████| 1/1 [00:00<00:00,  2.69it/s]100%|██████████| 1/1 [00:00<00:00,  2.63it/s]
100%|██████████| 1/1 [00:00<00:00,  2.56it/s]100%|██████████| 1/1 [00:00<00:00,  2.51it/s]
Predicted melting temperature: [59.08586883544922]
  seed_118 arm=t2_ph pH=7.4 target=均值占位 ch   Tm=61.03  replicas=[63.0, 61.0, 59.1]
Predicted melting temperature: [62.628517150878906]
  0%|          | 0/1 [00:00<?, ?it/s]100%|██████████| 1/1 [00:00<00:00,  2.45it/s]100%|██████████| 1/1 [00:00<00:00,  2.45it/s]
Predicted melting temperature: [66.0087890625]
  0%|          | 0/1 [00:00<?, ?it/s]  0%|          | 0/1 [00:00<?, ?it/s]100%|██████████| 1/1 [00:00<00:00,  2.45it/s]100%|██████████| 1/1 [00:00<00:00,  2.41it/s]
Predicted melting temperature: [68.01134490966797]
  seed_117 arm=t2_pos_extreme pH=7.4 targe   Tm=71.40  replicas=[72.6, 73.6, 68.0]
100%|██████████| 1/1 [00:00<00:00,  2.41it/s]100%|██████████| 1/1 [00:00<00:00,  2.37it/s]100%|██████████| 1/1 [00:00<00:00,  2.14it/s]100%|██████████| 1/1 [00:00<00:00,  2.17it/s]100%|██████████| 1/1 [00:00<00:00,  2.05it/s]100%|██████████| 1/1 [00:00<00:00,  2.05it/s]
  0%|          | 0/1 [00:00<?, ?it/s]
100%|██████████| 1/1 [00:00<00:00,  2.16it/s]100%|██████████| 1/1 [00:00<00:00,  2.31it/s]100%|██████████| 1/1 [00:00<00:00,  2.13it/s]100%|██████████| 1/1 [00:00<00:00,  2.09it/s]
100%|██████████| 1/1 [00:00<00:00,  2.05it/s]100%|██████████| 1/1 [00:00<00:00,  2.01it/s]
100%|██████████| 1/1 [00:00<00:00,  2.35it/s]Predicted melting temperature: [59.7092399597168]
100%|██████████| 1/1 [00:00<00:00,  2.06it/s]100%|██████████| 1/1 [00:00<00:00,  2.21it/s]100%|██████████| 1/1 [00:00<00:00,  2.06it/s]
100%|██████████| 1/1 [00:00<00:00,  2.30it/s]


Predicted melting temperature: [64.4991683959961]
  seed_117 arm=t1_base pH=7.4 target=+0.0    Tm=69.69  replicas=[71.1, 73.5, 64.5]
100%|██████████| 1/1 [00:00<00:00,  1.93it/s]Predicted melting temperature: [81.3796615600586]
  seed_118 arm=t2_pos pH=7.4 target=+11.0    Tm=79.84  replicas=[81.4, 76.7, 81.4]

Predicted melting temperature: [66.22895812988281]
Predicted melting temperature: [78.14217376708984]
  seed_116 arm=t2_pos_extreme pH=7.4 targe   Tm=77.60  replicas=[79.8, 74.9, 78.1]
  0%|          | 0/1 [00:00<?, ?it/s]Predicted melting temperature: [65.33472442626953]
Predicted melting temperature: [76.88075256347656]
Predicted melting temperature: [54.931732177734375]
  0%|          | 0/1 [00:00<?, ?it/s]  0%|          | 0/1 [00:00<?, ?it/s]  0%|          | 0/1 [00:00<?, ?it/s]  0%|          | 0/1 [00:00<?, ?it/s]  0%|          | 0/1 [00:00<?, ?it/s]  0%|          | 0/1 [00:00<?, ?it/s]100%|██████████| 1/1 [00:00<00:00,  2.21it/s]Predicted melting temperature: [74.56603240966797]
  0%|          | 0/1 [00:00<?, ?it/s]100%|██████████| 1/1 [00:00<00:00,  2.18it/s]  0%|          | 0/1 [00:00<?, ?it/s]
Predicted melting temperature: [57.66013717651367]
  0%|          | 0/1 [00:00<?, ?it/s]100%|██████████| 1/1 [00:00<00:00,  1.81it/s]100%|██████████| 1/1 [00:00<00:00,  1.76it/s]
100%|██████████| 1/1 [00:00<00:00,  1.16it/s]100%|██████████| 1/1 [00:00<00:00,  1.15it/s]100%|██████████| 1/1 [00:00<00:00,  1.57it/s]
Predicted melting temperature: [72.70501708984375]
  0%|          | 0/1 [00:00<?, ?it/s]100%|██████████| 1/1 [00:00<00:00,  2.59it/s]100%|██████████| 1/1 [00:00<00:00,  1.54it/s]Predicted melting temperature: [58.66196823120117]
100%|██████████| 1/1 [00:00<00:00,  1.61it/s]
100%|██████████| 1/1 [00:00<00:00,  1.65it/s]100%|██████████| 1/1 [00:00<00:00,  2.49it/s]
  0%|          | 0/1 [00:00<?, ?it/s]Predicted melting temperature: [50.03252410888672]
  seed_116 arm=t1_cond pH=7.4 target=+8.0    Tm=59.31  replicas=[58.9, 69.0, 50.0]
100%|██████████| 1/1 [00:00<00:00,  1.59it/s]100%|██████████| 1/1 [00:00<00:00,  1.63it/s]

Predicted melting temperature: [76.58712768554688]
Predicted melting temperature: [68.62057495117188]
  0%|          | 0/1 [00:00<?, ?it/s]  0%|          | 0/1 [00:00<?, ?it/s]  0%|          | 0/1 [00:00<?, ?it/s]Predicted melting temperature: [79.25208282470703]
  0%|          | 0/1 [00:00<?, ?it/s]100%|██████████| 1/1 [00:00<00:00,  1.59it/s]100%|██████████| 1/1 [00:00<00:00,  1.59it/s]
Predicted melting temperature: [53.654876708984375]
  seed_115 arm=t2_pos pH=7.4 target=+11.0    Tm=63.26  replicas=[64.2, 71.9, 53.7]
  0%|          | 0/1 [00:00<?, ?it/s]100%|██████████| 1/1 [00:00<00:00,  1.49it/s]100%|██████████| 1/1 [00:00<00:00,  3.58it/s]100%|██████████| 1/1 [00:00<00:00,  3.57it/s]
Predicted melting temperature: [57.11650085449219]
  seed_118 arm=t1_base pH=7.4 target=-1.0    Tm=59.89  replicas=[59.9, 62.6, 57.1]
100%|██████████| 1/1 [00:00<00:00,  1.47it/s]
Predicted melting temperature: [56.47216796875]
  seed_116 arm=t2_neg pH=7.4 target=+3.0 c   Tm=65.34  replicas=[66.2, 73.3, 56.5]
  0%|          | 0/1 [00:00<?, ?it/s]  0%|          | 0/1 [00:00<?, ?it/s]100%|██████████| 1/1 [00:00<00:00,  1.59it/s]100%|██████████| 1/1 [00:00<00:00,  1.58it/s]
Predicted melting temperature: [73.40874481201172]
  0%|          | 0/1 [00:00<?, ?it/s]100%|██████████| 1/1 [00:00<00:00,  3.25it/s]100%|██████████| 1/1 [00:00<00:00,  3.19it/s]
Predicted melting temperature: [57.65022659301758]
  0%|          | 0/1 [00:00<?, ?it/s]100%|██████████| 1/1 [00:00<00:00,  1.28it/s]100%|██████████| 1/1 [00:00<00:00,  1.28it/s]
Predicted melting temperature: [59.85422897338867]
  seed_115 arm=t2_ph pH=7.4 target=均值占位 ch   Tm=70.56  replicas=[74.2, 77.6, 59.9]
  0%|          | 0/1 [00:00<?, ?it/s]100%|██████████| 1/1 [00:00<00:00,  2.28it/s]100%|██████████| 1/1 [00:00<00:00,  2.28it/s]
100%|██████████| 1/1 [00:00<00:00,  2.56it/s]Predicted melting temperature: [65.05555725097656]
  0%|          | 0/1 [00:00<?, ?it/s]100%|██████████| 1/1 [00:00<00:00,  2.52it/s]
100%|██████████| 1/1 [00:00<00:00,  1.21it/s]100%|██████████| 1/1 [00:00<00:00,  3.19it/s]100%|██████████| 1/1 [00:00<00:00,  3.14it/s]
100%|██████████| 1/1 [00:00<00:00,  1.20it/s]Predicted melting temperature: [61.73197937011719]

  0%|          | 0/1 [00:00<?, ?it/s]Predicted melting temperature: [65.55291748046875]
  0%|          | 0/1 [00:00<?, ?it/s]100%|██████████| 1/1 [00:00<00:00,  2.94it/s]Predicted melting temperature: [64.6737289428711]
  0%|          | 0/1 [00:00<?, ?it/s]100%|██████████| 1/1 [00:00<00:00,  2.88it/s]
Predicted melting temperature: [59.71571350097656]
  seed_117 arm=t2_pos_extreme pH=7.4 targe   Tm=59.23  replicas=[52.6, 65.3, 59.7]
100%|██████████| 1/1 [00:00<00:00,  2.85it/s]100%|██████████| 1/1 [00:00<00:00,  2.79it/s]
Predicted melting temperature: [55.92044448852539]
  seed_117 arm=t2_ph pH=7.4 target=均值占位 ch   Tm=62.11  replicas=[55.8, 74.6, 55.9]
100%|██████████| 1/1 [00:00<00:00,  2.69it/s]100%|██████████| 1/1 [00:00<00:00,  2.66it/s]
Predicted melting temperature: [55.2092170715332]
  seed_117 arm=t2_neg pH=7.4 target=+4.0 c   Tm=65.78  replicas=[65.2, 76.9, 55.2]
  0%|          | 0/1 [00:00<?, ?it/s]  0%|          | 0/1 [00:00<?, ?it/s]  0%|          | 0/1 [00:00<?, ?it/s]100%|██████████| 1/1 [00:00<00:00,  2.45it/s]100%|██████████| 1/1 [00:00<00:00,  2.41it/s]
100%|██████████| 1/1 [00:00<00:00,  2.52it/s]100%|██████████| 1/1 [00:00<00:00,  2.51it/s]Predicted melting temperature: [71.20979309082031]

100%|██████████| 1/1 [00:00<00:00,  4.02it/s]100%|██████████| 1/1 [00:00<00:00,  3.93it/s]  0%|          | 0/1 [00:00<?, ?it/s]
Predicted melting temperature: [71.3956298828125]
  0%|          | 0/1 [00:00<?, ?it/s]100%|██████████| 1/1 [00:00<00:00,  1.46it/s]Predicted melting temperature: [57.65022659301758]
100%|██████████| 1/1 [00:00<00:00,  2.20it/s]  0%|          | 0/1 [00:00<?, ?it/s]100%|██████████| 1/1 [00:00<00:00,  2.19it/s]
100%|██████████| 1/1 [00:00<00:00,  1.44it/s]
Predicted melting temperature: [80.02533721923828]
  0%|          | 0/1 [00:00<?, ?it/s]Predicted melting temperature: [70.57137298583984]
100%|██████████| 1/1 [00:00<00:00,  2.14it/s]  0%|          | 0/1 [00:00<?, ?it/s]100%|██████████| 1/1 [00:00<00:00,  2.10it/s]
Predicted melting temperature: [64.72549438476562]
  0%|          | 0/1 [00:00<?, ?it/s]100%|██████████| 1/1 [00:00<00:00,  2.47it/s]100%|██████████| 1/1 [00:00<00:00,  2.45it/s]
Predicted melting temperature: [78.57221221923828]
  seed_117 arm=t1_base pH=7.4 target=+9.0    Tm=73.44  replicas=[65.2, 76.6, 78.6]
  0%|          | 0/1 [00:00<?, ?it/s]100%|██████████| 1/1 [00:00<00:00,  1.78it/s]100%|██████████| 1/1 [00:00<00:00,  2.43it/s]100%|██████████| 1/1 [00:00<00:00,  1.76it/s]
100%|██████████| 1/1 [00:00<00:00,  2.39it/s]
Predicted melting temperature: [78.71773529052734]
  0%|          | 0/1 [00:00<?, ?it/s]100%|██████████| 1/1 [00:00<00:00,  2.10it/s]100%|██████████| 1/1 [00:00<00:00,  2.07it/s]
Predicted melting temperature: [68.51598358154297]
  seed_117 arm=t1_cond pH=7.4 target=+8.0    Tm=69.31  replicas=[66.7, 72.7, 68.5]
Predicted melting temperature: [75.50396728515625]
  0%|          | 0/1 [00:00<?, ?it/s]  0%|          | 0/1 [00:00<?, ?it/s]100%|██████████| 1/1 [00:01<00:00,  1.10s/it]100%|██████████| 1/1 [00:01<00:00,  1.10s/it]
Predicted melting temperature: [73.65015411376953]
  0%|          | 0/1 [00:00<?, ?it/s]100%|██████████| 1/1 [00:01<00:00,  1.01s/it]100%|██████████| 1/1 [00:01<00:00,  1.02s/it]
Predicted melting temperature: [81.18275451660156]
  seed_115 arm=t2_ph pH=7.4 target=均值占位 ch   Tm=71.66  replicas=[58.0, 75.8, 81.2]
  0%|          | 0/1 [00:00<?, ?it/s]100%|██████████| 1/1 [00:00<00:00,  2.42it/s]100%|██████████| 1/1 [00:00<00:00,  2.42it/s]100%|██████████| 1/1 [00:00<00:00,  1.51it/s]
100%|██████████| 1/1 [00:00<00:00,  1.50it/s]Predicted melting temperature: [59.19480514526367]

  0%|          | 0/1 [00:00<?, ?it/s]100%|██████████| 1/1 [00:01<00:00,  1.15s/it]100%|██████████| 1/1 [00:01<00:00,  1.15s/it]Predicted melting temperature: [70.73355102539062]

  0%|          | 0/1 [00:00<?, ?it/s]Predicted melting temperature: [66.80433654785156]
  0%|          | 0/1 [00:00<?, ?it/s]100%|██████████| 1/1 [00:00<00:00,  1.42it/s]100%|██████████| 1/1 [00:00<00:00,  1.40it/s]
100%|██████████| 1/1 [00:00<00:00,  2.78it/s]100%|██████████| 1/1 [00:00<00:00,  2.62it/s]100%|██████████| 1/1 [00:00<00:00,  2.73it/s]100%|██████████| 1/1 [00:00<00:00,  2.61it/s]
Predicted melting temperature: [71.58952331542969]

  0%|          | 0/1 [00:00<?, ?it/s]Predicted melting temperature: [58.31426239013672]
  seed_119 arm=t1_cond pH=7.4 target=+0.0    Tm=62.02  replicas=[66.0, 61.7, 58.3]
100%|██████████| 1/1 [00:00<00:00,  1.56it/s]100%|██████████| 1/1 [00:00<00:00,  1.56it/s]
Predicted melting temperature: [58.277198791503906]
  0%|          | 0/1 [00:00<?, ?it/s]  0%|          | 0/1 [00:00<?, ?it/s]100%|██████████| 1/1 [00:00<00:00,  3.41it/s]100%|██████████| 1/1 [00:00<00:00,  3.32it/s]Predicted melting temperature: [75.016845703125]

  0%|          | 0/1 [00:00<?, ?it/s]100%|██████████| 1/1 [00:00<00:00,  2.62it/s]100%|██████████| 1/1 [00:00<00:00,  1.71it/s]100%|██████████| 1/1 [00:00<00:00,  2.57it/s]
100%|██████████| 1/1 [00:00<00:00,  1.70it/s]
Predicted melting temperature: [59.19480514526367]
  0%|          | 0/1 [00:00<?, ?it/s]Predicted melting temperature: [58.592750549316406]
Predicted melting temperature: [64.0230484008789]
100%|██████████| 1/1 [00:00<00:00,  2.52it/s]  0%|          | 0/1 [00:00<?, ?it/s]100%|██████████| 1/1 [00:00<00:00,  2.51it/s]
  0%|          | 0/1 [00:00<?, ?it/s]100%|██████████| 1/1 [00:00<00:00,  1.54it/s]100%|██████████| 1/1 [00:00<00:00,  2.15it/s]Predicted melting temperature: [51.5252799987793]
100%|██████████| 1/1 [00:00<00:00,  1.52it/s]100%|██████████| 1/1 [00:00<00:00,  2.11it/s]

  0%|          | 0/1 [00:00<?, ?it/s]100%|██████████| 1/1 [00:00<00:00,  1.42it/s]100%|██████████| 1/1 [00:00<00:00,  2.41it/s]100%|██████████| 1/1 [00:00<00:00,  2.38it/s]100%|██████████| 1/1 [00:00<00:00,  1.41it/s]

Predicted melting temperature: [49.68724060058594]
  seed_116 arm=t1_base pH=7.4 target=+8.0    Tm=58.19  replicas=[56.3, 68.6, 49.7]
Predicted melting temperature: [66.80433654785156]
Predicted melting temperature: [61.8884391784668]
  0%|          | 0/1 [00:00<?, ?it/s]  0%|          | 0/1 [00:00<?, ?it/s]Predicted melting temperature: [52.81422424316406]
  0%|          | 0/1 [00:00<?, ?it/s]  0%|          | 0/1 [00:00<?, ?it/s]100%|██████████| 1/1 [00:00<00:00,  2.31it/s]100%|██████████| 1/1 [00:00<00:00,  2.31it/s]
Predicted melting temperature: [61.177040100097656]
  seed_119 arm=t2_neg pH=7.4 target=-5.0 c   Tm=66.21  replicas=[66.2, 71.2, 61.2]
100%|██████████| 1/1 [00:00<00:00,  2.29it/s]100%|██████████| 1/1 [00:00<00:00,  2.27it/s]
Predicted melting temperature: [75.05003356933594]
  seed_117 arm=t2_pos_extreme pH=7.4 targe   Tm=68.04  replicas=[57.7, 71.4, 75.1]
  0%|          | 0/1 [00:00<?, ?it/s]100%|██████████| 1/1 [00:00<00:00,  2.68it/s]100%|██████████| 1/1 [00:00<00:00,  2.58it/s]
  0%|          | 0/1 [00:00<?, ?it/s]100%|██████████| 1/1 [00:00<00:00,  2.63it/s]100%|██████████| 1/1 [00:00<00:00,  2.59it/s]100%|██████████| 1/1 [00:00<00:00,  1.39it/s]
100%|██████████| 1/1 [00:00<00:00,  2.65it/s]100%|██████████| 1/1 [00:00<00:00,  1.37it/s]
Predicted melting temperature: [61.00098419189453]
  seed_116 arm=t2_pos_extreme pH=7.4 targe   Tm=67.58  replicas=[68.3, 73.4, 61.0]
100%|██████████| 1/1 [00:00<00:00,  2.59it/s]
Predicted melting temperature: [82.76628875732422]
  seed_118 arm=t1_base pH=7.4 target=+8.0    Tm=79.17  replicas=[79.3, 75.5, 82.8]
Predicted melting temperature: [78.95606994628906]
Predicted melting temperature: [55.709651947021484]
100%|██████████| 1/1 [00:00<00:00,  2.13it/s]100%|██████████| 1/1 [00:00<00:00,  1.47it/s]  0%|          | 0/1 [00:00<?, ?it/s]  0%|          | 0/1 [00:00<?, ?it/s]100%|██████████| 1/1 [00:00<00:00,  2.58it/s]100%|██████████| 1/1 [00:00<00:00,  2.24it/s]  0%|          | 0/1 [00:00<?, ?it/s]100%|██████████| 1/1 [00:00<00:00,  2.06it/s]
  0%|          | 0/1 [00:00<?, ?it/s]100%|██████████| 1/1 [00:00<00:00,  1.94it/s]100%|██████████| 1/1 [00:00<00:00,  1.92it/s]
Predicted melting temperature: [73.25955963134766]
  seed_116 arm=t2_neg pH=7.4 target=+3.0 c   Tm=71.89  replicas=[71.8, 70.6, 73.3]
100%|██████████| 1/1 [00:00<00:00,  1.43it/s]100%|██████████| 1/1 [00:00<00:00,  2.18it/s]100%|██████████| 1/1 [00:00<00:00,  2.50it/s]


Predicted melting temperature: [75.59603118896484]
100%|██████████| 1/1 [00:00<00:00,  1.47it/s]100%|██████████| 1/1 [00:00<00:00,  3.20it/s]  0%|          | 0/1 [00:00<?, ?it/s]100%|██████████| 1/1 [00:00<00:00,  2.99it/s]
100%|██████████| 1/1 [00:00<00:00,  1.42it/s]
Predicted melting temperature: [61.60506057739258]
  seed_119 arm=t2_ph pH=7.4 target=均值占位 ch   Tm=59.48  replicas=[57.7, 59.2, 61.6]
Predicted melting temperature: [62.07170104980469]
  seed_118 arm=t2_pos pH=7.4 target=+2.0 c   Tm=63.87  replicas=[64.5, 65.1, 62.1]
  0%|          | 0/1 [00:00<?, ?it/s]Predicted melting temperature: [68.70005798339844]
Predicted melting temperature: [68.44994354248047]
Predicted melting temperature: [78.47017669677734]
  0%|          | 0/1 [00:00<?, ?it/s]  0%|          | 0/1 [00:00<?, ?it/s]  0%|          | 0/1 [00:00<?, ?it/s]  0%|          | 0/1 [00:00<?, ?it/s]  0%|          | 0/1 [00:00<?, ?it/s]100%|██████████| 1/1 [00:00<00:00,  1.06it/s]100%|██████████| 1/1 [00:00<00:00,  1.06it/s]
Predicted melting temperature: [53.03290939331055]
  seed_116 arm=t2_neg pH=7.4 target=-6.0 c   Tm=58.38  replicas=[63.5, 58.7, 53.0]
  0%|          | 0/1 [00:00<?, ?it/s]100%|██████████| 1/1 [00:00<00:00,  3.12it/s]100%|██████████| 1/1 [00:00<00:00,  3.12it/s]
Predicted melting temperature: [59.72027587890625]
  seed_118 arm=t1_cond pH=7.4 target=-1.0    Tm=60.89  replicas=[64.7, 58.3, 59.7]
  0%|          | 0/1 [00:00<?, ?it/s]100%|██████████| 1/1 [00:00<00:00,  2.95it/s]100%|██████████| 1/1 [00:00<00:00,  2.95it/s]
100%|██████████| 1/1 [00:00<00:00,  2.30it/s]Predicted melting temperature: [61.60506057739258]
  seed_119 arm=t1_base pH=7.4 target=-1.0    Tm=59.48  replicas=[57.7, 59.2, 61.6]
100%|██████████| 1/1 [00:00<00:00,  2.26it/s]  0%|          | 0/1 [00:00<?, ?it/s]
Predicted melting temperature: [70.77954864501953]
  seed_118 arm=t2_pos pH=7.4 target=+12.0    Tm=67.07  replicas=[59.7, 70.7, 70.8]
  0%|          | 0/1 [00:00<?, ?it/s]100%|██████████| 1/1 [00:00<00:00,  3.07it/s]100%|██████████| 1/1 [00:00<00:00,  3.07it/s]
Predicted melting temperature: [62.70579147338867]
  seed_118 arm=t1_base pH=7.4 target=+0.0    Tm=65.02  replicas=[65.6, 66.8, 62.7]
  0%|          | 0/1 [00:00<?, ?it/s]100%|██████████| 1/1 [00:00<00:00,  2.12it/s]100%|██████████| 1/1 [00:00<00:00,  2.12it/s]
Predicted melting temperature: [64.8891830444336]
  0%|          | 0/1 [00:00<?, ?it/s]100%|██████████| 1/1 [00:00<00:00,  2.82it/s]100%|██████████| 1/1 [00:00<00:00,  2.81it/s]
100%|██████████| 1/1 [00:00<00:00,  3.13it/s]100%|██████████| 1/1 [00:00<00:00,  3.13it/s]
Predicted melting temperature: [63.945167541503906]
Predicted melting temperature: [69.61658477783203]
  seed_118 arm=t2_pos_extreme pH=7.4 targe   Tm=75.76  replicas=[78.7, 79.0, 69.6]
  0%|          | 0/1 [00:00<?, ?it/s]  0%|          | 0/1 [00:00<?, ?it/s]100%|██████████| 1/1 [00:00<00:00,  1.67it/s]100%|██████████| 1/1 [00:00<00:00,  1.66it/s]
Predicted melting temperature: [62.70579147338867]
  seed_118 arm=t2_ph pH=7.4 target=均值占位 ch   Tm=65.02  replicas=[65.6, 66.8, 62.7]
  0%|          | 0/1 [00:00<?, ?it/s]100%|██████████| 1/1 [00:00<00:00,  3.06it/s]100%|██████████| 1/1 [00:00<00:00,  3.06it/s]
100%|██████████| 1/1 [00:00<00:00,  1.61it/s]Predicted melting temperature: [51.001800537109375]
  0%|          | 0/1 [00:00<?, ?it/s]100%|██████████| 1/1 [00:00<00:00,  1.59it/s]100%|██████████| 1/1 [00:00<00:00,  2.51it/s]
100%|██████████| 1/1 [00:00<00:00,  1.76it/s]Predicted melting temperature: [65.38211822509766]
  seed_118 arm=t1_cond pH=7.4 target=+9.0    Tm=63.97  replicas=[54.9, 71.6, 65.4]
100%|██████████| 1/1 [00:00<00:00,  2.47it/s]
100%|██████████| 1/1 [00:00<00:00,  1.75it/s]
  0%|          | 0/1 [00:00<?, ?it/s]100%|██████████| 1/1 [00:00<00:00,  4.17it/s]100%|██████████| 1/1 [00:00<00:00,  4.14it/s]
Predicted melting temperature: [64.41741180419922]
Predicted melting temperature: [79.79769897460938]
  0%|          | 0/1 [00:00<?, ?it/s]  0%|          | 0/1 [00:00<?, ?it/s]100%|██████████| 1/1 [00:00<00:00,  2.36it/s]100%|██████████| 1/1 [00:00<00:00,  2.34it/s]Predicted melting temperature: [52.72807312011719]

  0%|          | 0/1 [00:00<?, ?it/s]100%|██████████| 1/1 [00:00<00:00,  1.77it/s]100%|██████████| 1/1 [00:00<00:00,  1.56it/s]100%|██████████| 1/1 [00:00<00:00,  2.52it/s]100%|██████████| 1/1 [00:00<00:00,  1.54it/s]
100%|██████████| 1/1 [00:00<00:00,  2.50it/s]100%|██████████| 1/1 [00:00<00:00,  1.75it/s]
Predicted melting temperature: [64.4840316772461]

100%|██████████| 1/1 [00:00<00:00,  3.11it/s]  0%|          | 0/1 [00:00<?, ?it/s]100%|██████████| 1/1 [00:00<00:00,  3.11it/s]
Predicted melting temperature: [76.73130798339844]
Predicted melting temperature: [76.2294692993164]
Predicted melting temperature: [72.2891616821289]
  0%|          | 0/1 [00:00<?, ?it/s]  0%|          | 0/1 [00:00<?, ?it/s]  0%|          | 0/1 [00:00<?, ?it/s]Predicted melting temperature: [56.478240966796875]
  0%|          | 0/1 [00:00<?, ?it/s]100%|██████████| 1/1 [00:00<00:00,  2.31it/s]100%|██████████| 1/1 [00:00<00:00,  2.27it/s]
Predicted melting temperature: [63.35101318359375]
  seed_117 arm=t2_pos_extreme pH=7.4 targe   Tm=65.59  replicas=[64.7, 68.7, 63.4]
100%|██████████| 1/1 [00:00<00:00,  1.83it/s]100%|██████████| 1/1 [00:00<00:00,  1.83it/s]100%|██████████| 1/1 [00:00<00:00,  1.20it/s]
100%|██████████| 1/1 [00:00<00:00,  1.20it/s]  0%|          | 0/1 [00:00<?, ?it/s]
Predicted melting temperature: [62.196922302246094]
100%|██████████| 1/1 [00:00<00:00,  1.59it/s]100%|██████████| 1/1 [00:00<00:00,  2.08it/s]100%|██████████| 1/1 [00:00<00:00,  2.08it/s]
  0%|          | 0/1 [00:00<?, ?it/s]100%|██████████| 1/1 [00:00<00:00,  1.57it/s]Predicted melting temperature: [62.35344696044922]

  0%|          | 0/1 [00:00<?, ?it/s]Predicted melting temperature: [60.323936462402344]
Predicted melting temperature: [67.36917114257812]
  0%|          | 0/1 [00:00<?, ?it/s]100%|██████████| 1/1 [00:00<00:00,  3.12it/s]100%|██████████| 1/1 [00:00<00:00,  3.05it/s]
  0%|          | 0/1 [00:00<?, ?it/s]Predicted melting temperature: [70.24727630615234]
  0%|          | 0/1 [00:00<?, ?it/s]100%|██████████| 1/1 [00:00<00:00,  1.95it/s]100%|██████████| 1/1 [00:00<00:00,  1.95it/s]
100%|██████████| 1/1 [00:00<00:00,  2.42it/s]100%|██████████| 1/1 [00:00<00:00,  2.38it/s]Predicted melting temperature: [61.723655700683594]

  0%|          | 0/1 [00:00<?, ?it/s]100%|██████████| 1/1 [00:00<00:00,  3.48it/s]100%|██████████| 1/1 [00:00<00:00,  3.46it/s]
Predicted melting temperature: [73.10026550292969]
Predicted melting temperature: [65.74246978759766]
  0%|          | 0/1 [00:00<?, ?it/s]  0%|          | 0/1 [00:00<?, ?it/s]100%|██████████| 1/1 [00:00<00:00,  1.25it/s]100%|██████████| 1/1 [00:00<00:00,  1.23it/s]100%|██████████| 1/1 [00:00<00:00,  2.71it/s]
100%|██████████| 1/1 [00:00<00:00,  2.69it/s]100%|██████████| 1/1 [00:00<00:00,  1.29it/s]
100%|██████████| 1/1 [00:00<00:00,  1.61it/s]100%|██████████| 1/1 [00:00<00:00,  1.60it/s]
100%|██████████| 1/1 [00:00<00:00,  1.28it/s]Predicted melting temperature: [75.630615234375]

Predicted melting temperature: [72.0336685180664]
Predicted melting temperature: [80.12702178955078]
  seed_119 arm=t2_pos pH=7.4 target=+11.0    Tm=78.58  replicas=[80.0, 75.6, 80.1]
  0%|          | 0/1 [00:00<?, ?it/s]  0%|          | 0/1 [00:00<?, ?it/s]  0%|          | 0/1 [00:00<?, ?it/s]Predicted melting temperature: [63.797916412353516]
  0%|          | 0/1 [00:00<?, ?it/s]100%|██████████| 1/1 [00:00<00:00,  3.57it/s]100%|██████████| 1/1 [00:00<00:00,  3.56it/s]
100%|██████████| 1/1 [00:00<00:00,  1.45it/s]100%|██████████| 1/1 [00:00<00:00,  1.43it/s]
Predicted melting temperature: [77.47347259521484]
Predicted melting temperature: [56.163665771484375]
  0%|          | 0/1 [00:00<?, ?it/s]  0%|          | 0/1 [00:00<?, ?it/s]100%|██████████| 1/1 [00:00<00:00,  1.29it/s]100%|██████████| 1/1 [00:00<00:00,  1.29it/s]100%|██████████| 1/1 [00:00<00:00,  1.39it/s]
100%|██████████| 1/1 [00:00<00:00,  1.39it/s]
Predicted melting temperature: [74.68087768554688]
  0%|          | 0/1 [00:00<?, ?it/s]Predicted melting temperature: [54.954891204833984]
  0%|          | 0/1 [00:00<?, ?it/s]100%|██████████| 1/1 [00:00<00:00,  2.33it/s]100%|██████████| 1/1 [00:00<00:00,  2.33it/s]
100%|██████████| 1/1 [00:00<00:00,  2.84it/s]100%|██████████| 1/1 [00:00<00:00,  2.79it/s]Predicted melting temperature: [55.755802154541016]
100%|██████████| 1/1 [00:00<00:00,  2.73it/s]
  0%|          | 0/1 [00:00<?, ?it/s]Predicted melting temperature: [79.89812469482422]
  seed_118 arm=t1_cond pH=7.4 target=+8.0    Tm=78.37  replicas=[78.5, 76.7, 79.9]
100%|██████████| 1/1 [00:00<00:00,  2.67it/s]
Predicted melting temperature: [57.37006759643555]
  seed_118 arm=t1_base pH=7.4 target=+9.0    Tm=59.19  replicas=[55.7, 64.5, 57.4]
  0%|          | 0/1 [00:00<?, ?it/s]  0%|          | 0/1 [00:00<?, ?it/s]100%|██████████| 1/1 [00:00<00:00,  2.63it/s]100%|██████████| 1/1 [00:00<00:00,  2.53it/s]
100%|██████████| 1/1 [00:00<00:00,  2.65it/s]100%|██████████| 1/1 [00:00<00:00,  2.64it/s]
Predicted melting temperature: [58.94276428222656]
Predicted melting temperature: [79.72649383544922]
  0%|          | 0/1 [00:00<?, ?it/s]  0%|          | 0/1 [00:00<?, ?it/s]100%|██████████| 1/1 [00:00<00:00,  2.62it/s]100%|██████████| 1/1 [00:00<00:00,  2.57it/s]
100%|██████████| 1/1 [00:01<00:00,  1.08s/it]100%|██████████| 1/1 [00:01<00:00,  1.08s/it]
Predicted melting temperature: [71.78532409667969]
100%|██████████| 1/1 [00:00<00:00,  3.33it/s]  0%|          | 0/1 [00:00<?, ?it/s]100%|██████████| 1/1 [00:00<00:00,  3.30it/s]
Predicted melting temperature: [71.01287841796875]
  0%|          | 0/1 [00:00<?, ?it/s]Predicted melting temperature: [70.61739349365234]
100%|██████████| 1/1 [00:00<00:00,  1.61it/s]  0%|          | 0/1 [00:00<?, ?it/s]100%|██████████| 1/1 [00:00<00:00,  1.60it/s]100%|██████████| 1/1 [00:00<00:00,  2.62it/s]
100%|██████████| 1/1 [00:00<00:00,  2.60it/s]
100%|██████████| 1/1 [00:00<00:00,  1.66it/s]100%|██████████| 1/1 [00:00<00:00,  1.66it/s]
Predicted melting temperature: [73.42875671386719]
  0%|          | 0/1 [00:00<?, ?it/s]Predicted melting temperature: [71.29888916015625]
  0%|          | 0/1 [00:00<?, ?it/s]Predicted melting temperature: [69.59915161132812]
  0%|          | 0/1 [00:00<?, ?it/s]100%|██████████| 1/1 [00:00<00:00,  1.84it/s]100%|██████████| 1/1 [00:00<00:00,  1.77it/s]100%|██████████| 1/1 [00:00<00:00,  1.81it/s]100%|██████████| 1/1 [00:00<00:00,  1.76it/s]

Predicted melting temperature: [61.52552795410156]
  seed_118 arm=t2_pos_extreme pH=7.4 targe   Tm=61.51  replicas=[58.6, 64.4, 61.5]
Predicted melting temperature: [54.22433090209961]
  0%|          | 0/1 [00:00<?, ?it/s]  0%|          | 0/1 [00:00<?, ?it/s]100%|██████████| 1/1 [00:01<00:00,  1.38s/it]100%|██████████| 1/1 [00:01<00:00,  1.38s/it]
100%|██████████| 1/1 [00:00<00:00,  1.83it/s]100%|██████████| 1/1 [00:00<00:00,  2.83it/s]100%|██████████| 1/1 [00:00<00:00,  2.78it/s]100%|██████████| 1/1 [00:00<00:00,  1.81it/s]
Predicted melting temperature: [74.05574035644531]

Predicted melting temperature: [61.73771667480469]
  seed_120 arm=t1_cond pH=7.4 target=+0.0    Tm=66.22  replicas=[64.9, 72.0, 61.7]
  0%|          | 0/1 [00:00<?, ?it/s]Predicted melting temperature: [50.297698974609375]
  seed_116 arm=t2_pos pH=7.4 target=+11.0    Tm=61.49  replicas=[61.9, 72.3, 50.3]
100%|██████████| 1/1 [00:00<00:00,  1.73it/s]  0%|          | 0/1 [00:00<?, ?it/s]  0%|          | 0/1 [00:00<?, ?it/s]100%|██████████| 1/1 [00:00<00:00,  1.71it/s]
Predicted melting temperature: [64.73859405517578]
  seed_117 arm=t1_cond pH=7.4 target=+8.0    Tm=71.99  replicas=[75.0, 76.2, 64.7]
100%|██████████| 1/1 [00:00<00:00,  1.60it/s]100%|██████████| 1/1 [00:00<00:00,  1.58it/s]
Predicted melting temperature: [78.09162139892578]
  0%|          | 0/1 [00:00<?, ?it/s]  0%|          | 0/1 [00:00<?, ?it/s]100%|██████████| 1/1 [00:00<00:00,  2.16it/s]100%|██████████| 1/1 [00:00<00:00,  2.16it/s]
Predicted melting temperature: [77.00126647949219]
  0%|          | 0/1 [00:00<?, ?it/s]100%|██████████| 1/1 [00:00<00:00,  2.65it/s]100%|██████████| 1/1 [00:00<00:00,  2.60it/s]
Predicted melting temperature: [55.893089294433594]
  seed_120 arm=t1_base pH=7.4 target=-1.0    Tm=54.93  replicas=[52.7, 56.2, 55.9]
100%|██████████| 1/1 [00:00<00:00,  3.25it/s]100%|██████████| 1/1 [00:00<00:00,  3.23it/s]
Predicted melting temperature: [55.36714553833008]
  seed_120 arm=t2_ph pH=7.4 target=均值占位 ch   Tm=54.04  replicas=[51.0, 55.8, 55.4]
  0%|          | 0/1 [00:00<?, ?it/s]  0%|          | 0/1 [00:00<?, ?it/s]100%|██████████| 1/1 [00:00<00:00,  1.60it/s]100%|██████████| 1/1 [00:00<00:00,  1.60it/s]
Predicted melting temperature: [52.48085403442383]
  seed_118 arm=t2_neg pH=7.4 target=+4.0 c   Tm=55.21  replicas=[52.8, 60.3, 52.5]
100%|██████████| 1/1 [00:00<00:00,  2.00it/s]100%|██████████| 1/1 [00:00<00:00,  1.97it/s]
100%|██████████| 1/1 [00:00<00:00,  2.61it/s]  0%|          | 0/1 [00:00<?, ?it/s]100%|██████████| 1/1 [00:00<00:00,  2.58it/s]
100%|██████████| 1/1 [00:00<00:00,  1.74it/s]Predicted melting temperature: [73.8473129272461]
  0%|          | 0/1 [00:00<?, ?it/s]100%|██████████| 1/1 [00:00<00:00,  1.71it/s]
Predicted melting temperature: [59.919071197509766]
  0%|          | 0/1 [00:00<?, ?it/s]Predicted melting temperature: [60.43584060668945]
  0%|          | 0/1 [00:00<?, ?it/s]100%|██████████| 1/1 [00:00<00:00,  1.82it/s]100%|██████████| 1/1 [00:00<00:00,  3.40it/s]100%|██████████| 1/1 [00:00<00:00,  3.36it/s]
100%|██████████| 1/1 [00:00<00:00,  1.80it/s]
Predicted melting temperature: [65.8266830444336]
  seed_119 arm=t2_pos_extreme pH=7.4 targe   Tm=67.40  replicas=[65.7, 70.6, 65.8]
  0%|          | 0/1 [00:00<?, ?it/s]Predicted melting temperature: [73.18962097167969]
  0%|          | 0/1 [00:00<?, ?it/s]100%|██████████| 1/1 [00:00<00:00,  2.71it/s]100%|██████████| 1/1 [00:00<00:00,  3.18it/s]100%|██████████| 1/1 [00:00<00:00,  3.15it/s]100%|██████████| 1/1 [00:00<00:00,  2.68it/s]

Predicted melting temperature: [61.76800537109375]
  seed_119 arm=t1_base pH=7.4 target=+0.0    Tm=68.48  replicas=[70.2, 73.4, 61.8]
Predicted melting temperature: [62.48094940185547]
  seed_119 arm=t1_cond pH=7.4 target=-1.0    Tm=59.30  replicas=[56.5, 58.9, 62.5]
  0%|          | 0/1 [00:00<?, ?it/s]100%|██████████| 1/1 [00:00<00:00,  3.06it/s]100%|██████████| 1/1 [00:00<00:00,  2.24it/s]  0%|          | 0/1 [00:00<?, ?it/s]100%|██████████| 1/1 [00:00<00:00,  3.02it/s]
100%|██████████| 1/1 [00:00<00:00,  2.23it/s]
Predicted melting temperature: [72.6207046508789]
  0%|          | 0/1 [00:00<?, ?it/s]Predicted melting temperature: [69.1141128540039]
  0%|          | 0/1 [00:00<?, ?it/s]100%|██████████| 1/1 [00:00<00:00,  1.24it/s]100%|██████████| 1/1 [00:00<00:00,  2.47it/s]100%|██████████| 1/1 [00:00<00:00,  2.47it/s]100%|██████████| 1/1 [00:00<00:00,  1.24it/s]

Predicted melting temperature: [67.2380599975586]
  seed_118 arm=t2_pos_extreme pH=7.4 targe   Tm=67.07  replicas=[62.2, 71.8, 67.2]
100%|██████████| 1/1 [00:00<00:00,  2.09it/s]100%|██████████| 1/1 [00:00<00:00,  2.05it/s]100%|██████████| 1/1 [00:00<00:00,  2.56it/s]
100%|██████████| 1/1 [00:00<00:00,  2.54it/s]  0%|          | 0/1 [00:00<?, ?it/s]
Predicted melting temperature: [71.02833557128906]
100%|██████████| 1/1 [00:00<00:00,  1.75it/s]Predicted melting temperature: [55.09178161621094]
Predicted melting temperature: [62.906700134277344]
  seed_120 arm=t2_neg pH=7.4 target=-5.0 c   Tm=66.05  replicas=[63.9, 71.3, 62.9]
  0%|          | 0/1 [00:00<?, ?it/s]100%|██████████| 1/1 [00:00<00:00,  1.73it/s]  0%|          | 0/1 [00:00<?, ?it/s]
100%|██████████| 1/1 [00:00<00:00,  2.68it/s]100%|██████████| 1/1 [00:00<00:00,  2.67it/s]
100%|██████████| 1/1 [00:00<00:00,  3.04it/s]100%|██████████| 1/1 [00:00<00:00,  3.04it/s]
Predicted melting temperature: [71.32421875]
  0%|          | 0/1 [00:00<?, ?it/s]  0%|          | 0/1 [00:00<?, ?it/s]Predicted melting temperature: [72.02613067626953]
  0%|          | 0/1 [00:00<?, ?it/s]Predicted melting temperature: [65.4106216430664]
  0%|          | 0/1 [00:00<?, ?it/s]100%|██████████| 1/1 [00:00<00:00,  1.16it/s]100%|██████████| 1/1 [00:00<00:00,  1.47it/s]100%|██████████| 1/1 [00:00<00:00,  2.33it/s]100%|██████████| 1/1 [00:00<00:00,  3.41it/s]100%|██████████| 1/1 [00:00<00:00,  1.36it/s]100%|██████████| 1/1 [00:00<00:00,  1.25it/s]100%|██████████| 1/1 [00:00<00:00,  3.14it/s]
100%|██████████| 1/1 [00:00<00:00,  2.12it/s]100%|██████████| 1/1 [00:00<00:00,  3.09it/s]
100%|██████████| 1/1 [00:00<00:00,  1.08it/s]

100%|██████████| 1/1 [00:00<00:00,  1.23it/s]Predicted melting temperature: [64.66468811035156]
  seed_116 arm=t2_ph pH=7.4 target=均值占位 ch   Tm=70.20  replicas=[68.4, 77.5, 64.7]
100%|██████████| 1/1 [00:00<00:00,  3.02it/s]

Predicted melting temperature: [69.13732147216797]
  seed_117 arm=t2_neg pH=7.4 target=+3.0 c   Tm=69.60  replicas=[64.0, 75.6, 69.1]
Predicted melting temperature: [70.78174591064453]
Predicted melting temperature: [64.06243896484375]
Predicted melting temperature: [65.91815185546875]
  0%|          | 0/1 [00:00<?, ?it/s]Predicted melting temperature: [62.50596237182617]
  0%|          | 0/1 [00:00<?, ?it/s]  0%|          | 0/1 [00:00<?, ?it/s]  0%|          | 0/1 [00:00<?, ?it/s]  0%|          | 0/1 [00:00<?, ?it/s]  0%|          | 0/1 [00:00<?, ?it/s]100%|██████████| 1/1 [00:00<00:00,  3.16it/s]100%|██████████| 1/1 [00:00<00:00,  3.16it/s]
Predicted melting temperature: [61.245826721191406]
  seed_119 arm=t2_pos pH=7.4 target=+2.0 c   Tm=58.71  replicas=[55.0, 59.9, 61.2]
100%|██████████| 1/1 [00:00<00:00,  1.65it/s]  0%|          | 0/1 [00:00<?, ?it/s]100%|██████████| 1/1 [00:00<00:00,  1.61it/s]
Predicted melting temperature: [54.90553283691406]
  seed_118 arm=t2_ph pH=7.4 target=均值占位 ch   Tm=59.15  replicas=[51.5, 71.0, 54.9]
  0%|          | 0/1 [00:00<?, ?it/s]100%|██████████| 1/1 [00:00<00:00,  3.40it/s]100%|██████████| 1/1 [00:00<00:00,  3.39it/s]
100%|██████████| 1/1 [00:00<00:00,  1.92it/s]100%|██████████| 1/1 [00:00<00:00,  1.89it/s]Predicted melting temperature: [65.83796691894531]

Predicted melting temperature: [77.5634765625]
  seed_119 arm=t1_base pH=7.4 target=+8.0    Tm=78.48  replicas=[79.8, 78.1, 77.6]
  0%|          | 0/1 [00:00<?, ?it/s]100%|██████████| 1/1 [00:00<00:00,  1.85it/s]100%|██████████| 1/1 [00:00<00:00,  2.44it/s]100%|██████████| 1/1 [00:00<00:00,  2.42it/s]
100%|██████████| 1/1 [00:00<00:00,  1.83it/s]
  0%|          | 0/1 [00:00<?, ?it/s]100%|██████████| 1/1 [00:00<00:00,  2.67it/s]100%|██████████| 1/1 [00:00<00:00,  2.65it/s]Predicted melting temperature: [64.33013153076172]
Predicted melting temperature: [73.0867919921875]

  0%|          | 0/1 [00:00<?, ?it/s]  0%|          | 0/1 [00:00<?, ?it/s]Predicted melting temperature: [69.76214599609375]
  0%|          | 0/1 [00:00<?, ?it/s]100%|██████████| 1/1 [00:00<00:00,  2.92it/s]100%|██████████| 1/1 [00:00<00:00,  2.88it/s]
Predicted melting temperature: [63.40132141113281]
  seed_119 arm=t2_ph pH=7.4 target=均值占位 ch   Tm=68.54  replicas=[69.6, 72.6, 63.4]
  0%|          | 0/1 [00:00<?, ?it/s]100%|██████████| 1/1 [00:00<00:00,  3.34it/s]100%|██████████| 1/1 [00:00<00:00,  1.75it/s]100%|██████████| 1/1 [00:00<00:00,  3.27it/s]
100%|██████████| 1/1 [00:00<00:00,  1.74it/s]100%|██████████| 1/1 [00:00<00:00,  2.49it/s]
Predicted melting temperature: [77.3123550415039]
  seed_119 arm=t2_pos pH=7.4 target=+12.0    Tm=75.80  replicas=[73.1, 77.0, 77.3]
100%|██████████| 1/1 [00:00<00:00,  2.48it/s]100%|██████████| 1/1 [00:00<00:00,  2.66it/s]
100%|██████████| 1/1 [00:00<00:00,  2.62it/s]Predicted melting temperature: [68.42857360839844]

  0%|          | 0/1 [00:00<?, ?it/s]Predicted melting temperature: [49.29789733886719]
  0%|          | 0/1 [00:00<?, ?it/s]  0%|          | 0/1 [00:00<?, ?it/s]Predicted melting temperature: [73.37615966796875]
  0%|          | 0/1 [00:00<?, ?it/s]100%|██████████| 1/1 [00:00<00:00,  2.60it/s]100%|██████████| 1/1 [00:00<00:00,  2.65it/s]100%|██████████| 1/1 [00:00<00:00,  2.58it/s]100%|██████████| 1/1 [00:00<00:00,  1.42it/s]
100%|██████████| 1/1 [00:00<00:00,  1.41it/s]100%|██████████| 1/1 [00:00<00:00,  2.59it/s]

Predicted melting temperature: [64.88319396972656]
100%|██████████| 1/1 [00:00<00:00,  2.60it/s]  0%|          | 0/1 [00:00<?, ?it/s]100%|██████████| 1/1 [00:00<00:00,  2.57it/s]Predicted melting temperature: [75.23106384277344]

Predicted melting temperature: [75.86859893798828]
  0%|          | 0/1 [00:00<?, ?it/s]  0%|          | 0/1 [00:00<?, ?it/s]Predicted melting temperature: [65.80858612060547]
100%|██████████| 1/1 [00:00<00:00,  2.45it/s]  0%|          | 0/1 [00:00<?, ?it/s]100%|██████████| 1/1 [00:00<00:00,  2.43it/s]
Predicted melting temperature: [61.849693298339844]
  seed_119 arm=t1_cond pH=7.4 target=+9.0    Tm=62.47  replicas=[54.2, 71.3, 61.8]
  0%|          | 0/1 [00:00<?, ?it/s]100%|██████████| 1/1 [00:00<00:00,  1.68it/s]100%|██████████| 1/1 [00:00<00:00,  1.67it/s]
Predicted melting temperature: [55.57965850830078]
  seed_117 arm=t2_neg pH=7.4 target=-6.0 c   Tm=59.25  replicas=[61.7, 60.4, 55.6]
  0%|          | 0/1 [00:00<?, ?it/s]100%|██████████| 1/1 [00:00<00:00,  1.54it/s]100%|██████████| 1/1 [00:00<00:00,  1.52it/s]100%|██████████| 1/1 [00:00<00:00,  3.04it/s]
100%|██████████| 1/1 [00:00<00:00,  3.01it/s]
100%|██████████| 1/1 [00:00<00:00,  1.21it/s]Predicted melting temperature: [52.33479309082031]
100%|██████████| 1/1 [00:00<00:00,  1.02it/s]  0%|          | 0/1 [00:00<?, ?it/s]100%|██████████| 1/1 [00:00<00:00,  1.02it/s]
100%|██████████| 1/1 [00:00<00:00,  1.20it/s]Predicted melting temperature: [60.883575439453125]

  0%|          | 0/1 [00:00<?, ?it/s]Predicted melting temperature: [65.427978515625]
  seed_117 arm=t2_pos pH=7.4 target=+3.0 c   Tm=71.04  replicas=[73.7, 74.1, 65.4]
100%|██████████| 1/1 [00:00<00:00,  1.66it/s]100%|██████████| 1/1 [00:00<00:00,  1.97it/s]100%|██████████| 1/1 [00:00<00:00,  1.96it/s]
100%|██████████| 1/1 [00:00<00:00,  1.64it/s]Predicted melting temperature: [77.13054656982422]

Predicted melting temperature: [69.6739730834961]
  seed_116 arm=t2_ph pH=7.4 target=均值占位 ch   Tm=67.69  replicas=[62.4, 71.0, 69.7]
  0%|          | 0/1 [00:00<?, ?it/s]Predicted melting temperature: [61.65272903442383]
  seed_117 arm=t1_base pH=7.4 target=+8.0    Tm=66.21  replicas=[63.8, 73.2, 61.7]
100%|██████████| 1/1 [00:00<00:00,  2.88it/s]  0%|          | 0/1 [00:00<?, ?it/s]100%|██████████| 1/1 [00:00<00:00,  2.86it/s]100%|██████████| 1/1 [00:00<00:00,  2.52it/s]
  0%|          | 0/1 [00:00<?, ?it/s]100%|██████████| 1/1 [00:00<00:00,  2.47it/s]  0%|          | 0/1 [00:00<?, ?it/s]
Predicted melting temperature: [51.63386154174805]
100%|██████████| 1/1 [00:00<00:00,  1.85it/s]100%|██████████| 1/1 [00:00<00:00,  1.84it/s]
  0%|          | 0/1 [00:00<?, ?it/s]Predicted melting temperature: [59.69287109375]
100%|██████████| 1/1 [00:00<00:00,  2.42it/s]Predicted melting temperature: [77.22457122802734]
  seed_117 arm=t2_pos_extreme pH=7.4 targe   Tm=74.64  replicas=[74.7, 72.0, 77.2]
100%|██████████| 1/1 [00:00<00:00,  2.42it/s]
  0%|          | 0/1 [00:00<?, ?it/s]100%|██████████| 1/1 [00:00<00:00,  3.10it/s]100%|██████████| 1/1 [00:00<00:00,  3.07it/s]  0%|          | 0/1 [00:00<?, ?it/s]
Predicted melting temperature: [58.127742767333984]
  0%|          | 0/1 [00:00<?, ?it/s]Predicted melting temperature: [70.91732025146484]
100%|██████████| 1/1 [00:00<00:00,  2.50it/s]100%|██████████| 1/1 [00:00<00:00,  2.49it/s]
  0%|          | 0/1 [00:00<?, ?it/s]Predicted melting temperature: [54.23501205444336]
  0%|          | 0/1 [00:00<?, ?it/s]100%|██████████| 1/1 [00:00<00:00,  2.68it/s]100%|██████████| 1/1 [00:00<00:00,  2.68it/s]
Predicted melting temperature: [73.50990295410156]
  seed_120 arm=t2_pos pH=7.4 target=+11.0    Tm=73.48  replicas=[73.8, 73.1, 73.5]
  0%|          | 0/1 [00:00<?, ?it/s]100%|██████████| 1/1 [00:00<00:00,  3.06it/s]100%|██████████| 1/1 [00:00<00:00,  3.05it/s]
Predicted melting temperature: [54.431217193603516]
  seed_121 arm=t1_cond pH=7.4 target=+0.0    Tm=62.76  replicas=[65.4, 68.4, 54.4]
  0%|          | 0/1 [00:00<?, ?it/s]100%|██████████| 1/1 [00:00<00:00,  2.73it/s]100%|██████████| 1/1 [00:00<00:00,  2.72it/s]100%|██████████| 1/1 [00:00<00:00,  1.84it/s]
100%|██████████| 1/1 [00:00<00:00,  1.83it/s]100%|██████████| 1/1 [00:00<00:00,  2.01it/s]
100%|██████████| 1/1 [00:00<00:00,  2.00it/s]
Predicted melting temperature: [71.26864624023438]
100%|██████████| 1/1 [00:00<00:00,  2.46it/s]100%|██████████| 1/1 [00:00<00:00,  1.45it/s]Predicted melting temperature: [73.07357025146484]
  0%|          | 0/1 [00:00<?, ?it/s]100%|██████████| 1/1 [00:00<00:00,  1.44it/s]100%|██████████| 1/1 [00:00<00:00,  2.44it/s]  0%|          | 0/1 [00:00<?, ?it/s]

Predicted melting temperature: [63.59642028808594]
  seed_119 arm=t1_base pH=7.4 target=+9.0    Tm=64.64  replicas=[55.1, 75.2, 63.6]
Predicted melting temperature: [65.83796691894531]
  0%|          | 0/1 [00:00<?, ?it/s]Predicted melting temperature: [64.54827880859375]
100%|██████████| 1/1 [00:00<00:00,  2.27it/s]  0%|          | 0/1 [00:00<?, ?it/s]100%|██████████| 1/1 [00:00<00:00,  2.25it/s]
  0%|          | 0/1 [00:00<?, ?it/s]100%|██████████| 1/1 [00:00<00:00,  2.45it/s]100%|██████████| 1/1 [00:00<00:00,  2.41it/s]
100%|██████████| 1/1 [00:00<00:00,  3.29it/s]100%|██████████| 1/1 [00:00<00:00,  3.25it/s]
Predicted melting temperature: [62.661163330078125]
  seed_119 arm=t2_pos_extreme pH=7.4 targe   Tm=64.38  replicas=[70.8, 59.7, 62.7]
100%|██████████| 1/1 [00:00<00:00,  1.96it/s]Predicted melting temperature: [71.82582092285156]
Predicted melting temperature: [56.27269744873047]
  0%|          | 0/1 [00:00<?, ?it/s]100%|██████████| 1/1 [00:00<00:00,  1.93it/s]  0%|          | 0/1 [00:00<?, ?it/s]
Predicted melting temperature: [75.44461822509766]
  seed_119 arm=t1_cond pH=7.4 target=+8.0    Tm=72.64  replicas=[69.1, 73.4, 75.4]
  0%|          | 0/1 [00:00<?, ?it/s]100%|██████████| 1/1 [00:00<00:00,  1.32it/s]  0%|          | 0/1 [00:00<?, ?it/s]100%|██████████| 1/1 [00:00<00:00,  1.83it/s]100%|██████████| 1/1 [00:00<00:00,  3.14it/s]100%|██████████| 1/1 [00:00<00:00,  2.47it/s]100%|██████████| 1/1 [00:00<00:00,  1.57it/s]100%|██████████| 1/1 [00:00<00:00,  1.30it/s]
100%|██████████| 1/1 [00:00<00:00,  2.96it/s]100%|██████████| 1/1 [00:00<00:00,  1.77it/s]
100%|██████████| 1/1 [00:00<00:00,  2.36it/s]
100%|██████████| 1/1 [00:00<00:00,  1.54it/s]

Predicted melting temperature: [59.90309524536133]
  seed_121 arm=t1_base pH=7.4 target=-1.0    Tm=60.18  replicas=[62.5, 58.1, 59.9]
Predicted melting temperature: [73.50435638427734]
Predicted melting temperature: [76.09814453125]
  0%|          | 0/1 [00:00<?, ?it/s]Predicted melting temperature: [71.37677764892578]
Predicted melting temperature: [56.59716033935547]
  0%|          | 0/1 [00:00<?, ?it/s]  0%|          | 0/1 [00:00<?, ?it/s]  0%|          | 0/1 [00:00<?, ?it/s]  0%|          | 0/1 [00:00<?, ?it/s]100%|██████████| 1/1 [00:00<00:00,  1.21it/s]100%|██████████| 1/1 [00:00<00:00,  1.21it/s]100%|██████████| 1/1 [00:00<00:00,  2.69it/s]
100%|██████████| 1/1 [00:00<00:00,  2.16it/s]Predicted melting temperature: [50.044822692871094]
  seed_117 arm=t2_neg pH=7.4 target=+3.0 c   Tm=60.49  replicas=[67.4, 64.1, 50.0]
100%|██████████| 1/1 [00:00<00:00,  2.62it/s]
100%|██████████| 1/1 [00:00<00:00,  2.14it/s]100%|██████████| 1/1 [00:00<00:00,  1.59it/s]
Predicted melting temperature: [63.33591079711914]
  seed_120 arm=t1_base pH=7.4 target=+0.0    Tm=66.70  replicas=[65.8, 70.9, 63.3]
Predicted melting temperature: [58.093955993652344]
  seed_121 arm=t2_ph pH=7.4 target=均值占位 ch   Tm=61.63  replicas=[65.9, 60.9, 58.1]
100%|██████████| 1/1 [00:00<00:00,  1.58it/s]100%|██████████| 1/1 [00:00<00:00,  2.15it/s]
100%|██████████| 1/1 [00:00<00:00,  2.14it/s]
  0%|          | 0/1 [00:00<?, ?it/s]  0%|          | 0/1 [00:00<?, ?it/s]  0%|          | 0/1 [00:00<?, ?it/s]Predicted melting temperature: [49.06182861328125]
  0%|          | 0/1 [00:00<?, ?it/s]Predicted melting temperature: [56.389747619628906]
  0%|          | 0/1 [00:00<?, ?it/s]100%|██████████| 1/1 [00:00<00:00,  2.47it/s]100%|██████████| 1/1 [00:00<00:00,  1.80it/s]100%|██████████| 1/1 [00:00<00:00,  2.40it/s]
100%|██████████| 1/1 [00:00<00:00,  1.80it/s]
Predicted melting temperature: [77.30363464355469]
  0%|          | 0/1 [00:00<?, ?it/s]Predicted melting temperature: [61.93404769897461]
  0%|          | 0/1 [00:00<?, ?it/s]100%|██████████| 1/1 [00:00<00:00,  2.05it/s]100%|██████████| 1/1 [00:00<00:00,  2.05it/s]
Predicted melting temperature: [53.316001892089844]
  0%|          | 0/1 [00:00<?, ?it/s]100%|██████████| 1/1 [00:00<00:00,  2.75it/s]100%|██████████| 1/1 [00:00<00:00,  2.65it/s]
Predicted melting temperature: [65.2603530883789]
  0%|          | 0/1 [00:00<?, ?it/s]100%|██████████| 1/1 [00:00<00:00,  1.43it/s]100%|██████████| 1/1 [00:00<00:00,  1.42it/s]
Predicted melting temperature: [73.21424865722656]
  0%|          | 0/1 [00:00<?, ?it/s]100%|██████████| 1/1 [00:00<00:00,  1.74it/s]100%|██████████| 1/1 [00:00<00:00,  1.71it/s]
Predicted melting temperature: [74.94403839111328]
  0%|          | 0/1 [00:00<?, ?it/s]100%|██████████| 1/1 [00:00<00:00,  1.93it/s]100%|██████████| 1/1 [00:00<00:00,  1.54it/s]100%|██████████| 1/1 [00:00<00:00,  1.54it/s]
100%|██████████| 1/1 [00:00<00:00,  1.90it/s]
Predicted melting temperature: [73.74942016601562]
  0%|          | 0/1 [00:00<?, ?it/s]Predicted melting temperature: [76.00555419921875]
  0%|          | 0/1 [00:00<?, ?it/s]100%|██████████| 1/1 [00:00<00:00,  3.14it/s]100%|██████████| 1/1 [00:00<00:00,  3.14it/s]
100%|██████████| 1/1 [00:00<00:00,  2.41it/s]100%|██████████| 1/1 [00:00<00:00,  2.50it/s]100%|██████████| 1/1 [00:00<00:00,  2.48it/s]
100%|██████████| 1/1 [00:00<00:00,  2.38it/s]100%|██████████| 1/1 [00:00<00:00,  3.28it/s]Predicted melting temperature: [53.006839752197266]

100%|██████████| 1/1 [00:00<00:00,  2.40it/s]Predicted melting temperature: [53.823143005371094]
100%|██████████| 1/1 [00:00<00:00,  3.22it/s]
  0%|          | 0/1 [00:00<?, ?it/s]  0%|          | 0/1 [00:00<?, ?it/s]100%|██████████| 1/1 [00:00<00:00,  2.38it/s]Predicted melting temperature: [76.52942657470703]
Predicted melting temperature: [75.39485168457031]

  0%|          | 0/1 [00:00<?, ?it/s]  0%|          | 0/1 [00:00<?, ?it/s]Predicted melting temperature: [70.91732025146484]
  0%|          | 0/1 [00:00<?, ?it/s]100%|██████████| 1/1 [00:00<00:00,  2.06it/s]100%|██████████| 1/1 [00:00<00:00,  2.05it/s]
Predicted melting temperature: [54.786766052246094]
  seed_121 arm=t2_neg pH=7.4 target=-5.0 c   Tm=63.95  replicas=[65.8, 71.3, 54.8]
100%|██████████| 1/1 [00:00<00:00,  2.44it/s]100%|██████████| 1/1 [00:00<00:00,  2.43it/s]100%|██████████| 1/1 [00:00<00:00,  2.27it/s]
100%|██████████| 1/1 [00:00<00:00,  2.26it/s]  0%|          | 0/1 [00:00<?, ?it/s]
Predicted melting temperature: [75.70884704589844]
  seed_119 arm=t2_pos_extreme pH=7.4 targe   Tm=70.81  replicas=[64.9, 71.8, 75.7]
Predicted melting temperature: [79.15977478027344]
  0%|          | 0/1 [00:00<?, ?it/s]100%|██████████| 1/1 [00:00<00:00,  2.83it/s]100%|██████████| 1/1 [00:00<00:00,  2.16it/s]  0%|          | 0/1 [00:00<?, ?it/s]100%|██████████| 1/1 [00:00<00:00,  2.13it/s]
100%|██████████| 1/1 [00:00<00:00,  2.76it/s]
Predicted melting temperature: [64.56086730957031]
100%|██████████| 1/1 [00:00<00:00,  2.34it/s]  0%|          | 0/1 [00:00<?, ?it/s]100%|██████████| 1/1 [00:00<00:00,  2.33it/s]Predicted melting temperature: [71.92355346679688]

Predicted melting temperature: [51.59614181518555]
  seed_119 arm=t2_neg pH=7.4 target=+4.0 c   Tm=58.44  replicas=[52.3, 71.4, 51.6]
  0%|          | 0/1 [00:00<?, ?it/s]100%|██████████| 1/1 [00:00<00:00,  1.15it/s]100%|██████████| 1/1 [00:00<00:00,  1.15it/s]
  0%|          | 0/1 [00:00<?, ?it/s]100%|██████████| 1/1 [00:01<00:00,  1.11s/it]100%|██████████| 1/1 [00:00<00:00,  2.76it/s]Predicted melting temperature: [75.7643051147461]
100%|██████████| 1/1 [00:01<00:00,  1.12s/it]  0%|          | 0/1 [00:00<?, ?it/s]
100%|██████████| 1/1 [00:00<00:00,  2.73it/s]
Predicted melting temperature: [71.94021606445312]
Predicted melting temperature: [56.036842346191406]
  0%|          | 0/1 [00:00<?, ?it/s]  0%|          | 0/1 [00:00<?, ?it/s]100%|██████████| 1/1 [00:00<00:00,  2.35it/s]100%|██████████| 1/1 [00:00<00:00,  2.31it/s]
100%|██████████| 1/1 [00:00<00:00,  2.20it/s]100%|██████████| 1/1 [00:00<00:00,  2.18it/s]Predicted melting temperature: [69.38088989257812]

  0%|          | 0/1 [00:00<?, ?it/s]Predicted melting temperature: [56.481048583984375]
100%|██████████| 1/1 [00:00<00:00,  2.21it/s]100%|██████████| 1/1 [00:00<00:00,  1.61it/s]100%|██████████| 1/1 [00:00<00:00,  2.17it/s]
  0%|          | 0/1 [00:00<?, ?it/s]100%|██████████| 1/1 [00:00<00:00,  1.60it/s]
Predicted melting temperature: [57.586212158203125]
  seed_119 arm=t2_ph pH=7.4 target=均值占位 ch   Tm=63.04  replicas=[54.2, 77.3, 57.6]
100%|██████████| 1/1 [00:00<00:00,  2.02it/s]100%|██████████| 1/1 [00:00<00:00,  1.99it/s]
Predicted melting temperature: [76.40232849121094]
  0%|          | 0/1 [00:00<?, ?it/s]  0%|          | 0/1 [00:00<?, ?it/s]Predicted melting temperature: [76.52942657470703]
100%|██████████| 1/1 [00:00<00:00,  1.75it/s]  0%|          | 0/1 [00:00<?, ?it/s]100%|██████████| 1/1 [00:00<00:00,  1.75it/s]
100%|██████████| 1/1 [00:01<00:00,  1.01s/it]100%|██████████| 1/1 [00:01<00:00,  1.02s/it]Predicted melting temperature: [76.29618835449219]

Predicted melting temperature: [79.19576263427734]
  seed_118 arm=t2_pos_extreme pH=7.4 targe   Tm=78.68  replicas=[79.7, 77.1, 79.2]
  0%|          | 0/1 [00:00<?, ?it/s]  0%|          | 0/1 [00:00<?, ?it/s]100%|██████████| 1/1 [00:00<00:00,  2.58it/s]100%|██████████| 1/1 [00:00<00:00,  2.58it/s]100%|██████████| 1/1 [00:00<00:00,  1.53it/s]
100%|██████████| 1/1 [00:00<00:00,  1.51it/s]100%|██████████| 1/1 [00:00<00:00,  1.49it/s]
Predicted melting temperature: [53.82725524902344]
  seed_120 arm=t1_cond pH=7.4 target=-1.0    Tm=53.24  replicas=[49.3, 56.6, 53.8]
100%|██████████| 1/1 [00:00<00:00,  1.49it/s]
Predicted melting temperature: [74.84928131103516]
Predicted melting temperature: [59.83228302001953]
  seed_118 arm=t1_cond pH=7.4 target=+8.0    Tm=66.75  replicas=[64.3, 76.1, 59.8]
  0%|          | 0/1 [00:00<?, ?it/s]100%|██████████| 1/1 [00:00<00:00,  2.79it/s]  0%|          | 0/1 [00:00<?, ?it/s]  0%|          | 0/1 [00:00<?, ?it/s]100%|██████████| 1/1 [00:00<00:00,  2.74it/s]100%|██████████| 1/1 [00:00<00:00,  1.89it/s]
100%|██████████| 1/1 [00:00<00:00,  1.86it/s]
Predicted melting temperature: [70.79354858398438]
  0%|          | 0/1 [00:00<?, ?it/s]Predicted melting temperature: [56.993892669677734]
100%|██████████| 1/1 [00:00<00:00,  1.48it/s]  0%|          | 0/1 [00:00<?, ?it/s]100%|██████████| 1/1 [00:00<00:00,  1.47it/s]100%|██████████| 1/1 [00:00<00:00,  1.64it/s]
100%|██████████| 1/1 [00:00<00:00,  1.64it/s]100%|██████████| 1/1 [00:00<00:00,  2.44it/s]
100%|██████████| 1/1 [00:00<00:00,  2.69it/s]100%|██████████| 1/1 [00:00<00:00,  3.35it/s]Predicted melting temperature: [59.97314453125]
  seed_120 arm=t2_pos pH=7.4 target=+2.0 c   Tm=54.97  replicas=[51.6, 53.3, 60.0]
100%|██████████| 1/1 [00:00<00:00,  2.40it/s]
100%|██████████| 1/1 [00:00<00:00,  3.33it/s]
100%|██████████| 1/1 [00:00<00:00,  2.65it/s]Predicted melting temperature: [80.19666290283203]

  0%|          | 0/1 [00:00<?, ?it/s]Predicted melting temperature: [63.33591079711914]
  seed_120 arm=t2_ph pH=7.4 target=均值占位 ch   Tm=66.70  replicas=[65.8, 70.9, 63.3]
Predicted melting temperature: [64.47785186767578]
Predicted melting temperature: [64.00894165039062]
  0%|          | 0/1 [00:00<?, ?it/s]  0%|          | 0/1 [00:00<?, ?it/s]  0%|          | 0/1 [00:00<?, ?it/s]  0%|          | 0/1 [00:00<?, ?it/s]100%|██████████| 1/1 [00:00<00:00,  1.72it/s]100%|██████████| 1/1 [00:00<00:00,  1.71it/s]
100%|██████████| 1/1 [00:00<00:00,  2.17it/s]Predicted melting temperature: [64.10359954833984]
  seed_117 arm=t2_pos pH=7.4 target=+11.0    Tm=71.06  replicas=[75.9, 73.2, 64.1]
100%|██████████| 1/1 [00:00<00:00,  2.13it/s]
Predicted melting temperature: [78.21305084228516]
  seed_120 arm=t1_base pH=7.4 target=+8.0    Tm=75.56  replicas=[73.1, 75.4, 78.2]
100%|██████████| 1/1 [00:00<00:00,  2.48it/s]100%|██████████| 1/1 [00:00<00:00,  2.48it/s]100%|██████████| 1/1 [00:00<00:00,  1.72it/s]  0%|          | 0/1 [00:00<?, ?it/s]100%|██████████| 1/1 [00:00<00:00,  2.45it/s]
100%|██████████| 1/1 [00:00<00:00,  1.72it/s]100%|██████████| 1/1 [00:00<00:00,  2.45it/s]
  0%|          | 0/1 [00:00<?, ?it/s]
Predicted melting temperature: [81.20943450927734]
100%|██████████| 1/1 [00:00<00:00,  2.04it/s]100%|██████████| 1/1 [00:00<00:00,  1.75it/s]100%|██████████| 1/1 [00:00<00:00,  2.03it/s]100%|██████████| 1/1 [00:00<00:00,  1.75it/s]

  0%|          | 0/1 [00:00<?, ?it/s]Predicted melting temperature: [76.05029296875]
Predicted melting temperature: [77.25918579101562]
  0%|          | 0/1 [00:00<?, ?it/s]Predicted melting temperature: [76.03753662109375]
100%|██████████| 1/1 [00:00<00:00,  2.83it/s]  0%|          | 0/1 [00:00<?, ?it/s]100%|██████████| 1/1 [00:00<00:00,  2.49it/s]Predicted melting temperature: [58.730987548828125]
  0%|          | 0/1 [00:00<?, ?it/s]  0%|          | 0/1 [00:00<?, ?it/s]100%|██████████| 1/1 [00:00<00:00,  2.69it/s]100%|██████████| 1/1 [00:00<00:00,  2.40it/s]

Predicted melting temperature: [57.11296463012695]
  seed_120 arm=t1_cond pH=7.4 target=+9.0    Tm=61.77  replicas=[56.3, 71.9, 57.1]
Predicted melting temperature: [54.53188705444336]
  seed_118 arm=t2_neg pH=7.4 target=-6.0 c   Tm=57.50  replicas=[61.9, 56.0, 54.5]
  0%|          | 0/1 [00:00<?, ?it/s]  0%|          | 0/1 [00:00<?, ?it/s]100%|██████████| 1/1 [00:00<00:00,  1.91it/s]100%|██████████| 1/1 [00:00<00:00,  2.54it/s]100%|██████████| 1/1 [00:00<00:00,  2.52it/s]100%|██████████| 1/1 [00:00<00:00,  1.89it/s]

Predicted melting temperature: [49.56974411010742]
  seed_120 arm=t2_pos pH=7.4 target=+12.0    Tm=58.45  replicas=[56.4, 69.4, 49.6]
Predicted melting temperature: [67.2550048828125]
  0%|          | 0/1 [00:00<?, ?it/s]100%|██████████| 1/1 [00:00<00:00,  2.71it/s]100%|██████████| 1/1 [00:00<00:00,  2.01it/s]100%|██████████| 1/1 [00:00<00:00,  2.01it/s]
100%|██████████| 1/1 [00:00<00:00,  2.66it/s]
100%|██████████| 1/1 [00:00<00:00,  1.99it/s]Predicted melting temperature: [74.72664642333984]
  0%|          | 0/1 [00:00<?, ?it/s]100%|██████████| 1/1 [00:00<00:00,  1.97it/s]Predicted melting temperature: [58.730987548828125]

  0%|          | 0/1 [00:00<?, ?it/s]  0%|          | 0/1 [00:00<?, ?it/s]Predicted melting temperature: [56.07490539550781]
  0%|          | 0/1 [00:00<?, ?it/s]100%|██████████| 1/1 [00:00<00:00,  2.35it/s]100%|██████████| 1/1 [00:00<00:00,  2.35it/s]
Predicted melting temperature: [76.27680206298828]
  seed_121 arm=t2_pos pH=7.4 target=+11.0    Tm=75.71  replicas=[76.0, 74.8, 76.3]
  0%|          | 0/1 [00:00<?, ?it/s]100%|██████████| 1/1 [00:00<00:00,  2.81it/s]100%|██████████| 1/1 [00:00<00:00,  2.74it/s]100%|██████████| 1/1 [00:00<00:00,  1.85it/s]
100%|██████████| 1/1 [00:00<00:00,  1.82it/s]
Predicted melting temperature: [54.65425109863281]
  seed_118 arm=t2_neg pH=7.4 target=+3.0 c   Tm=68.15  replicas=[73.5, 76.3, 54.7]
Predicted melting temperature: [64.56086730957031]
  0%|          | 0/1 [00:00<?, ?it/s]  0%|          | 0/1 [00:00<?, ?it/s]100%|██████████| 1/1 [00:00<00:00,  2.25it/s]100%|██████████| 1/1 [00:00<00:00,  2.23it/s]
Predicted melting temperature: [56.04005432128906]
  seed_120 arm=t2_pos_extreme pH=7.4 targe   Tm=55.35  replicas=[53.0, 57.0, 56.0]
100%|██████████| 1/1 [00:00<00:00,  2.22it/s]100%|██████████| 1/1 [00:00<00:00,  2.26it/s]100%|██████████| 1/1 [00:00<00:00,  1.56it/s]100%|██████████| 1/1 [00:00<00:00,  2.19it/s]  0%|          | 0/1 [00:00<?, ?it/s]100%|██████████| 1/1 [00:00<00:00,  2.22it/s]100%|██████████| 1/1 [00:00<00:00,  1.56it/s]

Predicted melting temperature: [66.39081573486328]
  seed_117 arm=t2_ph pH=7.4 target=均值占位 ch   Tm=69.11  replicas=[64.5, 76.4, 66.4]

100%|██████████| 1/1 [00:00<00:00,  2.19it/s]100%|██████████| 1/1 [00:00<00:00,  2.68it/s]100%|██████████| 1/1 [00:00<00:00,  1.50it/s]Predicted melting temperature: [65.04080200195312]
  0%|          | 0/1 [00:00<?, ?it/s]100%|██████████| 1/1 [00:00<00:00,  2.12it/s]100%|██████████| 1/1 [00:00<00:00,  2.59it/s]
100%|██████████| 1/1 [00:00<00:00,  1.47it/s]

Predicted melting temperature: [46.86372756958008]
  seed_120 arm=t1_base pH=7.4 target=+9.0    Tm=54.90  replicas=[53.8, 64.0, 46.9]
Predicted melting temperature: [69.36439514160156]
  seed_120 arm=t1_cond pH=7.4 target=+8.0    Tm=75.26  replicas=[79.2, 77.3, 69.4]
  0%|          | 0/1 [00:00<?, ?it/s]Predicted melting temperature: [74.91567993164062]
  0%|          | 0/1 [00:00<?, ?it/s]100%|██████████| 1/1 [00:00<00:00,  2.29it/s]100%|██████████| 1/1 [00:00<00:00,  2.26it/s]
100%|██████████| 1/1 [00:00<00:00,  2.01it/s]  0%|          | 0/1 [00:00<?, ?it/s]  0%|          | 0/1 [00:00<?, ?it/s]Predicted melting temperature: [53.22938919067383]
100%|██████████| 1/1 [00:00<00:00,  1.99it/s]  0%|          | 0/1 [00:00<?, ?it/s]
100%|██████████| 1/1 [00:00<00:00,  1.81it/s]Predicted melting temperature: [71.71392059326172]
Predicted melting temperature: [58.78387451171875]
  seed_121 arm=t1_base pH=7.4 target=+0.0    Tm=62.61  replicas=[64.6, 64.5, 58.8]
  0%|          | 0/1 [00:00<?, ?it/s]100%|██████████| 1/1 [00:00<00:00,  1.79it/s]
100%|██████████| 1/1 [00:00<00:00,  2.24it/s]Predicted melting temperature: [57.17150115966797]
  seed_122 arm=t1_cond pH=7.4 target=+0.0    Tm=64.41  replicas=[65.3, 70.8, 57.2]
100%|██████████| 1/1 [00:00<00:00,  2.22it/s]  0%|          | 0/1 [00:00<?, ?it/s]
  0%|          | 0/1 [00:00<?, ?it/s]100%|██████████| 1/1 [00:00<00:00,  1.64it/s]Predicted melting temperature: [74.10870361328125]
100%|██████████| 1/1 [00:00<00:00,  1.62it/s]
  0%|          | 0/1 [00:00<?, ?it/s]100%|██████████| 1/1 [00:00<00:00,  2.64it/s]100%|██████████| 1/1 [00:00<00:00,  2.61it/s]
Predicted melting temperature: [58.48017501831055]
100%|██████████| 1/1 [00:00<00:00,  1.26it/s]100%|██████████| 1/1 [00:00<00:00,  2.69it/s]  0%|          | 0/1 [00:00<?, ?it/s]100%|██████████| 1/1 [00:00<00:00,  2.68it/s]100%|██████████| 1/1 [00:00<00:00,  1.25it/s]
Predicted melting temperature: [71.52392578125]

Predicted melting temperature: [66.39797973632812]
  seed_118 arm=t2_pos pH=7.4 target=+3.0 c   Tm=72.30  replicas=[75.8, 74.7, 66.4]
  0%|          | 0/1 [00:00<?, ?it/s]Predicted melting temperature: [52.61925506591797]
  seed_117 arm=t2_ph pH=7.4 target=均值占位 ch   Tm=52.72  replicas=[49.1, 56.5, 52.6]
100%|██████████| 1/1 [00:00<00:00,  2.06it/s]100%|██████████| 1/1 [00:00<00:00,  2.04it/s]
Predicted melting temperature: [61.1240348815918]
  seed_122 arm=t1_base pH=7.4 target=-1.0    Tm=65.46  replicas=[76.5, 58.7, 61.1]
  0%|          | 0/1 [00:00<?, ?it/s]100%|██████████| 1/1 [00:00<00:00,  1.33it/s]100%|██████████| 1/1 [00:00<00:00,  2.54it/s]100%|██████████| 1/1 [00:00<00:00,  1.32it/s]100%|██████████| 1/1 [00:00<00:00,  2.51it/s]
  0%|          | 0/1 [00:00<?, ?it/s]
Predicted melting temperature: [61.1240348815918]
  seed_122 arm=t2_ph pH=7.4 target=均值占位 ch   Tm=65.46  replicas=[76.5, 58.7, 61.1]
100%|██████████| 1/1 [00:00<00:00,  1.88it/s]100%|██████████| 1/1 [00:00<00:00,  1.86it/s]
  0%|          | 0/1 [00:00<?, ?it/s]Predicted melting temperature: [58.97005844116211]
Predicted melting temperature: [66.26724243164062]
  seed_118 arm=t2_pos_extreme pH=7.4 targe   Tm=72.42  replicas=[74.9, 76.1, 66.3]
  0%|          | 0/1 [00:00<?, ?it/s]100%|██████████| 1/1 [00:00<00:00,  2.05it/s]  0%|          | 0/1 [00:00<?, ?it/s]100%|██████████| 1/1 [00:00<00:00,  2.02it/s]  0%|          | 0/1 [00:00<?, ?it/s]
100%|██████████| 1/1 [00:00<00:00,  1.66it/s]100%|██████████| 1/1 [00:00<00:00,  1.66it/s]
Predicted melting temperature: [52.524925231933594]
100%|██████████| 1/1 [00:00<00:00,  1.76it/s]100%|██████████| 1/1 [00:00<00:00,  1.76it/s]  0%|          | 0/1 [00:00<?, ?it/s]
Predicted melting temperature: [71.74070739746094]
Predicted melting temperature: [58.99755096435547]
  seed_118 arm=t1_base pH=7.4 target=+8.0    Tm=69.59  replicas=[73.7, 76.0, 59.0]
  0%|          | 0/1 [00:00<?, ?it/s]  0%|          | 0/1 [00:00<?, ?it/s]100%|██████████| 1/1 [00:00<00:00,  2.07it/s]100%|██████████| 1/1 [00:00<00:00,  2.07it/s]
Predicted melting temperature: [54.5402946472168]
  0%|          | 0/1 [00:00<?, ?it/s]100%|██████████| 1/1 [00:00<00:00,  1.98it/s]100%|██████████| 1/1 [00:00<00:00,  1.98it/s]
100%|██████████| 1/1 [00:00<00:00,  2.52it/s]100%|██████████| 1/1 [00:00<00:00,  2.51it/s]
Predicted melting temperature: [71.9420394897461]
  0%|          | 0/1 [00:00<?, ?it/s]Predicted melting temperature: [60.99768829345703]
  0%|          | 0/1 [00:00<?, ?it/s]100%|██████████| 1/1 [00:00<00:00,  1.11it/s]100%|██████████| 1/1 [00:00<00:00,  1.11it/s]
100%|██████████| 1/1 [00:00<00:00,  2.34it/s]100%|██████████| 1/1 [00:00<00:00,  2.31it/s]Predicted melting temperature: [49.85709762573242]

  0%|          | 0/1 [00:00<?, ?it/s]100%|██████████| 1/1 [00:00<00:00,  2.75it/s]100%|██████████| 1/1 [00:00<00:00,  2.71it/s]Predicted melting temperature: [64.47785186767578]

  0%|          | 0/1 [00:00<?, ?it/s]Predicted melting temperature: [60.30601119995117]
  0%|          | 0/1 [00:00<?, ?it/s]100%|██████████| 1/1 [00:00<00:00,  2.22it/s]100%|██████████| 1/1 [00:00<00:00,  2.22it/s]
Predicted melting temperature: [61.30278396606445]
  0%|          | 0/1 [00:00<?, ?it/s]100%|██████████| 1/1 [00:00<00:00,  1.92it/s]100%|██████████| 1/1 [00:00<00:00,  1.92it/s]
100%|██████████| 1/1 [00:00<00:00,  2.42it/s]100%|██████████| 1/1 [00:00<00:00,  2.57it/s]100%|██████████| 1/1 [00:00<00:00,  2.98it/s]100%|██████████| 1/1 [00:00<00:00,  2.94it/s]
100%|██████████| 1/1 [00:00<00:00,  2.38it/s]100%|██████████| 1/1 [00:00<00:00,  2.53it/s]100%|██████████| 1/1 [00:00<00:00,  2.75it/s]

Predicted melting temperature: [66.87055969238281]
100%|██████████| 1/1 [00:00<00:00,  1.22it/s]Predicted melting temperature: [74.7834701538086]
  seed_120 arm=t2_pos_extreme pH=7.4 targe   Tm=76.70  replicas=[81.2, 74.1, 74.8]
100%|██████████| 1/1 [00:00<00:00,  2.70it/s]  0%|          | 0/1 [00:00<?, ?it/s]
100%|██████████| 1/1 [00:00<00:00,  1.22it/s]100%|██████████| 1/1 [00:00<00:00,  2.20it/s]
Predicted melting temperature: [66.67662811279297]
Predicted melting temperature: [64.69300842285156]
  seed_122 arm=t2_neg pH=7.4 target=-5.0 c   Tm=67.82  replicas=[67.3, 71.5, 64.7]
100%|██████████| 1/1 [00:00<00:00,  2.17it/s]
Predicted melting temperature: [60.60017395019531]
100%|██████████| 1/1 [00:00<00:00,  2.13it/s]  0%|          | 0/1 [00:00<?, ?it/s]  0%|          | 0/1 [00:00<?, ?it/s]100%|██████████| 1/1 [00:00<00:00,  2.10it/s]
  0%|          | 0/1 [00:00<?, ?it/s]Predicted melting temperature: [66.30693817138672]
Predicted melting temperature: [79.2064208984375]
  seed_118 arm=t2_neg pH=7.4 target=+3.0 c   Tm=78.11  replicas=[80.2, 74.9, 79.2]
  0%|          | 0/1 [00:00<?, ?it/s]Predicted melting temperature: [76.67279052734375]
100%|██████████| 1/1 [00:00<00:00,  2.11it/s]100%|██████████| 1/1 [00:00<00:00,  2.60it/s]  0%|          | 0/1 [00:00<?, ?it/s]  0%|          | 0/1 [00:00<?, ?it/s]100%|██████████| 1/1 [00:00<00:00,  2.18it/s]100%|██████████| 1/1 [00:00<00:00,  2.10it/s]
100%|██████████| 1/1 [00:00<00:00,  2.17it/s]
100%|██████████| 1/1 [00:00<00:00,  2.53it/s]  0%|          | 0/1 [00:00<?, ?it/s]
Predicted melting temperature: [69.71269989013672]
  0%|          | 0/1 [00:00<?, ?it/s]Predicted melting temperature: [65.36540985107422]
Predicted melting temperature: [69.11124420166016]
100%|██████████| 1/1 [00:00<00:00,  2.57it/s]100%|██████████| 1/1 [00:00<00:00,  1.93it/s]  0%|          | 0/1 [00:00<?, ?it/s]  0%|          | 0/1 [00:00<?, ?it/s]100%|██████████| 1/1 [00:01<00:00,  1.34s/it]100%|██████████| 1/1 [00:00<00:00,  2.48it/s]
100%|██████████| 1/1 [00:01<00:00,  1.34s/it]
Predicted melting temperature: [65.61692810058594]
  seed_120 arm=t2_pos_extreme pH=7.4 targe   Tm=69.11  replicas=[69.8, 71.9, 65.6]
100%|██████████| 1/1 [00:00<00:00,  1.86it/s]100%|██████████| 1/1 [00:00<00:00,  2.39it/s]
100%|██████████| 1/1 [00:00<00:00,  2.39it/s]
Predicted melting temperature: [56.990901947021484]
  0%|          | 0/1 [00:00<?, ?it/s]Predicted melting temperature: [52.827537536621094]
Predicted melting temperature: [64.28919219970703]
  0%|          | 0/1 [00:00<?, ?it/s]  0%|          | 0/1 [00:00<?, ?it/s]  0%|          | 0/1 [00:00<?, ?it/s]100%|██████████| 1/1 [00:00<00:00,  1.59it/s]100%|██████████| 1/1 [00:00<00:00,  1.59it/s]
Predicted melting temperature: [75.57608032226562]
  0%|          | 0/1 [00:00<?, ?it/s]100%|██████████| 1/1 [00:00<00:00,  1.77it/s]100%|██████████| 1/1 [00:00<00:00,  1.60it/s]100%|██████████| 1/1 [00:00<00:00,  1.75it/s]100%|██████████| 1/1 [00:00<00:00,  1.59it/s]

Predicted melting temperature: [70.20318603515625]
Predicted melting temperature: [71.09623718261719]
  0%|          | 0/1 [00:00<?, ?it/s]  0%|          | 0/1 [00:00<?, ?it/s]100%|██████████| 1/1 [00:00<00:00,  2.08it/s]100%|██████████| 1/1 [00:00<00:00,  2.08it/s]
100%|██████████| 1/1 [00:00<00:00,  1.78it/s]100%|██████████| 1/1 [00:00<00:00,  1.76it/s]100%|██████████| 1/1 [00:00<00:00,  2.40it/s]
100%|██████████| 1/1 [00:00<00:00,  3.02it/s]100%|██████████| 1/1 [00:00<00:00,  2.37it/s]100%|██████████| 1/1 [00:00<00:00,  2.28it/s]
Predicted melting temperature: [70.59078979492188]
100%|██████████| 1/1 [00:00<00:00,  2.82it/s]100%|██████████| 1/1 [00:00<00:00,  2.80it/s]
Predicted melting temperature: [58.78387451171875]
  seed_121 arm=t2_ph pH=7.4 target=均值占位 ch   Tm=62.61  replicas=[64.6, 64.5, 58.8]
100%|██████████| 1/1 [00:00<00:00,  2.62it/s]100%|██████████| 1/1 [00:00<00:00,  2.62it/s]
100%|██████████| 1/1 [00:00<00:00,  2.94it/s]  0%|          | 0/1 [00:00<?, ?it/s]
100%|██████████| 1/1 [00:00<00:00,  2.24it/s]Predicted melting temperature: [66.17889404296875]

Predicted melting temperature: [74.12442016601562]
  0%|          | 0/1 [00:00<?, ?it/s]Predicted melting temperature: [58.87223815917969]
Predicted melting temperature: [58.558082580566406]
  seed_121 arm=t2_pos pH=7.4 target=+2.0 c   Tm=61.30  replicas=[65.0, 60.3, 58.6]
Predicted melting temperature: [53.089637756347656]
  seed_120 arm=t2_neg pH=7.4 target=+4.0 c   Tm=60.37  replicas=[56.1, 71.9, 53.1]
  0%|          | 0/1 [00:00<?, ?it/s]100%|██████████| 1/1 [00:00<00:00,  1.72it/s]100%|██████████| 1/1 [00:00<00:00,  3.09it/s]100%|██████████| 1/1 [00:00<00:00,  1.71it/s]  0%|          | 0/1 [00:00<?, ?it/s]  0%|          | 0/1 [00:00<?, ?it/s]  0%|          | 0/1 [00:00<?, ?it/s]100%|██████████| 1/1 [00:00<00:00,  2.95it/s]100%|██████████| 1/1 [00:00<00:00,  1.68it/s]100%|██████████| 1/1 [00:00<00:00,  1.64it/s]


  0%|          | 0/1 [00:00<?, ?it/s]Predicted melting temperature: [57.21269226074219]
Predicted melting temperature: [61.9926643371582]
100%|██████████| 1/1 [00:00<00:00,  3.38it/s]  0%|          | 0/1 [00:00<?, ?it/s]Predicted melting temperature: [71.57136535644531]
  0%|          | 0/1 [00:00<?, ?it/s]  0%|          | 0/1 [00:00<?, ?it/s]100%|██████████| 1/1 [00:00<00:00,  3.27it/s]
100%|██████████| 1/1 [00:00<00:00,  2.82it/s]100%|██████████| 1/1 [00:00<00:00,  2.82it/s]
Predicted melting temperature: [73.18409729003906]
  0%|          | 0/1 [00:00<?, ?it/s]100%|██████████| 1/1 [00:00<00:00,  2.74it/s]Predicted melting temperature: [62.52405548095703]
  0%|          | 0/1 [00:00<?, ?it/s]100%|██████████| 1/1 [00:00<00:00,  2.69it/s]
100%|██████████| 1/1 [00:00<00:00,  1.44it/s]100%|██████████| 1/1 [00:00<00:00,  2.54it/s]Predicted melting temperature: [62.84751510620117]
100%|██████████| 1/1 [00:00<00:00,  1.40it/s]100%|██████████| 1/1 [00:00<00:00,  2.51it/s]

  0%|          | 0/1 [00:00<?, ?it/s]Predicted melting temperature: [75.62216186523438]
  0%|          | 0/1 [00:00<?, ?it/s]Predicted melting temperature: [71.6638412475586]
  0%|          | 0/1 [00:00<?, ?it/s]100%|██████████| 1/1 [00:00<00:00,  2.89it/s]100%|██████████| 1/1 [00:00<00:00,  2.82it/s]
100%|██████████| 1/1 [00:00<00:00,  2.34it/s]100%|██████████| 1/1 [00:00<00:00,  2.36it/s]100%|██████████| 1/1 [00:00<00:00,  2.30it/s]
100%|██████████| 1/1 [00:00<00:00,  2.34it/s]Predicted melting temperature: [63.707008361816406]

Predicted melting temperature: [77.40296936035156]
  0%|          | 0/1 [00:00<?, ?it/s]  0%|          | 0/1 [00:00<?, ?it/s]Predicted melting temperature: [66.85626983642578]
100%|██████████| 1/1 [00:00<00:00,  2.29it/s]  0%|          | 0/1 [00:00<?, ?it/s]100%|██████████| 1/1 [00:00<00:00,  2.26it/s]
Predicted melting temperature: [56.00865173339844]
  seed_120 arm=t2_ph pH=7.4 target=均值占位 ch   Tm=59.65  replicas=[53.2, 69.7, 56.0]
100%|██████████| 1/1 [00:00<00:00,  1.93it/s]100%|██████████| 1/1 [00:00<00:00,  1.93it/s]  0%|          | 0/1 [00:00<?, ?it/s]
100%|██████████| 1/1 [00:00<00:00,  2.32it/s]Predicted melting temperature: [75.38837432861328]
  0%|          | 0/1 [00:00<?, ?it/s]100%|██████████| 1/1 [00:00<00:00,  2.23it/s]100%|██████████| 1/1 [00:00<00:00,  2.08it/s]
100%|██████████| 1/1 [00:00<00:00,  2.07it/s]
Predicted melting temperature: [67.03128814697266]
  seed_119 arm=t2_pos_extreme pH=7.4 targe   Tm=63.43  replicas=[59.0, 64.3, 67.0]
Predicted melting temperature: [66.01972961425781]
  0%|          | 0/1 [00:00<?, ?it/s]  0%|          | 0/1 [00:00<?, ?it/s]100%|██████████| 1/1 [00:00<00:00,  1.98it/s]100%|██████████| 1/1 [00:00<00:00,  1.97it/s]
Predicted melting temperature: [68.4730224609375]
  0%|          | 0/1 [00:00<?, ?it/s]100%|██████████| 1/1 [00:00<00:00,  2.92it/s]100%|██████████| 1/1 [00:00<00:00,  2.91it/s]
Predicted melting temperature: [66.67662811279297]
  0%|          | 0/1 [00:00<?, ?it/s]100%|██████████| 1/1 [00:00<00:00,  2.78it/s]100%|██████████| 1/1 [00:00<00:00,  2.78it/s]
Predicted melting temperature: [58.976715087890625]
  seed_121 arm=t2_pos pH=7.4 target=+12.0    Tm=61.37  replicas=[54.5, 70.6, 59.0]
  0%|          | 0/1 [00:00<?, ?it/s]100%|██████████| 1/1 [00:00<00:00,  2.98it/s]100%|██████████| 1/1 [00:00<00:00,  2.32it/s]100%|██████████| 1/1 [00:00<00:00,  2.30it/s]100%|██████████| 1/1 [00:00<00:00,  2.80it/s]100%|██████████| 1/1 [00:00<00:00,  1.55it/s]100%|██████████| 1/1 [00:00<00:00,  2.20it/s]100%|██████████| 1/1 [00:00<00:00,  1.51it/s]100%|██████████| 1/1 [00:00<00:00,  3.08it/s]100%|██████████| 1/1 [00:00<00:00,  2.84it/s]100%|██████████| 1/1 [00:00<00:00,  1.75it/s]100%|██████████| 1/1 [00:00<00:00,  3.00it/s]100%|██████████| 1/1 [00:00<00:00,  1.73it/s]100%|██████████| 1/1 [00:00<00:00,  2.04it/s]100%|██████████| 1/1 [00:01<00:00,  1.23s/it]100%|██████████| 1/1 [00:00<00:00,  1.73it/s]100%|██████████| 1/1 [00:00<00:00,  2.61it/s]100%|██████████| 1/1 [00:00<00:00,  1.33it/s]100%|██████████| 1/1 [00:00<00:00,  1.71it/s]100%|██████████| 1/1 [00:00<00:00,  1.62it/s]100%|██████████| 1/1 [00:00<00:00,  1.34it/s]100%|██████████| 1/1 [00:00<00:00,  3.24it/s]100%|██████████| 1/1 [00:00<00:00,  2.19it/s]100%|██████████| 1/1 [00:00<00:00,  1.06it/s]100%|██████████| 1/1 [00:00<00:00,  2.50it/s]100%|██████████| 1/1 [00:00<00:00,  2.26it/s]100%|██████████| 1/1 [00:00<00:00,  1.66it/s]100%|██████████| 1/1 [00:00<00:00,  1.86it/s]100%|██████████| 1/1 [00:00<00:00,  2.14it/s]100%|██████████| 1/1 [00:00<00:00,  1.94it/s]100%|██████████| 1/1 [00:01<00:00,  1.21s/it]100%|██████████| 1/1 [00:01<00:00,  1.18s/it]100%|██████████| 1/1 [00:01<00:00,  1.22s/it]100%|██████████| 1/1 [00:01<00:00,  1.42s/it]
100%|██████████| 1/1 [00:01<00:00,  1.22s/it]100%|██████████| 1/1 [00:01<00:00,  1.14s/it]


100%|██████████| 1/1 [00:01<00:00,  1.43s/it]100%|██████████| 1/1 [00:01<00:00,  1.09s/it]
100%|██████████| 1/1 [00:01<00:00,  1.11s/it]
100%|██████████| 1/1 [00:01<00:00,  1.04s/it]
100%|██████████| 1/1 [00:01<00:00,  1.33s/it]100%|██████████| 1/1 [00:01<00:00,  1.24s/it]100%|██████████| 1/1 [00:01<00:00,  1.15s/it]100%|██████████| 1/1 [00:01<00:00,  1.88s/it]

100%|██████████| 1/1 [00:01<00:00,  1.22s/it]
100%|██████████| 1/1 [00:01<00:00,  1.02s/it]
100%|██████████| 1/1 [00:01<00:00,  1.38s/it]
100%|██████████| 1/1 [00:01<00:00,  1.21s/it]100%|██████████| 1/1 [00:01<00:00,  1.22s/it]
100%|██████████| 1/1 [00:01<00:00,  1.35s/it]
100%|██████████| 1/1 [00:01<00:00,  1.06s/it]
100%|██████████| 1/1 [00:00<00:00,  1.09it/s]
100%|██████████| 1/1 [00:01<00:00,  1.54s/it]
100%|██████████| 1/1 [00:01<00:00,  1.06s/it]100%|██████████| 1/1 [00:00<00:00,  1.02it/s]100%|██████████| 1/1 [00:01<00:00,  1.01s/it]100%|██████████| 1/1 [00:01<00:00,  1.14s/it]


100%|██████████| 1/1 [00:00<00:00,  1.05it/s]100%|██████████| 1/1 [00:00<00:00,  1.01it/s]

Predicted melting temperature: [54.84394836425781]
  seed_121 arm=t1_cond pH=7.4 target=-1.0    Tm=54.52  replicas=[49.9, 58.9, 54.8]
Predicted melting temperature: [59.42127227783203]
  seed_121 arm=t2_pos_extreme pH=7.4 targe   Tm=59.31  replicas=[61.3, 57.2, 59.4]


Predicted melting temperature: [63.7376708984375]
  seed_122 arm=t2_pos pH=7.4 target=+11.0    Tm=66.29  replicas=[61.0, 74.1, 63.7]
Predicted melting temperature: [64.70524597167969]
  seed_122 arm=t1_base pH=7.4 target=+0.0    Tm=67.68  replicas=[66.7, 71.7, 64.7]
Predicted melting temperature: [59.18592071533203]
  seed_123 arm=t1_base pH=7.4 target=-1.0    Tm=60.88  replicas=[60.6, 62.8, 59.2]
Predicted melting temperature: [68.73526763916016]

Predicted melting temperature: [69.69017028808594]

Predicted melting temperature: [62.938133239746094]
  seed_121 arm=t1_cond pH=7.4 target=+9.0    Tm=62.34  replicas=[52.5, 71.6, 62.9]
Predicted melting temperature: [76.7244873046875]
  seed_121 arm=t1_base pH=7.4 target=+8.0    Tm=72.88  replicas=[71.7, 70.2, 76.7]

Predicted melting temperature: [75.63599395751953]
  seed_121 arm=t1_cond pH=7.4 target=+8.0    Tm=76.57  replicas=[76.7, 77.4, 75.6]

Predicted melting temperature: [74.79786682128906]
Predicted melting temperature: [71.31741333007812]
Predicted melting temperature: [72.18070983886719]

Predicted melting temperature: [61.455101013183594]
  seed_119 arm=t2_neg pH=7.4 target=+3.0 c   Tm=67.90  replicas=[66.9, 75.4, 61.5]
Predicted melting temperature: [64.68458557128906]
  seed_118 arm=t2_pos pH=7.4 target=+11.0    Tm=70.68  replicas=[71.7, 75.6, 64.7]
Predicted melting temperature: [63.676490783691406]
  seed_119 arm=t2_pos pH=7.4 target=+3.0 c   Tm=67.09  replicas=[69.1, 68.5, 63.7]
Predicted melting temperature: [49.75341796875]
Predicted melting temperature: [72.22931671142578]
Predicted melting temperature: [52.846317291259766]
Predicted melting temperature: [47.035545349121094]
  seed_119 arm=t1_cond pH=7.4 target=+8.0    Tm=58.87  replicas=[58.5, 71.1, 47.0]
Predicted melting temperature: [62.00962829589844]
  seed_123 arm=t2_ph pH=7.4 target=均值占位 ch   Tm=60.90  replicas=[57.0, 63.7, 62.0]
  0%|          | 0/1 [00:00<?, ?it/s]Predicted melting temperature: [58.29566192626953]
  0%|          | 0/1 [00:00<?, ?it/s]  0%|          | 0/1 [00:00<?, ?it/s]Predicted melting temperature: [60.49278259277344]
  seed_123 arm=t1_cond pH=7.4 target=+0.0    Tm=63.96  replicas=[65.4, 66.0, 60.5]
  0%|          | 0/1 [00:00<?, ?it/s]  0%|          | 0/1 [00:00<?, ?it/s]  0%|          | 0/1 [00:00<?, ?it/s]  0%|          | 0/1 [00:00<?, ?it/s]  0%|          | 0/1 [00:00<?, ?it/s]Predicted melting temperature: [72.74179077148438]
Predicted melting temperature: [51.52061462402344]
  0%|          | 0/1 [00:00<?, ?it/s]  0%|          | 0/1 [00:00<?, ?it/s]  0%|          | 0/1 [00:00<?, ?it/s]  0%|          | 0/1 [00:00<?, ?it/s]  0%|          | 0/1 [00:00<?, ?it/s]  0%|          | 0/1 [00:00<?, ?it/s]Predicted melting temperature: [71.6638412475586]
  0%|          | 0/1 [00:00<?, ?it/s]Predicted melting temperature: [76.4391860961914]
  0%|          | 0/1 [00:00<?, ?it/s]  0%|          | 0/1 [00:00<?, ?it/s]Predicted melting temperature: [77.45506286621094]
Predicted melting temperature: [67.64761352539062]
  0%|          | 0/1 [00:00<?, ?it/s]  0%|          | 0/1 [00:00<?, ?it/s]  0%|          | 0/1 [00:00<?, ?it/s]  0%|          | 0/1 [00:00<?, ?it/s]  0%|          | 0/1 [00:00<?, ?it/s]  0%|          | 0/1 [00:00<?, ?it/s]  0%|          | 0/1 [00:00<?, ?it/s]  0%|          | 0/1 [00:00<?, ?it/s]  0%|          | 0/1 [00:00<?, ?it/s]  0%|          | 0/1 [00:00<?, ?it/s]  0%|          | 0/1 [00:00<?, ?it/s]  0%|          | 0/1 [00:00<?, ?it/s]100%|██████████| 1/1 [00:00<00:00,  2.94it/s]100%|██████████| 1/1 [00:00<00:00,  2.93it/s]
Predicted melting temperature: [83.46792602539062]
  0%|          | 0/1 [00:00<?, ?it/s]100%|██████████| 1/1 [00:00<00:00,  2.52it/s]100%|██████████| 1/1 [00:00<00:00,  2.52it/s]
Predicted melting temperature: [64.87317657470703]
  0%|          | 0/1 [00:00<?, ?it/s]100%|██████████| 1/1 [00:00<00:00,  2.52it/s]100%|██████████| 1/1 [00:00<00:00,  2.52it/s]100%|██████████| 1/1 [00:00<00:00,  2.52it/s]
Predicted melting temperature: [65.12126159667969]
  seed_123 arm=t2_neg pH=7.4 target=-5.0 c   Tm=70.35  replicas=[73.2, 72.7, 65.1]
100%|██████████| 1/1 [00:00<00:00,  2.47it/s]100%|██████████| 1/1 [00:00<00:00,  2.31it/s]
100%|██████████| 1/1 [00:00<00:00,  2.22it/s]100%|██████████| 1/1 [00:00<00:00,  2.21it/s]
100%|██████████| 1/1 [00:00<00:00,  2.29it/s]
  0%|          | 0/1 [00:00<?, ?it/s]Predicted melting temperature: [54.536537170410156]
  0%|          | 0/1 [00:00<?, ?it/s]Predicted melting temperature: [48.29777145385742]
Predicted melting temperature: [76.69245147705078]
100%|██████████| 1/1 [00:00<00:00,  2.11it/s]  0%|          | 0/1 [00:00<?, ?it/s]  0%|          | 0/1 [00:00<?, ?it/s]100%|██████████| 1/1 [00:00<00:00,  2.10it/s]
100%|██████████| 1/1 [00:00<00:00,  2.08it/s]100%|██████████| 1/1 [00:00<00:00,  2.07it/s]
Predicted melting temperature: [62.455078125]
Predicted melting temperature: [72.37229919433594]
  0%|          | 0/1 [00:00<?, ?it/s]  0%|          | 0/1 [00:00<?, ?it/s]100%|██████████| 1/1 [00:00<00:00,  2.19it/s]100%|██████████| 1/1 [00:00<00:00,  2.17it/s]
Predicted melting temperature: [64.70524597167969]
  seed_122 arm=t2_ph pH=7.4 target=均值占位 ch   Tm=67.68  replicas=[66.7, 71.7, 64.7]
100%|██████████| 1/1 [00:00<00:00,  1.97it/s]100%|██████████| 1/1 [00:00<00:00,  1.96it/s]
  0%|          | 0/1 [00:00<?, ?it/s]100%|██████████| 1/1 [00:00<00:00,  1.97it/s]100%|██████████| 1/1 [00:00<00:00,  1.97it/s]
Predicted melting temperature: [60.70089340209961]
Predicted melting temperature: [78.28060150146484]
  0%|          | 0/1 [00:00<?, ?it/s]  0%|          | 0/1 [00:00<?, ?it/s]100%|██████████| 1/1 [00:00<00:00,  2.00it/s]100%|██████████| 1/1 [00:00<00:00,  1.99it/s]
Predicted melting temperature: [74.71211242675781]
  0%|          | 0/1 [00:00<?, ?it/s]100%|██████████| 1/1 [00:00<00:00,  1.81it/s]100%|██████████| 1/1 [00:00<00:00,  1.81it/s]100%|██████████| 1/1 [00:00<00:00,  1.76it/s]
100%|██████████| 1/1 [00:00<00:00,  1.73it/s]
Predicted melting temperature: [65.6038589477539]
100%|██████████| 1/1 [00:00<00:00,  1.73it/s]  0%|          | 0/1 [00:00<?, ?it/s]100%|██████████| 1/1 [00:00<00:00,  1.71it/s]Predicted melting temperature: [71.91950988769531]

100%|██████████| 1/1 [00:00<00:00,  1.62it/s]  0%|          | 0/1 [00:00<?, ?it/s]100%|██████████| 1/1 [00:00<00:00,  1.62it/s]100%|██████████| 1/1 [00:00<00:00,  1.74it/s]
Predicted melting temperature: [65.71904754638672]
  seed_121 arm=t2_pos_extreme pH=7.4 targe   Tm=66.52  replicas=[62.5, 71.3, 65.7]
100%|██████████| 1/1 [00:00<00:00,  1.73it/s]
100%|██████████| 1/1 [00:00<00:00,  1.58it/s]Predicted melting temperature: [49.28754425048828]
100%|██████████| 1/1 [00:00<00:00,  1.69it/s]  0%|          | 0/1 [00:00<?, ?it/s]100%|██████████| 1/1 [00:00<00:00,  1.68it/s]100%|██████████| 1/1 [00:00<00:00,  1.56it/s]
100%|██████████| 1/1 [00:00<00:00,  1.67it/s]
100%|██████████| 1/1 [00:00<00:00,  1.66it/s]
Predicted melting temperature: [52.21627426147461]
  seed_121 arm=t1_base pH=7.4 target=+9.0    Tm=58.24  replicas=[52.8, 69.7, 52.2]
Predicted melting temperature: [65.09774780273438]
100%|██████████| 1/1 [00:00<00:00,  1.66it/s]  0%|          | 0/1 [00:00<?, ?it/s]  0%|          | 0/1 [00:00<?, ?it/s]100%|██████████| 1/1 [00:00<00:00,  1.64it/s]Predicted melting temperature: [69.92559051513672]
Predicted melting temperature: [72.12269592285156]

  0%|          | 0/1 [00:00<?, ?it/s]  0%|          | 0/1 [00:00<?, ?it/s]  0%|          | 0/1 [00:00<?, ?it/s]100%|██████████| 1/1 [00:00<00:00,  1.54it/s]100%|██████████| 1/1 [00:00<00:00,  1.54it/s]100%|██████████| 1/1 [00:00<00:00,  1.50it/s]
Predicted melting temperature: [62.726097106933594]
100%|██████████| 1/1 [00:00<00:00,  1.48it/s]
Predicted melting temperature: [60.68194580078125]
  seed_119 arm=t2_pos_extreme pH=7.4 targe   Tm=66.35  replicas=[66.2, 72.2, 60.7]
  0%|          | 0/1 [00:00<?, ?it/s]100%|██████████| 1/1 [00:00<00:00,  2.05it/s]Predicted melting temperature: [53.41701889038086]
  0%|          | 0/1 [00:00<?, ?it/s]100%|██████████| 1/1 [00:00<00:00,  2.02it/s]  0%|          | 0/1 [00:00<?, ?it/s]
Predicted melting temperature: [77.67781066894531]
  0%|          | 0/1 [00:00<?, ?it/s]100%|██████████| 1/1 [00:00<00:00,  1.47it/s]100%|██████████| 1/1 [00:00<00:00,  1.37it/s]100%|██████████| 1/1 [00:00<00:00,  1.46it/s]
100%|██████████| 1/1 [00:00<00:00,  1.37it/s]100%|██████████| 1/1 [00:00<00:00,  3.28it/s]
Predicted melting temperature: [64.07416534423828]
  0%|          | 0/1 [00:00<?, ?it/s]100%|██████████| 1/1 [00:00<00:00,  3.22it/s]
Predicted melting temperature: [57.900352478027344]
  0%|          | 0/1 [00:00<?, ?it/s]Predicted melting temperature: [72.71589660644531]
  0%|          | 0/1 [00:00<?, ?it/s]100%|██████████| 1/1 [00:00<00:00,  1.42it/s]100%|██████████| 1/1 [00:00<00:00,  1.41it/s]
Predicted melting temperature: [56.50658416748047]
  seed_119 arm=t2_neg pH=7.4 target=+3.0 c   Tm=63.67  replicas=[66.9, 67.6, 56.5]
  0%|          | 0/1 [00:00<?, ?it/s]100%|██████████| 1/1 [00:00<00:00,  3.08it/s]100%|██████████| 1/1 [00:00<00:00,  1.30it/s]100%|██████████| 1/1 [00:00<00:00,  3.01it/s]100%|██████████| 1/1 [00:00<00:00,  1.29it/s]100%|██████████| 1/1 [00:00<00:00,  1.26it/s]

100%|██████████| 1/1 [00:00<00:00,  1.26it/s]
Predicted melting temperature: [55.24772644042969]
  seed_119 arm=t2_neg pH=7.4 target=-6.0 c   Tm=59.95  replicas=[66.3, 58.3, 55.2]
Predicted melting temperature: [52.221336364746094]
  seed_119 arm=t1_base pH=7.4 target=+8.0    Tm=62.15  replicas=[62.0, 72.2, 52.2]
100%|██████████| 1/1 [00:00<00:00,  3.20it/s]100%|██████████| 1/1 [00:00<00:00,  3.15it/s]
Predicted melting temperature: [61.164886474609375]
  seed_122 arm=t2_pos pH=7.4 target=+2.0 c   Tm=66.14  replicas=[74.8, 62.5, 61.2]
  0%|          | 0/1 [00:00<?, ?it/s]Predicted melting temperature: [73.26406860351562]
100%|██████████| 1/1 [00:00<00:00,  3.09it/s]  0%|          | 0/1 [00:00<?, ?it/s]100%|██████████| 1/1 [00:00<00:00,  3.07it/s]  0%|          | 0/1 [00:00<?, ?it/s]
100%|██████████| 1/1 [00:00<00:00,  1.28it/s]  0%|          | 0/1 [00:00<?, ?it/s]100%|██████████| 1/1 [00:00<00:00,  1.27it/s]100%|██████████| 1/1 [00:00<00:00,  2.77it/s]Predicted melting temperature: [73.319580078125]

Predicted melting temperature: [60.22320556640625]
  seed_118 arm=t2_ph pH=7.4 target=均值占位 ch   Tm=71.08  replicas=[75.6, 77.5, 60.2]
  0%|          | 0/1 [00:00<?, ?it/s]100%|██████████| 1/1 [00:00<00:00,  2.71it/s]
100%|██████████| 1/1 [00:00<00:00,  3.12it/s]100%|██████████| 1/1 [00:00<00:00,  3.27it/s]100%|██████████| 1/1 [00:00<00:00,  3.06it/s]
100%|██████████| 1/1 [00:00<00:00,  3.23it/s]Predicted melting temperature: [58.23255157470703]

Predicted melting temperature: [72.37229919433594]
  0%|          | 0/1 [00:00<?, ?it/s]  0%|          | 0/1 [00:00<?, ?it/s]  0%|          | 0/1 [00:00<?, ?it/s]Predicted melting temperature: [57.38644027709961]
100%|██████████| 1/1 [00:00<00:00,  2.95it/s]100%|██████████| 1/1 [00:00<00:00,  2.93it/s]
  0%|          | 0/1 [00:00<?, ?it/s]Predicted melting temperature: [74.99830627441406]
  0%|          | 0/1 [00:00<?, ?it/s]100%|██████████| 1/1 [00:00<00:00,  3.10it/s]100%|██████████| 1/1 [00:00<00:00,  3.09it/s]
100%|██████████| 1/1 [00:00<00:00,  2.17it/s]100%|██████████| 1/1 [00:00<00:00,  2.15it/s]Predicted melting temperature: [71.31143188476562]

100%|██████████| 1/1 [00:00<00:00,  2.63it/s]100%|██████████| 1/1 [00:00<00:00,  2.62it/s]  0%|          | 0/1 [00:00<?, ?it/s]
Predicted melting temperature: [77.4471664428711]
  seed_120 arm=t2_pos_extreme pH=7.4 targe   Tm=76.20  replicas=[76.4, 74.7, 77.4]
Predicted melting temperature: [74.49261474609375]
  0%|          | 0/1 [00:00<?, ?it/s]100%|██████████| 1/1 [00:00<00:00,  2.98it/s]100%|██████████| 1/1 [00:00<00:00,  2.97it/s]
  0%|          | 0/1 [00:00<?, ?it/s]100%|██████████| 1/1 [00:00<00:00,  2.97it/s]100%|██████████| 1/1 [00:00<00:00,  2.90it/s]Predicted melting temperature: [71.43589782714844]

  0%|          | 0/1 [00:00<?, ?it/s]100%|██████████| 1/1 [00:00<00:00,  2.65it/s]Predicted melting temperature: [70.23390197753906]
100%|██████████| 1/1 [00:00<00:00,  2.55it/s]
Predicted melting temperature: [49.160736083984375]
  seed_121 arm=t2_ph pH=7.4 target=均值占位 ch   Tm=57.98  replicas=[52.8, 71.9, 49.2]
  0%|          | 0/1 [00:00<?, ?it/s]  0%|          | 0/1 [00:00<?, ?it/s]100%|██████████| 1/1 [00:00<00:00,  3.15it/s]100%|██████████| 1/1 [00:00<00:00,  3.15it/s]100%|██████████| 1/1 [00:00<00:00,  2.73it/s]
Predicted melting temperature: [58.17717742919922]
  seed_122 arm=t2_pos_extreme pH=7.4 targe   Tm=60.32  replicas=[64.9, 57.9, 58.2]
100%|██████████| 1/1 [00:00<00:00,  2.71it/s]
Predicted melting temperature: [70.8719711303711]
  0%|          | 0/1 [00:00<?, ?it/s]  0%|          | 0/1 [00:00<?, ?it/s]100%|██████████| 1/1 [00:00<00:00,  2.15it/s]100%|██████████| 1/1 [00:00<00:00,  2.15it/s]
Predicted melting temperature: [64.4088134765625]
  0%|          | 0/1 [00:00<?, ?it/s]100%|██████████| 1/1 [00:00<00:00,  3.06it/s]100%|██████████| 1/1 [00:00<00:00,  3.05it/s]
Predicted melting temperature: [63.751766204833984]
  seed_123 arm=t1_base pH=7.4 target=+0.0    Tm=69.81  replicas=[72.4, 73.3, 63.8]
100%|██████████| 1/1 [00:00<00:00,  1.86it/s]100%|██████████| 1/1 [00:00<00:00,  1.85it/s]
100%|██████████| 1/1 [00:00<00:00,  2.74it/s]100%|██████████| 1/1 [00:00<00:00,  2.69it/s]  0%|          | 0/1 [00:00<?, ?it/s]
100%|██████████| 1/1 [00:00<00:00,  2.06it/s]Predicted melting temperature: [77.60249328613281]
  0%|          | 0/1 [00:00<?, ?it/s]100%|██████████| 1/1 [00:00<00:00,  2.91it/s]100%|██████████| 1/1 [00:00<00:00,  2.00it/s]100%|██████████| 1/1 [00:00<00:00,  1.88it/s]
100%|██████████| 1/1 [00:00<00:00,  3.01it/s]Predicted melting temperature: [82.08575439453125]
  seed_122 arm=t2_pos pH=7.4 target=+12.0    Tm=81.08  replicas=[83.5, 77.7, 82.1]
100%|██████████| 1/1 [00:00<00:00,  2.83it/s]100%|██████████| 1/1 [00:00<00:00,  1.85it/s]
100%|██████████| 1/1 [00:00<00:00,  2.96it/s]
Predicted melting temperature: [50.54676055908203]

Predicted melting temperature: [54.585227966308594]
  seed_124 arm=t1_base pH=7.4 target=-1.0    Tm=57.56  replicas=[60.7, 57.4, 54.6]
Predicted melting temperature: [49.574012756347656]
  seed_121 arm=t2_neg pH=7.4 target=+4.0 c   Tm=54.61  replicas=[51.5, 62.7, 49.6]
  0%|          | 0/1 [00:00<?, ?it/s]100%|██████████| 1/1 [00:00<00:00,  1.76it/s]Predicted melting temperature: [73.319580078125]
  0%|          | 0/1 [00:00<?, ?it/s]100%|██████████| 1/1 [00:00<00:00,  1.74it/s]
  0%|          | 0/1 [00:00<?, ?it/s]  0%|          | 0/1 [00:00<?, ?it/s]  0%|          | 0/1 [00:00<?, ?it/s]Predicted melting temperature: [58.321048736572266]
100%|██████████| 1/1 [00:00<00:00,  1.78it/s]100%|██████████| 1/1 [00:00<00:00,  2.68it/s]100%|██████████| 1/1 [00:00<00:00,  2.68it/s]
  0%|          | 0/1 [00:00<?, ?it/s]Predicted melting temperature: [78.9728012084961]
  seed_122 arm=t1_cond pH=7.4 target=+8.0    Tm=77.42  replicas=[78.3, 75.0, 79.0]
100%|██████████| 1/1 [00:00<00:00,  1.76it/s]100%|██████████| 1/1 [00:00<00:00,  1.87it/s]
  0%|          | 0/1 [00:00<?, ?it/s]100%|██████████| 1/1 [00:00<00:00,  1.84it/s]100%|██████████| 1/1 [00:00<00:00,  1.92it/s]
Predicted melting temperature: [66.52938079833984]
  0%|          | 0/1 [00:00<?, ?it/s]100%|██████████| 1/1 [00:00<00:00,  1.90it/s]100%|██████████| 1/1 [00:00<00:00,  2.17it/s]
Predicted melting temperature: [66.28754425048828]
  seed_121 arm=t2_pos_extreme pH=7.4 targe   Tm=69.25  replicas=[68.7, 72.7, 66.3]
100%|██████████| 1/1 [00:00<00:00,  2.14it/s]100%|██████████| 1/1 [00:00<00:00,  2.40it/s]Predicted melting temperature: [70.81947326660156]

100%|██████████| 1/1 [00:00<00:00,  2.79it/s]100%|██████████| 1/1 [00:01<00:00,  1.32s/it]100%|██████████| 1/1 [00:00<00:00,  1.96it/s]100%|██████████| 1/1 [00:00<00:00,  2.60it/s]100%|██████████| 1/1 [00:00<00:00,  1.40it/s]100%|██████████| 1/1 [00:00<00:00,  1.12it/s]100%|██████████| 1/1 [00:00<00:00,  2.88it/s]100%|██████████| 1/1 [00:00<00:00,  2.71it/s]100%|██████████| 1/1 [00:00<00:00,  3.19it/s]100%|██████████| 1/1 [00:00<00:00,  2.36it/s]100%|██████████| 1/1 [00:00<00:00,  2.72it/s]100%|██████████| 1/1 [00:00<00:00,  1.72it/s]100%|██████████| 1/1 [00:00<00:00,  2.79it/s]  0%|          | 0/1 [00:00<?, ?it/s]100%|██████████| 1/1 [00:00<00:00,  1.84it/s]100%|██████████| 1/1 [00:00<00:00,  1.48it/s]
100%|██████████| 1/1 [00:00<00:00,  1.58it/s]
100%|██████████| 1/1 [00:01<00:00,  1.50s/it]100%|██████████| 1/1 [00:00<00:00,  1.91it/s]
100%|██████████| 1/1 [00:00<00:00,  3.33it/s]
100%|██████████| 1/1 [00:00<00:00,  2.32it/s]100%|██████████| 1/1 [00:01<00:00,  1.04s/it]100%|██████████| 1/1 [00:00<00:00,  1.99it/s]100%|██████████| 1/1 [00:00<00:00,  1.17it/s]

100%|██████████| 1/1 [00:00<00:00,  2.07it/s]
100%|██████████| 1/1 [00:00<00:00,  2.30it/s]
  0%|          | 0/1 [00:00<?, ?it/s]

Predicted melting temperature: [58.538841247558594]
  seed_124 arm=t2_ph pH=7.4 target=均值占位 ch   Tm=57.10  replicas=[54.5, 58.2, 58.5]
100%|██████████| 1/1 [00:00<00:00,  2.64it/s]Predicted melting temperature: [63.48859405517578]
  seed_120 arm=t2_pos pH=7.4 target=+3.0 c   Tm=66.80  replicas=[65.6, 71.3, 63.5]

100%|██████████| 1/1 [00:00<00:00,  2.07it/s]100%|██████████| 1/1 [00:00<00:00,  1.82it/s]
100%|██████████| 1/1 [00:00<00:00,  1.52it/s]
100%|██████████| 1/1 [00:00<00:00,  3.19it/s]
Predicted melting temperature: [72.99303436279297]

Predicted melting temperature: [60.72822189331055]
100%|██████████| 1/1 [00:00<00:00,  1.43it/s]100%|██████████| 1/1 [00:00<00:00,  2.22it/s]
Predicted melting temperature: [52.59687423706055]
  seed_122 arm=t1_base pH=7.4 target=+8.0    Tm=57.77  replicas=[49.3, 71.4, 52.6]
Predicted melting temperature: [58.23868179321289]
  seed_124 arm=t1_cond pH=7.4 target=+0.0    Tm=64.52  replicas=[65.1, 70.2, 58.2]
  0%|          | 0/1 [00:00<?, ?it/s]Predicted melting temperature: [76.39813995361328]
  seed_123 arm=t2_pos pH=7.4 target=+11.0    Tm=75.86  replicas=[76.7, 74.5, 76.4]
Predicted melting temperature: [60.648014068603516]
  seed_122 arm=t1_cond pH=7.4 target=+9.0    Tm=61.65  replicas=[53.4, 70.9, 60.6]
100%|██████████| 1/1 [00:00<00:00,  1.41it/s]  0%|          | 0/1 [00:00<?, ?it/s]
100%|██████████| 1/1 [00:00<00:00,  3.47it/s]Predicted melting temperature: [57.310760498046875]
  0%|          | 0/1 [00:00<?, ?it/s]Predicted melting temperature: [70.60589599609375]
  0%|          | 0/1 [00:00<?, ?it/s]Predicted melting temperature: [78.46739959716797]
100%|██████████| 1/1 [00:00<00:00,  3.23it/s]
Predicted melting temperature: [70.74048614501953]
Predicted melting temperature: [51.11431121826172]
  0%|          | 0/1 [00:00<?, ?it/s]  0%|          | 0/1 [00:00<?, ?it/s]Predicted melting temperature: [71.45244598388672]
Predicted melting temperature: [62.83616638183594]
Predicted melting temperature: [73.93982696533203]
Predicted melting temperature: [51.691123962402344]
100%|██████████| 1/1 [00:00<00:00,  3.24it/s]  0%|          | 0/1 [00:00<?, ?it/s]  0%|          | 0/1 [00:00<?, ?it/s]  0%|          | 0/1 [00:00<?, ?it/s]100%|██████████| 1/1 [00:00<00:00,  3.14it/s]  0%|          | 0/1 [00:00<?, ?it/s]  0%|          | 0/1 [00:00<?, ?it/s]100%|██████████| 1/1 [00:00<00:00,  1.28it/s]
  0%|          | 0/1 [00:00<?, ?it/s]  0%|          | 0/1 [00:00<?, ?it/s]  0%|          | 0/1 [00:00<?, ?it/s]  0%|          | 0/1 [00:00<?, ?it/s]Predicted melting temperature: [52.23192596435547]
100%|██████████| 1/1 [00:00<00:00,  1.25it/s]  0%|          | 0/1 [00:00<?, ?it/s]
  0%|          | 0/1 [00:00<?, ?it/s]Predicted melting temperature: [61.319366455078125]
  0%|          | 0/1 [00:00<?, ?it/s]  0%|          | 0/1 [00:00<?, ?it/s]Predicted melting temperature: [52.29734420776367]
  0%|          | 0/1 [00:00<?, ?it/s]Predicted melting temperature: [69.02396392822266]
100%|██████████| 1/1 [00:00<00:00,  2.82it/s]100%|██████████| 1/1 [00:00<00:00,  2.79it/s]  0%|          | 0/1 [00:00<?, ?it/s]
Predicted melting temperature: [63.751766204833984]
  seed_123 arm=t2_ph pH=7.4 target=均值占位 ch   Tm=69.81  replicas=[72.4, 73.3, 63.8]
  0%|          | 0/1 [00:00<?, ?it/s]100%|██████████| 1/1 [00:00<00:00,  2.62it/s]100%|██████████| 1/1 [00:00<00:00,  2.62it/s]
Predicted melting temperature: [73.24237060546875]
  0%|          | 0/1 [00:00<?, ?it/s]100%|██████████| 1/1 [00:00<00:00,  2.19it/s]100%|██████████| 1/1 [00:00<00:00,  2.19it/s]
Predicted melting temperature: [54.173912048339844]
  0%|          | 0/1 [00:00<?, ?it/s]100%|██████████| 1/1 [00:00<00:00,  1.93it/s]100%|██████████| 1/1 [00:00<00:00,  2.12it/s]100%|██████████| 1/1 [00:00<00:00,  2.10it/s]100%|██████████| 1/1 [00:00<00:00,  1.89it/s]

Predicted melting temperature: [63.34537124633789]
  seed_120 arm=t1_cond pH=7.4 target=+8.0    Tm=71.02  replicas=[72.1, 77.6, 63.3]
Predicted melting temperature: [63.51831817626953]
  0%|          | 0/1 [00:00<?, ?it/s]  0%|          | 0/1 [00:00<?, ?it/s]100%|██████████| 1/1 [00:00<00:00,  1.74it/s]100%|██████████| 1/1 [00:00<00:00,  1.74it/s]
Predicted melting temperature: [70.91725158691406]
  0%|          | 0/1 [00:00<?, ?it/s]100%|██████████| 1/1 [00:00<00:00,  2.61it/s]100%|██████████| 1/1 [00:00<00:00,  2.61it/s]100%|██████████| 1/1 [00:00<00:00,  2.56it/s]
100%|██████████| 1/1 [00:00<00:00,  2.55it/s]100%|██████████| 1/1 [00:00<00:00,  2.36it/s]
100%|██████████| 1/1 [00:00<00:00,  2.54it/s]100%|██████████| 1/1 [00:00<00:00,  2.64it/s]Predicted melting temperature: [75.19801330566406]
100%|██████████| 1/1 [00:00<00:00,  2.54it/s]Predicted melting temperature: [64.22352600097656]
  seed_124 arm=t2_neg pH=7.4 target=-5.0 c   Tm=70.16  replicas=[73.3, 73.0, 64.2]
100%|██████████| 1/1 [00:00<00:00,  2.68it/s]100%|██████████| 1/1 [00:00<00:00,  2.24it/s]100%|██████████| 1/1 [00:00<00:00,  2.18it/s]100%|██████████| 1/1 [00:00<00:00,  2.18it/s]100%|██████████| 1/1 [00:00<00:00,  2.43it/s]100%|██████████| 1/1 [00:00<00:00,  2.27it/s]100%|██████████| 1/1 [00:00<00:00,  2.34it/s]100%|██████████| 1/1 [00:00<00:00,  2.15it/s]100%|██████████| 1/1 [00:00<00:00,  2.05it/s]100%|██████████| 1/1 [00:00<00:00,  1.16it/s]100%|██████████| 1/1 [00:00<00:00,  1.74it/s]100%|██████████| 1/1 [00:00<00:00,  2.32it/s]100%|██████████| 1/1 [00:00<00:00,  1.89it/s]100%|██████████| 1/1 [00:00<00:00,  1.84it/s]100%|██████████| 1/1 [00:00<00:00,  1.77it/s]100%|██████████| 1/1 [00:00<00:00,  1.56it/s]  0%|          | 0/1 [00:00<?, ?it/s]
100%|██████████| 1/1 [00:00<00:00,  1.71it/s]100%|██████████| 1/1 [00:00<00:00,  1.64it/s]
100%|██████████| 1/1 [00:00<00:00,  1.69it/s]
100%|██████████| 1/1 [00:00<00:00,  1.82it/s]100%|██████████| 1/1 [00:00<00:00,  1.62it/s]100%|██████████| 1/1 [00:00<00:00,  1.65it/s]

100%|██████████| 1/1 [00:00<00:00,  1.62it/s]100%|██████████| 1/1 [00:00<00:00,  1.76it/s]  0%|          | 0/1 [00:00<?, ?it/s]
100%|██████████| 1/1 [00:00<00:00,  2.54it/s]100%|██████████| 1/1 [00:00<00:00,  1.67it/s]100%|██████████| 1/1 [00:00<00:00,  1.69it/s]
100%|██████████| 1/1 [00:00<00:00,  1.67it/s]100%|██████████| 1/1 [00:00<00:00,  1.71it/s]

100%|██████████| 1/1 [00:00<00:00,  2.20it/s]100%|██████████| 1/1 [00:00<00:00,  1.61it/s]100%|██████████| 1/1 [00:00<00:00,  1.04it/s]100%|██████████| 1/1 [00:00<00:00,  1.49it/s]100%|██████████| 1/1 [00:00<00:00,  1.91it/s]
Predicted melting temperature: [51.40971374511719]

100%|██████████| 1/1 [00:00<00:00,  1.61it/s]
100%|██████████| 1/1 [00:00<00:00,  1.61it/s]100%|██████████| 1/1 [00:00<00:00,  1.61it/s]





100%|██████████| 1/1 [00:00<00:00,  2.31it/s]Predicted melting temperature: [71.45244598388672]
Predicted melting temperature: [66.68093872070312]

Predicted melting temperature: [70.78486633300781]
Predicted melting temperature: [72.27600860595703]

Predicted melting temperature: [58.00432586669922]
  seed_119 arm=t2_pos pH=7.4 target=+11.0    Tm=64.30  replicas=[64.1, 70.8, 58.0]
100%|██████████| 1/1 [00:00<00:00,  1.51it/s]
100%|██████████| 1/1 [00:00<00:00,  2.01it/s]  0%|          | 0/1 [00:00<?, ?it/s]100%|██████████| 1/1 [00:00<00:00,  1.57it/s]
Predicted melting temperature: [57.93241882324219]
  seed_120 arm=t2_neg pH=7.4 target=+3.0 c   Tm=68.78  replicas=[69.9, 78.5, 57.9]
Predicted melting temperature: [68.02103424072266]
  seed_122 arm=t1_base pH=7.4 target=+9.0    Tm=66.53  replicas=[58.3, 73.2, 68.0]
Predicted melting temperature: [70.3917465209961]
  seed_122 arm=t2_pos_extreme pH=7.4 targe   Tm=68.51  replicas=[64.4, 70.7, 70.4]
Predicted melting temperature: [74.88025665283203]
  0%|          | 0/1 [00:00<?, ?it/s]  0%|          | 0/1 [00:00<?, ?it/s]  0%|          | 0/1 [00:00<?, ?it/s]  0%|          | 0/1 [00:00<?, ?it/s]Predicted melting temperature: [65.90469360351562]
Predicted melting temperature: [75.20016479492188]
  0%|          | 0/1 [00:00<?, ?it/s]Predicted melting temperature: [63.8311767578125]
Predicted melting temperature: [71.00045776367188]
100%|██████████| 1/1 [00:00<00:00,  1.52it/s]  0%|          | 0/1 [00:00<?, ?it/s]
Predicted melting temperature: [56.261573791503906]
Predicted melting temperature: [73.66740417480469]
Predicted melting temperature: [68.26535034179688]
Predicted melting temperature: [71.81320190429688]
  0%|          | 0/1 [00:00<?, ?it/s]  0%|          | 0/1 [00:00<?, ?it/s]  0%|          | 0/1 [00:00<?, ?it/s]Predicted melting temperature: [56.44121551513672]
Predicted melting temperature: [56.52928924560547]
  0%|          | 0/1 [00:00<?, ?it/s]  0%|          | 0/1 [00:00<?, ?it/s]  0%|          | 0/1 [00:00<?, ?it/s]  0%|          | 0/1 [00:00<?, ?it/s]  0%|          | 0/1 [00:00<?, ?it/s]  0%|          | 0/1 [00:00<?, ?it/s]  0%|          | 0/1 [00:00<?, ?it/s]  0%|          | 0/1 [00:00<?, ?it/s]Predicted melting temperature: [73.68280029296875]
Predicted melting temperature: [63.30017852783203]
  0%|          | 0/1 [00:00<?, ?it/s]  0%|          | 0/1 [00:00<?, ?it/s]Predicted melting temperature: [74.47529602050781]
100%|██████████| 1/1 [00:00<00:00,  1.36it/s]  0%|          | 0/1 [00:00<?, ?it/s]  0%|          | 0/1 [00:00<?, ?it/s]100%|██████████| 1/1 [00:00<00:00,  1.34it/s]
  0%|          | 0/1 [00:00<?, ?it/s]Predicted melting temperature: [55.416954040527344]
  seed_122 arm=t1_cond pH=7.4 target=-1.0    Tm=53.68  replicas=[48.3, 57.3, 55.4]
  0%|          | 0/1 [00:00<?, ?it/s]100%|██████████| 1/1 [00:00<00:00,  1.27it/s]100%|██████████| 1/1 [00:00<00:00,  1.27it/s]
Predicted melting temperature: [75.46926879882812]
  0%|          | 0/1 [00:00<?, ?it/s]100%|██████████| 1/1 [00:00<00:00,  1.68it/s]100%|██████████| 1/1 [00:00<00:00,  1.66it/s]
Predicted melting temperature: [67.19336700439453]
  0%|          | 0/1 [00:00<?, ?it/s]100%|██████████| 1/1 [00:00<00:00,  1.02it/s]100%|██████████| 1/1 [00:00<00:00,  1.02it/s]
100%|██████████| 1/1 [00:00<00:00,  2.87it/s]Predicted melting temperature: [62.05249786376953]
  seed_118 arm=t2_ph pH=7.4 target=均值占位 ch   Tm=60.80  replicas=[49.8, 70.6, 62.1]
100%|██████████| 1/1 [00:00<00:00,  2.85it/s]
100%|██████████| 1/1 [00:00<00:00,  2.92it/s]100%|██████████| 1/1 [00:00<00:00,  2.92it/s]
  0%|          | 0/1 [00:00<?, ?it/s]Predicted melting temperature: [72.57015991210938]
Predicted melting temperature: [69.16699981689453]
  0%|          | 0/1 [00:00<?, ?it/s]  0%|          | 0/1 [00:00<?, ?it/s]100%|██████████| 1/1 [00:00<00:00,  2.85it/s]100%|██████████| 1/1 [00:00<00:00,  2.84it/s]100%|██████████| 1/1 [00:00<00:00,  1.38it/s]
100%|██████████| 1/1 [00:00<00:00,  1.36it/s]
Predicted melting temperature: [52.10939407348633]
  seed_120 arm=t2_pos_extreme pH=7.4 targe   Tm=63.19  replicas=[66.5, 70.9, 52.1]
Predicted melting temperature: [72.65679931640625]
  0%|          | 0/1 [00:00<?, ?it/s]  0%|          | 0/1 [00:00<?, ?it/s]100%|██████████| 1/1 [00:00<00:00,  2.46it/s]100%|██████████| 1/1 [00:00<00:00,  2.45it/s]
100%|██████████| 1/1 [00:00<00:00,  2.61it/s]100%|██████████| 1/1 [00:00<00:00,  2.61it/s]Predicted melting temperature: [71.81320190429688]

100%|██████████| 1/1 [00:00<00:00,  2.33it/s]  0%|          | 0/1 [00:00<?, ?it/s]Predicted melting temperature: [63.372215270996094]
  seed_124 arm=t1_base pH=7.4 target=+0.0    Tm=68.88  replicas=[71.5, 71.8, 63.4]
100%|██████████| 1/1 [00:00<00:00,  2.32it/s]100%|██████████| 1/1 [00:00<00:00,  2.47it/s]
100%|██████████| 1/1 [00:00<00:00,  2.46it/s]
100%|██████████| 1/1 [00:00<00:00,  2.25it/s]Predicted melting temperature: [62.030494689941406]
  seed_123 arm=t2_pos pH=7.4 target=+2.0 c   Tm=58.80  replicas=[50.5, 63.8, 62.0]
100%|██████████| 1/1 [00:00<00:00,  2.24it/s]  0%|          | 0/1 [00:00<?, ?it/s]
  0%|          | 0/1 [00:00<?, ?it/s]Predicted melting temperature: [66.79928588867188]
100%|██████████| 1/1 [00:00<00:00,  2.16it/s]  0%|          | 0/1 [00:00<?, ?it/s]100%|██████████| 1/1 [00:00<00:00,  2.15it/s]
Predicted melting temperature: [73.50850677490234]
  0%|          | 0/1 [00:00<?, ?it/s]100%|██████████| 1/1 [00:00<00:00,  2.35it/s]100%|██████████| 1/1 [00:00<00:00,  2.35it/s]
Predicted melting temperature: [56.7834358215332]
  seed_120 arm=t2_neg pH=7.4 target=-6.0 c   Tm=57.98  replicas=[60.7, 56.4, 56.8]
Predicted melting temperature: [72.60670471191406]
  0%|          | 0/1 [00:00<?, ?it/s]100%|██████████| 1/1 [00:00<00:00,  2.36it/s]  0%|          | 0/1 [00:00<?, ?it/s]100%|██████████| 1/1 [00:00<00:00,  2.03it/s]100%|██████████| 1/1 [00:00<00:00,  2.32it/s]
Predicted melting temperature: [74.59398651123047]
  seed_123 arm=t1_cond pH=7.4 target=+8.0    Tm=70.60  replicas=[63.5, 73.7, 74.6]
100%|██████████| 1/1 [00:00<00:00,  2.00it/s]
  0%|          | 0/1 [00:00<?, ?it/s]Predicted melting temperature: [58.187286376953125]
  0%|          | 0/1 [00:00<?, ?it/s]100%|██████████| 1/1 [00:00<00:00,  1.89it/s]100%|██████████| 1/1 [00:00<00:00,  1.89it/s]
100%|██████████| 1/1 [00:00<00:00,  2.06it/s]100%|██████████| 1/1 [00:00<00:00,  1.87it/s]100%|██████████| 1/1 [00:00<00:00,  1.86it/s]
Predicted melting temperature: [61.28880310058594]
  seed_123 arm=t2_pos_extreme pH=7.4 targe   Tm=56.31  replicas=[51.1, 56.5, 61.3]
100%|██████████| 1/1 [00:00<00:00,  2.05it/s]100%|██████████| 1/1 [00:00<00:00,  1.91it/s]Predicted melting temperature: [54.013267517089844]

100%|██████████| 1/1 [00:00<00:00,  1.89it/s]
Predicted melting temperature: [55.84049987792969]
  seed_125 arm=t1_base pH=7.4 target=-1.0    Tm=57.77  replicas=[54.2, 63.3, 55.8]
Predicted melting temperature: [58.29793930053711]
  0%|          | 0/1 [00:00<?, ?it/s]100%|██████████| 1/1 [00:00<00:00,  1.76it/s]  0%|          | 0/1 [00:00<?, ?it/s]  0%|          | 0/1 [00:00<?, ?it/s]  0%|          | 0/1 [00:00<?, ?it/s]100%|██████████| 1/1 [00:00<00:00,  1.69it/s]100%|██████████| 1/1 [00:00<00:00,  1.76it/s]100%|██████████| 1/1 [00:00<00:00,  1.72it/s]
100%|██████████| 1/1 [00:00<00:00,  1.74it/s]
100%|██████████| 1/1 [00:00<00:00,  1.72it/s]Predicted melting temperature: [74.1335220336914]
  seed_120 arm=t2_neg pH=7.4 target=+3.0 c   Tm=72.79  replicas=[69.0, 75.2, 74.1]
Predicted melting temperature: [53.49985885620117]

  0%|          | 0/1 [00:00<?, ?it/s]100%|██████████| 1/1 [00:00<00:00,  1.60it/s]Predicted melting temperature: [69.2496337890625]
  0%|          | 0/1 [00:00<?, ?it/s]  0%|          | 0/1 [00:00<?, ?it/s]100%|██████████| 1/1 [00:00<00:00,  1.59it/s]100%|██████████| 1/1 [00:00<00:00,  3.07it/s]
100%|██████████| 1/1 [00:00<00:00,  3.04it/s]100%|██████████| 1/1 [00:00<00:00,  2.96it/s]Predicted melting temperature: [67.70812225341797]

  0%|          | 0/1 [00:00<?, ?it/s]100%|██████████| 1/1 [00:00<00:00,  2.91it/s]100%|██████████| 1/1 [00:00<00:00,  1.57it/s]
Predicted melting temperature: [78.06898498535156]
  seed_123 arm=t1_base pH=7.4 target=+8.0    Tm=75.28  replicas=[75.2, 72.6, 78.1]
100%|██████████| 1/1 [00:00<00:00,  1.57it/s]
Predicted melting temperature: [57.6871452331543]
  seed_119 arm=t2_ph pH=7.4 target=均值占位 ch   Tm=64.73  replicas=[62.8, 73.7, 57.7]
Predicted melting temperature: [72.43553161621094]
100%|██████████| 1/1 [00:00<00:00,  1.52it/s]  0%|          | 0/1 [00:00<?, ?it/s]  0%|          | 0/1 [00:00<?, ?it/s]100%|██████████| 1/1 [00:00<00:00,  1.52it/s]  0%|          | 0/1 [00:00<?, ?it/s]100%|██████████| 1/1 [00:00<00:00,  1.49it/s]
100%|██████████| 1/1 [00:00<00:00,  1.49it/s]
Predicted melting temperature: [50.94559097290039]
  seed_123 arm=t2_pos pH=7.4 target=+12.0    Tm=56.36  replicas=[52.2, 65.9, 50.9]
Predicted melting temperature: [67.9752426147461]
  0%|          | 0/1 [00:00<?, ?it/s]  0%|          | 0/1 [00:00<?, ?it/s]100%|██████████| 1/1 [00:00<00:00,  1.44it/s]100%|██████████| 1/1 [00:00<00:00,  1.44it/s]100%|██████████| 1/1 [00:00<00:00,  1.45it/s]
Predicted melting temperature: [51.22113037109375]
  seed_122 arm=t2_neg pH=7.4 target=+4.0 c   Tm=58.17  replicas=[52.3, 71.0, 51.2]
100%|██████████| 1/1 [00:00<00:00,  1.43it/s]
Predicted melting temperature: [51.03895568847656]
  seed_122 arm=t2_ph pH=7.4 target=均值占位 ch   Tm=57.00  replicas=[51.7, 68.3, 51.0]
100%|██████████| 1/1 [00:00<00:00,  1.47it/s]100%|██████████| 1/1 [00:00<00:00,  1.44it/s]  0%|          | 0/1 [00:00<?, ?it/s]
Predicted melting temperature: [53.70128631591797]
  seed_120 arm=t1_base pH=7.4 target=+8.0    Tm=63.17  replicas=[61.3, 74.5, 53.7]
100%|██████████| 1/1 [00:00<00:00,  3.38it/s]  0%|          | 0/1 [00:00<?, ?it/s]100%|██████████| 1/1 [00:00<00:00,  3.24it/s]
  0%|          | 0/1 [00:00<?, ?it/s]Predicted melting temperature: [65.21723175048828]
  0%|          | 0/1 [00:00<?, ?it/s]100%|██████████| 1/1 [00:00<00:00,  2.37it/s]100%|██████████| 1/1 [00:00<00:00,  2.37it/s]100%|██████████| 1/1 [00:00<00:00,  2.79it/s]
100%|██████████| 1/1 [00:00<00:00,  2.78it/s]
Predicted melting temperature: [73.72346496582031]
  seed_124 arm=t2_pos pH=7.4 target=+11.0    Tm=73.75  replicas=[74.9, 72.7, 73.7]
100%|██████████| 1/1 [00:00<00:00,  1.52it/s]100%|██████████| 1/1 [00:00<00:00,  2.64it/s]Predicted melting temperature: [50.252906799316406]
  0%|          | 0/1 [00:00<?, ?it/s]100%|██████████| 1/1 [00:00<00:00,  2.61it/s]
100%|██████████| 1/1 [00:00<00:00,  1.50it/s]  0%|          | 0/1 [00:00<?, ?it/s]
Predicted melting temperature: [63.372215270996094]
  seed_124 arm=t2_ph pH=7.4 target=均值占位 ch   Tm=68.88  replicas=[71.5, 71.8, 63.4]
Predicted melting temperature: [76.46302795410156]
  0%|          | 0/1 [00:00<?, ?it/s]  0%|          | 0/1 [00:00<?, ?it/s]100%|██████████| 1/1 [00:00<00:00,  2.62it/s]100%|██████████| 1/1 [00:00<00:00,  2.60it/s]100%|██████████| 1/1 [00:00<00:00,  2.91it/s]
Predicted melting temperature: [57.763668060302734]
  seed_121 arm=t2_pos pH=7.4 target=+3.0 c   Tm=63.75  replicas=[66.7, 66.8, 57.8]
100%|██████████| 1/1 [00:00<00:00,  2.89it/s]
100%|██████████| 1/1 [00:00<00:00,  2.59it/s]100%|██████████| 1/1 [00:00<00:00,  2.57it/s]100%|██████████| 1/1 [00:00<00:00,  2.62it/s]
  0%|          | 0/1 [00:00<?, ?it/s]Predicted melting temperature: [74.12496948242188]
Predicted melting temperature: [66.7557601928711]
  seed_125 arm=t1_cond pH=7.4 target=+0.0    Tm=70.05  replicas=[70.8, 72.6, 66.8]
100%|██████████| 1/1 [00:00<00:00,  2.58it/s]  0%|          | 0/1 [00:00<?, ?it/s]
  0%|          | 0/1 [00:00<?, ?it/s]Predicted melting temperature: [70.07881927490234]
  0%|          | 0/1 [00:00<?, ?it/s]100%|██████████| 1/1 [00:00<00:00,  2.27it/s]100%|██████████| 1/1 [00:00<00:00,  2.24it/s]100%|██████████| 1/1 [00:00<00:00,  3.24it/s]
100%|██████████| 1/1 [00:00<00:00,  2.58it/s]Predicted melting temperature: [67.36901092529297]
  seed_122 arm=t2_pos_extreme pH=7.4 targe   Tm=71.05  replicas=[72.3, 73.5, 67.4]
100%|██████████| 1/1 [00:00<00:00,  3.21it/s]
100%|██████████| 1/1 [00:00<00:00,  2.57it/s]
Predicted melting temperature: [57.1282844543457]
  seed_125 arm=t2_ph pH=7.4 target=均值占位 ch   Tm=55.58  replicas=[51.4, 58.2, 57.1]
Predicted melting temperature: [60.04991912841797]
  0%|          | 0/1 [00:00<?, ?it/s]  0%|          | 0/1 [00:00<?, ?it/s]  0%|          | 0/1 [00:00<?, ?it/s]100%|██████████| 1/1 [00:00<00:00,  1.79it/s]100%|██████████| 1/1 [00:00<00:00,  1.79it/s]
Predicted melting temperature: [74.88639068603516]
  0%|          | 0/1 [00:00<?, ?it/s]100%|██████████| 1/1 [00:00<00:00,  2.83it/s]100%|██████████| 1/1 [00:00<00:00,  2.83it/s]
100%|██████████| 1/1 [00:00<00:00,  2.76it/s]100%|██████████| 1/1 [00:00<00:00,  2.76it/s]100%|██████████| 1/1 [00:00<00:00,  2.71it/s]100%|██████████| 1/1 [00:00<00:00,  2.71it/s]

Predicted melting temperature: [68.46826171875]
  0%|          | 0/1 [00:00<?, ?it/s]Predicted melting temperature: [53.63296127319336]
Predicted melting temperature: [63.174949645996094]
  0%|          | 0/1 [00:00<?, ?it/s]  0%|          | 0/1 [00:00<?, ?it/s]100%|██████████| 1/1 [00:00<00:00,  2.48it/s]100%|██████████| 1/1 [00:00<00:00,  2.48it/s]100%|██████████| 1/1 [00:00<00:00,  2.36it/s]
100%|██████████| 1/1 [00:00<00:00,  3.70it/s]100%|██████████| 1/1 [00:00<00:00,  1.05it/s]100%|██████████| 1/1 [00:00<00:00,  2.42it/s]100%|██████████| 1/1 [00:00<00:00,  3.53it/s]Predicted melting temperature: [70.3247299194336]
  seed_123 arm=t1_cond pH=7.4 target=+9.0    Tm=65.28  replicas=[56.3, 69.2, 70.3]
100%|██████████| 1/1 [00:00<00:00,  1.93it/s]100%|██████████| 1/1 [00:00<00:00,  2.64it/s]100%|██████████| 1/1 [00:00<00:00,  3.45it/s]100%|██████████| 1/1 [00:00<00:00,  1.82it/s]100%|██████████| 1/1 [00:00<00:00,  1.98it/s]100%|██████████| 1/1 [00:00<00:00,  3.32it/s]100%|██████████| 1/1 [00:00<00:00,  1.83it/s]100%|██████████| 1/1 [00:00<00:00,  2.61it/s]100%|██████████| 1/1 [00:00<00:00,  1.98it/s]100%|██████████| 1/1 [00:00<00:00,  1.83it/s]100%|██████████| 1/1 [00:00<00:00,  1.00it/s]100%|██████████| 1/1 [00:00<00:00,  3.18it/s]100%|██████████| 1/1 [00:00<00:00,  3.26it/s]100%|██████████| 1/1 [00:00<00:00,  2.30it/s]100%|██████████| 1/1 [00:00<00:00,  3.12it/s]100%|██████████| 1/1 [00:00<00:00,  1.84it/s]100%|██████████| 1/1 [00:01<00:00,  1.20s/it]100%|██████████| 1/1 [00:00<00:00,  1.57it/s]100%|██████████| 1/1 [00:00<00:00,  2.00it/s]100%|██████████| 1/1 [00:00<00:00,  1.44it/s]
100%|██████████| 1/1 [00:00<00:00,  2.00it/s]

100%|██████████| 1/1 [00:00<00:00,  2.47it/s]
100%|██████████| 1/1 [00:00<00:00,  1.43it/s]100%|██████████| 1/1 [00:00<00:00,  1.51it/s]

100%|██████████| 1/1 [00:00<00:00,  1.64it/s]
100%|██████████| 1/1 [00:00<00:00,  2.14it/s]
100%|██████████| 1/1 [00:00<00:00,  1.55it/s]
100%|██████████| 1/1 [00:00<00:00,  1.71it/s]
100%|██████████| 1/1 [00:00<00:00,  2.47it/s]100%|██████████| 1/1 [00:00<00:00,  1.63it/s]

  0%|          | 0/1 [00:00<?, ?it/s]Predicted melting temperature: [62.066043853759766]
  seed_125 arm=t2_neg pH=7.4 target=-5.0 c   Tm=67.89  replicas=[69.2, 72.4, 62.1]
100%|██████████| 1/1 [00:00<00:00,  1.54it/s]


100%|██████████| 1/1 [00:00<00:00,  2.88it/s]100%|██████████| 1/1 [00:00<00:00,  2.95it/s]100%|██████████| 1/1 [00:00<00:00,  2.95it/s]100%|██████████| 1/1 [00:01<00:00,  1.04s/it]
100%|██████████| 1/1 [00:00<00:00,  2.18it/s]
100%|██████████| 1/1 [00:00<00:00,  1.98it/s]

Predicted melting temperature: [59.049095153808594]
  seed_123 arm=t1_cond pH=7.4 target=-1.0    Tm=60.17  replicas=[58.3, 63.2, 59.0]

100%|██████████| 1/1 [00:00<00:00,  1.51it/s]Predicted melting temperature: [79.27442169189453]
  seed_121 arm=t2_pos_extreme pH=7.4 targe   Tm=76.23  replicas=[73.9, 75.5, 79.3]

Predicted melting temperature: [78.17510986328125]
Predicted melting temperature: [68.00193786621094]
Predicted melting temperature: [51.63409423828125]
Predicted melting temperature: [60.731510162353516]
  seed_123 arm=t2_pos_extreme pH=7.4 targe   Tm=61.07  replicas=[54.0, 68.5, 60.7]
  0%|          | 0/1 [00:00<?, ?it/s]100%|██████████| 1/1 [00:00<00:00,  1.94it/s]  0%|          | 0/1 [00:00<?, ?it/s]
Predicted melting temperature: [57.13090896606445]
  0%|          | 0/1 [00:00<?, ?it/s]  0%|          | 0/1 [00:00<?, ?it/s]Predicted melting temperature: [83.23753356933594]
Predicted melting temperature: [67.84010314941406]
Predicted melting temperature: [78.42733001708984]
Predicted melting temperature: [68.90943145751953]
Predicted melting temperature: [58.24421310424805]
  0%|          | 0/1 [00:00<?, ?it/s]  0%|          | 0/1 [00:00<?, ?it/s]  0%|          | 0/1 [00:00<?, ?it/s]Predicted melting temperature: [63.74565887451172]
  0%|          | 0/1 [00:00<?, ?it/s]Predicted melting temperature: [58.5548210144043]
Predicted melting temperature: [74.47257232666016]
Predicted melting temperature: [66.87128448486328]
  0%|          | 0/1 [00:00<?, ?it/s]Predicted melting temperature: [76.2171401977539]
Predicted melting temperature: [57.75372314453125]
  0%|          | 0/1 [00:00<?, ?it/s]  0%|          | 0/1 [00:00<?, ?it/s]  0%|          | 0/1 [00:00<?, ?it/s]  0%|          | 0/1 [00:00<?, ?it/s]Predicted melting temperature: [57.82524871826172]
Predicted melting temperature: [65.21723175048828]
  0%|          | 0/1 [00:00<?, ?it/s]Predicted melting temperature: [75.20307922363281]
100%|██████████| 1/1 [00:00<00:00,  1.65it/s]  0%|          | 0/1 [00:00<?, ?it/s]  0%|          | 0/1 [00:00<?, ?it/s]  0%|          | 0/1 [00:00<?, ?it/s]  0%|          | 0/1 [00:00<?, ?it/s]  0%|          | 0/1 [00:00<?, ?it/s]  0%|          | 0/1 [00:00<?, ?it/s]  0%|          | 0/1 [00:00<?, ?it/s]  0%|          | 0/1 [00:00<?, ?it/s]100%|██████████| 1/1 [00:00<00:00,  1.60it/s]100%|██████████| 1/1 [00:00<00:00,  1.54it/s]
100%|██████████| 1/1 [00:00<00:00,  1.52it/s]100%|██████████| 1/1 [00:00<00:00,  2.10it/s]
100%|██████████| 1/1 [00:00<00:00,  2.09it/s]
Predicted melting temperature: [68.76104736328125]
  0%|          | 0/1 [00:00<?, ?it/s]Predicted melting temperature: [55.5300178527832]
Predicted melting temperature: [70.59674072265625]
  0%|          | 0/1 [00:00<?, ?it/s]  0%|          | 0/1 [00:00<?, ?it/s]100%|██████████| 1/1 [00:00<00:00,  1.66it/s]100%|██████████| 1/1 [00:00<00:00,  1.66it/s]
Predicted melting temperature: [56.651920318603516]
  seed_121 arm=t1_cond pH=7.4 target=+8.0    Tm=66.77  replicas=[67.2, 76.5, 56.7]
  0%|          | 0/1 [00:00<?, ?it/s]100%|██████████| 1/1 [00:00<00:00,  1.69it/s]100%|██████████| 1/1 [00:00<00:00,  1.68it/s]
Predicted melting temperature: [70.61327362060547]
  0%|          | 0/1 [00:00<?, ?it/s]100%|██████████| 1/1 [00:00<00:00,  3.29it/s]100%|██████████| 1/1 [00:00<00:00,  3.28it/s]
Predicted melting temperature: [54.73839569091797]
  seed_125 arm=t1_base pH=7.4 target=+0.0    Tm=62.65  replicas=[65.2, 68.0, 54.7]
  0%|          | 0/1 [00:00<?, ?it/s]100%|██████████| 1/1 [00:00<00:00,  1.22it/s]100%|██████████| 1/1 [00:00<00:00,  1.22it/s]
100%|██████████| 1/1 [00:00<00:00,  2.66it/s]Predicted melting temperature: [59.573490142822266]
  0%|          | 0/1 [00:00<?, ?it/s]100%|██████████| 1/1 [00:00<00:00,  2.60it/s]
100%|██████████| 1/1 [00:00<00:00,  2.67it/s]100%|██████████| 1/1 [00:00<00:00,  2.63it/s]100%|██████████| 1/1 [00:00<00:00,  2.63it/s]
100%|██████████| 1/1 [00:00<00:00,  2.63it/s]
Predicted melting temperature: [51.736812591552734]
  0%|          | 0/1 [00:00<?, ?it/s]Predicted melting temperature: [58.18675231933594]
100%|██████████| 1/1 [00:00<00:00,  2.90it/s]100%|██████████| 1/1 [00:00<00:00,  2.53it/s]Predicted melting temperature: [59.699424743652344]
100%|██████████| 1/1 [00:00<00:00,  2.78it/s]  0%|          | 0/1 [00:00<?, ?it/s]  0%|          | 0/1 [00:00<?, ?it/s]100%|██████████| 1/1 [00:00<00:00,  2.45it/s]100%|██████████| 1/1 [00:00<00:00,  2.80it/s]
100%|██████████| 1/1 [00:00<00:00,  2.72it/s]

Predicted melting temperature: [53.91927719116211]
  seed_126 arm=t1_base pH=7.4 target=-1.0    Tm=57.24  replicas=[60.0, 57.8, 53.9]
Predicted melting temperature: [71.16519927978516]
100%|██████████| 1/1 [00:00<00:00,  2.65it/s]Predicted melting temperature: [68.00193786621094]
100%|██████████| 1/1 [00:00<00:00,  2.59it/s]
  0%|          | 0/1 [00:00<?, ?it/s]  0%|          | 0/1 [00:00<?, ?it/s]  0%|          | 0/1 [00:00<?, ?it/s]100%|██████████| 1/1 [00:00<00:00,  1.08it/s]Predicted melting temperature: [58.925384521484375]
  seed_124 arm=t2_pos pH=7.4 target=+2.0 c   Tm=55.67  replicas=[50.3, 57.8, 58.9]
100%|██████████| 1/1 [00:00<00:00,  2.27it/s]100%|██████████| 1/1 [00:00<00:00,  1.07it/s]
100%|██████████| 1/1 [00:00<00:00,  2.24it/s]
Predicted melting temperature: [70.917236328125]
Predicted melting temperature: [72.79270935058594]
  0%|          | 0/1 [00:00<?, ?it/s]100%|██████████| 1/1 [00:00<00:00,  2.37it/s]100%|██████████| 1/1 [00:00<00:00,  2.23it/s]100%|██████████| 1/1 [00:00<00:00,  2.19it/s]  0%|          | 0/1 [00:00<?, ?it/s]100%|██████████| 1/1 [00:00<00:00,  2.31it/s]100%|██████████| 1/1 [00:00<00:00,  1.99it/s]100%|██████████| 1/1 [00:00<00:00,  2.85it/s]  0%|          | 0/1 [00:00<?, ?it/s]100%|██████████| 1/1 [00:00<00:00,  1.87it/s]100%|██████████| 1/1 [00:00<00:00,  1.82it/s]100%|██████████| 1/1 [00:00<00:00,  1.73it/s]100%|██████████| 1/1 [00:00<00:00,  1.82it/s]100%|██████████| 1/1 [00:00<00:00,  1.73it/s]100%|██████████| 1/1 [00:00<00:00,  1.68it/s]100%|██████████| 1/1 [00:00<00:00,  1.88it/s]100%|██████████| 1/1 [00:00<00:00,  1.64it/s]100%|██████████| 1/1 [00:00<00:00,  1.00it/s]100%|██████████| 1/1 [00:00<00:00,  1.69it/s]
100%|██████████| 1/1 [00:01<00:00,  1.02s/it]100%|██████████| 1/1 [00:00<00:00,  1.05it/s]100%|██████████| 1/1 [00:00<00:00,  3.11it/s]100%|██████████| 1/1 [00:00<00:00,  1.01it/s]100%|██████████| 1/1 [00:00<00:00,  1.01it/s]100%|██████████| 1/1 [00:00<00:00,  1.54it/s]

100%|██████████| 1/1 [00:00<00:00,  3.53it/s]

100%|██████████| 1/1 [00:00<00:00,  1.20it/s]100%|██████████| 1/1 [00:00<00:00,  2.93it/s]100%|██████████| 1/1 [00:01<00:00,  1.01s/it]100%|██████████| 1/1 [00:01<00:00,  1.02s/it]100%|██████████| 1/1 [00:00<00:00,  1.47it/s]100%|██████████| 1/1 [00:00<00:00,  1.01it/s]
100%|██████████| 1/1 [00:00<00:00,  1.34it/s]

100%|██████████| 1/1 [00:00<00:00,  1.02it/s]100%|██████████| 1/1 [00:00<00:00,  2.92it/s]100%|██████████| 1/1 [00:01<00:00,  1.03s/it]100%|██████████| 1/1 [00:01<00:00,  1.01s/it]100%|██████████| 1/1 [00:00<00:00,  2.60it/s]
Predicted melting temperature: [56.71384048461914]
  seed_123 arm=t1_base pH=7.4 target=+9.0    Tm=61.56  replicas=[53.5, 74.5, 56.7]
100%|██████████| 1/1 [00:00<00:00,  1.28it/s]
100%|██████████| 1/1 [00:01<00:00,  1.01s/it]100%|██████████| 1/1 [00:01<00:00,  1.01s/it]100%|██████████| 1/1 [00:00<00:00,  2.16it/s]

Predicted melting temperature: [58.014076232910156]
  seed_124 arm=t2_pos_extreme pH=7.4 targe   Tm=56.73  replicas=[53.6, 58.6, 58.0]
100%|██████████| 1/1 [00:00<00:00,  1.07it/s]100%|██████████| 1/1 [00:00<00:00,  2.43it/s]
100%|██████████| 1/1 [00:00<00:00,  1.71it/s]100%|██████████| 1/1 [00:00<00:00,  2.17it/s]
Predicted melting temperature: [61.764862060546875]
  seed_120 arm=t2_pos pH=7.4 target=+11.0    Tm=68.23  replicas=[67.7, 75.2, 61.8]
100%|██████████| 1/1 [00:00<00:00,  1.41it/s]100%|██████████| 1/1 [00:00<00:00,  1.04it/s]
100%|██████████| 1/1 [00:00<00:00,  1.60it/s]
100%|██████████| 1/1 [00:00<00:00,  1.05it/s]100%|██████████| 1/1 [00:00<00:00,  1.60it/s]100%|██████████| 1/1 [00:00<00:00,  1.01it/s]





100%|██████████| 1/1 [00:00<00:00,  1.71it/s]
Predicted melting temperature: [55.84349822998047]
  seed_126 arm=t2_ph pH=7.4 target=均值占位 ch   Tm=57.05  replicas=[57.1, 58.2, 55.8]
Predicted melting temperature: [75.96896362304688]
  seed_124 arm=t2_pos pH=7.4 target=+12.0    Tm=75.10  replicas=[78.2, 71.2, 76.0]
Predicted melting temperature: [67.70655822753906]
  seed_121 arm=t2_neg pH=7.4 target=+3.0 c   Tm=71.37  replicas=[68.0, 78.4, 67.7]
100%|██████████| 1/1 [00:01<00:00,  1.02s/it]Predicted melting temperature: [58.48841094970703]
  seed_121 arm=t2_pos_extreme pH=7.4 targe   Tm=67.38  replicas=[74.9, 68.8, 58.5]

100%|██████████| 1/1 [00:00<00:00,  1.58it/s]100%|██████████| 1/1 [00:00<00:00,  1.53it/s]

100%|██████████| 1/1 [00:00<00:00,  1.71it/s]
Predicted melting temperature: [54.73839569091797]
  seed_125 arm=t2_ph pH=7.4 target=均值占位 ch   Tm=62.65  replicas=[65.2, 68.0, 54.7]
Predicted melting temperature: [56.29145050048828]
  seed_121 arm=t2_neg pH=7.4 target=-6.0 c   Tm=61.98  replicas=[70.1, 59.6, 56.3]
  0%|          | 0/1 [00:00<?, ?it/s]  0%|          | 0/1 [00:00<?, ?it/s]Predicted melting temperature: [80.26469421386719]
  0%|          | 0/1 [00:00<?, ?it/s]  0%|          | 0/1 [00:00<?, ?it/s]Predicted melting temperature: [72.25244140625]
Predicted melting temperature: [77.47735595703125]
  0%|          | 0/1 [00:00<?, ?it/s]  0%|          | 0/1 [00:00<?, ?it/s]Predicted melting temperature: [72.38681030273438]
  0%|          | 0/1 [00:00<?, ?it/s]Predicted melting temperature: [66.15961456298828]
  0%|          | 0/1 [00:00<?, ?it/s]  0%|          | 0/1 [00:00<?, ?it/s]Predicted melting temperature: [77.03520202636719]
Predicted melting temperature: [70.59738159179688]
Predicted melting temperature: [75.36418151855469]
  0%|          | 0/1 [00:00<?, ?it/s]  0%|          | 0/1 [00:00<?, ?it/s]  0%|          | 0/1 [00:00<?, ?it/s]  0%|          | 0/1 [00:00<?, ?it/s]Predicted melting temperature: [72.94622039794922]
  0%|          | 0/1 [00:00<?, ?it/s]Predicted melting temperature: [79.17367553710938]
Predicted melting temperature: [61.376007080078125]
Predicted melting temperature: [60.51814651489258]
  0%|          | 0/1 [00:00<?, ?it/s]Predicted melting temperature: [65.97454833984375]
  0%|          | 0/1 [00:00<?, ?it/s]  0%|          | 0/1 [00:00<?, ?it/s]  0%|          | 0/1 [00:00<?, ?it/s]  0%|          | 0/1 [00:00<?, ?it/s]  0%|          | 0/1 [00:00<?, ?it/s]Predicted melting temperature: [76.40129089355469]
  0%|          | 0/1 [00:00<?, ?it/s]Predicted melting temperature: [64.13941955566406]
  0%|          | 0/1 [00:00<?, ?it/s]Predicted melting temperature: [77.4876937866211]
  0%|          | 0/1 [00:00<?, ?it/s]Predicted melting temperature: [73.24555969238281]
  0%|          | 0/1 [00:00<?, ?it/s]  0%|          | 0/1 [00:00<?, ?it/s]Predicted melting temperature: [73.26927947998047]
  0%|          | 0/1 [00:00<?, ?it/s]  0%|          | 0/1 [00:00<?, ?it/s]100%|██████████| 1/1 [00:00<00:00,  2.88it/s]100%|██████████| 1/1 [00:00<00:00,  2.92it/s]100%|██████████| 1/1 [00:00<00:00,  2.84it/s]100%|██████████| 1/1 [00:00<00:00,  2.67it/s]100%|██████████| 1/1 [00:00<00:00,  2.74it/s]100%|██████████| 1/1 [00:00<00:00,  2.63it/s]100%|██████████| 1/1 [00:00<00:00,  2.59it/s]100%|██████████| 1/1 [00:00<00:00,  2.48it/s]100%|██████████| 1/1 [00:00<00:00,  2.23it/s]100%|██████████| 1/1 [00:00<00:00,  2.01it/s]
100%|██████████| 1/1 [00:00<00:00,  2.22it/s]100%|██████████| 1/1 [00:00<00:00,  2.22it/s]100%|██████████| 1/1 [00:00<00:00,  2.20it/s]100%|██████████| 1/1 [00:00<00:00,  1.92it/s]100%|██████████| 1/1 [00:00<00:00,  2.16it/s]100%|██████████| 1/1 [00:00<00:00,  1.96it/s]

100%|██████████| 1/1 [00:00<00:00,  2.03it/s]100%|██████████| 1/1 [00:00<00:00,  2.02it/s]
100%|██████████| 1/1 [00:00<00:00,  2.03it/s]100%|██████████| 1/1 [00:00<00:00,  1.92it/s]100%|██████████| 1/1 [00:00<00:00,  2.01it/s]100%|██████████| 1/1 [00:00<00:00,  2.01it/s]

Predicted melting temperature: [66.61400604248047]
  seed_123 arm=t2_pos_extreme pH=7.4 targe   Tm=70.16  replicas=[70.6, 73.2, 66.6]
100%|██████████| 1/1 [00:00<00:00,  2.02it/s]100%|██████████| 1/1 [00:00<00:00,  2.02it/s]

100%|██████████| 1/1 [00:00<00:00,  2.00it/s]100%|██████████| 1/1 [00:00<00:00,  2.02it/s]Predicted melting temperature: [58.342594146728516]
  seed_124 arm=t1_cond pH=7.4 target=-1.0    Tm=59.52  replicas=[59.7, 60.5, 58.3]

100%|██████████| 1/1 [00:00<00:00,  2.00it/s]
100%|██████████| 1/1 [00:00<00:00,  2.02it/s]

100%|██████████| 1/1 [00:00<00:00,  2.06it/s]100%|██████████| 1/1 [00:00<00:00,  2.02it/s]Predicted melting temperature: [64.65044403076172]
  seed_124 arm=t1_base pH=7.4 target=+8.0    Tm=64.98  replicas=[68.9, 61.4, 64.7]

100%|██████████| 1/1 [00:00<00:00,  2.00it/s]

Predicted melting temperature: [57.68613815307617]
  seed_123 arm=t2_ph pH=7.4 target=均值占位 ch   Tm=60.70  replicas=[51.6, 72.8, 57.7]
100%|██████████| 1/1 [00:00<00:00,  1.95it/s]
Predicted melting temperature: [65.64861297607422]
  seed_122 arm=t2_pos pH=7.4 target=+3.0 c   Tm=68.58  replicas=[67.8, 72.3, 65.6]
Predicted melting temperature: [54.81648254394531]
  seed_123 arm=t2_neg pH=7.4 target=+4.0 c   Tm=62.61  replicas=[55.5, 77.5, 54.8]
  0%|          | 0/1 [00:00<?, ?it/s]  0%|          | 0/1 [00:00<?, ?it/s]Predicted melting temperature: [70.02330017089844]
  0%|          | 0/1 [00:00<?, ?it/s]  0%|          | 0/1 [00:00<?, ?it/s]Predicted melting temperature: [65.3749008178711]
Predicted melting temperature: [58.351436614990234]
Predicted melting temperature: [70.7444839477539]
Predicted melting temperature: [64.13941955566406]
Predicted melting temperature: [71.19522857666016]
Predicted melting temperature: [53.349613189697266]
Predicted melting temperature: [62.37397384643555]
  0%|          | 0/1 [00:00<?, ?it/s]Predicted melting temperature: [71.57845306396484]
  0%|          | 0/1 [00:00<?, ?it/s]Predicted melting temperature: [74.93495178222656]
  0%|          | 0/1 [00:00<?, ?it/s]  0%|          | 0/1 [00:00<?, ?it/s]  0%|          | 0/1 [00:00<?, ?it/s]  0%|          | 0/1 [00:00<?, ?it/s]  0%|          | 0/1 [00:00<?, ?it/s]100%|██████████| 1/1 [00:00<00:00,  1.82it/s]  0%|          | 0/1 [00:00<?, ?it/s]  0%|          | 0/1 [00:00<?, ?it/s]100%|██████████| 1/1 [00:00<00:00,  1.77it/s]100%|██████████| 1/1 [00:00<00:00,  1.74it/s]  0%|          | 0/1 [00:00<?, ?it/s]100%|██████████| 1/1 [00:00<00:00,  1.77it/s]100%|██████████| 1/1 [00:00<00:00,  1.73it/s]  0%|          | 0/1 [00:00<?, ?it/s]100%|██████████| 1/1 [00:00<00:00,  1.66it/s]100%|██████████| 1/1 [00:00<00:00,  1.59it/s]  0%|          | 0/1 [00:00<?, ?it/s]100%|██████████| 1/1 [00:00<00:00,  1.65it/s]100%|██████████| 1/1 [00:00<00:00,  1.62it/s]100%|██████████| 1/1 [00:00<00:00,  1.50it/s]100%|██████████| 1/1 [00:01<00:00,  1.20s/it]100%|██████████| 1/1 [00:00<00:00,  1.41it/s]100%|██████████| 1/1 [00:00<00:00,  1.35it/s]100%|██████████| 1/1 [00:01<00:00,  1.20s/it]100%|██████████| 1/1 [00:00<00:00,  1.32it/s]
100%|██████████| 1/1 [00:01<00:00,  1.20s/it]100%|██████████| 1/1 [00:00<00:00,  1.30it/s]
100%|██████████| 1/1 [00:01<00:00,  1.19s/it]

100%|██████████| 1/1 [00:01<00:00,  1.20s/it]100%|██████████| 1/1 [00:01<00:00,  1.20s/it]

Predicted melting temperature: [52.514991760253906]
  seed_124 arm=t1_cond pH=7.4 target=+9.0    Tm=56.74  replicas=[51.7, 66.0, 52.5]
Predicted melting temperature: [82.3237075805664]
  seed_125 arm=t2_pos pH=7.4 target=+11.0    Tm=81.58  replicas=[83.2, 79.2, 82.3]
100%|██████████| 1/1 [00:01<00:00,  1.21s/it]
Predicted melting temperature: [65.9693374633789]
  seed_126 arm=t1_cond pH=7.4 target=+0.0    Tm=68.41  replicas=[66.9, 72.4, 66.0]
100%|██████████| 1/1 [00:01<00:00,  1.20s/it]
100%|██████████| 1/1 [00:01<00:00,  1.20s/it]100%|██████████| 1/1 [00:01<00:00,  1.21s/it]Predicted melting temperature: [49.426605224609375]
  seed_120 arm=t2_ph pH=7.4 target=均值占位 ch   Tm=63.19  replicas=[63.7, 76.4, 49.4]


Predicted melting temperature: [64.3736343383789]
  seed_121 arm=t1_base pH=7.4 target=+8.0    Tm=70.82  replicas=[70.6, 77.5, 64.4]
100%|██████████| 1/1 [00:01<00:00,  1.20s/it]100%|██████████| 1/1 [00:01<00:00,  1.19s/it]

100%|██████████| 1/1 [00:01<00:00,  1.20s/it]
100%|██████████| 1/1 [00:01<00:00,  1.22s/it]
Predicted melting temperature: [60.09217071533203]
  seed_119 arm=t2_ph pH=7.4 target=均值占位 ch   Tm=62.98  replicas=[58.2, 70.6, 60.1]
Predicted melting temperature: [73.22817993164062]
  seed_121 arm=t2_neg pH=7.4 target=+3.0 c   Tm=74.94  replicas=[76.2, 75.4, 73.2]
Predicted melting temperature: [62.4056510925293]
  seed_124 arm=t1_cond pH=7.4 target=+8.0    Tm=69.15  replicas=[74.1, 70.9, 62.4]
  0%|          | 0/1 [00:00<?, ?it/s]Predicted melting temperature: [72.91394805908203]
Predicted melting temperature: [77.00914764404297]
Predicted melting temperature: [59.60169982910156]
  0%|          | 0/1 [00:00<?, ?it/s]Predicted melting temperature: [78.74280548095703]
  0%|          | 0/1 [00:00<?, ?it/s]  0%|          | 0/1 [00:00<?, ?it/s]  0%|          | 0/1 [00:00<?, ?it/s]  0%|          | 0/1 [00:00<?, ?it/s]  0%|          | 0/1 [00:00<?, ?it/s]Predicted melting temperature: [64.52851104736328]
  0%|          | 0/1 [00:00<?, ?it/s]Predicted melting temperature: [77.92804718017578]
  0%|          | 0/1 [00:00<?, ?it/s]  0%|          | 0/1 [00:00<?, ?it/s]  0%|          | 0/1 [00:00<?, ?it/s]100%|██████████| 1/1 [00:00<00:00,  3.73it/s]  0%|          | 0/1 [00:00<?, ?it/s]100%|██████████| 1/1 [00:00<00:00,  3.69it/s]100%|██████████| 1/1 [00:00<00:00,  3.60it/s]100%|██████████| 1/1 [00:00<00:00,  3.53it/s]  0%|          | 0/1 [00:00<?, ?it/s]100%|██████████| 1/1 [00:00<00:00,  3.27it/s]100%|██████████| 1/1 [00:00<00:00,  3.14it/s]100%|██████████| 1/1 [00:00<00:00,  2.92it/s]100%|██████████| 1/1 [00:00<00:00,  2.87it/s]  0%|          | 0/1 [00:00<?, ?it/s]100%|██████████| 1/1 [00:00<00:00,  2.75it/s]100%|██████████| 1/1 [00:00<00:00,  2.67it/s]100%|██████████| 1/1 [00:00<00:00,  2.56it/s]100%|██████████| 1/1 [00:01<00:00,  1.18s/it]100%|██████████| 1/1 [00:00<00:00,  2.36it/s]
100%|██████████| 1/1 [00:00<00:00,  2.24it/s]100%|██████████| 1/1 [00:01<00:00,  1.18s/it]100%|██████████| 1/1 [00:01<00:00,  1.18s/it]100%|██████████| 1/1 [00:00<00:00,  2.18it/s]

100%|██████████| 1/1 [00:01<00:00,  1.18s/it]100%|██████████| 1/1 [00:00<00:00,  2.14it/s]
100%|██████████| 1/1 [00:01<00:00,  1.18s/it]100%|██████████| 1/1 [00:00<00:00,  1.99it/s]100%|██████████| 1/1 [00:01<00:00,  1.18s/it]

100%|██████████| 1/1 [00:01<00:00,  1.18s/it]100%|██████████| 1/1 [00:01<00:00,  1.18s/it]

Predicted melting temperature: [61.3109130859375]
  seed_126 arm=t2_neg pH=7.4 target=-5.0 c   Tm=66.35  replicas=[66.2, 71.6, 61.3]
100%|██████████| 1/1 [00:01<00:00,  1.18s/it]
100%|██████████| 1/1 [00:01<00:00,  1.18s/it]100%|██████████| 1/1 [00:01<00:00,  1.18s/it]
Predicted melting temperature: [67.7874984741211]
  seed_127 arm=t1_base pH=7.4 target=-1.0    Tm=70.25  replicas=[72.9, 70.0, 67.8]

100%|██████████| 1/1 [00:01<00:00,  1.18s/it]Predicted melting temperature: [76.48577880859375]
  seed_124 arm=t2_pos_extreme pH=7.4 targe   Tm=75.83  replicas=[80.3, 70.7, 76.5]

100%|██████████| 1/1 [00:01<00:00,  1.18s/it]
100%|██████████| 1/1 [00:01<00:00,  1.18s/it]
Predicted melting temperature: [80.79021453857422]
  seed_122 arm=t2_pos_extreme pH=7.4 targe   Tm=77.59  replicas=[77.0, 74.9, 80.8]
100%|██████████| 1/1 [00:01<00:00,  1.18s/it]Predicted melting temperature: [60.86455535888672]
  seed_126 arm=t1_base pH=7.4 target=+0.0    Tm=65.40  replicas=[64.1, 71.2, 60.9]

100%|██████████| 1/1 [00:01<00:00,  1.18s/it]
Predicted melting temperature: [50.30732345581055]
  0%|          | 0/1 [00:00<?, ?it/s]Predicted melting temperature: [71.19522857666016]
Predicted melting temperature: [82.503662109375]
Predicted melting temperature: [65.29029846191406]
Predicted melting temperature: [69.79059600830078]
Predicted melting temperature: [72.70706176757812]
Predicted melting temperature: [71.48210906982422]
  0%|          | 0/1 [00:00<?, ?it/s]  0%|          | 0/1 [00:00<?, ?it/s]  0%|          | 0/1 [00:00<?, ?it/s]  0%|          | 0/1 [00:00<?, ?it/s]  0%|          | 0/1 [00:00<?, ?it/s]Predicted melting temperature: [57.91792297363281]
  0%|          | 0/1 [00:00<?, ?it/s]Predicted melting temperature: [68.42950439453125]
  0%|          | 0/1 [00:00<?, ?it/s]  0%|          | 0/1 [00:00<?, ?it/s]  0%|          | 0/1 [00:00<?, ?it/s]  0%|          | 0/1 [00:00<?, ?it/s]  0%|          | 0/1 [00:00<?, ?it/s]Predicted melting temperature: [57.828529357910156]
Predicted melting temperature: [70.27934265136719]
100%|██████████| 1/1 [00:00<00:00,  2.38it/s]  0%|          | 0/1 [00:00<?, ?it/s]100%|██████████| 1/1 [00:00<00:00,  2.36it/s]100%|██████████| 1/1 [00:00<00:00,  2.29it/s]100%|██████████| 1/1 [00:00<00:00,  2.27it/s]100%|██████████| 1/1 [00:00<00:00,  2.23it/s]100%|██████████| 1/1 [00:00<00:00,  2.21it/s]  0%|          | 0/1 [00:00<?, ?it/s]100%|██████████| 1/1 [00:00<00:00,  1.61it/s]
100%|██████████| 1/1 [00:00<00:00,  2.13it/s]100%|██████████| 1/1 [00:00<00:00,  1.61it/s]  0%|          | 0/1 [00:00<?, ?it/s]
100%|██████████| 1/1 [00:00<00:00,  2.06it/s]  0%|          | 0/1 [00:00<?, ?it/s]100%|██████████| 1/1 [00:00<00:00,  1.95it/s]100%|██████████| 1/1 [00:00<00:00,  1.82it/s]100%|██████████| 1/1 [00:00<00:00,  1.76it/s]100%|██████████| 1/1 [00:00<00:00,  1.75it/s]100%|██████████| 1/1 [00:00<00:00,  1.61it/s]100%|██████████| 1/1 [00:00<00:00,  1.69it/s]100%|██████████| 1/1 [00:00<00:00,  1.61it/s]
100%|██████████| 1/1 [00:00<00:00,  1.61it/s]
100%|██████████| 1/1 [00:00<00:00,  1.61it/s]100%|██████████| 1/1 [00:00<00:00,  1.61it/s]

100%|██████████| 1/1 [00:00<00:00,  1.61it/s]100%|██████████| 1/1 [00:00<00:00,  1.61it/s]
100%|██████████| 1/1 [00:00<00:00,  1.61it/s]
100%|██████████| 1/1 [00:00<00:00,  1.61it/s]

100%|██████████| 1/1 [00:00<00:00,  1.61it/s]
100%|██████████| 1/1 [00:00<00:00,  1.61it/s]
100%|██████████| 1/1 [00:00<00:00,  1.61it/s]
100%|██████████| 1/1 [00:00<00:00,  1.61it/s]
Predicted melting temperature: [65.23843383789062]
  seed_122 arm=t1_cond pH=7.4 target=+8.0    Tm=72.15  replicas=[73.3, 77.9, 65.2]
Predicted melting temperature: [73.86184692382812]
  0%|          | 0/1 [00:00<?, ?it/s]Predicted melting temperature: [58.026119232177734]
  0%|          | 0/1 [00:00<?, ?it/s]Predicted melting temperature: [52.92259216308594]
  0%|          | 0/1 [00:00<?, ?it/s]Predicted melting temperature: [68.1005859375]
  0%|          | 0/1 [00:00<?, ?it/s]Predicted melting temperature: [77.16873168945312]
  0%|          | 0/1 [00:00<?, ?it/s]Predicted melting temperature: [81.34028625488281]
  0%|          | 0/1 [00:00<?, ?it/s]Predicted melting temperature: [66.38483428955078]
Predicted melting temperature: [73.04071044921875]
  0%|          | 0/1 [00:00<?, ?it/s]  0%|          | 0/1 [00:00<?, ?it/s]Predicted melting temperature: [73.7175521850586]
  0%|          | 0/1 [00:00<?, ?it/s]Predicted melting temperature: [73.34182739257812]
  0%|          | 0/1 [00:00<?, ?it/s]Predicted melting temperature: [72.3924560546875]
  0%|          | 0/1 [00:00<?, ?it/s]Predicted melting temperature: [77.3681640625]
  0%|          | 0/1 [00:00<?, ?it/s]  0%|          | 0/1 [00:00<?, ?it/s]Predicted melting temperature: [76.64154052734375]
  0%|          | 0/1 [00:00<?, ?it/s]100%|██████████| 1/1 [00:00<00:00,  2.88it/s]100%|██████████| 1/1 [00:00<00:00,  2.87it/s]
100%|██████████| 1/1 [00:00<00:00,  2.72it/s]100%|██████████| 1/1 [00:00<00:00,  2.68it/s]100%|██████████| 1/1 [00:00<00:00,  2.52it/s]100%|██████████| 1/1 [00:00<00:00,  2.43it/s]100%|██████████| 1/1 [00:00<00:00,  2.43it/s]100%|██████████| 1/1 [00:00<00:00,  2.41it/s]100%|██████████| 1/1 [00:00<00:00,  2.40it/s]Predicted melting temperature: [58.61947250366211]
  seed_125 arm=t2_pos pH=7.4 target=+2.0 c   Tm=56.63  replicas=[53.3, 57.9, 58.6]
100%|██████████| 1/1 [00:00<00:00,  2.34it/s]100%|██████████| 1/1 [00:00<00:00,  2.31it/s]100%|██████████| 1/1 [00:00<00:00,  2.42it/s]100%|██████████| 1/1 [00:00<00:00,  2.41it/s]100%|██████████| 1/1 [00:00<00:00,  2.22it/s]100%|██████████| 1/1 [00:00<00:00,  2.29it/s]100%|██████████| 1/1 [00:00<00:00,  2.18it/s]100%|██████████| 1/1 [00:00<00:00,  2.17it/s]100%|██████████| 1/1 [00:00<00:00,  2.29it/s]100%|██████████| 1/1 [00:00<00:00,  2.26it/s]100%|██████████| 1/1 [00:00<00:00,  2.07it/s]100%|██████████| 1/1 [00:00<00:00,  1.99it/s]100%|██████████| 1/1 [00:01<00:00,  1.34s/it]100%|██████████| 1/1 [00:00<00:00,  2.12it/s]100%|██████████| 1/1 [00:01<00:00,  1.34s/it]
100%|██████████| 1/1 [00:01<00:00,  1.34s/it]100%|██████████| 1/1 [00:00<00:00,  1.85it/s]

100%|██████████| 1/1 [00:00<00:00,  1.80it/s]100%|██████████| 1/1 [00:01<00:00,  1.34s/it]100%|██████████| 1/1 [00:00<00:00,  1.76it/s]100%|██████████| 1/1 [00:01<00:00,  1.31s/it]100%|██████████| 1/1 [00:01<00:00,  1.34s/it]100%|██████████| 1/1 [00:01<00:00,  1.34s/it]100%|██████████| 1/1 [00:00<00:00,  1.74it/s]100%|██████████| 1/1 [00:01<00:00,  1.34s/it]100%|██████████| 1/1 [00:00<00:00,  1.80it/s]
Predicted melting temperature: [65.43988037109375]
  seed_127 arm=t2_ph pH=7.4 target=均值占位 ch   Tm=66.87  replicas=[65.4, 69.8, 65.4]
100%|██████████| 1/1 [00:00<00:00,  1.70it/s]100%|██████████| 1/1 [00:01<00:00,  1.34s/it]100%|██████████| 1/1 [00:01<00:00,  1.34s/it]100%|██████████| 1/1 [00:00<00:00,  1.79it/s]


100%|██████████| 1/1 [00:00<00:00,  1.75it/s]Predicted melting temperature: [60.197410583496094]
  seed_125 arm=t2_pos_extreme pH=7.4 targe   Tm=58.79  replicas=[58.4, 57.8, 60.2]

100%|██████████| 1/1 [00:01<00:00,  1.34s/it]100%|██████████| 1/1 [00:00<00:00,  1.66it/s]100%|██████████| 1/1 [00:01<00:00,  1.34s/it]

100%|██████████| 1/1 [00:01<00:00,  1.33s/it]

100%|██████████| 1/1 [00:01<00:00,  1.31s/it]

100%|██████████| 1/1 [00:01<00:00,  1.30s/it]100%|██████████| 1/1 [00:01<00:00,  1.32s/it]

Predicted melting temperature: [77.34614562988281]
  seed_124 arm=t1_base pH=7.4 target=+9.0    Tm=70.40  replicas=[62.4, 71.5, 77.3]
Predicted melting temperature: [60.86455535888672]
  seed_126 arm=t2_ph pH=7.4 target=均值占位 ch   Tm=65.40  replicas=[64.1, 71.2, 60.9]
100%|██████████| 1/1 [00:01<00:00,  1.33s/it]Predicted melting temperature: [54.87175750732422]
  seed_122 arm=t2_neg pH=7.4 target=-6.0 c   Tm=59.14  replicas=[64.5, 58.0, 54.9]
100%|██████████| 1/1 [00:01<00:00,  1.34s/it]

100%|██████████| 1/1 [00:01<00:00,  1.30s/it]100%|██████████| 1/1 [00:01<00:00,  1.32s/it]
100%|██████████| 1/1 [00:01<00:00,  1.30s/it]
100%|██████████| 1/1 [00:01<00:00,  1.32s/it]
Predicted melting temperature: [74.85633087158203]
  seed_125 arm=t2_pos pH=7.4 target=+12.0    Tm=68.95  replicas=[59.6, 72.4, 74.9]

100%|██████████| 1/1 [00:01<00:00,  1.34s/it]
100%|██████████| 1/1 [00:01<00:00,  1.34s/it]100%|██████████| 1/1 [00:01<00:00,  1.34s/it]

Predicted melting temperature: [65.3043441772461]
  seed_121 arm=t2_pos pH=7.4 target=+11.0    Tm=71.62  replicas=[72.9, 76.6, 65.3]
Predicted melting temperature: [67.9643783569336]
  seed_122 arm=t2_pos_extreme pH=7.4 targe   Tm=74.05  replicas=[77.0, 77.2, 68.0]
100%|██████████| 1/1 [00:01<00:00,  1.31s/it]100%|██████████| 1/1 [00:01<00:00,  1.30s/it]100%|██████████| 1/1 [00:01<00:00,  1.33s/it]

100%|██████████| 1/1 [00:01<00:00,  1.31s/it]

Predicted melting temperature: [71.11957550048828]
  seed_122 arm=t2_neg pH=7.4 target=+3.0 c   Tm=77.07  replicas=[78.7, 81.3, 71.1]
Predicted melting temperature: [73.42245483398438]
  0%|          | 0/1 [00:00<?, ?it/s]Predicted melting temperature: [71.84407043457031]
Predicted melting temperature: [58.54019546508789]
Predicted melting temperature: [52.3992805480957]
Predicted melting temperature: [66.34439086914062]
Predicted melting temperature: [77.21500396728516]
  0%|          | 0/1 [00:00<?, ?it/s]Predicted melting temperature: [62.95060729980469]
  0%|          | 0/1 [00:00<?, ?it/s]  0%|          | 0/1 [00:00<?, ?it/s]Predicted melting temperature: [80.26051330566406]
  0%|          | 0/1 [00:00<?, ?it/s]  0%|          | 0/1 [00:00<?, ?it/s]  0%|          | 0/1 [00:00<?, ?it/s]  0%|          | 0/1 [00:00<?, ?it/s]Predicted melting temperature: [72.79379272460938]
  0%|          | 0/1 [00:00<?, ?it/s]  0%|          | 0/1 [00:00<?, ?it/s]  0%|          | 0/1 [00:00<?, ?it/s]Predicted melting temperature: [73.95511627197266]
  0%|          | 0/1 [00:00<?, ?it/s]Predicted melting temperature: [72.92704772949219]
  0%|          | 0/1 [00:00<?, ?it/s]  0%|          | 0/1 [00:00<?, ?it/s]  0%|          | 0/1 [00:00<?, ?it/s]Predicted melting temperature: [77.92445373535156]
Predicted melting temperature: [68.4871597290039]
Predicted melting temperature: [71.19931030273438]
  0%|          | 0/1 [00:00<?, ?it/s]Predicted melting temperature: [72.74850463867188]
Predicted melting temperature: [77.21937561035156]
Predicted melting temperature: [75.11857604980469]
Predicted melting temperature: [74.24705505371094]
  0%|          | 0/1 [00:00<?, ?it/s]Predicted melting temperature: [77.0466537475586]
  0%|          | 0/1 [00:00<?, ?it/s]  0%|          | 0/1 [00:00<?, ?it/s]Predicted melting temperature: [80.78572082519531]
  0%|          | 0/1 [00:00<?, ?it/s]  0%|          | 0/1 [00:00<?, ?it/s]  0%|          | 0/1 [00:00<?, ?it/s]  0%|          | 0/1 [00:00<?, ?it/s]  0%|          | 0/1 [00:00<?, ?it/s]  0%|          | 0/1 [00:00<?, ?it/s]  0%|          | 0/1 [00:00<?, ?it/s]  0%|          | 0/1 [00:00<?, ?it/s]  0%|          | 0/1 [00:00<?, ?it/s]  0%|          | 0/1 [00:00<?, ?it/s]  0%|          | 0/1 [00:00<?, ?it/s]100%|██████████| 1/1 [00:00<00:00,  2.74it/s]100%|██████████| 1/1 [00:00<00:00,  2.59it/s]100%|██████████| 1/1 [00:00<00:00,  2.48it/s]100%|██████████| 1/1 [00:00<00:00,  2.46it/s]100%|██████████| 1/1 [00:00<00:00,  2.45it/s]100%|██████████| 1/1 [00:00<00:00,  2.37it/s]100%|██████████| 1/1 [00:00<00:00,  2.32it/s]100%|██████████| 1/1 [00:00<00:00,  2.28it/s]100%|██████████| 1/1 [00:00<00:00,  2.22it/s]100%|██████████| 1/1 [00:00<00:00,  2.19it/s]100%|██████████| 1/1 [00:00<00:00,  2.16it/s]100%|██████████| 1/1 [00:00<00:00,  2.12it/s]100%|██████████| 1/1 [00:00<00:00,  2.12it/s]100%|██████████| 1/1 [00:00<00:00,  2.08it/s]100%|██████████| 1/1 [00:00<00:00,  2.08it/s]100%|██████████| 1/1 [00:00<00:00,  1.16it/s]100%|██████████| 1/1 [00:00<00:00,  2.01it/s]100%|██████████| 1/1 [00:00<00:00,  1.16it/s]100%|██████████| 1/1 [00:00<00:00,  2.00it/s]100%|██████████| 1/1 [00:00<00:00,  1.16it/s]100%|██████████| 1/1 [00:00<00:00,  1.16it/s]100%|██████████| 1/1 [00:00<00:00,  1.98it/s]



100%|██████████| 1/1 [00:00<00:00,  1.91it/s]100%|██████████| 1/1 [00:00<00:00,  1.16it/s]100%|██████████| 1/1 [00:00<00:00,  1.16it/s]100%|██████████| 1/1 [00:00<00:00,  1.90it/s]

100%|██████████| 1/1 [00:00<00:00,  1.16it/s]100%|██████████| 1/1 [00:00<00:00,  1.87it/s]100%|██████████| 1/1 [00:00<00:00,  1.16it/s]100%|██████████| 1/1 [00:00<00:00,  1.16it/s]100%|██████████| 1/1 [00:00<00:00,  1.81it/s]100%|██████████| 1/1 [00:00<00:00,  1.16it/s]100%|██████████| 1/1 [00:00<00:00,  1.16it/s]100%|██████████| 1/1 [00:00<00:00,  1.72it/s]


100%|██████████| 1/1 [00:00<00:00,  1.70it/s]Predicted melting temperature: [57.778602600097656]
  seed_125 arm=t1_cond pH=7.4 target=-1.0    Tm=55.54  replicas=[50.3, 58.5, 57.8]
100%|██████████| 1/1 [00:00<00:00,  1.16it/s]
100%|██████████| 1/1 [00:00<00:00,  1.69it/s]100%|██████████| 1/1 [00:00<00:00,  1.16it/s]
100%|██████████| 1/1 [00:00<00:00,  1.68it/s]Predicted melting temperature: [63.342044830322266]
  seed_127 arm=t1_cond pH=7.4 target=+0.0    Tm=65.36  replicas=[66.4, 66.3, 63.3]
100%|██████████| 1/1 [00:00<00:00,  1.16it/s]100%|██████████| 1/1 [00:00<00:00,  1.16it/s]100%|██████████| 1/1 [00:00<00:00,  1.67it/s]100%|██████████| 1/1 [00:00<00:00,  1.16it/s]Predicted melting temperature: [74.86236572265625]
  seed_122 arm=t2_neg pH=7.4 target=+3.0 c   Tm=72.40  replicas=[68.1, 74.2, 74.9]
100%|██████████| 1/1 [00:00<00:00,  1.65it/s]
100%|██████████| 1/1 [00:00<00:00,  1.16it/s]

100%|██████████| 1/1 [00:00<00:00,  1.47it/s]
100%|██████████| 1/1 [00:00<00:00,  1.16it/s]100%|██████████| 1/1 [00:00<00:00,  1.42it/s]100%|██████████| 1/1 [00:00<00:00,  1.16it/s]

Predicted melting temperature: [78.54622650146484]
  seed_125 arm=t1_cond pH=7.4 target=+8.0    Tm=77.01  replicas=[77.4, 75.1, 78.5]
100%|██████████| 1/1 [00:00<00:00,  1.16it/s]100%|██████████| 1/1 [00:00<00:00,  1.16it/s]
100%|██████████| 1/1 [00:00<00:00,  1.16it/s]


Predicted melting temperature: [76.25019073486328]
  seed_124 arm=t2_ph pH=7.4 target=均值占位 ch   Tm=73.90  replicas=[72.7, 72.7, 76.3]

100%|██████████| 1/1 [00:00<00:00,  1.16it/s]Predicted melting temperature: [79.4171371459961]
  seed_120 arm=t2_ph pH=7.4 target=均值占位 ch   Tm=75.47  replicas=[73.0, 74.0, 79.4]

100%|██████████| 1/1 [00:00<00:00,  1.16it/s]Predicted melting temperature: [64.707763671875]
  seed_124 arm=t2_pos_extreme pH=7.4 targe   Tm=69.30  replicas=[70.3, 72.9, 64.7]
100%|██████████| 1/1 [00:00<00:00,  1.16it/s]
100%|██████████| 1/1 [00:00<00:00,  1.16it/s]Predicted melting temperature: [73.80303192138672]
  seed_124 arm=t2_neg pH=7.4 target=+4.0 c   Tm=70.31  replicas=[65.3, 71.8, 73.8]


Predicted melting temperature: [81.55925750732422]
  seed_125 arm=t1_base pH=7.4 target=+8.0    Tm=81.44  replicas=[82.5, 80.3, 81.6]
Predicted melting temperature: [56.00126647949219]
  seed_125 arm=t1_cond pH=7.4 target=+9.0    Tm=59.14  replicas=[52.9, 68.5, 56.0]
100%|██████████| 1/1 [00:00<00:00,  1.16it/s]Predicted melting temperature: [65.78327178955078]
  seed_122 arm=t1_base pH=7.4 target=+8.0    Tm=72.29  replicas=[73.9, 77.2, 65.8]
100%|██████████| 1/1 [00:00<00:00,  1.16it/s]100%|██████████| 1/1 [00:00<00:00,  1.16it/s]

Predicted melting temperature: [67.22065734863281]
  seed_126 arm=t2_pos pH=7.4 target=+11.0    Tm=71.33  replicas=[73.3, 73.4, 67.2]

100%|██████████| 1/1 [00:00<00:00,  1.16it/s]
Predicted melting temperature: [63.697322845458984]
  seed_123 arm=t2_pos pH=7.4 target=+3.0 c   Tm=68.31  replicas=[68.4, 72.8, 63.7]
Predicted melting temperature: [61.104881286621094]
  seed_121 arm=t2_ph pH=7.4 target=均值占位 ch   Tm=70.92  replicas=[73.7, 77.9, 61.1]
  0%|          | 0/1 [00:00<?, ?it/s]Predicted melting temperature: [75.58259582519531]
  0%|          | 0/1 [00:00<?, ?it/s]Predicted melting temperature: [72.75515747070312]
  0%|          | 0/1 [00:00<?, ?it/s]Predicted melting temperature: [60.738136291503906]
Predicted melting temperature: [76.56031036376953]
Predicted melting temperature: [73.66429138183594]
Predicted melting temperature: [52.5517692565918]
Predicted melting temperature: [58.47844696044922]
  0%|          | 0/1 [00:00<?, ?it/s]  0%|          | 0/1 [00:00<?, ?it/s]  0%|          | 0/1 [00:00<?, ?it/s]Predicted melting temperature: [76.02629089355469]
  0%|          | 0/1 [00:00<?, ?it/s]  0%|          | 0/1 [00:00<?, ?it/s]  0%|          | 0/1 [00:00<?, ?it/s]  0%|          | 0/1 [00:00<?, ?it/s]  0%|          | 0/1 [00:00<?, ?it/s]Predicted melting temperature: [66.24179077148438]
  0%|          | 0/1 [00:00<?, ?it/s]  0%|          | 0/1 [00:00<?, ?it/s]  0%|          | 0/1 [00:00<?, ?it/s]  0%|          | 0/1 [00:00<?, ?it/s]  0%|          | 0/1 [00:00<?, ?it/s]Predicted melting temperature: [69.35638427734375]
  0%|          | 0/1 [00:00<?, ?it/s]  0%|          | 0/1 [00:00<?, ?it/s]  0%|          | 0/1 [00:00<?, ?it/s]  0%|          | 0/1 [00:00<?, ?it/s]  0%|          | 0/1 [00:00<?, ?it/s]Predicted melting temperature: [66.18074798583984]
Predicted melting temperature: [77.0466537475586]
Predicted melting temperature: [77.31637573242188]
Predicted melting temperature: [52.56983947753906]
  0%|          | 0/1 [00:00<?, ?it/s]Predicted melting temperature: [57.029571533203125]
  0%|          | 0/1 [00:00<?, ?it/s]Predicted melting temperature: [62.65434265136719]
  0%|          | 0/1 [00:00<?, ?it/s]  0%|          | 0/1 [00:00<?, ?it/s]  0%|          | 0/1 [00:00<?, ?it/s]  0%|          | 0/1 [00:00<?, ?it/s]  0%|          | 0/1 [00:00<?, ?it/s]  0%|          | 0/1 [00:00<?, ?it/s]  0%|          | 0/1 [00:00<?, ?it/s]100%|██████████| 1/1 [00:00<00:00,  3.03it/s]100%|██████████| 1/1 [00:00<00:00,  2.82it/s]100%|██████████| 1/1 [00:00<00:00,  2.33it/s]100%|██████████| 1/1 [00:00<00:00,  2.27it/s]100%|██████████| 1/1 [00:00<00:00,  2.24it/s]100%|██████████| 1/1 [00:00<00:00,  2.23it/s]100%|██████████| 1/1 [00:00<00:00,  2.21it/s]100%|██████████| 1/1 [00:00<00:00,  2.18it/s]100%|██████████| 1/1 [00:00<00:00,  2.10it/s]100%|██████████| 1/1 [00:00<00:00,  2.06it/s]100%|██████████| 1/1 [00:00<00:00,  2.06it/s]100%|██████████| 1/1 [00:00<00:00,  2.04it/s]100%|██████████| 1/1 [00:00<00:00,  2.03it/s]100%|██████████| 1/1 [00:00<00:00,  2.03it/s]100%|██████████| 1/1 [00:00<00:00,  2.03it/s]100%|██████████| 1/1 [00:00<00:00,  1.98it/s]100%|██████████| 1/1 [00:00<00:00,  1.97it/s]100%|██████████| 1/1 [00:00<00:00,  1.96it/s]100%|██████████| 1/1 [00:00<00:00,  1.94it/s]100%|██████████| 1/1 [00:00<00:00,  1.88it/s]100%|██████████| 1/1 [00:00<00:00,  1.85it/s]100%|██████████| 1/1 [00:00<00:00,  1.82it/s]100%|██████████| 1/1 [00:00<00:00,  1.79it/s]100%|██████████| 1/1 [00:00<00:00,  1.71it/s]100%|██████████| 1/1 [00:00<00:00,  1.70it/s]100%|██████████| 1/1 [00:00<00:00,  1.55it/s]100%|██████████| 1/1 [00:00<00:00,  1.48it/s]100%|██████████| 1/1 [00:00<00:00,  1.44it/s]100%|██████████| 1/1 [00:00<00:00,  1.43it/s]100%|██████████| 1/1 [00:00<00:00,  1.29it/s]100%|██████████| 1/1 [00:00<00:00,  1.22it/s]100%|██████████| 1/1 [00:00<00:00,  1.22it/s]
100%|██████████| 1/1 [00:00<00:00,  1.22it/s]
100%|██████████| 1/1 [00:00<00:00,  1.22it/s]
100%|██████████| 1/1 [00:00<00:00,  1.22it/s]
100%|██████████| 1/1 [00:00<00:00,  1.22it/s]
100%|██████████| 1/1 [00:00<00:00,  1.22it/s]100%|██████████| 1/1 [00:00<00:00,  1.20it/s]
100%|██████████| 1/1 [00:00<00:00,  1.20it/s]
100%|██████████| 1/1 [00:00<00:00,  1.20it/s]100%|██████████| 1/1 [00:00<00:00,  1.20it/s]
100%|██████████| 1/1 [00:00<00:00,  1.19it/s]

100%|██████████| 1/1 [00:00<00:00,  1.19it/s]100%|██████████| 1/1 [00:00<00:00,  1.19it/s]

100%|██████████| 1/1 [00:00<00:00,  1.19it/s]100%|██████████| 1/1 [00:00<00:00,  1.18it/s]100%|██████████| 1/1 [00:00<00:00,  1.18it/s]
100%|██████████| 1/1 [00:00<00:00,  1.18it/s]
100%|██████████| 1/1 [00:00<00:00,  1.18it/s]
100%|██████████| 1/1 [00:00<00:00,  1.17it/s]100%|██████████| 1/1 [00:00<00:00,  1.17it/s]100%|██████████| 1/1 [00:00<00:00,  1.17it/s]

100%|██████████| 1/1 [00:00<00:00,  1.17it/s]
100%|██████████| 1/1 [00:00<00:00,  1.16it/s]100%|██████████| 1/1 [00:00<00:00,  1.16it/s]
100%|██████████| 1/1 [00:00<00:00,  1.16it/s]
100%|██████████| 1/1 [00:00<00:00,  1.16it/s]
100%|██████████| 1/1 [00:00<00:00,  1.15it/s]
100%|██████████| 1/1 [00:00<00:00,  1.15it/s]
100%|██████████| 1/1 [00:00<00:00,  1.15it/s]

Predicted melting temperature: [66.4315185546875]
  seed_127 arm=t2_neg pH=7.4 target=-5.0 c   Tm=74.84  replicas=[80.8, 77.3, 66.4]

Predicted melting temperature: [76.33202362060547]
  seed_125 arm=t2_pos_extreme pH=7.4 targe   Tm=70.68  replicas=[63.0, 72.8, 76.3]

Predicted melting temperature: [76.14545440673828]
  seed_123 arm=t2_pos_extreme pH=7.4 targe   Tm=76.31  replicas=[77.2, 75.6, 76.1]
Predicted melting temperature: [61.05100631713867]
Predicted melting temperature: [74.6927719116211]

Predicted melting temperature: [68.33367156982422]
  seed_127 arm=t1_base pH=7.4 target=+0.0    Tm=73.98  replicas=[77.0, 76.6, 68.3]
Predicted melting temperature: [58.699867248535156]
Predicted melting temperature: [53.03807067871094]
Predicted melting temperature: [69.85970306396484]
Predicted melting temperature: [68.21142578125]

Predicted melting temperature: [76.56031036376953]
Predicted melting temperature: [67.38026428222656]
Predicted melting temperature: [56.43669509887695]

Predicted melting temperature: [64.79890441894531]
  seed_123 arm=t1_cond pH=7.4 target=+8.0    Tm=70.67  replicas=[71.2, 76.0, 64.8]
Predicted melting temperature: [54.584991455078125]
Predicted melting temperature: [77.73028564453125]
Predicted melting temperature: [67.85914611816406]
Predicted melting temperature: [73.80763244628906]
Predicted melting temperature: [57.0297966003418]
  seed_128 arm=t1_base pH=7.4 target=-1.0    Tm=58.54  replicas=[52.4, 66.2, 57.0]
  0%|          | 0/1 [00:00<?, ?it/s]  0%|          | 0/1 [00:00<?, ?it/s]  0%|          | 0/1 [00:00<?, ?it/s]Predicted melting temperature: [67.48040008544922]
Predicted melting temperature: [53.12814712524414]
  0%|          | 0/1 [00:00<?, ?it/s]Predicted melting temperature: [67.69235229492188]
Predicted melting temperature: [66.32744598388672]
Predicted melting temperature: [76.55838775634766]
  0%|          | 0/1 [00:00<?, ?it/s]  0%|          | 0/1 [00:00<?, ?it/s]  0%|          | 0/1 [00:00<?, ?it/s]  0%|          | 0/1 [00:00<?, ?it/s]  0%|          | 0/1 [00:00<?, ?it/s]  0%|          | 0/1 [00:00<?, ?it/s]Predicted melting temperature: [51.7622184753418]
  0%|          | 0/1 [00:00<?, ?it/s]  0%|          | 0/1 [00:00<?, ?it/s]  0%|          | 0/1 [00:00<?, ?it/s]  0%|          | 0/1 [00:00<?, ?it/s]  0%|          | 0/1 [00:00<?, ?it/s]Predicted melting temperature: [77.1680679321289]
  0%|          | 0/1 [00:00<?, ?it/s]  0%|          | 0/1 [00:00<?, ?it/s]  0%|          | 0/1 [00:00<?, ?it/s]  0%|          | 0/1 [00:00<?, ?it/s]  0%|          | 0/1 [00:00<?, ?it/s]Predicted melting temperature: [69.60233306884766]
  0%|          | 0/1 [00:00<?, ?it/s]Predicted melting temperature: [54.51195526123047]
  0%|          | 0/1 [00:00<?, ?it/s]  0%|          | 0/1 [00:00<?, ?it/s]  0%|          | 0/1 [00:00<?, ?it/s]  0%|          | 0/1 [00:00<?, ?it/s]  0%|          | 0/1 [00:00<?, ?it/s]Predicted melting temperature: [72.87498474121094]
Predicted melting temperature: [75.11223602294922]
  0%|          | 0/1 [00:00<?, ?it/s]  0%|          | 0/1 [00:00<?, ?it/s]  0%|          | 0/1 [00:00<?, ?it/s]  0%|          | 0/1 [00:00<?, ?it/s]100%|██████████| 1/1 [00:00<00:00,  2.72it/s]100%|██████████| 1/1 [00:00<00:00,  2.72it/s]100%|██████████| 1/1 [00:00<00:00,  2.51it/s]
100%|██████████| 1/1 [00:00<00:00,  2.42it/s]Predicted melting temperature: [60.73110580444336]
  seed_126 arm=t2_pos_extreme pH=7.4 targe   Tm=57.91  replicas=[58.5, 54.5, 60.7]
100%|██████████| 1/1 [00:00<00:00,  2.41it/s]
Predicted melting temperature: [56.460105895996094]
  seed_126 arm=t2_pos pH=7.4 target=+2.0 c   Tm=56.69  replicas=[52.6, 61.1, 56.5]
100%|██████████| 1/1 [00:00<00:00,  2.46it/s]
  0%|          | 0/1 [00:00<?, ?it/s]  0%|          | 0/1 [00:00<?, ?it/s]100%|██████████| 1/1 [00:00<00:00,  2.36it/s]100%|██████████| 1/1 [00:00<00:00,  2.53it/s]100%|██████████| 1/1 [00:00<00:00,  2.53it/s]Predicted melting temperature: [69.44132995605469]

100%|██████████| 1/1 [00:00<00:00,  2.33it/s]
  0%|          | 0/1 [00:00<?, ?it/s]100%|██████████| 1/1 [00:00<00:00,  2.22it/s]100%|██████████| 1/1 [00:00<00:00,  2.20it/s]
100%|██████████| 1/1 [00:00<00:00,  2.21it/s]100%|██████████| 1/1 [00:00<00:00,  2.20it/s]100%|██████████| 1/1 [00:00<00:00,  2.20it/s]
Predicted melting temperature: [65.13277435302734]
Predicted melting temperature: [57.25725555419922]
100%|██████████| 1/1 [00:00<00:00,  2.19it/s]100%|██████████| 1/1 [00:00<00:00,  2.17it/s]Predicted melting temperature: [68.31208801269531]
  0%|          | 0/1 [00:00<?, ?it/s]  0%|          | 0/1 [00:00<?, ?it/s]  0%|          | 0/1 [00:00<?, ?it/s]100%|██████████| 1/1 [00:00<00:00,  2.17it/s]100%|██████████| 1/1 [00:00<00:00,  2.17it/s]
100%|██████████| 1/1 [00:00<00:00,  2.17it/s]

Predicted melting temperature: [54.237274169921875]
  seed_128 arm=t2_ph pH=7.4 target=均值占位 ch   Tm=58.22  replicas=[52.6, 67.9, 54.2]
Predicted melting temperature: [68.26152801513672]
100%|██████████| 1/1 [00:00<00:00,  2.32it/s]100%|██████████| 1/1 [00:00<00:00,  2.11it/s]100%|██████████| 1/1 [00:00<00:00,  2.30it/s]100%|██████████| 1/1 [00:00<00:00,  2.10it/s]  0%|          | 0/1 [00:00<?, ?it/s]
100%|██████████| 1/1 [00:00<00:00,  2.10it/s]
100%|██████████| 1/1 [00:00<00:00,  2.10it/s]Predicted melting temperature: [60.74348449707031]

  0%|          | 0/1 [00:00<?, ?it/s]Predicted melting temperature: [71.68994140625]
100%|██████████| 1/1 [00:00<00:00,  2.07it/s]Predicted melting temperature: [74.01803588867188]
  0%|          | 0/1 [00:00<?, ?it/s]  0%|          | 0/1 [00:00<?, ?it/s]100%|██████████| 1/1 [00:00<00:00,  2.06it/s]
  0%|          | 0/1 [00:00<?, ?it/s]100%|██████████| 1/1 [00:00<00:00,  2.04it/s]100%|██████████| 1/1 [00:00<00:00,  2.03it/s]
Predicted melting temperature: [63.774131774902344]
  seed_126 arm=t2_pos pH=7.4 target=+12.0    Tm=63.55  replicas=[57.0, 69.9, 63.8]
Predicted melting temperature: [72.18049621582031]
Predicted melting temperature: [61.05303192138672]
  0%|          | 0/1 [00:00<?, ?it/s]  0%|          | 0/1 [00:00<?, ?it/s]Predicted melting temperature: [69.46334838867188]
100%|██████████| 1/1 [00:00<00:00,  2.06it/s]100%|██████████| 1/1 [00:00<00:00,  2.00it/s]100%|██████████| 1/1 [00:00<00:00,  2.02it/s]  0%|          | 0/1 [00:00<?, ?it/s]100%|██████████| 1/1 [00:00<00:00,  2.03it/s]
100%|██████████| 1/1 [00:00<00:00,  2.00it/s]
100%|██████████| 1/1 [00:00<00:00,  1.97it/s]  0%|          | 0/1 [00:00<?, ?it/s]
Predicted melting temperature: [57.170433044433594]
  seed_123 arm=t2_neg pH=7.4 target=-6.0 c   Tm=59.51  replicas=[62.7, 58.7, 57.2]
Predicted melting temperature: [76.05311584472656]
100%|██████████| 1/1 [00:00<00:00,  1.92it/s]  0%|          | 0/1 [00:00<?, ?it/s]100%|██████████| 1/1 [00:00<00:00,  1.92it/s]
Predicted melting temperature: [73.61788177490234]
Predicted melting temperature: [75.95923614501953]
  0%|          | 0/1 [00:00<?, ?it/s]  0%|          | 0/1 [00:00<?, ?it/s]  0%|          | 0/1 [00:00<?, ?it/s]100%|██████████| 1/1 [00:00<00:00,  1.86it/s]100%|██████████| 1/1 [00:00<00:00,  1.86it/s]
Predicted melting temperature: [71.20997619628906]
  0%|          | 0/1 [00:00<?, ?it/s]100%|██████████| 1/1 [00:00<00:00,  1.75it/s]100%|██████████| 1/1 [00:00<00:00,  1.74it/s]
Predicted melting temperature: [68.56031799316406]
  seed_125 arm=t1_base pH=7.4 target=+9.0    Tm=67.70  replicas=[60.7, 73.8, 68.6]
100%|██████████| 1/1 [00:00<00:00,  1.73it/s]  0%|          | 0/1 [00:00<?, ?it/s]100%|██████████| 1/1 [00:00<00:00,  1.72it/s]
Predicted melting temperature: [74.43159484863281]
  0%|          | 0/1 [00:00<?, ?it/s]100%|██████████| 1/1 [00:00<00:00,  1.59it/s]100%|██████████| 1/1 [00:00<00:00,  1.59it/s]100%|██████████| 1/1 [00:00<00:00,  1.48it/s]
Predicted melting temperature: [61.67826461791992]
  seed_123 arm=t2_pos_extreme pH=7.4 targe   Tm=67.97  replicas=[69.4, 72.9, 61.7]
100%|██████████| 1/1 [00:00<00:00,  1.47it/s]
  0%|          | 0/1 [00:00<?, ?it/s]Predicted melting temperature: [73.78092193603516]
  0%|          | 0/1 [00:00<?, ?it/s]100%|██████████| 1/1 [00:00<00:00,  3.31it/s]100%|██████████| 1/1 [00:00<00:00,  3.31it/s]
100%|██████████| 1/1 [00:00<00:00,  1.36it/s]100%|██████████| 1/1 [00:00<00:00,  1.37it/s]100%|██████████| 1/1 [00:00<00:00,  1.35it/s]100%|██████████| 1/1 [00:00<00:00,  1.36it/s]
100%|██████████| 1/1 [00:00<00:00,  3.10it/s]
Predicted melting temperature: [80.74278259277344]
Predicted melting temperature: [68.33367156982422]
  seed_127 arm=t2_ph pH=7.4 target=均值占位 ch   Tm=73.98  replicas=[77.0, 76.6, 68.3]
  0%|          | 0/1 [00:00<?, ?it/s]100%|██████████| 1/1 [00:00<00:00,  3.04it/s]
Predicted melting temperature: [57.48501968383789]
100%|██████████| 1/1 [00:00<00:00,  1.29it/s]100%|██████████| 1/1 [00:00<00:00,  1.29it/s]  0%|          | 0/1 [00:00<?, ?it/s]
Predicted melting temperature: [51.864009857177734]
  0%|          | 0/1 [00:00<?, ?it/s]100%|██████████| 1/1 [00:00<00:00,  3.23it/s]Predicted melting temperature: [58.04059600830078]
  seed_123 arm=t2_neg pH=7.4 target=+3.0 c   Tm=66.95  replicas=[66.2, 76.6, 58.0]
  0%|          | 0/1 [00:00<?, ?it/s]100%|██████████| 1/1 [00:00<00:00,  1.29it/s]100%|██████████| 1/1 [00:00<00:00,  2.99it/s]100%|██████████| 1/1 [00:00<00:00,  2.85it/s]100%|██████████| 1/1 [00:00<00:00,  3.13it/s]100%|██████████| 1/1 [00:00<00:00,  1.24it/s]100%|██████████| 1/1 [00:00<00:00,  1.20it/s]100%|██████████| 1/1 [00:00<00:00,  3.11it/s]100%|██████████| 1/1 [00:00<00:00,  2.74it/s]100%|██████████| 1/1 [00:00<00:00,  2.60it/s]100%|██████████| 1/1 [00:00<00:00,  2.65it/s]100%|██████████| 1/1 [00:00<00:00,  2.91it/s]100%|██████████| 1/1 [00:00<00:00,  2.50it/s]100%|██████████| 1/1 [00:00<00:00,  3.15it/s]100%|██████████| 1/1 [00:00<00:00,  2.50it/s]100%|██████████| 1/1 [00:00<00:00,  2.36it/s]100%|██████████| 1/1 [00:00<00:00,  2.23it/s]100%|██████████| 1/1 [00:00<00:00,  2.91it/s]100%|██████████| 1/1 [00:00<00:00,  2.24it/s]100%|██████████| 1/1 [00:00<00:00,  2.32it/s]100%|██████████| 1/1 [00:00<00:00,  2.10it/s]100%|██████████| 1/1 [00:00<00:00,  1.08it/s]100%|██████████| 1/1 [00:00<00:00,  2.10it/s]100%|██████████| 1/1 [00:00<00:00,  2.19it/s]

100%|██████████| 1/1 [00:00<00:00,  1.06it/s]
100%|██████████| 1/1 [00:00<00:00,  1.99it/s]  0%|          | 0/1 [00:00<?, ?it/s]
100%|██████████| 1/1 [00:00<00:00,  2.12it/s]100%|██████████| 1/1 [00:00<00:00,  2.30it/s]
100%|██████████| 1/1 [00:00<00:00,  1.04it/s]100%|██████████| 1/1 [00:00<00:00,  2.01it/s]
100%|██████████| 1/1 [00:00<00:00,  2.05it/s]100%|██████████| 1/1 [00:00<00:00,  2.22it/s]

100%|██████████| 1/1 [00:00<00:00,  2.08it/s]100%|██████████| 1/1 [00:00<00:00,  2.57it/s]
100%|██████████| 1/1 [00:00<00:00,  2.14it/s]

100%|██████████| 1/1 [00:00<00:00,  2.41it/s]100%|██████████| 1/1 [00:00<00:00,  2.01it/s]100%|██████████| 1/1 [00:00<00:00,  2.47it/s]
100%|██████████| 1/1 [00:00<00:00,  1.93it/s]100%|██████████| 1/1 [00:00<00:00,  2.16it/s]
100%|██████████| 1/1 [00:00<00:00,  1.95it/s]100%|██████████| 1/1 [00:00<00:00,  2.05it/s]

100%|██████████| 1/1 [00:00<00:00,  2.16it/s]
Predicted melting temperature: [65.659912109375]
  seed_128 arm=t1_cond pH=7.4 target=+0.0    Tm=68.68  replicas=[68.2, 72.2, 65.7]
Predicted melting temperature: [60.58411407470703]
  seed_126 arm=t1_cond pH=7.4 target=-1.0    Tm=58.09  replicas=[56.4, 57.3, 60.6]
Predicted melting temperature: [64.98916625976562]
  seed_122 arm=t2_pos pH=7.4 target=+11.0    Tm=71.94  replicas=[73.7, 77.2, 65.0]

Predicted melting temperature: [73.41255187988281]
  seed_126 arm=t1_base pH=7.4 target=+8.0    Tm=74.18  replicas=[75.1, 74.0, 73.4]
Predicted melting temperature: [64.08613586425781]
  seed_125 arm=t2_pos_extreme pH=7.4 targe   Tm=66.97  replicas=[67.4, 69.4, 64.1]

Predicted melting temperature: [62.59787368774414]
  seed_124 arm=t2_pos pH=7.4 target=+3.0 c   Tm=65.73  replicas=[66.3, 68.3, 62.6]
Predicted melting temperature: [69.94371795654297]
  seed_127 arm=t2_pos pH=7.4 target=+11.0    Tm=61.37  replicas=[53.1, 61.1, 69.9]
Predicted melting temperature: [70.96392059326172]
  seed_121 arm=t2_ph pH=7.4 target=均值占位 ch   Tm=70.96  replicas=[67.5, 74.4, 71.0]


100%|██████████| 1/1 [00:00<00:00,  2.07it/s]Predicted melting temperature: [80.50003051757812]
Predicted melting temperature: [64.84776306152344]
Predicted melting temperature: [74.47633361816406]
Predicted melting temperature: [73.45817565917969]
Predicted melting temperature: [53.56531524658203]
  seed_126 arm=t1_cond pH=7.4 target=+9.0    Tm=59.20  replicas=[54.6, 69.5, 53.6]
100%|██████████| 1/1 [00:00<00:00,  1.83it/s]100%|██████████| 1/1 [00:00<00:00,  1.85it/s]Predicted melting temperature: [72.89740753173828]
  seed_123 arm=t2_neg pH=7.4 target=+3.0 c   Tm=74.52  replicas=[74.7, 76.0, 72.9]

Predicted melting temperature: [73.34990692138672]
Predicted melting temperature: [59.618896484375]
  seed_125 arm=t2_neg pH=7.4 target=+4.0 c   Tm=60.32  replicas=[53.0, 68.3, 59.6]

  0%|          | 0/1 [00:00<?, ?it/s]Predicted melting temperature: [65.34162902832031]
  0%|          | 0/1 [00:00<?, ?it/s]Predicted melting temperature: [71.05180358886719]
  0%|          | 0/1 [00:00<?, ?it/s]
  0%|          | 0/1 [00:00<?, ?it/s]Predicted melting temperature: [55.92382049560547]
  seed_125 arm=t2_ph pH=7.4 target=均值占位 ch   Tm=59.63  replicas=[51.8, 71.2, 55.9]
  0%|          | 0/1 [00:00<?, ?it/s]  0%|          | 0/1 [00:00<?, ?it/s]  0%|          | 0/1 [00:00<?, ?it/s]  0%|          | 0/1 [00:00<?, ?it/s]  0%|          | 0/1 [00:00<?, ?it/s]  0%|          | 0/1 [00:00<?, ?it/s]  0%|          | 0/1 [00:00<?, ?it/s]  0%|          | 0/1 [00:00<?, ?it/s]  0%|          | 0/1 [00:00<?, ?it/s]Predicted melting temperature: [57.5534782409668]
Predicted melting temperature: [61.704132080078125]
  0%|          | 0/1 [00:00<?, ?it/s]  0%|          | 0/1 [00:00<?, ?it/s]  0%|          | 0/1 [00:00<?, ?it/s]  0%|          | 0/1 [00:00<?, ?it/s]  0%|          | 0/1 [00:00<?, ?it/s]  0%|          | 0/1 [00:00<?, ?it/s]  0%|          | 0/1 [00:00<?, ?it/s]Predicted melting temperature: [56.809852600097656]
  0%|          | 0/1 [00:00<?, ?it/s]  0%|          | 0/1 [00:00<?, ?it/s]Predicted melting temperature: [72.81209564208984]
  0%|          | 0/1 [00:00<?, ?it/s]100%|██████████| 1/1 [00:00<00:00,  2.45it/s]100%|██████████| 1/1 [00:00<00:00,  2.45it/s]
100%|██████████| 1/1 [00:00<00:00,  2.11it/s]Predicted melting temperature: [62.527896881103516]
  0%|          | 0/1 [00:00<?, ?it/s]100%|██████████| 1/1 [00:00<00:00,  2.10it/s]
Predicted melting temperature: [63.12187194824219]
  seed_123 arm=t1_base pH=7.4 target=+8.0    Tm=68.20  replicas=[67.7, 73.8, 63.1]
  0%|          | 0/1 [00:00<?, ?it/s]100%|██████████| 1/1 [00:00<00:00,  2.07it/s]100%|██████████| 1/1 [00:00<00:00,  2.06it/s]
100%|██████████| 1/1 [00:00<00:00,  2.95it/s]100%|██████████| 1/1 [00:00<00:00,  2.95it/s]Predicted melting temperature: [72.2412109375]

  0%|          | 0/1 [00:00<?, ?it/s]100%|██████████| 1/1 [00:00<00:00,  1.93it/s]Predicted melting temperature: [63.249107360839844]
  0%|          | 0/1 [00:00<?, ?it/s]100%|██████████| 1/1 [00:00<00:00,  1.90it/s]
100%|██████████| 1/1 [00:00<00:00,  1.60it/s]100%|██████████| 1/1 [00:00<00:00,  1.58it/s]Predicted melting temperature: [68.92196655273438]

  0%|          | 0/1 [00:00<?, ?it/s]Predicted melting temperature: [71.50910949707031]
100%|██████████| 1/1 [00:00<00:00,  3.47it/s]100%|██████████| 1/1 [00:00<00:00,  2.99it/s]100%|██████████| 1/1 [00:00<00:00,  2.68it/s]100%|██████████| 1/1 [00:00<00:00,  2.62it/s]100%|██████████| 1/1 [00:00<00:00,  2.55it/s]100%|██████████| 1/1 [00:00<00:00,  2.48it/s]100%|██████████| 1/1 [00:00<00:00,  2.41it/s]100%|██████████| 1/1 [00:00<00:00,  2.41it/s]100%|██████████| 1/1 [00:00<00:00,  2.40it/s]100%|██████████| 1/1 [00:00<00:00,  2.40it/s]  0%|          | 0/1 [00:00<?, ?it/s]100%|██████████| 1/1 [00:00<00:00,  2.37it/s]100%|██████████| 1/1 [00:00<00:00,  2.42it/s]
100%|██████████| 1/1 [00:00<00:00,  2.33it/s]
100%|██████████| 1/1 [00:00<00:00,  2.42it/s]100%|██████████| 1/1 [00:00<00:00,  2.37it/s]100%|██████████| 1/1 [00:00<00:00,  2.32it/s]
100%|██████████| 1/1 [00:00<00:00,  2.33it/s]100%|██████████| 1/1 [00:00<00:00,  2.35it/s]



100%|██████████| 1/1 [00:00<00:00,  2.29it/s]100%|██████████| 1/1 [00:00<00:00,  2.33it/s]100%|██████████| 1/1 [00:00<00:00,  2.33it/s]100%|██████████| 1/1 [00:00<00:00,  2.29it/s]


100%|██████████| 1/1 [00:00<00:00,  2.29it/s]Predicted melting temperature: [66.08592987060547]
  seed_128 arm=t1_base pH=7.4 target=+0.0    Tm=72.21  replicas=[76.1, 74.5, 66.1]

Predicted melting temperature: [65.516357421875]
  seed_128 arm=t2_neg pH=7.4 target=-5.0 c   Tm=70.22  replicas=[71.7, 73.5, 65.5]
Predicted melting temperature: [51.43671417236328]
Predicted melting temperature: [62.345584869384766]
  0%|          | 0/1 [00:00<?, ?it/s]  0%|          | 0/1 [00:00<?, ?it/s]Predicted melting temperature: [67.50341033935547]
  0%|          | 0/1 [00:00<?, ?it/s]Predicted melting temperature: [61.315162658691406]
  seed_129 arm=t1_base pH=7.4 target=-1.0    Tm=63.93  replicas=[65.1, 65.3, 61.3]
100%|██████████| 1/1 [00:00<00:00,  2.29it/s]100%|██████████| 1/1 [00:00<00:00,  2.37it/s]
Predicted melting temperature: [75.14498138427734]
100%|██████████| 1/1 [00:00<00:00,  2.26it/s]Predicted melting temperature: [71.51528930664062]
100%|██████████| 1/1 [00:00<00:00,  2.56it/s]  0%|          | 0/1 [00:00<?, ?it/s]Predicted melting temperature: [65.77455139160156]
Predicted melting temperature: [53.14136505126953]
100%|██████████| 1/1 [00:00<00:00,  2.20it/s]Predicted melting temperature: [65.13243103027344]
  0%|          | 0/1 [00:00<?, ?it/s]  0%|          | 0/1 [00:00<?, ?it/s]100%|██████████| 1/1 [00:00<00:00,  2.26it/s]  0%|          | 0/1 [00:00<?, ?it/s]100%|██████████| 1/1 [00:00<00:00,  2.18it/s]100%|██████████| 1/1 [00:00<00:00,  1.77it/s]
  0%|          | 0/1 [00:00<?, ?it/s]  0%|          | 0/1 [00:00<?, ?it/s]100%|██████████| 1/1 [00:00<00:00,  2.15it/s]100%|██████████| 1/1 [00:00<00:00,  2.46it/s]
Predicted melting temperature: [76.87726593017578]

  0%|          | 0/1 [00:00<?, ?it/s]
  0%|          | 0/1 [00:00<?, ?it/s]Predicted melting temperature: [63.0975456237793]
  seed_127 arm=t2_pos pH=7.4 target=+2.0 c   Tm=68.79  replicas=[80.7, 62.5, 63.1]
  0%|          | 0/1 [00:00<?, ?it/s]100%|██████████| 1/1 [00:00<00:00,  1.71it/s]
100%|██████████| 1/1 [00:00<00:00,  2.05it/s]Predicted melting temperature: [55.88054656982422]
Predicted melting temperature: [64.56940460205078]
100%|██████████| 1/1 [00:00<00:00,  2.04it/s]
  0%|          | 0/1 [00:00<?, ?it/s]  0%|          | 0/1 [00:00<?, ?it/s]  0%|          | 0/1 [00:00<?, ?it/s]Predicted melting temperature: [75.64762115478516]
Predicted melting temperature: [70.76719665527344]
100%|██████████| 1/1 [00:00<00:00,  2.08it/s]  0%|          | 0/1 [00:00<?, ?it/s]100%|██████████| 1/1 [00:00<00:00,  2.07it/s]  0%|          | 0/1 [00:00<?, ?it/s]
Predicted melting temperature: [65.75691223144531]
  0%|          | 0/1 [00:00<?, ?it/s]Predicted melting temperature: [52.97834396362305]
100%|██████████| 1/1 [00:00<00:00,  1.90it/s]100%|██████████| 1/1 [00:00<00:00,  1.91it/s]100%|██████████| 1/1 [00:00<00:00,  1.91it/s]  0%|          | 0/1 [00:00<?, ?it/s]
100%|██████████| 1/1 [00:00<00:00,  1.88it/s]100%|██████████| 1/1 [00:00<00:00,  2.71it/s]
Predicted melting temperature: [71.75425720214844]
  seed_126 arm=t2_pos_extreme pH=7.4 targe   Tm=67.85  replicas=[60.7, 71.1, 71.8]
Predicted melting temperature: [66.53722381591797]
  seed_126 arm=t1_cond pH=7.4 target=+8.0    Tm=69.83  replicas=[69.6, 73.3, 66.5]
100%|██████████| 1/1 [00:00<00:00,  2.70it/s]
  0%|          | 0/1 [00:00<?, ?it/s]  0%|          | 0/1 [00:00<?, ?it/s]Predicted melting temperature: [72.92305755615234]
  0%|          | 0/1 [00:00<?, ?it/s]100%|██████████| 1/1 [00:00<00:00,  1.77it/s]100%|██████████| 1/1 [00:00<00:00,  1.94it/s]100%|██████████| 1/1 [00:00<00:00,  1.43it/s]100%|██████████| 1/1 [00:00<00:00,  1.49it/s]100%|██████████| 1/1 [00:00<00:00,  1.36it/s]100%|██████████| 1/1 [00:00<00:00,  3.08it/s]100%|██████████| 1/1 [00:00<00:00,  2.75it/s]100%|██████████| 1/1 [00:00<00:00,  2.90it/s]100%|██████████| 1/1 [00:00<00:00,  2.92it/s]100%|██████████| 1/1 [00:00<00:00,  1.52it/s]100%|██████████| 1/1 [00:00<00:00,  2.89it/s]100%|██████████| 1/1 [00:00<00:00,  2.88it/s]100%|██████████| 1/1 [00:00<00:00,  2.40it/s]100%|██████████| 1/1 [00:00<00:00,  2.36it/s]100%|██████████| 1/1 [00:00<00:00,  2.72it/s]100%|██████████| 1/1 [00:00<00:00,  2.53it/s]100%|██████████| 1/1 [00:00<00:00,  2.43it/s]100%|██████████| 1/1 [00:00<00:00,  2.27it/s]100%|██████████| 1/1 [00:00<00:00,  2.32it/s]100%|██████████| 1/1 [00:00<00:00,  1.93it/s]100%|██████████| 1/1 [00:00<00:00,  2.60it/s]100%|██████████| 1/1 [00:00<00:00,  2.38it/s]100%|██████████| 1/1 [00:00<00:00,  1.96it/s]100%|██████████| 1/1 [00:00<00:00,  2.06it/s]100%|██████████| 1/1 [00:00<00:00,  2.08it/s]100%|██████████| 1/1 [00:00<00:00,  2.00it/s]100%|██████████| 1/1 [00:00<00:00,  1.84it/s]100%|██████████| 1/1 [00:00<00:00,  1.72it/s]100%|██████████| 1/1 [00:00<00:00,  1.29it/s]100%|██████████| 1/1 [00:02<00:00,  2.87s/it]100%|██████████| 1/1 [00:02<00:00,  2.80s/it]
100%|██████████| 1/1 [00:02<00:00,  2.89s/it]
100%|██████████| 1/1 [00:02<00:00,  2.85s/it]
100%|██████████| 1/1 [00:02<00:00,  2.89s/it]
100%|██████████| 1/1 [00:02<00:00,  2.42s/it]
100%|██████████| 1/1 [00:02<00:00,  2.44s/it]100%|██████████| 1/1 [00:02<00:00,  2.41s/it]100%|██████████| 1/1 [00:02<00:00,  2.41s/it]

100%|██████████| 1/1 [00:02<00:00,  2.71s/it]
100%|██████████| 1/1 [00:02<00:00,  2.39s/it]
100%|██████████| 1/1 [00:02<00:00,  2.40s/it]100%|██████████| 1/1 [00:02<00:00,  2.40s/it]
100%|██████████| 1/1 [00:02<00:00,  2.46s/it]
100%|██████████| 1/1 [00:02<00:00,  2.46s/it]
100%|██████████| 1/1 [00:02<00:00,  2.44s/it]
100%|██████████| 1/1 [00:02<00:00,  2.41s/it]100%|██████████| 1/1 [00:02<00:00,  2.49s/it]
100%|██████████| 1/1 [00:02<00:00,  2.42s/it]
100%|██████████| 1/1 [00:02<00:00,  2.43s/it]
100%|██████████| 1/1 [00:02<00:00,  2.40s/it]100%|██████████| 1/1 [00:02<00:00,  2.36s/it]100%|██████████| 1/1 [00:02<00:00,  2.38s/it]

100%|██████████| 1/1 [00:02<00:00,  2.36s/it]100%|██████████| 1/1 [00:02<00:00,  2.45s/it]100%|██████████| 1/1 [00:02<00:00,  2.44s/it]100%|██████████| 1/1 [00:02<00:00,  2.40s/it]

100%|██████████| 1/1 [00:02<00:00,  2.44s/it]100%|██████████| 1/1 [00:02<00:00,  2.50s/it]
Predicted melting temperature: [75.10601043701172]
  seed_124 arm=t2_pos_extreme pH=7.4 targe   Tm=73.85  replicas=[73.6, 72.8, 75.1]

Predicted melting temperature: [64.7751693725586]
  seed_122 arm=t2_ph pH=7.4 target=均值占位 ch   Tm=74.34  replicas=[77.7, 80.5, 64.8]

Predicted melting temperature: [67.62178039550781]
  seed_126 arm=t1_base pH=7.4 target=+9.0    Tm=66.95  replicas=[61.7, 71.5, 67.6]
Predicted melting temperature: [53.897422790527344]
  seed_127 arm=t2_pos_extreme pH=7.4 targe   Tm=56.34  replicas=[51.9, 63.2, 53.9]
Predicted melting temperature: [72.79512023925781]

Predicted melting temperature: [56.37117004394531]
  seed_124 arm=t2_neg pH=7.4 target=-6.0 c   Tm=56.35  replicas=[56.8, 55.9, 56.4]
Predicted melting temperature: [70.74175262451172]
  seed_127 arm=t2_pos pH=7.4 target=+12.0    Tm=66.35  replicas=[57.6, 70.8, 70.7]
Predicted melting temperature: [75.99878692626953]
Predicted melting temperature: [55.25822830200195]
Predicted melting temperature: [67.31265258789062]

Predicted melting temperature: [46.28229904174805]
  seed_124 arm=t1_cond pH=7.4 target=+8.0    Tm=57.56  replicas=[57.5, 68.9, 46.3]
Predicted melting temperature: [61.9122314453125]
  seed_129 arm=t2_ph pH=7.4 target=均值占位 ch   Tm=63.96  replicas=[64.8, 65.1, 61.9]
Predicted melting temperature: [75.57252502441406]
Predicted melting temperature: [71.42691802978516]


Predicted melting temperature: [58.097198486328125]


Predicted melting temperature: [73.23890686035156]
Predicted melting temperature: [62.328834533691406]
Predicted melting temperature: [82.33901977539062]
  0%|          | 0/1 [00:00<?, ?it/s]  0%|          | 0/1 [00:00<?, ?it/s]Predicted melting temperature: [64.58430480957031]
Predicted melting temperature: [72.0772933959961]
  0%|          | 0/1 [00:00<?, ?it/s]Predicted melting temperature: [74.80611419677734]
Predicted melting temperature: [66.29177856445312]
  0%|          | 0/1 [00:00<?, ?it/s]  0%|          | 0/1 [00:00<?, ?it/s]  0%|          | 0/1 [00:00<?, ?it/s]  0%|          | 0/1 [00:00<?, ?it/s]  0%|          | 0/1 [00:00<?, ?it/s]  0%|          | 0/1 [00:00<?, ?it/s]  0%|          | 0/1 [00:00<?, ?it/s]Predicted melting temperature: [52.031375885009766]
  0%|          | 0/1 [00:00<?, ?it/s]  0%|          | 0/1 [00:00<?, ?it/s]  0%|          | 0/1 [00:00<?, ?it/s]  0%|          | 0/1 [00:00<?, ?it/s]  0%|          | 0/1 [00:00<?, ?it/s]  0%|          | 0/1 [00:00<?, ?it/s]  0%|          | 0/1 [00:00<?, ?it/s]  0%|          | 0/1 [00:00<?, ?it/s]Predicted melting temperature: [62.571205139160156]
  0%|          | 0/1 [00:00<?, ?it/s]  0%|          | 0/1 [00:00<?, ?it/s]Predicted melting temperature: [54.41972732543945]
  0%|          | 0/1 [00:00<?, ?it/s]Predicted melting temperature: [67.47088623046875]
  0%|          | 0/1 [00:00<?, ?it/s]Predicted melting temperature: [72.95541381835938]
Predicted melting temperature: [75.32200622558594]
Predicted melting temperature: [73.06892395019531]
  0%|          | 0/1 [00:00<?, ?it/s]100%|██████████| 1/1 [00:00<00:00,  3.03it/s]100%|██████████| 1/1 [00:00<00:00,  3.44it/s]  0%|          | 0/1 [00:00<?, ?it/s]100%|██████████| 1/1 [00:00<00:00,  2.66it/s]  0%|          | 0/1 [00:00<?, ?it/s]100%|██████████| 1/1 [00:00<00:00,  2.67it/s]100%|██████████| 1/1 [00:00<00:00,  2.45it/s]100%|██████████| 1/1 [00:00<00:00,  2.24it/s]100%|██████████| 1/1 [00:00<00:00,  2.18it/s]100%|██████████| 1/1 [00:00<00:00,  1.87it/s]100%|██████████| 1/1 [00:00<00:00,  1.86it/s]  0%|          | 0/1 [00:00<?, ?it/s]  0%|          | 0/1 [00:00<?, ?it/s]100%|██████████| 1/1 [00:00<00:00,  1.18it/s]  0%|          | 0/1 [00:00<?, ?it/s]
100%|██████████| 1/1 [00:00<00:00,  1.66it/s]100%|██████████| 1/1 [00:00<00:00,  1.57it/s]Predicted melting temperature: [59.8186149597168]
  seed_127 arm=t1_cond pH=7.4 target=-1.0    Tm=56.45  replicas=[51.4, 58.1, 59.8]
100%|██████████| 1/1 [00:00<00:00,  3.15it/s]100%|██████████| 1/1 [00:00<00:00,  3.09it/s]100%|██████████| 1/1 [00:00<00:00,  2.82it/s]100%|██████████| 1/1 [00:00<00:00,  2.69it/s]  0%|          | 0/1 [00:00<?, ?it/s]100%|██████████| 1/1 [00:00<00:00,  1.20it/s]100%|██████████| 1/1 [00:00<00:00,  1.03it/s]100%|██████████| 1/1 [00:00<00:00,  1.29it/s]

100%|██████████| 1/1 [00:00<00:00,  2.13it/s]100%|██████████| 1/1 [00:00<00:00,  1.97it/s]100%|██████████| 1/1 [00:00<00:00,  1.18it/s]100%|██████████| 1/1 [00:00<00:00,  1.18it/s]
100%|██████████| 1/1 [00:00<00:00,  1.09it/s]
100%|██████████| 1/1 [00:00<00:00,  1.18it/s]100%|██████████| 1/1 [00:00<00:00,  1.18it/s]

100%|██████████| 1/1 [00:00<00:00,  1.18it/s]100%|██████████| 1/1 [00:00<00:00,  1.96it/s]100%|██████████| 1/1 [00:00<00:00,  2.70it/s]
100%|██████████| 1/1 [00:00<00:00,  2.58it/s]100%|██████████| 1/1 [00:00<00:00,  1.06it/s]100%|██████████| 1/1 [00:00<00:00,  1.06it/s]
100%|██████████| 1/1 [00:00<00:00,  1.65it/s]100%|██████████| 1/1 [00:00<00:00,  1.65it/s]

  0%|          | 0/1 [00:00<?, ?it/s]100%|██████████| 1/1 [00:00<00:00,  1.49it/s]100%|██████████| 1/1 [00:00<00:00,  2.13it/s]100%|██████████| 1/1 [00:00<00:00,  3.29it/s]Predicted melting temperature: [65.11415100097656]
  seed_128 arm=t2_ph pH=7.4 target=均值占位 ch   Tm=70.09  replicas=[72.2, 72.9, 65.1]
100%|██████████| 1/1 [00:00<00:00,  1.31it/s]Predicted melting temperature: [63.43389129638672]
  seed_126 arm=t2_pos_extreme pH=7.4 targe   Tm=66.93  replicas=[64.6, 72.8, 63.4]
100%|██████████| 1/1 [00:00<00:00,  1.31it/s]100%|██████████| 1/1 [00:00<00:00,  1.31it/s]
100%|██████████| 1/1 [00:01<00:00,  1.10s/it]100%|██████████| 1/1 [00:00<00:00,  3.51it/s]

100%|██████████| 1/1 [00:00<00:00,  2.33it/s]100%|██████████| 1/1 [00:00<00:00,  2.86it/s]
Predicted melting temperature: [66.99268341064453]
  seed_124 arm=t2_pos_extreme pH=7.4 targe   Tm=71.10  replicas=[71.5, 74.8, 67.0]
Predicted melting temperature: [63.105712890625]
  seed_129 arm=t1_cond pH=7.4 target=+0.0    Tm=67.35  replicas=[67.5, 71.4, 63.1]
Predicted melting temperature: [78.7695083618164]
  seed_122 arm=t2_ph pH=7.4 target=均值占位 ch   Tm=77.07  replicas=[76.9, 75.6, 78.8]
100%|██████████| 1/1 [00:00<00:00,  1.14it/s]100%|██████████| 1/1 [00:00<00:00,  1.48it/s]100%|██████████| 1/1 [00:00<00:00,  1.48it/s]

100%|██████████| 1/1 [00:00<00:00,  1.13it/s]
100%|██████████| 1/1 [00:00<00:00,  2.63it/s]

Predicted melting temperature: [70.80261993408203]
Predicted melting temperature: [59.74770736694336]

100%|██████████| 1/1 [00:00<00:00,  1.44it/s]100%|██████████| 1/1 [00:00<00:00,  2.09it/s]
100%|██████████| 1/1 [00:00<00:00,  1.10it/s]Predicted melting temperature: [73.39456176757812]

Predicted melting temperature: [63.05784606933594]
  0%|          | 0/1 [00:00<?, ?it/s]Predicted melting temperature: [76.25736999511719]
  seed_128 arm=t2_pos pH=7.4 target=+11.0    Tm=75.05  replicas=[75.6, 73.2, 76.3]
Predicted melting temperature: [63.68603515625]
  seed_124 arm=t2_neg pH=7.4 target=+3.0 c   Tm=62.79  replicas=[62.3, 62.3, 63.7]
100%|██████████| 1/1 [00:00<00:00,  2.47it/s]100%|██████████| 1/1 [00:00<00:00,  2.02it/s]
100%|██████████| 1/1 [00:00<00:00,  2.42it/s]Predicted melting temperature: [75.39915466308594]

Predicted melting temperature: [72.7144546508789]
  seed_127 arm=t1_base pH=7.4 target=+8.0    Tm=73.31  replicas=[75.1, 72.1, 72.7]
100%|██████████| 1/1 [00:00<00:00,  2.37it/s]  0%|          | 0/1 [00:00<?, ?it/s]
Predicted melting temperature: [61.993709564208984]
  seed_124 arm=t2_neg pH=7.4 target=+3.0 c   Tm=67.69  replicas=[65.8, 75.3, 62.0]
Predicted melting temperature: [82.65222930908203]

Predicted melting temperature: [61.47421646118164]
  seed_127 arm=t1_cond pH=7.4 target=+9.0    Tm=59.73  replicas=[53.1, 64.6, 61.5]
  0%|          | 0/1 [00:00<?, ?it/s]  0%|          | 0/1 [00:00<?, ?it/s]  0%|          | 0/1 [00:00<?, ?it/s]  0%|          | 0/1 [00:00<?, ?it/s]  0%|          | 0/1 [00:00<?, ?it/s]Predicted melting temperature: [71.67224884033203]

  0%|          | 0/1 [00:00<?, ?it/s]  0%|          | 0/1 [00:00<?, ?it/s]Predicted melting temperature: [62.733646392822266]
Predicted melting temperature: [57.29938888549805]
Predicted melting temperature: [74.07449340820312]
  0%|          | 0/1 [00:00<?, ?it/s]Predicted melting temperature: [53.246673583984375]
Predicted melting temperature: [60.322330474853516]
  seed_125 arm=t2_pos pH=7.4 target=+3.0 c   Tm=64.52  replicas=[65.8, 67.5, 60.3]
  0%|          | 0/1 [00:00<?, ?it/s]  0%|          | 0/1 [00:00<?, ?it/s]Predicted melting temperature: [71.99945068359375]
  0%|          | 0/1 [00:00<?, ?it/s]  0%|          | 0/1 [00:00<?, ?it/s]  0%|          | 0/1 [00:00<?, ?it/s]  0%|          | 0/1 [00:00<?, ?it/s]  0%|          | 0/1 [00:00<?, ?it/s]  0%|          | 0/1 [00:00<?, ?it/s]Predicted melting temperature: [64.61953735351562]
  0%|          | 0/1 [00:00<?, ?it/s]  0%|          | 0/1 [00:00<?, ?it/s]  0%|          | 0/1 [00:00<?, ?it/s]Predicted melting temperature: [65.03913879394531]
  0%|          | 0/1 [00:00<?, ?it/s]Predicted melting temperature: [54.53825759887695]
  0%|          | 0/1 [00:00<?, ?it/s]100%|██████████| 1/1 [00:00<00:00,  2.56it/s]  0%|          | 0/1 [00:00<?, ?it/s]  0%|          | 0/1 [00:00<?, ?it/s]100%|██████████| 1/1 [00:00<00:00,  2.56it/s]
Predicted melting temperature: [61.393280029296875]
  0%|          | 0/1 [00:00<?, ?it/s]  0%|          | 0/1 [00:00<?, ?it/s]Predicted melting temperature: [73.65936279296875]
  0%|          | 0/1 [00:00<?, ?it/s]100%|██████████| 1/1 [00:00<00:00,  2.38it/s]100%|██████████| 1/1 [00:00<00:00,  2.38it/s]
Predicted melting temperature: [74.94602966308594]
  seed_126 arm=t2_ph pH=7.4 target=均值占位 ch   Tm=67.00  replicas=[53.0, 73.1, 74.9]
  0%|          | 0/1 [00:00<?, ?it/s]100%|██████████| 1/1 [00:00<00:00,  3.44it/s]100%|██████████| 1/1 [00:00<00:00,  3.44it/s]
100%|██████████| 1/1 [00:00<00:00,  2.49it/s]100%|██████████| 1/1 [00:00<00:00,  2.46it/s]
Predicted melting temperature: [64.9524917602539]
Predicted melting temperature: [49.77851104736328]
  0%|          | 0/1 [00:00<?, ?it/s]  0%|          | 0/1 [00:00<?, ?it/s]100%|██████████| 1/1 [00:00<00:00,  2.99it/s]100%|██████████| 1/1 [00:00<00:00,  2.94it/s]
Predicted melting temperature: [53.94169616699219]
  seed_128 arm=t2_pos pH=7.4 target=+2.0 c   Tm=53.50  replicas=[52.0, 54.5, 53.9]
  0%|          | 0/1 [00:00<?, ?it/s]100%|██████████| 1/1 [00:00<00:00,  2.56it/s]100%|██████████| 1/1 [00:00<00:00,  2.56it/s]
100%|██████████| 1/1 [00:00<00:00,  2.39it/s]100%|██████████| 1/1 [00:00<00:00,  2.37it/s]
Predicted melting temperature: [68.95784759521484]
  seed_126 arm=t2_neg pH=7.4 target=+4.0 c   Tm=65.30  replicas=[55.3, 71.7, 69.0]
100%|██████████| 1/1 [00:00<00:00,  2.32it/s]100%|██████████| 1/1 [00:00<00:00,  2.27it/s]Predicted melting temperature: [60.883705139160156]
100%|██████████| 1/1 [00:00<00:00,  2.53it/s]100%|██████████| 1/1 [00:00<00:00,  2.24it/s]
  0%|          | 0/1 [00:00<?, ?it/s]100%|██████████| 1/1 [00:00<00:00,  2.28it/s]100%|██████████| 1/1 [00:00<00:00,  2.51it/s]
100%|██████████| 1/1 [00:00<00:00,  2.61it/s]
100%|██████████| 1/1 [00:00<00:00,  2.27it/s]Predicted melting temperature: [62.926815032958984]
  seed_129 arm=t1_base pH=7.4 target=+0.0    Tm=66.67  replicas=[66.3, 70.8, 62.9]
Predicted melting temperature: [56.974632263183594]
  seed_129 arm=t2_neg pH=7.4 target=-5.0 c   Tm=61.53  replicas=[62.6, 65.0, 57.0]
100%|██████████| 1/1 [00:00<00:00,  2.24it/s]100%|██████████| 1/1 [00:00<00:00,  2.56it/s]  0%|          | 0/1 [00:00<?, ?it/s]

Predicted melting temperature: [81.29621124267578]
Predicted melting temperature: [60.82046127319336]
  seed_130 arm=t1_base pH=7.4 target=-1.0    Tm=58.88  replicas=[54.4, 61.4, 60.8]
100%|██████████| 1/1 [00:00<00:00,  2.42it/s]100%|██████████| 1/1 [00:00<00:00,  2.29it/s]100%|██████████| 1/1 [00:00<00:00,  2.08it/s]  0%|          | 0/1 [00:00<?, ?it/s]100%|██████████| 1/1 [00:00<00:00,  2.21it/s]  0%|          | 0/1 [00:00<?, ?it/s]  0%|          | 0/1 [00:00<?, ?it/s]Predicted melting temperature: [64.62870025634766]
100%|██████████| 1/1 [00:00<00:00,  2.21it/s]100%|██████████| 1/1 [00:00<00:00,  2.33it/s]100%|██████████| 1/1 [00:00<00:00,  2.03it/s]
100%|██████████| 1/1 [00:00<00:00,  2.21it/s]

100%|██████████| 1/1 [00:00<00:00,  2.19it/s]  [code/output/finetune_v5_validate/1CRN/t1_base/seqs.fa] 已写 code/output/finetune_v5_validate/1CRN/t1_base/seqs.fa.tm.csv

  0%|          | 0/1 [00:00<?, ?it/s]Predicted melting temperature: [71.53650665283203]
  seed_127 arm=t2_pos_extreme pH=7.4 targe   Tm=75.98  replicas=[82.3, 74.1, 71.5]
100%|██████████| 1/1 [00:00<00:00,  2.16it/s]
100%|██████████| 1/1 [00:00<00:00,  2.17it/s]100%|██████████| 1/1 [00:00<00:00,  2.16it/s]Predicted melting temperature: [66.29177856445312]

  0%|          | 0/1 [00:00<?, ?it/s]Predicted melting temperature: [65.44495391845703]
100%|██████████| 1/1 [00:00<00:00,  2.30it/s]Predicted melting temperature: [79.6994857788086]
  0%|          | 0/1 [00:00<?, ?it/s]Predicted melting temperature: [68.71235656738281]
  0%|          | 0/1 [00:00<?, ?it/s]100%|██████████| 1/1 [00:00<00:00,  2.07it/s]  0%|          | 0/1 [00:00<?, ?it/s]  0%|          | 0/1 [00:00<?, ?it/s]100%|██████████| 1/1 [00:00<00:00,  2.23it/s]Predicted melting temperature: [53.0309944152832]

100%|██████████| 1/1 [00:00<00:00,  2.02it/s]100%|██████████| 1/1 [00:00<00:00,  1.98it/s]  0%|          | 0/1 [00:00<?, ?it/s]
Predicted melting temperature: [76.44912719726562]
  seed_127 arm=t1_cond pH=7.4 target=+8.0    Tm=74.35  replicas=[73.0, 73.7, 76.4]
100%|██████████| 1/1 [00:00<00:00,  1.98it/s]
Predicted melting temperature: [73.05288696289062]
100%|██████████| 1/1 [00:00<00:00,  1.81it/s]100%|██████████| 1/1 [00:00<00:00,  1.87it/s]  0%|          | 0/1 [00:00<?, ?it/s]100%|██████████| 1/1 [00:00<00:00,  1.81it/s]100%|██████████| 1/1 [00:00<00:00,  1.86it/s]
100%|██████████| 1/1 [00:00<00:00,  1.83it/s]
Predicted melting temperature: [74.20562744140625]
  0%|          | 0/1 [00:00<?, ?it/s]  0%|          | 0/1 [00:00<?, ?it/s]100%|██████████| 1/1 [00:00<00:00,  1.81it/s]Predicted melting temperature: [68.6908950805664]
Predicted melting temperature: [77.94005584716797]

  0%|          | 0/1 [00:00<?, ?it/s]  0%|          | 0/1 [00:00<?, ?it/s]Predicted melting temperature: [61.08314514160156]
  seed_123 arm=t2_pos pH=7.4 target=+11.0    Tm=67.26  replicas=[67.3, 73.4, 61.1]
  0%|          | 0/1 [00:00<?, ?it/s]100%|██████████| 1/1 [00:00<00:00,  1.70it/s]100%|██████████| 1/1 [00:00<00:00,  1.70it/s]
Predicted melting temperature: [74.76167297363281]
  0%|          | 0/1 [00:00<?, ?it/s]100%|██████████| 1/1 [00:00<00:00,  1.66it/s]100%|██████████| 1/1 [00:00<00:00,  1.62it/s]
100%|██████████| 1/1 [00:00<00:00,  1.56it/s]100%|██████████| 1/1 [00:00<00:00,  2.54it/s]100%|██████████| 1/1 [00:00<00:00,  1.63it/s]100%|██████████| 1/1 [00:00<00:00,  3.44it/s]100%|██████████| 1/1 [00:00<00:00,  1.59it/s]100%|██████████| 1/1 [00:00<00:00,  1.62it/s]100%|██████████| 1/1 [00:00<00:00,  3.38it/s]
100%|██████████| 1/1 [00:00<00:00,  1.54it/s]
100%|██████████| 1/1 [00:00<00:00,  2.45it/s]
100%|██████████| 1/1 [00:00<00:00,  1.58it/s]
Predicted melting temperature: [52.68878173828125]
  seed_128 arm=t2_pos_extreme pH=7.4 targe   Tm=60.75  replicas=[64.6, 65.0, 52.7]

Predicted melting temperature: [67.94147491455078]
  seed_124 arm=t1_base pH=7.4 target=+8.0    Tm=73.11  replicas=[76.0, 75.4, 67.9]
Predicted melting temperature: [78.0380859375]
Predicted melting temperature: [69.03612518310547]
Predicted melting temperature: [52.200164794921875]
  0%|          | 0/1 [00:00<?, ?it/s]  0%|          | 0/1 [00:00<?, ?it/s]  0%|          | 0/1 [00:00<?, ?it/s]  0%|          | 0/1 [00:00<?, ?it/s]Predicted melting temperature: [73.8131332397461]
  0%|          | 0/1 [00:00<?, ?it/s]  0%|          | 0/1 [00:00<?, ?it/s]100%|██████████| 1/1 [00:00<00:00,  1.45it/s]100%|██████████| 1/1 [00:00<00:00,  2.91it/s]100%|██████████| 1/1 [00:00<00:00,  2.77it/s]100%|██████████| 1/1 [00:00<00:00,  1.32it/s]100%|██████████| 1/1 [00:00<00:00,  3.01it/s]100%|██████████| 1/1 [00:00<00:00,  3.17it/s]100%|██████████| 1/1 [00:00<00:00,  3.53it/s]100%|██████████| 1/1 [00:00<00:00,  3.00it/s]100%|██████████| 1/1 [00:00<00:00,  3.00it/s]100%|██████████| 1/1 [00:00<00:00,  2.54it/s]100%|██████████| 1/1 [00:00<00:00,  2.52it/s]100%|██████████| 1/1 [00:00<00:00,  2.73it/s]100%|██████████| 1/1 [00:00<00:00,  3.76it/s]100%|██████████| 1/1 [00:00<00:00,  2.68it/s]100%|██████████| 1/1 [00:00<00:00,  2.68it/s]100%|██████████| 1/1 [00:00<00:00,  2.47it/s]100%|██████████| 1/1 [00:00<00:00,  2.66it/s]100%|██████████| 1/1 [00:00<00:00,  2.65it/s]100%|██████████| 1/1 [00:00<00:00,  2.38it/s]100%|██████████| 1/1 [00:00<00:00,  2.24it/s]100%|██████████| 1/1 [00:00<00:00,  2.53it/s]100%|██████████| 1/1 [00:00<00:00,  2.01it/s]100%|██████████| 1/1 [00:00<00:00,  2.62it/s]100%|██████████| 1/1 [00:00<00:00,  2.57it/s]100%|██████████| 1/1 [00:00<00:00,  1.99it/s]100%|██████████| 1/1 [00:00<00:00,  2.07it/s]100%|██████████| 1/1 [00:00<00:00,  1.74it/s]100%|██████████| 1/1 [00:02<00:00,  2.46s/it]100%|██████████| 1/1 [00:02<00:00,  2.49s/it]

100%|██████████| 1/1 [00:02<00:00,  2.55s/it]100%|██████████| 1/1 [00:02<00:00,  2.91s/it]
100%|██████████| 1/1 [00:02<00:00,  2.57s/it]
100%|██████████| 1/1 [00:02<00:00,  2.94s/it]
Predicted melting temperature: [62.12029266357422]
  seed_130 arm=t2_ph pH=7.4 target=均值占位 ch   Tm=60.10  replicas=[57.3, 60.9, 62.1]
100%|██████████| 1/1 [00:02<00:00,  2.43s/it]
100%|██████████| 1/1 [00:02<00:00,  2.42s/it]100%|██████████| 1/1 [00:02<00:00,  2.28s/it]
100%|██████████| 1/1 [00:02<00:00,  2.50s/it]100%|██████████| 1/1 [00:02<00:00,  2.45s/it]
100%|██████████| 1/1 [00:02<00:00,  2.47s/it]

100%|██████████| 1/1 [00:02<00:00,  2.47s/it]
100%|██████████| 1/1 [00:02<00:00,  2.39s/it]
  [code/output/finetune_v5_validate/1CRN/t2_ph/seqs.fa] 已写 code/output/finetune_v5_validate/1CRN/t2_ph/seqs.fa.tm.csv
100%|██████████| 1/1 [00:02<00:00,  2.40s/it]
100%|██████████| 1/1 [00:02<00:00,  2.45s/it]100%|██████████| 1/1 [00:02<00:00,  2.43s/it]100%|██████████| 1/1 [00:02<00:00,  2.42s/it]

100%|██████████| 1/1 [00:02<00:00,  2.39s/it]
100%|██████████| 1/1 [00:02<00:00,  2.39s/it]100%|██████████| 1/1 [00:02<00:00,  2.39s/it]
100%|██████████| 1/1 [00:02<00:00,  2.44s/it]
100%|██████████| 1/1 [00:02<00:00,  2.40s/it]100%|██████████| 1/1 [00:02<00:00,  2.29s/it]
100%|██████████| 1/1 [00:02<00:00,  2.29s/it]

100%|██████████| 1/1 [00:02<00:00,  2.30s/it]
100%|██████████| 1/1 [00:02<00:00,  2.35s/it]


Predicted melting temperature: [55.0413932800293]
  seed_127 arm=t1_base pH=7.4 target=+9.0    Tm=59.00  replicas=[53.2, 68.7, 55.0]


Predicted melting temperature: [65.7673110961914]
Predicted melting temperature: [64.13383483886719]
Predicted melting temperature: [69.08226013183594]
  seed_128 arm=t2_pos pH=7.4 target=+12.0    Tm=68.29  replicas=[62.7, 73.1, 69.1]
Predicted melting temperature: [54.748756408691406]
  seed_123 arm=t2_ph pH=7.4 target=均值占位 ch   Tm=64.19  replicas=[63.1, 74.8, 54.7]
Predicted melting temperature: [82.40990447998047]
  seed_125 arm=t2_pos_extreme pH=7.4 targe   Tm=81.03  replicas=[82.7, 78.0, 82.4]
Predicted melting temperature: [59.894813537597656]
Predicted melting temperature: [61.1082763671875]
Predicted melting temperature: [74.91555786132812]
Predicted melting temperature: [69.9725341796875]
Predicted melting temperature: [78.722900390625]
Predicted melting temperature: [64.26558685302734]
Predicted melting temperature: [52.09754943847656]
  0%|          | 0/1 [00:00<?, ?it/s]  0%|          | 0/1 [00:00<?, ?it/s]  0%|          | 0/1 [00:00<?, ?it/s]  0%|          | 0/1 [00:00<?, ?it/s]Predicted melting temperature: [57.178489685058594]
Predicted melting temperature: [64.25120544433594]
Predicted melting temperature: [56.59492874145508]
Predicted melting temperature: [71.56430053710938]
Predicted melting temperature: [72.25208282470703]
  0%|          | 0/1 [00:00<?, ?it/s]  0%|          | 0/1 [00:00<?, ?it/s]  0%|          | 0/1 [00:00<?, ?it/s]  0%|          | 0/1 [00:00<?, ?it/s]  0%|          | 0/1 [00:00<?, ?it/s]Predicted melting temperature: [73.49185180664062]
Predicted melting temperature: [77.54400634765625]
Predicted melting temperature: [71.72415924072266]
Predicted melting temperature: [70.80261993408203]
  0%|          | 0/1 [00:00<?, ?it/s]Predicted melting temperature: [75.67680358886719]
  0%|          | 0/1 [00:00<?, ?it/s]Predicted melting temperature: [73.87158203125]
  0%|          | 0/1 [00:00<?, ?it/s]  0%|          | 0/1 [00:00<?, ?it/s]  0%|          | 0/1 [00:00<?, ?it/s]  0%|          | 0/1 [00:00<?, ?it/s]Predicted melting temperature: [75.11763763427734]
Predicted melting temperature: [76.47230529785156]
  0%|          | 0/1 [00:00<?, ?it/s]  0%|          | 0/1 [00:00<?, ?it/s]  0%|          | 0/1 [00:00<?, ?it/s]  0%|          | 0/1 [00:00<?, ?it/s]  0%|          | 0/1 [00:00<?, ?it/s]  0%|          | 0/1 [00:00<?, ?it/s]  0%|          | 0/1 [00:00<?, ?it/s]  0%|          | 0/1 [00:00<?, ?it/s]  0%|          | 0/1 [00:00<?, ?it/s]  0%|          | 0/1 [00:00<?, ?it/s]  0%|          | 0/1 [00:00<?, ?it/s]100%|██████████| 1/1 [00:00<00:00,  2.79it/s]100%|██████████| 1/1 [00:00<00:00,  2.79it/s]
Predicted melting temperature: [62.63685607910156]
  0%|          | 0/1 [00:00<?, ?it/s]100%|██████████| 1/1 [00:00<00:00,  2.45it/s]100%|██████████| 1/1 [00:00<00:00,  2.45it/s]
Predicted melting temperature: [71.4072265625]
100%|██████████| 1/1 [00:00<00:00,  2.44it/s]  0%|          | 0/1 [00:00<?, ?it/s]100%|██████████| 1/1 [00:00<00:00,  2.44it/s]
Predicted melting temperature: [73.16426086425781]
  0%|          | 0/1 [00:00<?, ?it/s]100%|██████████| 1/1 [00:00<00:00,  2.35it/s]100%|██████████| 1/1 [00:00<00:00,  2.27it/s]100%|██████████| 1/1 [00:00<00:00,  2.31it/s]
100%|██████████| 1/1 [00:00<00:00,  2.26it/s]
Predicted melting temperature: [62.926815032958984]
  seed_129 arm=t2_ph pH=7.4 target=均值占位 ch   Tm=66.67  replicas=[66.3, 70.8, 62.9]
Predicted melting temperature: [71.76632690429688]
  0%|          | 0/1 [00:00<?, ?it/s]  0%|          | 0/1 [00:00<?, ?it/s]100%|██████████| 1/1 [00:00<00:00,  2.10it/s]100%|██████████| 1/1 [00:00<00:00,  2.08it/s]100%|██████████| 1/1 [00:00<00:00,  2.12it/s]
100%|██████████| 1/1 [00:00<00:00,  2.09it/s]
100%|██████████| 1/1 [00:00<00:00,  1.98it/s]100%|██████████| 1/1 [00:00<00:00,  2.05it/s]Predicted melting temperature: [67.26750946044922]
  seed_123 arm=t2_ph pH=7.4 target=均值占位 ch   Tm=70.55  replicas=[68.7, 75.7, 67.3]
100%|██████████| 1/1 [00:00<00:00,  1.95it/s]
Predicted melting temperature: [57.80755615234375]
  seed_128 arm=t1_cond pH=7.4 target=-1.0    Tm=55.83  replicas=[49.8, 59.9, 57.8]
100%|██████████| 1/1 [00:00<00:00,  2.02it/s]Predicted melting temperature: [58.48362731933594]

100%|██████████| 1/1 [00:00<00:00,  2.04it/s]  0%|          | 0/1 [00:00<?, ?it/s]100%|██████████| 1/1 [00:00<00:00,  2.02it/s]  0%|          | 0/1 [00:00<?, ?it/s]
100%|██████████| 1/1 [00:00<00:00,  2.00it/s]Predicted melting temperature: [58.02040100097656]
100%|██████████| 1/1 [00:00<00:00,  1.93it/s]100%|██████████| 1/1 [00:00<00:00,  1.64it/s]Predicted melting temperature: [76.4064712524414]
  seed_128 arm=t1_base pH=7.4 target=+8.0    Tm=74.29  replicas=[74.2, 72.3, 76.4]
  0%|          | 0/1 [00:00<?, ?it/s]  0%|          | 0/1 [00:00<?, ?it/s]100%|██████████| 1/1 [00:00<00:00,  1.64it/s]
100%|██████████| 1/1 [00:00<00:00,  1.99it/s]100%|██████████| 1/1 [00:00<00:00,  1.92it/s]
100%|██████████| 1/1 [00:00<00:00,  1.94it/s]
  0%|          | 0/1 [00:00<?, ?it/s]Predicted melting temperature: [79.9423828125]
  seed_125 arm=t2_neg pH=7.4 target=+3.0 c   Tm=78.48  replicas=[77.9, 77.5, 79.9]
100%|██████████| 1/1 [00:00<00:00,  1.92it/s]
Predicted melting temperature: [68.26822662353516]
Predicted melting temperature: [69.94032287597656]
  0%|          | 0/1 [00:00<?, ?it/s]  0%|          | 0/1 [00:00<?, ?it/s]  0%|          | 0/1 [00:00<?, ?it/s]100%|██████████| 1/1 [00:00<00:00,  1.83it/s]Predicted melting temperature: [54.44219207763672]
100%|██████████| 1/1 [00:00<00:00,  1.80it/s]
  0%|          | 0/1 [00:00<?, ?it/s]100%|██████████| 1/1 [00:00<00:00,  1.80it/s]Predicted melting temperature: [69.53022003173828]
  seed_127 arm=t2_pos_extreme pH=7.4 targe   Tm=76.52  replicas=[81.3, 78.7, 69.5]
100%|██████████| 1/1 [00:00<00:00,  1.77it/s]100%|██████████| 1/1 [00:00<00:00,  1.86it/s]
100%|██████████| 1/1 [00:00<00:00,  1.82it/s]  0%|          | 0/1 [00:00<?, ?it/s]Predicted melting temperature: [62.14228057861328]
  seed_130 arm=t1_cond pH=7.4 target=+0.0    Tm=65.58  replicas=[64.6, 70.0, 62.1]
100%|██████████| 1/1 [00:00<00:00,  1.80it/s]
Predicted melting temperature: [53.02607727050781]
  seed_127 arm=t2_ph pH=7.4 target=均值占位 ch   Tm=58.98  replicas=[52.2, 71.7, 53.0]
100%|██████████| 1/1 [00:00<00:00,  1.83it/s]100%|██████████| 1/1 [00:00<00:00,  1.74it/s]
100%|██████████| 1/1 [00:00<00:00,  1.69it/s]  [code/output/finetune_v5_validate/1UBQ/t1_cond/seqs.fa] 已写 code/output/finetune_v5_validate/1UBQ/t1_cond/seqs.fa.tm.csv
100%|██████████| 1/1 [00:00<00:00,  1.72it/s]
Predicted melting temperature: [61.61201858520508]
  seed_126 arm=t2_pos pH=7.4 target=+3.0 c   Tm=66.21  replicas=[65.4, 71.6, 61.6]
100%|██████████| 1/1 [00:00<00:00,  1.68it/s]100%|██████████| 1/1 [00:00<00:00,  1.49it/s]
100%|██████████| 1/1 [00:00<00:00,  1.74it/s]100%|██████████| 1/1 [00:00<00:00,  1.68it/s]100%|██████████| 1/1 [00:00<00:00,  1.48it/s]
100%|██████████| 1/1 [00:00<00:00,  1.72it/s]
100%|██████████| 1/1 [00:00<00:00,  1.68it/s]  0%|          | 0/1 [00:00<?, ?it/s]
Predicted melting temperature: [78.88904571533203]
Predicted melting temperature: [54.301849365234375]
  seed_128 arm=t1_cond pH=7.4 target=+9.0    Tm=57.19  replicas=[53.0, 64.3, 54.3]
100%|██████████| 1/1 [00:00<00:00,  1.73it/s]  0%|          | 0/1 [00:00<?, ?it/s]Predicted melting temperature: [53.99810791015625]
  seed_125 arm=t2_neg pH=7.4 target=-6.0 c   Tm=58.28  replicas=[59.7, 61.1, 54.0]
  0%|          | 0/1 [00:00<?, ?it/s]100%|██████████| 1/1 [00:00<00:00,  1.72it/s]Predicted melting temperature: [74.84256744384766]

Predicted melting temperature: [70.0929946899414]
100%|██████████| 1/1 [00:00<00:00,  1.71it/s]  0%|          | 0/1 [00:00<?, ?it/s]  0%|          | 0/1 [00:00<?, ?it/s]  0%|          | 0/1 [00:00<?, ?it/s]100%|██████████| 1/1 [00:00<00:00,  1.70it/s]
  0%|          | 0/1 [00:00<?, ?it/s]Predicted melting temperature: [76.82157135009766]
  seed_129 arm=t2_pos pH=7.4 target=+11.0    Tm=77.21  replicas=[79.7, 75.1, 76.8]
Predicted melting temperature: [65.11724090576172]
  0%|          | 0/1 [00:00<?, ?it/s]  0%|          | 0/1 [00:00<?, ?it/s]100%|██████████| 1/1 [00:00<00:00,  1.56it/s]100%|██████████| 1/1 [00:00<00:00,  1.56it/s]
Predicted melting temperature: [65.40644073486328]
  seed_125 arm=t2_pos_extreme pH=7.4 targe   Tm=69.44  replicas=[69.0, 73.9, 65.4]
100%|██████████| 1/1 [00:00<00:00,  1.53it/s]100%|██████████| 1/1 [00:00<00:00,  1.53it/s]
  0%|          | 0/1 [00:00<?, ?it/s]100%|██████████| 1/1 [00:00<00:00,  3.21it/s]100%|██████████| 1/1 [00:00<00:00,  3.19it/s]
Predicted melting temperature: [57.918418884277344]
  seed_129 arm=t2_pos pH=7.4 target=+2.0 c   Tm=62.11  replicas=[65.8, 62.6, 57.9]
Predicted melting temperature: [75.1823501586914]
  0%|          | 0/1 [00:00<?, ?it/s]  0%|          | 0/1 [00:00<?, ?it/s]100%|██████████| 1/1 [00:00<00:00,  3.25it/s]100%|██████████| 1/1 [00:00<00:00,  3.24it/s]
Predicted melting temperature: [79.7018051147461]
  seed_128 arm=t1_cond pH=7.4 target=+8.0    Tm=75.45  replicas=[73.5, 73.2, 79.7]
  0%|          | 0/1 [00:00<?, ?it/s]100%|██████████| 1/1 [00:00<00:00,  1.27it/s]100%|██████████| 1/1 [00:00<00:00,  1.27it/s]
Predicted melting temperature: [60.8379020690918]
  seed_125 arm=t1_cond pH=7.4 target=+8.0    Tm=69.25  replicas=[72.0, 74.9, 60.8]
  0%|          | 0/1 [00:00<?, ?it/s]100%|██████████| 1/1 [00:00<00:00,  3.03it/s]100%|██████████| 1/1 [00:00<00:00,  3.02it/s]
Predicted melting temperature: [64.5849838256836]
  0%|          | 0/1 [00:00<?, ?it/s]100%|██████████| 1/1 [00:00<00:00,  2.73it/s]100%|██████████| 1/1 [00:00<00:00,  2.73it/s]
Predicted melting temperature: [70.52100372314453]
  seed_128 arm=t2_pos_extreme pH=7.4 targe   Tm=66.29  replicas=[56.6, 71.8, 70.5]
  0%|          | 0/1 [00:00<?, ?it/s]100%|██████████| 1/1 [00:00<00:00,  2.85it/s]100%|██████████| 1/1 [00:00<00:00,  2.85it/s]100%|██████████| 1/1 [00:00<00:00,  2.84it/s]
100%|██████████| 1/1 [00:00<00:00,  2.22it/s]Predicted melting temperature: [60.31643295288086]
  seed_129 arm=t2_pos_extreme pH=7.4 targe   Tm=58.51  replicas=[57.2, 58.0, 60.3]
100%|██████████| 1/1 [00:00<00:00,  2.21it/s]100%|██████████| 1/1 [00:00<00:00,  2.78it/s]
  0%|          | 0/1 [00:00<?, ?it/s]
Predicted melting temperature: [56.66121292114258]
  seed_130 arm=t2_neg pH=7.4 target=-5.0 c   Tm=64.11  replicas=[64.3, 71.4, 56.7]
Predicted melting temperature: [49.03522491455078]
  [code/output/finetune_v5_validate/1UBQ/t2_neg/seqs.fa] 已写 code/output/finetune_v5_validate/1UBQ/t2_neg/seqs.fa.tm.csv
  0%|          | 0/1 [00:00<?, ?it/s]100%|██████████| 1/1 [00:00<00:00,  2.71it/s]100%|██████████| 1/1 [00:00<00:00,  2.67it/s]
100%|██████████| 1/1 [00:00<00:00,  2.58it/s]100%|██████████| 1/1 [00:00<00:00,  2.58it/s]100%|██████████| 1/1 [00:00<00:00,  2.32it/s]
Predicted melting temperature: [77.4225082397461]
100%|██████████| 1/1 [00:00<00:00,  2.28it/s]
  0%|          | 0/1 [00:00<?, ?it/s]Predicted melting temperature: [74.75941467285156]
  0%|          | 0/1 [00:00<?, ?it/s]Predicted melting temperature: [73.64519500732422]
100%|██████████| 1/1 [00:00<00:00,  2.51it/s]100%|██████████| 1/1 [00:00<00:00,  2.25it/s]  0%|          | 0/1 [00:00<?, ?it/s]100%|██████████| 1/1 [00:00<00:00,  2.23it/s]
100%|██████████| 1/1 [00:00<00:00,  2.47it/s]100%|██████████| 1/1 [00:00<00:00,  2.10it/s]
100%|██████████| 1/1 [00:00<00:00,  2.08it/s]Predicted melting temperature: [69.84367370605469]

  0%|          | 0/1 [00:00<?, ?it/s]100%|██████████| 1/1 [00:00<00:00,  2.47it/s]Predicted melting temperature: [66.48038482666016]
  0%|          | 0/1 [00:00<?, ?it/s]100%|██████████| 1/1 [00:00<00:00,  2.43it/s]
100%|██████████| 1/1 [00:00<00:00,  3.07it/s]100%|██████████| 1/1 [00:00<00:00,  3.05it/s]
Predicted melting temperature: [59.11567687988281]
100%|██████████| 1/1 [00:00<00:00,  2.06it/s]Predicted melting temperature: [73.3210220336914]
Predicted melting temperature: [61.66986846923828]
  0%|          | 0/1 [00:00<?, ?it/s]  0%|          | 0/1 [00:00<?, ?it/s]  0%|          | 0/1 [00:00<?, ?it/s]100%|██████████| 1/1 [00:00<00:00,  2.05it/s]100%|██████████| 1/1 [00:00<00:00,  2.28it/s]
100%|██████████| 1/1 [00:00<00:00,  3.71it/s]Predicted melting temperature: [51.46644973754883]
  seed_127 arm=t2_neg pH=7.4 target=+4.0 c   Tm=57.83  replicas=[52.1, 69.9, 51.5]
100%|██████████| 1/1 [00:00<00:00,  2.25it/s]
100%|██████████| 1/1 [00:00<00:00,  3.64it/s]Predicted melting temperature: [59.01041030883789]

  0%|          | 0/1 [00:00<?, ?it/s]  0%|          | 0/1 [00:00<?, ?it/s]Predicted melting temperature: [72.84089660644531]
100%|██████████| 1/1 [00:00<00:00,  2.11it/s]100%|██████████| 1/1 [00:00<00:00,  2.09it/s]
  0%|          | 0/1 [00:00<?, ?it/s]Predicted melting temperature: [52.05049133300781]
  0%|          | 0/1 [00:00<?, ?it/s]100%|██████████| 1/1 [00:00<00:00,  2.03it/s]100%|██████████| 1/1 [00:00<00:00,  2.00it/s]
100%|██████████| 1/1 [00:00<00:00,  2.05it/s]100%|██████████| 1/1 [00:00<00:00,  2.03it/s]Predicted melting temperature: [78.27870178222656]

  0%|          | 0/1 [00:00<?, ?it/s]Predicted melting temperature: [56.35578155517578]
  seed_130 arm=t1_base pH=7.4 target=+0.0    Tm=63.53  replicas=[64.1, 70.1, 56.4]
  [code/output/finetune_v5_validate/1UBQ/t1_base/seqs.fa] 已写 code/output/finetune_v5_validate/1UBQ/t1_base/seqs.fa.tm.csv
100%|██████████| 1/1 [00:00<00:00,  1.99it/s]100%|██████████| 1/1 [00:00<00:00,  1.97it/s]
100%|██████████| 1/1 [00:00<00:00,  1.85it/s]100%|██████████| 1/1 [00:00<00:00,  1.85it/s]
Predicted melting temperature: [66.28538513183594]
  seed_125 arm=t2_neg pH=7.4 target=+3.0 c   Tm=73.00  replicas=[73.8, 78.9, 66.3]
Predicted melting temperature: [72.5040054321289]
  0%|          | 0/1 [00:00<?, ?it/s]  0%|          | 0/1 [00:00<?, ?it/s]100%|██████████| 1/1 [00:00<00:00,  1.62it/s]100%|██████████| 1/1 [00:00<00:00,  1.62it/s]100%|██████████| 1/1 [00:00<00:00,  2.93it/s]
100%|██████████| 1/1 [00:00<00:00,  2.90it/s]
100%|██████████| 1/1 [00:00<00:00,  1.77it/s]100%|██████████| 1/1 [00:00<00:00,  1.77it/s]
Predicted melting temperature: [73.9783706665039]
Predicted melting temperature: [71.15131378173828]
Predicted melting temperature: [76.02290344238281]
  0%|          | 0/1 [00:00<?, ?it/s]  0%|          | 0/1 [00:00<?, ?it/s]  0%|          | 0/1 [00:00<?, ?it/s]100%|██████████| 1/1 [00:00<00:00,  1.89it/s]100%|██████████| 1/1 [00:00<00:00,  1.89it/s]
Predicted melting temperature: [76.4772720336914]
  0%|          | 0/1 [00:00<?, ?it/s]100%|██████████| 1/1 [00:00<00:00,  1.79it/s]100%|██████████| 1/1 [00:00<00:00,  1.79it/s]100%|██████████| 1/1 [00:00<00:00,  3.03it/s]
Predicted melting temperature: [69.1663589477539]
  seed_124 arm=t2_pos pH=7.4 target=+11.0    Tm=73.61  replicas=[76.5, 75.2, 69.2]
100%|██████████| 1/1 [00:00<00:00,  2.97it/s]
  0%|          | 0/1 [00:00<?, ?it/s]Predicted melting temperature: [57.57952880859375]
  0%|          | 0/1 [00:00<?, ?it/s]100%|██████████| 1/1 [00:00<00:00,  2.33it/s]100%|██████████| 1/1 [00:00<00:00,  2.31it/s]
Predicted melting temperature: [75.36087799072266]
  0%|          | 0/1 [00:00<?, ?it/s]100%|██████████| 1/1 [00:00<00:00,  2.73it/s]100%|██████████| 1/1 [00:00<00:00,  3.51it/s]100%|██████████| 1/1 [00:00<00:00,  2.69it/s]100%|██████████| 1/1 [00:00<00:00,  3.46it/s]

Predicted melting temperature: [61.54651641845703]
Predicted melting temperature: [77.80203247070312]
  0%|          | 0/1 [00:00<?, ?it/s]100%|██████████| 1/1 [00:00<00:00,  2.68it/s]  0%|          | 0/1 [00:00<?, ?it/s]100%|██████████| 1/1 [00:00<00:00,  2.68it/s]100%|██████████| 1/1 [00:00<00:00,  2.61it/s]
Predicted melting temperature: [53.90357208251953]
  seed_128 arm=t1_base pH=7.4 target=+9.0    Tm=60.66  replicas=[54.4, 73.6, 53.9]
100%|██████████| 1/1 [00:00<00:00,  2.56it/s]
100%|██████████| 1/1 [00:00<00:00,  3.16it/s]Predicted melting temperature: [68.52277374267578]
  seed_129 arm=t2_pos pH=7.4 target=+12.0    Tm=67.26  replicas=[58.5, 74.8, 68.5]
100%|██████████| 1/1 [00:00<00:00,  3.16it/s]100%|██████████| 1/1 [00:00<00:00,  2.16it/s]
100%|██████████| 1/1 [00:00<00:00,  2.14it/s]  0%|          | 0/1 [00:00<?, ?it/s]
Predicted melting temperature: [73.13557434082031]
  0%|          | 0/1 [00:00<?, ?it/s]  0%|          | 0/1 [00:00<?, ?it/s]Predicted melting temperature: [55.386138916015625]
  0%|          | 0/1 [00:00<?, ?it/s]100%|██████████| 1/1 [00:00<00:00,  2.75it/s]100%|██████████| 1/1 [00:00<00:00,  3.41it/s]100%|██████████| 1/1 [00:00<00:00,  2.85it/s]100%|██████████| 1/1 [00:00<00:00,  2.84it/s]
100%|██████████| 1/1 [00:00<00:00,  2.71it/s]
100%|██████████| 1/1 [00:00<00:00,  3.37it/s]
Predicted melting temperature: [68.98426818847656]
  0%|          | 0/1 [00:00<?, ?it/s]Predicted melting temperature: [58.50718688964844]
  0%|          | 0/1 [00:00<?, ?it/s]Predicted melting temperature: [77.62066650390625]
100%|██████████| 1/1 [00:00<00:00,  2.41it/s]100%|██████████| 1/1 [00:00<00:00,  2.40it/s]
  0%|          | 0/1 [00:00<?, ?it/s]100%|██████████| 1/1 [00:00<00:00,  2.67it/s]Predicted melting temperature: [68.89431762695312]
  0%|          | 0/1 [00:00<?, ?it/s]100%|██████████| 1/1 [00:00<00:00,  2.66it/s]100%|██████████| 1/1 [00:00<00:00,  2.89it/s]
100%|██████████| 1/1 [00:00<00:00,  2.83it/s]
Predicted melting temperature: [52.566856384277344]
  0%|          | 0/1 [00:00<?, ?it/s]Predicted melting temperature: [71.96810150146484]
  0%|          | 0/1 [00:00<?, ?it/s]100%|██████████| 1/1 [00:00<00:00,  1.15it/s]100%|██████████| 1/1 [00:00<00:00,  1.15it/s]
Predicted melting temperature: [74.01773071289062]
  0%|          | 0/1 [00:00<?, ?it/s]100%|██████████| 1/1 [00:00<00:00,  1.96it/s]100%|██████████| 1/1 [00:00<00:00,  1.95it/s]100%|██████████| 1/1 [00:00<00:00,  3.13it/s]
100%|██████████| 1/1 [00:00<00:00,  3.08it/s]
Predicted melting temperature: [58.134185791015625]
  seed_130 arm=t2_ph pH=7.4 target=均值占位 ch   Tm=64.62  replicas=[64.6, 71.2, 58.1]
Predicted melting temperature: [73.23539733886719]
  0%|          | 0/1 [00:00<?, ?it/s]  [code/output/finetune_v5_validate/1UBQ/t2_ph/seqs.fa] 已写 code/output/finetune_v5_validate/1UBQ/t2_ph/seqs.fa.tm.csv
100%|██████████| 1/1 [00:00<00:00,  2.63it/s]100%|██████████| 1/1 [00:00<00:00,  1.35it/s]100%|██████████| 1/1 [00:00<00:00,  2.58it/s]100%|██████████| 1/1 [00:00<00:00,  1.34it/s]

Predicted melting temperature: [66.6733627319336]
  0%|          | 0/1 [00:00<?, ?it/s]Predicted melting temperature: [79.57866668701172]
100%|██████████| 1/1 [00:00<00:00,  2.00it/s]100%|██████████| 1/1 [00:00<00:00,  1.99it/s]
  0%|          | 0/1 [00:00<?, ?it/s]Predicted melting temperature: [74.42939758300781]
  0%|          | 0/1 [00:00<?, ?it/s]100%|██████████| 1/1 [00:00<00:00,  3.59it/s]100%|██████████| 1/1 [00:00<00:00,  3.59it/s]
100%|██████████| 1/1 [00:00<00:00,  3.51it/s]Predicted melting temperature: [79.66736602783203]
  seed_126 arm=t2_neg pH=7.4 target=+3.0 c   Tm=78.30  replicas=[77.4, 77.8, 79.7]
100%|██████████| 1/1 [00:00<00:00,  3.48it/s]
Predicted melting temperature: [59.54767608642578]
  seed_130 arm=t2_pos pH=7.4 target=+2.0 c   Tm=60.92  replicas=[61.7, 61.5, 59.5]
  0%|          | 0/1 [00:00<?, ?it/s]  [code/output/finetune_v5_validate/1CRN/t2_pos/seqs.fa] 已写 code/output/finetune_v5_validate/1CRN/t2_pos/seqs.fa.tm.csv
100%|██████████| 1/1 [00:00<00:00,  2.50it/s]100%|██████████| 1/1 [00:00<00:00,  2.46it/s]
Predicted melting temperature: [73.06707000732422]
  0%|          | 0/1 [00:00<?, ?it/s]100%|██████████| 1/1 [00:00<00:00,  2.69it/s]100%|██████████| 1/1 [00:00<00:00,  2.69it/s]
100%|██████████| 1/1 [00:00<00:00,  3.54it/s]Predicted melting temperature: [54.14605712890625]
  seed_129 arm=t1_cond pH=7.4 target=-1.0    Tm=53.59  replicas=[49.0, 57.6, 54.1]
100%|██████████| 1/1 [00:00<00:00,  3.48it/s]  0%|          | 0/1 [00:00<?, ?it/s]
Predicted melting temperature: [65.40078735351562]
  seed_128 arm=t2_pos_extreme pH=7.4 targe   Tm=70.62  replicas=[73.3, 73.1, 65.4]
100%|██████████| 1/1 [00:00<00:00,  3.74it/s]100%|██████████| 1/1 [00:00<00:00,  1.91it/s]100%|██████████| 1/1 [00:00<00:00,  3.69it/s]
Predicted melting temperature: [58.412681579589844]
  seed_126 arm=t2_neg pH=7.4 target=-6.0 c   Tm=58.68  replicas=[59.1, 58.5, 58.4]
100%|██████████| 1/1 [00:00<00:00,  1.91it/s]  0%|          | 0/1 [00:00<?, ?it/s]
100%|██████████| 1/1 [00:00<00:00,  2.63it/s]100%|██████████| 1/1 [00:00<00:00,  2.61it/s]  0%|          | 0/1 [00:00<?, ?it/s]
Predicted melting temperature: [74.66251373291016]
  0%|          | 0/1 [00:00<?, ?it/s]Predicted melting temperature: [74.44009399414062]
  0%|          | 0/1 [00:00<?, ?it/s]100%|██████████| 1/1 [00:00<00:00,  3.06it/s]100%|██████████| 1/1 [00:00<00:00,  3.06it/s]
100%|██████████| 1/1 [00:00<00:00,  1.78it/s]100%|██████████| 1/1 [00:00<00:00,  2.64it/s]Predicted melting temperature: [66.19490814208984]
  seed_129 arm=t1_cond pH=7.4 target=+9.0    Tm=64.73  replicas=[59.0, 69.0, 66.2]
100%|██████████| 1/1 [00:00<00:00,  2.64it/s]
100%|██████████| 1/1 [00:00<00:00,  1.76it/s]  0%|          | 0/1 [00:00<?, ?it/s]
Predicted melting temperature: [56.700035095214844]
  seed_124 arm=t2_ph pH=7.4 target=均值占位 ch   Tm=65.95  replicas=[65.1, 76.0, 56.7]
Predicted melting temperature: [56.08932876586914]
100%|██████████| 1/1 [00:00<00:00,  2.60it/s]  0%|          | 0/1 [00:00<?, ?it/s]100%|██████████| 1/1 [00:00<00:00,  2.59it/s]100%|██████████| 1/1 [00:00<00:00,  2.94it/s]
  0%|          | 0/1 [00:00<?, ?it/s]100%|██████████| 1/1 [00:00<00:00,  2.89it/s]
Predicted melting temperature: [67.6955337524414]
  seed_127 arm=t2_pos pH=7.4 target=+3.0 c   Tm=74.53  replicas=[78.3, 77.6, 67.7]
100%|██████████| 1/1 [00:00<00:00,  1.95it/s]Predicted melting temperature: [54.323368072509766]
  0%|          | 0/1 [00:00<?, ?it/s]100%|██████████| 1/1 [00:00<00:00,  1.91it/s]
  0%|          | 0/1 [00:00<?, ?it/s]100%|██████████| 1/1 [00:00<00:00,  2.98it/s]100%|██████████| 1/1 [00:00<00:00,  2.98it/s]
Predicted melting temperature: [57.90462112426758]
  seed_128 arm=t2_ph pH=7.4 target=均值占位 ch   Tm=60.64  replicas=[52.1, 72.0, 57.9]
Predicted melting temperature: [65.22074127197266]
  0%|          | 0/1 [00:00<?, ?it/s]  0%|          | 0/1 [00:00<?, ?it/s]100%|██████████| 1/1 [00:00<00:00,  2.46it/s]100%|██████████| 1/1 [00:00<00:00,  2.46it/s]100%|██████████| 1/1 [00:00<00:00,  1.53it/s]
100%|██████████| 1/1 [00:00<00:00,  1.53it/s]
Predicted melting temperature: [61.97279357910156]
  seed_125 arm=t1_base pH=7.4 target=+8.0    Tm=68.07  replicas=[68.3, 74.0, 62.0]
Predicted melting temperature: [61.346458435058594]
  seed_124 arm=t2_ph pH=7.4 target=均值占位 ch   Tm=65.57  replicas=[66.5, 68.9, 61.3]
  0%|          | 0/1 [00:00<?, ?it/s]  0%|          | 0/1 [00:00<?, ?it/s]100%|██████████| 1/1 [00:00<00:00,  3.80it/s]100%|██████████| 1/1 [00:00<00:00,  3.80it/s]
100%|██████████| 1/1 [00:00<00:00,  2.67it/s]Predicted melting temperature: [74.42164611816406]
100%|██████████| 1/1 [00:00<00:00,  2.63it/s]  0%|          | 0/1 [00:00<?, ?it/s]
Predicted melting temperature: [73.36295318603516]
  seed_129 arm=t1_base pH=7.4 target=+8.0    Tm=72.15  replicas=[69.8, 73.2, 73.4]
100%|██████████| 1/1 [00:00<00:00,  2.17it/s]100%|██████████| 1/1 [00:00<00:00,  2.14it/s]
Predicted melting temperature: [70.43772888183594]
  0%|          | 0/1 [00:00<?, ?it/s]  0%|          | 0/1 [00:00<?, ?it/s]100%|██████████| 1/1 [00:00<00:00,  4.10it/s]100%|██████████| 1/1 [00:00<00:00,  4.02it/s]
100%|██████████| 1/1 [00:00<00:00,  2.75it/s]100%|██████████| 1/1 [00:00<00:00,  2.52it/s]Predicted melting temperature: [79.11824035644531]
  0%|          | 0/1 [00:00<?, ?it/s]100%|██████████| 1/1 [00:00<00:00,  2.51it/s]
100%|██████████| 1/1 [00:00<00:00,  2.72it/s]
Predicted melting temperature: [66.70873260498047]
  seed_130 arm=t2_pos pH=7.4 target=+11.0    Tm=68.63  replicas=[72.5, 66.7, 66.7]
Predicted melting temperature: [76.09146881103516]
  seed_129 arm=t1_cond pH=7.4 target=+8.0    Tm=74.45  replicas=[72.8, 74.4, 76.1]
  [code/output/finetune_v5_validate/1b24A01/t2_pos/seqs.fa] 已写 code/output/finetune_v5_validate/1b24A01/t2_pos/seqs.fa.tm.csv
  0%|          | 0/1 [00:00<?, ?it/s]100%|██████████| 1/1 [00:00<00:00,  2.65it/s]100%|██████████| 1/1 [00:00<00:00,  2.64it/s]100%|██████████| 1/1 [00:00<00:00,  2.81it/s]
Predicted melting temperature: [61.371639251708984]
  seed_126 arm=t2_pos_extreme pH=7.4 targe   Tm=70.31  replicas=[76.5, 73.1, 61.4]
100%|██████████| 1/1 [00:00<00:00,  2.80it/s]
  0%|          | 0/1 [00:00<?, ?it/s]Predicted melting temperature: [60.63753128051758]
  0%|          | 0/1 [00:00<?, ?it/s]100%|██████████| 1/1 [00:00<00:00,  2.71it/s]100%|██████████| 1/1 [00:00<00:00,  2.68it/s]
100%|██████████| 1/1 [00:00<00:00,  2.79it/s]100%|██████████| 1/1 [00:00<00:00,  2.76it/s]100%|██████████| 1/1 [00:00<00:00,  3.46it/s]
Predicted melting temperature: [67.5313949584961]
100%|██████████| 1/1 [00:00<00:00,  3.34it/s]
  0%|          | 0/1 [00:00<?, ?it/s]Predicted melting temperature: [76.36286163330078]
  seed_129 arm=t2_pos_extreme pH=7.4 targe   Tm=75.39  replicas=[75.4, 74.4, 76.4]
Predicted melting temperature: [70.77368927001953]
  0%|          | 0/1 [00:00<?, ?it/s]  0%|          | 0/1 [00:00<?, ?it/s]100%|██████████| 1/1 [00:00<00:00,  3.18it/s]100%|██████████| 1/1 [00:00<00:00,  3.18it/s]
Predicted melting temperature: [52.308101654052734]
  0%|          | 0/1 [00:00<?, ?it/s]100%|██████████| 1/1 [00:00<00:00,  2.51it/s]100%|██████████| 1/1 [00:00<00:00,  2.50it/s]
Predicted melting temperature: [51.65134811401367]
  0%|          | 0/1 [00:00<?, ?it/s]100%|██████████| 1/1 [00:00<00:00,  3.73it/s]100%|██████████| 1/1 [00:00<00:00,  3.63it/s]
100%|██████████| 1/1 [00:00<00:00,  3.12it/s]Predicted melting temperature: [73.39388275146484]
100%|██████████| 1/1 [00:00<00:00,  3.10it/s]  0%|          | 0/1 [00:00<?, ?it/s]
Predicted melting temperature: [74.76082611083984]
  0%|          | 0/1 [00:00<?, ?it/s]100%|██████████| 1/1 [00:00<00:00,  1.38it/s]100%|██████████| 1/1 [00:00<00:00,  1.37it/s]
Predicted melting temperature: [66.09757232666016]
  seed_126 arm=t2_pos_extreme pH=7.4 targe   Tm=71.65  replicas=[74.8, 74.0, 66.1]
  0%|          | 0/1 [00:00<?, ?it/s]100%|██████████| 1/1 [00:00<00:00,  3.77it/s]100%|██████████| 1/1 [00:00<00:00,  3.67it/s]
100%|██████████| 1/1 [00:00<00:00,  1.48it/s]Predicted melting temperature: [71.99868774414062]
  0%|          | 0/1 [00:00<?, ?it/s]100%|██████████| 1/1 [00:00<00:00,  1.47it/s]
Predicted melting temperature: [79.13414001464844]
  0%|          | 0/1 [00:00<?, ?it/s]100%|██████████| 1/1 [00:00<00:00,  1.91it/s]100%|██████████| 1/1 [00:00<00:00,  1.91it/s]100%|██████████| 1/1 [00:00<00:00,  1.97it/s]
100%|██████████| 1/1 [00:00<00:00,  1.70it/s]100%|██████████| 1/1 [00:00<00:00,  1.69it/s]100%|██████████| 1/1 [00:00<00:00,  1.95it/s]

Predicted melting temperature: [70.492431640625]
  0%|          | 0/1 [00:00<?, ?it/s]100%|██████████| 1/1 [00:00<00:00,  1.79it/s]Predicted melting temperature: [77.87813568115234]
Predicted melting temperature: [68.8797607421875]
  0%|          | 0/1 [00:00<?, ?it/s]  0%|          | 0/1 [00:00<?, ?it/s]100%|██████████| 1/1 [00:00<00:00,  1.77it/s]100%|██████████| 1/1 [00:00<00:00,  2.58it/s]
100%|██████████| 1/1 [00:00<00:00,  2.58it/s]100%|██████████| 1/1 [00:00<00:00,  2.56it/s]
100%|██████████| 1/1 [00:00<00:00,  2.56it/s]Predicted melting temperature: [74.135009765625]
100%|██████████| 1/1 [00:00<00:00,  2.91it/s]
  0%|          | 0/1 [00:00<?, ?it/s]Predicted melting temperature: [55.53854751586914]
  seed_128 arm=t2_neg pH=7.4 target=+4.0 c   Tm=59.51  replicas=[52.6, 70.4, 55.5]
100%|██████████| 1/1 [00:00<00:00,  2.90it/s]
Predicted melting temperature: [72.59278106689453]
  0%|          | 0/1 [00:00<?, ?it/s]  0%|          | 0/1 [00:00<?, ?it/s]Predicted melting temperature: [75.73249053955078]
100%|██████████| 1/1 [00:00<00:00,  3.22it/s]  0%|          | 0/1 [00:00<?, ?it/s]100%|██████████| 1/1 [00:00<00:00,  3.22it/s]
100%|██████████| 1/1 [00:00<00:00,  1.00it/s]100%|██████████| 1/1 [00:00<00:00,  3.34it/s]Predicted melting temperature: [59.925514221191406]
100%|██████████| 1/1 [00:00<00:00,  3.30it/s]  0%|          | 0/1 [00:00<?, ?it/s]
100%|██████████| 1/1 [00:01<00:00,  1.01s/it]Predicted melting temperature: [66.46607971191406]

  0%|          | 0/1 [00:00<?, ?it/s]Predicted melting temperature: [59.07273864746094]
  0%|          | 0/1 [00:00<?, ?it/s]100%|██████████| 1/1 [00:00<00:00,  4.58it/s]100%|██████████| 1/1 [00:00<00:00,  4.57it/s]
100%|██████████| 1/1 [00:00<00:00,  3.61it/s]Predicted melting temperature: [72.5537109375]
  seed_127 arm=t2_neg pH=7.4 target=-6.0 c   Tm=74.56  replicas=[79.1, 72.0, 72.6]
100%|██████████| 1/1 [00:00<00:00,  3.58it/s]
Predicted melting temperature: [68.72029876708984]
  seed_127 arm=t2_neg pH=7.4 target=+3.0 c   Tm=72.18  replicas=[74.4, 73.4, 68.7]
  0%|          | 0/1 [00:00<?, ?it/s]  0%|          | 0/1 [00:00<?, ?it/s]100%|██████████| 1/1 [00:00<00:00,  2.45it/s]100%|██████████| 1/1 [00:00<00:00,  1.40it/s]100%|██████████| 1/1 [00:00<00:00,  2.06it/s]100%|██████████| 1/1 [00:00<00:00,  1.49it/s]100%|██████████| 1/1 [00:00<00:00,  2.81it/s]100%|██████████| 1/1 [00:00<00:00,  2.43it/s]100%|██████████| 1/1 [00:00<00:00,  2.20it/s]100%|██████████| 1/1 [00:00<00:00,  3.25it/s]100%|██████████| 1/1 [00:00<00:00,  2.14it/s]100%|██████████| 1/1 [00:00<00:00,  2.96it/s]100%|██████████| 1/1 [00:00<00:00,  3.37it/s]100%|██████████| 1/1 [00:00<00:00,  3.40it/s]100%|██████████| 1/1 [00:00<00:00,  1.67it/s]100%|██████████| 1/1 [00:00<00:00,  1.95it/s]100%|██████████| 1/1 [00:00<00:00,  1.53it/s]100%|██████████| 1/1 [00:00<00:00,  1.79it/s]

100%|██████████| 1/1 [00:00<00:00,  1.14it/s]
100%|██████████| 1/1 [00:00<00:00,  1.20it/s]
100%|██████████| 1/1 [00:00<00:00,  2.95it/s]

100%|██████████| 1/1 [00:00<00:00,  3.20it/s]100%|██████████| 1/1 [00:00<00:00,  3.31it/s]
100%|██████████| 1/1 [00:00<00:00,  2.78it/s]
100%|██████████| 1/1 [00:00<00:00,  2.01it/s]
100%|██████████| 1/1 [00:00<00:00,  2.85it/s]100%|██████████| 1/1 [00:00<00:00,  1.68it/s]

Predicted melting temperature: [63.351356506347656]
  seed_129 arm=t2_pos_extreme pH=7.4 targe   Tm=65.78  replicas=[67.5, 66.5, 63.4]

Predicted melting temperature: [60.11421203613281]
  seed_130 arm=t1_cond pH=7.4 target=-1.0    Tm=60.23  replicas=[60.6, 59.9, 60.1]
Predicted melting temperature: [55.780029296875]
  seed_129 arm=t1_base pH=7.4 target=+9.0    Tm=62.00  replicas=[56.1, 74.1, 55.8]
100%|██████████| 1/1 [00:00<00:00,  2.83it/s]
Predicted melting temperature: [67.09310150146484]
Predicted melting temperature: [53.88664245605469]
  0%|          | 0/1 [00:00<?, ?it/s]  0%|          | 0/1 [00:00<?, ?it/s]  [code/output/finetune_v5_validate/1CRN/t1_cond/seqs.fa] 已写 code/output/finetune_v5_validate/1CRN/t1_cond/seqs.fa.tm.csv
Predicted melting temperature: [54.62094497680664]
100%|██████████| 1/1 [00:00<00:00,  2.41it/s]Predicted melting temperature: [67.22665405273438]
Predicted melting temperature: [72.55476379394531]
Predicted melting temperature: [71.59278869628906]
100%|██████████| 1/1 [00:00<00:00,  2.38it/s]
Predicted melting temperature: [73.6609878540039]
  0%|          | 0/1 [00:00<?, ?it/s]  0%|          | 0/1 [00:00<?, ?it/s]  0%|          | 0/1 [00:00<?, ?it/s]  0%|          | 0/1 [00:00<?, ?it/s]  0%|          | 0/1 [00:00<?, ?it/s]Predicted melting temperature: [75.33731079101562]
Predicted melting temperature: [72.3215103149414]
  0%|          | 0/1 [00:00<?, ?it/s]Predicted melting temperature: [72.72196197509766]
Predicted melting temperature: [78.84945678710938]
  0%|          | 0/1 [00:00<?, ?it/s]  0%|          | 0/1 [00:00<?, ?it/s]  0%|          | 0/1 [00:00<?, ?it/s]  0%|          | 0/1 [00:00<?, ?it/s]  0%|          | 0/1 [00:00<?, ?it/s]100%|██████████| 1/1 [00:00<00:00,  2.49it/s]100%|██████████| 1/1 [00:00<00:00,  2.49it/s]
Predicted melting temperature: [73.31207275390625]
  0%|          | 0/1 [00:00<?, ?it/s]100%|██████████| 1/1 [00:00<00:00,  2.00it/s]100%|██████████| 1/1 [00:00<00:00,  2.00it/s]100%|██████████| 1/1 [00:00<00:00,  1.76it/s]
100%|██████████| 1/1 [00:00<00:00,  1.63it/s]Predicted melting temperature: [52.95579528808594]
  seed_130 arm=t2_pos pH=7.4 target=+12.0    Tm=58.72  replicas=[54.3, 68.9, 53.0]
100%|██████████| 1/1 [00:00<00:00,  1.76it/s]
100%|██████████| 1/1 [00:00<00:00,  1.63it/s]
Predicted melting temperature: [77.76665496826172]
  seed_126 arm=t1_cond pH=7.4 target=+8.0    Tm=78.83  replicas=[79.6, 79.1, 77.8]
  0%|          | 0/1 [00:00<?, ?it/s]Predicted melting temperature: [77.11376953125]
  0%|          | 0/1 [00:00<?, ?it/s]  [code/output/finetune_v5_validate/1BC8/t2_pos/seqs.fa] 已写 code/output/finetune_v5_validate/1BC8/t2_pos/seqs.fa.tm.csv
100%|██████████| 1/1 [00:00<00:00,  1.80it/s]100%|██████████| 1/1 [00:00<00:00,  1.79it/s]
Predicted melting temperature: [63.71483612060547]
  seed_126 arm=t2_neg pH=7.4 target=+3.0 c   Tm=72.09  replicas=[74.7, 77.9, 63.7]
  0%|          | 0/1 [00:00<?, ?it/s]100%|██████████| 1/1 [00:00<00:00,  3.60it/s]100%|██████████| 1/1 [00:00<00:00,  3.60it/s]
Predicted melting temperature: [75.27859497070312]
  0%|          | 0/1 [00:00<?, ?it/s]100%|██████████| 1/1 [00:00<00:00,  3.08it/s]100%|██████████| 1/1 [00:00<00:00,  3.07it/s]
100%|██████████| 1/1 [00:00<00:00,  3.48it/s]100%|██████████| 1/1 [00:00<00:00,  3.46it/s]100%|██████████| 1/1 [00:00<00:00,  3.43it/s]
100%|██████████| 1/1 [00:00<00:00,  3.43it/s]Predicted melting temperature: [67.93228149414062]

  0%|          | 0/1 [00:00<?, ?it/s]Predicted melting temperature: [65.00865936279297]
  seed_128 arm=t2_pos pH=7.4 target=+3.0 c   Tm=69.45  replicas=[70.8, 72.6, 65.0]
Predicted melting temperature: [63.60313034057617]
  0%|          | 0/1 [00:00<?, ?it/s]  0%|          | 0/1 [00:00<?, ?it/s]100%|██████████| 1/1 [00:00<00:00,  2.75it/s]100%|██████████| 1/1 [00:00<00:00,  2.75it/s]
Predicted melting temperature: [53.51759338378906]
  seed_130 arm=t1_cond pH=7.4 target=+9.0    Tm=57.42  replicas=[51.7, 67.1, 53.5]
100%|██████████| 1/1 [00:00<00:00,  3.89it/s]  [code/output/finetune_v5_validate/1BC8/t1_cond/seqs.fa] 已写 code/output/finetune_v5_validate/1BC8/t1_cond/seqs.fa.tm.csv
100%|██████████| 1/1 [00:00<00:00,  3.89it/s]
Predicted melting temperature: [71.99955749511719]
  0%|          | 0/1 [00:00<?, ?it/s]100%|██████████| 1/1 [00:00<00:00,  2.55it/s]100%|██████████| 1/1 [00:00<00:00,  2.50it/s]
Predicted melting temperature: [65.75371551513672]
100%|██████████| 1/1 [00:00<00:00,  2.59it/s]  0%|          | 0/1 [00:00<?, ?it/s]100%|██████████| 1/1 [00:00<00:00,  2.58it/s]
Predicted melting temperature: [48.082881927490234]
  seed_129 arm=t2_ph pH=7.4 target=均值占位 ch   Tm=58.02  replicas=[52.3, 73.7, 48.1]
  0%|          | 0/1 [00:00<?, ?it/s]100%|██████████| 1/1 [00:00<00:00,  2.29it/s]100%|██████████| 1/1 [00:00<00:00,  2.29it/s]
100%|██████████| 1/1 [00:00<00:00,  1.31it/s]100%|██████████| 1/1 [00:00<00:00,  1.30it/s]100%|██████████| 1/1 [00:00<00:00,  2.42it/s]
Predicted melting temperature: [73.94684600830078]
100%|██████████| 1/1 [00:00<00:00,  2.41it/s]
  0%|          | 0/1 [00:00<?, ?it/s]Predicted melting temperature: [75.9509506225586]
  seed_130 arm=t1_cond pH=7.4 target=+8.0    Tm=75.00  replicas=[75.7, 73.3, 76.0]
Predicted melting temperature: [61.34712219238281]
  seed_130 arm=t2_pos_extreme pH=7.4 targe   Tm=58.60  replicas=[55.4, 59.1, 61.3]
  [code/output/finetune_v5_validate/1b24A01/t1_cond/seqs.fa] 已写 code/output/finetune_v5_validate/1b24A01/t1_cond/seqs.fa.tm.csv
  [code/output/finetune_v5_validate/1CRN/t2_pos_extreme/seqs.fa] 已写 code/output/finetune_v5_validate/1CRN/t2_pos_extreme/seqs.fa.tm.csv
100%|██████████| 1/1 [00:00<00:00,  2.70it/s]100%|██████████| 1/1 [00:00<00:00,  2.70it/s]100%|██████████| 1/1 [00:00<00:00,  2.09it/s]
100%|██████████| 1/1 [00:00<00:00,  2.09it/s]
Predicted melting temperature: [53.10697937011719]
Predicted melting temperature: [72.75200653076172]
100%|██████████| 1/1 [00:00<00:00,  2.05it/s]  0%|          | 0/1 [00:00<?, ?it/s]  0%|          | 0/1 [00:00<?, ?it/s]100%|██████████| 1/1 [00:00<00:00,  2.04it/s]100%|██████████| 1/1 [00:00<00:00,  3.82it/s]
Predicted melting temperature: [79.30449676513672]
  seed_125 arm=t2_ph pH=7.4 target=均值占位 ch   Tm=76.47  replicas=[74.8, 75.3, 79.3]
100%|██████████| 1/1 [00:00<00:00,  3.81it/s]
Predicted melting temperature: [71.25602722167969]
  0%|          | 0/1 [00:00<?, ?it/s]100%|██████████| 1/1 [00:00<00:00,  4.66it/s]  0%|          | 0/1 [00:00<?, ?it/s]100%|██████████| 1/1 [00:00<00:00,  4.61it/s]
100%|██████████| 1/1 [00:00<00:00,  1.97it/s]Predicted melting temperature: [69.42408752441406]
100%|██████████| 1/1 [00:00<00:00,  1.96it/s]
  0%|          | 0/1 [00:00<?, ?it/s]Predicted melting temperature: [76.0582504272461]
  seed_130 arm=t1_base pH=7.4 target=+8.0    Tm=73.79  replicas=[72.6, 72.7, 76.1]
  [code/output/finetune_v5_validate/1b24A01/t1_base/seqs.fa] 已写 code/output/finetune_v5_validate/1b24A01/t1_base/seqs.fa.tm.csv
100%|██████████| 1/1 [00:00<00:00,  2.49it/s]100%|██████████| 1/1 [00:00<00:00,  2.49it/s]
Predicted melting temperature: [64.24300384521484]
  0%|          | 0/1 [00:00<?, ?it/s]100%|██████████| 1/1 [00:00<00:00,  3.53it/s]100%|██████████| 1/1 [00:00<00:00,  4.20it/s]100%|██████████| 1/1 [00:00<00:00,  3.53it/s]
100%|██████████| 1/1 [00:00<00:00,  4.06it/s]
Predicted melting temperature: [77.43812561035156]
  seed_127 arm=t2_pos_extreme pH=7.4 targe   Tm=75.52  replicas=[77.1, 72.0, 77.4]
100%|██████████| 1/1 [00:00<00:00,  1.61it/s]Predicted melting temperature: [64.89837646484375]
100%|██████████| 1/1 [00:00<00:00,  1.59it/s]
  0%|          | 0/1 [00:00<?, ?it/s]Predicted melting temperature: [58.93141174316406]
  seed_125 arm=t2_pos pH=7.4 target=+11.0    Tm=65.25  replicas=[65.2, 71.6, 58.9]
  0%|          | 0/1 [00:00<?, ?it/s]100%|██████████| 1/1 [00:00<00:00,  1.55it/s]100%|██████████| 1/1 [00:00<00:00,  1.55it/s]
  0%|          | 0/1 [00:00<?, ?it/s]Predicted melting temperature: [73.30213928222656]
  0%|          | 0/1 [00:00<?, ?it/s]100%|██████████| 1/1 [00:00<00:00,  4.03it/s]100%|██████████| 1/1 [00:00<00:00,  4.02it/s]
100%|██████████| 1/1 [00:00<00:00,  1.53it/s]100%|██████████| 1/1 [00:00<00:00,  1.53it/s]100%|██████████| 1/1 [00:00<00:00,  1.53it/s]
100%|██████████| 1/1 [00:00<00:00,  1.53it/s]Predicted melting temperature: [52.25531768798828]

  0%|          | 0/1 [00:00<?, ?it/s]Predicted melting temperature: [58.00865936279297]
  seed_125 arm=t2_ph pH=7.4 target=均值占位 ch   Tm=69.12  replicas=[70.5, 78.8, 58.0]
Predicted melting temperature: [77.59616088867188]
  0%|          | 0/1 [00:00<?, ?it/s]  0%|          | 0/1 [00:00<?, ?it/s]100%|██████████| 1/1 [00:00<00:00,  4.94it/s]100%|██████████| 1/1 [00:00<00:00,  4.93it/s]
Predicted melting temperature: [61.85271453857422]
  seed_128 arm=t2_neg pH=7.4 target=-6.0 c   Tm=69.46  replicas=[75.3, 71.3, 61.9]
  0%|          | 0/1 [00:00<?, ?it/s]100%|██████████| 1/1 [00:00<00:00,  2.68it/s]100%|██████████| 1/1 [00:00<00:00,  2.68it/s]
Predicted melting temperature: [67.68096923828125]
  seed_130 arm=t2_pos_extreme pH=7.4 targe   Tm=62.44  replicas=[53.9, 65.8, 67.7]
100%|██████████| 1/1 [00:00<00:00,  3.50it/s]100%|██████████| 1/1 [00:00<00:00,  3.47it/s]
  [code/output/finetune_v5_validate/1BC8/t2_pos_extreme/seqs.fa] 已写 code/output/finetune_v5_validate/1BC8/t2_pos_extreme/seqs.fa.tm.csv
Predicted melting temperature: [68.93241882324219]
  0%|          | 0/1 [00:00<?, ?it/s]100%|██████████| 1/1 [00:00<00:00,  2.09it/s]100%|██████████| 1/1 [00:00<00:00,  2.06it/s]
100%|██████████| 1/1 [00:00<00:00,  3.38it/s]100%|██████████| 1/1 [00:00<00:00,  3.38it/s]
Predicted melting temperature: [68.13609313964844]
Predicted melting temperature: [56.65713882446289]
  seed_130 arm=t2_pos_extreme pH=7.4 targe   Tm=64.67  replicas=[67.9, 69.4, 56.7]
  0%|          | 0/1 [00:00<?, ?it/s]  [code/output/finetune_v5_validate/1UBQ/t2_pos_extreme/seqs.fa] 已写 code/output/finetune_v5_validate/1UBQ/t2_pos_extreme/seqs.fa.tm.csv
100%|██████████| 1/1 [00:00<00:00,  2.51it/s]100%|██████████| 1/1 [00:00<00:00,  2.51it/s]100%|██████████| 1/1 [00:00<00:00,  2.86it/s]100%|██████████| 1/1 [00:00<00:00,  2.39it/s]
100%|██████████| 1/1 [00:00<00:00,  5.22it/s]100%|██████████| 1/1 [00:00<00:00,  3.50it/s]100%|██████████| 1/1 [00:00<00:00,  2.68it/s]100%|██████████| 1/1 [00:00<00:00,  2.75it/s]100%|██████████| 1/1 [00:00<00:00,  2.68it/s]Predicted melting temperature: [51.20232391357422]
  seed_129 arm=t2_neg pH=7.4 target=+4.0 c   Tm=59.92  replicas=[54.6, 73.9, 51.2]
100%|██████████| 1/1 [00:00<00:00,  2.29it/s]100%|██████████| 1/1 [00:00<00:00,  3.10it/s]100%|██████████| 1/1 [00:00<00:00,  2.02it/s]100%|██████████| 1/1 [00:01<00:00,  1.08s/it]100%|██████████| 1/1 [00:00<00:00,  2.16it/s]
100%|██████████| 1/1 [00:00<00:00,  2.71it/s]100%|██████████| 1/1 [00:00<00:00,  1.06it/s]100%|██████████| 1/1 [00:01<00:00,  1.09s/it]100%|██████████| 1/1 [00:00<00:00,  1.17it/s]100%|██████████| 1/1 [00:00<00:00,  1.87it/s]


100%|██████████| 1/1 [00:00<00:00,  1.01it/s]100%|██████████| 1/1 [00:00<00:00,  1.09it/s]
100%|██████████| 1/1 [00:00<00:00,  1.07it/s]

100%|██████████| 1/1 [00:00<00:00,  1.05it/s]
100%|██████████| 1/1 [00:00<00:00,  1.25it/s]Predicted melting temperature: [61.136619567871094]
  seed_127 arm=t2_pos_extreme pH=7.4 targe   Tm=67.22  replicas=[67.2, 73.3, 61.1]
100%|██████████| 1/1 [00:00<00:00,  1.12it/s]

100%|██████████| 1/1 [00:00<00:00,  1.33it/s]
Predicted melting temperature: [50.79866409301758]
  seed_130 arm=t1_base pH=7.4 target=+9.0    Tm=57.61  replicas=[53.1, 68.9, 50.8]
100%|██████████| 1/1 [00:00<00:00,  1.07it/s]100%|██████████| 1/1 [00:00<00:00,  1.10it/s]

Predicted melting temperature: [60.12663269042969]
  seed_128 arm=t2_neg pH=7.4 target=+3.0 c   Tm=63.96  replicas=[63.6, 68.1, 60.1]
Predicted melting temperature: [69.20475006103516]
  seed_126 arm=t1_base pH=7.4 target=+8.0    Tm=73.04  replicas=[72.3, 77.6, 69.2]
Predicted melting temperature: [70.3613510131836]
  0%|          | 0/1 [00:00<?, ?it/s]Predicted melting temperature: [61.45635986328125]
Predicted melting temperature: [72.489501953125]
  0%|          | 0/1 [00:00<?, ?it/s]Predicted melting temperature: [71.27375793457031]
Predicted melting temperature: [69.04032897949219]
  0%|          | 0/1 [00:00<?, ?it/s]Predicted melting temperature: [76.88713073730469]
  0%|          | 0/1 [00:00<?, ?it/s]  0%|          | 0/1 [00:00<?, ?it/s]  0%|          | 0/1 [00:00<?, ?it/s]Predicted melting temperature: [74.25765991210938]
  0%|          | 0/1 [00:00<?, ?it/s]Predicted melting temperature: [66.24649810791016]
Predicted melting temperature: [76.13652801513672]
  0%|          | 0/1 [00:00<?, ?it/s]  0%|          | 0/1 [00:00<?, ?it/s]  0%|          | 0/1 [00:00<?, ?it/s]  0%|          | 0/1 [00:00<?, ?it/s]  0%|          | 0/1 [00:00<?, ?it/s]  0%|          | 0/1 [00:00<?, ?it/s]  [code/output/finetune_v5_validate/1BC8/t1_base/seqs.fa] 已写 code/output/finetune_v5_validate/1BC8/t1_base/seqs.fa.tm.csv
100%|██████████| 1/1 [00:00<00:00,  3.44it/s]100%|██████████| 1/1 [00:00<00:00,  3.43it/s]
Predicted melting temperature: [57.571876525878906]
100%|██████████| 1/1 [00:00<00:00,  3.26it/s]  0%|          | 0/1 [00:00<?, ?it/s]100%|██████████| 1/1 [00:00<00:00,  3.24it/s]
Predicted melting temperature: [53.980831146240234]
  seed_130 arm=t2_ph pH=7.4 target=均值占位 ch   Tm=57.49  replicas=[52.3, 66.2, 54.0]
  [code/output/finetune_v5_validate/1BC8/t2_ph/seqs.fa] 已写 code/output/finetune_v5_validate/1BC8/t2_ph/seqs.fa.tm.csv
100%|██████████| 1/1 [00:00<00:00,  3.01it/s]100%|██████████| 1/1 [00:00<00:00,  2.96it/s]
Predicted melting temperature: [52.411380767822266]
  0%|          | 0/1 [00:00<?, ?it/s]100%|██████████| 1/1 [00:00<00:00,  2.85it/s]100%|██████████| 1/1 [00:00<00:00,  2.78it/s]
Predicted melting temperature: [62.96006393432617]
  seed_129 arm=t2_pos pH=7.4 target=+3.0 c   Tm=65.63  replicas=[64.9, 69.0, 63.0]
  0%|          | 0/1 [00:00<?, ?it/s]100%|██████████| 1/1 [00:00<00:00,  2.53it/s]100%|██████████| 1/1 [00:00<00:00,  2.52it/s]
100%|██████████| 1/1 [00:00<00:00,  2.43it/s]Predicted melting temperature: [73.9203872680664]
  0%|          | 0/1 [00:00<?, ?it/s]100%|██████████| 1/1 [00:00<00:00,  2.42it/s]
100%|██████████| 1/1 [00:00<00:00,  2.40it/s]Predicted melting temperature: [76.9107894897461]
100%|██████████| 1/1 [00:00<00:00,  2.36it/s]  0%|          | 0/1 [00:00<?, ?it/s]100%|██████████| 1/1 [00:00<00:00,  2.36it/s]
100%|██████████| 1/1 [00:00<00:00,  2.36it/s]100%|██████████| 1/1 [00:00<00:00,  2.34it/s]
Predicted melting temperature: [82.15384674072266]
  0%|          | 0/1 [00:00<?, ?it/s]100%|██████████| 1/1 [00:00<00:00,  2.31it/s]
Predicted melting temperature: [69.87606048583984]
Predicted melting temperature: [75.56581115722656]
  0%|          | 0/1 [00:00<?, ?it/s]  0%|          | 0/1 [00:00<?, ?it/s]100%|██████████| 1/1 [00:00<00:00,  2.15it/s]100%|██████████| 1/1 [00:00<00:00,  2.15it/s]
100%|██████████| 1/1 [00:00<00:00,  2.10it/s]100%|██████████| 1/1 [00:00<00:00,  2.08it/s]
Predicted melting temperature: [76.36996459960938]
Predicted melting temperature: [73.628173828125]
  0%|          | 0/1 [00:00<?, ?it/s]  0%|          | 0/1 [00:00<?, ?it/s]100%|██████████| 1/1 [00:00<00:00,  1.75it/s]100%|██████████| 1/1 [00:00<00:00,  1.75it/s]
Predicted melting temperature: [68.70475006103516]
  seed_127 arm=t1_cond pH=7.4 target=+8.0    Tm=72.78  replicas=[72.8, 76.9, 68.7]
100%|██████████| 1/1 [00:00<00:00,  3.65it/s]  0%|          | 0/1 [00:00<?, ?it/s]100%|██████████| 1/1 [00:00<00:00,  3.57it/s]
Predicted melting temperature: [58.26616287231445]
  seed_129 arm=t2_neg pH=7.4 target=-6.0 c   Tm=59.10  replicas=[61.5, 57.6, 58.3]
100%|██████████| 1/1 [00:00<00:00,  3.98it/s]100%|██████████| 1/1 [00:00<00:00,  3.94it/s]
  0%|          | 0/1 [00:00<?, ?it/s]Predicted melting temperature: [66.71340942382812]
  0%|          | 0/1 [00:00<?, ?it/s]100%|██████████| 1/1 [00:00<00:00,  4.21it/s]100%|██████████| 1/1 [00:00<00:00,  4.15it/s]
Predicted melting temperature: [74.73320770263672]
  0%|          | 0/1 [00:00<?, ?it/s]100%|██████████| 1/1 [00:00<00:00,  1.56it/s]100%|██████████| 1/1 [00:00<00:00,  1.56it/s]
Predicted melting temperature: [52.07059097290039]
  seed_127 arm=t2_neg pH=7.4 target=+3.0 c   Tm=63.52  replicas=[64.2, 74.3, 52.1]
  0%|          | 0/1 [00:00<?, ?it/s]100%|██████████| 1/1 [00:00<00:00,  3.84it/s]100%|██████████| 1/1 [00:00<00:00,  3.83it/s]
Predicted melting temperature: [79.9677505493164]
  seed_128 arm=t2_pos_extreme pH=7.4 targe   Tm=75.46  replicas=[72.5, 73.9, 80.0]
  0%|          | 0/1 [00:00<?, ?it/s]100%|██████████| 1/1 [00:00<00:00,  3.17it/s]100%|██████████| 1/1 [00:00<00:00,  3.17it/s]
Predicted melting temperature: [74.85537719726562]
  0%|          | 0/1 [00:00<?, ?it/s]100%|██████████| 1/1 [00:00<00:00,  2.90it/s]100%|██████████| 1/1 [00:00<00:00,  2.90it/s]
Predicted melting temperature: [74.40410614013672]
  0%|          | 0/1 [00:00<?, ?it/s]100%|██████████| 1/1 [00:00<00:00,  5.00it/s]100%|██████████| 1/1 [00:00<00:00,  5.00it/s]
Predicted melting temperature: [72.88189697265625]
  0%|          | 0/1 [00:00<?, ?it/s]100%|██████████| 1/1 [00:00<00:00,  4.20it/s]100%|██████████| 1/1 [00:00<00:00,  4.16it/s]
Predicted melting temperature: [53.84983825683594]
100%|██████████| 1/1 [00:00<00:00,  2.70it/s]  0%|          | 0/1 [00:00<?, ?it/s]100%|██████████| 1/1 [00:00<00:00,  2.69it/s]
Predicted melting temperature: [70.09134674072266]
  seed_126 arm=t2_pos pH=7.4 target=+11.0    Tm=72.27  replicas=[70.4, 76.4, 70.1]
100%|██████████| 1/1 [00:00<00:00,  3.77it/s]  0%|          | 0/1 [00:00<?, ?it/s]100%|██████████| 1/1 [00:00<00:00,  3.77it/s]
Predicted melting temperature: [54.243736267089844]
  seed_130 arm=t2_neg pH=7.4 target=+4.0 c   Tm=57.79  replicas=[52.4, 66.7, 54.2]
  [code/output/finetune_v5_validate/1BC8/t2_neg/seqs.fa] 已写 code/output/finetune_v5_validate/1BC8/t2_neg/seqs.fa.tm.csv
100%|██████████| 1/1 [00:00<00:00,  4.07it/s]100%|██████████| 1/1 [00:00<00:00,  4.07it/s]
Predicted melting temperature: [79.51942443847656]
  0%|          | 0/1 [00:00<?, ?it/s]100%|██████████| 1/1 [00:00<00:00,  2.74it/s]100%|██████████| 1/1 [00:00<00:00,  2.69it/s]
100%|██████████| 1/1 [00:00<00:00,  2.11it/s]100%|██████████| 1/1 [00:00<00:00,  1.85it/s]Predicted melting temperature: [77.0361328125]
100%|██████████| 1/1 [00:00<00:00,  2.08it/s]
100%|██████████| 1/1 [00:00<00:00,  1.83it/s]
  0%|          | 0/1 [00:00<?, ?it/s]Predicted melting temperature: [58.41923904418945]
  seed_126 arm=t2_ph pH=7.4 target=均值占位 ch   Tm=68.87  replicas=[71.3, 76.9, 58.4]
  0%|          | 0/1 [00:00<?, ?it/s]Predicted melting temperature: [72.68588256835938]
  0%|          | 0/1 [00:00<?, ?it/s]100%|██████████| 1/1 [00:00<00:00,  1.83it/s]100%|██████████| 1/1 [00:00<00:00,  1.81it/s]
Predicted melting temperature: [79.99327850341797]
  seed_126 arm=t2_ph pH=7.4 target=均值占位 ch   Tm=77.23  replicas=[76.1, 75.6, 80.0]
  0%|          | 0/1 [00:00<?, ?it/s]100%|██████████| 1/1 [00:00<00:00,  5.18it/s]100%|██████████| 1/1 [00:00<00:00,  5.17it/s]100%|██████████| 1/1 [00:00<00:00,  3.42it/s]
100%|██████████| 1/1 [00:00<00:00,  3.36it/s]
Predicted melting temperature: [71.1306381225586]
  seed_129 arm=t2_neg pH=7.4 target=+3.0 c   Tm=76.05  replicas=[82.2, 74.9, 71.1]
Predicted melting temperature: [59.56990051269531]
  0%|          | 0/1 [00:00<?, ?it/s]  0%|          | 0/1 [00:00<?, ?it/s]100%|██████████| 1/1 [00:00<00:00,  3.27it/s]100%|██████████| 1/1 [00:00<00:00,  3.27it/s]
100%|██████████| 1/1 [00:00<00:00,  2.04it/s]Predicted melting temperature: [62.61078643798828]
  seed_130 arm=t2_pos pH=7.4 target=+3.0 c   Tm=70.08  replicas=[74.7, 72.9, 62.6]
100%|██████████| 1/1 [00:00<00:00,  2.03it/s]
Predicted melting temperature: [77.29895782470703]
  0%|          | 0/1 [00:00<?, ?it/s]  [code/output/finetune_v5_validate/1UBQ/t2_pos/seqs.fa] 已写 code/output/finetune_v5_validate/1UBQ/t2_pos/seqs.fa.tm.csv
100%|██████████| 1/1 [00:00<00:00,  2.83it/s]100%|██████████| 1/1 [00:00<00:00,  2.82it/s]
100%|██████████| 1/1 [00:00<00:00,  2.28it/s]Predicted melting temperature: [70.23487854003906]
100%|██████████| 1/1 [00:00<00:00,  2.24it/s]
  0%|          | 0/1 [00:00<?, ?it/s]Predicted melting temperature: [65.29190826416016]
  seed_127 arm=t1_base pH=7.4 target=+8.0    Tm=69.86  replicas=[69.9, 74.4, 65.3]
  0%|          | 0/1 [00:00<?, ?it/s]100%|██████████| 1/1 [00:00<00:00,  4.26it/s]100%|██████████| 1/1 [00:00<00:00,  4.26it/s]
Predicted melting temperature: [57.47771453857422]
  seed_130 arm=t2_neg pH=7.4 target=-6.0 c   Tm=56.97  replicas=[53.8, 59.6, 57.5]
100%|██████████| 1/1 [00:00<00:00,  2.74it/s]100%|██████████| 1/1 [00:00<00:00,  2.71it/s]
  [code/output/finetune_v5_validate/1CRN/t2_neg/seqs.fa] 已写 code/output/finetune_v5_validate/1CRN/t2_neg/seqs.fa.tm.csv
Predicted melting temperature: [75.4461669921875]
  0%|          | 0/1 [00:00<?, ?it/s]100%|██████████| 1/1 [00:00<00:00,  2.77it/s]100%|██████████| 1/1 [00:00<00:00,  2.77it/s]
100%|██████████| 1/1 [00:00<00:00,  3.81it/s]100%|██████████| 1/1 [00:00<00:00,  3.73it/s]Predicted melting temperature: [76.39522552490234]

100%|██████████| 1/1 [00:00<00:00,  2.72it/s]  0%|          | 0/1 [00:00<?, ?it/s]100%|██████████| 1/1 [00:00<00:00,  2.61it/s]
100%|██████████| 1/1 [00:00<00:00,  2.58it/s]Predicted melting temperature: [60.69295120239258]
  seed_128 arm=t2_pos_extreme pH=7.4 targe   Tm=69.00  replicas=[73.6, 72.7, 60.7]
100%|██████████| 1/1 [00:00<00:00,  2.56it/s]
Predicted melting temperature: [64.12419128417969]
  0%|          | 0/1 [00:00<?, ?it/s]  0%|          | 0/1 [00:00<?, ?it/s]Predicted melting temperature: [69.25857543945312]
  0%|          | 0/1 [00:00<?, ?it/s]100%|██████████| 1/1 [00:00<00:00,  2.91it/s]100%|██████████| 1/1 [00:00<00:00,  2.90it/s]
Predicted melting temperature: [78.88733673095703]
  0%|          | 0/1 [00:00<?, ?it/s]100%|██████████| 1/1 [00:00<00:00,  1.92it/s]100%|██████████| 1/1 [00:00<00:00,  1.90it/s]
Predicted melting temperature: [62.88603210449219]
  0%|          | 0/1 [00:00<?, ?it/s]100%|██████████| 1/1 [00:00<00:00,  2.64it/s]100%|██████████| 1/1 [00:00<00:00,  2.64it/s]
100%|██████████| 1/1 [00:00<00:00,  3.36it/s]100%|██████████| 1/1 [00:00<00:00,  3.27it/s]
Predicted melting temperature: [78.14095306396484]
  seed_129 arm=t2_pos_extreme pH=7.4 targe   Tm=77.70  replicas=[79.5, 75.4, 78.1]
  0%|          | 0/1 [00:00<?, ?it/s]Predicted melting temperature: [74.78109741210938]
  0%|          | 0/1 [00:00<?, ?it/s]100%|██████████| 1/1 [00:00<00:00,  2.65it/s]100%|██████████| 1/1 [00:00<00:00,  2.60it/s]
Predicted melting temperature: [68.81449890136719]
  0%|          | 0/1 [00:00<?, ?it/s]100%|██████████| 1/1 [00:00<00:00,  3.27it/s]100%|██████████| 1/1 [00:00<00:00,  3.26it/s]
Predicted melting temperature: [73.61514282226562]
  0%|          | 0/1 [00:00<?, ?it/s]100%|██████████| 1/1 [00:00<00:00,  2.56it/s]100%|██████████| 1/1 [00:00<00:00,  2.56it/s]
100%|██████████| 1/1 [00:00<00:00,  2.42it/s]100%|██████████| 1/1 [00:00<00:00,  2.42it/s]
Predicted melting temperature: [66.61280822753906]
  seed_128 arm=t1_cond pH=7.4 target=+8.0    Tm=73.35  replicas=[77.0, 76.4, 66.6]
  0%|          | 0/1 [00:00<?, ?it/s]Predicted melting temperature: [69.84306335449219]
  0%|          | 0/1 [00:00<?, ?it/s]100%|██████████| 1/1 [00:00<00:00,  3.35it/s]100%|██████████| 1/1 [00:00<00:00,  3.35it/s]
Predicted melting temperature: [73.59461212158203]
  0%|          | 0/1 [00:00<?, ?it/s]100%|██████████| 1/1 [00:00<00:00,  4.06it/s]100%|██████████| 1/1 [00:00<00:00,  4.01it/s]
Predicted melting temperature: [73.82351684570312]
  0%|          | 0/1 [00:00<?, ?it/s]100%|██████████| 1/1 [00:00<00:00,  2.58it/s]100%|██████████| 1/1 [00:00<00:00,  2.58it/s]
Predicted melting temperature: [65.8943099975586]
  seed_128 arm=t2_neg pH=7.4 target=+3.0 c   Tm=74.03  replicas=[77.3, 78.9, 65.9]
  0%|          | 0/1 [00:00<?, ?it/s]100%|██████████| 1/1 [00:00<00:00,  1.82it/s]100%|██████████| 1/1 [00:00<00:00,  1.82it/s]
Predicted melting temperature: [75.53192901611328]
  0%|          | 0/1 [00:00<?, ?it/s]100%|██████████| 1/1 [00:00<00:00,  2.89it/s]100%|██████████| 1/1 [00:00<00:00,  2.89it/s]
Predicted melting temperature: [67.11988067626953]
  seed_127 arm=t2_pos pH=7.4 target=+11.0    Tm=70.71  replicas=[70.2, 74.8, 67.1]
  0%|          | 0/1 [00:00<?, ?it/s]100%|██████████| 1/1 [00:00<00:00,  2.67it/s]100%|██████████| 1/1 [00:00<00:00,  2.67it/s]
Predicted melting temperature: [76.93004608154297]
  0%|          | 0/1 [00:00<?, ?it/s]100%|██████████| 1/1 [00:00<00:00,  2.77it/s]100%|██████████| 1/1 [00:00<00:00,  2.77it/s]
Predicted melting temperature: [74.7315444946289]
  seed_130 arm=t2_neg pH=7.4 target=+3.0 c   Tm=70.82  replicas=[64.1, 73.6, 74.7]
  [code/output/finetune_v5_validate/1b24A01/t2_neg/seqs.fa] 已写 code/output/finetune_v5_validate/1b24A01/t2_neg/seqs.fa.tm.csv
100%|██████████| 1/1 [00:00<00:00,  4.23it/s]100%|██████████| 1/1 [00:00<00:00,  4.23it/s]
100%|██████████| 1/1 [00:00<00:00,  2.89it/s]Predicted melting temperature: [70.38432312011719]
  0%|          | 0/1 [00:00<?, ?it/s]100%|██████████| 1/1 [00:00<00:00,  2.80it/s]
Predicted melting temperature: [73.75562286376953]
  0%|          | 0/1 [00:00<?, ?it/s]100%|██████████| 1/1 [00:00<00:00,  2.52it/s]100%|██████████| 1/1 [00:00<00:00,  2.51it/s]
Predicted melting temperature: [70.11686706542969]
  0%|          | 0/1 [00:00<?, ?it/s]100%|██████████| 1/1 [00:00<00:00,  3.02it/s]100%|██████████| 1/1 [00:00<00:00,  2.99it/s]
Predicted melting temperature: [64.9241943359375]
  seed_127 arm=t2_ph pH=7.4 target=均值占位 ch   Tm=67.13  replicas=[62.9, 73.6, 64.9]
  0%|          | 0/1 [00:00<?, ?it/s]100%|██████████| 1/1 [00:00<00:00,  2.58it/s]100%|██████████| 1/1 [00:00<00:00,  2.58it/s]
Predicted melting temperature: [69.25627899169922]
  0%|          | 0/1 [00:00<?, ?it/s]100%|██████████| 1/1 [00:00<00:00,  2.83it/s]100%|██████████| 1/1 [00:00<00:00,  2.82it/s]
Predicted melting temperature: [71.33463287353516]
  0%|          | 0/1 [00:00<?, ?it/s]100%|██████████| 1/1 [00:00<00:00,  2.32it/s]100%|██████████| 1/1 [00:00<00:00,  2.32it/s]
Predicted melting temperature: [56.15412139892578]
  seed_127 arm=t2_ph pH=7.4 target=均值占位 ch   Tm=66.98  replicas=[69.3, 75.5, 56.2]
  0%|          | 0/1 [00:00<?, ?it/s]100%|██████████| 1/1 [00:00<00:00,  2.33it/s]100%|██████████| 1/1 [00:00<00:00,  2.33it/s]
Predicted melting temperature: [75.4927749633789]
  seed_128 arm=t1_base pH=7.4 target=+8.0    Tm=73.75  replicas=[68.8, 76.9, 75.5]
  0%|          | 0/1 [00:00<?, ?it/s]100%|██████████| 1/1 [00:00<00:00,  2.74it/s]100%|██████████| 1/1 [00:00<00:00,  2.74it/s]
Predicted melting temperature: [76.6991195678711]
  seed_130 arm=t2_pos_extreme pH=7.4 targe   Tm=73.64  replicas=[73.8, 70.4, 76.7]
  [code/output/finetune_v5_validate/1b24A01/t2_pos_extreme/seqs.fa] 已写 code/output/finetune_v5_validate/1b24A01/t2_pos_extreme/seqs.fa.tm.csv
100%|██████████| 1/1 [00:00<00:00,  2.59it/s]100%|██████████| 1/1 [00:00<00:00,  2.59it/s]
100%|██████████| 1/1 [00:00<00:00,  2.75it/s]Predicted melting temperature: [68.54420471191406]
  seed_129 arm=t2_pos_extreme pH=7.4 targe   Tm=70.71  replicas=[69.8, 73.8, 68.5]
100%|██████████| 1/1 [00:00<00:00,  2.74it/s]
Predicted melting temperature: [75.29141998291016]
  0%|          | 0/1 [00:00<?, ?it/s]  0%|          | 0/1 [00:00<?, ?it/s]100%|██████████| 1/1 [00:00<00:00,  2.30it/s]100%|██████████| 1/1 [00:00<00:00,  2.30it/s]
Predicted melting temperature: [55.55891799926758]
  0%|          | 0/1 [00:00<?, ?it/s]100%|██████████| 1/1 [00:00<00:00,  2.85it/s]100%|██████████| 1/1 [00:00<00:00,  2.85it/s]
Predicted melting temperature: [73.37744140625]
  0%|          | 0/1 [00:00<?, ?it/s]100%|██████████| 1/1 [00:00<00:00,  2.87it/s]100%|██████████| 1/1 [00:00<00:00,  2.86it/s]
100%|██████████| 1/1 [00:00<00:00,  2.33it/s]100%|██████████| 1/1 [00:00<00:00,  2.31it/s]
Predicted melting temperature: [75.52479553222656]
Predicted melting temperature: [75.90888977050781]
  0%|          | 0/1 [00:00<?, ?it/s]  0%|          | 0/1 [00:00<?, ?it/s]100%|██████████| 1/1 [00:00<00:00,  2.74it/s]100%|██████████| 1/1 [00:00<00:00,  2.74it/s]
Predicted melting temperature: [74.23712158203125]
  0%|          | 0/1 [00:00<?, ?it/s]100%|██████████| 1/1 [00:00<00:00,  2.96it/s]100%|██████████| 1/1 [00:00<00:00,  2.96it/s]
Predicted melting temperature: [63.807674407958984]
  seed_129 arm=t1_cond pH=7.4 target=+8.0    Tm=69.74  replicas=[70.1, 75.3, 63.8]
100%|██████████| 1/1 [00:00<00:00,  2.84it/s]  0%|          | 0/1 [00:00<?, ?it/s]100%|██████████| 1/1 [00:00<00:00,  2.82it/s]
Predicted melting temperature: [78.40121459960938]
  0%|          | 0/1 [00:00<?, ?it/s]100%|██████████| 1/1 [00:00<00:00,  3.02it/s]100%|██████████| 1/1 [00:00<00:00,  3.01it/s]
Predicted melting temperature: [69.14875793457031]
  0%|          | 0/1 [00:00<?, ?it/s]100%|██████████| 1/1 [00:00<00:00,  2.95it/s]100%|██████████| 1/1 [00:00<00:00,  2.95it/s]
Predicted melting temperature: [56.599609375]
  seed_129 arm=t2_neg pH=7.4 target=+3.0 c   Tm=67.25  replicas=[69.3, 75.9, 56.6]
100%|██████████| 1/1 [00:00<00:00,  2.63it/s]  0%|          | 0/1 [00:00<?, ?it/s]100%|██████████| 1/1 [00:00<00:00,  2.57it/s]
Predicted melting temperature: [60.4496955871582]
  seed_128 arm=t2_pos pH=7.4 target=+11.0    Tm=68.39  replicas=[71.3, 73.4, 60.4]
100%|██████████| 1/1 [00:00<00:00,  2.76it/s]100%|██████████| 1/1 [00:00<00:00,  2.74it/s]
Predicted melting temperature: [80.64218139648438]
  0%|          | 0/1 [00:00<?, ?it/s]  0%|          | 0/1 [00:00<?, ?it/s]100%|██████████| 1/1 [00:00<00:00,  2.41it/s]100%|██████████| 1/1 [00:00<00:00,  2.41it/s]
Predicted melting temperature: [76.775390625]
  0%|          | 0/1 [00:00<?, ?it/s]100%|██████████| 1/1 [00:00<00:00,  2.74it/s]100%|██████████| 1/1 [00:00<00:00,  2.70it/s]
Predicted melting temperature: [77.79216003417969]
  0%|          | 0/1 [00:00<?, ?it/s]100%|██████████| 1/1 [00:00<00:00,  3.58it/s]100%|██████████| 1/1 [00:00<00:00,  3.51it/s]
100%|██████████| 1/1 [00:00<00:00,  2.50it/s]Predicted melting temperature: [49.963924407958984]
  seed_128 arm=t2_ph pH=7.4 target=均值占位 ch   Tm=58.22  replicas=[55.6, 69.1, 50.0]
100%|██████████| 1/1 [00:00<00:00,  2.48it/s]
  0%|          | 0/1 [00:00<?, ?it/s]Predicted melting temperature: [71.94933319091797]
  0%|          | 0/1 [00:00<?, ?it/s]100%|██████████| 1/1 [00:00<00:00,  2.89it/s]100%|██████████| 1/1 [00:00<00:00,  2.88it/s]
Predicted melting temperature: [74.41249084472656]
  0%|          | 0/1 [00:00<?, ?it/s]100%|██████████| 1/1 [00:00<00:00,  2.68it/s]100%|██████████| 1/1 [00:00<00:00,  2.68it/s]
Predicted melting temperature: [72.96175384521484]
  0%|          | 0/1 [00:00<?, ?it/s]100%|██████████| 1/1 [00:00<00:00,  2.54it/s]100%|██████████| 1/1 [00:00<00:00,  2.51it/s]
Predicted melting temperature: [73.47611236572266]
  seed_128 arm=t2_ph pH=7.4 target=均值占位 ch   Tm=76.55  replicas=[75.5, 80.6, 73.5]
  0%|          | 0/1 [00:00<?, ?it/s]100%|██████████| 1/1 [00:00<00:00,  3.26it/s]100%|██████████| 1/1 [00:00<00:00,  3.26it/s]
100%|██████████| 1/1 [00:00<00:00,  2.80it/s]100%|██████████| 1/1 [00:00<00:00,  2.89it/s]100%|██████████| 1/1 [00:00<00:00,  2.74it/s]100%|██████████| 1/1 [00:00<00:00,  2.87it/s]

Predicted melting temperature: [75.11272430419922]
  seed_130 arm=t2_pos_extreme pH=7.4 targe   Tm=77.10  replicas=[78.4, 77.8, 75.1]
Predicted melting temperature: [69.0993881225586]
  seed_129 arm=t1_base pH=7.4 target=+8.0    Tm=73.37  replicas=[74.2, 76.8, 69.1]
Predicted melting temperature: [53.353424072265625]
  0%|          | 0/1 [00:00<?, ?it/s]  0%|          | 0/1 [00:00<?, ?it/s]  [code/output/finetune_v5_validate/2LZM/t2_pos_extreme/seqs.fa] 已写 code/output/finetune_v5_validate/2LZM/t2_pos_extreme/seqs.fa.tm.csv
100%|██████████| 1/1 [00:00<00:00,  2.55it/s]100%|██████████| 1/1 [00:00<00:00,  2.55it/s]
Predicted melting temperature: [73.98193359375]
  0%|          | 0/1 [00:00<?, ?it/s]100%|██████████| 1/1 [00:00<00:00,  2.52it/s]100%|██████████| 1/1 [00:00<00:00,  2.52it/s]
100%|██████████| 1/1 [00:00<00:00,  2.81it/s]100%|██████████| 1/1 [00:00<00:00,  2.75it/s]Predicted melting temperature: [77.65869140625]

  0%|          | 0/1 [00:00<?, ?it/s]Predicted melting temperature: [75.26331329345703]
  0%|          | 0/1 [00:00<?, ?it/s]100%|██████████| 1/1 [00:00<00:00,  3.60it/s]100%|██████████| 1/1 [00:00<00:00,  3.59it/s]
Predicted melting temperature: [69.62627410888672]
  0%|          | 0/1 [00:00<?, ?it/s]100%|██████████| 1/1 [00:00<00:00,  2.09it/s]100%|██████████| 1/1 [00:00<00:00,  2.09it/s]
Predicted melting temperature: [66.30764770507812]
  0%|          | 0/1 [00:00<?, ?it/s]100%|██████████| 1/1 [00:00<00:00,  2.67it/s]100%|██████████| 1/1 [00:00<00:00,  2.64it/s]
Predicted melting temperature: [73.75540924072266]
  0%|          | 0/1 [00:00<?, ?it/s]100%|██████████| 1/1 [00:00<00:00,  2.69it/s]100%|██████████| 1/1 [00:00<00:00,  2.69it/s]
Predicted melting temperature: [62.744842529296875]
  seed_130 arm=t1_cond pH=7.4 target=+8.0    Tm=69.56  replicas=[71.9, 74.0, 62.7]
  [code/output/finetune_v5_validate/2LZM/t1_cond/seqs.fa] 已写 code/output/finetune_v5_validate/2LZM/t1_cond/seqs.fa.tm.csv
100%|██████████| 1/1 [00:00<00:00,  2.85it/s]100%|██████████| 1/1 [00:00<00:00,  2.85it/s]100%|██████████| 1/1 [00:00<00:00,  3.03it/s]100%|██████████| 1/1 [00:00<00:00,  2.47it/s]100%|██████████| 1/1 [00:00<00:00,  2.52it/s]100%|██████████| 1/1 [00:00<00:00,  2.40it/s]
100%|██████████| 1/1 [00:01<00:00,  1.99s/it]100%|██████████| 1/1 [00:01<00:00,  1.94s/it]

Predicted melting temperature: [70.65546417236328]
  seed_129 arm=t2_pos pH=7.4 target=+11.0    Tm=72.96  replicas=[73.0, 75.3, 70.7]
Predicted melting temperature: [73.05889129638672]
  seed_130 arm=t2_neg pH=7.4 target=+3.0 c   Tm=75.04  replicas=[74.4, 77.7, 73.1]
Predicted melting temperature: [49.95893478393555]
  seed_129 arm=t2_ph pH=7.4 target=均值占位 ch   Tm=57.65  replicas=[53.4, 69.6, 50.0]
100%|██████████| 1/1 [00:02<00:00,  2.24s/it]
100%|██████████| 1/1 [00:02<00:00,  2.25s/it]
Predicted melting temperature: [77.03499603271484]
  0%|          | 0/1 [00:00<?, ?it/s]  0%|          | 0/1 [00:00<?, ?it/s]Predicted melting temperature: [76.31288146972656]
  0%|          | 0/1 [00:00<?, ?it/s]  0%|          | 0/1 [00:00<?, ?it/s]  [code/output/finetune_v5_validate/2LZM/t2_neg/seqs.fa] 已写 code/output/finetune_v5_validate/2LZM/t2_neg/seqs.fa.tm.csv
100%|██████████| 1/1 [00:00<00:00,  2.98it/s]100%|██████████| 1/1 [00:00<00:00,  2.51it/s]100%|██████████| 1/1 [00:00<00:00,  2.50it/s]100%|██████████| 1/1 [00:00<00:00,  2.40it/s]100%|██████████| 1/1 [00:00<00:00,  1.17it/s]
Predicted melting temperature: [70.3583755493164]
  seed_130 arm=t1_base pH=7.4 target=+8.0    Tm=73.72  replicas=[73.8, 77.0, 70.4]
100%|██████████| 1/1 [00:00<00:00,  1.18it/s]
100%|██████████| 1/1 [00:00<00:00,  1.17it/s]100%|██████████| 1/1 [00:00<00:00,  1.17it/s]

Predicted melting temperature: [56.68332290649414]
  seed_129 arm=t2_ph pH=7.4 target=均值占位 ch   Tm=66.43  replicas=[66.3, 76.3, 56.7]
  0%|          | 0/1 [00:00<?, ?it/s]Predicted melting temperature: [71.94766235351562]
  0%|          | 0/1 [00:00<?, ?it/s]Predicted melting temperature: [72.15129852294922]
  0%|          | 0/1 [00:00<?, ?it/s]  [code/output/finetune_v5_validate/2LZM/t1_base/seqs.fa] 已写 code/output/finetune_v5_validate/2LZM/t1_base/seqs.fa.tm.csv
100%|██████████| 1/1 [00:00<00:00,  2.97it/s]100%|██████████| 1/1 [00:00<00:00,  2.97it/s]
Predicted melting temperature: [73.92619323730469]
  0%|          | 0/1 [00:00<?, ?it/s]100%|██████████| 1/1 [00:00<00:00,  2.49it/s]100%|██████████| 1/1 [00:00<00:00,  2.49it/s]
Predicted melting temperature: [75.99205017089844]
  0%|          | 0/1 [00:00<?, ?it/s]100%|██████████| 1/1 [00:00<00:00,  2.26it/s]100%|██████████| 1/1 [00:00<00:00,  2.26it/s]
Predicted melting temperature: [76.51528930664062]
  0%|          | 0/1 [00:00<?, ?it/s]100%|██████████| 1/1 [00:00<00:00,  3.68it/s]100%|██████████| 1/1 [00:00<00:00,  3.68it/s]
Predicted melting temperature: [74.95030975341797]
  seed_130 arm=t2_ph pH=7.4 target=均值占位 ch   Tm=73.68  replicas=[72.2, 73.9, 75.0]
  [code/output/finetune_v5_validate/1b24A01/t2_ph/seqs.fa] 已写 code/output/finetune_v5_validate/1b24A01/t2_ph/seqs.fa.tm.csv
100%|██████████| 1/1 [00:00<00:00,  2.92it/s]100%|██████████| 1/1 [00:00<00:00,  2.92it/s]
Predicted melting temperature: [68.79393768310547]
  seed_130 arm=t2_pos pH=7.4 target=+11.0    Tm=72.24  replicas=[71.9, 76.0, 68.8]
  [code/output/finetune_v5_validate/2LZM/t2_pos/seqs.fa] 已写 code/output/finetune_v5_validate/2LZM/t2_pos/seqs.fa.tm.csv
100%|██████████| 1/1 [00:00<00:00,  2.96it/s]100%|██████████| 1/1 [00:00<00:00,  2.96it/s]
Predicted melting temperature: [81.07273864746094]
  0%|          | 0/1 [00:00<?, ?it/s]100%|██████████| 1/1 [00:00<00:00,  2.92it/s]100%|██████████| 1/1 [00:00<00:00,  2.92it/s]
Predicted melting temperature: [71.16060638427734]
  seed_130 arm=t2_ph pH=7.4 target=均值占位 ch   Tm=76.25  replicas=[76.5, 81.1, 71.2]
  [code/output/finetune_v5_validate/2LZM/t2_ph/seqs.fa] 已写 code/output/finetune_v5_validate/2LZM/t2_ph/seqs.fa.tm.csv
  TemBERTure DONE 22:14:51
=== ALL PHASE3 V2 SCORING DONE ===
