  sample_1                                 TM-score=0.65339  RMSD=3.64
  sample_10                                TM-score=0.67113  RMSD=3.21
  sample_100                               TM-score=0.65837  RMSD=3.32
  sample_101                               TM-score=0.60129  RMSD=3.51
  sample_102                               TM-score=0.6077  RMSD=3.82
  sample_103                               TM-score=0.62537  RMSD=3.44
  sample_104                               TM-score=0.66897  RMSD=3.31
  sample_105                               TM-score=0.67571  RMSD=3.18
  sample_106                               TM-score=0.65053  RMSD=3.68
  sample_107                               TM-score=0.67891  RMSD=3.33
  sample_108                               TM-score=0.69684  RMSD=3.16
  sample_109                               TM-score=0.70327  RMSD=3.05
  sample_11                                TM-score=0.45371  RMSD=4.36
  sample_110                               TM-score=0.67472  RMSD=3.29
  sample_111                               TM-score=0.73288  RMSD=3.11
  sample_112                               TM-score=0.58371  RMSD=3.79
  sample_113                               TM-score=0.65197  RMSD=3.56
  sample_114                               TM-score=0.74436  RMSD=2.54
  sample_115                               TM-score=0.63139  RMSD=3.89
  sample_116                               TM-score=0.59281  RMSD=3.52
  sample_117                               TM-score=0.52175  RMSD=3.55
  sample_118                               TM-score=0.63644  RMSD=3.79
  sample_119                               TM-score=0.55985  RMSD=4.23
  sample_12                                TM-score=0.52692  RMSD=3.54
  sample_120                               TM-score=0.4988  RMSD=4.32
  sample_121                               TM-score=0.69242  RMSD=3.45
  sample_122                               TM-score=0.61326  RMSD=3.61
  sample_123                               TM-score=0.60993  RMSD=3.55
  sample_124                               TM-score=0.67771  RMSD=3.28
  sample_125                               TM-score=0.21082  RMSD=4.92
  sample_126                               TM-score=0.57561  RMSD=3.94
  sample_127                               TM-score=0.74576  RMSD=2.89
  sample_128                               TM-score=0.63622  RMSD=3.64
  sample_129                               TM-score=0.65934  RMSD=3.56
  sample_13                                TM-score=0.62674  RMSD=3.74
  sample_130                               TM-score=0.62932  RMSD=3.53
  sample_131                               TM-score=0.63972  RMSD=3.59
  sample_132                               TM-score=0.52377  RMSD=4.01
  sample_133                               TM-score=0.52649  RMSD=3.45
  sample_134                               TM-score=0.6706  RMSD=3.31
  sample_135                               TM-score=0.54475  RMSD=4.05
  sample_136                               TM-score=0.68831  RMSD=3.07
  sample_137                               TM-score=0.63602  RMSD=3.63
  sample_138                               TM-score=0.43565  RMSD=4.56
  sample_139                               TM-score=0.63151  RMSD=3.63
  sample_14                                TM-score=0.55949  RMSD=4.1
  sample_140                               TM-score=0.67254  RMSD=3.41
  sample_141                               TM-score=0.66947  RMSD=3.34
  sample_142                               TM-score=0.56595  RMSD=4.16
  sample_143                               TM-score=0.72771  RMSD=2.9
  sample_144                               TM-score=0.67312  RMSD=3.5
  sample_145                               TM-score=0.73959  RMSD=2.73
  sample_146                               TM-score=0.65682  RMSD=3.44
  sample_147                               TM-score=0.57846  RMSD=3.94
  sample_148                               TM-score=0.70114  RMSD=3.09
  sample_149                               TM-score=0.76137  RMSD=2.79
  sample_15                                TM-score=0.695  RMSD=3.26
  sample_150                               TM-score=0.55  RMSD=4.34
  sample_151                               TM-score=0.62187  RMSD=3.6
  sample_152                               TM-score=0.65546  RMSD=3.32
  sample_153                               TM-score=0.67798  RMSD=3.08
  sample_154                               TM-score=0.73105  RMSD=2.98
  sample_155                               TM-score=0.61791  RMSD=3.6
  sample_156                               TM-score=0.66017  RMSD=3.34
  sample_157                               TM-score=0.69149  RMSD=2.9
  sample_158                               TM-score=0.68463  RMSD=3.01
  sample_159                               TM-score=0.59398  RMSD=3.85
  sample_16                                TM-score=0.72368  RMSD=3.01
  sample_160                               TM-score=0.63382  RMSD=3.64
  sample_161                               TM-score=0.61531  RMSD=3.49
  sample_162                               TM-score=0.54857  RMSD=4.04
  sample_163                               TM-score=0.68171  RMSD=3.1
  sample_164                               TM-score=0.7367  RMSD=2.97
  sample_165                               TM-score=0.76774  RMSD=2.71
  sample_166                               TM-score=0.69535  RMSD=3.14
  sample_167                               TM-score=0.53351  RMSD=3.43
  sample_168                               TM-score=0.67007  RMSD=3.52
  sample_169                               TM-score=0.62167  RMSD=3.64
  sample_17                                TM-score=0.47626  RMSD=4.59
  sample_170                               TM-score=0.69454  RMSD=2.99
  sample_171                               TM-score=0.55668  RMSD=4.23
  sample_172                               TM-score=0.58239  RMSD=4.01
  sample_173                               TM-score=0.52124  RMSD=3.15
  sample_174                               TM-score=0.69546  RMSD=3.13
  sample_175                               TM-score=0.6971  RMSD=3.07
  sample_176                               TM-score=0.68566  RMSD=3.19
  sample_177                               TM-score=0.57639  RMSD=3.81
  sample_178                               TM-score=0.56799  RMSD=3.87
  sample_179                               TM-score=0.62384  RMSD=3.53
  sample_18                                TM-score=0.64946  RMSD=3.41
  sample_180                               TM-score=0.67648  RMSD=3.28
  sample_181                               TM-score=0.68706  RMSD=3.25
  sample_182                               TM-score=0.66872  RMSD=3.55
  sample_183                               TM-score=0.59907  RMSD=3.94
  sample_184                               TM-score=0.64904  RMSD=3.46
  sample_185                               TM-score=0.74841  RMSD=2.78
  sample_186                               TM-score=0.49492  RMSD=4.14
  sample_187                               TM-score=0.53899  RMSD=3.31
  sample_188                               TM-score=0.66345  RMSD=3.44
  sample_189                               TM-score=0.71611  RMSD=2.97
  sample_19                                TM-score=0.57175  RMSD=4.0
  sample_190                               TM-score=0.56411  RMSD=3.74
  sample_191                               TM-score=0.60411  RMSD=3.68
  sample_192                               TM-score=0.55561  RMSD=3.81
  sample_193                               TM-score=0.58115  RMSD=3.23
  sample_194                               TM-score=0.65985  RMSD=3.48
  sample_195                               TM-score=0.49301  RMSD=3.65
  sample_196                               TM-score=0.74183  RMSD=2.76
  sample_197                               TM-score=0.71697  RMSD=2.95
  sample_198                               TM-score=0.47319  RMSD=4.29
  sample_199                               TM-score=0.59624  RMSD=2.9
  sample_2                                 TM-score=0.72978  RMSD=3.01
  sample_20                                TM-score=0.66359  RMSD=3.32
  sample_200                               TM-score=0.65282  RMSD=3.6
  sample_201                               TM-score=0.75568  RMSD=2.64
  sample_202                               TM-score=0.52386  RMSD=4.11
  sample_203                               TM-score=0.67507  RMSD=3.15
  sample_204                               TM-score=0.63308  RMSD=3.52
  sample_205                               TM-score=0.60647  RMSD=3.78
  sample_206                               TM-score=0.55466  RMSD=4.28
  sample_207                               TM-score=0.69563  RMSD=3.08
  sample_208                               TM-score=0.50011  RMSD=3.56
  sample_209                               TM-score=0.6713  RMSD=3.46
  sample_21                                TM-score=0.60857  RMSD=3.41
  sample_210                               TM-score=0.63578  RMSD=3.66
  sample_211                               TM-score=0.53711  RMSD=3.98
  sample_212                               TM-score=0.72755  RMSD=3.06
  sample_213                               TM-score=0.63296  RMSD=3.73
  sample_214                               TM-score=0.68767  RMSD=3.33
  sample_215                               TM-score=0.64636  RMSD=3.31
  sample_216                               TM-score=0.60674  RMSD=3.49
  sample_217                               TM-score=0.6893  RMSD=3.2
  sample_218                               TM-score=0.68309  RMSD=3.26
  sample_219                               TM-score=0.63268  RMSD=3.47
  sample_22                                TM-score=0.64764  RMSD=3.51
  sample_220                               TM-score=0.64088  RMSD=3.24
  sample_221                               TM-score=0.69825  RMSD=2.97
  sample_222                               TM-score=0.54675  RMSD=4.07
  sample_223                               TM-score=0.71372  RMSD=3.16
  sample_224                               TM-score=0.63344  RMSD=3.67
  sample_225                               TM-score=0.48948  RMSD=4.98
  sample_226                               TM-score=0.68875  RMSD=3.12
  sample_227                               TM-score=0.54536  RMSD=3.32
  sample_228                               TM-score=0.61797  RMSD=3.75
  sample_229                               TM-score=0.58691  RMSD=3.98
  sample_23                                TM-score=0.61882  RMSD=3.87
  sample_230                               TM-score=0.49951  RMSD=4.4
  sample_231                               TM-score=0.64148  RMSD=3.6
  sample_232                               TM-score=0.59126  RMSD=3.86
  sample_233                               TM-score=0.68107  RMSD=2.88
  sample_234                               TM-score=0.58753  RMSD=4.0
  sample_235                               TM-score=0.51437  RMSD=4.18
  sample_236                               TM-score=0.65153  RMSD=4.08
  sample_237                               TM-score=0.61862  RMSD=3.63
  sample_238                               TM-score=0.53205  RMSD=4.03
  sample_239                               TM-score=0.67283  RMSD=3.2
  sample_24                                TM-score=0.51164  RMSD=4.28
  sample_240                               TM-score=0.73547  RMSD=2.94
  sample_241                               TM-score=0.66051  RMSD=3.17
  sample_242                               TM-score=0.54574  RMSD=3.04
  sample_243                               TM-score=0.51757  RMSD=4.13
  sample_244                               TM-score=0.62758  RMSD=3.69
  sample_245                               TM-score=0.61115  RMSD=3.37
  sample_246                               TM-score=0.7074  RMSD=3.0
  sample_247                               TM-score=0.53623  RMSD=4.41
  sample_248                               TM-score=0.52252  RMSD=4.34
  sample_249                               TM-score=0.49203  RMSD=3.5
  sample_25                                TM-score=0.64869  RMSD=3.49
  sample_250                               TM-score=0.67017  RMSD=3.27
  sample_251                               TM-score=0.25032  RMSD=5.07
  sample_252                               TM-score=0.60175  RMSD=3.64
  sample_253                               TM-score=0.50096  RMSD=3.92
  sample_254                               TM-score=0.58503  RMSD=3.99
  sample_255                               TM-score=0.54823  RMSD=4.1
  sample_256                               TM-score=0.52458  RMSD=4.18
  sample_257                               TM-score=0.70052  RMSD=3.18
  sample_258                               TM-score=0.67141  RMSD=3.24
  sample_259                               TM-score=0.54997  RMSD=4.15
  sample_26                                TM-score=0.54841  RMSD=4.31
  sample_260                               TM-score=0.66646  RMSD=3.22
  sample_261                               TM-score=0.70381  RMSD=3.02
  sample_262                               TM-score=0.62297  RMSD=3.53
  sample_263                               TM-score=0.61742  RMSD=3.7
  sample_264                               TM-score=0.67463  RMSD=3.36
  sample_265                               TM-score=0.60507  RMSD=3.98
  sample_266                               TM-score=0.54949  RMSD=4.04
  sample_267                               TM-score=0.68439  RMSD=3.31
  sample_268                               TM-score=0.59252  RMSD=3.94
  sample_269                               TM-score=0.52937  RMSD=4.15
  sample_27                                TM-score=0.67074  RMSD=3.28
  sample_270                               TM-score=0.72626  RMSD=2.78
  sample_271                               TM-score=0.56481  RMSD=3.85
  sample_272                               TM-score=0.65612  RMSD=3.65
  sample_273                               TM-score=0.62577  RMSD=3.77
  sample_274                               TM-score=0.71957  RMSD=2.86
  sample_275                               TM-score=0.61421  RMSD=3.62
  sample_276                               TM-score=0.70422  RMSD=3.02
  sample_277                               TM-score=0.71004  RMSD=3.12
  sample_278                               TM-score=0.56154  RMSD=4.05
  sample_279                               TM-score=0.69036  RMSD=3.1
  sample_28                                TM-score=0.73731  RMSD=2.78
  sample_280                               TM-score=0.65198  RMSD=3.48
  sample_281                               TM-score=0.68567  RMSD=3.24
  sample_282                               TM-score=0.70956  RMSD=3.04
  sample_283                               TM-score=0.71319  RMSD=2.98
  sample_284                               TM-score=0.72877  RMSD=2.76
  sample_285                               TM-score=0.60866  RMSD=3.72
  sample_286                               TM-score=0.66442  RMSD=3.26
  sample_287                               TM-score=0.62178  RMSD=3.73
  sample_288                               TM-score=0.68214  RMSD=3.15
  sample_289                               TM-score=0.46691  RMSD=4.23
  sample_29                                TM-score=0.66794  RMSD=3.28
  sample_290                               TM-score=0.5234  RMSD=3.76
  sample_291                               TM-score=0.66191  RMSD=3.32
  sample_292                               TM-score=0.55333  RMSD=3.14
  sample_293                               TM-score=0.59375  RMSD=3.93
  sample_294                               TM-score=0.54031  RMSD=4.38
  sample_295                               TM-score=0.6447  RMSD=3.64
  sample_296                               TM-score=0.7452  RMSD=2.78
  sample_297                               TM-score=0.55611  RMSD=3.73
  sample_298                               TM-score=0.63728  RMSD=3.63
  sample_299                               TM-score=0.5548  RMSD=3.55
  sample_3                                 TM-score=0.60047  RMSD=3.94
  sample_30                                TM-score=0.68846  RMSD=3.09
  sample_300                               TM-score=0.72539  RMSD=2.94
  sample_31                                TM-score=0.58119  RMSD=4.05
  sample_32                                TM-score=0.4777  RMSD=3.5
  sample_33                                TM-score=0.73612  RMSD=2.64
  sample_34                                TM-score=0.5245  RMSD=3.72
  sample_35                                TM-score=0.68302  RMSD=3.25
  sample_36                                TM-score=0.53259  RMSD=4.05
  sample_37                                TM-score=0.64023  RMSD=3.48
  sample_38                                TM-score=0.65215  RMSD=3.41
  sample_39                                TM-score=0.71607  RMSD=3.05
  sample_4                                 TM-score=0.70217  RMSD=3.07
  sample_40                                TM-score=0.73202  RMSD=2.82
  sample_41                                TM-score=0.73795  RMSD=2.79
  sample_42                                TM-score=0.65805  RMSD=3.58
  sample_43                                TM-score=0.69389  RMSD=3.17
  sample_44                                TM-score=0.63894  RMSD=3.37
  sample_45                                TM-score=0.54963  RMSD=3.88
  sample_46                                TM-score=0.58142  RMSD=3.61
  sample_47                                TM-score=0.54657  RMSD=4.05
  sample_48                                TM-score=0.75928  RMSD=2.78
  sample_49                                TM-score=0.60896  RMSD=3.74
  sample_5                                 TM-score=0.7005  RMSD=3.04
  sample_50                                TM-score=0.56688  RMSD=4.19
  sample_51                                TM-score=0.63081  RMSD=3.52
  sample_52                                TM-score=0.61033  RMSD=3.7
  sample_53                                TM-score=0.63564  RMSD=3.76
  sample_54                                TM-score=0.57724  RMSD=3.99
  sample_55                                TM-score=0.66344  RMSD=3.5
  sample_56                                TM-score=0.69498  RMSD=3.09
  sample_57                                TM-score=0.70967  RMSD=2.99
  sample_58                                TM-score=0.6221  RMSD=3.81
  sample_59                                TM-score=0.73792  RMSD=2.83
  sample_6                                 TM-score=0.62655  RMSD=3.51
  sample_60                                TM-score=0.59496  RMSD=3.79
  sample_61                                TM-score=0.56804  RMSD=3.62
  sample_62                                TM-score=0.65952  RMSD=3.48
  sample_63                                TM-score=0.60347  RMSD=3.74
  sample_64                                TM-score=0.50986  RMSD=3.62
  sample_65                                TM-score=0.58714  RMSD=3.95
  sample_66                                TM-score=0.28755  RMSD=4.39
  sample_67                                TM-score=0.63311  RMSD=3.61
  sample_68                                TM-score=0.51428  RMSD=4.34
  sample_69                                TM-score=0.57376  RMSD=4.1
  sample_7                                 TM-score=0.72235  RMSD=3.03
  sample_70                                TM-score=0.66806  RMSD=3.55
  sample_71                                TM-score=0.69359  RMSD=3.08
  sample_72                                TM-score=0.64435  RMSD=3.51
  sample_73                                TM-score=0.64494  RMSD=3.41
  sample_74                                TM-score=0.54601  RMSD=3.36
  sample_75                                TM-score=0.61986  RMSD=3.88
  sample_76                                TM-score=0.64139  RMSD=3.66
  sample_77                                TM-score=0.61405  RMSD=3.84
  sample_78                                TM-score=0.53069  RMSD=4.11
  sample_79                                TM-score=0.58934  RMSD=3.86
  sample_8                                 TM-score=0.73541  RMSD=3.0
  sample_80                                TM-score=0.696  RMSD=3.27
  sample_81                                TM-score=0.5736  RMSD=3.89
  sample_82                                TM-score=0.57802  RMSD=2.99
  sample_83                                TM-score=0.26  RMSD=4.7
  sample_84                                TM-score=0.49344  RMSD=3.63
  sample_85                                TM-score=0.74002  RMSD=2.71
  sample_86                                TM-score=0.61089  RMSD=3.89
  sample_87                                TM-score=0.61107  RMSD=3.79
  sample_88                                TM-score=0.56331  RMSD=3.37
  sample_89                                TM-score=0.50687  RMSD=4.43
  sample_9                                 TM-score=0.73121  RMSD=2.84
  sample_90                                TM-score=0.67411  RMSD=3.16
  sample_91                                TM-score=0.70193  RMSD=3.11
  sample_92                                TM-score=0.72028  RMSD=2.94
  sample_93                                TM-score=0.68309  RMSD=3.16
  sample_94                                TM-score=0.73309  RMSD=2.72
  sample_95                                TM-score=0.62447  RMSD=3.64
  sample_96                                TM-score=0.69095  RMSD=3.16
  sample_97                                TM-score=0.49178  RMSD=3.84
  sample_98                                TM-score=0.665  RMSD=3.47
  sample_99                                TM-score=0.55415  RMSD=4.1
已写入 L11design/data/exp2/ligand_q10//tm.csv
  sample_1                                 TM-score=0.66088  RMSD=3.32
  sample_10                                TM-score=0.5968  RMSD=3.86
  sample_100                               TM-score=0.67901  RMSD=3.2
  sample_101                               TM-score=0.75953  RMSD=2.81
  sample_102                               TM-score=0.52688  RMSD=4.31
  sample_103                               TM-score=0.73722  RMSD=2.89
  sample_104                               TM-score=0.64354  RMSD=3.58
  sample_105                               TM-score=0.70001  RMSD=2.99
  sample_106                               TM-score=0.48385  RMSD=4.69
  sample_107                               TM-score=0.74805  RMSD=2.74
  sample_108                               TM-score=0.75092  RMSD=2.63
  sample_109                               TM-score=0.58627  RMSD=3.83
  sample_11                                TM-score=0.51401  RMSD=3.56
  sample_110                               TM-score=0.68795  RMSD=3.05
  sample_111                               TM-score=0.59814  RMSD=4.04
  sample_112                               TM-score=0.60455  RMSD=3.86
  sample_113                               TM-score=0.75353  RMSD=2.68
  sample_114                               TM-score=0.69743  RMSD=3.14
  sample_115                               TM-score=0.63377  RMSD=3.57
  sample_116                               TM-score=0.60089  RMSD=3.51
  sample_117                               TM-score=0.76667  RMSD=2.42
  sample_118                               TM-score=0.51647  RMSD=4.02
  sample_119                               TM-score=0.64289  RMSD=3.64
  sample_12                                TM-score=0.69181  RMSD=3.28
  sample_120                               TM-score=0.64125  RMSD=3.62
  sample_121                               TM-score=0.71619  RMSD=3.3
  sample_122                               TM-score=0.694  RMSD=3.12
  sample_123                               TM-score=0.57391  RMSD=4.09
  sample_124                               TM-score=0.5728  RMSD=4.13
  sample_125                               TM-score=0.57238  RMSD=4.18
  sample_126                               TM-score=0.7303  RMSD=2.74
  sample_127                               TM-score=0.64057  RMSD=3.27
  sample_128                               TM-score=0.75034  RMSD=2.73
  sample_129                               TM-score=0.63556  RMSD=3.48
  sample_13                                TM-score=0.54753  RMSD=3.2
  sample_130                               TM-score=0.56459  RMSD=3.85
  sample_131                               TM-score=0.66018  RMSD=3.57
  sample_132                               TM-score=0.65952  RMSD=3.39
  sample_133                               TM-score=0.69991  RMSD=3.11
  sample_134                               TM-score=0.60448  RMSD=3.71
  sample_135                               TM-score=0.6074  RMSD=3.65
  sample_136                               TM-score=0.68431  RMSD=2.67
  sample_137                               TM-score=0.53439  RMSD=4.23
  sample_138                               TM-score=0.66148  RMSD=2.81
  sample_139                               TM-score=0.49874  RMSD=4.2
  sample_14                                TM-score=0.66613  RMSD=3.37
  sample_140                               TM-score=0.69552  RMSD=3.51
  sample_141                               TM-score=0.69272  RMSD=3.35
  sample_142                               TM-score=0.50858  RMSD=4.17
  sample_143                               TM-score=0.59187  RMSD=3.92
  sample_144                               TM-score=0.73901  RMSD=2.74
  sample_145                               TM-score=0.74412  RMSD=2.91
  sample_146                               TM-score=0.51352  RMSD=4.4
  sample_147                               TM-score=0.61334  RMSD=3.86
  sample_148                               TM-score=0.61174  RMSD=3.49
  sample_149                               TM-score=0.6653  RMSD=3.14
  sample_15                                TM-score=0.71426  RMSD=3.03
  sample_150                               TM-score=0.62315  RMSD=3.62
  sample_151                               TM-score=0.59297  RMSD=3.78
  sample_152                               TM-score=0.53281  RMSD=4.11
  sample_153                               TM-score=0.62805  RMSD=3.63
  sample_154                               TM-score=0.53791  RMSD=3.4
  sample_155                               TM-score=0.61318  RMSD=3.79
  sample_156                               TM-score=0.61971  RMSD=3.34
  sample_157                               TM-score=0.65959  RMSD=3.53
  sample_158                               TM-score=0.75061  RMSD=2.82
  sample_159                               TM-score=0.66529  RMSD=3.69
  sample_16                                TM-score=0.63244  RMSD=3.79
  sample_160                               TM-score=0.70854  RMSD=3.16
  sample_161                               TM-score=0.56524  RMSD=3.5
  sample_162                               TM-score=0.64963  RMSD=3.45
  sample_163                               TM-score=0.57756  RMSD=3.95
  sample_164                               TM-score=0.58511  RMSD=3.9
  sample_165                               TM-score=0.5983  RMSD=4.01
  sample_166                               TM-score=0.6056  RMSD=3.77
  sample_167                               TM-score=0.74947  RMSD=2.69
  sample_168                               TM-score=0.62906  RMSD=3.91
  sample_169                               TM-score=0.51416  RMSD=3.3
  sample_17                                TM-score=0.55384  RMSD=3.87
  sample_170                               TM-score=0.51174  RMSD=4.4
  sample_171                               TM-score=0.58038  RMSD=3.56
  sample_172                               TM-score=0.68442  RMSD=3.29
  sample_173                               TM-score=0.6109  RMSD=3.72
  sample_174                               TM-score=0.74601  RMSD=2.8
  sample_175                               TM-score=0.62903  RMSD=3.6
  sample_176                               TM-score=0.70185  RMSD=3.22
  sample_177                               TM-score=0.53104  RMSD=3.41
  sample_178                               TM-score=0.68328  RMSD=3.47
  sample_179                               TM-score=0.66427  RMSD=3.55
  sample_18                                TM-score=0.55073  RMSD=4.04
  sample_180                               TM-score=0.52448  RMSD=3.73
  sample_181                               TM-score=0.68089  RMSD=3.04
  sample_182                               TM-score=0.71717  RMSD=3.06
  sample_183                               TM-score=0.52376  RMSD=4.16
  sample_184                               TM-score=0.66085  RMSD=3.61
  sample_185                               TM-score=0.75406  RMSD=2.69
  sample_186                               TM-score=0.5508  RMSD=4.22
  sample_187                               TM-score=0.71833  RMSD=2.85
  sample_188                               TM-score=0.25155  RMSD=5.13
  sample_189                               TM-score=0.54946  RMSD=3.25
  sample_19                                TM-score=0.75188  RMSD=2.74
  sample_190                               TM-score=0.70795  RMSD=3.13
  sample_191                               TM-score=0.69581  RMSD=3.14
  sample_192                               TM-score=0.61356  RMSD=3.69
  sample_193                               TM-score=0.57238  RMSD=4.35
  sample_194                               TM-score=0.70965  RMSD=3.3
  sample_195                               TM-score=0.61948  RMSD=4.09
  sample_196                               TM-score=0.70333  RMSD=3.15
  sample_197                               TM-score=0.27553  RMSD=5.62
  sample_198                               TM-score=0.71956  RMSD=2.87
  sample_199                               TM-score=0.7598  RMSD=2.67
  sample_2                                 TM-score=0.57912  RMSD=3.95
  sample_20                                TM-score=0.55166  RMSD=3.43
  sample_200                               TM-score=0.73811  RMSD=2.83
  sample_201                               TM-score=0.67991  RMSD=3.42
  sample_202                               TM-score=0.6576  RMSD=3.29
  sample_203                               TM-score=0.57391  RMSD=3.03
  sample_204                               TM-score=0.65855  RMSD=3.57
  sample_205                               TM-score=0.57009  RMSD=3.9
  sample_206                               TM-score=0.5638  RMSD=3.64
  sample_207                               TM-score=0.5939  RMSD=3.92
  sample_208                               TM-score=0.54898  RMSD=3.99
  sample_209                               TM-score=0.61635  RMSD=3.85
  sample_21                                TM-score=0.68075  RMSD=3.17
  sample_210                               TM-score=0.67384  RMSD=3.52
  sample_211                               TM-score=0.70269  RMSD=3.04
  sample_212                               TM-score=0.69593  RMSD=3.09
  sample_213                               TM-score=0.63429  RMSD=3.49
  sample_214                               TM-score=0.65115  RMSD=3.41
  sample_215                               TM-score=0.50024  RMSD=3.85
  sample_216                               TM-score=0.56234  RMSD=3.93
  sample_217                               TM-score=0.63377  RMSD=3.87
  sample_218                               TM-score=0.52653  RMSD=3.53
  sample_219                               TM-score=0.72089  RMSD=2.83
  sample_22                                TM-score=0.58211  RMSD=4.01
  sample_220                               TM-score=0.69178  RMSD=3.14
  sample_221                               TM-score=0.6465  RMSD=3.48
  sample_222                               TM-score=0.74533  RMSD=2.68
  sample_223                               TM-score=0.61564  RMSD=3.64
  sample_224                               TM-score=0.53383  RMSD=3.5
  sample_225                               TM-score=0.77963  RMSD=2.58
  sample_226                               TM-score=0.67427  RMSD=3.24
  sample_227                               TM-score=0.56982  RMSD=4.3
  sample_228                               TM-score=0.58588  RMSD=3.42
  sample_229                               TM-score=0.69175  RMSD=3.25
  sample_23                                TM-score=0.6795  RMSD=3.37
  sample_230                               TM-score=0.61781  RMSD=3.61
  sample_231                               TM-score=0.61508  RMSD=3.49
  sample_232                               TM-score=0.6776  RMSD=3.33
  sample_233                               TM-score=0.72544  RMSD=2.99
  sample_234                               TM-score=0.28364  RMSD=4.6
  sample_235                               TM-score=0.65117  RMSD=3.5
  sample_236                               TM-score=0.54543  RMSD=4.24
  sample_237                               TM-score=0.72016  RMSD=2.92
  sample_238                               TM-score=0.61326  RMSD=3.93
  sample_239                               TM-score=0.669  RMSD=3.44
  sample_24                                TM-score=0.64067  RMSD=3.74
  sample_240                               TM-score=0.7309  RMSD=2.95
  sample_241                               TM-score=0.60134  RMSD=3.42
  sample_242                               TM-score=0.60086  RMSD=3.78
  sample_243                               TM-score=0.50686  RMSD=4.51
  sample_244                               TM-score=0.57038  RMSD=4.25
  sample_245                               TM-score=0.73356  RMSD=2.92
  sample_246                               TM-score=0.54958  RMSD=4.13
  sample_247                               TM-score=0.63813  RMSD=3.64
  sample_248                               TM-score=0.68726  RMSD=3.03
  sample_249                               TM-score=0.75045  RMSD=2.74
  sample_25                                TM-score=0.76545  RMSD=2.81
  sample_250                               TM-score=0.63502  RMSD=3.72
  sample_251                               TM-score=0.39738  RMSD=3.61
  sample_252                               TM-score=0.65558  RMSD=3.3
  sample_253                               TM-score=0.58516  RMSD=3.92
  sample_254                               TM-score=0.61571  RMSD=3.86
  sample_255                               TM-score=0.53718  RMSD=3.44
  sample_256                               TM-score=0.65183  RMSD=3.48
  sample_257                               TM-score=0.73565  RMSD=2.82
  sample_258                               TM-score=0.62805  RMSD=3.83
  sample_259                               TM-score=0.67723  RMSD=3.33
  sample_26                                TM-score=0.70331  RMSD=3.1
  sample_260                               TM-score=0.62235  RMSD=3.55
  sample_261                               TM-score=0.53892  RMSD=4.06
  sample_262                               TM-score=0.70134  RMSD=3.13
  sample_263                               TM-score=0.24782  RMSD=5.22
  sample_264                               TM-score=0.66793  RMSD=3.37
  sample_265                               TM-score=0.53407  RMSD=4.49
  sample_266                               TM-score=0.52924  RMSD=4.04
  sample_267                               TM-score=0.54037  RMSD=4.13
  sample_268                               TM-score=0.57903  RMSD=4.08
  sample_269                               TM-score=0.56191  RMSD=4.45
  sample_27                                TM-score=0.67848  RMSD=3.13
  sample_270                               TM-score=0.64232  RMSD=3.37
  sample_271                               TM-score=0.73263  RMSD=2.76
  sample_272                               TM-score=0.67101  RMSD=3.0
  sample_273                               TM-score=0.53101  RMSD=4.29
  sample_274                               TM-score=0.62216  RMSD=3.84
  sample_275                               TM-score=0.64796  RMSD=3.23
  sample_276                               TM-score=0.75713  RMSD=2.74
  sample_277                               TM-score=0.6828  RMSD=3.18
  sample_278                               TM-score=0.67935  RMSD=3.29
  sample_279                               TM-score=0.67141  RMSD=3.06
  sample_28                                TM-score=0.67754  RMSD=3.32
  sample_280                               TM-score=0.61173  RMSD=3.77
  sample_281                               TM-score=0.61216  RMSD=3.93
  sample_282                               TM-score=0.64695  RMSD=3.58
  sample_283                               TM-score=0.53617  RMSD=4.23
  sample_284                               TM-score=0.26875  RMSD=5.39
  sample_285                               TM-score=0.53978  RMSD=3.67
  sample_286                               TM-score=0.6923  RMSD=2.94
  sample_287                               TM-score=0.65893  RMSD=3.4
  sample_288                               TM-score=0.61603  RMSD=3.47
  sample_289                               TM-score=0.5536  RMSD=4.14
  sample_29                                TM-score=0.55313  RMSD=4.16
  sample_290                               TM-score=0.68548  RMSD=3.2
  sample_291                               TM-score=0.57502  RMSD=4.15
  sample_292                               TM-score=0.52753  RMSD=3.32
  sample_293                               TM-score=0.67231  RMSD=3.3
  sample_294                               TM-score=0.67454  RMSD=3.26
  sample_295                               TM-score=0.58907  RMSD=4.01
  sample_296                               TM-score=0.75088  RMSD=2.54
  sample_297                               TM-score=0.71496  RMSD=3.22
  sample_298                               TM-score=0.58494  RMSD=3.96
  sample_299                               TM-score=0.65475  RMSD=3.55
  sample_3                                 TM-score=0.66206  RMSD=3.44
  sample_30                                TM-score=0.54856  RMSD=3.94
  sample_300                               TM-score=0.70092  RMSD=3.24
  sample_31                                TM-score=0.65585  RMSD=3.52
  sample_32                                TM-score=0.51721  RMSD=3.23
  sample_33                                TM-score=0.54232  RMSD=3.87
  sample_34                                TM-score=0.49669  RMSD=4.04
  sample_35                                TM-score=0.65136  RMSD=3.34
  sample_36                                TM-score=0.66014  RMSD=3.56
  sample_37                                TM-score=0.5854  RMSD=4.07
  sample_38                                TM-score=0.61423  RMSD=3.01
  sample_39                                TM-score=0.58751  RMSD=3.73
  sample_4                                 TM-score=0.53809  RMSD=4.23
  sample_40                                TM-score=0.69642  RMSD=3.15
  sample_41                                TM-score=0.68693  RMSD=3.15
  sample_42                                TM-score=0.59444  RMSD=3.99
  sample_43                                TM-score=0.66727  RMSD=3.39
  sample_44                                TM-score=0.60446  RMSD=3.2
  sample_45                                TM-score=0.7468  RMSD=2.77
  sample_46                                TM-score=0.59615  RMSD=3.89
  sample_47                                TM-score=0.54524  RMSD=3.94
  sample_48                                TM-score=0.58465  RMSD=3.21
  sample_49                                TM-score=0.62577  RMSD=3.62
  sample_5                                 TM-score=0.56324  RMSD=4.21
  sample_50                                TM-score=0.5873  RMSD=3.9
  sample_51                                TM-score=0.59305  RMSD=3.76
  sample_52                                TM-score=0.63976  RMSD=3.65
  sample_53                                TM-score=0.62337  RMSD=3.61
  sample_54                                TM-score=0.59478  RMSD=3.7
  sample_55                                TM-score=0.5854  RMSD=3.91
  sample_56                                TM-score=0.70002  RMSD=3.02
  sample_57                                TM-score=0.73313  RMSD=2.68
  sample_58                                TM-score=0.66673  RMSD=3.18
  sample_59                                TM-score=0.74799  RMSD=2.64
  sample_6                                 TM-score=0.76132  RMSD=2.63
  sample_60                                TM-score=0.70068  RMSD=2.96
  sample_61                                TM-score=0.58082  RMSD=3.91
  sample_62                                TM-score=0.6412  RMSD=3.37
  sample_63                                TM-score=0.62277  RMSD=3.71
  sample_64                                TM-score=0.64306  RMSD=3.44
  sample_65                                TM-score=0.66578  RMSD=3.35
  sample_66                                TM-score=0.65606  RMSD=3.47
  sample_67                                TM-score=0.73846  RMSD=2.87
  sample_68                                TM-score=0.58373  RMSD=3.9
  sample_69                                TM-score=0.66203  RMSD=3.31
  sample_7                                 TM-score=0.61722  RMSD=3.74
  sample_70                                TM-score=0.69866  RMSD=2.98
  sample_71                                TM-score=0.70984  RMSD=2.93
  sample_72                                TM-score=0.58414  RMSD=4.19
  sample_73                                TM-score=0.49621  RMSD=3.89
  sample_74                                TM-score=0.47879  RMSD=3.9
  sample_75                                TM-score=0.5215  RMSD=4.34
  sample_76                                TM-score=0.53439  RMSD=3.59
  sample_77                                TM-score=0.275  RMSD=5.14
  sample_78                                TM-score=0.57978  RMSD=3.87
  sample_79                                TM-score=0.65422  RMSD=3.48
  sample_8                                 TM-score=0.7083  RMSD=2.94
  sample_80                                TM-score=0.70865  RMSD=2.98
  sample_81                                TM-score=0.62935  RMSD=3.75
  sample_82                                TM-score=0.67551  RMSD=3.26
  sample_83                                TM-score=0.6531  RMSD=3.38
  sample_84                                TM-score=0.52363  RMSD=4.31
  sample_85                                TM-score=0.577  RMSD=4.15
  sample_86                                TM-score=0.72104  RMSD=2.85
  sample_87                                TM-score=0.70254  RMSD=2.93
  sample_88                                TM-score=0.58612  RMSD=3.97
  sample_89                                TM-score=0.57077  RMSD=4.25
  sample_9                                 TM-score=0.59299  RMSD=3.74
  sample_90                                TM-score=0.67005  RMSD=3.48
  sample_91                                TM-score=0.69949  RMSD=3.12
  sample_92                                TM-score=0.75375  RMSD=2.78
  sample_93                                TM-score=0.58684  RMSD=3.86
  sample_94                                TM-score=0.72487  RMSD=2.87
  sample_95                                TM-score=0.61432  RMSD=3.4
  sample_96                                TM-score=0.49878  RMSD=4.22
  sample_97                                TM-score=0.63623  RMSD=3.66
  sample_98                                TM-score=0.72736  RMSD=3.06
  sample_99                                TM-score=0.69175  RMSD=3.27
已写入 L11design/data/exp2/ligand_q12//tm.csv
  sample_1                                 TM-score=0.59815  RMSD=3.83
  sample_10                                TM-score=0.65967  RMSD=3.36
  sample_121                               TM-score=0.72151  RMSD=2.92
  sample_122                               TM-score=0.61891  RMSD=3.77
  sample_123                               TM-score=0.66838  RMSD=3.26
  sample_124                               TM-score=0.6894  RMSD=3.11
  sample_125                               TM-score=0.57677  RMSD=3.98
  sample_126                               TM-score=0.55196  RMSD=3.45
  sample_127                               TM-score=0.63742  RMSD=3.54
  sample_128                               TM-score=0.67898  RMSD=3.48
  sample_129                               TM-score=0.70365  RMSD=3.15
  sample_130                               TM-score=0.60358  RMSD=4.01
  sample_131                               TM-score=0.6777  RMSD=3.43
  sample_132                               TM-score=0.57685  RMSD=4.13
  sample_133                               TM-score=0.59166  RMSD=3.79
  sample_134                               TM-score=0.63654  RMSD=3.56
  sample_135                               TM-score=0.54756  RMSD=3.93
  sample_136                               TM-score=0.50596  RMSD=4.39
  sample_161                               TM-score=0.53243  RMSD=3.36
  sample_162                               TM-score=0.7156  RMSD=3.0
  sample_163                               TM-score=0.58698  RMSD=3.86
  sample_164                               TM-score=0.59099  RMSD=3.88
  sample_165                               TM-score=0.53679  RMSD=4.21
  sample_166                               TM-score=0.61063  RMSD=3.86
  sample_167                               TM-score=0.52236  RMSD=4.09
  sample_168                               TM-score=0.57709  RMSD=4.09
  sample_169                               TM-score=0.6111  RMSD=3.86
  sample_170                               TM-score=0.62967  RMSD=3.56
  sample_2                                 TM-score=0.70404  RMSD=2.89
  sample_201                               TM-score=0.26483  RMSD=4.84
  sample_202                               TM-score=0.61049  RMSD=3.72
  sample_203                               TM-score=0.5312  RMSD=4.25
  sample_204                               TM-score=0.61016  RMSD=3.96
  sample_205                               TM-score=0.66492  RMSD=3.18
  sample_206                               TM-score=0.24935  RMSD=5.31
  sample_207                               TM-score=0.74453  RMSD=2.76
  sample_208                               TM-score=0.64968  RMSD=3.58
  sample_209                               TM-score=0.55352  RMSD=3.37
  sample_210                               TM-score=0.23194  RMSD=4.8
  sample_211                               TM-score=0.74735  RMSD=2.52
  sample_212                               TM-score=0.57551  RMSD=3.49
  sample_213                               TM-score=0.57958  RMSD=4.03
  sample_214                               TM-score=0.64835  RMSD=3.4
  sample_215                               TM-score=0.58716  RMSD=4.17
  sample_216                               TM-score=0.58971  RMSD=3.81
  sample_217                               TM-score=0.70815  RMSD=3.2
  sample_241                               TM-score=0.54226  RMSD=3.4
  sample_242                               TM-score=0.45115  RMSD=4.08
  sample_243                               TM-score=0.70022  RMSD=2.99
  sample_244                               TM-score=0.7036  RMSD=3.18
  sample_245                               TM-score=0.70522  RMSD=3.13
  sample_246                               TM-score=0.76909  RMSD=2.62
  sample_247                               TM-score=0.69698  RMSD=3.13
  sample_248                               TM-score=0.55013  RMSD=3.63
  sample_249                               TM-score=0.7134  RMSD=3.04
  sample_250                               TM-score=0.57493  RMSD=4.01
  sample_281                               TM-score=0.66462  RMSD=3.35
  sample_282                               TM-score=0.7597  RMSD=2.64
  sample_283                               TM-score=0.72689  RMSD=2.85
  sample_284                               TM-score=0.72466  RMSD=2.69
  sample_285                               TM-score=0.6095  RMSD=4.02
  sample_286                               TM-score=0.67812  RMSD=3.32
  sample_287                               TM-score=0.59831  RMSD=3.96
  sample_288                               TM-score=0.64149  RMSD=3.58
  sample_3                                 TM-score=0.53184  RMSD=3.79
  sample_4                                 TM-score=0.57051  RMSD=4.05
  sample_41                                TM-score=0.74258  RMSD=2.82
  sample_42                                TM-score=0.56036  RMSD=4.21
  sample_43                                TM-score=0.63572  RMSD=3.54
  sample_44                                TM-score=0.68463  RMSD=3.11
  sample_45                                TM-score=0.54831  RMSD=3.98
  sample_46                                TM-score=0.32025  RMSD=4.95
  sample_47                                TM-score=0.61638  RMSD=3.31
  sample_48                                TM-score=0.72718  RMSD=2.9
  sample_49                                TM-score=0.64003  RMSD=3.6
  sample_5                                 TM-score=0.7881  RMSD=2.51
  sample_50                                TM-score=0.66056  RMSD=3.57
  sample_51                                TM-score=0.69575  RMSD=3.04
  sample_52                                TM-score=0.72562  RMSD=3.1
  sample_53                                TM-score=0.65672  RMSD=3.34
  sample_54                                TM-score=0.7111  RMSD=2.87
  sample_55                                TM-score=0.68359  RMSD=2.94
  sample_56                                TM-score=0.74174  RMSD=2.78
  sample_57                                TM-score=0.68639  RMSD=3.16
  sample_6                                 TM-score=0.65154  RMSD=3.61
  sample_7                                 TM-score=0.53151  RMSD=3.82
  sample_8                                 TM-score=0.64706  RMSD=3.45
  sample_81                                TM-score=0.75789  RMSD=2.48
  sample_82                                TM-score=0.60501  RMSD=3.55
  sample_83                                TM-score=0.60145  RMSD=3.97
  sample_84                                TM-score=0.54725  RMSD=4.21
  sample_85                                TM-score=0.69266  RMSD=3.18
  sample_86                                TM-score=0.56964  RMSD=4.04
  sample_87                                TM-score=0.61474  RMSD=4.02
  sample_88                                TM-score=0.24381  RMSD=4.77
  sample_89                                TM-score=0.65048  RMSD=3.37
  sample_9                                 TM-score=0.49023  RMSD=3.82
  sample_90                                TM-score=0.59366  RMSD=4.16
  sample_91                                TM-score=0.50044  RMSD=3.48
  sample_92                                TM-score=0.59112  RMSD=3.76
  sample_93                                TM-score=0.60844  RMSD=3.87
  sample_94                                TM-score=0.67075  RMSD=3.43
  sample_95                                TM-score=0.56308  RMSD=4.12
  sample_96                                TM-score=0.71277  RMSD=2.99
  sample_97                                TM-score=0.7651  RMSD=2.74
  sample_98                                TM-score=0.6299  RMSD=3.67
已写入 L11design/data/exp2/ligand_q6.87//tm.csv
  native                                   TM-score=0.79391  RMSD=2.68
已写入 L11design/data/exp2/_native//tm.csv
  sample_1                                 TM-score=0.65339  RMSD=3.64
  sample_10                                TM-score=0.67113  RMSD=3.21
  sample_100                               TM-score=0.65837  RMSD=3.32
  sample_101                               TM-score=0.60129  RMSD=3.51
  sample_102                               TM-score=0.6077  RMSD=3.82
  sample_103                               TM-score=0.62537  RMSD=3.44
  sample_104                               TM-score=0.66897  RMSD=3.31
  sample_105                               TM-score=0.67571  RMSD=3.18
  sample_106                               TM-score=0.65053  RMSD=3.68
  sample_107                               TM-score=0.67891  RMSD=3.33
  sample_108                               TM-score=0.69684  RMSD=3.16
  sample_109                               TM-score=0.70327  RMSD=3.05
  sample_11                                TM-score=0.45371  RMSD=4.36
  sample_110                               TM-score=0.67472  RMSD=3.29
  sample_111                               TM-score=0.73288  RMSD=3.11
  sample_112                               TM-score=0.58371  RMSD=3.79
  sample_113                               TM-score=0.65197  RMSD=3.56
  sample_114                               TM-score=0.74436  RMSD=2.54
  sample_115                               TM-score=0.63139  RMSD=3.89
  sample_116                               TM-score=0.59281  RMSD=3.52
  sample_117                               TM-score=0.52175  RMSD=3.55
  sample_118                               TM-score=0.63644  RMSD=3.79
  sample_119                               TM-score=0.55985  RMSD=4.23
  sample_12                                TM-score=0.52692  RMSD=3.54
  sample_120                               TM-score=0.4988  RMSD=4.32
  sample_121                               TM-score=0.69242  RMSD=3.45
  sample_122                               TM-score=0.61326  RMSD=3.61
  sample_123                               TM-score=0.60993  RMSD=3.55
  sample_124                               TM-score=0.67771  RMSD=3.28
  sample_125                               TM-score=0.21082  RMSD=4.92
  sample_126                               TM-score=0.57561  RMSD=3.94
  sample_127                               TM-score=0.74576  RMSD=2.89
  sample_128                               TM-score=0.63622  RMSD=3.64
  sample_129                               TM-score=0.65934  RMSD=3.56
  sample_13                                TM-score=0.62674  RMSD=3.74
  sample_130                               TM-score=0.62932  RMSD=3.53
  sample_131                               TM-score=0.63972  RMSD=3.59
  sample_132                               TM-score=0.52377  RMSD=4.01
  sample_133                               TM-score=0.52649  RMSD=3.45
  sample_134                               TM-score=0.6706  RMSD=3.31
  sample_135                               TM-score=0.54475  RMSD=4.05
  sample_136                               TM-score=0.68831  RMSD=3.07
  sample_137                               TM-score=0.63602  RMSD=3.63
  sample_138                               TM-score=0.43565  RMSD=4.56
  sample_139                               TM-score=0.63151  RMSD=3.63
  sample_14                                TM-score=0.55949  RMSD=4.1
  sample_140                               TM-score=0.67254  RMSD=3.41
  sample_141                               TM-score=0.66947  RMSD=3.34
  sample_142                               TM-score=0.56595  RMSD=4.16
  sample_143                               TM-score=0.72771  RMSD=2.9
  sample_144                               TM-score=0.67312  RMSD=3.5
  sample_145                               TM-score=0.73959  RMSD=2.73
  sample_146                               TM-score=0.65682  RMSD=3.44
  sample_147                               TM-score=0.57846  RMSD=3.94
  sample_148                               TM-score=0.70114  RMSD=3.09
  sample_149                               TM-score=0.76137  RMSD=2.79
  sample_15                                TM-score=0.695  RMSD=3.26
  sample_150                               TM-score=0.55  RMSD=4.34
  sample_151                               TM-score=0.62187  RMSD=3.6
  sample_152                               TM-score=0.65546  RMSD=3.32
  sample_153                               TM-score=0.67798  RMSD=3.08
  sample_154                               TM-score=0.73105  RMSD=2.98
  sample_155                               TM-score=0.61791  RMSD=3.6
  sample_156                               TM-score=0.66017  RMSD=3.34
  sample_157                               TM-score=0.69149  RMSD=2.9
  sample_158                               TM-score=0.68463  RMSD=3.01
  sample_159                               TM-score=0.59398  RMSD=3.85
  sample_16                                TM-score=0.72368  RMSD=3.01
  sample_160                               TM-score=0.63382  RMSD=3.64
  sample_161                               TM-score=0.61531  RMSD=3.49
  sample_162                               TM-score=0.54857  RMSD=4.04
  sample_163                               TM-score=0.68171  RMSD=3.1
  sample_164                               TM-score=0.7367  RMSD=2.97
  sample_165                               TM-score=0.76774  RMSD=2.71
  sample_166                               TM-score=0.69535  RMSD=3.14
  sample_167                               TM-score=0.53351  RMSD=3.43
  sample_168                               TM-score=0.67007  RMSD=3.52
  sample_169                               TM-score=0.62167  RMSD=3.64
  sample_17                                TM-score=0.47626  RMSD=4.59
  sample_170                               TM-score=0.69454  RMSD=2.99
  sample_171                               TM-score=0.55668  RMSD=4.23
  sample_172                               TM-score=0.58239  RMSD=4.01
  sample_173                               TM-score=0.52124  RMSD=3.15
  sample_174                               TM-score=0.69546  RMSD=3.13
  sample_175                               TM-score=0.6971  RMSD=3.07
  sample_176                               TM-score=0.68566  RMSD=3.19
  sample_177                               TM-score=0.57639  RMSD=3.81
  sample_178                               TM-score=0.56799  RMSD=3.87
  sample_179                               TM-score=0.62384  RMSD=3.53
  sample_18                                TM-score=0.64946  RMSD=3.41
  sample_180                               TM-score=0.67648  RMSD=3.28
  sample_181                               TM-score=0.68706  RMSD=3.25
  sample_182                               TM-score=0.66872  RMSD=3.55
  sample_183                               TM-score=0.59907  RMSD=3.94
  sample_184                               TM-score=0.64904  RMSD=3.46
  sample_185                               TM-score=0.74841  RMSD=2.78
  sample_186                               TM-score=0.49492  RMSD=4.14
  sample_187                               TM-score=0.53899  RMSD=3.31
  sample_188                               TM-score=0.66345  RMSD=3.44
  sample_189                               TM-score=0.71611  RMSD=2.97
  sample_19                                TM-score=0.57175  RMSD=4.0
  sample_190                               TM-score=0.56411  RMSD=3.74
  sample_191                               TM-score=0.60411  RMSD=3.68
  sample_192                               TM-score=0.55561  RMSD=3.81
  sample_193                               TM-score=0.58115  RMSD=3.23
  sample_194                               TM-score=0.65985  RMSD=3.48
  sample_195                               TM-score=0.49301  RMSD=3.65
  sample_196                               TM-score=0.74183  RMSD=2.76
  sample_197                               TM-score=0.71697  RMSD=2.95
  sample_198                               TM-score=0.47319  RMSD=4.29
  sample_199                               TM-score=0.59624  RMSD=2.9
  sample_2                                 TM-score=0.72978  RMSD=3.01
  sample_20                                TM-score=0.66359  RMSD=3.32
  sample_200                               TM-score=0.65282  RMSD=3.6
  sample_201                               TM-score=0.75568  RMSD=2.64
  sample_202                               TM-score=0.52386  RMSD=4.11
  sample_203                               TM-score=0.67507  RMSD=3.15
  sample_204                               TM-score=0.63308  RMSD=3.52
  sample_205                               TM-score=0.60647  RMSD=3.78
  sample_206                               TM-score=0.55466  RMSD=4.28
  sample_207                               TM-score=0.69563  RMSD=3.08
  sample_208                               TM-score=0.50011  RMSD=3.56
  sample_209                               TM-score=0.6713  RMSD=3.46
  sample_21                                TM-score=0.60857  RMSD=3.41
  sample_210                               TM-score=0.63578  RMSD=3.66
  sample_211                               TM-score=0.53711  RMSD=3.98
  sample_212                               TM-score=0.72755  RMSD=3.06
  sample_213                               TM-score=0.63296  RMSD=3.73
  sample_214                               TM-score=0.68767  RMSD=3.33
  sample_215                               TM-score=0.64636  RMSD=3.31
  sample_216                               TM-score=0.60674  RMSD=3.49
  sample_217                               TM-score=0.6893  RMSD=3.2
  sample_218                               TM-score=0.68309  RMSD=3.26
  sample_219                               TM-score=0.63268  RMSD=3.47
  sample_22                                TM-score=0.64764  RMSD=3.51
  sample_220                               TM-score=0.64088  RMSD=3.24
  sample_221                               TM-score=0.69825  RMSD=2.97
  sample_222                               TM-score=0.54675  RMSD=4.07
  sample_223                               TM-score=0.71372  RMSD=3.16
  sample_224                               TM-score=0.63344  RMSD=3.67
  sample_225                               TM-score=0.48948  RMSD=4.98
  sample_226                               TM-score=0.68875  RMSD=3.12
  sample_227                               TM-score=0.54536  RMSD=3.32
  sample_228                               TM-score=0.61797  RMSD=3.75
  sample_229                               TM-score=0.58691  RMSD=3.98
  sample_23                                TM-score=0.61882  RMSD=3.87
  sample_230                               TM-score=0.49951  RMSD=4.4
  sample_231                               TM-score=0.64148  RMSD=3.6
  sample_232                               TM-score=0.59126  RMSD=3.86
  sample_233                               TM-score=0.68107  RMSD=2.88
  sample_234                               TM-score=0.58753  RMSD=4.0
  sample_235                               TM-score=0.51437  RMSD=4.18
  sample_236                               TM-score=0.65153  RMSD=4.08
  sample_237                               TM-score=0.61862  RMSD=3.63
  sample_238                               TM-score=0.53205  RMSD=4.03
  sample_239                               TM-score=0.67283  RMSD=3.2
  sample_24                                TM-score=0.51164  RMSD=4.28
  sample_240                               TM-score=0.73547  RMSD=2.94
  sample_241                               TM-score=0.66051  RMSD=3.17
  sample_242                               TM-score=0.54574  RMSD=3.04
  sample_243                               TM-score=0.51757  RMSD=4.13
  sample_244                               TM-score=0.62758  RMSD=3.69
  sample_245                               TM-score=0.61115  RMSD=3.37
  sample_246                               TM-score=0.7074  RMSD=3.0
  sample_247                               TM-score=0.53623  RMSD=4.41
  sample_248                               TM-score=0.52252  RMSD=4.34
  sample_249                               TM-score=0.49203  RMSD=3.5
  sample_25                                TM-score=0.64869  RMSD=3.49
  sample_250                               TM-score=0.67017  RMSD=3.27
  sample_251                               TM-score=0.25032  RMSD=5.07
  sample_252                               TM-score=0.60175  RMSD=3.64
  sample_253                               TM-score=0.50096  RMSD=3.92
  sample_254                               TM-score=0.58503  RMSD=3.99
  sample_255                               TM-score=0.54823  RMSD=4.1
  sample_256                               TM-score=0.52458  RMSD=4.18
  sample_257                               TM-score=0.70052  RMSD=3.18
  sample_258                               TM-score=0.67141  RMSD=3.24
  sample_259                               TM-score=0.54997  RMSD=4.15
  sample_26                                TM-score=0.54841  RMSD=4.31
  sample_260                               TM-score=0.66646  RMSD=3.22
  sample_261                               TM-score=0.70381  RMSD=3.02
  sample_262                               TM-score=0.62297  RMSD=3.53
  sample_263                               TM-score=0.61742  RMSD=3.7
  sample_264                               TM-score=0.67463  RMSD=3.36
  sample_265                               TM-score=0.60507  RMSD=3.98
  sample_266                               TM-score=0.54949  RMSD=4.04
  sample_267                               TM-score=0.68439  RMSD=3.31
  sample_268                               TM-score=0.59252  RMSD=3.94
  sample_269                               TM-score=0.52937  RMSD=4.15
  sample_27                                TM-score=0.67074  RMSD=3.28
  sample_270                               TM-score=0.72626  RMSD=2.78
  sample_271                               TM-score=0.56481  RMSD=3.85
  sample_272                               TM-score=0.65612  RMSD=3.65
  sample_273                               TM-score=0.62577  RMSD=3.77
  sample_274                               TM-score=0.71957  RMSD=2.86
  sample_275                               TM-score=0.61421  RMSD=3.62
  sample_276                               TM-score=0.70422  RMSD=3.02
  sample_277                               TM-score=0.71004  RMSD=3.12
  sample_278                               TM-score=0.56154  RMSD=4.05
  sample_279                               TM-score=0.69036  RMSD=3.1
  sample_28                                TM-score=0.73731  RMSD=2.78
  sample_280                               TM-score=0.65198  RMSD=3.48
  sample_281                               TM-score=0.68567  RMSD=3.24
  sample_282                               TM-score=0.70956  RMSD=3.04
  sample_283                               TM-score=0.71319  RMSD=2.98
  sample_284                               TM-score=0.72877  RMSD=2.76
  sample_285                               TM-score=0.60866  RMSD=3.72
  sample_286                               TM-score=0.66442  RMSD=3.26
  sample_287                               TM-score=0.62178  RMSD=3.73
  sample_288                               TM-score=0.68214  RMSD=3.15
  sample_289                               TM-score=0.46691  RMSD=4.23
  sample_29                                TM-score=0.66794  RMSD=3.28
  sample_290                               TM-score=0.5234  RMSD=3.76
  sample_291                               TM-score=0.66191  RMSD=3.32
  sample_292                               TM-score=0.55333  RMSD=3.14
  sample_293                               TM-score=0.59375  RMSD=3.93
  sample_294                               TM-score=0.54031  RMSD=4.38
  sample_295                               TM-score=0.6447  RMSD=3.64
  sample_296                               TM-score=0.7452  RMSD=2.78
  sample_297                               TM-score=0.55611  RMSD=3.73
  sample_298                               TM-score=0.63728  RMSD=3.63
  sample_299                               TM-score=0.5548  RMSD=3.55
  sample_3                                 TM-score=0.60047  RMSD=3.94
  sample_30                                TM-score=0.68846  RMSD=3.09
  sample_300                               TM-score=0.72539  RMSD=2.94
  sample_31                                TM-score=0.58119  RMSD=4.05
  sample_32                                TM-score=0.4777  RMSD=3.5
  sample_33                                TM-score=0.73612  RMSD=2.64
  sample_34                                TM-score=0.5245  RMSD=3.72
  sample_35                                TM-score=0.68302  RMSD=3.25
  sample_36                                TM-score=0.53259  RMSD=4.05
  sample_37                                TM-score=0.64023  RMSD=3.48
  sample_38                                TM-score=0.65215  RMSD=3.41
  sample_39                                TM-score=0.71607  RMSD=3.05
  sample_4                                 TM-score=0.70217  RMSD=3.07
  sample_40                                TM-score=0.73202  RMSD=2.82
  sample_41                                TM-score=0.73795  RMSD=2.79
  sample_42                                TM-score=0.65805  RMSD=3.58
  sample_43                                TM-score=0.69389  RMSD=3.17
  sample_44                                TM-score=0.63894  RMSD=3.37
  sample_45                                TM-score=0.54963  RMSD=3.88
  sample_46                                TM-score=0.58142  RMSD=3.61
  sample_47                                TM-score=0.54657  RMSD=4.05
  sample_48                                TM-score=0.75928  RMSD=2.78
  sample_49                                TM-score=0.60896  RMSD=3.74
  sample_5                                 TM-score=0.7005  RMSD=3.04
  sample_50                                TM-score=0.56688  RMSD=4.19
  sample_51                                TM-score=0.63081  RMSD=3.52
  sample_52                                TM-score=0.61033  RMSD=3.7
  sample_53                                TM-score=0.63564  RMSD=3.76
  sample_54                                TM-score=0.57724  RMSD=3.99
  sample_55                                TM-score=0.66344  RMSD=3.5
  sample_56                                TM-score=0.69498  RMSD=3.09
  sample_57                                TM-score=0.70967  RMSD=2.99
  sample_58                                TM-score=0.6221  RMSD=3.81
  sample_59                                TM-score=0.73792  RMSD=2.83
  sample_6                                 TM-score=0.62655  RMSD=3.51
  sample_60                                TM-score=0.59496  RMSD=3.79
  sample_61                                TM-score=0.56804  RMSD=3.62
  sample_62                                TM-score=0.65952  RMSD=3.48
  sample_63                                TM-score=0.60347  RMSD=3.74
  sample_64                                TM-score=0.50986  RMSD=3.62
  sample_65                                TM-score=0.58714  RMSD=3.95
  sample_66                                TM-score=0.28755  RMSD=4.39
  sample_67                                TM-score=0.63311  RMSD=3.61
  sample_68                                TM-score=0.51428  RMSD=4.34
  sample_69                                TM-score=0.57376  RMSD=4.1
  sample_7                                 TM-score=0.72235  RMSD=3.03
  sample_70                                TM-score=0.66806  RMSD=3.55
  sample_71                                TM-score=0.69359  RMSD=3.08
  sample_72                                TM-score=0.64435  RMSD=3.51
  sample_73                                TM-score=0.64494  RMSD=3.41
  sample_74                                TM-score=0.54601  RMSD=3.36
  sample_75                                TM-score=0.61986  RMSD=3.88
  sample_76                                TM-score=0.64139  RMSD=3.66
  sample_77                                TM-score=0.61405  RMSD=3.84
  sample_78                                TM-score=0.53069  RMSD=4.11
  sample_79                                TM-score=0.58934  RMSD=3.86
  sample_8                                 TM-score=0.73541  RMSD=3.0
  sample_80                                TM-score=0.696  RMSD=3.27
  sample_81                                TM-score=0.5736  RMSD=3.89
  sample_82                                TM-score=0.57802  RMSD=2.99
  sample_83                                TM-score=0.26  RMSD=4.7
  sample_84                                TM-score=0.49344  RMSD=3.63
  sample_85                                TM-score=0.74002  RMSD=2.71
  sample_86                                TM-score=0.61089  RMSD=3.89
  sample_87                                TM-score=0.61107  RMSD=3.79
  sample_88                                TM-score=0.56331  RMSD=3.37
  sample_89                                TM-score=0.50687  RMSD=4.43
  sample_9                                 TM-score=0.73121  RMSD=2.84
  sample_90                                TM-score=0.67411  RMSD=3.16
  sample_91                                TM-score=0.70193  RMSD=3.11
  sample_92                                TM-score=0.72028  RMSD=2.94
  sample_93                                TM-score=0.68309  RMSD=3.16
  sample_94                                TM-score=0.73309  RMSD=2.72
  sample_95                                TM-score=0.62447  RMSD=3.64
  sample_96                                TM-score=0.69095  RMSD=3.16
  sample_97                                TM-score=0.49178  RMSD=3.84
  sample_98                                TM-score=0.665  RMSD=3.47
  sample_99                                TM-score=0.55415  RMSD=4.1
已写入 L11design/data/exp2/ligand_q10//tm.csv
  sample_1                                 TM-score=0.66088  RMSD=3.32
  sample_10                                TM-score=0.5968  RMSD=3.86
  sample_100                               TM-score=0.67901  RMSD=3.2
  sample_101                               TM-score=0.75953  RMSD=2.81
  sample_102                               TM-score=0.52688  RMSD=4.31
  sample_103                               TM-score=0.73722  RMSD=2.89
  sample_104                               TM-score=0.64354  RMSD=3.58
  sample_105                               TM-score=0.70001  RMSD=2.99
  sample_106                               TM-score=0.48385  RMSD=4.69
  sample_107                               TM-score=0.74805  RMSD=2.74
  sample_108                               TM-score=0.75092  RMSD=2.63
  sample_109                               TM-score=0.58627  RMSD=3.83
  sample_11                                TM-score=0.51401  RMSD=3.56
  sample_110                               TM-score=0.68795  RMSD=3.05
  sample_111                               TM-score=0.59814  RMSD=4.04
  sample_112                               TM-score=0.60455  RMSD=3.86
  sample_113                               TM-score=0.75353  RMSD=2.68
  sample_114                               TM-score=0.69743  RMSD=3.14
  sample_115                               TM-score=0.63377  RMSD=3.57
  sample_116                               TM-score=0.60089  RMSD=3.51
  sample_117                               TM-score=0.76667  RMSD=2.42
  sample_118                               TM-score=0.51647  RMSD=4.02
  sample_119                               TM-score=0.64289  RMSD=3.64
  sample_12                                TM-score=0.69181  RMSD=3.28
  sample_120                               TM-score=0.64125  RMSD=3.62
  sample_121                               TM-score=0.71619  RMSD=3.3
  sample_122                               TM-score=0.694  RMSD=3.12
  sample_123                               TM-score=0.57391  RMSD=4.09
  sample_124                               TM-score=0.5728  RMSD=4.13
  sample_125                               TM-score=0.57238  RMSD=4.18
  sample_126                               TM-score=0.7303  RMSD=2.74
  sample_127                               TM-score=0.64057  RMSD=3.27
  sample_128                               TM-score=0.75034  RMSD=2.73
  sample_129                               TM-score=0.63556  RMSD=3.48
  sample_13                                TM-score=0.54753  RMSD=3.2
  sample_130                               TM-score=0.56459  RMSD=3.85
  sample_131                               TM-score=0.66018  RMSD=3.57
  sample_132                               TM-score=0.65952  RMSD=3.39
  sample_133                               TM-score=0.69991  RMSD=3.11
  sample_134                               TM-score=0.60448  RMSD=3.71
  sample_135                               TM-score=0.6074  RMSD=3.65
  sample_136                               TM-score=0.68431  RMSD=2.67
  sample_137                               TM-score=0.53439  RMSD=4.23
  sample_138                               TM-score=0.66148  RMSD=2.81
  sample_139                               TM-score=0.49874  RMSD=4.2
  sample_14                                TM-score=0.66613  RMSD=3.37
  sample_140                               TM-score=0.69552  RMSD=3.51
  sample_141                               TM-score=0.69272  RMSD=3.35
  sample_142                               TM-score=0.50858  RMSD=4.17
  sample_143                               TM-score=0.59187  RMSD=3.92
  sample_144                               TM-score=0.73901  RMSD=2.74
  sample_145                               TM-score=0.74412  RMSD=2.91
  sample_146                               TM-score=0.51352  RMSD=4.4
  sample_147                               TM-score=0.61334  RMSD=3.86
  sample_148                               TM-score=0.61174  RMSD=3.49
  sample_149                               TM-score=0.6653  RMSD=3.14
  sample_15                                TM-score=0.71426  RMSD=3.03
  sample_150                               TM-score=0.62315  RMSD=3.62
  sample_151                               TM-score=0.59297  RMSD=3.78
  sample_152                               TM-score=0.53281  RMSD=4.11
  sample_153                               TM-score=0.62805  RMSD=3.63
  sample_154                               TM-score=0.53791  RMSD=3.4
  sample_155                               TM-score=0.61318  RMSD=3.79
  sample_156                               TM-score=0.61971  RMSD=3.34
  sample_157                               TM-score=0.65959  RMSD=3.53
  sample_158                               TM-score=0.75061  RMSD=2.82
  sample_159                               TM-score=0.66529  RMSD=3.69
  sample_16                                TM-score=0.63244  RMSD=3.79
  sample_160                               TM-score=0.70854  RMSD=3.16
  sample_161                               TM-score=0.56524  RMSD=3.5
  sample_162                               TM-score=0.64963  RMSD=3.45
  sample_163                               TM-score=0.57756  RMSD=3.95
  sample_164                               TM-score=0.58511  RMSD=3.9
  sample_165                               TM-score=0.5983  RMSD=4.01
  sample_166                               TM-score=0.6056  RMSD=3.77
  sample_167                               TM-score=0.74947  RMSD=2.69
  sample_168                               TM-score=0.62906  RMSD=3.91
  sample_169                               TM-score=0.51416  RMSD=3.3
  sample_17                                TM-score=0.55384  RMSD=3.87
  sample_170                               TM-score=0.51174  RMSD=4.4
  sample_171                               TM-score=0.58038  RMSD=3.56
  sample_172                               TM-score=0.68442  RMSD=3.29
  sample_173                               TM-score=0.6109  RMSD=3.72
  sample_174                               TM-score=0.74601  RMSD=2.8
  sample_175                               TM-score=0.62903  RMSD=3.6
  sample_176                               TM-score=0.70185  RMSD=3.22
  sample_177                               TM-score=0.53104  RMSD=3.41
  sample_178                               TM-score=0.68328  RMSD=3.47
  sample_179                               TM-score=0.66427  RMSD=3.55
  sample_18                                TM-score=0.55073  RMSD=4.04
  sample_180                               TM-score=0.52448  RMSD=3.73
  sample_181                               TM-score=0.68089  RMSD=3.04
  sample_182                               TM-score=0.71717  RMSD=3.06
  sample_183                               TM-score=0.52376  RMSD=4.16
  sample_184                               TM-score=0.66085  RMSD=3.61
  sample_185                               TM-score=0.75406  RMSD=2.69
  sample_186                               TM-score=0.5508  RMSD=4.22
  sample_187                               TM-score=0.71833  RMSD=2.85
  sample_188                               TM-score=0.25155  RMSD=5.13
  sample_189                               TM-score=0.54946  RMSD=3.25
  sample_19                                TM-score=0.75188  RMSD=2.74
  sample_190                               TM-score=0.70795  RMSD=3.13
  sample_191                               TM-score=0.69581  RMSD=3.14
  sample_192                               TM-score=0.61356  RMSD=3.69
  sample_193                               TM-score=0.57238  RMSD=4.35
  sample_194                               TM-score=0.70965  RMSD=3.3
  sample_195                               TM-score=0.61948  RMSD=4.09
  sample_196                               TM-score=0.70333  RMSD=3.15
  sample_197                               TM-score=0.27553  RMSD=5.62
  sample_198                               TM-score=0.71956  RMSD=2.87
  sample_199                               TM-score=0.7598  RMSD=2.67
  sample_2                                 TM-score=0.57912  RMSD=3.95
  sample_20                                TM-score=0.55166  RMSD=3.43
  sample_200                               TM-score=0.73811  RMSD=2.83
  sample_201                               TM-score=0.67991  RMSD=3.42
  sample_202                               TM-score=0.6576  RMSD=3.29
  sample_203                               TM-score=0.57391  RMSD=3.03
  sample_204                               TM-score=0.65855  RMSD=3.57
  sample_205                               TM-score=0.57009  RMSD=3.9
  sample_206                               TM-score=0.5638  RMSD=3.64
  sample_207                               TM-score=0.5939  RMSD=3.92
  sample_208                               TM-score=0.54898  RMSD=3.99
  sample_209                               TM-score=0.61635  RMSD=3.85
  sample_21                                TM-score=0.68075  RMSD=3.17
  sample_210                               TM-score=0.67384  RMSD=3.52
  sample_211                               TM-score=0.70269  RMSD=3.04
  sample_212                               TM-score=0.69593  RMSD=3.09
  sample_213                               TM-score=0.63429  RMSD=3.49
  sample_214                               TM-score=0.65115  RMSD=3.41
  sample_215                               TM-score=0.50024  RMSD=3.85
  sample_216                               TM-score=0.56234  RMSD=3.93
  sample_217                               TM-score=0.63377  RMSD=3.87
  sample_218                               TM-score=0.52653  RMSD=3.53
  sample_219                               TM-score=0.72089  RMSD=2.83
  sample_22                                TM-score=0.58211  RMSD=4.01
  sample_220                               TM-score=0.69178  RMSD=3.14
  sample_221                               TM-score=0.6465  RMSD=3.48
  sample_222                               TM-score=0.74533  RMSD=2.68
  sample_223                               TM-score=0.61564  RMSD=3.64
  sample_224                               TM-score=0.53383  RMSD=3.5
  sample_225                               TM-score=0.77963  RMSD=2.58
  sample_226                               TM-score=0.67427  RMSD=3.24
  sample_227                               TM-score=0.56982  RMSD=4.3
  sample_228                               TM-score=0.58588  RMSD=3.42
  sample_229                               TM-score=0.69175  RMSD=3.25
  sample_23                                TM-score=0.6795  RMSD=3.37
  sample_230                               TM-score=0.61781  RMSD=3.61
  sample_231                               TM-score=0.61508  RMSD=3.49
  sample_232                               TM-score=0.6776  RMSD=3.33
  sample_233                               TM-score=0.72544  RMSD=2.99
  sample_234                               TM-score=0.28364  RMSD=4.6
  sample_235                               TM-score=0.65117  RMSD=3.5
  sample_236                               TM-score=0.54543  RMSD=4.24
  sample_237                               TM-score=0.72016  RMSD=2.92
  sample_238                               TM-score=0.61326  RMSD=3.93
  sample_239                               TM-score=0.669  RMSD=3.44
  sample_24                                TM-score=0.64067  RMSD=3.74
  sample_240                               TM-score=0.7309  RMSD=2.95
  sample_241                               TM-score=0.60134  RMSD=3.42
  sample_242                               TM-score=0.60086  RMSD=3.78
  sample_243                               TM-score=0.50686  RMSD=4.51
  sample_244                               TM-score=0.57038  RMSD=4.25
  sample_245                               TM-score=0.73356  RMSD=2.92
  sample_246                               TM-score=0.54958  RMSD=4.13
  sample_247                               TM-score=0.63813  RMSD=3.64
  sample_248                               TM-score=0.68726  RMSD=3.03
  sample_249                               TM-score=0.75045  RMSD=2.74
  sample_25                                TM-score=0.76545  RMSD=2.81
  sample_250                               TM-score=0.63502  RMSD=3.72
  sample_251                               TM-score=0.39738  RMSD=3.61
  sample_252                               TM-score=0.65558  RMSD=3.3
  sample_253                               TM-score=0.58516  RMSD=3.92
  sample_254                               TM-score=0.61571  RMSD=3.86
  sample_255                               TM-score=0.53718  RMSD=3.44
  sample_256                               TM-score=0.65183  RMSD=3.48
  sample_257                               TM-score=0.73565  RMSD=2.82
  sample_258                               TM-score=0.62805  RMSD=3.83
  sample_259                               TM-score=0.67723  RMSD=3.33
  sample_26                                TM-score=0.70331  RMSD=3.1
  sample_260                               TM-score=0.62235  RMSD=3.55
  sample_261                               TM-score=0.53892  RMSD=4.06
  sample_262                               TM-score=0.70134  RMSD=3.13
  sample_263                               TM-score=0.24782  RMSD=5.22
  sample_264                               TM-score=0.66793  RMSD=3.37
  sample_265                               TM-score=0.53407  RMSD=4.49
  sample_266                               TM-score=0.52924  RMSD=4.04
  sample_267                               TM-score=0.54037  RMSD=4.13
  sample_268                               TM-score=0.57903  RMSD=4.08
  sample_269                               TM-score=0.56191  RMSD=4.45
  sample_27                                TM-score=0.67848  RMSD=3.13
  sample_270                               TM-score=0.64232  RMSD=3.37
  sample_271                               TM-score=0.73263  RMSD=2.76
  sample_272                               TM-score=0.67101  RMSD=3.0
  sample_273                               TM-score=0.53101  RMSD=4.29
  sample_274                               TM-score=0.62216  RMSD=3.84
  sample_275                               TM-score=0.64796  RMSD=3.23
  sample_276                               TM-score=0.75713  RMSD=2.74
  sample_277                               TM-score=0.6828  RMSD=3.18
  sample_278                               TM-score=0.67935  RMSD=3.29
  sample_279                               TM-score=0.67141  RMSD=3.06
  sample_28                                TM-score=0.67754  RMSD=3.32
  sample_280                               TM-score=0.61173  RMSD=3.77
  sample_281                               TM-score=0.61216  RMSD=3.93
  sample_282                               TM-score=0.64695  RMSD=3.58
  sample_283                               TM-score=0.53617  RMSD=4.23
  sample_284                               TM-score=0.26875  RMSD=5.39
  sample_285                               TM-score=0.53978  RMSD=3.67
  sample_286                               TM-score=0.6923  RMSD=2.94
  sample_287                               TM-score=0.65893  RMSD=3.4
  sample_288                               TM-score=0.61603  RMSD=3.47
  sample_289                               TM-score=0.5536  RMSD=4.14
  sample_29                                TM-score=0.55313  RMSD=4.16
  sample_290                               TM-score=0.68548  RMSD=3.2
  sample_291                               TM-score=0.57502  RMSD=4.15
  sample_292                               TM-score=0.52753  RMSD=3.32
  sample_293                               TM-score=0.67231  RMSD=3.3
  sample_294                               TM-score=0.67454  RMSD=3.26
  sample_295                               TM-score=0.58907  RMSD=4.01
  sample_296                               TM-score=0.75088  RMSD=2.54
  sample_297                               TM-score=0.71496  RMSD=3.22
  sample_298                               TM-score=0.58494  RMSD=3.96
  sample_299                               TM-score=0.65475  RMSD=3.55
  sample_3                                 TM-score=0.66206  RMSD=3.44
  sample_30                                TM-score=0.54856  RMSD=3.94
  sample_300                               TM-score=0.70092  RMSD=3.24
  sample_31                                TM-score=0.65585  RMSD=3.52
  sample_32                                TM-score=0.51721  RMSD=3.23
  sample_33                                TM-score=0.54232  RMSD=3.87
  sample_34                                TM-score=0.49669  RMSD=4.04
  sample_35                                TM-score=0.65136  RMSD=3.34
  sample_36                                TM-score=0.66014  RMSD=3.56
  sample_37                                TM-score=0.5854  RMSD=4.07
  sample_38                                TM-score=0.61423  RMSD=3.01
  sample_39                                TM-score=0.58751  RMSD=3.73
  sample_4                                 TM-score=0.53809  RMSD=4.23
  sample_40                                TM-score=0.69642  RMSD=3.15
  sample_41                                TM-score=0.68693  RMSD=3.15
  sample_42                                TM-score=0.59444  RMSD=3.99
  sample_43                                TM-score=0.66727  RMSD=3.39
  sample_44                                TM-score=0.60446  RMSD=3.2
  sample_45                                TM-score=0.7468  RMSD=2.77
  sample_46                                TM-score=0.59615  RMSD=3.89
  sample_47                                TM-score=0.54524  RMSD=3.94
  sample_48                                TM-score=0.58465  RMSD=3.21
  sample_49                                TM-score=0.62577  RMSD=3.62
  sample_5                                 TM-score=0.56324  RMSD=4.21
  sample_50                                TM-score=0.5873  RMSD=3.9
  sample_51                                TM-score=0.59305  RMSD=3.76
  sample_52                                TM-score=0.63976  RMSD=3.65
  sample_53                                TM-score=0.62337  RMSD=3.61
  sample_54                                TM-score=0.59478  RMSD=3.7
  sample_55                                TM-score=0.5854  RMSD=3.91
  sample_56                                TM-score=0.70002  RMSD=3.02
  sample_57                                TM-score=0.73313  RMSD=2.68
  sample_58                                TM-score=0.66673  RMSD=3.18
  sample_59                                TM-score=0.74799  RMSD=2.64
  sample_6                                 TM-score=0.76132  RMSD=2.63
  sample_60                                TM-score=0.70068  RMSD=2.96
  sample_61                                TM-score=0.58082  RMSD=3.91
  sample_62                                TM-score=0.6412  RMSD=3.37
  sample_63                                TM-score=0.62277  RMSD=3.71
  sample_64                                TM-score=0.64306  RMSD=3.44
  sample_65                                TM-score=0.66578  RMSD=3.35
  sample_66                                TM-score=0.65606  RMSD=3.47
  sample_67                                TM-score=0.73846  RMSD=2.87
  sample_68                                TM-score=0.58373  RMSD=3.9
  sample_69                                TM-score=0.66203  RMSD=3.31
  sample_7                                 TM-score=0.61722  RMSD=3.74
  sample_70                                TM-score=0.69866  RMSD=2.98
  sample_71                                TM-score=0.70984  RMSD=2.93
  sample_72                                TM-score=0.58414  RMSD=4.19
  sample_73                                TM-score=0.49621  RMSD=3.89
  sample_74                                TM-score=0.47879  RMSD=3.9
  sample_75                                TM-score=0.5215  RMSD=4.34
  sample_76                                TM-score=0.53439  RMSD=3.59
  sample_77                                TM-score=0.275  RMSD=5.14
  sample_78                                TM-score=0.57978  RMSD=3.87
  sample_79                                TM-score=0.65422  RMSD=3.48
  sample_8                                 TM-score=0.7083  RMSD=2.94
  sample_80                                TM-score=0.70865  RMSD=2.98
  sample_81                                TM-score=0.62935  RMSD=3.75
  sample_82                                TM-score=0.67551  RMSD=3.26
  sample_83                                TM-score=0.6531  RMSD=3.38
  sample_84                                TM-score=0.52363  RMSD=4.31
  sample_85                                TM-score=0.577  RMSD=4.15
  sample_86                                TM-score=0.72104  RMSD=2.85
  sample_87                                TM-score=0.70254  RMSD=2.93
  sample_88                                TM-score=0.58612  RMSD=3.97
  sample_89                                TM-score=0.57077  RMSD=4.25
  sample_9                                 TM-score=0.59299  RMSD=3.74
  sample_90                                TM-score=0.67005  RMSD=3.48
  sample_91                                TM-score=0.69949  RMSD=3.12
  sample_92                                TM-score=0.75375  RMSD=2.78
  sample_93                                TM-score=0.58684  RMSD=3.86
  sample_94                                TM-score=0.72487  RMSD=2.87
  sample_95                                TM-score=0.61432  RMSD=3.4
  sample_96                                TM-score=0.49878  RMSD=4.22
  sample_97                                TM-score=0.63623  RMSD=3.66
  sample_98                                TM-score=0.72736  RMSD=3.06
  sample_99                                TM-score=0.69175  RMSD=3.27
已写入 L11design/data/exp2/ligand_q12//tm.csv
  sample_1                                 TM-score=0.60775  RMSD=3.56
  sample_10                                TM-score=0.66296  RMSD=3.34
  sample_100                               TM-score=0.70264  RMSD=3.12
  sample_101                               TM-score=0.72959  RMSD=2.77
  sample_102                               TM-score=0.69427  RMSD=2.92
  sample_103                               TM-score=0.69876  RMSD=3.13
  sample_104                               TM-score=0.61536  RMSD=3.72
  sample_105                               TM-score=0.54822  RMSD=3.31
  sample_106                               TM-score=0.66138  RMSD=3.19
  sample_107                               TM-score=0.75396  RMSD=2.69
  sample_108                               TM-score=0.53486  RMSD=3.44
  sample_109                               TM-score=0.27593  RMSD=4.95
  sample_11                                TM-score=0.70249  RMSD=3.12
  sample_110                               TM-score=0.52949  RMSD=4.13
  sample_111                               TM-score=0.62502  RMSD=3.53
  sample_112                               TM-score=0.62509  RMSD=3.56
  sample_113                               TM-score=0.54216  RMSD=3.93
  sample_114                               TM-score=0.64822  RMSD=3.67
  sample_115                               TM-score=0.5792  RMSD=3.9
  sample_116                               TM-score=0.73513  RMSD=2.86
  sample_117                               TM-score=0.66063  RMSD=3.44
  sample_118                               TM-score=0.72059  RMSD=2.94
  sample_119                               TM-score=0.60547  RMSD=3.42
  sample_12                                TM-score=0.65058  RMSD=3.57
  sample_120                               TM-score=0.49088  RMSD=4.33
  sample_121                               TM-score=0.72883  RMSD=2.89
  sample_122                               TM-score=0.61999  RMSD=3.91
  sample_123                               TM-score=0.67208  RMSD=3.23
  sample_124                               TM-score=0.68612  RMSD=3.15
  sample_125                               TM-score=0.57676  RMSD=3.98
  sample_126                               TM-score=0.55014  RMSD=3.33
  sample_127                               TM-score=0.63413  RMSD=3.55
  sample_128                               TM-score=0.67857  RMSD=3.48
  sample_129                               TM-score=0.70211  RMSD=3.18
  sample_13                                TM-score=0.59795  RMSD=4.02
  sample_130                               TM-score=0.60857  RMSD=3.41
  sample_131                               TM-score=0.68341  RMSD=3.38
  sample_132                               TM-score=0.57742  RMSD=4.12
  sample_133                               TM-score=0.59245  RMSD=3.66
  sample_134                               TM-score=0.63646  RMSD=3.57
  sample_135                               TM-score=0.54605  RMSD=4.05
  sample_136                               TM-score=0.50733  RMSD=4.47
  sample_137                               TM-score=0.63802  RMSD=3.45
  sample_138                               TM-score=0.73636  RMSD=3.03
  sample_139                               TM-score=0.54349  RMSD=3.18
  sample_14                                TM-score=0.68142  RMSD=3.21
  sample_140                               TM-score=0.49872  RMSD=3.76
  sample_141                               TM-score=0.61036  RMSD=3.75
  sample_142                               TM-score=0.66906  RMSD=3.23
  sample_143                               TM-score=0.53936  RMSD=3.93
  sample_144                               TM-score=0.5495  RMSD=3.21
  sample_145                               TM-score=0.7081  RMSD=3.12
  sample_146                               TM-score=0.67681  RMSD=3.11
  sample_147                               TM-score=0.7156  RMSD=2.98
  sample_148                               TM-score=0.71452  RMSD=2.96
  sample_149                               TM-score=0.70688  RMSD=3.25
  sample_15                                TM-score=0.68288  RMSD=3.17
  sample_150                               TM-score=0.52028  RMSD=3.81
  sample_151                               TM-score=0.57715  RMSD=4.02
  sample_152                               TM-score=0.60769  RMSD=3.55
  sample_153                               TM-score=0.57579  RMSD=3.97
  sample_154                               TM-score=0.56872  RMSD=3.82
  sample_155                               TM-score=0.52629  RMSD=4.39
  sample_156                               TM-score=0.60274  RMSD=3.64
  sample_157                               TM-score=0.59503  RMSD=3.86
  sample_158                               TM-score=0.61392  RMSD=3.91
  sample_159                               TM-score=0.6348  RMSD=3.49
  sample_16                                TM-score=0.67942  RMSD=3.11
  sample_160                               TM-score=0.57272  RMSD=4.26
  sample_161                               TM-score=0.57705  RMSD=3.7
  sample_162                               TM-score=0.71472  RMSD=3.01
  sample_163                               TM-score=0.58587  RMSD=3.98
  sample_164                               TM-score=0.5914  RMSD=4.03
  sample_165                               TM-score=0.53508  RMSD=4.12
  sample_166                               TM-score=0.61216  RMSD=3.76
  sample_167                               TM-score=0.52217  RMSD=4.08
  sample_168                               TM-score=0.57771  RMSD=4.08
  sample_169                               TM-score=0.61411  RMSD=3.65
  sample_17                                TM-score=0.5165  RMSD=3.74
  sample_170                               TM-score=0.62494  RMSD=3.7
  sample_171                               TM-score=0.67603  RMSD=3.49
  sample_172                               TM-score=0.6278  RMSD=3.62
  sample_173                               TM-score=0.71728  RMSD=2.98
  sample_174                               TM-score=0.68249  RMSD=3.25
  sample_175                               TM-score=0.53391  RMSD=4.11
  sample_176                               TM-score=0.26714  RMSD=4.38
  sample_177                               TM-score=0.50783  RMSD=3.68
  sample_178                               TM-score=0.72809  RMSD=2.94
  sample_179                               TM-score=0.65126  RMSD=3.43
  sample_18                                TM-score=0.59785  RMSD=4.11
  sample_180                               TM-score=0.68923  RMSD=3.25
  sample_181                               TM-score=0.63887  RMSD=3.4
  sample_182                               TM-score=0.7662  RMSD=2.59
  sample_183                               TM-score=0.66445  RMSD=3.37
  sample_184                               TM-score=0.65982  RMSD=3.36
  sample_185                               TM-score=0.66101  RMSD=3.17
  sample_186                               TM-score=0.52773  RMSD=3.27
  sample_187                               TM-score=0.57377  RMSD=3.94
  sample_188                               TM-score=0.72061  RMSD=3.15
  sample_189                               TM-score=0.65056  RMSD=3.61
  sample_19                                TM-score=0.25369  RMSD=5.21
  sample_190                               TM-score=0.54514  RMSD=4.15
  sample_191                               TM-score=0.53383  RMSD=3.62
  sample_192                               TM-score=0.70293  RMSD=2.96
  sample_193                               TM-score=0.64586  RMSD=3.58
  sample_194                               TM-score=0.73201  RMSD=2.99
  sample_195                               TM-score=0.62837  RMSD=3.53
  sample_196                               TM-score=0.62998  RMSD=3.58
  sample_197                               TM-score=0.51053  RMSD=3.86
  sample_198                               TM-score=0.56079  RMSD=3.8
  sample_199                               TM-score=0.55301  RMSD=4.02
  sample_2                                 TM-score=0.70571  RMSD=2.88
  sample_20                                TM-score=0.61693  RMSD=3.75
  sample_200                               TM-score=0.41018  RMSD=3.95
  sample_201                               TM-score=0.26873  RMSD=4.97
  sample_202                               TM-score=0.61025  RMSD=3.7
  sample_203                               TM-score=0.53253  RMSD=4.32
  sample_204                               TM-score=0.60996  RMSD=3.97
  sample_205                               TM-score=0.66459  RMSD=3.19
  sample_206                               TM-score=0.24905  RMSD=5.28
  sample_207                               TM-score=0.75106  RMSD=2.63
  sample_208                               TM-score=0.65184  RMSD=3.42
  sample_209                               TM-score=0.5261  RMSD=3.6
  sample_21                                TM-score=0.62744  RMSD=3.71
  sample_210                               TM-score=0.23522  RMSD=4.9
  sample_211                               TM-score=0.74548  RMSD=2.54
  sample_212                               TM-score=0.57677  RMSD=3.56
  sample_213                               TM-score=0.57864  RMSD=3.84
  sample_214                               TM-score=0.64836  RMSD=3.38
  sample_215                               TM-score=0.59882  RMSD=3.81
  sample_216                               TM-score=0.6176  RMSD=3.7
  sample_217                               TM-score=0.71291  RMSD=2.86
  sample_218                               TM-score=0.76247  RMSD=2.78
  sample_219                               TM-score=0.57377  RMSD=4.02
  sample_22                                TM-score=0.64815  RMSD=3.32
  sample_220                               TM-score=0.52462  RMSD=3.68
  sample_221                               TM-score=0.65192  RMSD=3.44
  sample_222                               TM-score=0.5707  RMSD=4.06
  sample_223                               TM-score=0.62851  RMSD=3.78
  sample_224                               TM-score=0.26192  RMSD=4.42
  sample_225                               TM-score=0.70071  RMSD=3.22
  sample_226                               TM-score=0.74434  RMSD=2.84
  sample_227                               TM-score=0.72185  RMSD=3.02
  sample_228                               TM-score=0.52726  RMSD=4.15
  sample_229                               TM-score=0.58939  RMSD=4.03
  sample_23                                TM-score=0.55949  RMSD=3.98
  sample_230                               TM-score=0.65559  RMSD=3.35
  sample_231                               TM-score=0.54207  RMSD=3.6
  sample_232                               TM-score=0.56685  RMSD=3.95
  sample_233                               TM-score=0.58604  RMSD=3.98
  sample_234                               TM-score=0.54495  RMSD=4.04
  sample_235                               TM-score=0.71675  RMSD=3.18
  sample_236                               TM-score=0.60248  RMSD=3.7
  sample_237                               TM-score=0.61323  RMSD=3.84
  sample_238                               TM-score=0.5664  RMSD=3.67
  sample_239                               TM-score=0.54442  RMSD=3.32
  sample_24                                TM-score=0.52214  RMSD=4.01
  sample_240                               TM-score=0.75967  RMSD=2.92
  sample_241                               TM-score=0.54515  RMSD=3.8
  sample_242                               TM-score=0.45  RMSD=4.12
  sample_243                               TM-score=0.7018  RMSD=2.88
  sample_244                               TM-score=0.70331  RMSD=3.18
  sample_245                               TM-score=0.69607  RMSD=3.11
  sample_246                               TM-score=0.76766  RMSD=2.63
  sample_247                               TM-score=0.69638  RMSD=3.13
  sample_248                               TM-score=0.54938  RMSD=3.62
  sample_249                               TM-score=0.7133  RMSD=3.04
  sample_25                                TM-score=0.68445  RMSD=3.28
  sample_250                               TM-score=0.57589  RMSD=4.01
  sample_251                               TM-score=0.52678  RMSD=4.19
  sample_252                               TM-score=0.69921  RMSD=2.78
  sample_253                               TM-score=0.61977  RMSD=3.62
  sample_254                               TM-score=0.5142  RMSD=4.06
  sample_255                               TM-score=0.7267  RMSD=2.93
  sample_256                               TM-score=0.54849  RMSD=4.11
  sample_257                               TM-score=0.62792  RMSD=3.68
  sample_258                               TM-score=0.63638  RMSD=3.57
  sample_259                               TM-score=0.67201  RMSD=3.34
  sample_26                                TM-score=0.61027  RMSD=4.04
  sample_260                               TM-score=0.56936  RMSD=4.04
  sample_261                               TM-score=0.60981  RMSD=3.68
  sample_262                               TM-score=0.62807  RMSD=3.63
  sample_263                               TM-score=0.59655  RMSD=3.9
  sample_264                               TM-score=0.58296  RMSD=3.88
  sample_265                               TM-score=0.63168  RMSD=3.49
  sample_266                               TM-score=0.58229  RMSD=3.92
  sample_267                               TM-score=0.65448  RMSD=3.4
  sample_268                               TM-score=0.52105  RMSD=4.05
  sample_269                               TM-score=0.2504  RMSD=4.93
  sample_27                                TM-score=0.67991  RMSD=3.16
  sample_270                               TM-score=0.53257  RMSD=3.71
  sample_271                               TM-score=0.61484  RMSD=3.83
  sample_272                               TM-score=0.64281  RMSD=3.36
  sample_273                               TM-score=0.67592  RMSD=3.59
  sample_274                               TM-score=0.73359  RMSD=2.82
  sample_275                               TM-score=0.76914  RMSD=2.51
  sample_276                               TM-score=0.68742  RMSD=3.19
  sample_277                               TM-score=0.5443  RMSD=3.59
  sample_278                               TM-score=0.71248  RMSD=3.06
  sample_279                               TM-score=0.50824  RMSD=4.42
  sample_28                                TM-score=0.69314  RMSD=3.13
  sample_280                               TM-score=0.54468  RMSD=4.03
  sample_281                               TM-score=0.66034  RMSD=3.43
  sample_282                               TM-score=0.76238  RMSD=2.61
  sample_283                               TM-score=0.7269  RMSD=2.86
  sample_284                               TM-score=0.72534  RMSD=2.82
  sample_285                               TM-score=0.60969  RMSD=4.01
  sample_286                               TM-score=0.67567  RMSD=3.33
  sample_287                               TM-score=0.60117  RMSD=3.83
  sample_288                               TM-score=0.64963  RMSD=3.44
  sample_289                               TM-score=0.66913  RMSD=3.52
  sample_29                                TM-score=0.6708  RMSD=3.19
  sample_290                               TM-score=0.69011  RMSD=3.27
  sample_291                               TM-score=0.58874  RMSD=4.15
  sample_292                               TM-score=0.65738  RMSD=2.69
  sample_293                               TM-score=0.61894  RMSD=3.84
  sample_294                               TM-score=0.61253  RMSD=3.87
  sample_295                               TM-score=0.54545  RMSD=3.67
  sample_296                               TM-score=0.71555  RMSD=3.06
  sample_297                               TM-score=0.72201  RMSD=2.91
  sample_298                               TM-score=0.71641  RMSD=2.93
  sample_299                               TM-score=0.70311  RMSD=2.88
  sample_3                                 TM-score=0.51812  RMSD=3.47
  sample_30                                TM-score=0.68937  RMSD=3.17
  sample_300                               TM-score=0.2959  RMSD=4.67
  sample_31                                TM-score=0.62994  RMSD=3.64
  sample_32                                TM-score=0.22965  RMSD=5.18
  sample_33                                TM-score=0.66669  RMSD=3.25
  sample_34                                TM-score=0.60989  RMSD=3.72
  sample_35                                TM-score=0.77497  RMSD=2.36
  sample_36                                TM-score=0.54682  RMSD=4.15
  sample_37                                TM-score=0.59616  RMSD=3.96
  sample_38                                TM-score=0.67242  RMSD=3.22
  sample_39                                TM-score=0.69813  RMSD=2.88
  sample_4                                 TM-score=0.56955  RMSD=4.06
  sample_40                                TM-score=0.63851  RMSD=3.36
  sample_41                                TM-score=0.74149  RMSD=2.83
  sample_42                                TM-score=0.56357  RMSD=4.14
  sample_43                                TM-score=0.63502  RMSD=3.54
  sample_44                                TM-score=0.68397  RMSD=2.99
  sample_45                                TM-score=0.54881  RMSD=3.98
  sample_46                                TM-score=0.32536  RMSD=4.96
  sample_47                                TM-score=0.6182  RMSD=3.14
  sample_48                                TM-score=0.72774  RMSD=2.88
  sample_49                                TM-score=0.64226  RMSD=3.59
  sample_5                                 TM-score=0.78368  RMSD=2.55
  sample_50                                TM-score=0.69607  RMSD=3.27
  sample_51                                TM-score=0.69792  RMSD=3.0
  sample_52                                TM-score=0.72398  RMSD=3.12
  sample_53                                TM-score=0.65775  RMSD=3.33
  sample_54                                TM-score=0.70787  RMSD=3.05
  sample_55                                TM-score=0.68303  RMSD=2.83
  sample_56                                TM-score=0.73677  RMSD=2.77
  sample_57                                TM-score=0.68667  RMSD=3.23
  sample_58                                TM-score=0.53881  RMSD=4.02
  sample_59                                TM-score=0.67089  RMSD=3.32
  sample_6                                 TM-score=0.65017  RMSD=3.62
  sample_60                                TM-score=0.54527  RMSD=4.28
  sample_61                                TM-score=0.77183  RMSD=2.4
  sample_62                                TM-score=0.56696  RMSD=4.17
  sample_63                                TM-score=0.5728  RMSD=4.03
  sample_64                                TM-score=0.54121  RMSD=4.04
  sample_65                                TM-score=0.57022  RMSD=4.03
  sample_66                                TM-score=0.63871  RMSD=3.68
  sample_67                                TM-score=0.56707  RMSD=3.51
  sample_68                                TM-score=0.65992  RMSD=3.44
  sample_69                                TM-score=0.53426  RMSD=4.17
  sample_7                                 TM-score=0.52891  RMSD=3.82
  sample_70                                TM-score=0.70327  RMSD=3.05
  sample_71                                TM-score=0.61643  RMSD=3.76
  sample_72                                TM-score=0.73423  RMSD=2.94
  sample_73                                TM-score=0.66651  RMSD=3.39
  sample_74                                TM-score=0.66086  RMSD=3.44
  sample_75                                TM-score=0.2499  RMSD=4.37
  sample_76                                TM-score=0.64276  RMSD=3.67
  sample_77                                TM-score=0.69128  RMSD=3.17
  sample_78                                TM-score=0.64511  RMSD=3.49
  sample_79                                TM-score=0.54088  RMSD=4.04
  sample_8                                 TM-score=0.64922  RMSD=3.5
  sample_80                                TM-score=0.73844  RMSD=2.81
  sample_81                                TM-score=0.75884  RMSD=2.47
  sample_82                                TM-score=0.60476  RMSD=3.55
  sample_83                                TM-score=0.62608  RMSD=3.72
  sample_84                                TM-score=0.54647  RMSD=4.22
  sample_85                                TM-score=0.68913  RMSD=3.16
  sample_86                                TM-score=0.57006  RMSD=4.03
  sample_87                                TM-score=0.61846  RMSD=3.72
  sample_88                                TM-score=0.24566  RMSD=4.78
  sample_89                                TM-score=0.65313  RMSD=3.37
  sample_9                                 TM-score=0.49081  RMSD=3.54
  sample_90                                TM-score=0.5946  RMSD=4.15
  sample_91                                TM-score=0.50081  RMSD=3.47
  sample_92                                TM-score=0.59077  RMSD=3.77
  sample_93                                TM-score=0.60933  RMSD=3.86
  sample_94                                TM-score=0.67412  RMSD=3.4
  sample_95                                TM-score=0.56341  RMSD=4.12
  sample_96                                TM-score=0.70898  RMSD=3.05
  sample_97                                TM-score=0.76628  RMSD=2.72
  sample_98                                TM-score=0.62654  RMSD=3.85
  sample_99                                TM-score=0.66007  RMSD=3.15
已写入 L11design/data/exp2/ligand_q6.87//tm.csv
  sample_1                                 TM-score=0.69818  RMSD=3.09
  sample_10                                TM-score=0.69361  RMSD=3.48
  sample_100                               TM-score=0.62465  RMSD=3.55
  sample_101                               TM-score=0.56041  RMSD=4.17
  sample_102                               TM-score=0.64332  RMSD=3.72
  sample_103                               TM-score=0.66952  RMSD=3.19
  sample_104                               TM-score=0.5748  RMSD=3.86
  sample_105                               TM-score=0.6099  RMSD=3.54
  sample_106                               TM-score=0.71175  RMSD=3.07
  sample_107                               TM-score=0.63329  RMSD=3.17
  sample_108                               TM-score=0.65438  RMSD=3.31
  sample_109                               TM-score=0.68812  RMSD=3.28
  sample_11                                TM-score=0.55512  RMSD=3.96
  sample_110                               TM-score=0.5323  RMSD=4.18
  sample_111                               TM-score=0.68511  RMSD=2.92
  sample_112                               TM-score=0.27269  RMSD=5.09
  sample_113                               TM-score=0.65844  RMSD=3.38
  sample_114                               TM-score=0.25871  RMSD=4.8
  sample_115                               TM-score=0.63698  RMSD=3.55
  sample_116                               TM-score=0.71028  RMSD=3.0
  sample_117                               TM-score=0.59141  RMSD=3.94
  sample_118                               TM-score=0.66853  RMSD=3.26
  sample_119                               TM-score=0.69048  RMSD=3.22
  sample_12                                TM-score=0.54218  RMSD=3.7
  sample_120                               TM-score=0.73206  RMSD=2.91
  sample_121                               TM-score=0.53156  RMSD=4.52
  sample_122                               TM-score=0.68877  RMSD=3.03
  sample_123                               TM-score=0.65211  RMSD=3.69
  sample_124                               TM-score=0.7276  RMSD=3.04
  sample_125                               TM-score=0.64586  RMSD=3.68
  sample_126                               TM-score=0.66036  RMSD=3.4
  sample_127                               TM-score=0.63831  RMSD=3.64
  sample_128                               TM-score=0.65545  RMSD=3.38
  sample_129                               TM-score=0.71965  RMSD=2.99
  sample_13                                TM-score=0.53276  RMSD=4.26
  sample_130                               TM-score=0.5958  RMSD=3.94
  sample_131                               TM-score=0.52582  RMSD=4.16
  sample_132                               TM-score=0.54924  RMSD=4.09
  sample_133                               TM-score=0.53185  RMSD=3.42
  sample_134                               TM-score=0.61283  RMSD=3.9
  sample_135                               TM-score=0.64848  RMSD=3.47
  sample_136                               TM-score=0.62665  RMSD=3.35
  sample_137                               TM-score=0.69957  RMSD=3.19
  sample_138                               TM-score=0.64038  RMSD=3.63
  sample_139                               TM-score=0.53476  RMSD=4.07
  sample_14                                TM-score=0.66143  RMSD=3.03
  sample_140                               TM-score=0.72013  RMSD=2.7
  sample_141                               TM-score=0.61  RMSD=3.74
  sample_142                               TM-score=0.67861  RMSD=3.16
  sample_143                               TM-score=0.52986  RMSD=4.62
  sample_144                               TM-score=0.76787  RMSD=2.71
  sample_145                               TM-score=0.72892  RMSD=2.99
  sample_146                               TM-score=0.25774  RMSD=4.68
  sample_147                               TM-score=0.58379  RMSD=4.05
  sample_148                               TM-score=0.24613  RMSD=4.62
  sample_149                               TM-score=0.64031  RMSD=3.68
  sample_15                                TM-score=0.62014  RMSD=3.67
  sample_150                               TM-score=0.70603  RMSD=3.03
  sample_151                               TM-score=0.51511  RMSD=3.87
  sample_152                               TM-score=0.53852  RMSD=3.99
  sample_153                               TM-score=0.55673  RMSD=4.12
  sample_154                               TM-score=0.56189  RMSD=4.03
  sample_155                               TM-score=0.61218  RMSD=3.63
  sample_156                               TM-score=0.72561  RMSD=2.8
  sample_157                               TM-score=0.65497  RMSD=3.35
  sample_158                               TM-score=0.64041  RMSD=3.43
  sample_159                               TM-score=0.55472  RMSD=3.89
  sample_16                                TM-score=0.6223  RMSD=3.55
  sample_160                               TM-score=0.58212  RMSD=3.88
  sample_161                               TM-score=0.24617  RMSD=4.93
  sample_162                               TM-score=0.65121  RMSD=3.39
  sample_163                               TM-score=0.61892  RMSD=3.67
  sample_164                               TM-score=0.71282  RMSD=3.05
  sample_165                               TM-score=0.68516  RMSD=3.12
  sample_166                               TM-score=0.72857  RMSD=2.98
  sample_167                               TM-score=0.71286  RMSD=3.17
  sample_168                               TM-score=0.60205  RMSD=3.86
  sample_169                               TM-score=0.61561  RMSD=3.7
  sample_17                                TM-score=0.57116  RMSD=4.34
  sample_170                               TM-score=0.6458  RMSD=3.23
  sample_171                               TM-score=0.55289  RMSD=4.04
  sample_172                               TM-score=0.65071  RMSD=3.42
  sample_173                               TM-score=0.52531  RMSD=4.48
  sample_174                               TM-score=0.70346  RMSD=3.09
  sample_175                               TM-score=0.61491  RMSD=3.73
  sample_176                               TM-score=0.53449  RMSD=3.7
  sample_177                               TM-score=0.66439  RMSD=3.38
  sample_178                               TM-score=0.5502  RMSD=4.12
  sample_179                               TM-score=0.28427  RMSD=5.52
  sample_18                                TM-score=0.67423  RMSD=3.28
  sample_180                               TM-score=0.70688  RMSD=2.77
  sample_181                               TM-score=0.51375  RMSD=4.13
  sample_182                               TM-score=0.55201  RMSD=3.99
  sample_183                               TM-score=0.75803  RMSD=2.67
  sample_184                               TM-score=0.67514  RMSD=3.21
  sample_185                               TM-score=0.71038  RMSD=3.15
  sample_186                               TM-score=0.58092  RMSD=4.03
  sample_187                               TM-score=0.25776  RMSD=4.77
  sample_188                               TM-score=0.66727  RMSD=3.23
  sample_189                               TM-score=0.52957  RMSD=4.22
  sample_19                                TM-score=0.54189  RMSD=4.1
  sample_190                               TM-score=0.70538  RMSD=3.06
  sample_191                               TM-score=0.55241  RMSD=3.91
  sample_192                               TM-score=0.6914  RMSD=3.35
  sample_193                               TM-score=0.26249  RMSD=5.31
  sample_194                               TM-score=0.66329  RMSD=3.51
  sample_195                               TM-score=0.48099  RMSD=3.67
  sample_196                               TM-score=0.49411  RMSD=4.19
  sample_197                               TM-score=0.61255  RMSD=3.56
  sample_198                               TM-score=0.65448  RMSD=3.48
  sample_199                               TM-score=0.64156  RMSD=3.38
  sample_2                                 TM-score=0.66626  RMSD=3.35
  sample_20                                TM-score=0.63779  RMSD=3.73
  sample_200                               TM-score=0.69489  RMSD=3.04
  sample_201                               TM-score=0.56853  RMSD=4.05
  sample_202                               TM-score=0.47857  RMSD=3.16
  sample_203                               TM-score=0.54979  RMSD=3.28
  sample_204                               TM-score=0.76199  RMSD=2.67
  sample_205                               TM-score=0.636  RMSD=3.39
  sample_206                               TM-score=0.66782  RMSD=3.25
  sample_207                               TM-score=0.59421  RMSD=3.78
  sample_208                               TM-score=0.70669  RMSD=3.01
  sample_209                               TM-score=0.62091  RMSD=3.72
  sample_21                                TM-score=0.65977  RMSD=3.5
  sample_210                               TM-score=0.60659  RMSD=3.7
  sample_211                               TM-score=0.71131  RMSD=2.77
  sample_212                               TM-score=0.64553  RMSD=3.61
  sample_213                               TM-score=0.62145  RMSD=3.41
  sample_214                               TM-score=0.52482  RMSD=4.03
  sample_215                               TM-score=0.60325  RMSD=3.4
  sample_216                               TM-score=0.62489  RMSD=3.7
  sample_217                               TM-score=0.50558  RMSD=3.72
  sample_218                               TM-score=0.5857  RMSD=3.87
  sample_219                               TM-score=0.51452  RMSD=4.09
  sample_22                                TM-score=0.67425  RMSD=3.62
  sample_220                               TM-score=0.64076  RMSD=3.48
  sample_221                               TM-score=0.57277  RMSD=4.1
  sample_222                               TM-score=0.65116  RMSD=3.5
  sample_223                               TM-score=0.54568  RMSD=4.22
  sample_224                               TM-score=0.64877  RMSD=3.45
  sample_225                               TM-score=0.55763  RMSD=3.54
  sample_226                               TM-score=0.5265  RMSD=4.44
  sample_227                               TM-score=0.73824  RMSD=2.89
  sample_228                               TM-score=0.6014  RMSD=4.15
  sample_229                               TM-score=0.56673  RMSD=3.91
  sample_23                                TM-score=0.57556  RMSD=3.99
  sample_230                               TM-score=0.21469  RMSD=5.63
  sample_231                               TM-score=0.62096  RMSD=3.63
  sample_232                               TM-score=0.659  RMSD=3.55
  sample_233                               TM-score=0.68838  RMSD=2.97
  sample_234                               TM-score=0.59543  RMSD=3.71
  sample_235                               TM-score=0.455  RMSD=4.52
  sample_236                               TM-score=0.73049  RMSD=3.09
  sample_237                               TM-score=0.53865  RMSD=4.16
  sample_238                               TM-score=0.63767  RMSD=3.34
  sample_239                               TM-score=0.6975  RMSD=3.09
  sample_24                                TM-score=0.61214  RMSD=3.77
  sample_240                               TM-score=0.63086  RMSD=3.67
  sample_241                               TM-score=0.49119  RMSD=3.12
  sample_242                               TM-score=0.65116  RMSD=3.55
  sample_243                               TM-score=0.52972  RMSD=3.27
  sample_244                               TM-score=0.52678  RMSD=4.1
  sample_245                               TM-score=0.75097  RMSD=2.7
  sample_246                               TM-score=0.60682  RMSD=3.75
  sample_247                               TM-score=0.5793  RMSD=3.73
  sample_248                               TM-score=0.66564  RMSD=3.06
  sample_249                               TM-score=0.63524  RMSD=3.69
  sample_25                                TM-score=0.66539  RMSD=3.41
  sample_250                               TM-score=0.69316  RMSD=3.29
  sample_251                               TM-score=0.56896  RMSD=4.08
  sample_252                               TM-score=0.62715  RMSD=3.73
  sample_253                               TM-score=0.71483  RMSD=3.02
  sample_254                               TM-score=0.66015  RMSD=3.28
  sample_255                               TM-score=0.54602  RMSD=3.96
  sample_256                               TM-score=0.64962  RMSD=3.29
  sample_257                               TM-score=0.61768  RMSD=3.61
  sample_258                               TM-score=0.60474  RMSD=3.55
  sample_259                               TM-score=0.63109  RMSD=3.47
  sample_26                                TM-score=0.56851  RMSD=4.22
  sample_260                               TM-score=0.62019  RMSD=3.69
  sample_261                               TM-score=0.60601  RMSD=3.74
  sample_262                               TM-score=0.71667  RMSD=2.87
  sample_263                               TM-score=0.59219  RMSD=3.2
  sample_264                               TM-score=0.54121  RMSD=4.36
  sample_265                               TM-score=0.54488  RMSD=3.69
  sample_266                               TM-score=0.56366  RMSD=3.83
  sample_267                               TM-score=0.50249  RMSD=3.24
  sample_268                               TM-score=0.64325  RMSD=3.41
  sample_269                               TM-score=0.51339  RMSD=3.39
  sample_27                                TM-score=0.62231  RMSD=3.75
  sample_270                               TM-score=0.57441  RMSD=4.09
  sample_271                               TM-score=0.29928  RMSD=5.2
  sample_272                               TM-score=0.60313  RMSD=3.49
  sample_273                               TM-score=0.55199  RMSD=3.5
  sample_274                               TM-score=0.67097  RMSD=3.55
  sample_275                               TM-score=0.52365  RMSD=3.33
  sample_276                               TM-score=0.71551  RMSD=3.08
  sample_277                               TM-score=0.65212  RMSD=3.42
  sample_278                               TM-score=0.72271  RMSD=2.87
  sample_279                               TM-score=0.49418  RMSD=3.21
  sample_28                                TM-score=0.66645  RMSD=3.39
  sample_280                               TM-score=0.67091  RMSD=3.17
  sample_281                               TM-score=0.25621  RMSD=5.14
  sample_282                               TM-score=0.75421  RMSD=2.62
  sample_283                               TM-score=0.3385  RMSD=4.25
  sample_284                               TM-score=0.70235  RMSD=3.11
  sample_285                               TM-score=0.7212  RMSD=2.87
  sample_286                               TM-score=0.27051  RMSD=5.52
  sample_287                               TM-score=0.55815  RMSD=4.04
  sample_288                               TM-score=0.53238  RMSD=3.91
  sample_289                               TM-score=0.65113  RMSD=3.21
  sample_29                                TM-score=0.73622  RMSD=2.6
  sample_290                               TM-score=0.56556  RMSD=4.13
  sample_291                               TM-score=0.67068  RMSD=3.3
  sample_292                               TM-score=0.70808  RMSD=3.19
  sample_293                               TM-score=0.58214  RMSD=4.09
  sample_294                               TM-score=0.48231  RMSD=3.73
  sample_295                               TM-score=0.60163  RMSD=3.3
  sample_296                               TM-score=0.62738  RMSD=3.82
  sample_297                               TM-score=0.67543  RMSD=3.22
  sample_298                               TM-score=0.25127  RMSD=5.54
  sample_299                               TM-score=0.54911  RMSD=4.15
  sample_3                                 TM-score=0.58864  RMSD=4.25
  sample_30                                TM-score=0.24191  RMSD=5.29
  sample_300                               TM-score=0.56957  RMSD=3.81
  sample_31                                TM-score=0.60596  RMSD=3.74
  sample_32                                TM-score=0.68831  RMSD=3.41
  sample_33                                TM-score=0.64629  RMSD=3.41
  sample_34                                TM-score=0.70048  RMSD=3.1
  sample_35                                TM-score=0.62438  RMSD=3.67
  sample_36                                TM-score=0.699  RMSD=3.24
  sample_37                                TM-score=0.60135  RMSD=3.9
  sample_38                                TM-score=0.58365  RMSD=3.76
  sample_39                                TM-score=0.58208  RMSD=3.47
  sample_4                                 TM-score=0.64439  RMSD=3.78
  sample_40                                TM-score=0.56906  RMSD=4.41
  sample_41                                TM-score=0.7074  RMSD=3.07
  sample_42                                TM-score=0.66339  RMSD=3.27
  sample_43                                TM-score=0.68613  RMSD=3.31
  sample_44                                TM-score=0.62224  RMSD=3.78
  sample_45                                TM-score=0.54087  RMSD=4.32
  sample_46                                TM-score=0.56443  RMSD=3.24
  sample_47                                TM-score=0.67239  RMSD=3.5
  sample_48                                TM-score=0.75924  RMSD=2.78
  sample_49                                TM-score=0.25263  RMSD=5.24
  sample_5                                 TM-score=0.54646  RMSD=3.78
  sample_50                                TM-score=0.6317  RMSD=3.6
  sample_51                                TM-score=0.58624  RMSD=3.59
  sample_52                                TM-score=0.62557  RMSD=3.16
  sample_53                                TM-score=0.73393  RMSD=3.05
  sample_54                                TM-score=0.75366  RMSD=2.62
  sample_55                                TM-score=0.67853  RMSD=3.21
  sample_56                                TM-score=0.57321  RMSD=4.02
  sample_57                                TM-score=0.53246  RMSD=3.53
  sample_58                                TM-score=0.66788  RMSD=3.23
  sample_59                                TM-score=0.58307  RMSD=3.99
  sample_6                                 TM-score=0.49152  RMSD=3.32
  sample_60                                TM-score=0.25273  RMSD=5.5
  sample_61                                TM-score=0.63968  RMSD=3.59
  sample_62                                TM-score=0.61818  RMSD=3.78
  sample_63                                TM-score=0.71566  RMSD=2.86
  sample_64                                TM-score=0.70563  RMSD=3.14
  sample_65                                TM-score=0.71787  RMSD=3.18
  sample_66                                TM-score=0.73115  RMSD=2.76
  sample_67                                TM-score=0.684  RMSD=3.39
  sample_68                                TM-score=0.71755  RMSD=2.83
  sample_69                                TM-score=0.7032  RMSD=3.19
  sample_7                                 TM-score=0.7204  RMSD=2.94
  sample_70                                TM-score=0.72794  RMSD=3.03
  sample_71                                TM-score=0.5485  RMSD=4.22
  sample_72                                TM-score=0.26779  RMSD=4.35
  sample_73                                TM-score=0.72827  RMSD=2.91
  sample_74                                TM-score=0.65565  RMSD=3.58
  sample_75                                TM-score=0.62141  RMSD=3.62
  sample_76                                TM-score=0.76978  RMSD=2.67
  sample_77                                TM-score=0.65107  RMSD=3.82
  sample_78                                TM-score=0.64741  RMSD=3.6
  sample_79                                TM-score=0.54014  RMSD=3.39
  sample_8                                 TM-score=0.68439  RMSD=3.14
  sample_80                                TM-score=0.69587  RMSD=3.21
  sample_81                                TM-score=0.58374  RMSD=3.94
  sample_82                                TM-score=0.57997  RMSD=3.29
  sample_83                                TM-score=0.64458  RMSD=3.47
  sample_84                                TM-score=0.62782  RMSD=3.95
  sample_85                                TM-score=0.58455  RMSD=3.91
  sample_86                                TM-score=0.75263  RMSD=2.84
  sample_87                                TM-score=0.52731  RMSD=3.57
  sample_88                                TM-score=0.57147  RMSD=4.19
  sample_89                                TM-score=0.63173  RMSD=3.7
  sample_9                                 TM-score=0.50115  RMSD=4.27
  sample_90                                TM-score=0.69653  RMSD=2.98
  sample_91                                TM-score=0.77594  RMSD=2.79
  sample_92                                TM-score=0.5622  RMSD=3.21
  sample_93                                TM-score=0.62649  RMSD=3.84
  sample_94                                TM-score=0.59888  RMSD=3.91
  sample_95                                TM-score=0.68412  RMSD=3.52
  sample_96                                TM-score=0.57416  RMSD=3.88
  sample_97                                TM-score=0.68378  RMSD=3.46
  sample_98                                TM-score=0.23095  RMSD=4.24
  sample_99                                TM-score=0.5939  RMSD=3.69
已写入 L11design/data/exp2/ligand_q8//tm.csv
  native                                   TM-score=0.79391  RMSD=2.68
已写入 L11design/data/exp2/_native//tm.csv
  sample_1                                 TM-score=0.73669  RMSD=2.64
  sample_10                                TM-score=0.74836  RMSD=2.79
  sample_100                               TM-score=0.68879  RMSD=3.07
  sample_101                               TM-score=0.72467  RMSD=3.01
  sample_102                               TM-score=0.70688  RMSD=3.03
  sample_103                               TM-score=0.69263  RMSD=3.13
  sample_104                               TM-score=0.62599  RMSD=3.75
  sample_105                               TM-score=0.68111  RMSD=3.53
  sample_106                               TM-score=0.6981  RMSD=3.24
  sample_107                               TM-score=0.6818  RMSD=3.15
  sample_108                               TM-score=0.67966  RMSD=3.23
  sample_109                               TM-score=0.51067  RMSD=3.94
  sample_11                                TM-score=0.66408  RMSD=3.35
  sample_110                               TM-score=0.67051  RMSD=3.27
  sample_111                               TM-score=0.61723  RMSD=3.63
  sample_112                               TM-score=0.71473  RMSD=3.0
  sample_113                               TM-score=0.72506  RMSD=2.95
  sample_114                               TM-score=0.68419  RMSD=3.58
  sample_115                               TM-score=0.63509  RMSD=3.52
  sample_116                               TM-score=0.67815  RMSD=3.32
  sample_117                               TM-score=0.61092  RMSD=3.68
  sample_118                               TM-score=0.72387  RMSD=2.84
  sample_119                               TM-score=0.67512  RMSD=3.37
  sample_12                                TM-score=0.74399  RMSD=2.72
  sample_120                               TM-score=0.61879  RMSD=3.6
  sample_121                               TM-score=0.66214  RMSD=3.59
  sample_122                               TM-score=0.7711  RMSD=2.51
  sample_123                               TM-score=0.66758  RMSD=3.16
  sample_124                               TM-score=0.74241  RMSD=3.09
  sample_125                               TM-score=0.63685  RMSD=3.65
  sample_126                               TM-score=0.62631  RMSD=3.45
  sample_127                               TM-score=0.75438  RMSD=3.0
  sample_128                               TM-score=0.64822  RMSD=3.43
  sample_129                               TM-score=0.65495  RMSD=3.33
  sample_13                                TM-score=0.70127  RMSD=3.13
  sample_130                               TM-score=0.68502  RMSD=3.53
  sample_131                               TM-score=0.67732  RMSD=3.2
  sample_132                               TM-score=0.77995  RMSD=2.6
  sample_133                               TM-score=0.72703  RMSD=3.12
  sample_134                               TM-score=0.25676  RMSD=5.44
  sample_135                               TM-score=0.6632  RMSD=3.43
  sample_136                               TM-score=0.2134  RMSD=5.36
  sample_137                               TM-score=0.73563  RMSD=2.73
  sample_138                               TM-score=0.2298  RMSD=6.08
  sample_139                               TM-score=0.7836  RMSD=2.5
  sample_14                                TM-score=0.63988  RMSD=3.62
  sample_140                               TM-score=0.70043  RMSD=3.07
  sample_141                               TM-score=0.74863  RMSD=2.77
  sample_142                               TM-score=0.51702  RMSD=3.87
  sample_143                               TM-score=0.58206  RMSD=4.09
  sample_144                               TM-score=0.7057  RMSD=3.21
  sample_145                               TM-score=0.6  RMSD=3.96
  sample_146                               TM-score=0.53851  RMSD=4.24
  sample_147                               TM-score=0.67177  RMSD=3.41
  sample_148                               TM-score=0.72653  RMSD=2.99
  sample_149                               TM-score=0.69459  RMSD=3.09
  sample_15                                TM-score=0.57381  RMSD=3.98
  sample_150                               TM-score=0.6668  RMSD=3.63
  sample_151                               TM-score=0.69391  RMSD=3.26
  sample_152                               TM-score=0.63379  RMSD=3.81
  sample_153                               TM-score=0.62828  RMSD=3.82
  sample_154                               TM-score=0.67303  RMSD=3.16
  sample_155                               TM-score=0.72094  RMSD=2.95
  sample_156                               TM-score=0.6411  RMSD=3.59
  sample_157                               TM-score=0.67525  RMSD=3.6
  sample_158                               TM-score=0.56186  RMSD=3.45
  sample_159                               TM-score=0.61563  RMSD=3.68
  sample_16                                TM-score=0.62669  RMSD=3.86
  sample_160                               TM-score=0.75573  RMSD=2.61
  sample_161                               TM-score=0.54577  RMSD=4.38
  sample_162                               TM-score=0.70258  RMSD=2.93
  sample_163                               TM-score=0.64712  RMSD=3.7
  sample_164                               TM-score=0.57517  RMSD=4.21
  sample_165                               TM-score=0.6272  RMSD=3.69
  sample_166                               TM-score=0.74496  RMSD=2.94
  sample_167                               TM-score=0.48031  RMSD=4.04
  sample_168                               TM-score=0.65907  RMSD=3.47
  sample_169                               TM-score=0.63046  RMSD=3.43
  sample_17                                TM-score=0.69413  RMSD=3.09
  sample_170                               TM-score=0.68596  RMSD=3.43
  sample_171                               TM-score=0.73753  RMSD=3.26
  sample_172                               TM-score=0.56644  RMSD=4.22
  sample_173                               TM-score=0.69989  RMSD=2.91
  sample_174                               TM-score=0.7609  RMSD=2.49
  sample_175                               TM-score=0.69979  RMSD=3.28
  sample_176                               TM-score=0.70481  RMSD=3.13
  sample_177                               TM-score=0.65876  RMSD=3.39
  sample_178                               TM-score=0.62267  RMSD=3.48
  sample_179                               TM-score=0.68916  RMSD=3.01
  sample_18                                TM-score=0.73483  RMSD=2.89
  sample_180                               TM-score=0.73723  RMSD=2.83
  sample_181                               TM-score=0.6679  RMSD=3.34
  sample_182                               TM-score=0.65002  RMSD=3.5
  sample_183                               TM-score=0.75901  RMSD=2.78
  sample_184                               TM-score=0.74757  RMSD=2.96
  sample_185                               TM-score=0.63397  RMSD=3.57
  sample_186                               TM-score=0.72191  RMSD=2.84
  sample_187                               TM-score=0.72249  RMSD=3.03
  sample_188                               TM-score=0.65137  RMSD=3.54
  sample_189                               TM-score=0.66668  RMSD=3.36
  sample_19                                TM-score=0.6751  RMSD=3.71
  sample_190                               TM-score=0.7752  RMSD=2.84
  sample_191                               TM-score=0.49424  RMSD=4.01
  sample_192                               TM-score=0.70041  RMSD=3.13
  sample_193                               TM-score=0.66881  RMSD=3.13
  sample_194                               TM-score=0.71739  RMSD=2.78
  sample_195                               TM-score=0.73476  RMSD=2.87
  sample_196                               TM-score=0.76422  RMSD=2.64
  sample_197                               TM-score=0.63453  RMSD=3.69
  sample_198                               TM-score=0.64495  RMSD=3.65
  sample_199                               TM-score=0.69154  RMSD=3.01
  sample_2                                 TM-score=0.56029  RMSD=4.24
  sample_20                                TM-score=0.63414  RMSD=3.84
  sample_200                               TM-score=0.59359  RMSD=4.16
  sample_201                               TM-score=0.67631  RMSD=3.23
  sample_202                               TM-score=0.73645  RMSD=2.82
  sample_203                               TM-score=0.57726  RMSD=3.12
  sample_204                               TM-score=0.7763  RMSD=2.64
  sample_205                               TM-score=0.65726  RMSD=3.71
  sample_206                               TM-score=0.53757  RMSD=4.06
  sample_207                               TM-score=0.76076  RMSD=2.69
  sample_208                               TM-score=0.69847  RMSD=3.25
  sample_209                               TM-score=0.6842  RMSD=3.17
  sample_21                                TM-score=0.72316  RMSD=2.87
  sample_210                               TM-score=0.76617  RMSD=2.6
  sample_211                               TM-score=0.70053  RMSD=3.21
  sample_212                               TM-score=0.62227  RMSD=3.69
  sample_213                               TM-score=0.72392  RMSD=2.87
  sample_214                               TM-score=0.49016  RMSD=3.38
  sample_215                               TM-score=0.51507  RMSD=3.28
  sample_216                               TM-score=0.71955  RMSD=3.05
  sample_217                               TM-score=0.49889  RMSD=4.31
  sample_218                               TM-score=0.5786  RMSD=3.7
  sample_219                               TM-score=0.62142  RMSD=3.57
  sample_22                                TM-score=0.7052  RMSD=3.09
  sample_220                               TM-score=0.66399  RMSD=3.46
  sample_221                               TM-score=0.63053  RMSD=3.58
  sample_222                               TM-score=0.69381  RMSD=3.11
  sample_223                               TM-score=0.66656  RMSD=3.47
  sample_224                               TM-score=0.6765  RMSD=3.21
  sample_225                               TM-score=0.72566  RMSD=2.98
  sample_226                               TM-score=0.67114  RMSD=3.18
  sample_227                               TM-score=0.6769  RMSD=3.08
  sample_228                               TM-score=0.69591  RMSD=3.44
  sample_229                               TM-score=0.6963  RMSD=3.11
  sample_23                                TM-score=0.73601  RMSD=2.77
  sample_230                               TM-score=0.54076  RMSD=3.99
  sample_231                               TM-score=0.67749  RMSD=3.33
  sample_232                               TM-score=0.71023  RMSD=3.1
  sample_233                               TM-score=0.55009  RMSD=3.83
  sample_234                               TM-score=0.59183  RMSD=3.83
  sample_235                               TM-score=0.65986  RMSD=3.5
  sample_236                               TM-score=0.73144  RMSD=2.79
  sample_237                               TM-score=0.59871  RMSD=3.98
  sample_238                               TM-score=0.70265  RMSD=2.92
  sample_239                               TM-score=0.77112  RMSD=2.81
  sample_24                                TM-score=0.73589  RMSD=2.94
  sample_240                               TM-score=0.66666  RMSD=3.35
  sample_241                               TM-score=0.70266  RMSD=3.35
  sample_242                               TM-score=0.65624  RMSD=3.31
  sample_243                               TM-score=0.65112  RMSD=3.37
  sample_244                               TM-score=0.29434  RMSD=4.76
  sample_245                               TM-score=0.67123  RMSD=3.28
  sample_246                               TM-score=0.7251  RMSD=2.92
  sample_247                               TM-score=0.68606  RMSD=3.38
  sample_248                               TM-score=0.57468  RMSD=3.71
  sample_249                               TM-score=0.6743  RMSD=3.22
  sample_25                                TM-score=0.53213  RMSD=3.44
  sample_250                               TM-score=0.73086  RMSD=2.81
  sample_251                               TM-score=0.59318  RMSD=3.78
  sample_252                               TM-score=0.70591  RMSD=3.06
  sample_253                               TM-score=0.5312  RMSD=4.27
  sample_254                               TM-score=0.71044  RMSD=3.12
  sample_255                               TM-score=0.66858  RMSD=3.41
  sample_256                               TM-score=0.71192  RMSD=3.13
  sample_257                               TM-score=0.73267  RMSD=2.95
  sample_258                               TM-score=0.67242  RMSD=3.45
  sample_259                               TM-score=0.69499  RMSD=3.02
  sample_26                                TM-score=0.71125  RMSD=3.31
  sample_260                               TM-score=0.65344  RMSD=3.01
  sample_261                               TM-score=0.62401  RMSD=3.73
  sample_262                               TM-score=0.63962  RMSD=3.64
  sample_263                               TM-score=0.63274  RMSD=3.73
  sample_264                               TM-score=0.56979  RMSD=4.15
  sample_265                               TM-score=0.56125  RMSD=3.78
  sample_266                               TM-score=0.60805  RMSD=3.96
  sample_267                               TM-score=0.71987  RMSD=2.9
  sample_268                               TM-score=0.54432  RMSD=3.71
  sample_269                               TM-score=0.71378  RMSD=3.13
  sample_27                                TM-score=0.68083  RMSD=3.16
  sample_270                               TM-score=0.64721  RMSD=3.77
  sample_271                               TM-score=0.58327  RMSD=4.04
  sample_272                               TM-score=0.67945  RMSD=3.39
  sample_273                               TM-score=0.73991  RMSD=2.88
  sample_274                               TM-score=0.42896  RMSD=4.4
  sample_275                               TM-score=0.71019  RMSD=2.95
  sample_276                               TM-score=0.64882  RMSD=3.3
  sample_277                               TM-score=0.70378  RMSD=3.0
  sample_278                               TM-score=0.66393  RMSD=3.55
  sample_279                               TM-score=0.66808  RMSD=3.36
  sample_28                                TM-score=0.69153  RMSD=3.23
  sample_280                               TM-score=0.65585  RMSD=3.63
  sample_281                               TM-score=0.64387  RMSD=3.49
  sample_282                               TM-score=0.7707  RMSD=2.61
  sample_283                               TM-score=0.62469  RMSD=3.71
  sample_284                               TM-score=0.5877  RMSD=3.86
  sample_285                               TM-score=0.66965  RMSD=3.41
  sample_286                               TM-score=0.67414  RMSD=3.23
  sample_287                               TM-score=0.56239  RMSD=4.32
  sample_288                               TM-score=0.70693  RMSD=3.24
  sample_289                               TM-score=0.70627  RMSD=3.24
  sample_29                                TM-score=0.61613  RMSD=3.56
  sample_290                               TM-score=0.72287  RMSD=2.87
  sample_291                               TM-score=0.76672  RMSD=2.53
  sample_292                               TM-score=0.6339  RMSD=3.52
  sample_293                               TM-score=0.56231  RMSD=3.87
  sample_294                               TM-score=0.67154  RMSD=3.39
  sample_295                               TM-score=0.7435  RMSD=2.82
  sample_296                               TM-score=0.49442  RMSD=3.94
  sample_297                               TM-score=0.72559  RMSD=2.96
  sample_298                               TM-score=0.6448  RMSD=3.58
  sample_299                               TM-score=0.75142  RMSD=2.82
  sample_3                                 TM-score=0.72278  RMSD=2.88
  sample_30                                TM-score=0.75027  RMSD=2.71
  sample_300                               TM-score=0.64524  RMSD=3.53
  sample_31                                TM-score=0.6793  RMSD=3.41
  sample_32                                TM-score=0.64375  RMSD=3.78
  sample_33                                TM-score=0.68774  RMSD=3.08
  sample_34                                TM-score=0.59495  RMSD=3.82
  sample_35                                TM-score=0.68592  RMSD=3.32
  sample_36                                TM-score=0.70366  RMSD=3.01
  sample_37                                TM-score=0.72683  RMSD=2.9
  sample_38                                TM-score=0.59652  RMSD=3.92
  sample_39                                TM-score=0.7229  RMSD=2.99
  sample_4                                 TM-score=0.53538  RMSD=3.75
  sample_40                                TM-score=0.66887  RMSD=3.3
  sample_41                                TM-score=0.731  RMSD=2.81
  sample_42                                TM-score=0.67376  RMSD=3.54
  sample_43                                TM-score=0.68358  RMSD=3.34
  sample_44                                TM-score=0.75131  RMSD=2.86
  sample_45                                TM-score=0.60771  RMSD=3.51
  sample_46                                TM-score=0.5393  RMSD=4.32
  sample_47                                TM-score=0.70139  RMSD=3.13
  sample_48                                TM-score=0.56428  RMSD=4.17
  sample_49                                TM-score=0.71642  RMSD=3.11
  sample_5                                 TM-score=0.61948  RMSD=3.69
  sample_50                                TM-score=0.74668  RMSD=2.73
  sample_51                                TM-score=0.74226  RMSD=2.88
  sample_52                                TM-score=0.29708  RMSD=5.5
  sample_53                                TM-score=0.7263  RMSD=2.85
  sample_54                                TM-score=0.71984  RMSD=2.88
  sample_55                                TM-score=0.28178  RMSD=4.25
  sample_56                                TM-score=0.64958  RMSD=3.61
  sample_57                                TM-score=0.5484  RMSD=4.2
  sample_58                                TM-score=0.73824  RMSD=3.01
  sample_59                                TM-score=0.72107  RMSD=2.9
  sample_6                                 TM-score=0.67719  RMSD=3.28
  sample_60                                TM-score=0.70233  RMSD=3.23
  sample_61                                TM-score=0.65447  RMSD=3.48
  sample_62                                TM-score=0.73857  RMSD=2.88
  sample_63                                TM-score=0.70565  RMSD=3.15
  sample_64                                TM-score=0.64436  RMSD=3.56
  sample_65                                TM-score=0.62058  RMSD=3.31
  sample_66                                TM-score=0.5356  RMSD=3.76
  sample_67                                TM-score=0.69054  RMSD=3.26
  sample_68                                TM-score=0.59271  RMSD=3.78
  sample_69                                TM-score=0.68346  RMSD=3.08
  sample_7                                 TM-score=0.72476  RMSD=2.77
  sample_70                                TM-score=0.64255  RMSD=3.43
  sample_71                                TM-score=0.66313  RMSD=3.34
  sample_72                                TM-score=0.74496  RMSD=2.72
  sample_73                                TM-score=0.73299  RMSD=2.77
  sample_74                                TM-score=0.73563  RMSD=3.11
  sample_75                                TM-score=0.72217  RMSD=2.95
  sample_76                                TM-score=0.6445  RMSD=3.83
  sample_77                                TM-score=0.57787  RMSD=3.98
  sample_78                                TM-score=0.63265  RMSD=3.09
  sample_79                                TM-score=0.67438  RMSD=3.19
  sample_8                                 TM-score=0.74019  RMSD=2.96
  sample_80                                TM-score=0.72141  RMSD=3.03
  sample_81                                TM-score=0.57532  RMSD=3.97
  sample_82                                TM-score=0.69309  RMSD=3.27
  sample_83                                TM-score=0.70701  RMSD=2.97
  sample_84                                TM-score=0.68842  RMSD=3.35
  sample_85                                TM-score=0.72747  RMSD=2.85
  sample_86                                TM-score=0.64136  RMSD=3.45
  sample_87                                TM-score=0.64035  RMSD=3.66
  sample_88                                TM-score=0.60512  RMSD=4.21
  sample_89                                TM-score=0.44821  RMSD=3.47
  sample_9                                 TM-score=0.67803  RMSD=3.24
  sample_90                                TM-score=0.62751  RMSD=3.72
  sample_91                                TM-score=0.69065  RMSD=3.28
  sample_92                                TM-score=0.64481  RMSD=3.59
  sample_93                                TM-score=0.63929  RMSD=3.68
  sample_94                                TM-score=0.63584  RMSD=3.56
  sample_95                                TM-score=0.69957  RMSD=2.82
  sample_96                                TM-score=0.59917  RMSD=3.65
  sample_97                                TM-score=0.70122  RMSD=3.17
  sample_98                                TM-score=0.66554  RMSD=3.49
  sample_99                                TM-score=0.68647  RMSD=3.21
已写入 L11design/data/exp2/protein_q10//tm.csv
  sample_1                                 TM-score=0.62553  RMSD=3.51
  sample_10                                TM-score=0.77114  RMSD=2.76
  sample_100                               TM-score=0.68114  RMSD=3.35
  sample_101                               TM-score=0.67755  RMSD=3.33
  sample_102                               TM-score=0.69784  RMSD=3.12
  sample_103                               TM-score=0.68954  RMSD=3.36
  sample_104                               TM-score=0.76663  RMSD=2.74
  sample_105                               TM-score=0.73894  RMSD=2.89
  sample_106                               TM-score=0.75449  RMSD=2.58
  sample_107                               TM-score=0.68311  RMSD=3.27
  sample_108                               TM-score=0.543  RMSD=4.03
  sample_109                               TM-score=0.73284  RMSD=2.92
  sample_11                                TM-score=0.69754  RMSD=3.14
  sample_110                               TM-score=0.64832  RMSD=3.66
  sample_111                               TM-score=0.76214  RMSD=2.53
  sample_112                               TM-score=0.64471  RMSD=3.19
  sample_113                               TM-score=0.72851  RMSD=2.9
  sample_114                               TM-score=0.73266  RMSD=2.91
  sample_115                               TM-score=0.6391  RMSD=3.49
  sample_116                               TM-score=0.68578  RMSD=3.24
  sample_117                               TM-score=0.71878  RMSD=2.98
  sample_118                               TM-score=0.64277  RMSD=3.53
  sample_119                               TM-score=0.56107  RMSD=3.89
  sample_12                                TM-score=0.71934  RMSD=3.03
  sample_120                               TM-score=0.70866  RMSD=3.18
  sample_121                               TM-score=0.73006  RMSD=2.93
  sample_122                               TM-score=0.61582  RMSD=3.75
  sample_123                               TM-score=0.63837  RMSD=3.7
  sample_124                               TM-score=0.63321  RMSD=3.89
  sample_125                               TM-score=0.73399  RMSD=3.07
  sample_126                               TM-score=0.69953  RMSD=3.04
  sample_127                               TM-score=0.73281  RMSD=2.81
  sample_128                               TM-score=0.64045  RMSD=3.05
  sample_129                               TM-score=0.73258  RMSD=2.89
  sample_13                                TM-score=0.60262  RMSD=3.64
  sample_130                               TM-score=0.71912  RMSD=2.94
  sample_131                               TM-score=0.67263  RMSD=3.05
  sample_132                               TM-score=0.67158  RMSD=3.61
  sample_133                               TM-score=0.71862  RMSD=2.84
  sample_134                               TM-score=0.70291  RMSD=2.88
  sample_135                               TM-score=0.66097  RMSD=3.65
  sample_136                               TM-score=0.69558  RMSD=3.16
  sample_137                               TM-score=0.60769  RMSD=3.94
  sample_138                               TM-score=0.62497  RMSD=3.88
  sample_139                               TM-score=0.35281  RMSD=3.29
  sample_14                                TM-score=0.66114  RMSD=3.34
  sample_140                               TM-score=0.54478  RMSD=3.9
  sample_141                               TM-score=0.62103  RMSD=3.35
  sample_142                               TM-score=0.75009  RMSD=2.75
  sample_143                               TM-score=0.27509  RMSD=5.03
  sample_144                               TM-score=0.59832  RMSD=3.98
  sample_145                               TM-score=0.76452  RMSD=2.69
  sample_146                               TM-score=0.71994  RMSD=3.18
  sample_147                               TM-score=0.69672  RMSD=3.03
  sample_148                               TM-score=0.69452  RMSD=3.15
  sample_149                               TM-score=0.71366  RMSD=2.97
  sample_15                                TM-score=0.72777  RMSD=2.96
  sample_150                               TM-score=0.63679  RMSD=3.57
  sample_151                               TM-score=0.70901  RMSD=2.79
  sample_152                               TM-score=0.33042  RMSD=4.72
  sample_153                               TM-score=0.61542  RMSD=3.8
  sample_154                               TM-score=0.72484  RMSD=3.09
  sample_155                               TM-score=0.68249  RMSD=3.24
  sample_156                               TM-score=0.63271  RMSD=3.71
  sample_157                               TM-score=0.55982  RMSD=3.08
  sample_158                               TM-score=0.69654  RMSD=3.14
  sample_159                               TM-score=0.71853  RMSD=3.32
  sample_16                                TM-score=0.68285  RMSD=3.33
  sample_160                               TM-score=0.72989  RMSD=2.87
  sample_161                               TM-score=0.71337  RMSD=3.22
  sample_162                               TM-score=0.52148  RMSD=4.49
  sample_163                               TM-score=0.6719  RMSD=3.38
  sample_164                               TM-score=0.72101  RMSD=2.78
  sample_165                               TM-score=0.75109  RMSD=2.71
  sample_166                               TM-score=0.70737  RMSD=3.01
  sample_167                               TM-score=0.75008  RMSD=2.72
  sample_168                               TM-score=0.76368  RMSD=2.89
  sample_169                               TM-score=0.6333  RMSD=3.76
  sample_17                                TM-score=0.60843  RMSD=3.84
  sample_170                               TM-score=0.72668  RMSD=2.99
  sample_171                               TM-score=0.71574  RMSD=2.88
  sample_172                               TM-score=0.68833  RMSD=3.23
  sample_173                               TM-score=0.55881  RMSD=3.41
  sample_174                               TM-score=0.57877  RMSD=3.66
  sample_175                               TM-score=0.73998  RMSD=2.83
  sample_176                               TM-score=0.69195  RMSD=3.18
  sample_177                               TM-score=0.70947  RMSD=3.14
  sample_178                               TM-score=0.7483  RMSD=2.73
  sample_179                               TM-score=0.68953  RMSD=3.14
  sample_18                                TM-score=0.56414  RMSD=3.92
  sample_180                               TM-score=0.69446  RMSD=3.12
  sample_181                               TM-score=0.63113  RMSD=3.85
  sample_182                               TM-score=0.64061  RMSD=3.53
  sample_183                               TM-score=0.75873  RMSD=2.79
  sample_184                               TM-score=0.62753  RMSD=3.51
  sample_185                               TM-score=0.67006  RMSD=3.15
  sample_186                               TM-score=0.61756  RMSD=3.22
  sample_187                               TM-score=0.67032  RMSD=3.22
  sample_188                               TM-score=0.74864  RMSD=2.67
  sample_189                               TM-score=0.63433  RMSD=3.66
  sample_19                                TM-score=0.63939  RMSD=3.59
  sample_190                               TM-score=0.58417  RMSD=3.85
  sample_191                               TM-score=0.71504  RMSD=3.1
  sample_192                               TM-score=0.72552  RMSD=2.77
  sample_193                               TM-score=0.68007  RMSD=3.27
  sample_194                               TM-score=0.63769  RMSD=3.11
  sample_195                               TM-score=0.7504  RMSD=2.77
  sample_196                               TM-score=0.64077  RMSD=3.77
  sample_197                               TM-score=0.71873  RMSD=2.93
  sample_198                               TM-score=0.66652  RMSD=3.4
  sample_199                               TM-score=0.70193  RMSD=3.27
  sample_2                                 TM-score=0.70241  RMSD=2.91
  sample_20                                TM-score=0.53233  RMSD=4.54
  sample_200                               TM-score=0.6937  RMSD=3.37
  sample_201                               TM-score=0.69939  RMSD=2.99
  sample_202                               TM-score=0.5144  RMSD=3.91
  sample_203                               TM-score=0.60583  RMSD=3.46
  sample_204                               TM-score=0.77707  RMSD=2.53
  sample_205                               TM-score=0.75097  RMSD=2.7
  sample_206                               TM-score=0.74779  RMSD=2.72
  sample_207                               TM-score=0.72711  RMSD=2.92
  sample_208                               TM-score=0.66512  RMSD=3.44
  sample_209                               TM-score=0.59671  RMSD=3.71
  sample_21                                TM-score=0.50874  RMSD=3.66
  sample_210                               TM-score=0.58593  RMSD=3.67
  sample_211                               TM-score=0.76533  RMSD=2.68
  sample_212                               TM-score=0.6986  RMSD=3.32
  sample_213                               TM-score=0.7265  RMSD=3.0
  sample_214                               TM-score=0.74986  RMSD=2.63
  sample_215                               TM-score=0.6122  RMSD=4.08
  sample_216                               TM-score=0.66603  RMSD=3.48
  sample_217                               TM-score=0.63542  RMSD=3.59
  sample_218                               TM-score=0.75129  RMSD=2.5
  sample_219                               TM-score=0.72058  RMSD=2.84
  sample_22                                TM-score=0.70636  RMSD=3.17
  sample_220                               TM-score=0.67607  RMSD=3.19
  sample_221                               TM-score=0.65078  RMSD=3.61
  sample_222                               TM-score=0.71487  RMSD=2.85
  sample_223                               TM-score=0.7652  RMSD=2.78
  sample_224                               TM-score=0.65804  RMSD=3.54
  sample_225                               TM-score=0.73554  RMSD=2.95
  sample_226                               TM-score=0.76024  RMSD=2.67
  sample_227                               TM-score=0.70818  RMSD=3.03
  sample_228                               TM-score=0.76695  RMSD=2.68
  sample_229                               TM-score=0.72675  RMSD=3.17
  sample_23                                TM-score=0.67594  RMSD=3.4
  sample_230                               TM-score=0.55588  RMSD=4.15
  sample_231                               TM-score=0.49904  RMSD=3.26
  sample_232                               TM-score=0.74461  RMSD=2.73
  sample_233                               TM-score=0.64627  RMSD=3.46
  sample_234                               TM-score=0.71244  RMSD=3.31
  sample_235                               TM-score=0.67625  RMSD=3.36
  sample_236                               TM-score=0.72546  RMSD=3.08
  sample_237                               TM-score=0.78331  RMSD=2.63
  sample_238                               TM-score=0.68957  RMSD=3.13
  sample_239                               TM-score=0.5692  RMSD=4.01
  sample_24                                TM-score=0.66567  RMSD=3.28
  sample_240                               TM-score=0.715  RMSD=3.3
  sample_241                               TM-score=0.6954  RMSD=3.22
  sample_242                               TM-score=0.6893  RMSD=3.08
  sample_243                               TM-score=0.51679  RMSD=4.28
  sample_244                               TM-score=0.7341  RMSD=2.92
  sample_245                               TM-score=0.73489  RMSD=2.79
  sample_246                               TM-score=0.65616  RMSD=3.52
  sample_247                               TM-score=0.50605  RMSD=3.77
  sample_248                               TM-score=0.72563  RMSD=2.89
  sample_249                               TM-score=0.48177  RMSD=3.79
  sample_25                                TM-score=0.71166  RMSD=2.89
  sample_250                               TM-score=0.70504  RMSD=3.1
  sample_251                               TM-score=0.2419  RMSD=5.85
  sample_252                               TM-score=0.66234  RMSD=3.42
  sample_253                               TM-score=0.71999  RMSD=3.07
  sample_254                               TM-score=0.71158  RMSD=3.09
  sample_255                               TM-score=0.66002  RMSD=3.14
  sample_256                               TM-score=0.63419  RMSD=3.59
  sample_257                               TM-score=0.72324  RMSD=3.26
  sample_258                               TM-score=0.6995  RMSD=2.96
  sample_259                               TM-score=0.71804  RMSD=3.04
  sample_26                                TM-score=0.64943  RMSD=3.5
  sample_260                               TM-score=0.69013  RMSD=3.21
  sample_261                               TM-score=0.60109  RMSD=3.25
  sample_262                               TM-score=0.69974  RMSD=3.37
  sample_263                               TM-score=0.71129  RMSD=2.97
  sample_264                               TM-score=0.72703  RMSD=3.21
  sample_265                               TM-score=0.69452  RMSD=3.12
  sample_266                               TM-score=0.72622  RMSD=2.95
  sample_267                               TM-score=0.62362  RMSD=3.68
  sample_268                               TM-score=0.65129  RMSD=3.46
  sample_269                               TM-score=0.68985  RMSD=3.16
  sample_27                                TM-score=0.68099  RMSD=3.39
  sample_270                               TM-score=0.69868  RMSD=3.19
  sample_271                               TM-score=0.6968  RMSD=2.95
  sample_272                               TM-score=0.70199  RMSD=2.8
  sample_273                               TM-score=0.66558  RMSD=3.49
  sample_274                               TM-score=0.69773  RMSD=3.06
  sample_275                               TM-score=0.50029  RMSD=4.3
  sample_276                               TM-score=0.69384  RMSD=3.12
  sample_277                               TM-score=0.52857  RMSD=4.06
  sample_278                               TM-score=0.68525  RMSD=3.25
  sample_279                               TM-score=0.67553  RMSD=3.29
  sample_28                                TM-score=0.69698  RMSD=3.21
  sample_280                               TM-score=0.70197  RMSD=3.21
  sample_281                               TM-score=0.62749  RMSD=3.85
  sample_282                               TM-score=0.48892  RMSD=3.41
  sample_283                               TM-score=0.63654  RMSD=3.55
  sample_284                               TM-score=0.7185  RMSD=2.9
  sample_285                               TM-score=0.67621  RMSD=3.63
  sample_286                               TM-score=0.66609  RMSD=3.43
  sample_287                               TM-score=0.67784  RMSD=3.38
  sample_288                               TM-score=0.63252  RMSD=3.52
  sample_289                               TM-score=0.64117  RMSD=3.69
  sample_29                                TM-score=0.5652  RMSD=3.14
  sample_290                               TM-score=0.67176  RMSD=3.51
  sample_291                               TM-score=0.65379  RMSD=3.56
  sample_292                               TM-score=0.68576  RMSD=3.27
  sample_293                               TM-score=0.72044  RMSD=3.01
  sample_294                               TM-score=0.68267  RMSD=3.11
  sample_295                               TM-score=0.71802  RMSD=2.86
  sample_296                               TM-score=0.68308  RMSD=3.4
  sample_297                               TM-score=0.57136  RMSD=3.98
  sample_298                               TM-score=0.75939  RMSD=2.64
  sample_299                               TM-score=0.63532  RMSD=3.56
  sample_3                                 TM-score=0.5193  RMSD=3.79
  sample_30                                TM-score=0.71248  RMSD=3.15
  sample_300                               TM-score=0.67244  RMSD=3.36
  sample_31                                TM-score=0.7683  RMSD=2.64
  sample_32                                TM-score=0.47055  RMSD=3.59
  sample_33                                TM-score=0.67584  RMSD=3.33
  sample_34                                TM-score=0.68641  RMSD=3.16
  sample_35                                TM-score=0.73127  RMSD=2.92
  sample_36                                TM-score=0.75487  RMSD=2.88
  sample_37                                TM-score=0.77476  RMSD=2.4
  sample_38                                TM-score=0.75958  RMSD=2.88
  sample_39                                TM-score=0.68152  RMSD=3.17
  sample_4                                 TM-score=0.64768  RMSD=3.14
  sample_40                                TM-score=0.71166  RMSD=2.95
  sample_41                                TM-score=0.67614  RMSD=3.57
  sample_42                                TM-score=0.73603  RMSD=2.83
  sample_43                                TM-score=0.70624  RMSD=3.19
  sample_44                                TM-score=0.72535  RMSD=3.13
  sample_45                                TM-score=0.64687  RMSD=3.32
  sample_46                                TM-score=0.72882  RMSD=2.83
  sample_47                                TM-score=0.51926  RMSD=3.71
  sample_48                                TM-score=0.60898  RMSD=3.66
  sample_49                                TM-score=0.69855  RMSD=3.19
  sample_5                                 TM-score=0.72756  RMSD=3.04
  sample_50                                TM-score=0.51533  RMSD=3.33
  sample_51                                TM-score=0.68308  RMSD=3.18
  sample_52                                TM-score=0.69389  RMSD=3.31
  sample_53                                TM-score=0.70525  RMSD=2.9
  sample_54                                TM-score=0.66981  RMSD=3.16
  sample_55                                TM-score=0.70764  RMSD=2.91
  sample_56                                TM-score=0.73111  RMSD=2.76
  sample_57                                TM-score=0.55423  RMSD=4.04
  sample_58                                TM-score=0.67088  RMSD=3.49
  sample_59                                TM-score=0.69442  RMSD=3.37
  sample_6                                 TM-score=0.68937  RMSD=3.04
  sample_60                                TM-score=0.61485  RMSD=3.78
  sample_61                                TM-score=0.73689  RMSD=2.89
  sample_62                                TM-score=0.63172  RMSD=3.63
  sample_63                                TM-score=0.69959  RMSD=3.17
  sample_64                                TM-score=0.70866  RMSD=3.12
  sample_65                                TM-score=0.75316  RMSD=2.64
  sample_66                                TM-score=0.71705  RMSD=3.1
  sample_67                                TM-score=0.50569  RMSD=3.64
  sample_68                                TM-score=0.64933  RMSD=3.86
  sample_69                                TM-score=0.63867  RMSD=3.38
  sample_7                                 TM-score=0.77167  RMSD=2.67
  sample_70                                TM-score=0.6128  RMSD=3.78
  sample_71                                TM-score=0.70083  RMSD=3.14
  sample_72                                TM-score=0.7299  RMSD=2.95
  sample_73                                TM-score=0.67598  RMSD=3.29
  sample_74                                TM-score=0.73933  RMSD=2.81
  sample_75                                TM-score=0.71875  RMSD=2.88
  sample_76                                TM-score=0.72217  RMSD=3.12
  sample_77                                TM-score=0.68405  RMSD=3.23
  sample_78                                TM-score=0.61126  RMSD=3.77
  sample_79                                TM-score=0.6807  RMSD=3.34
  sample_8                                 TM-score=0.67661  RMSD=3.46
  sample_80                                TM-score=0.76798  RMSD=2.62
  sample_81                                TM-score=0.52624  RMSD=4.03
  sample_82                                TM-score=0.74484  RMSD=2.83
  sample_83                                TM-score=0.67044  RMSD=3.42
  sample_84                                TM-score=0.54645  RMSD=3.6
  sample_85                                TM-score=0.67882  RMSD=3.33
  sample_86                                TM-score=0.65171  RMSD=3.39
  sample_87                                TM-score=0.67764  RMSD=3.39
  sample_88                                TM-score=0.69238  RMSD=3.3
  sample_89                                TM-score=0.60803  RMSD=3.83
  sample_9                                 TM-score=0.64887  RMSD=3.55
  sample_90                                TM-score=0.52482  RMSD=4.04
  sample_91                                TM-score=0.25616  RMSD=5.95
  sample_92                                TM-score=0.53536  RMSD=3.35
  sample_93                                TM-score=0.73223  RMSD=2.96
  sample_94                                TM-score=0.63653  RMSD=3.74
  sample_95                                TM-score=0.59263  RMSD=4.17
  sample_96                                TM-score=0.66747  RMSD=3.31
  sample_97                                TM-score=0.65367  RMSD=3.55
  sample_98                                TM-score=0.72496  RMSD=2.86
  sample_99                                TM-score=0.74897  RMSD=2.8
已写入 L11design/data/exp2/protein_q12//tm.csv
  sample_1                                 TM-score=0.67383  RMSD=3.47
  sample_10                                TM-score=0.68098  RMSD=3.41
  sample_100                               TM-score=0.63548  RMSD=3.65
  sample_101                               TM-score=0.71054  RMSD=3.3
  sample_102                               TM-score=0.68552  RMSD=2.99
  sample_103                               TM-score=0.55316  RMSD=4.07
  sample_104                               TM-score=0.49771  RMSD=3.61
  sample_105                               TM-score=0.59741  RMSD=3.77
  sample_106                               TM-score=0.68699  RMSD=3.27
  sample_107                               TM-score=0.56385  RMSD=4.36
  sample_108                               TM-score=0.64708  RMSD=3.52
  sample_109                               TM-score=0.58124  RMSD=3.91
  sample_11                                TM-score=0.58696  RMSD=3.17
  sample_110                               TM-score=0.56086  RMSD=4.04
  sample_111                               TM-score=0.69208  RMSD=3.03
  sample_112                               TM-score=0.60757  RMSD=3.85
  sample_113                               TM-score=0.71476  RMSD=3.02
  sample_114                               TM-score=0.71425  RMSD=3.02
  sample_115                               TM-score=0.72468  RMSD=2.92
  sample_116                               TM-score=0.25111  RMSD=5.57
  sample_117                               TM-score=0.68469  RMSD=3.02
  sample_118                               TM-score=0.71479  RMSD=2.99
  sample_119                               TM-score=0.71396  RMSD=3.04
  sample_12                                TM-score=0.66952  RMSD=3.38
  sample_120                               TM-score=0.6954  RMSD=3.39
  sample_121                               TM-score=0.71027  RMSD=2.92
  sample_122                               TM-score=0.69072  RMSD=3.05
  sample_123                               TM-score=0.60552  RMSD=3.96
  sample_124                               TM-score=0.57443  RMSD=4.07
  sample_125                               TM-score=0.53017  RMSD=4.49
  sample_126                               TM-score=0.6579  RMSD=3.22
  sample_127                               TM-score=0.67678  RMSD=3.51
  sample_128                               TM-score=0.50621  RMSD=3.58
  sample_129                               TM-score=0.55701  RMSD=4.16
  sample_13                                TM-score=0.74391  RMSD=2.7
  sample_130                               TM-score=0.53198  RMSD=4.17
  sample_131                               TM-score=0.68401  RMSD=3.17
  sample_132                               TM-score=0.70759  RMSD=2.93
  sample_133                               TM-score=0.71801  RMSD=3.12
  sample_134                               TM-score=0.66892  RMSD=3.25
  sample_135                               TM-score=0.71027  RMSD=3.18
  sample_136                               TM-score=0.77912  RMSD=2.56
  sample_137                               TM-score=0.74076  RMSD=2.89
  sample_138                               TM-score=0.60612  RMSD=3.76
  sample_139                               TM-score=0.68602  RMSD=3.13
  sample_14                                TM-score=0.68233  RMSD=3.19
  sample_140                               TM-score=0.68316  RMSD=3.33
  sample_141                               TM-score=0.75719  RMSD=2.81
  sample_142                               TM-score=0.68984  RMSD=3.26
  sample_143                               TM-score=0.65026  RMSD=3.35
  sample_144                               TM-score=0.48794  RMSD=3.6
  sample_145                               TM-score=0.67431  RMSD=3.42
  sample_146                               TM-score=0.68357  RMSD=3.47
  sample_147                               TM-score=0.56666  RMSD=4.24
  sample_148                               TM-score=0.70444  RMSD=3.05
  sample_149                               TM-score=0.63005  RMSD=3.55
  sample_15                                TM-score=0.76775  RMSD=2.61
  sample_150                               TM-score=0.53212  RMSD=3.59
  sample_151                               TM-score=0.64665  RMSD=3.73
  sample_152                               TM-score=0.62131  RMSD=3.65
  sample_153                               TM-score=0.65499  RMSD=3.62
  sample_154                               TM-score=0.69771  RMSD=3.12
  sample_155                               TM-score=0.68253  RMSD=2.98
  sample_156                               TM-score=0.5912  RMSD=3.99
  sample_157                               TM-score=0.65599  RMSD=3.23
  sample_158                               TM-score=0.6586  RMSD=3.52
  sample_159                               TM-score=0.71802  RMSD=3.09
  sample_16                                TM-score=0.7137  RMSD=3.0
  sample_160                               TM-score=0.65284  RMSD=3.47
  sample_161                               TM-score=0.65643  RMSD=3.52
  sample_162                               TM-score=0.68554  RMSD=3.55
  sample_163                               TM-score=0.74245  RMSD=2.88
  sample_164                               TM-score=0.67824  RMSD=3.34
  sample_165                               TM-score=0.61239  RMSD=3.59
  sample_166                               TM-score=0.69735  RMSD=3.23
  sample_167                               TM-score=0.70128  RMSD=3.25
  sample_168                               TM-score=0.64516  RMSD=3.5
  sample_169                               TM-score=0.6909  RMSD=3.18
  sample_17                                TM-score=0.5953  RMSD=3.68
  sample_170                               TM-score=0.65141  RMSD=3.44
  sample_171                               TM-score=0.67009  RMSD=3.2
  sample_172                               TM-score=0.70701  RMSD=3.13
  sample_173                               TM-score=0.7323  RMSD=2.66
  sample_174                               TM-score=0.65463  RMSD=3.39
  sample_175                               TM-score=0.61195  RMSD=3.64
  sample_176                               TM-score=0.59338  RMSD=3.87
  sample_177                               TM-score=0.59462  RMSD=4.04
  sample_178                               TM-score=0.65219  RMSD=3.48
  sample_179                               TM-score=0.71481  RMSD=3.11
  sample_18                                TM-score=0.69311  RMSD=3.25
  sample_180                               TM-score=0.66527  RMSD=3.45
  sample_181                               TM-score=0.72921  RMSD=3.21
  sample_182                               TM-score=0.68838  RMSD=3.33
  sample_183                               TM-score=0.76537  RMSD=2.59
  sample_184                               TM-score=0.70304  RMSD=3.12
  sample_185                               TM-score=0.69832  RMSD=2.9
  sample_186                               TM-score=0.66896  RMSD=3.49
  sample_187                               TM-score=0.74867  RMSD=2.81
  sample_188                               TM-score=0.76368  RMSD=2.74
  sample_189                               TM-score=0.65786  RMSD=3.45
  sample_19                                TM-score=0.72925  RMSD=3.02
  sample_190                               TM-score=0.58962  RMSD=3.46
  sample_191                               TM-score=0.74524  RMSD=2.78
  sample_192                               TM-score=0.63303  RMSD=3.82
  sample_193                               TM-score=0.72664  RMSD=3.01
  sample_194                               TM-score=0.59817  RMSD=3.25
  sample_195                               TM-score=0.58411  RMSD=3.95
  sample_196                               TM-score=0.69977  RMSD=3.04
  sample_197                               TM-score=0.73033  RMSD=2.85
  sample_198                               TM-score=0.59561  RMSD=3.95
  sample_199                               TM-score=0.69128  RMSD=3.07
  sample_2                                 TM-score=0.54276  RMSD=3.73
  sample_20                                TM-score=0.65822  RMSD=3.53
  sample_200                               TM-score=0.56584  RMSD=4.25
  sample_201                               TM-score=0.6982  RMSD=3.16
  sample_202                               TM-score=0.7171  RMSD=2.94
  sample_203                               TM-score=0.64025  RMSD=3.79
  sample_204                               TM-score=0.68612  RMSD=3.14
  sample_205                               TM-score=0.25805  RMSD=5.06
  sample_206                               TM-score=0.692  RMSD=3.18
  sample_207                               TM-score=0.69524  RMSD=3.4
  sample_208                               TM-score=0.71279  RMSD=3.05
  sample_209                               TM-score=0.69336  RMSD=3.05
  sample_21                                TM-score=0.55591  RMSD=4.33
  sample_210                               TM-score=0.65335  RMSD=3.42
  sample_211                               TM-score=0.67822  RMSD=3.33
  sample_212                               TM-score=0.6995  RMSD=3.21
  sample_213                               TM-score=0.66153  RMSD=3.48
  sample_214                               TM-score=0.59069  RMSD=4.23
  sample_215                               TM-score=0.70321  RMSD=3.09
  sample_216                               TM-score=0.72795  RMSD=2.85
  sample_217                               TM-score=0.60788  RMSD=3.96
  sample_218                               TM-score=0.7242  RMSD=3.1
  sample_219                               TM-score=0.7245  RMSD=3.12
  sample_22                                TM-score=0.64576  RMSD=3.64
  sample_220                               TM-score=0.70955  RMSD=2.97
  sample_221                               TM-score=0.70989  RMSD=3.13
  sample_222                               TM-score=0.59534  RMSD=3.89
  sample_223                               TM-score=0.65014  RMSD=3.67
  sample_224                               TM-score=0.70197  RMSD=3.14
  sample_225                               TM-score=0.69309  RMSD=3.25
  sample_226                               TM-score=0.72119  RMSD=2.99
  sample_227                               TM-score=0.77667  RMSD=2.51
  sample_228                               TM-score=0.70428  RMSD=2.98
  sample_229                               TM-score=0.69105  RMSD=3.19
  sample_23                                TM-score=0.71036  RMSD=2.99
  sample_230                               TM-score=0.63937  RMSD=3.59
  sample_231                               TM-score=0.7257  RMSD=2.91
  sample_232                               TM-score=0.62443  RMSD=3.71
  sample_233                               TM-score=0.61592  RMSD=3.45
  sample_234                               TM-score=0.66275  RMSD=3.26
  sample_235                               TM-score=0.60784  RMSD=4.12
  sample_236                               TM-score=0.67927  RMSD=3.51
  sample_237                               TM-score=0.72082  RMSD=2.83
  sample_238                               TM-score=0.66246  RMSD=3.44
  sample_239                               TM-score=0.6921  RMSD=3.4
  sample_24                                TM-score=0.71081  RMSD=3.16
  sample_240                               TM-score=0.66849  RMSD=3.46
  sample_241                               TM-score=0.65157  RMSD=3.67
  sample_242                               TM-score=0.71399  RMSD=3.07
  sample_243                               TM-score=0.76435  RMSD=2.64
  sample_244                               TM-score=0.66141  RMSD=3.04
  sample_245                               TM-score=0.67842  RMSD=3.39
  sample_246                               TM-score=0.64619  RMSD=3.9
  sample_247                               TM-score=0.66407  RMSD=3.51
  sample_248                               TM-score=0.71316  RMSD=2.85
  sample_249                               TM-score=0.69265  RMSD=2.8
  sample_25                                TM-score=0.68964  RMSD=3.1
  sample_250                               TM-score=0.74057  RMSD=2.99
  sample_251                               TM-score=0.7137  RMSD=3.17
  sample_252                               TM-score=0.70542  RMSD=3.12
  sample_253                               TM-score=0.69715  RMSD=3.0
  sample_254                               TM-score=0.63568  RMSD=3.55
  sample_255                               TM-score=0.66406  RMSD=3.53
  sample_256                               TM-score=0.7236  RMSD=2.9
  sample_257                               TM-score=0.68423  RMSD=3.41
  sample_258                               TM-score=0.68389  RMSD=3.19
  sample_259                               TM-score=0.57365  RMSD=4.1
  sample_26                                TM-score=0.74162  RMSD=2.79
  sample_260                               TM-score=0.73906  RMSD=2.68
  sample_261                               TM-score=0.25412  RMSD=5.21
  sample_262                               TM-score=0.62761  RMSD=3.7
  sample_263                               TM-score=0.72518  RMSD=2.8
  sample_264                               TM-score=0.57481  RMSD=4.4
  sample_265                               TM-score=0.608  RMSD=3.83
  sample_266                               TM-score=0.60733  RMSD=3.49
  sample_267                               TM-score=0.64484  RMSD=3.54
  sample_268                               TM-score=0.72277  RMSD=3.12
  sample_269                               TM-score=0.48627  RMSD=4.63
  sample_27                                TM-score=0.612  RMSD=3.66
  sample_270                               TM-score=0.53763  RMSD=3.52
  sample_271                               TM-score=0.68229  RMSD=3.33
  sample_272                               TM-score=0.57662  RMSD=3.8
  sample_273                               TM-score=0.54832  RMSD=3.32
  sample_274                               TM-score=0.50298  RMSD=3.94
  sample_275                               TM-score=0.63318  RMSD=3.69
  sample_276                               TM-score=0.50187  RMSD=3.91
  sample_277                               TM-score=0.6511  RMSD=3.32
  sample_278                               TM-score=0.67424  RMSD=2.97
  sample_279                               TM-score=0.66534  RMSD=3.34
  sample_28                                TM-score=0.64552  RMSD=3.6
  sample_280                               TM-score=0.60387  RMSD=3.63
  sample_281                               TM-score=0.6607  RMSD=3.39
  sample_282                               TM-score=0.52581  RMSD=4.28
  sample_283                               TM-score=0.68645  RMSD=3.16
  sample_284                               TM-score=0.6478  RMSD=3.49
  sample_285                               TM-score=0.69135  RMSD=3.39
  sample_286                               TM-score=0.74378  RMSD=2.8
  sample_287                               TM-score=0.71627  RMSD=3.15
  sample_288                               TM-score=0.68597  RMSD=3.33
  sample_289                               TM-score=0.54175  RMSD=4.27
  sample_29                                TM-score=0.61883  RMSD=3.42
  sample_290                               TM-score=0.65625  RMSD=3.44
  sample_291                               TM-score=0.63978  RMSD=3.77
  sample_292                               TM-score=0.69437  RMSD=3.19
  sample_293                               TM-score=0.67849  RMSD=3.4
  sample_294                               TM-score=0.75521  RMSD=2.73
  sample_295                               TM-score=0.69259  RMSD=3.0
  sample_296                               TM-score=0.60301  RMSD=4.14
  sample_297                               TM-score=0.68188  RMSD=3.09
  sample_298                               TM-score=0.59159  RMSD=4.03
  sample_299                               TM-score=0.6651  RMSD=3.35
  sample_3                                 TM-score=0.71694  RMSD=3.07
  sample_30                                TM-score=0.73772  RMSD=2.85
  sample_300                               TM-score=0.69056  RMSD=3.38
  sample_31                                TM-score=0.70673  RMSD=3.23
  sample_32                                TM-score=0.76017  RMSD=2.83
  sample_33                                TM-score=0.70183  RMSD=2.89
  sample_34                                TM-score=0.69964  RMSD=2.69
  sample_35                                TM-score=0.72745  RMSD=2.96
  sample_36                                TM-score=0.62955  RMSD=3.74
  sample_37                                TM-score=0.61098  RMSD=3.75
  sample_38                                TM-score=0.63495  RMSD=3.66
  sample_39                                TM-score=0.65172  RMSD=3.45
  sample_4                                 TM-score=0.69374  RMSD=3.13
  sample_40                                TM-score=0.68822  RMSD=3.08
  sample_41                                TM-score=0.64729  RMSD=3.51
  sample_42                                TM-score=0.67716  RMSD=3.33
  sample_43                                TM-score=0.53843  RMSD=4.07
  sample_44                                TM-score=0.62424  RMSD=3.74
  sample_45                                TM-score=0.72671  RMSD=3.04
  sample_46                                TM-score=0.68597  RMSD=3.38
  sample_47                                TM-score=0.67332  RMSD=3.34
  sample_48                                TM-score=0.49112  RMSD=3.44
  sample_49                                TM-score=0.67472  RMSD=3.21
  sample_5                                 TM-score=0.69636  RMSD=3.15
  sample_50                                TM-score=0.66702  RMSD=3.4
  sample_51                                TM-score=0.71259  RMSD=3.1
  sample_52                                TM-score=0.74186  RMSD=3.13
  sample_53                                TM-score=0.65  RMSD=3.48
  sample_54                                TM-score=0.5564  RMSD=4.04
  sample_55                                TM-score=0.6349  RMSD=3.18
  sample_56                                TM-score=0.71969  RMSD=2.98
  sample_57                                TM-score=0.65888  RMSD=3.46
  sample_58                                TM-score=0.58965  RMSD=3.53
  sample_59                                TM-score=0.69753  RMSD=3.1
  sample_6                                 TM-score=0.61889  RMSD=3.86
  sample_60                                TM-score=0.74943  RMSD=2.74
  sample_61                                TM-score=0.57765  RMSD=3.95
  sample_62                                TM-score=0.67038  RMSD=3.5
  sample_63                                TM-score=0.72519  RMSD=3.03
  sample_64                                TM-score=0.65305  RMSD=3.54
  sample_65                                TM-score=0.62247  RMSD=3.42
  sample_66                                TM-score=0.74317  RMSD=2.93
  sample_67                                TM-score=0.67514  RMSD=3.39
  sample_68                                TM-score=0.6143  RMSD=3.61
  sample_69                                TM-score=0.70101  RMSD=3.25
  sample_7                                 TM-score=0.7229  RMSD=2.9
  sample_70                                TM-score=0.73998  RMSD=2.98
  sample_71                                TM-score=0.69117  RMSD=3.37
  sample_72                                TM-score=0.70778  RMSD=3.02
  sample_73                                TM-score=0.66216  RMSD=3.34
  sample_74                                TM-score=0.28477  RMSD=4.64
  sample_75                                TM-score=0.70895  RMSD=3.2
  sample_76                                TM-score=0.58117  RMSD=3.77
  sample_77                                TM-score=0.77131  RMSD=2.55
  sample_78                                TM-score=0.74709  RMSD=2.91
  sample_79                                TM-score=0.67071  RMSD=3.37
  sample_8                                 TM-score=0.67981  RMSD=3.05
  sample_80                                TM-score=0.74801  RMSD=2.93
  sample_81                                TM-score=0.53716  RMSD=3.16
  sample_82                                TM-score=0.58983  RMSD=3.79
  sample_83                                TM-score=0.59611  RMSD=4.0
  sample_84                                TM-score=0.55022  RMSD=3.54
  sample_85                                TM-score=0.63457  RMSD=3.73
  sample_86                                TM-score=0.51916  RMSD=3.34
  sample_87                                TM-score=0.73788  RMSD=2.87
  sample_88                                TM-score=0.67248  RMSD=3.34
  sample_89                                TM-score=0.56704  RMSD=4.17
  sample_9                                 TM-score=0.70135  RMSD=3.0
  sample_90                                TM-score=0.61456  RMSD=4.02
  sample_91                                TM-score=0.66467  RMSD=3.13
  sample_92                                TM-score=0.63848  RMSD=3.45
  sample_93                                TM-score=0.63141  RMSD=3.65
  sample_94                                TM-score=0.57076  RMSD=3.52
  sample_95                                TM-score=0.58754  RMSD=3.95
  sample_96                                TM-score=0.69872  RMSD=3.06
  sample_97                                TM-score=0.73458  RMSD=2.79
  sample_98                                TM-score=0.76854  RMSD=2.61
  sample_99                                TM-score=0.73902  RMSD=2.86
已写入 L11design/data/exp2/protein_q6.87//tm.csv
  sample_1                                 TM-score=0.67674  RMSD=2.71
  sample_10                                TM-score=0.59922  RMSD=3.88
  sample_100                               TM-score=0.77762  RMSD=2.54
  sample_101                               TM-score=0.67809  RMSD=3.43
  sample_102                               TM-score=0.73091  RMSD=2.83
  sample_103                               TM-score=0.61749  RMSD=3.79
  sample_104                               TM-score=0.66515  RMSD=3.69
  sample_105                               TM-score=0.66937  RMSD=3.36
  sample_106                               TM-score=0.66499  RMSD=3.44
  sample_107                               TM-score=0.69691  RMSD=3.12
  sample_108                               TM-score=0.68363  RMSD=3.09
  sample_109                               TM-score=0.67065  RMSD=3.49
  sample_11                                TM-score=0.69355  RMSD=3.15
  sample_110                               TM-score=0.64398  RMSD=3.48
  sample_111                               TM-score=0.69345  RMSD=2.97
  sample_112                               TM-score=0.68775  RMSD=3.37
  sample_113                               TM-score=0.67126  RMSD=3.38
  sample_114                               TM-score=0.69181  RMSD=3.16
  sample_115                               TM-score=0.73349  RMSD=2.88
  sample_116                               TM-score=0.6891  RMSD=3.17
  sample_117                               TM-score=0.69568  RMSD=3.14
  sample_118                               TM-score=0.65147  RMSD=3.43
  sample_119                               TM-score=0.68228  RMSD=3.3
  sample_12                                TM-score=0.64502  RMSD=3.54
  sample_120                               TM-score=0.70424  RMSD=2.89
  sample_121                               TM-score=0.58375  RMSD=3.98
  sample_122                               TM-score=0.73969  RMSD=3.08
  sample_123                               TM-score=0.63049  RMSD=3.57
  sample_124                               TM-score=0.56667  RMSD=3.74
  sample_125                               TM-score=0.60539  RMSD=3.72
  sample_126                               TM-score=0.67884  RMSD=3.21
  sample_127                               TM-score=0.67534  RMSD=3.46
  sample_128                               TM-score=0.75373  RMSD=2.77
  sample_129                               TM-score=0.66206  RMSD=3.09
  sample_13                                TM-score=0.7067  RMSD=3.24
  sample_130                               TM-score=0.74368  RMSD=2.86
  sample_131                               TM-score=0.71256  RMSD=3.11
  sample_132                               TM-score=0.65811  RMSD=3.53
  sample_133                               TM-score=0.70346  RMSD=3.0
  sample_134                               TM-score=0.72666  RMSD=3.0
  sample_135                               TM-score=0.68343  RMSD=3.21
  sample_136                               TM-score=0.73237  RMSD=2.69
  sample_137                               TM-score=0.6601  RMSD=3.4
  sample_138                               TM-score=0.6152  RMSD=2.94
  sample_139                               TM-score=0.51248  RMSD=4.33
  sample_14                                TM-score=0.65481  RMSD=3.29
  sample_140                               TM-score=0.64857  RMSD=3.58
  sample_141                               TM-score=0.63795  RMSD=3.81
  sample_142                               TM-score=0.72291  RMSD=2.83
  sample_143                               TM-score=0.72656  RMSD=3.07
  sample_144                               TM-score=0.72431  RMSD=3.04
  sample_145                               TM-score=0.63633  RMSD=3.56
  sample_146                               TM-score=0.65429  RMSD=3.65
  sample_147                               TM-score=0.69298  RMSD=3.1
  sample_148                               TM-score=0.66354  RMSD=3.46
  sample_149                               TM-score=0.71601  RMSD=2.95
  sample_15                                TM-score=0.56882  RMSD=4.09
  sample_150                               TM-score=0.72241  RMSD=2.96
  sample_151                               TM-score=0.69663  RMSD=3.26
  sample_152                               TM-score=0.67978  RMSD=3.36
  sample_153                               TM-score=0.67913  RMSD=2.99
  sample_154                               TM-score=0.71645  RMSD=2.91
  sample_155                               TM-score=0.69672  RMSD=3.32
  sample_156                               TM-score=0.74239  RMSD=2.76
  sample_157                               TM-score=0.73647  RMSD=2.69
  sample_158                               TM-score=0.6284  RMSD=3.39
  sample_159                               TM-score=0.66717  RMSD=3.05
  sample_16                                TM-score=0.72064  RMSD=2.83
  sample_160                               TM-score=0.66748  RMSD=3.14
  sample_161                               TM-score=0.74891  RMSD=2.56
  sample_162                               TM-score=0.23052  RMSD=5.65
  sample_163                               TM-score=0.34392  RMSD=3.58
  sample_164                               TM-score=0.72012  RMSD=2.92
  sample_165                               TM-score=0.68536  RMSD=3.37
  sample_166                               TM-score=0.71583  RMSD=3.01
  sample_167                               TM-score=0.67019  RMSD=3.22
  sample_168                               TM-score=0.60259  RMSD=3.76
  sample_169                               TM-score=0.66154  RMSD=3.35
  sample_17                                TM-score=0.53136  RMSD=4.17
  sample_170                               TM-score=0.64735  RMSD=3.55
  sample_171                               TM-score=0.67025  RMSD=3.48
  sample_172                               TM-score=0.65474  RMSD=3.5
  sample_173                               TM-score=0.67893  RMSD=3.25
  sample_174                               TM-score=0.73875  RMSD=2.81
  sample_175                               TM-score=0.61125  RMSD=3.41
  sample_176                               TM-score=0.53851  RMSD=4.06
  sample_177                               TM-score=0.73522  RMSD=2.74
  sample_178                               TM-score=0.75494  RMSD=2.64
  sample_179                               TM-score=0.70226  RMSD=3.32
  sample_18                                TM-score=0.75645  RMSD=2.65
  sample_180                               TM-score=0.63027  RMSD=3.54
  sample_181                               TM-score=0.3136  RMSD=5.36
  sample_182                               TM-score=0.69832  RMSD=3.15
  sample_183                               TM-score=0.73008  RMSD=3.06
  sample_184                               TM-score=0.57018  RMSD=3.91
  sample_185                               TM-score=0.63409  RMSD=3.56
  sample_186                               TM-score=0.63973  RMSD=3.81
  sample_187                               TM-score=0.71841  RMSD=3.16
  sample_188                               TM-score=0.50713  RMSD=3.39
  sample_189                               TM-score=0.62159  RMSD=3.84
  sample_19                                TM-score=0.50181  RMSD=3.75
  sample_190                               TM-score=0.65111  RMSD=3.49
  sample_191                               TM-score=0.65316  RMSD=3.37
  sample_192                               TM-score=0.70082  RMSD=3.19
  sample_193                               TM-score=0.69712  RMSD=3.07
  sample_194                               TM-score=0.66389  RMSD=3.21
  sample_195                               TM-score=0.57603  RMSD=3.7
  sample_196                               TM-score=0.72995  RMSD=3.0
  sample_197                               TM-score=0.72154  RMSD=2.94
  sample_198                               TM-score=0.5139  RMSD=3.41
  sample_199                               TM-score=0.72898  RMSD=2.99
  sample_2                                 TM-score=0.60862  RMSD=3.73
  sample_20                                TM-score=0.60426  RMSD=3.87
  sample_200                               TM-score=0.71158  RMSD=3.14
  sample_201                               TM-score=0.75892  RMSD=2.62
  sample_202                               TM-score=0.70307  RMSD=3.01
  sample_203                               TM-score=0.73369  RMSD=2.92
  sample_204                               TM-score=0.53626  RMSD=4.29
  sample_205                               TM-score=0.63929  RMSD=3.49
  sample_206                               TM-score=0.63059  RMSD=3.6
  sample_207                               TM-score=0.7035  RMSD=2.96
  sample_208                               TM-score=0.72083  RMSD=3.08
  sample_209                               TM-score=0.68424  RMSD=3.2
  sample_21                                TM-score=0.67782  RMSD=3.15
  sample_210                               TM-score=0.66333  RMSD=3.62
  sample_211                               TM-score=0.65135  RMSD=3.38
  sample_212                               TM-score=0.69636  RMSD=3.21
  sample_213                               TM-score=0.71347  RMSD=3.35
  sample_214                               TM-score=0.70084  RMSD=3.36
  sample_215                               TM-score=0.74287  RMSD=2.6
  sample_216                               TM-score=0.75919  RMSD=2.75
  sample_217                               TM-score=0.76309  RMSD=2.81
  sample_218                               TM-score=0.51571  RMSD=3.63
  sample_219                               TM-score=0.6907  RMSD=3.24
  sample_22                                TM-score=0.69213  RMSD=3.14
  sample_220                               TM-score=0.58543  RMSD=3.62
  sample_221                               TM-score=0.64825  RMSD=3.41
  sample_222                               TM-score=0.67429  RMSD=3.4
  sample_223                               TM-score=0.52566  RMSD=4.47
  sample_224                               TM-score=0.73831  RMSD=2.93
  sample_225                               TM-score=0.61653  RMSD=3.76
  sample_226                               TM-score=0.66699  RMSD=3.5
  sample_227                               TM-score=0.66573  RMSD=3.6
  sample_228                               TM-score=0.66628  RMSD=3.26
  sample_229                               TM-score=0.68243  RMSD=3.46
  sample_23                                TM-score=0.69616  RMSD=3.29
  sample_230                               TM-score=0.67079  RMSD=3.32
  sample_231                               TM-score=0.62697  RMSD=3.75
  sample_232                               TM-score=0.62097  RMSD=3.83
  sample_233                               TM-score=0.58913  RMSD=3.92
  sample_234                               TM-score=0.70268  RMSD=3.22
  sample_235                               TM-score=0.58784  RMSD=4.11
  sample_236                               TM-score=0.72629  RMSD=2.89
  sample_237                               TM-score=0.67566  RMSD=3.48
  sample_238                               TM-score=0.70108  RMSD=3.21
  sample_239                               TM-score=0.59037  RMSD=3.87
  sample_24                                TM-score=0.6462  RMSD=3.69
  sample_240                               TM-score=0.5883  RMSD=3.34
  sample_241                               TM-score=0.70347  RMSD=3.1
  sample_242                               TM-score=0.73633  RMSD=2.99
  sample_243                               TM-score=0.69631  RMSD=3.21
  sample_244                               TM-score=0.69822  RMSD=3.26
  sample_245                               TM-score=0.52762  RMSD=4.1
  sample_246                               TM-score=0.5397  RMSD=3.9
  sample_247                               TM-score=0.59263  RMSD=3.98
  sample_248                               TM-score=0.75275  RMSD=2.8
  sample_249                               TM-score=0.56004  RMSD=4.36
  sample_25                                TM-score=0.64084  RMSD=3.07
  sample_250                               TM-score=0.73352  RMSD=2.84
  sample_251                               TM-score=0.68965  RMSD=3.14
  sample_252                               TM-score=0.62693  RMSD=3.44
  sample_253                               TM-score=0.74157  RMSD=2.74
  sample_254                               TM-score=0.64985  RMSD=3.5
  sample_255                               TM-score=0.70754  RMSD=2.92
  sample_256                               TM-score=0.59288  RMSD=3.81
  sample_257                               TM-score=0.51614  RMSD=3.62
  sample_258                               TM-score=0.72976  RMSD=2.78
  sample_259                               TM-score=0.76203  RMSD=2.67
  sample_26                                TM-score=0.65766  RMSD=3.74
  sample_260                               TM-score=0.67434  RMSD=3.41
  sample_261                               TM-score=0.71666  RMSD=3.11
  sample_262                               TM-score=0.53535  RMSD=4.4
  sample_263                               TM-score=0.61007  RMSD=3.75
  sample_264                               TM-score=0.66024  RMSD=3.48
  sample_265                               TM-score=0.56705  RMSD=4.01
  sample_266                               TM-score=0.72271  RMSD=2.94
  sample_267                               TM-score=0.61692  RMSD=3.81
  sample_268                               TM-score=0.77393  RMSD=2.61
  sample_269                               TM-score=0.72845  RMSD=2.95
  sample_27                                TM-score=0.6733  RMSD=3.5
  sample_270                               TM-score=0.61832  RMSD=3.83
  sample_271                               TM-score=0.5469  RMSD=4.15
  sample_272                               TM-score=0.67988  RMSD=3.4
  sample_273                               TM-score=0.72392  RMSD=2.97
  sample_274                               TM-score=0.70345  RMSD=3.08
  sample_275                               TM-score=0.77702  RMSD=2.58
  sample_276                               TM-score=0.64883  RMSD=3.51
  sample_277                               TM-score=0.68696  RMSD=3.21
  sample_278                               TM-score=0.69278  RMSD=3.24
  sample_279                               TM-score=0.68808  RMSD=3.27
  sample_28                                TM-score=0.65221  RMSD=3.4
  sample_280                               TM-score=0.6472  RMSD=3.54
  sample_281                               TM-score=0.62751  RMSD=3.56
  sample_282                               TM-score=0.71678  RMSD=2.95
  sample_283                               TM-score=0.73129  RMSD=2.76
  sample_284                               TM-score=0.69778  RMSD=3.22
  sample_285                               TM-score=0.71447  RMSD=3.1
  sample_286                               TM-score=0.6759  RMSD=3.5
  sample_287                               TM-score=0.72819  RMSD=3.05
  sample_288                               TM-score=0.7676  RMSD=2.65
  sample_289                               TM-score=0.74672  RMSD=2.6
  sample_29                                TM-score=0.69532  RMSD=3.36
  sample_290                               TM-score=0.70116  RMSD=3.07
  sample_291                               TM-score=0.73226  RMSD=3.03
  sample_292                               TM-score=0.62349  RMSD=3.85
  sample_293                               TM-score=0.30493  RMSD=4.02
  sample_294                               TM-score=0.70822  RMSD=3.16
  sample_295                               TM-score=0.64778  RMSD=3.64
  sample_296                               TM-score=0.62959  RMSD=3.72
  sample_297                               TM-score=0.61534  RMSD=3.79
  sample_298                               TM-score=0.69288  RMSD=3.08
  sample_299                               TM-score=0.69724  RMSD=3.03
  sample_3                                 TM-score=0.53108  RMSD=4.13
  sample_30                                TM-score=0.68598  RMSD=3.08
  sample_300                               TM-score=0.66492  RMSD=3.44
  sample_31                                TM-score=0.68066  RMSD=3.31
  sample_32                                TM-score=0.71325  RMSD=3.08
  sample_33                                TM-score=0.6638  RMSD=3.38
  sample_34                                TM-score=0.71955  RMSD=2.81
  sample_35                                TM-score=0.57607  RMSD=3.99
  sample_36                                TM-score=0.64275  RMSD=3.54
  sample_37                                TM-score=0.56668  RMSD=3.63
  sample_38                                TM-score=0.65274  RMSD=3.65
  sample_39                                TM-score=0.72892  RMSD=2.92
  sample_4                                 TM-score=0.74458  RMSD=2.83
  sample_40                                TM-score=0.60868  RMSD=3.51
  sample_41                                TM-score=0.71968  RMSD=3.17
  sample_42                                TM-score=0.72691  RMSD=2.85
  sample_43                                TM-score=0.73372  RMSD=2.82
  sample_44                                TM-score=0.7143  RMSD=3.1
  sample_45                                TM-score=0.64037  RMSD=3.51
  sample_46                                TM-score=0.68876  RMSD=3.19
  sample_47                                TM-score=0.74688  RMSD=2.69
  sample_48                                TM-score=0.67315  RMSD=3.41
  sample_49                                TM-score=0.61324  RMSD=3.43
  sample_5                                 TM-score=0.53983  RMSD=3.45
  sample_50                                TM-score=0.70824  RMSD=3.21
  sample_51                                TM-score=0.72517  RMSD=2.99
  sample_52                                TM-score=0.634  RMSD=3.76
  sample_53                                TM-score=0.68108  RMSD=3.22
  sample_54                                TM-score=0.7561  RMSD=2.77
  sample_55                                TM-score=0.5161  RMSD=3.09
  sample_56                                TM-score=0.68123  RMSD=3.17
  sample_57                                TM-score=0.6491  RMSD=3.46
  sample_58                                TM-score=0.679  RMSD=3.01
  sample_59                                TM-score=0.63767  RMSD=3.64
  sample_6                                 TM-score=0.59978  RMSD=3.59
  sample_60                                TM-score=0.6307  RMSD=3.65
  sample_61                                TM-score=0.58878  RMSD=3.45
  sample_62                                TM-score=0.27919  RMSD=4.78
  sample_63                                TM-score=0.72275  RMSD=3.03
  sample_64                                TM-score=0.71988  RMSD=3.15
  sample_65                                TM-score=0.61274  RMSD=3.91
  sample_66                                TM-score=0.63775  RMSD=3.21
  sample_67                                TM-score=0.71789  RMSD=3.04
  sample_68                                TM-score=0.70682  RMSD=3.21
  sample_69                                TM-score=0.61314  RMSD=3.85
  sample_7                                 TM-score=0.67599  RMSD=3.3
  sample_70                                TM-score=0.69947  RMSD=3.29
  sample_71                                TM-score=0.51717  RMSD=4.7
  sample_72                                TM-score=0.67992  RMSD=3.2
  sample_73                                TM-score=0.67582  RMSD=3.45
  sample_74                                TM-score=0.63904  RMSD=3.59
  sample_75                                TM-score=0.66453  RMSD=3.25
  sample_76                                TM-score=0.70272  RMSD=3.27
  sample_77                                TM-score=0.70146  RMSD=3.15
  sample_78                                TM-score=0.4849  RMSD=4.32
  sample_79                                TM-score=0.51918  RMSD=3.75
  sample_8                                 TM-score=0.69382  RMSD=3.12
  sample_80                                TM-score=0.71595  RMSD=2.94
  sample_81                                TM-score=0.59817  RMSD=4.15
  sample_82                                TM-score=0.71104  RMSD=3.19
  sample_83                                TM-score=0.71225  RMSD=3.08
  sample_84                                TM-score=0.69123  RMSD=3.26
  sample_85                                TM-score=0.65581  RMSD=3.48
  sample_86                                TM-score=0.62059  RMSD=3.65
  sample_87                                TM-score=0.72232  RMSD=3.11
  sample_88                                TM-score=0.67773  RMSD=3.22
  sample_89                                TM-score=0.70388  RMSD=3.22
  sample_9                                 TM-score=0.66739  RMSD=3.34
  sample_90                                TM-score=0.32812  RMSD=4.71
  sample_91                                TM-score=0.74445  RMSD=2.56
  sample_92                                TM-score=0.66278  RMSD=3.4
  sample_93                                TM-score=0.69943  RMSD=3.11
  sample_94                                TM-score=0.64567  RMSD=3.49
  sample_95                                TM-score=0.70233  RMSD=3.27
  sample_96                                TM-score=0.73775  RMSD=2.87
  sample_97                                TM-score=0.31325  RMSD=5.0
  sample_98                                TM-score=0.64045  RMSD=3.51
  sample_99                                TM-score=0.57004  RMSD=3.69
已写入 L11design/data/exp2/protein_q8//tm.csv
