  sample_1                                 TM-score=0.7342  RMSD=2.96
  sample_10                                TM-score=0.64863  RMSD=3.37
  sample_100                               TM-score=0.54306  RMSD=4.23
  sample_101                               TM-score=0.73614  RMSD=2.75
  sample_102                               TM-score=0.67879  RMSD=3.28
  sample_103                               TM-score=0.6093  RMSD=3.84
  sample_104                               TM-score=0.61586  RMSD=3.69
  sample_105                               TM-score=0.58391  RMSD=3.67
  sample_106                               TM-score=0.31038  RMSD=5.5
  sample_107                               TM-score=0.51953  RMSD=4.07
  sample_108                               TM-score=0.61225  RMSD=3.6
  sample_109                               TM-score=0.68123  RMSD=3.14
  sample_11                                TM-score=0.59409  RMSD=4.0
  sample_110                               TM-score=0.65449  RMSD=3.43
  sample_111                               TM-score=0.65104  RMSD=3.37
  sample_112                               TM-score=0.71497  RMSD=2.96
  sample_113                               TM-score=0.63099  RMSD=3.59
  sample_114                               TM-score=0.68119  RMSD=2.96
  sample_115                               TM-score=0.67709  RMSD=3.11
  sample_116                               TM-score=0.63954  RMSD=3.62
  sample_117                               TM-score=0.65312  RMSD=3.47
  sample_118                               TM-score=0.56861  RMSD=4.0
  sample_119                               TM-score=0.64298  RMSD=3.47
  sample_12                                TM-score=0.6743  RMSD=3.16
  sample_120                               TM-score=0.55415  RMSD=3.91
  sample_121                               TM-score=0.65865  RMSD=3.53
  sample_122                               TM-score=0.72226  RMSD=3.0
  sample_123                               TM-score=0.54801  RMSD=4.17
  sample_124                               TM-score=0.67795  RMSD=3.3
  sample_125                               TM-score=0.63836  RMSD=3.46
  sample_126                               TM-score=0.55395  RMSD=3.16
  sample_127                               TM-score=0.2749  RMSD=4.63
  sample_128                               TM-score=0.69783  RMSD=3.19
  sample_129                               TM-score=0.59952  RMSD=4.07
  sample_13                                TM-score=0.5793  RMSD=4.09
  sample_130                               TM-score=0.65689  RMSD=3.28
  sample_131                               TM-score=0.6391  RMSD=3.59
  sample_132                               TM-score=0.53184  RMSD=4.05
  sample_133                               TM-score=0.54467  RMSD=3.74
  sample_134                               TM-score=0.60049  RMSD=3.84
  sample_135                               TM-score=0.2464  RMSD=5.76
  sample_136                               TM-score=0.74254  RMSD=2.92
  sample_137                               TM-score=0.61833  RMSD=3.76
  sample_138                               TM-score=0.71207  RMSD=3.12
  sample_139                               TM-score=0.55924  RMSD=4.23
  sample_14                                TM-score=0.64483  RMSD=3.71
  sample_140                               TM-score=0.49274  RMSD=3.73
  sample_141                               TM-score=0.69763  RMSD=3.09
  sample_142                               TM-score=0.72555  RMSD=2.97
  sample_143                               TM-score=0.58197  RMSD=3.87
  sample_144                               TM-score=0.61261  RMSD=3.5
  sample_145                               TM-score=0.65008  RMSD=3.43
  sample_146                               TM-score=0.75113  RMSD=2.83
  sample_147                               TM-score=0.61015  RMSD=3.89
  sample_148                               TM-score=0.59342  RMSD=3.58
  sample_149                               TM-score=0.55451  RMSD=4.41
  sample_15                                TM-score=0.66128  RMSD=3.47
  sample_150                               TM-score=0.51741  RMSD=4.38
  sample_151                               TM-score=0.70125  RMSD=3.03
  sample_152                               TM-score=0.53971  RMSD=3.61
  sample_153                               TM-score=0.60466  RMSD=3.89
  sample_154                               TM-score=0.68958  RMSD=3.23
  sample_155                               TM-score=0.66816  RMSD=3.4
  sample_156                               TM-score=0.62256  RMSD=3.77
  sample_157                               TM-score=0.49473  RMSD=4.0
  sample_158                               TM-score=0.67956  RMSD=3.42
  sample_159                               TM-score=0.55589  RMSD=3.15
  sample_16                                TM-score=0.67701  RMSD=3.41
  sample_160                               TM-score=0.55914  RMSD=3.79
  sample_161                               TM-score=0.36365  RMSD=4.19
  sample_162                               TM-score=0.71976  RMSD=2.99
  sample_163                               TM-score=0.75151  RMSD=2.7
  sample_164                               TM-score=0.67244  RMSD=3.23
  sample_165                               TM-score=0.72071  RMSD=3.07
  sample_166                               TM-score=0.72883  RMSD=2.87
  sample_167                               TM-score=0.60857  RMSD=3.86
  sample_168                               TM-score=0.74143  RMSD=2.65
  sample_169                               TM-score=0.7177  RMSD=2.9
  sample_17                                TM-score=0.66652  RMSD=3.37
  sample_170                               TM-score=0.75883  RMSD=2.63
  sample_171                               TM-score=0.49942  RMSD=3.81
  sample_172                               TM-score=0.67515  RMSD=3.36
  sample_173                               TM-score=0.6107  RMSD=3.72
  sample_174                               TM-score=0.66688  RMSD=3.04
  sample_175                               TM-score=0.56607  RMSD=4.2
  sample_176                               TM-score=0.74266  RMSD=2.78
  sample_177                               TM-score=0.56095  RMSD=3.84
  sample_178                               TM-score=0.64298  RMSD=3.53
  sample_179                               TM-score=0.64784  RMSD=3.44
  sample_18                                TM-score=0.68806  RMSD=3.27
  sample_180                               TM-score=0.6414  RMSD=3.49
  sample_181                               TM-score=0.55522  RMSD=4.16
  sample_182                               TM-score=0.67739  RMSD=3.37
  sample_183                               TM-score=0.77709  RMSD=2.65
  sample_184                               TM-score=0.63367  RMSD=3.44
  sample_185                               TM-score=0.53322  RMSD=4.37
  sample_186                               TM-score=0.57091  RMSD=3.81
  sample_187                               TM-score=0.54715  RMSD=3.56
  sample_188                               TM-score=0.58799  RMSD=3.52
  sample_189                               TM-score=0.5707  RMSD=4.31
  sample_19                                TM-score=0.57135  RMSD=3.76
  sample_190                               TM-score=0.6989  RMSD=3.06
  sample_191                               TM-score=0.73139  RMSD=2.7
  sample_192                               TM-score=0.43065  RMSD=4.02
  sample_193                               TM-score=0.60787  RMSD=3.68
  sample_194                               TM-score=0.57259  RMSD=3.96
  sample_195                               TM-score=0.62967  RMSD=3.79
  sample_196                               TM-score=0.60595  RMSD=3.88
  sample_197                               TM-score=0.54969  RMSD=4.15
  sample_198                               TM-score=0.62301  RMSD=3.45
  sample_199                               TM-score=0.56846  RMSD=3.12
  sample_2                                 TM-score=0.58376  RMSD=3.95
  sample_20                                TM-score=0.54996  RMSD=4.3
  sample_200                               TM-score=0.49095  RMSD=4.18
  sample_201                               TM-score=0.71399  RMSD=2.75
  sample_202                               TM-score=0.70691  RMSD=3.06
  sample_203                               TM-score=0.55724  RMSD=4.19
  sample_204                               TM-score=0.63608  RMSD=3.46
  sample_205                               TM-score=0.60119  RMSD=3.93
  sample_206                               TM-score=0.702  RMSD=3.22
  sample_207                               TM-score=0.35196  RMSD=4.87
  sample_208                               TM-score=0.74748  RMSD=2.83
  sample_209                               TM-score=0.55991  RMSD=4.07
  sample_21                                TM-score=0.72088  RMSD=2.76
  sample_210                               TM-score=0.6528  RMSD=3.21
  sample_211                               TM-score=0.59269  RMSD=4.1
  sample_212                               TM-score=0.74541  RMSD=2.84
  sample_213                               TM-score=0.66759  RMSD=3.17
  sample_214                               TM-score=0.58184  RMSD=4.05
  sample_215                               TM-score=0.71745  RMSD=3.08
  sample_216                               TM-score=0.51306  RMSD=4.26
  sample_217                               TM-score=0.66799  RMSD=3.38
  sample_218                               TM-score=0.72368  RMSD=3.03
  sample_219                               TM-score=0.50271  RMSD=3.49
  sample_22                                TM-score=0.51901  RMSD=3.44
  sample_220                               TM-score=0.68183  RMSD=3.25
  sample_221                               TM-score=0.71065  RMSD=3.04
  sample_222                               TM-score=0.68597  RMSD=3.22
  sample_223                               TM-score=0.62631  RMSD=3.62
  sample_224                               TM-score=0.63072  RMSD=3.51
  sample_225                               TM-score=0.72225  RMSD=3.03
  sample_226                               TM-score=0.49708  RMSD=4.6
  sample_227                               TM-score=0.70218  RMSD=3.18
  sample_228                               TM-score=0.73609  RMSD=2.95
  sample_229                               TM-score=0.5517  RMSD=3.48
  sample_23                                TM-score=0.76043  RMSD=2.77
  sample_230                               TM-score=0.63286  RMSD=3.44
  sample_231                               TM-score=0.62978  RMSD=3.18
  sample_232                               TM-score=0.51927  RMSD=3.47
  sample_233                               TM-score=0.56232  RMSD=3.93
  sample_234                               TM-score=0.54898  RMSD=3.21
  sample_235                               TM-score=0.69283  RMSD=2.96
  sample_236                               TM-score=0.56186  RMSD=4.02
  sample_237                               TM-score=0.70133  RMSD=3.09
  sample_238                               TM-score=0.5716  RMSD=4.13
  sample_239                               TM-score=0.27268  RMSD=5.5
  sample_24                                TM-score=0.56406  RMSD=3.94
  sample_240                               TM-score=0.6245  RMSD=3.61
  sample_241                               TM-score=0.6952  RMSD=3.39
  sample_242                               TM-score=0.55013  RMSD=4.21
  sample_243                               TM-score=0.6704  RMSD=3.41
  sample_244                               TM-score=0.72148  RMSD=2.97
  sample_245                               TM-score=0.52292  RMSD=4.3
  sample_246                               TM-score=0.64233  RMSD=3.44
  sample_247                               TM-score=0.71043  RMSD=2.88
  sample_248                               TM-score=0.54734  RMSD=4.19
  sample_249                               TM-score=0.58981  RMSD=4.0
  sample_25                                TM-score=0.63054  RMSD=3.68
  sample_250                               TM-score=0.66629  RMSD=3.22
  sample_251                               TM-score=0.73288  RMSD=2.71
  sample_252                               TM-score=0.59206  RMSD=3.9
  sample_253                               TM-score=0.65139  RMSD=3.56
  sample_254                               TM-score=0.27895  RMSD=5.08
  sample_255                               TM-score=0.54668  RMSD=3.44
  sample_256                               TM-score=0.4012  RMSD=4.63
  sample_257                               TM-score=0.53466  RMSD=3.57
  sample_258                               TM-score=0.29493  RMSD=4.91
  sample_259                               TM-score=0.70273  RMSD=2.93
  sample_26                                TM-score=0.6548  RMSD=3.27
  sample_260                               TM-score=0.53584  RMSD=3.72
  sample_261                               TM-score=0.63739  RMSD=3.49
  sample_262                               TM-score=0.32949  RMSD=4.79
  sample_263                               TM-score=0.69158  RMSD=3.02
  sample_264                               TM-score=0.63864  RMSD=3.52
  sample_265                               TM-score=0.68254  RMSD=2.89
  sample_266                               TM-score=0.61725  RMSD=3.79
  sample_267                               TM-score=0.49749  RMSD=3.88
  sample_268                               TM-score=0.70759  RMSD=3.18
  sample_269                               TM-score=0.55685  RMSD=3.92
  sample_27                                TM-score=0.71783  RMSD=2.81
  sample_270                               TM-score=0.63766  RMSD=3.46
  sample_271                               TM-score=0.55036  RMSD=3.87
  sample_272                               TM-score=0.49262  RMSD=3.22
  sample_273                               TM-score=0.67461  RMSD=3.22
  sample_274                               TM-score=0.58401  RMSD=3.9
  sample_275                               TM-score=0.5271  RMSD=4.12
  sample_276                               TM-score=0.48801  RMSD=3.63
  sample_277                               TM-score=0.62157  RMSD=3.78
  sample_278                               TM-score=0.67284  RMSD=3.05
  sample_279                               TM-score=0.59948  RMSD=3.97
  sample_28                                TM-score=0.72271  RMSD=3.0
  sample_280                               TM-score=0.71502  RMSD=2.98
  sample_281                               TM-score=0.64998  RMSD=3.48
  sample_282                               TM-score=0.70861  RMSD=3.02
  sample_283                               TM-score=0.71719  RMSD=2.8
  sample_284                               TM-score=0.56817  RMSD=3.6
  sample_285                               TM-score=0.70729  RMSD=3.02
  sample_286                               TM-score=0.53325  RMSD=4.01
  sample_287                               TM-score=0.57025  RMSD=4.12
  sample_288                               TM-score=0.65214  RMSD=3.34
  sample_289                               TM-score=0.67858  RMSD=3.4
  sample_29                                TM-score=0.65488  RMSD=3.55
  sample_290                               TM-score=0.60015  RMSD=4.01
  sample_291                               TM-score=0.62161  RMSD=3.56
  sample_292                               TM-score=0.73482  RMSD=2.77
  sample_293                               TM-score=0.59425  RMSD=2.93
  sample_294                               TM-score=0.55509  RMSD=4.11
  sample_295                               TM-score=0.56226  RMSD=3.76
  sample_296                               TM-score=0.63087  RMSD=3.42
  sample_297                               TM-score=0.6077  RMSD=3.72
  sample_298                               TM-score=0.76072  RMSD=2.67
  sample_299                               TM-score=0.69932  RMSD=3.15
  sample_3                                 TM-score=0.53064  RMSD=3.51
  sample_30                                TM-score=0.61048  RMSD=3.69
  sample_300                               TM-score=0.65158  RMSD=3.4
  sample_31                                TM-score=0.57487  RMSD=4.05
  sample_32                                TM-score=0.64267  RMSD=3.21
  sample_33                                TM-score=0.68044  RMSD=3.33
  sample_34                                TM-score=0.69372  RMSD=3.18
  sample_35                                TM-score=0.64355  RMSD=3.68
  sample_36                                TM-score=0.71188  RMSD=3.1
  sample_37                                TM-score=0.54015  RMSD=4.21
  sample_38                                TM-score=0.69681  RMSD=3.32
  sample_39                                TM-score=0.57347  RMSD=4.0
  sample_4                                 TM-score=0.65283  RMSD=3.63
  sample_40                                TM-score=0.67232  RMSD=3.15
  sample_41                                TM-score=0.53812  RMSD=4.19
  sample_42                                TM-score=0.65307  RMSD=3.17
  sample_43                                TM-score=0.63654  RMSD=3.62
  sample_44                                TM-score=0.69942  RMSD=3.11
  sample_45                                TM-score=0.62702  RMSD=3.67
  sample_46                                TM-score=0.68522  RMSD=3.45
  sample_47                                TM-score=0.61146  RMSD=3.76
  sample_48                                TM-score=0.7049  RMSD=3.23
  sample_49                                TM-score=0.72827  RMSD=2.82
  sample_5                                 TM-score=0.55011  RMSD=3.26
  sample_50                                TM-score=0.74254  RMSD=2.75
  sample_51                                TM-score=0.73092  RMSD=2.62
  sample_52                                TM-score=0.67644  RMSD=3.38
  sample_53                                TM-score=0.71398  RMSD=3.0
  sample_54                                TM-score=0.69516  RMSD=3.32
  sample_55                                TM-score=0.53562  RMSD=3.27
  sample_56                                TM-score=0.60346  RMSD=3.93
  sample_57                                TM-score=0.61172  RMSD=3.79
  sample_58                                TM-score=0.71319  RMSD=2.93
  sample_59                                TM-score=0.46885  RMSD=3.83
  sample_6                                 TM-score=0.66678  RMSD=3.35
  sample_60                                TM-score=0.57739  RMSD=4.32
  sample_61                                TM-score=0.62488  RMSD=3.58
  sample_62                                TM-score=0.74086  RMSD=2.75
  sample_63                                TM-score=0.57036  RMSD=3.38
  sample_64                                TM-score=0.38138  RMSD=3.91
  sample_65                                TM-score=0.69479  RMSD=3.16
  sample_66                                TM-score=0.55319  RMSD=3.84
  sample_67                                TM-score=0.65658  RMSD=3.02
  sample_68                                TM-score=0.69934  RMSD=3.02
  sample_69                                TM-score=0.57222  RMSD=3.76
  sample_7                                 TM-score=0.55554  RMSD=3.27
  sample_70                                TM-score=0.75415  RMSD=2.72
  sample_71                                TM-score=0.6715  RMSD=3.32
  sample_72                                TM-score=0.71681  RMSD=2.98
  sample_73                                TM-score=0.53895  RMSD=2.89
  sample_74                                TM-score=0.66788  RMSD=3.31
  sample_75                                TM-score=0.51173  RMSD=4.5
  sample_76                                TM-score=0.26612  RMSD=5.02
  sample_77                                TM-score=0.53037  RMSD=4.07
  sample_78                                TM-score=0.53628  RMSD=4.35
  sample_79                                TM-score=0.69031  RMSD=3.26
  sample_8                                 TM-score=0.6679  RMSD=3.61
  sample_80                                TM-score=0.65428  RMSD=3.38
  sample_81                                TM-score=0.60629  RMSD=3.75
  sample_82                                TM-score=0.56103  RMSD=3.89
  sample_83                                TM-score=0.68259  RMSD=3.35
  sample_84                                TM-score=0.72755  RMSD=3.02
  sample_85                                TM-score=0.67292  RMSD=3.25
  sample_86                                TM-score=0.53791  RMSD=4.14
  sample_87                                TM-score=0.68092  RMSD=3.26
  sample_88                                TM-score=0.55255  RMSD=4.27
  sample_89                                TM-score=0.62029  RMSD=3.49
  sample_9                                 TM-score=0.67252  RMSD=3.32
  sample_90                                TM-score=0.64261  RMSD=3.54
  sample_91                                TM-score=0.71965  RMSD=2.92
  sample_92                                TM-score=0.6211  RMSD=3.59
  sample_93                                TM-score=0.6  RMSD=3.71
  sample_94                                TM-score=0.72057  RMSD=2.99
  sample_95                                TM-score=0.64279  RMSD=3.45
  sample_96                                TM-score=0.57771  RMSD=3.75
  sample_97                                TM-score=0.58398  RMSD=3.86
  sample_98                                TM-score=0.73805  RMSD=2.89
  sample_99                                TM-score=0.5539  RMSD=3.88
已写入 L11design/data/exp3/ligand_q10//tm.csv
  sample_1                                 TM-score=0.68842  RMSD=3.16
  sample_10                                TM-score=0.60007  RMSD=3.75
  sample_100                               TM-score=0.51732  RMSD=3.92
  sample_101                               TM-score=0.62464  RMSD=3.76
  sample_102                               TM-score=0.69171  RMSD=3.24
  sample_103                               TM-score=0.57409  RMSD=3.85
  sample_104                               TM-score=0.50562  RMSD=4.13
  sample_105                               TM-score=0.64938  RMSD=3.54
  sample_106                               TM-score=0.58903  RMSD=4.2
  sample_107                               TM-score=0.53544  RMSD=3.49
  sample_108                               TM-score=0.26638  RMSD=5.38
  sample_109                               TM-score=0.67344  RMSD=3.33
  sample_11                                TM-score=0.58473  RMSD=4.07
  sample_110                               TM-score=0.4644  RMSD=4.37
  sample_111                               TM-score=0.56584  RMSD=4.0
  sample_112                               TM-score=0.66719  RMSD=3.32
  sample_113                               TM-score=0.6043  RMSD=3.71
  sample_114                               TM-score=0.7237  RMSD=2.92
  sample_115                               TM-score=0.65057  RMSD=3.49
  sample_116                               TM-score=0.66524  RMSD=3.34
  sample_117                               TM-score=0.64101  RMSD=3.52
  sample_118                               TM-score=0.6494  RMSD=3.43
  sample_119                               TM-score=0.53618  RMSD=3.88
  sample_12                                TM-score=0.75589  RMSD=2.79
  sample_120                               TM-score=0.608  RMSD=3.81
  sample_121                               TM-score=0.69595  RMSD=3.11
  sample_122                               TM-score=0.56227  RMSD=4.01
  sample_123                               TM-score=0.66423  RMSD=3.25
  sample_124                               TM-score=0.28821  RMSD=4.92
  sample_125                               TM-score=0.58661  RMSD=3.93
  sample_126                               TM-score=0.29596  RMSD=5.01
  sample_127                               TM-score=0.68755  RMSD=3.16
  sample_128                               TM-score=0.25662  RMSD=4.38
  sample_129                               TM-score=0.63283  RMSD=3.7
  sample_13                                TM-score=0.69576  RMSD=3.19
  sample_130                               TM-score=0.56463  RMSD=3.45
  sample_131                               TM-score=0.53976  RMSD=4.35
  sample_132                               TM-score=0.5424  RMSD=3.91
  sample_133                               TM-score=0.54976  RMSD=4.09
  sample_134                               TM-score=0.64588  RMSD=3.52
  sample_135                               TM-score=0.58935  RMSD=4.1
  sample_136                               TM-score=0.48308  RMSD=4.69
  sample_137                               TM-score=0.59645  RMSD=3.86
  sample_138                               TM-score=0.65819  RMSD=3.5
  sample_139                               TM-score=0.75138  RMSD=2.83
  sample_14                                TM-score=0.72883  RMSD=2.68
  sample_140                               TM-score=0.65654  RMSD=3.7
  sample_141                               TM-score=0.73676  RMSD=2.93
  sample_142                               TM-score=0.53908  RMSD=3.84
  sample_143                               TM-score=0.63363  RMSD=3.69
  sample_144                               TM-score=0.6497  RMSD=3.52
  sample_145                               TM-score=0.7044  RMSD=2.99
  sample_146                               TM-score=0.62011  RMSD=3.61
  sample_147                               TM-score=0.65995  RMSD=3.54
  sample_148                               TM-score=0.62994  RMSD=3.58
  sample_149                               TM-score=0.69252  RMSD=3.19
  sample_15                                TM-score=0.69854  RMSD=3.14
  sample_150                               TM-score=0.76845  RMSD=2.5
  sample_151                               TM-score=0.5335  RMSD=3.58
  sample_152                               TM-score=0.54031  RMSD=4.03
  sample_153                               TM-score=0.62039  RMSD=3.63
  sample_154                               TM-score=0.58273  RMSD=4.03
  sample_155                               TM-score=0.67135  RMSD=3.27
  sample_156                               TM-score=0.55222  RMSD=4.11
  sample_157                               TM-score=0.54302  RMSD=4.37
  sample_158                               TM-score=0.57047  RMSD=4.16
  sample_159                               TM-score=0.67146  RMSD=3.37
  sample_16                                TM-score=0.67746  RMSD=2.97
  sample_160                               TM-score=0.59877  RMSD=3.1
  sample_161                               TM-score=0.58045  RMSD=3.62
  sample_162                               TM-score=0.60279  RMSD=3.86
  sample_163                               TM-score=0.50405  RMSD=3.77
  sample_164                               TM-score=0.6303  RMSD=3.24
  sample_165                               TM-score=0.55268  RMSD=4.04
  sample_166                               TM-score=0.62904  RMSD=3.69
  sample_167                               TM-score=0.76335  RMSD=2.9
  sample_168                               TM-score=0.66481  RMSD=3.33
  sample_169                               TM-score=0.59656  RMSD=3.88
  sample_17                                TM-score=0.54094  RMSD=4.16
  sample_170                               TM-score=0.64951  RMSD=3.42
  sample_171                               TM-score=0.26204  RMSD=4.38
  sample_172                               TM-score=0.7033  RMSD=3.0
  sample_173                               TM-score=0.70695  RMSD=3.06
  sample_174                               TM-score=0.73157  RMSD=2.9
  sample_175                               TM-score=0.68605  RMSD=3.05
  sample_176                               TM-score=0.49035  RMSD=4.12
  sample_177                               TM-score=0.708  RMSD=3.06
  sample_178                               TM-score=0.6831  RMSD=3.04
  sample_179                               TM-score=0.54532  RMSD=3.49
  sample_18                                TM-score=0.65492  RMSD=3.42
  sample_180                               TM-score=0.65502  RMSD=3.32
  sample_181                               TM-score=0.6359  RMSD=3.58
  sample_182                               TM-score=0.22268  RMSD=5.12
  sample_183                               TM-score=0.55155  RMSD=4.14
  sample_184                               TM-score=0.56958  RMSD=4.06
  sample_185                               TM-score=0.54395  RMSD=3.46
  sample_186                               TM-score=0.73028  RMSD=2.86
  sample_187                               TM-score=0.63133  RMSD=3.7
  sample_188                               TM-score=0.61747  RMSD=3.57
  sample_189                               TM-score=0.65643  RMSD=3.44
  sample_19                                TM-score=0.71908  RMSD=2.98
  sample_190                               TM-score=0.52742  RMSD=3.73
  sample_191                               TM-score=0.6695  RMSD=3.1
  sample_192                               TM-score=0.64001  RMSD=3.56
  sample_193                               TM-score=0.53208  RMSD=3.52
  sample_194                               TM-score=0.67194  RMSD=3.47
  sample_195                               TM-score=0.66682  RMSD=3.41
  sample_196                               TM-score=0.66297  RMSD=3.4
  sample_197                               TM-score=0.59876  RMSD=3.96
  sample_198                               TM-score=0.59511  RMSD=3.62
  sample_199                               TM-score=0.57869  RMSD=4.0
  sample_2                                 TM-score=0.56774  RMSD=4.04
  sample_20                                TM-score=0.59522  RMSD=4.04
  sample_200                               TM-score=0.57078  RMSD=3.77
  sample_201                               TM-score=0.58124  RMSD=3.88
  sample_202                               TM-score=0.29784  RMSD=4.76
  sample_203                               TM-score=0.73099  RMSD=2.98
  sample_204                               TM-score=0.69277  RMSD=3.02
  sample_205                               TM-score=0.64646  RMSD=3.46
  sample_206                               TM-score=0.73117  RMSD=2.68
  sample_207                               TM-score=0.6783  RMSD=3.35
  sample_208                               TM-score=0.75545  RMSD=2.64
  sample_209                               TM-score=0.57137  RMSD=4.07
  sample_21                                TM-score=0.69927  RMSD=3.24
  sample_210                               TM-score=0.71436  RMSD=2.97
  sample_211                               TM-score=0.57286  RMSD=3.35
  sample_212                               TM-score=0.52799  RMSD=3.73
  sample_213                               TM-score=0.50135  RMSD=3.74
  sample_214                               TM-score=0.61211  RMSD=3.93
  sample_215                               TM-score=0.57189  RMSD=4.27
  sample_216                               TM-score=0.55839  RMSD=4.12
  sample_217                               TM-score=0.69272  RMSD=3.12
  sample_218                               TM-score=0.71325  RMSD=3.05
  sample_219                               TM-score=0.67381  RMSD=3.47
  sample_22                                TM-score=0.69961  RMSD=3.17
  sample_220                               TM-score=0.49726  RMSD=4.25
  sample_221                               TM-score=0.62851  RMSD=3.7
  sample_222                               TM-score=0.70278  RMSD=3.07
  sample_223                               TM-score=0.73872  RMSD=2.58
  sample_224                               TM-score=0.75297  RMSD=2.77
  sample_225                               TM-score=0.50892  RMSD=4.17
  sample_226                               TM-score=0.68221  RMSD=2.98
  sample_227                               TM-score=0.74877  RMSD=2.78
  sample_228                               TM-score=0.70937  RMSD=3.12
  sample_229                               TM-score=0.67912  RMSD=3.63
  sample_23                                TM-score=0.62118  RMSD=3.52
  sample_230                               TM-score=0.60564  RMSD=3.42
  sample_231                               TM-score=0.57031  RMSD=3.86
  sample_232                               TM-score=0.62697  RMSD=3.87
  sample_233                               TM-score=0.30477  RMSD=5.45
  sample_234                               TM-score=0.77804  RMSD=2.65
  sample_235                               TM-score=0.54044  RMSD=3.27
  sample_236                               TM-score=0.5791  RMSD=3.89
  sample_237                               TM-score=0.67261  RMSD=3.09
  sample_238                               TM-score=0.72797  RMSD=2.79
  sample_239                               TM-score=0.63333  RMSD=3.65
  sample_24                                TM-score=0.64906  RMSD=3.56
  sample_240                               TM-score=0.59217  RMSD=3.92
  sample_241                               TM-score=0.70642  RMSD=3.23
  sample_242                               TM-score=0.54952  RMSD=3.67
  sample_243                               TM-score=0.60188  RMSD=3.86
  sample_244                               TM-score=0.522  RMSD=4.3
  sample_245                               TM-score=0.72534  RMSD=2.77
  sample_246                               TM-score=0.67355  RMSD=3.25
  sample_247                               TM-score=0.65793  RMSD=3.25
  sample_248                               TM-score=0.72248  RMSD=3.11
  sample_249                               TM-score=0.72407  RMSD=3.13
  sample_25                                TM-score=0.51737  RMSD=3.96
  sample_250                               TM-score=0.68317  RMSD=3.28
  sample_251                               TM-score=0.57399  RMSD=3.88
  sample_252                               TM-score=0.57886  RMSD=3.71
  sample_253                               TM-score=0.69732  RMSD=2.96
  sample_254                               TM-score=0.66474  RMSD=3.19
  sample_255                               TM-score=0.63748  RMSD=3.69
  sample_256                               TM-score=0.68672  RMSD=3.09
  sample_257                               TM-score=0.69802  RMSD=3.14
  sample_258                               TM-score=0.68512  RMSD=3.4
  sample_259                               TM-score=0.56431  RMSD=3.97
  sample_26                                TM-score=0.51411  RMSD=3.83
  sample_260                               TM-score=0.55251  RMSD=3.52
  sample_261                               TM-score=0.72536  RMSD=2.94
  sample_262                               TM-score=0.67508  RMSD=3.4
  sample_263                               TM-score=0.63556  RMSD=3.42
  sample_264                               TM-score=0.69461  RMSD=3.04
  sample_265                               TM-score=0.56598  RMSD=3.8
  sample_266                               TM-score=0.6794  RMSD=3.48
  sample_267                               TM-score=0.75269  RMSD=2.85
  sample_268                               TM-score=0.52848  RMSD=4.02
  sample_269                               TM-score=0.5887  RMSD=3.73
  sample_27                                TM-score=0.6904  RMSD=3.1
  sample_270                               TM-score=0.60326  RMSD=3.68
  sample_271                               TM-score=0.53151  RMSD=3.46
  sample_272                               TM-score=0.76596  RMSD=2.57
  sample_273                               TM-score=0.65656  RMSD=3.42
  sample_274                               TM-score=0.67107  RMSD=3.25
  sample_275                               TM-score=0.68259  RMSD=3.08
  sample_276                               TM-score=0.60822  RMSD=3.57
  sample_277                               TM-score=0.55337  RMSD=3.88
  sample_278                               TM-score=0.65484  RMSD=3.52
  sample_279                               TM-score=0.66638  RMSD=3.19
  sample_28                                TM-score=0.68653  RMSD=3.09
  sample_280                               TM-score=0.63513  RMSD=3.72
  sample_281                               TM-score=0.59522  RMSD=3.88
  sample_282                               TM-score=0.58883  RMSD=3.93
  sample_283                               TM-score=0.65044  RMSD=3.41
  sample_284                               TM-score=0.61744  RMSD=3.63
  sample_285                               TM-score=0.36861  RMSD=3.55
  sample_286                               TM-score=0.67937  RMSD=3.3
  sample_287                               TM-score=0.25232  RMSD=5.66
  sample_288                               TM-score=0.71992  RMSD=2.98
  sample_289                               TM-score=0.58673  RMSD=3.71
  sample_29                                TM-score=0.72763  RMSD=2.94
  sample_290                               TM-score=0.57426  RMSD=3.84
  sample_291                               TM-score=0.61487  RMSD=2.87
  sample_292                               TM-score=0.57251  RMSD=4.38
  sample_293                               TM-score=0.53601  RMSD=4.16
  sample_294                               TM-score=0.47637  RMSD=4.21
  sample_295                               TM-score=0.55697  RMSD=4.03
  sample_296                               TM-score=0.73244  RMSD=2.78
  sample_297                               TM-score=0.70252  RMSD=3.09
  sample_298                               TM-score=0.54761  RMSD=4.28
  sample_299                               TM-score=0.64876  RMSD=3.51
  sample_3                                 TM-score=0.5303  RMSD=4.3
  sample_30                                TM-score=0.67631  RMSD=3.2
  sample_300                               TM-score=0.60688  RMSD=3.31
  sample_31                                TM-score=0.57745  RMSD=3.99
  sample_32                                TM-score=0.68735  RMSD=3.06
  sample_33                                TM-score=0.60363  RMSD=3.88
  sample_34                                TM-score=0.49543  RMSD=3.82
  sample_35                                TM-score=0.6695  RMSD=3.55
  sample_36                                TM-score=0.74817  RMSD=2.94
  sample_37                                TM-score=0.69749  RMSD=3.25
  sample_38                                TM-score=0.6077  RMSD=3.63
  sample_39                                TM-score=0.54603  RMSD=4.1
  sample_4                                 TM-score=0.63944  RMSD=3.5
  sample_40                                TM-score=0.59708  RMSD=3.45
  sample_41                                TM-score=0.52365  RMSD=4.48
  sample_42                                TM-score=0.62736  RMSD=3.61
  sample_43                                TM-score=0.54255  RMSD=4.03
  sample_44                                TM-score=0.62597  RMSD=3.92
  sample_45                                TM-score=0.54673  RMSD=4.11
  sample_46                                TM-score=0.68323  RMSD=3.41
  sample_47                                TM-score=0.57306  RMSD=3.88
  sample_48                                TM-score=0.70529  RMSD=2.95
  sample_49                                TM-score=0.60608  RMSD=3.49
  sample_5                                 TM-score=0.59546  RMSD=3.74
  sample_50                                TM-score=0.6533  RMSD=3.6
  sample_51                                TM-score=0.35394  RMSD=4.72
  sample_52                                TM-score=0.68911  RMSD=3.21
  sample_53                                TM-score=0.61506  RMSD=3.67
  sample_54                                TM-score=0.62567  RMSD=3.79
  sample_55                                TM-score=0.65258  RMSD=3.25
  sample_56                                TM-score=0.6728  RMSD=3.27
  sample_57                                TM-score=0.69132  RMSD=3.45
  sample_58                                TM-score=0.73625  RMSD=2.91
  sample_59                                TM-score=0.61123  RMSD=3.87
  sample_6                                 TM-score=0.68602  RMSD=3.34
  sample_60                                TM-score=0.74162  RMSD=2.94
  sample_61                                TM-score=0.25504  RMSD=3.86
  sample_62                                TM-score=0.61327  RMSD=4.3
  sample_63                                TM-score=0.57197  RMSD=3.87
  sample_64                                TM-score=0.72084  RMSD=2.92
  sample_65                                TM-score=0.75059  RMSD=2.66
  sample_66                                TM-score=0.53417  RMSD=4.29
  sample_67                                TM-score=0.67538  RMSD=3.27
  sample_68                                TM-score=0.63347  RMSD=3.6
  sample_69                                TM-score=0.67234  RMSD=3.51
  sample_7                                 TM-score=0.71229  RMSD=3.06
  sample_70                                TM-score=0.56413  RMSD=3.84
  sample_71                                TM-score=0.72028  RMSD=2.97
  sample_72                                TM-score=0.64325  RMSD=3.06
  sample_73                                TM-score=0.54832  RMSD=4.15
  sample_74                                TM-score=0.74371  RMSD=2.57
  sample_75                                TM-score=0.60947  RMSD=3.52
  sample_76                                TM-score=0.66725  RMSD=3.05
  sample_77                                TM-score=0.67459  RMSD=3.37
  sample_78                                TM-score=0.53051  RMSD=4.02
  sample_79                                TM-score=0.70151  RMSD=3.15
  sample_8                                 TM-score=0.67287  RMSD=3.34
  sample_80                                TM-score=0.72694  RMSD=2.61
  sample_81                                TM-score=0.60741  RMSD=3.7
  sample_82                                TM-score=0.66074  RMSD=3.49
  sample_83                                TM-score=0.663  RMSD=3.39
  sample_84                                TM-score=0.74836  RMSD=2.58
  sample_85                                TM-score=0.60218  RMSD=3.91
  sample_86                                TM-score=0.74485  RMSD=2.79
  sample_87                                TM-score=0.53958  RMSD=4.17
  sample_88                                TM-score=0.65142  RMSD=3.56
  sample_89                                TM-score=0.40644  RMSD=3.95
  sample_9                                 TM-score=0.57867  RMSD=3.97
  sample_90                                TM-score=0.5427  RMSD=3.29
  sample_91                                TM-score=0.58074  RMSD=4.07
  sample_92                                TM-score=0.75455  RMSD=2.6
  sample_93                                TM-score=0.66209  RMSD=3.6
  sample_94                                TM-score=0.62755  RMSD=3.38
  sample_95                                TM-score=0.64992  RMSD=3.55
  sample_96                                TM-score=0.6489  RMSD=3.63
  sample_97                                TM-score=0.63623  RMSD=3.51
  sample_98                                TM-score=0.58079  RMSD=3.53
  sample_99                                TM-score=0.6656  RMSD=3.27
已写入 L11design/data/exp3/ligand_q12//tm.csv
  sample_1                                 TM-score=0.73913  RMSD=2.87
  sample_10                                TM-score=0.24159  RMSD=4.81
  sample_100                               TM-score=0.62829  RMSD=3.59
  sample_101                               TM-score=0.70917  RMSD=2.9
  sample_102                               TM-score=0.73896  RMSD=2.75
  sample_103                               TM-score=0.57072  RMSD=3.86
  sample_104                               TM-score=0.69289  RMSD=3.14
  sample_105                               TM-score=0.69494  RMSD=3.23
  sample_106                               TM-score=0.60986  RMSD=3.74
  sample_107                               TM-score=0.47452  RMSD=4.13
  sample_108                               TM-score=0.59798  RMSD=3.89
  sample_109                               TM-score=0.58579  RMSD=4.04
  sample_11                                TM-score=0.58587  RMSD=4.2
  sample_110                               TM-score=0.71899  RMSD=3.06
  sample_111                               TM-score=0.62593  RMSD=3.68
  sample_112                               TM-score=0.55745  RMSD=3.67
  sample_113                               TM-score=0.63593  RMSD=3.35
  sample_114                               TM-score=0.69662  RMSD=3.1
  sample_115                               TM-score=0.69267  RMSD=3.37
  sample_116                               TM-score=0.56202  RMSD=2.96
  sample_117                               TM-score=0.55382  RMSD=4.13
  sample_118                               TM-score=0.5535  RMSD=4.18
  sample_119                               TM-score=0.70035  RMSD=3.23
  sample_12                                TM-score=0.52642  RMSD=4.07
  sample_120                               TM-score=0.74236  RMSD=2.76
  sample_121                               TM-score=0.24157  RMSD=5.49
  sample_122                               TM-score=0.69592  RMSD=3.18
  sample_123                               TM-score=0.56967  RMSD=4.07
  sample_124                               TM-score=0.70392  RMSD=3.06
  sample_125                               TM-score=0.53231  RMSD=4.04
  sample_126                               TM-score=0.71139  RMSD=3.08
  sample_127                               TM-score=0.66564  RMSD=3.31
  sample_128                               TM-score=0.21892  RMSD=5.16
  sample_129                               TM-score=0.70109  RMSD=3.19
  sample_13                                TM-score=0.75083  RMSD=2.62
  sample_130                               TM-score=0.62422  RMSD=3.61
  sample_131                               TM-score=0.70492  RMSD=3.1
  sample_132                               TM-score=0.70886  RMSD=3.09
  sample_133                               TM-score=0.68184  RMSD=3.28
  sample_134                               TM-score=0.65378  RMSD=3.44
  sample_135                               TM-score=0.69588  RMSD=3.3
  sample_136                               TM-score=0.24365  RMSD=5.43
  sample_137                               TM-score=0.50975  RMSD=3.44
  sample_138                               TM-score=0.29154  RMSD=4.37
  sample_139                               TM-score=0.68619  RMSD=3.13
  sample_14                                TM-score=0.53418  RMSD=3.18
  sample_140                               TM-score=0.60317  RMSD=3.63
  sample_141                               TM-score=0.67728  RMSD=3.26
  sample_142                               TM-score=0.62527  RMSD=3.52
  sample_143                               TM-score=0.69947  RMSD=3.26
  sample_144                               TM-score=0.56963  RMSD=3.55
  sample_145                               TM-score=0.68592  RMSD=3.24
  sample_146                               TM-score=0.75931  RMSD=2.58
  sample_147                               TM-score=0.56187  RMSD=3.87
  sample_148                               TM-score=0.56185  RMSD=4.18
  sample_149                               TM-score=0.5872  RMSD=3.76
  sample_15                                TM-score=0.64523  RMSD=3.44
  sample_150                               TM-score=0.64381  RMSD=3.57
  sample_151                               TM-score=0.60783  RMSD=3.93
  sample_152                               TM-score=0.28842  RMSD=5.02
  sample_153                               TM-score=0.57538  RMSD=4.09
  sample_154                               TM-score=0.58504  RMSD=3.85
  sample_155                               TM-score=0.48816  RMSD=3.45
  sample_156                               TM-score=0.42652  RMSD=4.43
  sample_157                               TM-score=0.61605  RMSD=3.35
  sample_158                               TM-score=0.67141  RMSD=3.44
  sample_159                               TM-score=0.41786  RMSD=4.09
  sample_16                                TM-score=0.5957  RMSD=3.76
  sample_160                               TM-score=0.70927  RMSD=2.85
  sample_161                               TM-score=0.66171  RMSD=3.4
  sample_162                               TM-score=0.72992  RMSD=3.03
  sample_163                               TM-score=0.50127  RMSD=4.3
  sample_164                               TM-score=0.68435  RMSD=3.16
  sample_165                               TM-score=0.27627  RMSD=4.93
  sample_166                               TM-score=0.52178  RMSD=3.69
  sample_167                               TM-score=0.66535  RMSD=3.37
  sample_168                               TM-score=0.63261  RMSD=3.69
  sample_169                               TM-score=0.69589  RMSD=2.99
  sample_17                                TM-score=0.72334  RMSD=2.97
  sample_170                               TM-score=0.61507  RMSD=3.76
  sample_171                               TM-score=0.62015  RMSD=4.06
  sample_172                               TM-score=0.68515  RMSD=3.22
  sample_173                               TM-score=0.75463  RMSD=2.61
  sample_174                               TM-score=0.68839  RMSD=3.3
  sample_175                               TM-score=0.3047  RMSD=4.64
  sample_176                               TM-score=0.29448  RMSD=4.25
  sample_177                               TM-score=0.60634  RMSD=3.91
  sample_178                               TM-score=0.66469  RMSD=3.25
  sample_179                               TM-score=0.2985  RMSD=4.69
  sample_18                                TM-score=0.69709  RMSD=3.46
  sample_180                               TM-score=0.62195  RMSD=3.84
  sample_181                               TM-score=0.61036  RMSD=3.76
  sample_182                               TM-score=0.67431  RMSD=3.54
  sample_183                               TM-score=0.59621  RMSD=3.87
  sample_184                               TM-score=0.60077  RMSD=3.78
  sample_185                               TM-score=0.25711  RMSD=5.68
  sample_186                               TM-score=0.65544  RMSD=3.29
  sample_187                               TM-score=0.65243  RMSD=3.25
  sample_188                               TM-score=0.24833  RMSD=5.18
  sample_189                               TM-score=0.6383  RMSD=3.46
  sample_19                                TM-score=0.55863  RMSD=3.88
  sample_190                               TM-score=0.70523  RMSD=3.12
  sample_191                               TM-score=0.64712  RMSD=3.51
  sample_192                               TM-score=0.64356  RMSD=3.46
  sample_193                               TM-score=0.71257  RMSD=2.91
  sample_194                               TM-score=0.65625  RMSD=3.52
  sample_195                               TM-score=0.54837  RMSD=3.37
  sample_196                               TM-score=0.56713  RMSD=3.21
  sample_197                               TM-score=0.68393  RMSD=3.3
  sample_198                               TM-score=0.59327  RMSD=3.9
  sample_199                               TM-score=0.57862  RMSD=4.13
  sample_2                                 TM-score=0.55745  RMSD=4.03
  sample_20                                TM-score=0.62591  RMSD=3.76
  sample_200                               TM-score=0.24047  RMSD=4.6
  sample_201                               TM-score=0.57199  RMSD=3.73
  sample_202                               TM-score=0.70281  RMSD=3.13
  sample_203                               TM-score=0.24315  RMSD=5.33
  sample_204                               TM-score=0.66441  RMSD=3.33
  sample_205                               TM-score=0.56715  RMSD=3.78
  sample_206                               TM-score=0.72382  RMSD=2.79
  sample_207                               TM-score=0.248  RMSD=4.61
  sample_208                               TM-score=0.66019  RMSD=3.27
  sample_209                               TM-score=0.5182  RMSD=3.71
  sample_21                                TM-score=0.53963  RMSD=3.97
  sample_210                               TM-score=0.62239  RMSD=3.87
  sample_211                               TM-score=0.59662  RMSD=3.7
  sample_212                               TM-score=0.58546  RMSD=3.98
  sample_213                               TM-score=0.66477  RMSD=3.19
  sample_214                               TM-score=0.58895  RMSD=3.8
  sample_215                               TM-score=0.66769  RMSD=3.59
  sample_216                               TM-score=0.58584  RMSD=3.71
  sample_217                               TM-score=0.65775  RMSD=3.23
  sample_218                               TM-score=0.59812  RMSD=3.86
  sample_219                               TM-score=0.57568  RMSD=3.94
  sample_22                                TM-score=0.55819  RMSD=3.23
  sample_220                               TM-score=0.636  RMSD=3.69
  sample_221                               TM-score=0.61667  RMSD=3.62
  sample_222                               TM-score=0.50825  RMSD=3.38
  sample_223                               TM-score=0.6219  RMSD=3.82
  sample_224                               TM-score=0.26145  RMSD=4.53
  sample_225                               TM-score=0.54919  RMSD=3.99
  sample_226                               TM-score=0.26313  RMSD=5.6
  sample_227                               TM-score=0.25044  RMSD=4.23
  sample_228                               TM-score=0.62204  RMSD=3.49
  sample_229                               TM-score=0.5618  RMSD=3.95
  sample_23                                TM-score=0.72298  RMSD=3.12
  sample_230                               TM-score=0.63859  RMSD=3.49
  sample_231                               TM-score=0.66611  RMSD=3.14
  sample_232                               TM-score=0.55681  RMSD=3.22
  sample_233                               TM-score=0.67612  RMSD=3.28
  sample_234                               TM-score=0.63947  RMSD=3.79
  sample_235                               TM-score=0.54104  RMSD=3.37
  sample_236                               TM-score=0.70144  RMSD=3.09
  sample_237                               TM-score=0.63919  RMSD=3.47
  sample_238                               TM-score=0.61493  RMSD=3.89
  sample_239                               TM-score=0.61144  RMSD=3.84
  sample_24                                TM-score=0.6323  RMSD=3.45
  sample_240                               TM-score=0.59238  RMSD=4.02
  sample_241                               TM-score=0.5838  RMSD=3.85
  sample_242                               TM-score=0.51606  RMSD=3.6
  sample_243                               TM-score=0.67651  RMSD=3.29
  sample_244                               TM-score=0.55639  RMSD=3.62
  sample_245                               TM-score=0.26949  RMSD=5.19
  sample_246                               TM-score=0.57223  RMSD=4.08
  sample_247                               TM-score=0.57402  RMSD=4.22
  sample_248                               TM-score=0.57843  RMSD=3.22
  sample_249                               TM-score=0.59317  RMSD=3.97
  sample_25                                TM-score=0.66036  RMSD=3.22
  sample_250                               TM-score=0.24076  RMSD=4.49
  sample_251                               TM-score=0.64147  RMSD=3.45
  sample_252                               TM-score=0.2567  RMSD=5.21
  sample_253                               TM-score=0.54368  RMSD=3.33
  sample_254                               TM-score=0.46595  RMSD=3.59
  sample_255                               TM-score=0.53379  RMSD=4.16
  sample_256                               TM-score=0.55307  RMSD=3.89
  sample_257                               TM-score=0.67255  RMSD=3.2
  sample_258                               TM-score=0.63606  RMSD=3.5
  sample_259                               TM-score=0.27197  RMSD=4.81
  sample_26                                TM-score=0.58412  RMSD=3.65
  sample_260                               TM-score=0.55802  RMSD=3.72
  sample_261                               TM-score=0.59924  RMSD=3.75
  sample_262                               TM-score=0.58017  RMSD=3.8
  sample_263                               TM-score=0.57264  RMSD=4.11
  sample_264                               TM-score=0.44163  RMSD=4.21
  sample_265                               TM-score=0.60201  RMSD=3.88
  sample_266                               TM-score=0.24141  RMSD=5.32
  sample_267                               TM-score=0.55387  RMSD=4.02
  sample_268                               TM-score=0.608  RMSD=3.77
  sample_269                               TM-score=0.62692  RMSD=3.57
  sample_27                                TM-score=0.27564  RMSD=4.57
  sample_270                               TM-score=0.73957  RMSD=2.73
  sample_271                               TM-score=0.51385  RMSD=3.96
  sample_272                               TM-score=0.66244  RMSD=3.5
  sample_273                               TM-score=0.53655  RMSD=3.99
  sample_274                               TM-score=0.59719  RMSD=3.61
  sample_275                               TM-score=0.60685  RMSD=3.88
  sample_276                               TM-score=0.66279  RMSD=3.41
  sample_277                               TM-score=0.71798  RMSD=2.87
  sample_278                               TM-score=0.52874  RMSD=4.36
  sample_279                               TM-score=0.61556  RMSD=3.67
  sample_28                                TM-score=0.54867  RMSD=3.35
  sample_280                               TM-score=0.58571  RMSD=3.86
  sample_281                               TM-score=0.28731  RMSD=5.2
  sample_282                               TM-score=0.58954  RMSD=3.83
  sample_283                               TM-score=0.4817  RMSD=3.41
  sample_284                               TM-score=0.76253  RMSD=2.73
  sample_285                               TM-score=0.65815  RMSD=3.68
  sample_286                               TM-score=0.67086  RMSD=3.48
  sample_287                               TM-score=0.73075  RMSD=2.89
  sample_288                               TM-score=0.65693  RMSD=3.75
  sample_289                               TM-score=0.64737  RMSD=3.39
  sample_29                                TM-score=0.4983  RMSD=4.44
  sample_290                               TM-score=0.62722  RMSD=3.73
  sample_291                               TM-score=0.60582  RMSD=3.63
  sample_292                               TM-score=0.57484  RMSD=4.02
  sample_293                               TM-score=0.66152  RMSD=3.26
  sample_294                               TM-score=0.69528  RMSD=3.08
  sample_295                               TM-score=0.66371  RMSD=3.55
  sample_296                               TM-score=0.60235  RMSD=3.96
  sample_297                               TM-score=0.54133  RMSD=4.12
  sample_298                               TM-score=0.58992  RMSD=3.95
  sample_299                               TM-score=0.58235  RMSD=4.21
  sample_3                                 TM-score=0.61284  RMSD=3.08
  sample_30                                TM-score=0.52896  RMSD=4.0
  sample_300                               TM-score=0.23024  RMSD=5.15
  sample_31                                TM-score=0.51955  RMSD=3.78
  sample_32                                TM-score=0.61837  RMSD=3.71
  sample_33                                TM-score=0.52799  RMSD=3.98
  sample_34                                TM-score=0.58107  RMSD=4.01
  sample_35                                TM-score=0.53239  RMSD=3.97
  sample_36                                TM-score=0.53438  RMSD=4.12
  sample_37                                TM-score=0.7297  RMSD=2.67
  sample_38                                TM-score=0.68233  RMSD=3.07
  sample_39                                TM-score=0.52154  RMSD=4.59
  sample_4                                 TM-score=0.5343  RMSD=3.9
  sample_40                                TM-score=0.64631  RMSD=3.61
  sample_41                                TM-score=0.55249  RMSD=3.83
  sample_42                                TM-score=0.72485  RMSD=2.77
  sample_43                                TM-score=0.55623  RMSD=3.77
  sample_44                                TM-score=0.49747  RMSD=3.71
  sample_45                                TM-score=0.61672  RMSD=3.93
  sample_46                                TM-score=0.56422  RMSD=4.14
  sample_47                                TM-score=0.5328  RMSD=3.47
  sample_48                                TM-score=0.62235  RMSD=4.01
  sample_49                                TM-score=0.54378  RMSD=3.91
  sample_5                                 TM-score=0.64475  RMSD=3.37
  sample_50                                TM-score=0.60091  RMSD=3.85
  sample_51                                TM-score=0.49499  RMSD=3.55
  sample_52                                TM-score=0.71295  RMSD=3.07
  sample_53                                TM-score=0.68868  RMSD=3.24
  sample_54                                TM-score=0.65424  RMSD=3.27
  sample_55                                TM-score=0.602  RMSD=3.88
  sample_56                                TM-score=0.56067  RMSD=3.95
  sample_57                                TM-score=0.29057  RMSD=5.09
  sample_58                                TM-score=0.69238  RMSD=3.27
  sample_59                                TM-score=0.76705  RMSD=2.58
  sample_6                                 TM-score=0.65732  RMSD=3.26
  sample_60                                TM-score=0.65076  RMSD=3.5
  sample_61                                TM-score=0.58411  RMSD=3.82
  sample_62                                TM-score=0.70198  RMSD=3.22
  sample_63                                TM-score=0.60905  RMSD=3.45
  sample_64                                TM-score=0.78196  RMSD=2.46
  sample_65                                TM-score=0.70684  RMSD=3.36
  sample_66                                TM-score=0.61711  RMSD=3.81
  sample_67                                TM-score=0.51546  RMSD=4.03
  sample_68                                TM-score=0.6953  RMSD=3.28
  sample_69                                TM-score=0.7276  RMSD=2.86
  sample_7                                 TM-score=0.58975  RMSD=3.74
  sample_70                                TM-score=0.5848  RMSD=3.34
  sample_71                                TM-score=0.75248  RMSD=2.79
  sample_72                                TM-score=0.57612  RMSD=3.93
  sample_73                                TM-score=0.50208  RMSD=4.52
  sample_74                                TM-score=0.62574  RMSD=3.8
  sample_75                                TM-score=0.53764  RMSD=4.02
  sample_76                                TM-score=0.71667  RMSD=2.95
  sample_77                                TM-score=0.62708  RMSD=3.58
  sample_78                                TM-score=0.52392  RMSD=4.29
  sample_79                                TM-score=0.64212  RMSD=3.54
  sample_8                                 TM-score=0.61666  RMSD=3.72
  sample_80                                TM-score=0.21361  RMSD=5.26
  sample_81                                TM-score=0.23685  RMSD=5.61
  sample_82                                TM-score=0.53998  RMSD=3.39
  sample_83                                TM-score=0.58985  RMSD=4.02
  sample_84                                TM-score=0.58645  RMSD=4.12
  sample_85                                TM-score=0.69983  RMSD=2.94
  sample_86                                TM-score=0.55916  RMSD=4.2
  sample_87                                TM-score=0.73561  RMSD=3.1
  sample_88                                TM-score=0.71111  RMSD=3.08
  sample_89                                TM-score=0.5801  RMSD=3.85
  sample_9                                 TM-score=0.56642  RMSD=3.92
  sample_90                                TM-score=0.72181  RMSD=2.84
  sample_91                                TM-score=0.65781  RMSD=3.64
  sample_92                                TM-score=0.26588  RMSD=5.42
  sample_93                                TM-score=0.60482  RMSD=3.63
  sample_94                                TM-score=0.56912  RMSD=4.1
  sample_95                                TM-score=0.56716  RMSD=4.22
  sample_96                                TM-score=0.67783  RMSD=3.4
  sample_97                                TM-score=0.7169  RMSD=2.88
  sample_98                                TM-score=0.66198  RMSD=3.4
  sample_99                                TM-score=0.64198  RMSD=3.46
已写入 L11design/data/exp3/ligand_q6.87//tm.csv
  sample_1                                 TM-score=0.69985  RMSD=3.14
  sample_10                                TM-score=0.59718  RMSD=3.81
  sample_100                               TM-score=0.63032  RMSD=3.8
  sample_101                               TM-score=0.55603  RMSD=4.26
  sample_102                               TM-score=0.56905  RMSD=4.07
  sample_103                               TM-score=0.70851  RMSD=2.95
  sample_104                               TM-score=0.53725  RMSD=4.23
  sample_105                               TM-score=0.57058  RMSD=4.02
  sample_106                               TM-score=0.63997  RMSD=3.61
  sample_107                               TM-score=0.62834  RMSD=3.66
  sample_108                               TM-score=0.68188  RMSD=3.22
  sample_109                               TM-score=0.57576  RMSD=3.85
  sample_11                                TM-score=0.60433  RMSD=3.92
  sample_110                               TM-score=0.26476  RMSD=5.02
  sample_111                               TM-score=0.26205  RMSD=4.65
  sample_112                               TM-score=0.67138  RMSD=3.33
  sample_113                               TM-score=0.26777  RMSD=5.04
  sample_114                               TM-score=0.68058  RMSD=3.13
  sample_115                               TM-score=0.68749  RMSD=3.33
  sample_116                               TM-score=0.72616  RMSD=3.04
  sample_117                               TM-score=0.68073  RMSD=3.15
  sample_118                               TM-score=0.60543  RMSD=3.32
  sample_119                               TM-score=0.70448  RMSD=3.1
  sample_12                                TM-score=0.56097  RMSD=3.59
  sample_120                               TM-score=0.62914  RMSD=3.72
  sample_121                               TM-score=0.25491  RMSD=5.04
  sample_122                               TM-score=0.52743  RMSD=3.97
  sample_123                               TM-score=0.63806  RMSD=3.41
  sample_124                               TM-score=0.65918  RMSD=3.45
  sample_125                               TM-score=0.67848  RMSD=3.19
  sample_126                               TM-score=0.5645  RMSD=3.67
  sample_127                               TM-score=0.63023  RMSD=3.48
  sample_128                               TM-score=0.58599  RMSD=3.4
  sample_129                               TM-score=0.69774  RMSD=3.08
  sample_13                                TM-score=0.70346  RMSD=2.95
  sample_130                               TM-score=0.35335  RMSD=4.53
  sample_131                               TM-score=0.59172  RMSD=3.86
  sample_132                               TM-score=0.49143  RMSD=3.83
  sample_133                               TM-score=0.58648  RMSD=3.72
  sample_134                               TM-score=0.23686  RMSD=5.27
  sample_135                               TM-score=0.69783  RMSD=3.05
  sample_136                               TM-score=0.71468  RMSD=2.9
  sample_137                               TM-score=0.7245  RMSD=2.87
  sample_138                               TM-score=0.62369  RMSD=3.64
  sample_139                               TM-score=0.68015  RMSD=3.02
  sample_14                                TM-score=0.73045  RMSD=2.92
  sample_140                               TM-score=0.65874  RMSD=3.38
  sample_141                               TM-score=0.58633  RMSD=4.13
  sample_142                               TM-score=0.66371  RMSD=3.31
  sample_143                               TM-score=0.73676  RMSD=2.79
  sample_144                               TM-score=0.65642  RMSD=3.05
  sample_145                               TM-score=0.54699  RMSD=4.02
  sample_146                               TM-score=0.55306  RMSD=3.62
  sample_147                               TM-score=0.69453  RMSD=3.0
  sample_148                               TM-score=0.63729  RMSD=3.44
  sample_149                               TM-score=0.61587  RMSD=3.75
  sample_15                                TM-score=0.59367  RMSD=3.68
  sample_150                               TM-score=0.66413  RMSD=3.57
  sample_151                               TM-score=0.60285  RMSD=3.87
  sample_152                               TM-score=0.64693  RMSD=3.62
  sample_153                               TM-score=0.70689  RMSD=2.78
  sample_154                               TM-score=0.71572  RMSD=2.94
  sample_155                               TM-score=0.48351  RMSD=4.42
  sample_156                               TM-score=0.56955  RMSD=3.48
  sample_157                               TM-score=0.61152  RMSD=3.77
  sample_158                               TM-score=0.70401  RMSD=3.1
  sample_159                               TM-score=0.6024  RMSD=3.74
  sample_16                                TM-score=0.70685  RMSD=3.16
  sample_160                               TM-score=0.61704  RMSD=3.74
  sample_161                               TM-score=0.73028  RMSD=3.08
  sample_162                               TM-score=0.55461  RMSD=4.05
  sample_163                               TM-score=0.60131  RMSD=3.81
  sample_164                               TM-score=0.59046  RMSD=3.85
  sample_165                               TM-score=0.57937  RMSD=3.59
  sample_166                               TM-score=0.75555  RMSD=2.72
  sample_167                               TM-score=0.75933  RMSD=2.63
  sample_168                               TM-score=0.74005  RMSD=2.88
  sample_169                               TM-score=0.70498  RMSD=2.58
  sample_17                                TM-score=0.59493  RMSD=3.97
  sample_170                               TM-score=0.60489  RMSD=3.73
  sample_171                               TM-score=0.51189  RMSD=3.83
  sample_172                               TM-score=0.547  RMSD=3.28
  sample_173                               TM-score=0.51059  RMSD=3.61
  sample_174                               TM-score=0.67251  RMSD=3.07
  sample_175                               TM-score=0.67098  RMSD=3.39
  sample_176                               TM-score=0.63358  RMSD=3.53
  sample_177                               TM-score=0.26465  RMSD=5.38
  sample_178                               TM-score=0.549  RMSD=3.82
  sample_179                               TM-score=0.53745  RMSD=3.17
  sample_18                                TM-score=0.67596  RMSD=3.12
  sample_180                               TM-score=0.69349  RMSD=3.22
  sample_181                               TM-score=0.66662  RMSD=3.02
  sample_182                               TM-score=0.20743  RMSD=4.59
  sample_183                               TM-score=0.66228  RMSD=2.85
  sample_184                               TM-score=0.53898  RMSD=3.5
  sample_185                               TM-score=0.67555  RMSD=3.18
  sample_186                               TM-score=0.6919  RMSD=2.95
  sample_187                               TM-score=0.66252  RMSD=3.5
  sample_188                               TM-score=0.50237  RMSD=3.89
  sample_189                               TM-score=0.62203  RMSD=3.62
  sample_19                                TM-score=0.56017  RMSD=3.25
  sample_190                               TM-score=0.67011  RMSD=3.43
  sample_191                               TM-score=0.62849  RMSD=3.67
  sample_192                               TM-score=0.67341  RMSD=3.37
  sample_193                               TM-score=0.59113  RMSD=3.77
  sample_194                               TM-score=0.66935  RMSD=3.44
  sample_195                               TM-score=0.76786  RMSD=2.77
  sample_196                               TM-score=0.68399  RMSD=3.12
  sample_197                               TM-score=0.65196  RMSD=3.61
  sample_198                               TM-score=0.6473  RMSD=3.55
  sample_199                               TM-score=0.54673  RMSD=4.12
  sample_2                                 TM-score=0.23301  RMSD=4.78
  sample_20                                TM-score=0.71663  RMSD=2.93
  sample_200                               TM-score=0.55016  RMSD=3.81
  sample_201                               TM-score=0.71778  RMSD=2.74
  sample_202                               TM-score=0.533  RMSD=3.46
  sample_203                               TM-score=0.55258  RMSD=3.32
  sample_204                               TM-score=0.53077  RMSD=4.37
  sample_205                               TM-score=0.77741  RMSD=2.63
  sample_206                               TM-score=0.71358  RMSD=2.99
  sample_207                               TM-score=0.24076  RMSD=5.0
  sample_208                               TM-score=0.61594  RMSD=3.73
  sample_209                               TM-score=0.72306  RMSD=2.96
  sample_21                                TM-score=0.66089  RMSD=3.24
  sample_210                               TM-score=0.65999  RMSD=3.43
  sample_211                               TM-score=0.26267  RMSD=4.93
  sample_212                               TM-score=0.56233  RMSD=4.05
  sample_213                               TM-score=0.65226  RMSD=3.59
  sample_214                               TM-score=0.51824  RMSD=4.09
  sample_215                               TM-score=0.59926  RMSD=3.53
  sample_216                               TM-score=0.71016  RMSD=3.18
  sample_217                               TM-score=0.57764  RMSD=4.11
  sample_218                               TM-score=0.72704  RMSD=2.97
  sample_219                               TM-score=0.66144  RMSD=3.03
  sample_22                                TM-score=0.68108  RMSD=3.0
  sample_220                               TM-score=0.63468  RMSD=3.53
  sample_221                               TM-score=0.70745  RMSD=3.09
  sample_222                               TM-score=0.55275  RMSD=3.92
  sample_223                               TM-score=0.55938  RMSD=4.04
  sample_224                               TM-score=0.63066  RMSD=3.7
  sample_225                               TM-score=0.62874  RMSD=3.85
  sample_226                               TM-score=0.69948  RMSD=3.03
  sample_227                               TM-score=0.57752  RMSD=3.75
  sample_228                               TM-score=0.60445  RMSD=3.73
  sample_229                               TM-score=0.74177  RMSD=2.71
  sample_23                                TM-score=0.6877  RMSD=3.18
  sample_230                               TM-score=0.71573  RMSD=3.03
  sample_231                               TM-score=0.72404  RMSD=3.07
  sample_232                               TM-score=0.30323  RMSD=5.16
  sample_233                               TM-score=0.6214  RMSD=3.77
  sample_234                               TM-score=0.62152  RMSD=3.63
  sample_235                               TM-score=0.69392  RMSD=3.12
  sample_236                               TM-score=0.247  RMSD=5.21
  sample_237                               TM-score=0.70276  RMSD=3.01
  sample_238                               TM-score=0.75008  RMSD=2.6
  sample_239                               TM-score=0.50977  RMSD=3.89
  sample_24                                TM-score=0.5689  RMSD=3.9
  sample_240                               TM-score=0.61472  RMSD=3.4
  sample_241                               TM-score=0.54512  RMSD=3.37
  sample_242                               TM-score=0.57235  RMSD=3.71
  sample_243                               TM-score=0.64088  RMSD=3.66
  sample_244                               TM-score=0.56825  RMSD=4.36
  sample_245                               TM-score=0.56952  RMSD=3.44
  sample_246                               TM-score=0.52587  RMSD=4.3
  sample_247                               TM-score=0.59306  RMSD=3.57
  sample_248                               TM-score=0.63613  RMSD=3.56
  sample_249                               TM-score=0.63187  RMSD=3.55
  sample_25                                TM-score=0.25653  RMSD=4.5
  sample_250                               TM-score=0.73256  RMSD=2.88
  sample_251                               TM-score=0.52617  RMSD=3.72
  sample_252                               TM-score=0.63602  RMSD=3.78
  sample_253                               TM-score=0.21567  RMSD=5.37
  sample_254                               TM-score=0.66913  RMSD=3.39
  sample_255                               TM-score=0.63392  RMSD=3.6
  sample_256                               TM-score=0.70029  RMSD=3.0
  sample_257                               TM-score=0.66884  RMSD=3.25
  sample_258                               TM-score=0.66665  RMSD=3.51
  sample_259                               TM-score=0.62605  RMSD=3.52
  sample_26                                TM-score=0.76286  RMSD=2.58
  sample_260                               TM-score=0.70691  RMSD=3.02
  sample_261                               TM-score=0.56937  RMSD=3.99
  sample_262                               TM-score=0.62137  RMSD=3.78
  sample_263                               TM-score=0.6852  RMSD=3.29
  sample_264                               TM-score=0.67076  RMSD=3.26
  sample_265                               TM-score=0.25402  RMSD=5.06
  sample_266                               TM-score=0.51776  RMSD=4.23
  sample_267                               TM-score=0.31335  RMSD=4.74
  sample_268                               TM-score=0.62214  RMSD=3.78
  sample_269                               TM-score=0.60445  RMSD=3.45
  sample_27                                TM-score=0.23976  RMSD=5.12
  sample_270                               TM-score=0.71505  RMSD=3.02
  sample_271                               TM-score=0.2708  RMSD=4.48
  sample_272                               TM-score=0.73364  RMSD=2.71
  sample_273                               TM-score=0.64456  RMSD=3.53
  sample_274                               TM-score=0.59678  RMSD=4.02
  sample_275                               TM-score=0.65318  RMSD=3.48
  sample_276                               TM-score=0.61936  RMSD=3.75
  sample_277                               TM-score=0.50111  RMSD=3.94
  sample_278                               TM-score=0.67308  RMSD=3.29
  sample_279                               TM-score=0.70755  RMSD=3.25
  sample_28                                TM-score=0.64231  RMSD=2.81
  sample_280                               TM-score=0.54817  RMSD=3.85
  sample_281                               TM-score=0.60638  RMSD=3.9
  sample_282                               TM-score=0.5317  RMSD=3.6
  sample_283                               TM-score=0.72406  RMSD=2.87
  sample_284                               TM-score=0.57807  RMSD=4.14
  sample_285                               TM-score=0.57313  RMSD=3.54
  sample_286                               TM-score=0.63665  RMSD=3.57
  sample_287                               TM-score=0.5651  RMSD=3.54
  sample_288                               TM-score=0.53852  RMSD=4.08
  sample_289                               TM-score=0.67628  RMSD=3.33
  sample_29                                TM-score=0.58775  RMSD=3.74
  sample_290                               TM-score=0.63427  RMSD=3.46
  sample_291                               TM-score=0.60448  RMSD=3.76
  sample_292                               TM-score=0.74674  RMSD=2.63
  sample_293                               TM-score=0.67768  RMSD=3.28
  sample_294                               TM-score=0.51549  RMSD=3.8
  sample_295                               TM-score=0.68384  RMSD=3.14
  sample_296                               TM-score=0.74529  RMSD=3.01
  sample_297                               TM-score=0.54028  RMSD=3.13
  sample_298                               TM-score=0.71362  RMSD=2.99
  sample_299                               TM-score=0.59518  RMSD=4.01
  sample_3                                 TM-score=0.65249  RMSD=3.33
  sample_30                                TM-score=0.55207  RMSD=4.18
  sample_300                               TM-score=0.61342  RMSD=3.91
  sample_31                                TM-score=0.60832  RMSD=3.56
  sample_32                                TM-score=0.58398  RMSD=3.01
  sample_33                                TM-score=0.62662  RMSD=3.02
  sample_34                                TM-score=0.21336  RMSD=5.36
  sample_35                                TM-score=0.67819  RMSD=3.34
  sample_36                                TM-score=0.58494  RMSD=3.99
  sample_37                                TM-score=0.64997  RMSD=3.49
  sample_38                                TM-score=0.69367  RMSD=3.18
  sample_39                                TM-score=0.71293  RMSD=2.73
  sample_4                                 TM-score=0.54809  RMSD=3.36
  sample_40                                TM-score=0.67831  RMSD=3.23
  sample_41                                TM-score=0.53636  RMSD=4.53
  sample_42                                TM-score=0.64292  RMSD=3.5
  sample_43                                TM-score=0.6188  RMSD=3.64
  sample_44                                TM-score=0.57118  RMSD=3.19
  sample_45                                TM-score=0.46282  RMSD=4.36
  sample_46                                TM-score=0.62662  RMSD=3.66
  sample_47                                TM-score=0.63059  RMSD=3.73
  sample_48                                TM-score=0.59224  RMSD=3.37
  sample_49                                TM-score=0.6339  RMSD=2.95
  sample_5                                 TM-score=0.62018  RMSD=3.75
  sample_50                                TM-score=0.76012  RMSD=2.55
  sample_51                                TM-score=0.31539  RMSD=4.29
  sample_52                                TM-score=0.64649  RMSD=3.62
  sample_53                                TM-score=0.6362  RMSD=3.27
  sample_54                                TM-score=0.64997  RMSD=3.31
  sample_55                                TM-score=0.75008  RMSD=2.59
  sample_56                                TM-score=0.56356  RMSD=3.97
  sample_57                                TM-score=0.71488  RMSD=2.71
  sample_58                                TM-score=0.58123  RMSD=3.97
  sample_59                                TM-score=0.61516  RMSD=3.6
  sample_6                                 TM-score=0.6481  RMSD=3.37
  sample_60                                TM-score=0.63655  RMSD=3.74
  sample_61                                TM-score=0.67335  RMSD=3.15
  sample_62                                TM-score=0.26476  RMSD=4.59
  sample_63                                TM-score=0.59744  RMSD=3.75
  sample_64                                TM-score=0.73964  RMSD=2.9
  sample_65                                TM-score=0.75125  RMSD=2.69
  sample_66                                TM-score=0.61912  RMSD=3.84
  sample_67                                TM-score=0.6071  RMSD=3.83
  sample_68                                TM-score=0.56714  RMSD=4.06
  sample_69                                TM-score=0.51635  RMSD=3.58
  sample_7                                 TM-score=0.71753  RMSD=3.01
  sample_70                                TM-score=0.68001  RMSD=3.22
  sample_71                                TM-score=0.24369  RMSD=4.66
  sample_72                                TM-score=0.53462  RMSD=4.22
  sample_73                                TM-score=0.56384  RMSD=3.82
  sample_74                                TM-score=0.67665  RMSD=3.29
  sample_75                                TM-score=0.65993  RMSD=3.27
  sample_76                                TM-score=0.62186  RMSD=3.67
  sample_77                                TM-score=0.50071  RMSD=4.24
  sample_78                                TM-score=0.57098  RMSD=3.76
  sample_79                                TM-score=0.52786  RMSD=4.56
  sample_8                                 TM-score=0.33387  RMSD=5.14
  sample_80                                TM-score=0.70134  RMSD=3.09
  sample_81                                TM-score=0.59493  RMSD=3.63
  sample_82                                TM-score=0.71773  RMSD=3.06
  sample_83                                TM-score=0.58605  RMSD=3.96
  sample_84                                TM-score=0.55726  RMSD=4.09
  sample_85                                TM-score=0.62807  RMSD=3.68
  sample_86                                TM-score=0.662  RMSD=3.07
  sample_87                                TM-score=0.77076  RMSD=2.76
  sample_88                                TM-score=0.73854  RMSD=2.8
  sample_89                                TM-score=0.60489  RMSD=3.85
  sample_9                                 TM-score=0.61685  RMSD=3.68
  sample_90                                TM-score=0.73483  RMSD=2.98
  sample_91                                TM-score=0.68959  RMSD=3.17
  sample_92                                TM-score=0.62615  RMSD=3.52
  sample_93                                TM-score=0.58682  RMSD=3.87
  sample_94                                TM-score=0.638  RMSD=3.48
  sample_95                                TM-score=0.71584  RMSD=2.93
  sample_96                                TM-score=0.54564  RMSD=4.51
  sample_97                                TM-score=0.69804  RMSD=2.9
  sample_98                                TM-score=0.48772  RMSD=4.22
  sample_99                                TM-score=0.66043  RMSD=3.44
已写入 L11design/data/exp3/ligand_q8//tm.csv
  native                                   TM-score=0.79393  RMSD=2.67
已写入 L11design/data/exp3/_native//tm.csv
  sample_1                                 TM-score=0.71406  RMSD=2.97
  sample_10                                TM-score=0.61975  RMSD=3.74
  sample_100                               TM-score=0.69239  RMSD=3.27
  sample_101                               TM-score=0.6545  RMSD=3.63
  sample_102                               TM-score=0.59914  RMSD=3.95
  sample_103                               TM-score=0.66704  RMSD=3.45
  sample_104                               TM-score=0.73836  RMSD=2.71
  sample_105                               TM-score=0.75789  RMSD=2.82
  sample_106                               TM-score=0.75825  RMSD=2.77
  sample_107                               TM-score=0.66208  RMSD=3.39
  sample_108                               TM-score=0.72814  RMSD=3.02
  sample_109                               TM-score=0.68484  RMSD=3.32
  sample_11                                TM-score=0.63826  RMSD=3.39
  sample_110                               TM-score=0.67233  RMSD=3.38
  sample_111                               TM-score=0.57055  RMSD=3.61
  sample_112                               TM-score=0.69672  RMSD=3.13
  sample_113                               TM-score=0.74109  RMSD=2.83
  sample_114                               TM-score=0.63274  RMSD=3.77
  sample_115                               TM-score=0.72514  RMSD=3.0
  sample_116                               TM-score=0.74398  RMSD=2.93
  sample_117                               TM-score=0.61463  RMSD=3.71
  sample_118                               TM-score=0.63417  RMSD=3.45
  sample_119                               TM-score=0.6745  RMSD=3.51
  sample_12                                TM-score=0.62501  RMSD=3.84
  sample_120                               TM-score=0.68935  RMSD=3.29
  sample_121                               TM-score=0.73051  RMSD=2.87
  sample_122                               TM-score=0.66725  RMSD=3.31
  sample_123                               TM-score=0.66768  RMSD=3.34
  sample_124                               TM-score=0.74102  RMSD=2.75
  sample_125                               TM-score=0.23719  RMSD=4.66
  sample_126                               TM-score=0.72846  RMSD=2.95
  sample_127                               TM-score=0.71767  RMSD=3.0
  sample_128                               TM-score=0.69784  RMSD=3.14
  sample_129                               TM-score=0.66752  RMSD=3.29
  sample_13                                TM-score=0.71528  RMSD=3.03
  sample_130                               TM-score=0.74145  RMSD=2.88
  sample_131                               TM-score=0.68809  RMSD=3.42
  sample_132                               TM-score=0.64473  RMSD=3.51
  sample_133                               TM-score=0.62217  RMSD=3.46
  sample_134                               TM-score=0.69556  RMSD=3.06
  sample_135                               TM-score=0.64097  RMSD=3.48
  sample_136                               TM-score=0.69731  RMSD=3.2
  sample_137                               TM-score=0.70338  RMSD=3.16
  sample_138                               TM-score=0.69293  RMSD=3.16
  sample_139                               TM-score=0.73808  RMSD=2.77
  sample_14                                TM-score=0.70992  RMSD=3.11
  sample_140                               TM-score=0.61794  RMSD=3.77
  sample_141                               TM-score=0.71258  RMSD=3.11
  sample_142                               TM-score=0.70911  RMSD=3.02
  sample_143                               TM-score=0.50171  RMSD=4.56
  sample_144                               TM-score=0.51708  RMSD=3.57
  sample_145                               TM-score=0.61468  RMSD=3.75
  sample_146                               TM-score=0.72128  RMSD=2.91
  sample_147                               TM-score=0.60684  RMSD=3.73
  sample_148                               TM-score=0.7545  RMSD=2.7
  sample_149                               TM-score=0.59041  RMSD=3.94
  sample_15                                TM-score=0.60995  RMSD=3.97
  sample_150                               TM-score=0.6893  RMSD=3.3
  sample_151                               TM-score=0.69774  RMSD=3.32
  sample_152                               TM-score=0.75851  RMSD=2.67
  sample_153                               TM-score=0.71181  RMSD=2.78
  sample_154                               TM-score=0.6778  RMSD=3.25
  sample_155                               TM-score=0.68759  RMSD=3.29
  sample_156                               TM-score=0.69097  RMSD=3.14
  sample_157                               TM-score=0.62736  RMSD=3.64
  sample_158                               TM-score=0.71304  RMSD=3.1
  sample_159                               TM-score=0.72632  RMSD=3.06
  sample_16                                TM-score=0.74226  RMSD=2.67
  sample_160                               TM-score=0.6624  RMSD=3.56
  sample_161                               TM-score=0.65927  RMSD=3.36
  sample_162                               TM-score=0.71357  RMSD=3.14
  sample_163                               TM-score=0.6915  RMSD=2.96
  sample_164                               TM-score=0.66571  RMSD=3.42
  sample_165                               TM-score=0.72304  RMSD=2.91
  sample_166                               TM-score=0.71284  RMSD=3.15
  sample_167                               TM-score=0.62943  RMSD=3.55
  sample_168                               TM-score=0.71874  RMSD=2.97
  sample_169                               TM-score=0.72505  RMSD=2.86
  sample_17                                TM-score=0.65244  RMSD=3.56
  sample_170                               TM-score=0.63491  RMSD=3.4
  sample_171                               TM-score=0.59703  RMSD=3.52
  sample_172                               TM-score=0.61089  RMSD=3.75
  sample_173                               TM-score=0.40511  RMSD=3.57
  sample_174                               TM-score=0.70025  RMSD=2.88
  sample_175                               TM-score=0.69598  RMSD=3.14
  sample_176                               TM-score=0.73314  RMSD=2.96
  sample_177                               TM-score=0.56409  RMSD=4.11
  sample_178                               TM-score=0.57716  RMSD=4.2
  sample_179                               TM-score=0.47511  RMSD=4.19
  sample_18                                TM-score=0.62862  RMSD=3.72
  sample_180                               TM-score=0.514  RMSD=3.72
  sample_181                               TM-score=0.75326  RMSD=2.81
  sample_182                               TM-score=0.63583  RMSD=3.55
  sample_183                               TM-score=0.62798  RMSD=3.73
  sample_184                               TM-score=0.61888  RMSD=3.7
  sample_185                               TM-score=0.74299  RMSD=2.73
  sample_186                               TM-score=0.70964  RMSD=3.08
  sample_187                               TM-score=0.70456  RMSD=2.81
  sample_188                               TM-score=0.64858  RMSD=3.56
  sample_189                               TM-score=0.74739  RMSD=2.72
  sample_19                                TM-score=0.58782  RMSD=3.73
  sample_190                               TM-score=0.66543  RMSD=3.24
  sample_191                               TM-score=0.4719  RMSD=4.34
  sample_192                               TM-score=0.71726  RMSD=2.82
  sample_193                               TM-score=0.68848  RMSD=3.21
  sample_194                               TM-score=0.67468  RMSD=3.11
  sample_195                               TM-score=0.689  RMSD=3.2
  sample_196                               TM-score=0.73894  RMSD=2.86
  sample_197                               TM-score=0.5765  RMSD=4.11
  sample_198                               TM-score=0.67543  RMSD=3.39
  sample_199                               TM-score=0.27464  RMSD=4.94
  sample_2                                 TM-score=0.64692  RMSD=3.64
  sample_20                                TM-score=0.62499  RMSD=3.79
  sample_200                               TM-score=0.64461  RMSD=3.45
  sample_201                               TM-score=0.69296  RMSD=2.93
  sample_202                               TM-score=0.61989  RMSD=3.71
  sample_203                               TM-score=0.66085  RMSD=3.25
  sample_204                               TM-score=0.49985  RMSD=3.5
  sample_205                               TM-score=0.6622  RMSD=3.3
  sample_206                               TM-score=0.6824  RMSD=3.26
  sample_207                               TM-score=0.74759  RMSD=2.72
  sample_208                               TM-score=0.78007  RMSD=2.65
  sample_209                               TM-score=0.69357  RMSD=3.03
  sample_21                                TM-score=0.35212  RMSD=4.19
  sample_210                               TM-score=0.64061  RMSD=3.46
  sample_211                               TM-score=0.63474  RMSD=3.56
  sample_212                               TM-score=0.76491  RMSD=2.75
  sample_213                               TM-score=0.66384  RMSD=3.39
  sample_214                               TM-score=0.71187  RMSD=2.91
  sample_215                               TM-score=0.68979  RMSD=3.14
  sample_216                               TM-score=0.5725  RMSD=3.85
  sample_217                               TM-score=0.63122  RMSD=3.96
  sample_218                               TM-score=0.62238  RMSD=3.81
  sample_219                               TM-score=0.60762  RMSD=3.04
  sample_22                                TM-score=0.62759  RMSD=3.0
  sample_220                               TM-score=0.70697  RMSD=2.83
  sample_221                               TM-score=0.74793  RMSD=2.5
  sample_222                               TM-score=0.63439  RMSD=3.93
  sample_223                               TM-score=0.28749  RMSD=4.19
  sample_224                               TM-score=0.67987  RMSD=3.35
  sample_225                               TM-score=0.65785  RMSD=3.66
  sample_226                               TM-score=0.72224  RMSD=3.03
  sample_227                               TM-score=0.68385  RMSD=3.4
  sample_228                               TM-score=0.63433  RMSD=3.52
  sample_229                               TM-score=0.64828  RMSD=3.37
  sample_23                                TM-score=0.60482  RMSD=3.66
  sample_230                               TM-score=0.64636  RMSD=3.59
  sample_231                               TM-score=0.67152  RMSD=3.52
  sample_232                               TM-score=0.60656  RMSD=3.81
  sample_233                               TM-score=0.74692  RMSD=2.55
  sample_234                               TM-score=0.72503  RMSD=2.95
  sample_235                               TM-score=0.69964  RMSD=3.27
  sample_236                               TM-score=0.58959  RMSD=3.91
  sample_237                               TM-score=0.68876  RMSD=3.24
  sample_238                               TM-score=0.61903  RMSD=3.51
  sample_239                               TM-score=0.71482  RMSD=2.9
  sample_24                                TM-score=0.68878  RMSD=3.14
  sample_240                               TM-score=0.74467  RMSD=2.91
  sample_241                               TM-score=0.66334  RMSD=3.37
  sample_242                               TM-score=0.70754  RMSD=2.95
  sample_243                               TM-score=0.72057  RMSD=3.13
  sample_244                               TM-score=0.71202  RMSD=3.16
  sample_245                               TM-score=0.74549  RMSD=2.73
  sample_246                               TM-score=0.64305  RMSD=3.54
  sample_247                               TM-score=0.51606  RMSD=3.34
  sample_248                               TM-score=0.64987  RMSD=3.63
  sample_249                               TM-score=0.65731  RMSD=3.61
  sample_25                                TM-score=0.6592  RMSD=3.49
  sample_250                               TM-score=0.69838  RMSD=3.18
  sample_251                               TM-score=0.7019  RMSD=3.17
  sample_252                               TM-score=0.62439  RMSD=3.7
  sample_253                               TM-score=0.71681  RMSD=2.76
  sample_254                               TM-score=0.7018  RMSD=3.17
  sample_255                               TM-score=0.72788  RMSD=3.07
  sample_256                               TM-score=0.6883  RMSD=3.16
  sample_257                               TM-score=0.66728  RMSD=3.35
  sample_258                               TM-score=0.57499  RMSD=3.94
  sample_259                               TM-score=0.68432  RMSD=3.31
  sample_26                                TM-score=0.71034  RMSD=3.17
  sample_260                               TM-score=0.60831  RMSD=3.82
  sample_261                               TM-score=0.64905  RMSD=3.42
  sample_262                               TM-score=0.63666  RMSD=3.84
  sample_263                               TM-score=0.7533  RMSD=2.9
  sample_264                               TM-score=0.70321  RMSD=3.08
  sample_265                               TM-score=0.47533  RMSD=4.32
  sample_266                               TM-score=0.77189  RMSD=2.38
  sample_267                               TM-score=0.68716  RMSD=3.2
  sample_268                               TM-score=0.74525  RMSD=2.69
  sample_269                               TM-score=0.77305  RMSD=2.64
  sample_27                                TM-score=0.67412  RMSD=3.05
  sample_270                               TM-score=0.64138  RMSD=3.73
  sample_271                               TM-score=0.70641  RMSD=3.15
  sample_272                               TM-score=0.72915  RMSD=3.04
  sample_273                               TM-score=0.68969  RMSD=3.23
  sample_274                               TM-score=0.746  RMSD=2.74
  sample_275                               TM-score=0.75899  RMSD=2.77
  sample_276                               TM-score=0.74171  RMSD=2.72
  sample_277                               TM-score=0.62969  RMSD=3.85
  sample_278                               TM-score=0.7205  RMSD=2.93
  sample_279                               TM-score=0.6619  RMSD=3.42
  sample_28                                TM-score=0.69433  RMSD=3.1
  sample_280                               TM-score=0.53545  RMSD=3.52
  sample_281                               TM-score=0.73077  RMSD=2.89
  sample_282                               TM-score=0.56017  RMSD=4.12
  sample_283                               TM-score=0.67279  RMSD=3.35
  sample_284                               TM-score=0.68462  RMSD=3.19
  sample_285                               TM-score=0.68541  RMSD=3.3
  sample_286                               TM-score=0.64477  RMSD=3.65
  sample_287                               TM-score=0.74853  RMSD=2.68
  sample_288                               TM-score=0.69607  RMSD=3.05
  sample_289                               TM-score=0.75352  RMSD=2.78
  sample_29                                TM-score=0.69053  RMSD=3.38
  sample_290                               TM-score=0.6536  RMSD=3.54
  sample_291                               TM-score=0.60538  RMSD=3.84
  sample_292                               TM-score=0.71424  RMSD=3.16
  sample_293                               TM-score=0.64382  RMSD=3.34
  sample_294                               TM-score=0.66945  RMSD=3.45
  sample_295                               TM-score=0.6663  RMSD=3.4
  sample_296                               TM-score=0.61972  RMSD=3.62
  sample_297                               TM-score=0.64252  RMSD=3.35
  sample_298                               TM-score=0.72048  RMSD=2.93
  sample_299                               TM-score=0.71748  RMSD=2.82
  sample_3                                 TM-score=0.69561  RMSD=3.12
  sample_30                                TM-score=0.53942  RMSD=3.23
  sample_300                               TM-score=0.73021  RMSD=2.92
  sample_31                                TM-score=0.67295  RMSD=3.27
  sample_32                                TM-score=0.55256  RMSD=4.01
  sample_33                                TM-score=0.67666  RMSD=3.3
  sample_34                                TM-score=0.7492  RMSD=2.8
  sample_35                                TM-score=0.6909  RMSD=3.02
  sample_36                                TM-score=0.59985  RMSD=3.43
  sample_37                                TM-score=0.72225  RMSD=3.19
  sample_38                                TM-score=0.65894  RMSD=3.52
  sample_39                                TM-score=0.59835  RMSD=3.8
  sample_4                                 TM-score=0.71538  RMSD=2.92
  sample_40                                TM-score=0.75099  RMSD=2.81
  sample_41                                TM-score=0.64835  RMSD=3.58
  sample_42                                TM-score=0.70229  RMSD=3.12
  sample_43                                TM-score=0.64889  RMSD=3.52
  sample_44                                TM-score=0.63509  RMSD=3.63
  sample_45                                TM-score=0.6589  RMSD=3.24
  sample_46                                TM-score=0.73254  RMSD=2.95
  sample_47                                TM-score=0.63673  RMSD=3.63
  sample_48                                TM-score=0.70094  RMSD=3.18
  sample_49                                TM-score=0.7525  RMSD=2.61
  sample_5                                 TM-score=0.67852  RMSD=3.15
  sample_50                                TM-score=0.72336  RMSD=2.95
  sample_51                                TM-score=0.78058  RMSD=2.69
  sample_52                                TM-score=0.62918  RMSD=3.4
  sample_53                                TM-score=0.70175  RMSD=3.01
  sample_54                                TM-score=0.63525  RMSD=3.87
  sample_55                                TM-score=0.65439  RMSD=3.55
  sample_56                                TM-score=0.68462  RMSD=3.24
  sample_57                                TM-score=0.69607  RMSD=2.87
  sample_58                                TM-score=0.56861  RMSD=3.15
  sample_59                                TM-score=0.70905  RMSD=3.1
  sample_6                                 TM-score=0.62471  RMSD=3.31
  sample_60                                TM-score=0.64126  RMSD=3.54
  sample_61                                TM-score=0.69706  RMSD=2.96
  sample_62                                TM-score=0.64767  RMSD=3.62
  sample_63                                TM-score=0.66121  RMSD=3.62
  sample_64                                TM-score=0.64629  RMSD=3.7
  sample_65                                TM-score=0.75414  RMSD=2.61
  sample_66                                TM-score=0.73008  RMSD=2.72
  sample_67                                TM-score=0.7737  RMSD=2.66
  sample_68                                TM-score=0.75017  RMSD=2.61
  sample_69                                TM-score=0.6527  RMSD=3.46
  sample_7                                 TM-score=0.65748  RMSD=3.16
  sample_70                                TM-score=0.73506  RMSD=2.88
  sample_71                                TM-score=0.62074  RMSD=3.84
  sample_72                                TM-score=0.697  RMSD=3.1
  sample_73                                TM-score=0.56503  RMSD=3.78
  sample_74                                TM-score=0.55844  RMSD=3.72
  sample_75                                TM-score=0.70253  RMSD=2.94
  sample_76                                TM-score=0.74426  RMSD=2.79
  sample_77                                TM-score=0.73055  RMSD=2.88
  sample_78                                TM-score=0.72291  RMSD=2.96
  sample_79                                TM-score=0.63838  RMSD=3.71
  sample_8                                 TM-score=0.62119  RMSD=3.52
  sample_80                                TM-score=0.69033  RMSD=3.28
  sample_81                                TM-score=0.77285  RMSD=2.39
  sample_82                                TM-score=0.71936  RMSD=2.88
  sample_83                                TM-score=0.76285  RMSD=2.86
  sample_84                                TM-score=0.59114  RMSD=3.52
  sample_85                                TM-score=0.69377  RMSD=3.16
  sample_86                                TM-score=0.72984  RMSD=2.86
  sample_87                                TM-score=0.61819  RMSD=3.76
  sample_88                                TM-score=0.73513  RMSD=2.7
  sample_89                                TM-score=0.54636  RMSD=3.94
  sample_9                                 TM-score=0.77617  RMSD=2.57
  sample_90                                TM-score=0.72449  RMSD=2.92
  sample_91                                TM-score=0.67734  RMSD=3.3
  sample_92                                TM-score=0.69564  RMSD=3.36
  sample_93                                TM-score=0.63199  RMSD=3.87
  sample_94                                TM-score=0.71345  RMSD=2.96
  sample_95                                TM-score=0.72473  RMSD=3.05
  sample_96                                TM-score=0.39302  RMSD=4.35
  sample_97                                TM-score=0.34703  RMSD=3.47
  sample_98                                TM-score=0.58648  RMSD=3.84
  sample_99                                TM-score=0.71925  RMSD=3.04
已写入 L11design/data/exp3/protein_q10//tm.csv
  sample_1                                 TM-score=0.77208  RMSD=2.53
  sample_10                                TM-score=0.67009  RMSD=3.45
  sample_100                               TM-score=0.75019  RMSD=2.86
  sample_101                               TM-score=0.5789  RMSD=3.98
  sample_102                               TM-score=0.64243  RMSD=3.57
  sample_103                               TM-score=0.60097  RMSD=2.75
  sample_104                               TM-score=0.70757  RMSD=3.13
  sample_105                               TM-score=0.72231  RMSD=2.8
  sample_106                               TM-score=0.62154  RMSD=3.84
  sample_107                               TM-score=0.68635  RMSD=3.12
  sample_108                               TM-score=0.73784  RMSD=2.9
  sample_109                               TM-score=0.65679  RMSD=3.39
  sample_11                                TM-score=0.54608  RMSD=3.78
  sample_110                               TM-score=0.72958  RMSD=3.06
  sample_111                               TM-score=0.72639  RMSD=2.86
  sample_112                               TM-score=0.63102  RMSD=3.72
  sample_113                               TM-score=0.68029  RMSD=3.38
  sample_114                               TM-score=0.73262  RMSD=2.91
  sample_115                               TM-score=0.7026  RMSD=3.11
  sample_116                               TM-score=0.6751  RMSD=3.49
  sample_117                               TM-score=0.5453  RMSD=3.43
  sample_118                               TM-score=0.67513  RMSD=3.4
  sample_119                               TM-score=0.70163  RMSD=3.15
  sample_12                                TM-score=0.69004  RMSD=3.16
  sample_120                               TM-score=0.64976  RMSD=3.14
  sample_121                               TM-score=0.72213  RMSD=2.97
  sample_122                               TM-score=0.7263  RMSD=2.98
  sample_123                               TM-score=0.69385  RMSD=3.08
  sample_124                               TM-score=0.71387  RMSD=3.31
  sample_125                               TM-score=0.77564  RMSD=2.46
  sample_126                               TM-score=0.66062  RMSD=3.34
  sample_127                               TM-score=0.61138  RMSD=3.96
  sample_128                               TM-score=0.67496  RMSD=3.52
  sample_129                               TM-score=0.55836  RMSD=4.35
  sample_13                                TM-score=0.68753  RMSD=3.32
  sample_130                               TM-score=0.68974  RMSD=3.2
  sample_131                               TM-score=0.69446  RMSD=3.15
  sample_132                               TM-score=0.68361  RMSD=3.27
  sample_133                               TM-score=0.75446  RMSD=2.81
  sample_134                               TM-score=0.75773  RMSD=2.55
  sample_135                               TM-score=0.70124  RMSD=3.19
  sample_136                               TM-score=0.66798  RMSD=3.45
  sample_137                               TM-score=0.6654  RMSD=3.58
  sample_138                               TM-score=0.68046  RMSD=3.31
  sample_139                               TM-score=0.71334  RMSD=2.82
  sample_14                                TM-score=0.64142  RMSD=3.59
  sample_140                               TM-score=0.71298  RMSD=3.2
  sample_141                               TM-score=0.65117  RMSD=3.51
  sample_142                               TM-score=0.65693  RMSD=3.66
  sample_143                               TM-score=0.71395  RMSD=3.02
  sample_144                               TM-score=0.69512  RMSD=3.14
  sample_145                               TM-score=0.5237  RMSD=3.94
  sample_146                               TM-score=0.67303  RMSD=3.38
  sample_147                               TM-score=0.74108  RMSD=2.94
  sample_148                               TM-score=0.76518  RMSD=2.58
  sample_149                               TM-score=0.72543  RMSD=2.93
  sample_15                                TM-score=0.71201  RMSD=3.06
  sample_150                               TM-score=0.64628  RMSD=3.53
  sample_151                               TM-score=0.73915  RMSD=2.76
  sample_152                               TM-score=0.70752  RMSD=3.04
  sample_153                               TM-score=0.58293  RMSD=3.96
  sample_154                               TM-score=0.73036  RMSD=3.06
  sample_155                               TM-score=0.59484  RMSD=3.73
  sample_156                               TM-score=0.70116  RMSD=3.12
  sample_157                               TM-score=0.70954  RMSD=3.04
  sample_158                               TM-score=0.68273  RMSD=3.12
  sample_159                               TM-score=0.65789  RMSD=3.51
  sample_16                                TM-score=0.69783  RMSD=3.22
  sample_160                               TM-score=0.68736  RMSD=3.23
  sample_161                               TM-score=0.73844  RMSD=2.59
  sample_162                               TM-score=0.68821  RMSD=3.15
  sample_163                               TM-score=0.59199  RMSD=3.89
  sample_164                               TM-score=0.6273  RMSD=3.79
  sample_165                               TM-score=0.71192  RMSD=2.93
  sample_166                               TM-score=0.72265  RMSD=3.13
  sample_167                               TM-score=0.69273  RMSD=3.13
  sample_168                               TM-score=0.57512  RMSD=4.04
  sample_169                               TM-score=0.63921  RMSD=3.65
  sample_17                                TM-score=0.39248  RMSD=4.58
  sample_170                               TM-score=0.71254  RMSD=3.03
  sample_171                               TM-score=0.63698  RMSD=3.67
  sample_172                               TM-score=0.68766  RMSD=3.23
  sample_173                               TM-score=0.71848  RMSD=2.95
  sample_174                               TM-score=0.73031  RMSD=2.99
  sample_175                               TM-score=0.68317  RMSD=3.19
  sample_176                               TM-score=0.69022  RMSD=3.4
  sample_177                               TM-score=0.59052  RMSD=3.97
  sample_178                               TM-score=0.66652  RMSD=3.38
  sample_179                               TM-score=0.68568  RMSD=3.09
  sample_18                                TM-score=0.64481  RMSD=3.75
  sample_180                               TM-score=0.68773  RMSD=3.51
  sample_181                               TM-score=0.69285  RMSD=3.15
  sample_182                               TM-score=0.74127  RMSD=2.8
  sample_183                               TM-score=0.69883  RMSD=2.99
  sample_184                               TM-score=0.55804  RMSD=4.06
  sample_185                               TM-score=0.64465  RMSD=3.45
  sample_186                               TM-score=0.67924  RMSD=3.07
  sample_187                               TM-score=0.62457  RMSD=3.77
  sample_188                               TM-score=0.71442  RMSD=3.17
  sample_189                               TM-score=0.67284  RMSD=3.33
  sample_19                                TM-score=0.73023  RMSD=2.97
  sample_190                               TM-score=0.51914  RMSD=3.86
  sample_191                               TM-score=0.78534  RMSD=2.51
  sample_192                               TM-score=0.7052  RMSD=3.18
  sample_193                               TM-score=0.74002  RMSD=2.74
  sample_194                               TM-score=0.72611  RMSD=2.83
  sample_195                               TM-score=0.65349  RMSD=3.44
  sample_196                               TM-score=0.58909  RMSD=4.02
  sample_197                               TM-score=0.64329  RMSD=3.64
  sample_198                               TM-score=0.64409  RMSD=3.67
  sample_199                               TM-score=0.73545  RMSD=3.05
  sample_2                                 TM-score=0.53029  RMSD=3.24
  sample_20                                TM-score=0.70989  RMSD=3.1
  sample_200                               TM-score=0.68028  RMSD=3.14
  sample_201                               TM-score=0.64196  RMSD=3.77
  sample_202                               TM-score=0.66169  RMSD=3.66
  sample_203                               TM-score=0.68235  RMSD=3.19
  sample_204                               TM-score=0.76578  RMSD=2.65
  sample_205                               TM-score=0.72576  RMSD=2.9
  sample_206                               TM-score=0.71928  RMSD=3.06
  sample_207                               TM-score=0.62759  RMSD=3.73
  sample_208                               TM-score=0.57857  RMSD=3.75
  sample_209                               TM-score=0.64524  RMSD=3.5
  sample_21                                TM-score=0.63194  RMSD=3.6
  sample_210                               TM-score=0.67615  RMSD=3.27
  sample_211                               TM-score=0.76023  RMSD=2.77
  sample_212                               TM-score=0.56137  RMSD=4.08
  sample_213                               TM-score=0.74008  RMSD=2.83
  sample_214                               TM-score=0.69038  RMSD=3.37
  sample_215                               TM-score=0.70575  RMSD=3.05
  sample_216                               TM-score=0.74088  RMSD=2.73
  sample_217                               TM-score=0.68358  RMSD=3.31
  sample_218                               TM-score=0.57701  RMSD=3.25
  sample_219                               TM-score=0.70526  RMSD=3.38
  sample_22                                TM-score=0.62743  RMSD=3.75
  sample_220                               TM-score=0.69163  RMSD=3.21
  sample_221                               TM-score=0.65821  RMSD=3.64
  sample_222                               TM-score=0.7451  RMSD=2.74
  sample_223                               TM-score=0.71761  RMSD=3.09
  sample_224                               TM-score=0.70202  RMSD=2.93
  sample_225                               TM-score=0.63799  RMSD=3.16
  sample_226                               TM-score=0.65576  RMSD=3.68
  sample_227                               TM-score=0.63673  RMSD=3.63
  sample_228                               TM-score=0.61267  RMSD=3.7
  sample_229                               TM-score=0.56938  RMSD=3.21
  sample_23                                TM-score=0.75273  RMSD=2.65
  sample_230                               TM-score=0.73152  RMSD=3.26
  sample_231                               TM-score=0.69117  RMSD=3.28
  sample_232                               TM-score=0.61386  RMSD=3.58
  sample_233                               TM-score=0.60744  RMSD=3.8
  sample_234                               TM-score=0.55743  RMSD=4.13
  sample_235                               TM-score=0.59547  RMSD=4.01
  sample_236                               TM-score=0.66944  RMSD=3.27
  sample_237                               TM-score=0.74362  RMSD=2.9
  sample_238                               TM-score=0.71006  RMSD=2.97
  sample_239                               TM-score=0.70563  RMSD=3.08
  sample_24                                TM-score=0.71616  RMSD=3.02
  sample_240                               TM-score=0.72997  RMSD=3.05
  sample_241                               TM-score=0.63036  RMSD=3.64
  sample_242                               TM-score=0.73325  RMSD=2.89
  sample_243                               TM-score=0.78305  RMSD=2.57
  sample_244                               TM-score=0.71949  RMSD=2.94
  sample_245                               TM-score=0.61707  RMSD=3.63
  sample_246                               TM-score=0.69725  RMSD=3.11
  sample_247                               TM-score=0.73504  RMSD=2.81
  sample_248                               TM-score=0.74246  RMSD=2.93
  sample_249                               TM-score=0.69921  RMSD=3.17
  sample_25                                TM-score=0.61247  RMSD=3.7
  sample_250                               TM-score=0.64881  RMSD=3.4
  sample_251                               TM-score=0.74073  RMSD=2.83
  sample_252                               TM-score=0.63585  RMSD=3.49
  sample_253                               TM-score=0.66416  RMSD=3.34
  sample_254                               TM-score=0.6779  RMSD=3.2
  sample_255                               TM-score=0.58561  RMSD=3.81
  sample_256                               TM-score=0.74247  RMSD=2.89
  sample_257                               TM-score=0.70238  RMSD=3.0
  sample_258                               TM-score=0.74282  RMSD=2.98
  sample_259                               TM-score=0.71617  RMSD=3.12
  sample_26                                TM-score=0.66616  RMSD=3.35
  sample_260                               TM-score=0.73832  RMSD=2.92
  sample_261                               TM-score=0.69669  RMSD=3.1
  sample_262                               TM-score=0.72049  RMSD=3.0
  sample_263                               TM-score=0.6583  RMSD=3.6
  sample_264                               TM-score=0.66405  RMSD=3.48
  sample_265                               TM-score=0.73929  RMSD=3.0
  sample_266                               TM-score=0.6825  RMSD=3.49
  sample_267                               TM-score=0.75508  RMSD=2.67
  sample_268                               TM-score=0.58956  RMSD=3.93
  sample_269                               TM-score=0.5932  RMSD=3.74
  sample_27                                TM-score=0.7203  RMSD=3.1
  sample_270                               TM-score=0.60209  RMSD=3.94
  sample_271                               TM-score=0.52733  RMSD=3.53
  sample_272                               TM-score=0.73493  RMSD=2.73
  sample_273                               TM-score=0.70405  RMSD=3.28
  sample_274                               TM-score=0.70091  RMSD=3.07
  sample_275                               TM-score=0.56107  RMSD=3.75
  sample_276                               TM-score=0.67667  RMSD=3.31
  sample_277                               TM-score=0.71713  RMSD=3.0
  sample_278                               TM-score=0.56566  RMSD=4.35
  sample_279                               TM-score=0.64847  RMSD=3.31
  sample_28                                TM-score=0.75136  RMSD=2.59
  sample_280                               TM-score=0.7466  RMSD=2.77
  sample_281                               TM-score=0.67997  RMSD=3.42
  sample_282                               TM-score=0.77485  RMSD=2.59
  sample_283                               TM-score=0.69873  RMSD=3.26
  sample_284                               TM-score=0.68895  RMSD=3.27
  sample_285                               TM-score=0.74366  RMSD=2.74
  sample_286                               TM-score=0.76127  RMSD=2.69
  sample_287                               TM-score=0.27846  RMSD=4.87
  sample_288                               TM-score=0.69816  RMSD=3.27
  sample_289                               TM-score=0.70472  RMSD=3.11
  sample_29                                TM-score=0.71173  RMSD=3.1
  sample_290                               TM-score=0.58433  RMSD=3.36
  sample_291                               TM-score=0.72314  RMSD=2.9
  sample_292                               TM-score=0.72521  RMSD=2.98
  sample_293                               TM-score=0.64432  RMSD=3.55
  sample_294                               TM-score=0.68572  RMSD=3.3
  sample_295                               TM-score=0.59856  RMSD=3.83
  sample_296                               TM-score=0.69383  RMSD=3.03
  sample_297                               TM-score=0.26237  RMSD=5.23
  sample_298                               TM-score=0.53252  RMSD=4.19
  sample_299                               TM-score=0.52259  RMSD=3.53
  sample_3                                 TM-score=0.70962  RMSD=3.01
  sample_30                                TM-score=0.57409  RMSD=3.62
  sample_300                               TM-score=0.70309  RMSD=3.25
  sample_31                                TM-score=0.73191  RMSD=2.85
  sample_32                                TM-score=0.71598  RMSD=2.81
  sample_33                                TM-score=0.73956  RMSD=2.66
  sample_34                                TM-score=0.73227  RMSD=2.75
  sample_35                                TM-score=0.7292  RMSD=3.06
  sample_36                                TM-score=0.69353  RMSD=3.1
  sample_37                                TM-score=0.607  RMSD=3.66
  sample_38                                TM-score=0.7661  RMSD=2.56
  sample_39                                TM-score=0.62927  RMSD=3.7
  sample_4                                 TM-score=0.74185  RMSD=2.88
  sample_40                                TM-score=0.6736  RMSD=3.32
  sample_41                                TM-score=0.60626  RMSD=3.57
  sample_42                                TM-score=0.70058  RMSD=3.23
  sample_43                                TM-score=0.7428  RMSD=2.84
  sample_44                                TM-score=0.71235  RMSD=3.23
  sample_45                                TM-score=0.63097  RMSD=3.06
  sample_46                                TM-score=0.6365  RMSD=3.61
  sample_47                                TM-score=0.50805  RMSD=3.6
  sample_48                                TM-score=0.64964  RMSD=3.43
  sample_49                                TM-score=0.66135  RMSD=3.26
  sample_5                                 TM-score=0.63335  RMSD=3.44
  sample_50                                TM-score=0.67821  RMSD=3.19
  sample_51                                TM-score=0.52021  RMSD=3.91
  sample_52                                TM-score=0.64209  RMSD=3.56
  sample_53                                TM-score=0.53469  RMSD=3.41
  sample_54                                TM-score=0.68888  RMSD=3.2
  sample_55                                TM-score=0.77878  RMSD=2.57
  sample_56                                TM-score=0.70148  RMSD=3.11
  sample_57                                TM-score=0.70203  RMSD=2.97
  sample_58                                TM-score=0.74949  RMSD=2.82
  sample_59                                TM-score=0.69014  RMSD=3.17
  sample_6                                 TM-score=0.62681  RMSD=3.54
  sample_60                                TM-score=0.63583  RMSD=3.42
  sample_61                                TM-score=0.58787  RMSD=4.17
  sample_62                                TM-score=0.68494  RMSD=3.21
  sample_63                                TM-score=0.6679  RMSD=3.43
  sample_64                                TM-score=0.55742  RMSD=3.4
  sample_65                                TM-score=0.78263  RMSD=2.56
  sample_66                                TM-score=0.70137  RMSD=2.97
  sample_67                                TM-score=0.63665  RMSD=3.44
  sample_68                                TM-score=0.59991  RMSD=3.33
  sample_69                                TM-score=0.66096  RMSD=3.46
  sample_7                                 TM-score=0.47433  RMSD=4.03
  sample_70                                TM-score=0.68733  RMSD=3.43
  sample_71                                TM-score=0.6709  RMSD=3.25
  sample_72                                TM-score=0.68998  RMSD=3.17
  sample_73                                TM-score=0.59582  RMSD=4.04
  sample_74                                TM-score=0.71206  RMSD=3.05
  sample_75                                TM-score=0.70807  RMSD=3.19
  sample_76                                TM-score=0.75692  RMSD=2.74
  sample_77                                TM-score=0.703  RMSD=3.24
  sample_78                                TM-score=0.64721  RMSD=3.39
  sample_79                                TM-score=0.7167  RMSD=3.08
  sample_8                                 TM-score=0.71691  RMSD=3.01
  sample_80                                TM-score=0.73043  RMSD=2.82
  sample_81                                TM-score=0.54768  RMSD=3.48
  sample_82                                TM-score=0.5709  RMSD=4.19
  sample_83                                TM-score=0.68793  RMSD=3.2
  sample_84                                TM-score=0.61871  RMSD=3.93
  sample_85                                TM-score=0.62989  RMSD=3.61
  sample_86                                TM-score=0.64373  RMSD=3.73
  sample_87                                TM-score=0.67544  RMSD=3.27
  sample_88                                TM-score=0.58221  RMSD=3.86
  sample_89                                TM-score=0.74402  RMSD=3.07
  sample_9                                 TM-score=0.7053  RMSD=3.15
  sample_90                                TM-score=0.62546  RMSD=3.75
  sample_91                                TM-score=0.65502  RMSD=3.43
  sample_92                                TM-score=0.74156  RMSD=2.71
  sample_93                                TM-score=0.59045  RMSD=3.89
  sample_94                                TM-score=0.62292  RMSD=3.49
  sample_95                                TM-score=0.60739  RMSD=3.82
  sample_96                                TM-score=0.71435  RMSD=3.03
  sample_97                                TM-score=0.62801  RMSD=3.82
  sample_98                                TM-score=0.58585  RMSD=3.94
  sample_99                                TM-score=0.76316  RMSD=2.75
已写入 L11design/data/exp3/protein_q12//tm.csv
  sample_1                                 TM-score=0.72116  RMSD=3.14
  sample_10                                TM-score=0.6915  RMSD=3.26
  sample_100                               TM-score=0.65794  RMSD=3.49
  sample_101                               TM-score=0.69934  RMSD=3.09
  sample_102                               TM-score=0.64947  RMSD=3.78
  sample_103                               TM-score=0.70764  RMSD=2.78
  sample_104                               TM-score=0.67675  RMSD=3.62
  sample_105                               TM-score=0.70891  RMSD=3.03
  sample_106                               TM-score=0.65049  RMSD=3.6
  sample_107                               TM-score=0.71747  RMSD=2.87
  sample_108                               TM-score=0.67963  RMSD=3.35
  sample_109                               TM-score=0.53791  RMSD=4.3
  sample_11                                TM-score=0.69524  RMSD=2.99
  sample_110                               TM-score=0.33295  RMSD=3.89
  sample_111                               TM-score=0.68109  RMSD=3.2
  sample_112                               TM-score=0.48606  RMSD=3.93
  sample_113                               TM-score=0.69653  RMSD=3.24
  sample_114                               TM-score=0.64257  RMSD=3.75
  sample_115                               TM-score=0.7362  RMSD=2.91
  sample_116                               TM-score=0.64251  RMSD=3.5
  sample_117                               TM-score=0.58138  RMSD=3.6
  sample_118                               TM-score=0.61569  RMSD=3.41
  sample_119                               TM-score=0.57636  RMSD=4.32
  sample_12                                TM-score=0.71615  RMSD=3.06
  sample_120                               TM-score=0.69736  RMSD=2.93
  sample_121                               TM-score=0.60876  RMSD=3.96
  sample_122                               TM-score=0.71241  RMSD=2.92
  sample_123                               TM-score=0.68306  RMSD=3.65
  sample_124                               TM-score=0.70265  RMSD=3.28
  sample_125                               TM-score=0.70777  RMSD=3.06
  sample_126                               TM-score=0.68279  RMSD=3.28
  sample_127                               TM-score=0.69537  RMSD=3.23
  sample_128                               TM-score=0.71601  RMSD=2.99
  sample_129                               TM-score=0.62891  RMSD=3.64
  sample_13                                TM-score=0.69434  RMSD=3.38
  sample_130                               TM-score=0.57356  RMSD=4.18
  sample_131                               TM-score=0.51105  RMSD=3.7
  sample_132                               TM-score=0.61878  RMSD=3.71
  sample_133                               TM-score=0.70277  RMSD=3.22
  sample_134                               TM-score=0.73709  RMSD=2.88
  sample_135                               TM-score=0.66071  RMSD=3.47
  sample_136                               TM-score=0.68553  RMSD=3.34
  sample_137                               TM-score=0.47854  RMSD=4.28
  sample_138                               TM-score=0.69674  RMSD=3.0
  sample_139                               TM-score=0.6972  RMSD=3.18
  sample_14                                TM-score=0.59809  RMSD=3.93
  sample_140                               TM-score=0.72383  RMSD=2.94
  sample_141                               TM-score=0.74315  RMSD=2.86
  sample_142                               TM-score=0.65569  RMSD=3.17
  sample_143                               TM-score=0.59932  RMSD=3.93
  sample_144                               TM-score=0.74768  RMSD=2.72
  sample_145                               TM-score=0.70776  RMSD=3.02
  sample_146                               TM-score=0.7078  RMSD=3.18
  sample_147                               TM-score=0.64147  RMSD=3.53
  sample_148                               TM-score=0.59057  RMSD=3.93
  sample_149                               TM-score=0.67767  RMSD=3.46
  sample_15                                TM-score=0.7466  RMSD=2.86
  sample_150                               TM-score=0.73038  RMSD=2.92
  sample_151                               TM-score=0.60456  RMSD=3.89
  sample_152                               TM-score=0.74257  RMSD=2.8
  sample_153                               TM-score=0.62334  RMSD=3.78
  sample_154                               TM-score=0.74704  RMSD=2.86
  sample_155                               TM-score=0.71593  RMSD=2.98
  sample_156                               TM-score=0.71226  RMSD=3.04
  sample_157                               TM-score=0.72485  RMSD=2.92
  sample_158                               TM-score=0.70661  RMSD=3.06
  sample_159                               TM-score=0.6824  RMSD=3.25
  sample_16                                TM-score=0.63343  RMSD=3.89
  sample_160                               TM-score=0.74464  RMSD=2.79
  sample_161                               TM-score=0.64507  RMSD=3.36
  sample_162                               TM-score=0.69093  RMSD=3.18
  sample_163                               TM-score=0.72154  RMSD=2.97
  sample_164                               TM-score=0.6691  RMSD=3.29
  sample_165                               TM-score=0.63009  RMSD=2.75
  sample_166                               TM-score=0.26951  RMSD=5.42
  sample_167                               TM-score=0.67023  RMSD=3.31
  sample_168                               TM-score=0.57073  RMSD=3.93
  sample_169                               TM-score=0.33676  RMSD=3.4
  sample_17                                TM-score=0.69271  RMSD=3.15
  sample_170                               TM-score=0.23393  RMSD=4.93
  sample_171                               TM-score=0.71174  RMSD=2.82
  sample_172                               TM-score=0.69247  RMSD=3.05
  sample_173                               TM-score=0.58037  RMSD=4.05
  sample_174                               TM-score=0.7386  RMSD=2.96
  sample_175                               TM-score=0.74804  RMSD=2.86
  sample_176                               TM-score=0.7138  RMSD=2.87
  sample_177                               TM-score=0.61912  RMSD=3.77
  sample_178                               TM-score=0.76201  RMSD=2.66
  sample_179                               TM-score=0.54752  RMSD=3.75
  sample_18                                TM-score=0.6444  RMSD=3.56
  sample_180                               TM-score=0.74994  RMSD=2.72
  sample_181                               TM-score=0.68199  RMSD=3.21
  sample_182                               TM-score=0.65278  RMSD=3.42
  sample_183                               TM-score=0.71826  RMSD=3.13
  sample_184                               TM-score=0.63445  RMSD=3.73
  sample_185                               TM-score=0.72904  RMSD=3.14
  sample_186                               TM-score=0.48428  RMSD=3.92
  sample_187                               TM-score=0.72972  RMSD=3.07
  sample_188                               TM-score=0.66709  RMSD=3.1
  sample_189                               TM-score=0.53374  RMSD=3.97
  sample_19                                TM-score=0.61046  RMSD=3.85
  sample_190                               TM-score=0.66289  RMSD=3.57
  sample_191                               TM-score=0.59161  RMSD=3.74
  sample_192                               TM-score=0.70702  RMSD=3.14
  sample_193                               TM-score=0.73536  RMSD=3.03
  sample_194                               TM-score=0.69393  RMSD=3.16
  sample_195                               TM-score=0.737  RMSD=2.93
  sample_196                               TM-score=0.65167  RMSD=3.55
  sample_197                               TM-score=0.62924  RMSD=3.52
  sample_198                               TM-score=0.71817  RMSD=3.12
  sample_199                               TM-score=0.67815  RMSD=3.38
  sample_2                                 TM-score=0.74753  RMSD=2.75
  sample_20                                TM-score=0.69781  RMSD=3.0
  sample_200                               TM-score=0.66063  RMSD=3.54
  sample_201                               TM-score=0.48222  RMSD=3.21
  sample_202                               TM-score=0.66259  RMSD=3.54
  sample_203                               TM-score=0.65464  RMSD=3.34
  sample_204                               TM-score=0.56153  RMSD=4.31
  sample_205                               TM-score=0.6154  RMSD=3.63
  sample_206                               TM-score=0.62916  RMSD=3.7
  sample_207                               TM-score=0.72222  RMSD=2.99
  sample_208                               TM-score=0.73987  RMSD=2.99
  sample_209                               TM-score=0.66617  RMSD=3.69
  sample_21                                TM-score=0.58052  RMSD=3.8
  sample_210                               TM-score=0.75856  RMSD=2.57
  sample_211                               TM-score=0.67349  RMSD=3.22
  sample_212                               TM-score=0.71373  RMSD=2.96
  sample_213                               TM-score=0.70802  RMSD=3.2
  sample_214                               TM-score=0.6599  RMSD=3.51
  sample_215                               TM-score=0.57767  RMSD=3.93
  sample_216                               TM-score=0.64033  RMSD=3.58
  sample_217                               TM-score=0.62211  RMSD=3.5
  sample_218                               TM-score=0.63474  RMSD=3.41
  sample_219                               TM-score=0.54259  RMSD=3.22
  sample_22                                TM-score=0.67274  RMSD=3.22
  sample_220                               TM-score=0.57353  RMSD=3.96
  sample_221                               TM-score=0.57582  RMSD=3.91
  sample_222                               TM-score=0.54651  RMSD=4.34
  sample_223                               TM-score=0.71491  RMSD=3.13
  sample_224                               TM-score=0.70228  RMSD=3.06
  sample_225                               TM-score=0.66273  RMSD=3.52
  sample_226                               TM-score=0.69636  RMSD=3.01
  sample_227                               TM-score=0.61647  RMSD=3.76
  sample_228                               TM-score=0.62478  RMSD=3.66
  sample_229                               TM-score=0.63943  RMSD=3.72
  sample_23                                TM-score=0.70092  RMSD=3.11
  sample_230                               TM-score=0.55769  RMSD=4.27
  sample_231                               TM-score=0.58391  RMSD=3.64
  sample_232                               TM-score=0.75085  RMSD=2.64
  sample_233                               TM-score=0.61949  RMSD=3.04
  sample_234                               TM-score=0.67519  RMSD=3.46
  sample_235                               TM-score=0.73937  RMSD=2.92
  sample_236                               TM-score=0.54661  RMSD=4.29
  sample_237                               TM-score=0.50902  RMSD=4.34
  sample_238                               TM-score=0.39272  RMSD=3.82
  sample_239                               TM-score=0.6349  RMSD=3.58
  sample_24                                TM-score=0.6383  RMSD=3.56
  sample_240                               TM-score=0.71127  RMSD=3.08
  sample_241                               TM-score=0.65116  RMSD=3.58
  sample_242                               TM-score=0.52272  RMSD=3.32
  sample_243                               TM-score=0.66596  RMSD=3.41
  sample_244                               TM-score=0.71379  RMSD=2.9
  sample_245                               TM-score=0.67954  RMSD=3.5
  sample_246                               TM-score=0.67678  RMSD=3.6
  sample_247                               TM-score=0.65998  RMSD=3.52
  sample_248                               TM-score=0.68466  RMSD=3.32
  sample_249                               TM-score=0.62902  RMSD=3.48
  sample_25                                TM-score=0.70787  RMSD=3.3
  sample_250                               TM-score=0.72581  RMSD=3.01
  sample_251                               TM-score=0.6048  RMSD=3.89
  sample_252                               TM-score=0.6568  RMSD=3.59
  sample_253                               TM-score=0.51257  RMSD=3.65
  sample_254                               TM-score=0.51141  RMSD=4.34
  sample_255                               TM-score=0.77686  RMSD=2.6
  sample_256                               TM-score=0.69963  RMSD=3.2
  sample_257                               TM-score=0.69847  RMSD=3.0
  sample_258                               TM-score=0.682  RMSD=3.29
  sample_259                               TM-score=0.67872  RMSD=3.26
  sample_26                                TM-score=0.68756  RMSD=3.43
  sample_260                               TM-score=0.66192  RMSD=3.37
  sample_261                               TM-score=0.71972  RMSD=3.07
  sample_262                               TM-score=0.76923  RMSD=2.63
  sample_263                               TM-score=0.74045  RMSD=2.89
  sample_264                               TM-score=0.71945  RMSD=3.02
  sample_265                               TM-score=0.72068  RMSD=3.11
  sample_266                               TM-score=0.4146  RMSD=4.66
  sample_267                               TM-score=0.68278  RMSD=3.57
  sample_268                               TM-score=0.72447  RMSD=2.86
  sample_269                               TM-score=0.68781  RMSD=3.08
  sample_27                                TM-score=0.77499  RMSD=2.59
  sample_270                               TM-score=0.64908  RMSD=3.65
  sample_271                               TM-score=0.58177  RMSD=4.15
  sample_272                               TM-score=0.66376  RMSD=3.27
  sample_273                               TM-score=0.73087  RMSD=2.81
  sample_274                               TM-score=0.58064  RMSD=4.07
  sample_275                               TM-score=0.61424  RMSD=3.72
  sample_276                               TM-score=0.72121  RMSD=3.1
  sample_277                               TM-score=0.6605  RMSD=3.43
  sample_278                               TM-score=0.75773  RMSD=2.59
  sample_279                               TM-score=0.75039  RMSD=2.4
  sample_28                                TM-score=0.62228  RMSD=3.7
  sample_280                               TM-score=0.69574  RMSD=3.17
  sample_281                               TM-score=0.5933  RMSD=4.03
  sample_282                               TM-score=0.698  RMSD=3.37
  sample_283                               TM-score=0.66063  RMSD=3.62
  sample_284                               TM-score=0.53283  RMSD=3.6
  sample_285                               TM-score=0.70438  RMSD=3.02
  sample_286                               TM-score=0.68375  RMSD=3.1
  sample_287                               TM-score=0.63762  RMSD=3.66
  sample_288                               TM-score=0.68409  RMSD=3.3
  sample_289                               TM-score=0.75013  RMSD=2.65
  sample_29                                TM-score=0.66173  RMSD=3.24
  sample_290                               TM-score=0.66949  RMSD=2.6
  sample_291                               TM-score=0.76538  RMSD=2.7
  sample_292                               TM-score=0.61673  RMSD=3.6
  sample_293                               TM-score=0.70401  RMSD=2.99
  sample_294                               TM-score=0.55597  RMSD=4.02
  sample_295                               TM-score=0.55562  RMSD=4.17
  sample_296                               TM-score=0.59168  RMSD=3.72
  sample_297                               TM-score=0.64412  RMSD=3.56
  sample_298                               TM-score=0.55382  RMSD=3.5
  sample_299                               TM-score=0.66779  RMSD=3.4
  sample_3                                 TM-score=0.64476  RMSD=3.59
  sample_30                                TM-score=0.63691  RMSD=3.52
  sample_300                               TM-score=0.58644  RMSD=4.01
  sample_31                                TM-score=0.7342  RMSD=2.91
  sample_32                                TM-score=0.70759  RMSD=3.06
  sample_33                                TM-score=0.62184  RMSD=3.8
  sample_34                                TM-score=0.65159  RMSD=3.55
  sample_35                                TM-score=0.58756  RMSD=3.95
  sample_36                                TM-score=0.31969  RMSD=3.33
  sample_37                                TM-score=0.70046  RMSD=3.16
  sample_38                                TM-score=0.67849  RMSD=3.3
  sample_39                                TM-score=0.75199  RMSD=2.69
  sample_4                                 TM-score=0.71473  RMSD=3.17
  sample_40                                TM-score=0.5572  RMSD=3.77
  sample_41                                TM-score=0.69939  RMSD=3.29
  sample_42                                TM-score=0.62214  RMSD=3.81
  sample_43                                TM-score=0.62499  RMSD=3.69
  sample_44                                TM-score=0.59048  RMSD=3.77
  sample_45                                TM-score=0.55155  RMSD=4.01
  sample_46                                TM-score=0.63885  RMSD=3.53
  sample_47                                TM-score=0.7758  RMSD=2.44
  sample_48                                TM-score=0.73497  RMSD=2.84
  sample_49                                TM-score=0.61878  RMSD=3.74
  sample_5                                 TM-score=0.62635  RMSD=3.56
  sample_50                                TM-score=0.68895  RMSD=3.19
  sample_51                                TM-score=0.75878  RMSD=2.66
  sample_52                                TM-score=0.51706  RMSD=3.64
  sample_53                                TM-score=0.64593  RMSD=3.4
  sample_54                                TM-score=0.68913  RMSD=3.31
  sample_55                                TM-score=0.73046  RMSD=3.02
  sample_56                                TM-score=0.71846  RMSD=3.07
  sample_57                                TM-score=0.40423  RMSD=4.25
  sample_58                                TM-score=0.65054  RMSD=3.69
  sample_59                                TM-score=0.6104  RMSD=3.7
  sample_6                                 TM-score=0.66847  RMSD=3.33
  sample_60                                TM-score=0.64957  RMSD=3.6
  sample_61                                TM-score=0.73899  RMSD=2.68
  sample_62                                TM-score=0.75734  RMSD=2.7
  sample_63                                TM-score=0.61343  RMSD=3.71
  sample_64                                TM-score=0.73889  RMSD=2.68
  sample_65                                TM-score=0.6874  RMSD=3.33
  sample_66                                TM-score=0.65778  RMSD=3.37
  sample_67                                TM-score=0.6587  RMSD=3.26
  sample_68                                TM-score=0.59208  RMSD=3.99
  sample_69                                TM-score=0.69442  RMSD=3.22
  sample_7                                 TM-score=0.75647  RMSD=2.94
  sample_70                                TM-score=0.72445  RMSD=2.91
  sample_71                                TM-score=0.72947  RMSD=2.73
  sample_72                                TM-score=0.58412  RMSD=3.15
  sample_73                                TM-score=0.49109  RMSD=4.59
  sample_74                                TM-score=0.66299  RMSD=3.28
  sample_75                                TM-score=0.66545  RMSD=3.53
  sample_76                                TM-score=0.6512  RMSD=3.84
  sample_77                                TM-score=0.25209  RMSD=5.12
  sample_78                                TM-score=0.6985  RMSD=3.24
  sample_79                                TM-score=0.5672  RMSD=3.89
  sample_8                                 TM-score=0.73872  RMSD=2.65
  sample_80                                TM-score=0.61888  RMSD=3.76
  sample_81                                TM-score=0.56149  RMSD=4.26
  sample_82                                TM-score=0.67284  RMSD=3.15
  sample_83                                TM-score=0.66162  RMSD=3.26
  sample_84                                TM-score=0.59608  RMSD=3.65
  sample_85                                TM-score=0.6387  RMSD=3.6
  sample_86                                TM-score=0.69126  RMSD=3.15
  sample_87                                TM-score=0.56881  RMSD=3.17
  sample_88                                TM-score=0.65964  RMSD=3.63
  sample_89                                TM-score=0.7244  RMSD=2.99
  sample_9                                 TM-score=0.67121  RMSD=3.49
  sample_90                                TM-score=0.73611  RMSD=2.74
  sample_91                                TM-score=0.47794  RMSD=3.53
  sample_92                                TM-score=0.72941  RMSD=2.93
  sample_93                                TM-score=0.71128  RMSD=3.2
  sample_94                                TM-score=0.66546  RMSD=3.26
  sample_95                                TM-score=0.63006  RMSD=3.63
  sample_96                                TM-score=0.64219  RMSD=3.86
  sample_97                                TM-score=0.68487  RMSD=3.29
  sample_98                                TM-score=0.73985  RMSD=2.91
  sample_99                                TM-score=0.66689  RMSD=3.52
已写入 L11design/data/exp3/protein_q6.87//tm.csv
  sample_1                                 TM-score=0.55123  RMSD=4.11
  sample_10                                TM-score=0.67122  RMSD=3.21
  sample_100                               TM-score=0.68672  RMSD=3.51
  sample_101                               TM-score=0.72487  RMSD=2.99
  sample_102                               TM-score=0.65792  RMSD=3.57
  sample_103                               TM-score=0.70806  RMSD=3.22
  sample_104                               TM-score=0.60539  RMSD=3.82
  sample_105                               TM-score=0.65403  RMSD=3.66
  sample_106                               TM-score=0.5166  RMSD=3.63
  sample_107                               TM-score=0.61522  RMSD=3.91
  sample_108                               TM-score=0.68368  RMSD=3.15
  sample_109                               TM-score=0.61011  RMSD=3.06
  sample_11                                TM-score=0.64803  RMSD=3.68
  sample_110                               TM-score=0.67211  RMSD=3.17
  sample_111                               TM-score=0.65508  RMSD=3.5
  sample_112                               TM-score=0.77307  RMSD=2.7
  sample_113                               TM-score=0.76255  RMSD=2.46
  sample_114                               TM-score=0.69288  RMSD=3.22
  sample_115                               TM-score=0.62253  RMSD=3.0
  sample_116                               TM-score=0.6169  RMSD=3.96
  sample_117                               TM-score=0.59558  RMSD=4.03
  sample_118                               TM-score=0.76166  RMSD=2.73
  sample_119                               TM-score=0.69416  RMSD=3.19
  sample_12                                TM-score=0.7314  RMSD=2.81
  sample_120                               TM-score=0.63622  RMSD=3.8
  sample_121                               TM-score=0.57036  RMSD=3.98
  sample_122                               TM-score=0.66549  RMSD=3.31
  sample_123                               TM-score=0.64493  RMSD=3.51
  sample_124                               TM-score=0.56249  RMSD=3.99
  sample_125                               TM-score=0.72004  RMSD=3.09
  sample_126                               TM-score=0.62126  RMSD=3.58
  sample_127                               TM-score=0.48802  RMSD=4.37
  sample_128                               TM-score=0.68287  RMSD=3.04
  sample_129                               TM-score=0.70425  RMSD=3.11
  sample_13                                TM-score=0.48506  RMSD=4.07
  sample_130                               TM-score=0.64827  RMSD=3.58
  sample_131                               TM-score=0.52503  RMSD=4.54
  sample_132                               TM-score=0.64745  RMSD=3.26
  sample_133                               TM-score=0.53566  RMSD=2.97
  sample_134                               TM-score=0.54745  RMSD=3.31
  sample_135                               TM-score=0.63856  RMSD=3.62
  sample_136                               TM-score=0.76234  RMSD=2.68
  sample_137                               TM-score=0.71551  RMSD=3.03
  sample_138                               TM-score=0.66226  RMSD=3.62
  sample_139                               TM-score=0.63548  RMSD=3.43
  sample_14                                TM-score=0.70108  RMSD=3.08
  sample_140                               TM-score=0.61999  RMSD=3.8
  sample_141                               TM-score=0.69644  RMSD=3.3
  sample_142                               TM-score=0.65741  RMSD=3.39
  sample_143                               TM-score=0.65811  RMSD=3.57
  sample_144                               TM-score=0.63015  RMSD=3.56
  sample_145                               TM-score=0.68066  RMSD=3.29
  sample_146                               TM-score=0.62332  RMSD=3.68
  sample_147                               TM-score=0.70845  RMSD=3.05
  sample_148                               TM-score=0.62342  RMSD=3.56
  sample_149                               TM-score=0.69056  RMSD=3.33
  sample_15                                TM-score=0.72677  RMSD=2.84
  sample_150                               TM-score=0.60053  RMSD=3.85
  sample_151                               TM-score=0.6756  RMSD=3.3
  sample_152                               TM-score=0.55082  RMSD=4.32
  sample_153                               TM-score=0.638  RMSD=3.63
  sample_154                               TM-score=0.69351  RMSD=3.11
  sample_155                               TM-score=0.68259  RMSD=3.28
  sample_156                               TM-score=0.64378  RMSD=3.59
  sample_157                               TM-score=0.71884  RMSD=3.11
  sample_158                               TM-score=0.7316  RMSD=2.96
  sample_159                               TM-score=0.77165  RMSD=2.62
  sample_16                                TM-score=0.60659  RMSD=3.69
  sample_160                               TM-score=0.69124  RMSD=3.29
  sample_161                               TM-score=0.69203  RMSD=3.24
  sample_162                               TM-score=0.69304  RMSD=3.08
  sample_163                               TM-score=0.62358  RMSD=3.62
  sample_164                               TM-score=0.6953  RMSD=3.24
  sample_165                               TM-score=0.6192  RMSD=3.59
  sample_166                               TM-score=0.62687  RMSD=3.87
  sample_167                               TM-score=0.53925  RMSD=4.47
  sample_168                               TM-score=0.68993  RMSD=3.32
  sample_169                               TM-score=0.70283  RMSD=3.1
  sample_17                                TM-score=0.70323  RMSD=3.31
  sample_170                               TM-score=0.65381  RMSD=3.53
  sample_171                               TM-score=0.76013  RMSD=2.72
  sample_172                               TM-score=0.61489  RMSD=3.72
  sample_173                               TM-score=0.62824  RMSD=3.63
  sample_174                               TM-score=0.69845  RMSD=3.13
  sample_175                               TM-score=0.65215  RMSD=3.57
  sample_176                               TM-score=0.72136  RMSD=2.93
  sample_177                               TM-score=0.74852  RMSD=2.75
  sample_178                               TM-score=0.7157  RMSD=3.0
  sample_179                               TM-score=0.74064  RMSD=2.81
  sample_18                                TM-score=0.55818  RMSD=4.08
  sample_180                               TM-score=0.67049  RMSD=3.31
  sample_181                               TM-score=0.7489  RMSD=2.78
  sample_182                               TM-score=0.7583  RMSD=2.74
  sample_183                               TM-score=0.54622  RMSD=4.01
  sample_184                               TM-score=0.69744  RMSD=2.94
  sample_185                               TM-score=0.77323  RMSD=2.53
  sample_186                               TM-score=0.685  RMSD=3.24
  sample_187                               TM-score=0.68517  RMSD=3.3
  sample_188                               TM-score=0.60229  RMSD=3.74
  sample_189                               TM-score=0.61775  RMSD=3.65
  sample_19                                TM-score=0.76115  RMSD=2.7
  sample_190                               TM-score=0.61136  RMSD=3.99
  sample_191                               TM-score=0.70479  RMSD=3.11
  sample_192                               TM-score=0.72737  RMSD=2.98
  sample_193                               TM-score=0.68947  RMSD=3.32
  sample_194                               TM-score=0.73177  RMSD=3.08
  sample_195                               TM-score=0.7238  RMSD=2.98
  sample_196                               TM-score=0.70152  RMSD=3.16
  sample_197                               TM-score=0.71434  RMSD=3.02
  sample_198                               TM-score=0.55666  RMSD=3.96
  sample_199                               TM-score=0.66211  RMSD=3.37
  sample_2                                 TM-score=0.69781  RMSD=3.13
  sample_20                                TM-score=0.54842  RMSD=3.77
  sample_200                               TM-score=0.67486  RMSD=3.37
  sample_201                               TM-score=0.30497  RMSD=4.38
  sample_202                               TM-score=0.70384  RMSD=3.03
  sample_203                               TM-score=0.66021  RMSD=3.47
  sample_204                               TM-score=0.67638  RMSD=3.37
  sample_205                               TM-score=0.55897  RMSD=3.3
  sample_206                               TM-score=0.58245  RMSD=3.78
  sample_207                               TM-score=0.65946  RMSD=3.49
  sample_208                               TM-score=0.51288  RMSD=4.06
  sample_209                               TM-score=0.67043  RMSD=3.29
  sample_21                                TM-score=0.58797  RMSD=3.32
  sample_210                               TM-score=0.63851  RMSD=3.78
  sample_211                               TM-score=0.59238  RMSD=3.66
  sample_212                               TM-score=0.62451  RMSD=3.78
  sample_213                               TM-score=0.75564  RMSD=2.79
  sample_214                               TM-score=0.60831  RMSD=3.87
  sample_215                               TM-score=0.62522  RMSD=3.48
  sample_216                               TM-score=0.74538  RMSD=2.92
  sample_217                               TM-score=0.51258  RMSD=4.55
  sample_218                               TM-score=0.57897  RMSD=4.08
  sample_219                               TM-score=0.57687  RMSD=4.04
  sample_22                                TM-score=0.60844  RMSD=3.7
  sample_220                               TM-score=0.57391  RMSD=4.11
  sample_221                               TM-score=0.60375  RMSD=3.46
  sample_222                               TM-score=0.66294  RMSD=3.38
  sample_223                               TM-score=0.68551  RMSD=3.09
  sample_224                               TM-score=0.72092  RMSD=3.18
  sample_225                               TM-score=0.69028  RMSD=3.21
  sample_226                               TM-score=0.68927  RMSD=3.18
  sample_227                               TM-score=0.74525  RMSD=2.75
  sample_228                               TM-score=0.67521  RMSD=3.14
  sample_229                               TM-score=0.72202  RMSD=2.84
  sample_23                                TM-score=0.73875  RMSD=2.93
  sample_230                               TM-score=0.5684  RMSD=3.73
  sample_231                               TM-score=0.65506  RMSD=3.52
  sample_232                               TM-score=0.6934  RMSD=3.26
  sample_233                               TM-score=0.71184  RMSD=3.01
  sample_234                               TM-score=0.66558  RMSD=3.27
  sample_235                               TM-score=0.64292  RMSD=3.57
  sample_236                               TM-score=0.69323  RMSD=3.3
  sample_237                               TM-score=0.75775  RMSD=2.58
  sample_238                               TM-score=0.63315  RMSD=3.49
  sample_239                               TM-score=0.67962  RMSD=3.18
  sample_24                                TM-score=0.65721  RMSD=3.34
  sample_240                               TM-score=0.55896  RMSD=3.92
  sample_241                               TM-score=0.73069  RMSD=2.96
  sample_242                               TM-score=0.74035  RMSD=2.81
  sample_243                               TM-score=0.25526  RMSD=5.01
  sample_244                               TM-score=0.69559  RMSD=3.26
  sample_245                               TM-score=0.69878  RMSD=3.2
  sample_246                               TM-score=0.72453  RMSD=2.92
  sample_247                               TM-score=0.67723  RMSD=3.24
  sample_248                               TM-score=0.58856  RMSD=4.07
  sample_249                               TM-score=0.66657  RMSD=3.59
  sample_25                                TM-score=0.67333  RMSD=3.53
  sample_250                               TM-score=0.67898  RMSD=3.29
  sample_251                               TM-score=0.61542  RMSD=3.94
  sample_252                               TM-score=0.62044  RMSD=3.68
  sample_253                               TM-score=0.52527  RMSD=4.05
  sample_254                               TM-score=0.62385  RMSD=3.76
  sample_255                               TM-score=0.65166  RMSD=3.46
  sample_256                               TM-score=0.67131  RMSD=3.31
  sample_257                               TM-score=0.61177  RMSD=3.76
  sample_258                               TM-score=0.54913  RMSD=4.21
  sample_259                               TM-score=0.27757  RMSD=4.01
  sample_26                                TM-score=0.70983  RMSD=3.07
  sample_260                               TM-score=0.63071  RMSD=3.65
  sample_261                               TM-score=0.714  RMSD=3.1
  sample_262                               TM-score=0.75374  RMSD=2.84
  sample_263                               TM-score=0.30219  RMSD=3.83
  sample_264                               TM-score=0.66911  RMSD=3.5
  sample_265                               TM-score=0.73957  RMSD=3.02
  sample_266                               TM-score=0.50298  RMSD=4.07
  sample_267                               TM-score=0.73026  RMSD=2.98
  sample_268                               TM-score=0.72846  RMSD=3.0
  sample_269                               TM-score=0.78069  RMSD=2.51
  sample_27                                TM-score=0.74204  RMSD=2.89
  sample_270                               TM-score=0.69016  RMSD=3.08
  sample_271                               TM-score=0.72482  RMSD=2.93
  sample_272                               TM-score=0.68853  RMSD=3.28
  sample_273                               TM-score=0.63149  RMSD=3.65
  sample_274                               TM-score=0.31653  RMSD=4.41
  sample_275                               TM-score=0.67722  RMSD=3.48
  sample_276                               TM-score=0.68633  RMSD=3.16
  sample_277                               TM-score=0.69701  RMSD=3.19
  sample_278                               TM-score=0.6477  RMSD=3.83
  sample_279                               TM-score=0.66027  RMSD=3.65
  sample_28                                TM-score=0.73403  RMSD=2.9
  sample_280                               TM-score=0.74289  RMSD=2.75
  sample_281                               TM-score=0.73258  RMSD=3.1
  sample_282                               TM-score=0.62571  RMSD=3.61
  sample_283                               TM-score=0.65708  RMSD=3.48
  sample_284                               TM-score=0.64543  RMSD=3.43
  sample_285                               TM-score=0.71465  RMSD=3.1
  sample_286                               TM-score=0.71009  RMSD=3.17
  sample_287                               TM-score=0.51217  RMSD=3.93
  sample_288                               TM-score=0.7508  RMSD=2.7
  sample_289                               TM-score=0.68888  RMSD=3.14
  sample_29                                TM-score=0.58587  RMSD=3.95
  sample_290                               TM-score=0.67694  RMSD=3.12
  sample_291                               TM-score=0.65042  RMSD=3.38
  sample_292                               TM-score=0.72739  RMSD=2.82
  sample_293                               TM-score=0.57593  RMSD=3.93
  sample_294                               TM-score=0.70125  RMSD=3.2
  sample_295                               TM-score=0.69917  RMSD=3.15
  sample_296                               TM-score=0.78641  RMSD=2.51
  sample_297                               TM-score=0.61998  RMSD=3.74
  sample_298                               TM-score=0.5577  RMSD=4.05
  sample_299                               TM-score=0.73039  RMSD=2.93
  sample_3                                 TM-score=0.71502  RMSD=3.11
  sample_30                                TM-score=0.69443  RMSD=3.22
  sample_300                               TM-score=0.66429  RMSD=3.38
  sample_31                                TM-score=0.56861  RMSD=3.93
  sample_32                                TM-score=0.70375  RMSD=3.18
  sample_33                                TM-score=0.72214  RMSD=2.93
  sample_34                                TM-score=0.67702  RMSD=3.13
  sample_35                                TM-score=0.62986  RMSD=3.86
  sample_36                                TM-score=0.69916  RMSD=3.14
  sample_37                                TM-score=0.5937  RMSD=3.62
  sample_38                                TM-score=0.63732  RMSD=3.48
  sample_39                                TM-score=0.65074  RMSD=3.28
  sample_4                                 TM-score=0.7021  RMSD=3.31
  sample_40                                TM-score=0.65025  RMSD=3.63
  sample_41                                TM-score=0.72291  RMSD=2.93
  sample_42                                TM-score=0.71929  RMSD=3.1
  sample_43                                TM-score=0.69484  RMSD=3.27
  sample_44                                TM-score=0.42027  RMSD=3.45
  sample_45                                TM-score=0.64861  RMSD=3.48
  sample_46                                TM-score=0.70464  RMSD=3.08
  sample_47                                TM-score=0.64587  RMSD=3.54
  sample_48                                TM-score=0.72403  RMSD=2.8
  sample_49                                TM-score=0.61345  RMSD=4.06
  sample_5                                 TM-score=0.60736  RMSD=3.72
  sample_50                                TM-score=0.59903  RMSD=3.75
  sample_51                                TM-score=0.66019  RMSD=3.19
  sample_52                                TM-score=0.73582  RMSD=2.91
  sample_53                                TM-score=0.737  RMSD=2.76
  sample_54                                TM-score=0.52556  RMSD=3.15
  sample_55                                TM-score=0.65984  RMSD=3.57
  sample_56                                TM-score=0.66155  RMSD=3.4
  sample_57                                TM-score=0.71378  RMSD=2.9
  sample_58                                TM-score=0.63759  RMSD=3.23
  sample_59                                TM-score=0.74183  RMSD=2.88
  sample_6                                 TM-score=0.65914  RMSD=3.5
  sample_60                                TM-score=0.67715  RMSD=3.23
  sample_61                                TM-score=0.73655  RMSD=2.88
  sample_62                                TM-score=0.56365  RMSD=4.37
  sample_63                                TM-score=0.63515  RMSD=3.47
  sample_64                                TM-score=0.59165  RMSD=3.88
  sample_65                                TM-score=0.61823  RMSD=3.9
  sample_66                                TM-score=0.6632  RMSD=3.42
  sample_67                                TM-score=0.74331  RMSD=2.79
  sample_68                                TM-score=0.63419  RMSD=3.53
  sample_69                                TM-score=0.75883  RMSD=2.65
  sample_7                                 TM-score=0.7228  RMSD=2.98
  sample_70                                TM-score=0.65339  RMSD=3.25
  sample_71                                TM-score=0.51999  RMSD=4.24
  sample_72                                TM-score=0.71452  RMSD=3.09
  sample_73                                TM-score=0.58157  RMSD=3.47
  sample_74                                TM-score=0.637  RMSD=3.75
  sample_75                                TM-score=0.70586  RMSD=2.99
  sample_76                                TM-score=0.73218  RMSD=2.81
  sample_77                                TM-score=0.68392  RMSD=3.38
  sample_78                                TM-score=0.74605  RMSD=2.85
  sample_79                                TM-score=0.68943  RMSD=3.4
  sample_8                                 TM-score=0.73968  RMSD=2.86
  sample_80                                TM-score=0.7407  RMSD=2.89
  sample_81                                TM-score=0.70603  RMSD=3.08
  sample_82                                TM-score=0.71561  RMSD=3.0
  sample_83                                TM-score=0.24857  RMSD=4.78
  sample_84                                TM-score=0.77168  RMSD=2.34
  sample_85                                TM-score=0.63293  RMSD=3.97
  sample_86                                TM-score=0.72004  RMSD=3.14
  sample_87                                TM-score=0.68875  RMSD=3.19
  sample_88                                TM-score=0.58665  RMSD=3.71
  sample_89                                TM-score=0.64994  RMSD=3.04
  sample_9                                 TM-score=0.60042  RMSD=4.05
  sample_90                                TM-score=0.51899  RMSD=4.16
  sample_91                                TM-score=0.70326  RMSD=3.25
  sample_92                                TM-score=0.74395  RMSD=2.87
  sample_93                                TM-score=0.6784  RMSD=3.39
  sample_94                                TM-score=0.72791  RMSD=3.2
  sample_95                                TM-score=0.71847  RMSD=3.13
  sample_96                                TM-score=0.58399  RMSD=3.27
  sample_97                                TM-score=0.7526  RMSD=2.6
  sample_98                                TM-score=0.71012  RMSD=2.95
  sample_99                                TM-score=0.69907  RMSD=3.33
已写入 L11design/data/exp3/protein_q8//tm.csv
  native                                   TM-score=0.79393  RMSD=2.67
  sample_1                                 TM-score=0.7359  RMSD=2.67
  sample_10                                TM-score=0.58022  RMSD=3.99
  sample_100                               TM-score=0.71982  RMSD=3.09
  sample_11                                TM-score=0.55601  RMSD=3.99
  sample_12                                TM-score=0.58807  RMSD=3.45
  sample_13                                TM-score=0.65709  RMSD=3.44
  sample_14                                TM-score=0.75493  RMSD=2.72
  sample_15                                TM-score=0.55727  RMSD=4.22
  sample_16                                TM-score=0.72666  RMSD=2.85
  sample_17                                TM-score=0.27134  RMSD=5.57
  sample_18                                TM-score=0.29644  RMSD=4.79
  sample_19                                TM-score=0.60662  RMSD=3.82
  sample_2                                 TM-score=0.51282  RMSD=3.54
  sample_20                                TM-score=0.73335  RMSD=3.04
  sample_21                                TM-score=0.56605  RMSD=4.0
  sample_22                                TM-score=0.61773  RMSD=3.97
  sample_23                                TM-score=0.73801  RMSD=2.7
  sample_24                                TM-score=0.64231  RMSD=3.74
  sample_25                                TM-score=0.67085  RMSD=3.73
  sample_26                                TM-score=0.26793  RMSD=4.94
  sample_27                                TM-score=0.68218  RMSD=3.19
  sample_28                                TM-score=0.61537  RMSD=3.65
  sample_29                                TM-score=0.75915  RMSD=2.7
  sample_3                                 TM-score=0.63467  RMSD=3.62
  sample_30                                TM-score=0.63279  RMSD=3.49
  sample_31                                TM-score=0.55928  RMSD=4.24
  sample_32                                TM-score=0.71826  RMSD=3.04
  sample_33                                TM-score=0.58723  RMSD=3.94
  sample_34                                TM-score=0.51463  RMSD=4.38
  sample_35                                TM-score=0.55683  RMSD=4.17
  sample_36                                TM-score=0.69029  RMSD=3.04
  sample_37                                TM-score=0.61634  RMSD=3.59
  sample_38                                TM-score=0.63701  RMSD=3.58
  sample_39                                TM-score=0.73047  RMSD=2.83
  sample_4                                 TM-score=0.55003  RMSD=4.21
  sample_40                                TM-score=0.66713  RMSD=3.59
  sample_41                                TM-score=0.67114  RMSD=3.41
  sample_42                                TM-score=0.22999  RMSD=4.69
  sample_43                                TM-score=0.69398  RMSD=2.93
  sample_44                                TM-score=0.6595  RMSD=3.34
  sample_45                                TM-score=0.54165  RMSD=3.71
  sample_46                                TM-score=0.54828  RMSD=4.04
  sample_47                                TM-score=0.57963  RMSD=3.98
  sample_48                                TM-score=0.23855  RMSD=5.01
  sample_49                                TM-score=0.55256  RMSD=4.09
  sample_5                                 TM-score=0.52047  RMSD=3.49
  sample_50                                TM-score=0.50539  RMSD=3.81
  sample_51                                TM-score=0.70375  RMSD=2.93
  sample_52                                TM-score=0.25194  RMSD=4.56
  sample_53                                TM-score=0.52735  RMSD=3.74
  sample_54                                TM-score=0.61479  RMSD=3.54
  sample_55                                TM-score=0.23448  RMSD=5.57
  sample_56                                TM-score=0.67206  RMSD=3.23
  sample_57                                TM-score=0.60188  RMSD=3.9
  sample_58                                TM-score=0.58848  RMSD=3.92
  sample_59                                TM-score=0.68055  RMSD=3.39
  sample_6                                 TM-score=0.7025  RMSD=3.08
  sample_60                                TM-score=0.51736  RMSD=3.56
  sample_61                                TM-score=0.67063  RMSD=3.33
  sample_62                                TM-score=0.56387  RMSD=3.93
  sample_63                                TM-score=0.69606  RMSD=3.01
  sample_64                                TM-score=0.71528  RMSD=2.83
  sample_65                                TM-score=0.63956  RMSD=3.76
  sample_66                                TM-score=0.58363  RMSD=3.87
  sample_67                                TM-score=0.67221  RMSD=3.36
  sample_68                                TM-score=0.65516  RMSD=3.32
  sample_69                                TM-score=0.72088  RMSD=3.04
  sample_7                                 TM-score=0.2239  RMSD=5.58
  sample_70                                TM-score=0.53622  RMSD=4.17
  sample_71                                TM-score=0.54109  RMSD=4.0
  sample_72                                TM-score=0.73001  RMSD=2.95
  sample_73                                TM-score=0.5598  RMSD=4.12
  sample_74                                TM-score=0.57558  RMSD=3.94
  sample_75                                TM-score=0.69044  RMSD=3.35
  sample_76                                TM-score=0.57962  RMSD=4.0
  sample_77                                TM-score=0.66274  RMSD=3.32
  sample_78                                TM-score=0.53444  RMSD=4.06
  sample_79                                TM-score=0.54391  RMSD=4.1
  sample_8                                 TM-score=0.62517  RMSD=3.55
  sample_80                                TM-score=0.70312  RMSD=3.04
  sample_81                                TM-score=0.55799  RMSD=3.78
  sample_82                                TM-score=0.66036  RMSD=3.49
  sample_83                                TM-score=0.5486  RMSD=4.13
  sample_84                                TM-score=0.64551  RMSD=3.51
  sample_85                                TM-score=0.7373  RMSD=2.94
  sample_86                                TM-score=0.27378  RMSD=4.94
  sample_87                                TM-score=0.65073  RMSD=3.26
  sample_88                                TM-score=0.55864  RMSD=3.96
  sample_89                                TM-score=0.64966  RMSD=3.52
  sample_9                                 TM-score=0.68061  RMSD=3.62
  sample_90                                TM-score=0.67166  RMSD=3.29
  sample_91                                TM-score=0.66912  RMSD=3.18
  sample_92                                TM-score=0.55415  RMSD=3.83
  sample_93                                TM-score=0.21224  RMSD=5.29
  sample_94                                TM-score=0.58944  RMSD=3.92
  sample_95                                TM-score=0.5563  RMSD=3.08
  sample_96                                TM-score=0.55682  RMSD=4.35
  sample_97                                TM-score=0.68734  RMSD=3.07
  sample_98                                TM-score=0.28861  RMSD=4.94
  sample_99                                TM-score=0.47349  RMSD=4.47
已写入 L11design/data/exp4/lig_C1//tm.csv
  native                                   TM-score=0.79393  RMSD=2.67
  sample_1                                 TM-score=0.55563  RMSD=4.09
  sample_10                                TM-score=0.64936  RMSD=3.56
  sample_100                               TM-score=0.71307  RMSD=3.22
  sample_11                                TM-score=0.58499  RMSD=3.97
  sample_12                                TM-score=0.64554  RMSD=3.56
  sample_13                                TM-score=0.67195  RMSD=3.45
  sample_14                                TM-score=0.57097  RMSD=3.24
  sample_15                                TM-score=0.57782  RMSD=3.89
  sample_16                                TM-score=0.61261  RMSD=3.69
  sample_17                                TM-score=0.69161  RMSD=3.37
  sample_18                                TM-score=0.78357  RMSD=2.5
  sample_19                                TM-score=0.55467  RMSD=3.26
  sample_2                                 TM-score=0.74896  RMSD=2.62
  sample_20                                TM-score=0.67498  RMSD=3.28
  sample_21                                TM-score=0.67314  RMSD=3.33
  sample_22                                TM-score=0.77069  RMSD=2.67
  sample_23                                TM-score=0.52332  RMSD=3.68
  sample_24                                TM-score=0.56691  RMSD=3.55
  sample_25                                TM-score=0.22887  RMSD=4.71
  sample_26                                TM-score=0.22957  RMSD=5.29
  sample_27                                TM-score=0.70757  RMSD=3.08
  sample_28                                TM-score=0.63248  RMSD=3.97
  sample_29                                TM-score=0.7098  RMSD=2.87
  sample_3                                 TM-score=0.54922  RMSD=3.95
  sample_30                                TM-score=0.6322  RMSD=3.55
  sample_31                                TM-score=0.74214  RMSD=2.85
  sample_32                                TM-score=0.60245  RMSD=3.84
  sample_33                                TM-score=0.6325  RMSD=3.21
  sample_34                                TM-score=0.71594  RMSD=2.87
  sample_35                                TM-score=0.64944  RMSD=3.34
  sample_36                                TM-score=0.49964  RMSD=3.64
  sample_37                                TM-score=0.72476  RMSD=2.85
  sample_38                                TM-score=0.67939  RMSD=3.21
  sample_39                                TM-score=0.68213  RMSD=3.09
  sample_4                                 TM-score=0.55148  RMSD=4.6
  sample_40                                TM-score=0.62918  RMSD=3.5
  sample_41                                TM-score=0.72314  RMSD=2.86
  sample_42                                TM-score=0.47105  RMSD=4.25
  sample_43                                TM-score=0.61681  RMSD=3.59
  sample_44                                TM-score=0.75293  RMSD=2.85
  sample_45                                TM-score=0.64838  RMSD=3.4
  sample_46                                TM-score=0.70134  RMSD=3.18
  sample_47                                TM-score=0.68204  RMSD=3.11
  sample_48                                TM-score=0.65872  RMSD=3.66
  sample_49                                TM-score=0.5323  RMSD=3.88
  sample_5                                 TM-score=0.63117  RMSD=4.04
  sample_50                                TM-score=0.56628  RMSD=4.15
  sample_51                                TM-score=0.70146  RMSD=3.0
  sample_52                                TM-score=0.69066  RMSD=3.15
  sample_53                                TM-score=0.53994  RMSD=3.96
  sample_54                                TM-score=0.56496  RMSD=3.93
  sample_55                                TM-score=0.55232  RMSD=4.17
  sample_56                                TM-score=0.60501  RMSD=4.16
  sample_57                                TM-score=0.69638  RMSD=3.24
  sample_58                                TM-score=0.63405  RMSD=3.42
  sample_59                                TM-score=0.648  RMSD=3.53
  sample_6                                 TM-score=0.59782  RMSD=3.75
  sample_60                                TM-score=0.57821  RMSD=3.86
  sample_61                                TM-score=0.68435  RMSD=3.35
  sample_62                                TM-score=0.55546  RMSD=4.23
  sample_63                                TM-score=0.53973  RMSD=4.0
  sample_64                                TM-score=0.60423  RMSD=3.57
  sample_65                                TM-score=0.55529  RMSD=4.0
  sample_66                                TM-score=0.25074  RMSD=5.62
  sample_67                                TM-score=0.69553  RMSD=3.16
  sample_68                                TM-score=0.58847  RMSD=3.78
  sample_69                                TM-score=0.61751  RMSD=3.73
  sample_7                                 TM-score=0.23413  RMSD=4.96
  sample_70                                TM-score=0.70256  RMSD=3.04
  sample_71                                TM-score=0.63911  RMSD=3.84
  sample_72                                TM-score=0.69323  RMSD=3.27
  sample_73                                TM-score=0.64074  RMSD=3.67
  sample_74                                TM-score=0.62587  RMSD=3.76
  sample_75                                TM-score=0.63827  RMSD=3.33
  sample_76                                TM-score=0.56201  RMSD=4.08
  sample_77                                TM-score=0.58488  RMSD=3.9
  sample_78                                TM-score=0.60337  RMSD=2.52
  sample_79                                TM-score=0.61347  RMSD=3.44
  sample_8                                 TM-score=0.58188  RMSD=3.22
  sample_80                                TM-score=0.57592  RMSD=3.96
  sample_81                                TM-score=0.59505  RMSD=3.96
  sample_82                                TM-score=0.72029  RMSD=2.92
  sample_83                                TM-score=0.72084  RMSD=2.82
  sample_84                                TM-score=0.72352  RMSD=2.89
  sample_85                                TM-score=0.61791  RMSD=3.5
  sample_86                                TM-score=0.61919  RMSD=3.77
  sample_87                                TM-score=0.48702  RMSD=4.31
  sample_88                                TM-score=0.51471  RMSD=3.59
  sample_89                                TM-score=0.57206  RMSD=3.95
  sample_9                                 TM-score=0.62039  RMSD=3.66
  sample_90                                TM-score=0.58379  RMSD=3.91
  sample_91                                TM-score=0.43606  RMSD=4.73
  sample_92                                TM-score=0.59416  RMSD=3.48
  sample_93                                TM-score=0.56975  RMSD=3.96
  sample_94                                TM-score=0.50452  RMSD=3.76
  sample_95                                TM-score=0.61863  RMSD=3.79
  sample_96                                TM-score=0.53166  RMSD=4.6
  sample_97                                TM-score=0.62676  RMSD=3.44
  sample_98                                TM-score=0.74029  RMSD=2.78
  sample_99                                TM-score=0.51599  RMSD=3.52
已写入 L11design/data/exp4/lig_C2//tm.csv
  native                                   TM-score=0.79393  RMSD=2.67
  sample_1                                 TM-score=0.72789  RMSD=2.81
  sample_10                                TM-score=0.67577  RMSD=3.53
  sample_100                               TM-score=0.62768  RMSD=3.82
  sample_11                                TM-score=0.72691  RMSD=2.95
  sample_12                                TM-score=0.65877  RMSD=3.53
  sample_13                                TM-score=0.56793  RMSD=4.05
  sample_14                                TM-score=0.66683  RMSD=3.53
  sample_15                                TM-score=0.66493  RMSD=3.37
  sample_16                                TM-score=0.73  RMSD=2.85
  sample_17                                TM-score=0.62413  RMSD=3.6
  sample_18                                TM-score=0.24977  RMSD=5.39
  sample_19                                TM-score=0.66372  RMSD=3.49
  sample_2                                 TM-score=0.60167  RMSD=3.83
  sample_20                                TM-score=0.48904  RMSD=3.65
  sample_21                                TM-score=0.67689  RMSD=3.45
  sample_22                                TM-score=0.488  RMSD=3.86
  sample_23                                TM-score=0.69444  RMSD=3.17
  sample_24                                TM-score=0.64149  RMSD=3.53
  sample_25                                TM-score=0.64618  RMSD=3.35
  sample_26                                TM-score=0.46069  RMSD=4.24
  sample_27                                TM-score=0.61973  RMSD=3.73
  sample_28                                TM-score=0.56335  RMSD=3.82
  sample_29                                TM-score=0.74746  RMSD=2.77
  sample_3                                 TM-score=0.67821  RMSD=3.51
  sample_30                                TM-score=0.67785  RMSD=3.07
  sample_31                                TM-score=0.63752  RMSD=3.4
  sample_32                                TM-score=0.68825  RMSD=3.23
  sample_33                                TM-score=0.61902  RMSD=3.64
  sample_34                                TM-score=0.78116  RMSD=2.56
  sample_35                                TM-score=0.7293  RMSD=2.98
  sample_36                                TM-score=0.69198  RMSD=3.17
  sample_37                                TM-score=0.56419  RMSD=4.2
  sample_38                                TM-score=0.61546  RMSD=3.7
  sample_39                                TM-score=0.64339  RMSD=3.65
  sample_4                                 TM-score=0.73845  RMSD=2.79
  sample_40                                TM-score=0.65919  RMSD=3.44
  sample_41                                TM-score=0.74984  RMSD=2.74
  sample_42                                TM-score=0.61174  RMSD=3.69
  sample_43                                TM-score=0.5976  RMSD=3.06
  sample_44                                TM-score=0.5503  RMSD=4.13
  sample_45                                TM-score=0.61056  RMSD=3.42
  sample_46                                TM-score=0.71697  RMSD=3.05
  sample_47                                TM-score=0.75118  RMSD=2.71
  sample_48                                TM-score=0.73344  RMSD=2.64
  sample_49                                TM-score=0.6057  RMSD=3.87
  sample_5                                 TM-score=0.59544  RMSD=3.93
  sample_50                                TM-score=0.70465  RMSD=2.93
  sample_51                                TM-score=0.66965  RMSD=3.24
  sample_52                                TM-score=0.75688  RMSD=2.75
  sample_53                                TM-score=0.7373  RMSD=2.9
  sample_54                                TM-score=0.67488  RMSD=3.24
  sample_55                                TM-score=0.70258  RMSD=3.23
  sample_56                                TM-score=0.68369  RMSD=3.16
  sample_57                                TM-score=0.71333  RMSD=2.95
  sample_58                                TM-score=0.73999  RMSD=2.64
  sample_59                                TM-score=0.65433  RMSD=3.41
  sample_6                                 TM-score=0.70542  RMSD=2.97
  sample_60                                TM-score=0.7059  RMSD=3.04
  sample_61                                TM-score=0.60038  RMSD=3.86
  sample_62                                TM-score=0.66885  RMSD=3.43
  sample_63                                TM-score=0.63308  RMSD=3.41
  sample_64                                TM-score=0.65115  RMSD=3.49
  sample_65                                TM-score=0.67129  RMSD=3.37
  sample_66                                TM-score=0.68089  RMSD=3.14
  sample_67                                TM-score=0.63779  RMSD=3.84
  sample_68                                TM-score=0.66469  RMSD=3.3
  sample_69                                TM-score=0.68795  RMSD=3.63
  sample_7                                 TM-score=0.70032  RMSD=3.1
  sample_70                                TM-score=0.66839  RMSD=3.49
  sample_71                                TM-score=0.68687  RMSD=3.13
  sample_72                                TM-score=0.63787  RMSD=3.71
  sample_73                                TM-score=0.66954  RMSD=3.56
  sample_74                                TM-score=0.71605  RMSD=2.88
  sample_75                                TM-score=0.70931  RMSD=3.07
  sample_76                                TM-score=0.72668  RMSD=2.96
  sample_77                                TM-score=0.60223  RMSD=3.77
  sample_78                                TM-score=0.70625  RMSD=2.89
  sample_79                                TM-score=0.69104  RMSD=3.12
  sample_8                                 TM-score=0.7357  RMSD=2.78
  sample_80                                TM-score=0.71505  RMSD=2.9
  sample_81                                TM-score=0.7142  RMSD=3.12
  sample_82                                TM-score=0.60665  RMSD=3.85
  sample_83                                TM-score=0.65534  RMSD=3.67
  sample_84                                TM-score=0.65701  RMSD=3.61
  sample_85                                TM-score=0.66724  RMSD=3.39
  sample_86                                TM-score=0.69066  RMSD=3.19
  sample_87                                TM-score=0.60475  RMSD=3.81
  sample_88                                TM-score=0.72219  RMSD=2.9
  sample_89                                TM-score=0.65565  RMSD=3.36
  sample_9                                 TM-score=0.59754  RMSD=3.8
  sample_90                                TM-score=0.64901  RMSD=3.43
  sample_91                                TM-score=0.70121  RMSD=3.27
  sample_92                                TM-score=0.48595  RMSD=3.9
  sample_93                                TM-score=0.64464  RMSD=3.39
  sample_94                                TM-score=0.77509  RMSD=2.57
  sample_95                                TM-score=0.53004  RMSD=4.79
  sample_96                                TM-score=0.65805  RMSD=2.98
  sample_97                                TM-score=0.74084  RMSD=2.97
  sample_98                                TM-score=0.64342  RMSD=3.68
  sample_99                                TM-score=0.58891  RMSD=4.17
已写入 L11design/data/exp4/prot_C1//tm.csv
  native                                   TM-score=0.79393  RMSD=2.67
  sample_1                                 TM-score=0.54854  RMSD=3.97
  sample_10                                TM-score=0.70293  RMSD=3.08
  sample_100                               TM-score=0.66578  RMSD=3.4
  sample_11                                TM-score=0.68585  RMSD=3.2
  sample_12                                TM-score=0.72017  RMSD=2.84
  sample_13                                TM-score=0.61048  RMSD=3.63
  sample_14                                TM-score=0.7277  RMSD=2.63
  sample_15                                TM-score=0.58746  RMSD=3.84
  sample_16                                TM-score=0.74625  RMSD=2.83
  sample_17                                TM-score=0.62441  RMSD=3.7
  sample_18                                TM-score=0.73557  RMSD=2.85
  sample_19                                TM-score=0.62799  RMSD=3.67
  sample_2                                 TM-score=0.6743  RMSD=3.4
  sample_20                                TM-score=0.68596  RMSD=3.43
  sample_21                                TM-score=0.70043  RMSD=3.04
  sample_22                                TM-score=0.64082  RMSD=3.37
  sample_23                                TM-score=0.69975  RMSD=3.23
  sample_24                                TM-score=0.56403  RMSD=3.16
  sample_25                                TM-score=0.64893  RMSD=3.54
  sample_26                                TM-score=0.75929  RMSD=2.74
  sample_27                                TM-score=0.70486  RMSD=3.27
  sample_28                                TM-score=0.65167  RMSD=3.34
  sample_29                                TM-score=0.69109  RMSD=3.14
  sample_3                                 TM-score=0.60016  RMSD=3.92
  sample_30                                TM-score=0.64885  RMSD=3.42
  sample_31                                TM-score=0.61505  RMSD=3.82
  sample_32                                TM-score=0.73498  RMSD=3.01
  sample_33                                TM-score=0.61214  RMSD=3.71
  sample_34                                TM-score=0.61113  RMSD=3.83
  sample_35                                TM-score=0.77689  RMSD=2.52
  sample_36                                TM-score=0.63014  RMSD=3.72
  sample_37                                TM-score=0.7243  RMSD=3.01
  sample_38                                TM-score=0.66577  RMSD=3.29
  sample_39                                TM-score=0.67206  RMSD=3.33
  sample_4                                 TM-score=0.58813  RMSD=3.74
  sample_40                                TM-score=0.76839  RMSD=2.72
  sample_41                                TM-score=0.70749  RMSD=3.02
  sample_42                                TM-score=0.63063  RMSD=3.56
  sample_43                                TM-score=0.63556  RMSD=3.52
  sample_44                                TM-score=0.6526  RMSD=3.38
  sample_45                                TM-score=0.63826  RMSD=3.48
  sample_46                                TM-score=0.6971  RMSD=3.08
  sample_47                                TM-score=0.65013  RMSD=3.65
  sample_48                                TM-score=0.69543  RMSD=3.1
  sample_49                                TM-score=0.70822  RMSD=3.19
  sample_5                                 TM-score=0.62442  RMSD=3.95
  sample_50                                TM-score=0.66841  RMSD=3.21
  sample_51                                TM-score=0.54352  RMSD=3.23
  sample_52                                TM-score=0.69109  RMSD=3.44
  sample_53                                TM-score=0.7023  RMSD=3.32
  sample_54                                TM-score=0.69087  RMSD=3.22
  sample_55                                TM-score=0.60904  RMSD=3.95
  sample_56                                TM-score=0.70538  RMSD=3.41
  sample_57                                TM-score=0.63762  RMSD=3.78
  sample_58                                TM-score=0.72469  RMSD=2.86
  sample_59                                TM-score=0.68751  RMSD=3.23
  sample_6                                 TM-score=0.65193  RMSD=3.54
  sample_60                                TM-score=0.69551  RMSD=3.29
  sample_61                                TM-score=0.66387  RMSD=3.31
  sample_62                                TM-score=0.56449  RMSD=4.03
  sample_63                                TM-score=0.72166  RMSD=2.81
  sample_64                                TM-score=0.7148  RMSD=2.93
  sample_65                                TM-score=0.70128  RMSD=3.21
  sample_66                                TM-score=0.59299  RMSD=3.88
  sample_67                                TM-score=0.63738  RMSD=3.68
  sample_68                                TM-score=0.67827  RMSD=3.37
  sample_69                                TM-score=0.69251  RMSD=3.08
  sample_7                                 TM-score=0.6023  RMSD=4.06
  sample_70                                TM-score=0.69884  RMSD=3.22
  sample_71                                TM-score=0.65547  RMSD=3.37
  sample_72                                TM-score=0.71422  RMSD=3.28
  sample_73                                TM-score=0.73002  RMSD=2.81
  sample_74                                TM-score=0.69711  RMSD=3.13
  sample_75                                TM-score=0.48826  RMSD=4.22
  sample_76                                TM-score=0.5893  RMSD=3.91
  sample_77                                TM-score=0.68244  RMSD=3.04
  sample_78                                TM-score=0.6237  RMSD=3.52
  sample_79                                TM-score=0.69956  RMSD=3.13
  sample_8                                 TM-score=0.75576  RMSD=2.64
  sample_80                                TM-score=0.64225  RMSD=3.45
  sample_81                                TM-score=0.72052  RMSD=3.0
  sample_82                                TM-score=0.5814  RMSD=3.33
  sample_83                                TM-score=0.69621  RMSD=3.13
  sample_84                                TM-score=0.74792  RMSD=2.84
  sample_85                                TM-score=0.60938  RMSD=4.05
  sample_86                                TM-score=0.71496  RMSD=3.15
  sample_87                                TM-score=0.75082  RMSD=2.79
  sample_88                                TM-score=0.71846  RMSD=2.8
  sample_89                                TM-score=0.65586  RMSD=3.68
  sample_9                                 TM-score=0.54317  RMSD=3.65
  sample_90                                TM-score=0.61997  RMSD=3.83
  sample_91                                TM-score=0.55611  RMSD=4.02
  sample_92                                TM-score=0.59937  RMSD=3.44
  sample_93                                TM-score=0.73858  RMSD=2.93
  sample_94                                TM-score=0.57684  RMSD=4.13
  sample_95                                TM-score=0.61526  RMSD=3.77
  sample_96                                TM-score=0.60361  RMSD=3.7
  sample_97                                TM-score=0.56437  RMSD=4.33
  sample_98                                TM-score=0.76232  RMSD=2.82
  sample_99                                TM-score=0.68055  RMSD=3.28
已写入 L11design/data/exp4/prot_C2//tm.csv
