  native_charge_-26_85                     TM-score=0.98577  RMSD=1.07
  seed_2000_arm_native_target_-27_charge_-22_89 TM-score=0.95591  RMSD=1.91
  seed_2001_arm_native_target_-27_charge_-31_82 TM-score=0.96404  RMSD=1.7
  seed_2002_arm_native_target_-27_charge_-24_87 TM-score=0.96995  RMSD=1.71
  seed_2003_arm_native_target_-27_charge_-17_91 TM-score=0.96713  RMSD=1.74
  seed_2004_arm_native_target_-27_charge_-23_79 TM-score=0.96367  RMSD=1.99
  seed_2005_arm_native_target_-27_charge_-26_67 TM-score=0.96645  RMSD=1.87
  seed_2006_arm_native_target_-27_charge_-17_03 TM-score=0.97437  RMSD=1.48
  seed_2007_arm_native_target_-27_charge_-18_71 TM-score=0.9619  RMSD=1.82
  seed_2008_arm_native_target_-27_charge_-25_90 TM-score=0.96494  RMSD=1.64
  seed_2009_arm_native_target_-27_charge_-19_83 TM-score=0.96582  RMSD=1.58
  seed_2010_arm_native_target_-27_charge_-15_84 TM-score=0.96968  RMSD=1.57
  seed_2011_arm_native_target_-27_charge_-14_76 TM-score=0.95988  RMSD=1.93
  seed_2012_arm_native_target_-27_charge_-20_87 TM-score=0.95914  RMSD=1.86
  seed_2013_arm_native_target_-27_charge_-15_76 TM-score=0.9744  RMSD=1.62
  seed_2014_arm_native_target_-27_charge_-28_71 TM-score=0.96472  RMSD=1.75
  seed_2015_arm_native_target_-27_charge_-16_79 TM-score=0.96265  RMSD=1.72
  seed_2016_arm_native_target_-27_charge_-21_87 TM-score=0.97433  RMSD=1.27
  seed_2017_arm_native_target_-27_charge_-20_96 TM-score=0.95249  RMSD=1.92
  seed_2018_arm_native_target_-27_charge_-27_68 TM-score=0.96409  RMSD=1.78
  seed_2019_arm_native_target_-27_charge_-23_95 TM-score=0.97574  RMSD=1.59
  seed_2020_arm_native_target_-27_charge_-24_02 TM-score=0.96983  RMSD=1.54
  seed_2021_arm_native_target_-27_charge_-27_72 TM-score=0.96662  RMSD=1.81
  seed_2022_arm_native_target_-27_charge_-20_83 TM-score=0.97231  RMSD=1.37
  seed_2023_arm_native_target_-27_charge_-25_83 TM-score=0.9697  RMSD=1.83
  seed_2024_arm_native_target_-27_charge_-17_74 TM-score=0.97112  RMSD=1.65
  seed_2025_arm_native_target_-27_charge_-35_77 TM-score=0.97173  RMSD=1.34
  seed_2026_arm_native_target_-27_charge_-25_75 TM-score=0.96838  RMSD=1.64
  seed_2027_arm_native_target_-27_charge_-18_73 TM-score=0.95988  RMSD=1.77
  seed_2028_arm_native_target_-27_charge_-18_91 TM-score=0.96289  RMSD=1.71
  seed_2029_arm_native_target_-27_charge_-25_99 TM-score=0.97825  RMSD=1.45
已写入 output/generalization_v11a_fold/1A65/arm_native/tm.csv
done 1A65/native
  native_charge_-26_85                     TM-score=0.98577  RMSD=1.07
  seed_2000_arm_n2_target_-29_charge_-24_89 TM-score=0.96207  RMSD=1.79
  seed_2001_arm_n2_target_-29_charge_-32_82 TM-score=0.96817  RMSD=1.61
  seed_2002_arm_n2_target_-29_charge_-23_79 TM-score=0.97424  RMSD=1.22
  seed_2003_arm_n2_target_-29_charge_-23_87 TM-score=0.97079  RMSD=1.52
  seed_2004_arm_n2_target_-29_charge_-25_83 TM-score=0.96687  RMSD=1.82
  seed_2005_arm_n2_target_-29_charge_-30_67 TM-score=0.9586  RMSD=2.11
  seed_2006_arm_n2_target_-29_charge_-17_03 TM-score=0.97639  RMSD=1.43
  seed_2007_arm_n2_target_-29_charge_-24_70 TM-score=0.96468  RMSD=1.91
  seed_2008_arm_n2_target_-29_charge_-26_90 TM-score=0.96646  RMSD=1.6
  seed_2009_arm_n2_target_-29_charge_-19_83 TM-score=0.96384  RMSD=1.68
  seed_2010_arm_n2_target_-29_charge_-15_84 TM-score=0.97122  RMSD=1.56
  seed_2011_arm_n2_target_-29_charge_-17_75 TM-score=0.96921  RMSD=1.68
  seed_2012_arm_n2_target_-29_charge_-19_90 TM-score=0.95991  RMSD=1.82
  seed_2013_arm_n2_target_-29_charge_-15_72 TM-score=0.97359  RMSD=1.62
  seed_2014_arm_n2_target_-29_charge_-27_70 TM-score=0.96464  RMSD=1.83
  seed_2015_arm_n2_target_-29_charge_-24_78 TM-score=0.97123  RMSD=1.61
  seed_2016_arm_n2_target_-29_charge_-25_78 TM-score=0.97466  RMSD=1.52
  seed_2017_arm_n2_target_-29_charge_-22_91 TM-score=0.94551  RMSD=2.18
  seed_2018_arm_n2_target_-29_charge_-28_67 TM-score=0.96179  RMSD=1.66
  seed_2019_arm_n2_target_-29_charge_-24_95 TM-score=0.97372  RMSD=1.28
  seed_2020_arm_n2_target_-29_charge_-24_94 TM-score=0.96917  RMSD=1.58
  seed_2021_arm_n2_target_-29_charge_-28_79 TM-score=0.96912  RMSD=1.69
  seed_2022_arm_n2_target_-29_charge_-24_79 TM-score=0.97174  RMSD=1.4
  seed_2023_arm_n2_target_-29_charge_-27_82 TM-score=0.96278  RMSD=1.74
  seed_2024_arm_n2_target_-29_charge_-21_74 TM-score=0.96099  RMSD=1.85
  seed_2025_arm_n2_target_-29_charge_-35_77 TM-score=0.97234  RMSD=1.62
  seed_2026_arm_n2_target_-29_charge_-31_74 TM-score=0.96644  RMSD=1.61
  seed_2027_arm_n2_target_-29_charge_-22_72 TM-score=0.96178  RMSD=1.61
  seed_2028_arm_n2_target_-29_charge_-27_82 TM-score=0.95875  RMSD=1.75
  seed_2029_arm_n2_target_-29_charge_-30_82 TM-score=0.97497  RMSD=1.57
已写入 output/generalization_v11a_fold/1A65/arm_n2/tm.csv
done 1A65/n2
  native_charge_-26_85                     TM-score=0.98577  RMSD=1.07
  seed_2000_arm_p2_target_-25_charge_-26_86 TM-score=0.95505  RMSD=1.81
  seed_2001_arm_p2_target_-25_charge_-28_86 TM-score=0.96514  RMSD=1.62
  seed_2002_arm_p2_target_-25_charge_-26_87 TM-score=0.96871  RMSD=1.73
  seed_2003_arm_p2_target_-25_charge_-18_92 TM-score=0.97395  RMSD=1.53
  seed_2004_arm_p2_target_-25_charge_-20_79 TM-score=0.96149  RMSD=1.99
  seed_2005_arm_p2_target_-25_charge_-21_68 TM-score=0.9638  RMSD=1.65
  seed_2006_arm_p2_target_-25_charge_-17_03 TM-score=0.96869  RMSD=1.62
  seed_2007_arm_p2_target_-25_charge_-14_72 TM-score=0.96502  RMSD=1.7
  seed_2008_arm_p2_target_-25_charge_-19_94 TM-score=0.96575  RMSD=1.62
  seed_2009_arm_p2_target_-25_charge_-22_83 TM-score=0.97027  RMSD=1.33
  seed_2010_arm_p2_target_-25_charge_-16_85 TM-score=0.97204  RMSD=1.58
  seed_2011_arm_p2_target_-25_charge_-12_87 TM-score=0.96688  RMSD=1.72
  seed_2012_arm_p2_target_-25_charge_-16_92 TM-score=0.96826  RMSD=1.72
  seed_2013_arm_p2_target_-25_charge_-13_80 TM-score=0.97266  RMSD=1.59
  seed_2014_arm_p2_target_-25_charge_-25_79 TM-score=0.97383  RMSD=1.54
  seed_2015_arm_p2_target_-25_charge_-16_83 TM-score=0.96099  RMSD=1.74
  seed_2016_arm_p2_target_-25_charge_-15_84 TM-score=0.97859  RMSD=1.27
  seed_2017_arm_p2_target_-25_charge_-16_97 TM-score=0.9511  RMSD=2.0
  seed_2018_arm_p2_target_-25_charge_-25_68 TM-score=0.96305  RMSD=1.7
  seed_2019_arm_p2_target_-25_charge_-21_99 TM-score=0.9747  RMSD=1.61
  seed_2020_arm_p2_target_-25_charge_-22_98 TM-score=0.96973  RMSD=1.44
  seed_2021_arm_p2_target_-25_charge_-22_76 TM-score=0.95365  RMSD=1.89
  seed_2022_arm_p2_target_-25_charge_-17_84 TM-score=0.96493  RMSD=1.63
  seed_2023_arm_p2_target_-25_charge_-20_87 TM-score=0.97189  RMSD=1.52
  seed_2024_arm_p2_target_-25_charge_-15_72 TM-score=0.98294  RMSD=1.2
  seed_2025_arm_p2_target_-25_charge_-35_77 TM-score=0.9735  RMSD=1.54
  seed_2026_arm_p2_target_-25_charge_-24_75 TM-score=0.9665  RMSD=1.68
  seed_2027_arm_p2_target_-25_charge_-15_69 TM-score=0.9591  RMSD=1.84
  seed_2028_arm_p2_target_-25_charge_-10_88 TM-score=0.96643  RMSD=1.81
  seed_2029_arm_p2_target_-25_charge_-18_99 TM-score=0.97487  RMSD=1.63
已写入 output/generalization_v11a_fold/1A65/arm_p2/tm.csv
done 1A65/p2
  native_charge_-26_85                     TM-score=0.98577  RMSD=1.07
  seed_2000_arm_n8_target_-35_charge_-32_92 TM-score=0.95829  RMSD=1.96
  seed_2001_arm_n8_target_-35_charge_-37_78 TM-score=0.96461  RMSD=1.73
  seed_2002_arm_n8_target_-35_charge_-39_81 TM-score=0.97434  RMSD=1.42
  seed_2003_arm_n8_target_-35_charge_-30_93 TM-score=0.96392  RMSD=1.76
  seed_2004_arm_n8_target_-35_charge_-40_84 TM-score=0.95463  RMSD=2.05
  seed_2005_arm_n8_target_-35_charge_-37_54 TM-score=0.96188  RMSD=1.85
  seed_2006_arm_n8_target_-35_charge_-24_97 TM-score=0.97066  RMSD=1.79
  seed_2007_arm_n8_target_-35_charge_-29_70 TM-score=0.95766  RMSD=1.88
  seed_2008_arm_n8_target_-35_charge_-33_81 TM-score=0.95459  RMSD=1.92
  seed_2009_arm_n8_target_-35_charge_-29_78 TM-score=0.95602  RMSD=1.71
  seed_2010_arm_n8_target_-35_charge_-23_75 TM-score=0.9694  RMSD=1.62
  seed_2011_arm_n8_target_-35_charge_-24_74 TM-score=0.9666  RMSD=1.76
  seed_2012_arm_n8_target_-35_charge_-29_81 TM-score=0.96053  RMSD=1.96
  seed_2013_arm_n8_target_-35_charge_-26_86 TM-score=0.97257  RMSD=1.62
  seed_2014_arm_n8_target_-35_charge_-38_69 TM-score=0.96952  RMSD=1.4
  seed_2015_arm_n8_target_-35_charge_-32_74 TM-score=0.95578  RMSD=1.73
  seed_2016_arm_n8_target_-35_charge_-35_77 TM-score=0.96587  RMSD=1.63
  seed_2017_arm_n8_target_-35_charge_-35_90 TM-score=0.94626  RMSD=2.03
  seed_2018_arm_n8_target_-35_charge_-36_77 TM-score=0.95866  RMSD=1.9
  seed_2019_arm_n8_target_-35_charge_-38_90 TM-score=0.97319  RMSD=1.19
  seed_2020_arm_n8_target_-35_charge_-44_88 TM-score=0.964  RMSD=1.63
  seed_2021_arm_n8_target_-35_charge_-40_82 TM-score=0.95646  RMSD=1.93
  seed_2022_arm_n8_target_-35_charge_-32_81 TM-score=0.96655  RMSD=1.53
  seed_2023_arm_n8_target_-35_charge_-29_82 TM-score=0.95984  RMSD=1.88
  seed_2024_arm_n8_target_-35_charge_-33_61 TM-score=0.97052  RMSD=1.67
  seed_2025_arm_n8_target_-35_charge_-41_76 TM-score=0.97603  RMSD=1.29
  seed_2026_arm_n8_target_-35_charge_-41_66 TM-score=0.97254  RMSD=1.5
  seed_2027_arm_n8_target_-35_charge_-26_66 TM-score=0.96079  RMSD=1.94
  seed_2028_arm_n8_target_-35_charge_-36_81 TM-score=0.97329  RMSD=1.56
  seed_2029_arm_n8_target_-35_charge_-34_81 TM-score=0.9706  RMSD=1.67
已写入 output/generalization_v11a_fold/1A65/arm_n8/tm.csv
done 1A65/n8
  native_charge_-26_85                     TM-score=0.98577  RMSD=1.07
  seed_2000_arm_p8_target_-19_charge_-14_98 TM-score=0.95923  RMSD=1.88
  seed_2001_arm_p8_target_-19_charge_-19_96 TM-score=0.97128  RMSD=1.5
  seed_2002_arm_p8_target_-19_charge_-21_92 TM-score=0.97741  RMSD=1.37
  seed_2003_arm_p8_target_-19_charge_-14_04 TM-score=0.97042  RMSD=1.62
  seed_2004_arm_p8_target_-19_charge_-15_88 TM-score=0.96339  RMSD=1.52
  seed_2005_arm_p8_target_-19_charge_-15_76 TM-score=0.96258  RMSD=1.63
  seed_2006_arm_p8_target_-19_charge_-3_08 TM-score=0.9748  RMSD=1.57
  seed_2007_arm_p8_target_-19_charge_-9_96 TM-score=0.95941  RMSD=1.6
  seed_2008_arm_p8_target_-19_charge_-14_99 TM-score=0.95413  RMSD=1.87
  seed_2009_arm_p8_target_-19_charge_-12_00 TM-score=0.97163  RMSD=1.33
  seed_2010_arm_p8_target_-19_charge_-10_90 TM-score=0.9715  RMSD=1.58
  seed_2011_arm_p8_target_-19_charge_-9_96 TM-score=0.94774  RMSD=1.69
  seed_2012_arm_p8_target_-19_charge_-9_05 TM-score=0.96508  RMSD=1.92
  seed_2013_arm_p8_target_-19_charge_-11_81 TM-score=0.9734  RMSD=1.61
  seed_2014_arm_p8_target_-19_charge_-19_88 TM-score=0.95847  RMSD=1.82
  seed_2015_arm_p8_target_-19_charge_-13_88 TM-score=0.96738  RMSD=1.57
  seed_2016_arm_p8_target_-19_charge_-14_96 TM-score=0.96429  RMSD=1.43
  seed_2017_arm_p8_target_-19_charge_-14_98 TM-score=0.96747  RMSD=1.58
  seed_2018_arm_p8_target_-19_charge_-16_88 TM-score=0.96906  RMSD=1.55
  seed_2019_arm_p8_target_-19_charge_-12_93 TM-score=0.96727  RMSD=1.58
  seed_2020_arm_p8_target_-19_charge_-18_99 TM-score=0.9688  RMSD=1.52
  seed_2021_arm_p8_target_-19_charge_-22_92 TM-score=0.95522  RMSD=1.88
  seed_2022_arm_p8_target_-19_charge_-13_80 TM-score=0.96744  RMSD=1.59
  seed_2023_arm_p8_target_-19_charge_-9_92 TM-score=0.97067  RMSD=1.53
  seed_2024_arm_p8_target_-19_charge_-13_76 TM-score=0.97108  RMSD=1.6
  seed_2025_arm_p8_target_-19_charge_-15_94 TM-score=0.97744  RMSD=1.37
  seed_2026_arm_p8_target_-19_charge_-16_94 TM-score=0.9698  RMSD=1.49
  seed_2027_arm_p8_target_-19_charge_-12_78 TM-score=0.97053  RMSD=1.5
  seed_2028_arm_p8_target_-19_charge_-10_92 TM-score=0.95608  RMSD=1.71
  seed_2029_arm_p8_target_-19_charge_-15_96 TM-score=0.97938  RMSD=1.4
已写入 output/generalization_v11a_fold/1A65/arm_p8/tm.csv
done 1A65/p8
  native_charge_-8_16                      TM-score=0.98613  RMSD=0.5
  seed_2000_arm_native_target_-8_charge_-8_42 TM-score=0.9684  RMSD=1.08
  seed_2001_arm_native_target_-8_charge_-4_64 TM-score=0.96722  RMSD=0.97
  seed_2002_arm_native_target_-8_charge_-7_27 TM-score=0.9682  RMSD=0.94
  seed_2003_arm_native_target_-8_charge_-7_27 TM-score=0.96747  RMSD=1.05
  seed_2004_arm_native_target_-8_charge_-12_41 TM-score=0.97194  RMSD=0.96
  seed_2005_arm_native_target_-8_charge_-12_53 TM-score=0.96947  RMSD=0.94
  seed_2006_arm_native_target_-8_charge_-3_45 TM-score=0.97577  RMSD=0.68
  seed_2007_arm_native_target_-8_charge_-6_50 TM-score=0.97308  RMSD=0.71
  seed_2008_arm_native_target_-8_charge_-6_27 TM-score=0.95927  RMSD=1.08
  seed_2009_arm_native_target_-8_charge_-6_45 TM-score=0.98351  RMSD=0.55
  seed_2010_arm_native_target_-8_charge_-10_53 TM-score=0.97434  RMSD=0.69
  seed_2011_arm_native_target_-8_charge_-3_46 TM-score=0.96554  RMSD=0.87
  seed_2012_arm_native_target_-8_charge_-9_75 TM-score=0.96732  RMSD=0.97
  seed_2013_arm_native_target_-8_charge_-9_53 TM-score=0.9662  RMSD=1.03
  seed_2014_arm_native_target_-8_charge_-14_45 TM-score=0.96765  RMSD=0.94
  seed_2015_arm_native_target_-8_charge_-5_93 TM-score=0.97739  RMSD=0.67
  seed_2016_arm_native_target_-8_charge_-6_04 TM-score=0.97783  RMSD=0.66
  seed_2017_arm_native_target_-8_charge_-12_52 TM-score=0.96968  RMSD=1.01
  seed_2018_arm_native_target_-8_charge_-4_45 TM-score=0.95953  RMSD=1.09
  seed_2019_arm_native_target_-8_charge_-10_38 TM-score=0.96574  RMSD=0.98
  seed_2020_arm_native_target_-8_charge_-1_42 TM-score=0.95905  RMSD=1.08
  seed_2021_arm_native_target_-8_charge_-7_41 TM-score=0.97454  RMSD=0.69
  seed_2022_arm_native_target_-8_charge_-8_49 TM-score=0.96838  RMSD=1.0
  seed_2023_arm_native_target_-8_charge_-10_49 TM-score=0.96791  RMSD=1.0
  seed_2024_arm_native_target_-8_charge_-9_60 TM-score=0.96489  RMSD=0.99
  seed_2025_arm_native_target_-8_charge_-4_49 TM-score=0.96619  RMSD=1.05
  seed_2026_arm_native_target_-8_charge_-9_42 TM-score=0.97163  RMSD=0.97
  seed_2027_arm_native_target_-8_charge_-9_34 TM-score=0.97666  RMSD=0.66
  seed_2028_arm_native_target_-8_charge_-3_42 TM-score=0.96453  RMSD=0.98
  seed_2029_arm_native_target_-8_charge__2_54 TM-score=0.96307  RMSD=1.06
已写入 output/generalization_v11a_fold/1AG0/arm_native/tm.csv
done 1AG0/native
  native_charge_-8_16                      TM-score=0.98613  RMSD=0.5
  seed_2000_arm_n2_target_-10_charge_-8_46 TM-score=0.97121  RMSD=0.74
  seed_2001_arm_n2_target_-10_charge_-6_42 TM-score=0.96514  RMSD=1.03
  seed_2002_arm_n2_target_-10_charge_-7_27 TM-score=0.97016  RMSD=0.94
  seed_2003_arm_n2_target_-10_charge_-8_27 TM-score=0.97502  RMSD=0.69
  seed_2004_arm_n2_target_-10_charge_-13_41 TM-score=0.97164  RMSD=0.97
  seed_2005_arm_n2_target_-10_charge_-12_57 TM-score=0.96913  RMSD=0.95
  seed_2006_arm_n2_target_-10_charge_-4_45 TM-score=0.97436  RMSD=0.7
  seed_2007_arm_n2_target_-10_charge_-7_49 TM-score=0.97371  RMSD=0.7
  seed_2008_arm_n2_target_-10_charge_-8_31 TM-score=0.96533  RMSD=1.02
  seed_2009_arm_n2_target_-10_charge_-5_45 TM-score=0.97752  RMSD=0.64
  seed_2010_arm_n2_target_-10_charge_-13_53 TM-score=0.97031  RMSD=0.76
  seed_2011_arm_n2_target_-10_charge_-4_61 TM-score=0.96922  RMSD=0.79
  seed_2012_arm_n2_target_-10_charge_-11_60 TM-score=0.97334  RMSD=0.91
  seed_2013_arm_n2_target_-10_charge_-9_53 TM-score=0.9669  RMSD=1.0
  seed_2014_arm_n2_target_-10_charge_-14_45 TM-score=0.96947  RMSD=0.85
  seed_2015_arm_n2_target_-10_charge_-8_00 TM-score=0.97556  RMSD=0.69
  seed_2016_arm_n2_target_-10_charge_-9_27 TM-score=0.9791  RMSD=0.62
  seed_2017_arm_n2_target_-10_charge_-13_41 TM-score=0.96287  RMSD=1.03
  seed_2018_arm_n2_target_-10_charge_-7_27 TM-score=0.93285  RMSD=1.07
  seed_2019_arm_n2_target_-10_charge_-11_15 TM-score=0.96701  RMSD=0.97
  seed_2020_arm_n2_target_-10_charge_-9_49 TM-score=0.96426  RMSD=1.0
  seed_2021_arm_n2_target_-10_charge_-9_41 TM-score=0.97137  RMSD=0.76
  seed_2022_arm_n2_target_-10_charge_-12_49 TM-score=0.96673  RMSD=1.02
  seed_2023_arm_n2_target_-10_charge_-11_53 TM-score=0.9681  RMSD=1.0
  seed_2024_arm_n2_target_-10_charge_-13_64 TM-score=0.97858  RMSD=0.65
  seed_2025_arm_n2_target_-10_charge_-4_49 TM-score=0.96547  RMSD=1.07
  seed_2026_arm_n2_target_-10_charge_-11_42 TM-score=0.96562  RMSD=1.08
  seed_2027_arm_n2_target_-10_charge_-9_34 TM-score=0.9783  RMSD=0.63
  seed_2028_arm_n2_target_-10_charge_-5_15 TM-score=0.96569  RMSD=0.98
  seed_2029_arm_n2_target_-10_charge_-2_61 TM-score=0.96736  RMSD=1.04
已写入 output/generalization_v11a_fold/1AG0/arm_n2/tm.csv
done 1AG0/n2
  native_charge_-8_16                      TM-score=0.98613  RMSD=0.5
  seed_2000_arm_p2_target_-6_charge_-4_38  TM-score=0.96953  RMSD=1.07
  seed_2001_arm_p2_target_-6_charge_-4_60  TM-score=0.95854  RMSD=1.13
  seed_2002_arm_p2_target_-6_charge_-5_19  TM-score=0.97009  RMSD=0.92
  seed_2003_arm_p2_target_-6_charge_-5_49  TM-score=0.96736  RMSD=1.05
  seed_2004_arm_p2_target_-6_charge_-9_38  TM-score=0.97086  RMSD=0.99
  seed_2005_arm_p2_target_-6_charge_-8_53  TM-score=0.96525  RMSD=1.01
  seed_2006_arm_p2_target_-6_charge_-1_45  TM-score=0.96893  RMSD=0.82
  seed_2007_arm_p2_target_-6_charge_-3_46  TM-score=0.96709  RMSD=0.97
  seed_2008_arm_p2_target_-6_charge_-5_38  TM-score=0.97126  RMSD=0.74
  seed_2009_arm_p2_target_-6_charge_-5_45  TM-score=0.98472  RMSD=0.53
  seed_2010_arm_p2_target_-6_charge_-6_49  TM-score=0.96828  RMSD=1.02
  seed_2011_arm_p2_target_-6_charge_-3_46  TM-score=0.96198  RMSD=0.99
  seed_2012_arm_p2_target_-6_charge_-5_64  TM-score=0.96346  RMSD=1.03
  seed_2013_arm_p2_target_-6_charge_-8_42  TM-score=0.96756  RMSD=1.01
  seed_2014_arm_p2_target_-6_charge_-12_56 TM-score=0.96679  RMSD=0.96
  seed_2015_arm_p2_target_-6_charge_-3_96  TM-score=0.96713  RMSD=0.82
  seed_2016_arm_p2_target_-6_charge_-3_27  TM-score=0.97631  RMSD=0.66
  seed_2017_arm_p2_target_-6_charge_-8_52  TM-score=0.9643  RMSD=1.09
  seed_2018_arm_p2_target_-6_charge_-5_49  TM-score=0.95589  RMSD=1.13
  seed_2019_arm_p2_target_-6_charge_-10_34 TM-score=0.96714  RMSD=0.88
  seed_2020_arm_p2_target_-6_charge_-1_38  TM-score=0.96094  RMSD=1.06
  seed_2021_arm_p2_target_-6_charge_-10_37 TM-score=0.97016  RMSD=0.84
  seed_2022_arm_p2_target_-6_charge_-6_56  TM-score=0.97126  RMSD=0.97
  seed_2023_arm_p2_target_-6_charge_-10_45 TM-score=0.96749  RMSD=1.04
  seed_2024_arm_p2_target_-6_charge_-5_60  TM-score=0.96908  RMSD=0.95
  seed_2025_arm_p2_target_-6_charge_-1_49  TM-score=0.96614  RMSD=0.96
  seed_2026_arm_p2_target_-6_charge_-4_42  TM-score=0.96968  RMSD=0.97
  seed_2027_arm_p2_target_-6_charge_-5_38  TM-score=0.97358  RMSD=0.74
  seed_2028_arm_p2_target_-6_charge_-3_38  TM-score=0.96489  RMSD=0.98
  seed_2029_arm_p2_target_-6_charge__2_58  TM-score=0.96558  RMSD=1.05
已写入 output/generalization_v11a_fold/1AG0/arm_p2/tm.csv
done 1AG0/p2
  native_charge_-8_16                      TM-score=0.98613  RMSD=0.5
  seed_2000_arm_n8_target_-16_charge_-10_27 TM-score=0.96563  RMSD=1.05
  seed_2001_arm_n8_target_-16_charge_-11_42 TM-score=0.97628  RMSD=0.66
  seed_2002_arm_n8_target_-16_charge_-11_38 TM-score=0.96947  RMSD=0.97
  seed_2003_arm_n8_target_-16_charge_-11_30 TM-score=0.97232  RMSD=0.99
  seed_2004_arm_n8_target_-16_charge_-16_56 TM-score=0.97759  RMSD=0.64
  seed_2005_arm_n8_target_-16_charge_-14_56 TM-score=0.96538  RMSD=1.01
  seed_2006_arm_n8_target_-16_charge_-6_53 TM-score=0.97403  RMSD=0.69
  seed_2007_arm_n8_target_-16_charge_-9_57 TM-score=0.96755  RMSD=0.99
  seed_2008_arm_n8_target_-16_charge_-18_04 TM-score=0.97262  RMSD=0.72
  seed_2009_arm_n8_target_-16_charge_-10_38 TM-score=0.97715  RMSD=0.66
  seed_2010_arm_n8_target_-16_charge_-16_56 TM-score=0.97934  RMSD=0.62
  seed_2011_arm_n8_target_-16_charge_-7_64 TM-score=0.97401  RMSD=0.72
  seed_2012_arm_n8_target_-16_charge_-17_63 TM-score=0.97332  RMSD=0.93
  seed_2013_arm_n8_target_-16_charge_-17_04 TM-score=0.96665  RMSD=1.03
  seed_2014_arm_n8_target_-16_charge_-14_41 TM-score=0.96499  RMSD=0.97
  seed_2015_arm_n8_target_-16_charge_-13_19 TM-score=0.97683  RMSD=0.68
  seed_2016_arm_n8_target_-16_charge_-14_23 TM-score=0.97089  RMSD=0.92
  seed_2017_arm_n8_target_-16_charge_-13_56 TM-score=0.96644  RMSD=1.0
  seed_2018_arm_n8_target_-16_charge_-14_38 TM-score=0.96169  RMSD=1.12
  seed_2019_arm_n8_target_-16_charge_-20_12 TM-score=0.97503  RMSD=0.81
  seed_2020_arm_n8_target_-16_charge_-13_23 TM-score=0.97048  RMSD=0.76
  seed_2021_arm_n8_target_-16_charge_-16_37 TM-score=0.97348  RMSD=0.71
  seed_2022_arm_n8_target_-16_charge_-15_56 TM-score=0.9653  RMSD=1.08
  seed_2023_arm_n8_target_-16_charge_-19_45 TM-score=0.9605  RMSD=1.12
  seed_2024_arm_n8_target_-16_charge_-16_53 TM-score=0.9814  RMSD=0.58
  seed_2025_arm_n8_target_-16_charge_-10_45 TM-score=0.96548  RMSD=1.0
  seed_2026_arm_n8_target_-16_charge_-14_45 TM-score=0.96007  RMSD=1.13
  seed_2027_arm_n8_target_-16_charge_-11_53 TM-score=0.97541  RMSD=0.7
  seed_2028_arm_n8_target_-16_charge_-11_22 TM-score=0.96575  RMSD=0.98
  seed_2029_arm_n8_target_-16_charge_-8_64 TM-score=0.9698  RMSD=1.01
已写入 output/generalization_v11a_fold/1AG0/arm_n8/tm.csv
done 1AG0/n8
  native_charge_-8_16                      TM-score=0.98613  RMSD=0.5
  seed_2000_arm_p8_target__0_charge_-1_34  TM-score=0.96926  RMSD=1.06
  seed_2001_arm_p8_target__0_charge__2_77  TM-score=0.96077  RMSD=1.11
  seed_2002_arm_p8_target__0_charge_-4_11  TM-score=0.96212  RMSD=0.99
  seed_2003_arm_p8_target__0_charge_-2_20  TM-score=0.96841  RMSD=1.02
  seed_2004_arm_p8_target__0_charge_-9_34  TM-score=0.96802  RMSD=0.98
  seed_2005_arm_p8_target__0_charge_-2_53  TM-score=0.97189  RMSD=0.73
  seed_2006_arm_p8_target__0_charge__4_54  TM-score=0.96832  RMSD=0.82
  seed_2007_arm_p8_target__0_charge_-2_42  TM-score=0.9599  RMSD=1.05
  seed_2008_arm_p8_target__0_charge_-4_26  TM-score=0.97226  RMSD=0.87
  seed_2009_arm_p8_target__0_charge_-1_41  TM-score=0.98002  RMSD=0.6
  seed_2010_arm_p8_target__0_charge_-0_49  TM-score=0.96599  RMSD=1.0
  seed_2011_arm_p8_target__0_charge_-1_38  TM-score=0.96063  RMSD=1.0
  seed_2012_arm_p8_target__0_charge_-0_42  TM-score=0.93236  RMSD=1.33
  seed_2013_arm_p8_target__0_charge_-4_19  TM-score=0.97721  RMSD=0.65
  seed_2014_arm_p8_target__0_charge_-2_49  TM-score=0.9769  RMSD=0.66
  seed_2015_arm_p8_target__0_charge_-4_07  TM-score=0.9702  RMSD=0.76
  seed_2016_arm_p8_target__0_charge__1_81  TM-score=0.97654  RMSD=0.66
  seed_2017_arm_p8_target__0_charge_-3_42  TM-score=0.96191  RMSD=1.11
  seed_2018_arm_p8_target__0_charge_-1_23  TM-score=0.96443  RMSD=0.86
  seed_2019_arm_p8_target__0_charge_-2_97  TM-score=0.96634  RMSD=0.97
  seed_2020_arm_p8_target__0_charge_-0_42  TM-score=0.96436  RMSD=0.96
  seed_2021_arm_p8_target__0_charge_-9_34  TM-score=0.96809  RMSD=0.95
  seed_2022_arm_p8_target__0_charge_-2_45  TM-score=0.96683  RMSD=0.98
  seed_2023_arm_p8_target__0_charge_-7_45  TM-score=0.96806  RMSD=1.02
  seed_2024_arm_p8_target__0_charge_-2_15  TM-score=0.96823  RMSD=0.95
  seed_2025_arm_p8_target__0_charge__1_58  TM-score=0.97144  RMSD=0.94
  seed_2026_arm_p8_target__0_charge_-0_38  TM-score=0.97803  RMSD=0.64
  seed_2027_arm_p8_target__0_charge_-2_24  TM-score=0.96724  RMSD=0.81
  seed_2028_arm_p8_target__0_charge_-1_15  TM-score=0.96599  RMSD=1.03
  seed_2029_arm_p8_target__0_charge__3_58  TM-score=0.96657  RMSD=1.03
已写入 output/generalization_v11a_fold/1AG0/arm_p8/tm.csv
done 1AG0/p8
  native_charge_-2_69                      TM-score=0.95957  RMSD=1.31
  seed_2000_arm_native_target_-3_charge_-2_94 TM-score=0.94065  RMSD=1.61
  seed_2001_arm_native_target_-3_charge_-2_90 TM-score=0.92745  RMSD=1.82
  seed_2002_arm_native_target_-3_charge__1_10 TM-score=0.93023  RMSD=1.71
  seed_2003_arm_native_target_-3_charge__8_01 TM-score=0.92093  RMSD=2.04
  seed_2004_arm_native_target_-3_charge_-3_90 TM-score=0.90868  RMSD=1.98
  seed_2005_arm_native_target_-3_charge_-3_98 TM-score=0.93881  RMSD=1.58
  seed_2006_arm_native_target_-3_charge__7_89 TM-score=0.91784  RMSD=1.96
  seed_2007_arm_native_target_-3_charge__1_02 TM-score=0.9386  RMSD=1.6
  seed_2008_arm_native_target_-3_charge_-1_99 TM-score=0.94658  RMSD=1.47
  seed_2009_arm_native_target_-3_charge__0_02 TM-score=0.93531  RMSD=1.51
  seed_2010_arm_native_target_-3_charge_-4_02 TM-score=0.92583  RMSD=1.88
  seed_2011_arm_native_target_-3_charge_-4_13 TM-score=0.93909  RMSD=1.59
  seed_2012_arm_native_target_-3_charge__4_17 TM-score=0.94336  RMSD=1.52
  seed_2013_arm_native_target_-3_charge_-2_90 TM-score=0.91921  RMSD=2.0
  seed_2014_arm_native_target_-3_charge_-4_85 TM-score=0.93104  RMSD=1.69
  seed_2015_arm_native_target_-3_charge__6_02 TM-score=0.92119  RMSD=1.83
  seed_2016_arm_native_target_-3_charge__12_05 TM-score=0.9253  RMSD=1.87
  seed_2017_arm_native_target_-3_charge_-3_94 TM-score=0.92633  RMSD=1.88
  seed_2018_arm_native_target_-3_charge__3_12 TM-score=0.91773  RMSD=1.88
  seed_2019_arm_native_target_-3_charge_-7_90 TM-score=0.93927  RMSD=1.64
  seed_2020_arm_native_target_-3_charge_-0_91 TM-score=0.92706  RMSD=1.79
  seed_2021_arm_native_target_-3_charge_-2_98 TM-score=0.91727  RMSD=1.99
  seed_2022_arm_native_target_-3_charge__3_94 TM-score=0.9421  RMSD=1.6
  seed_2023_arm_native_target_-3_charge__0_02 TM-score=0.91151  RMSD=1.89
  seed_2024_arm_native_target_-3_charge_-5_09 TM-score=0.91994  RMSD=1.93
  seed_2025_arm_native_target_-3_charge__0_06 TM-score=0.95034  RMSD=1.4
  seed_2026_arm_native_target_-3_charge__3_02 TM-score=0.94858  RMSD=1.46
  seed_2027_arm_native_target_-3_charge__0_05 TM-score=0.94527  RMSD=1.48
  seed_2028_arm_native_target_-3_charge_-1_90 TM-score=0.93576  RMSD=1.66
  seed_2029_arm_native_target_-3_charge_-5_94 TM-score=0.93223  RMSD=1.82
已写入 output/generalization_v11a_fold/1AS2/arm_native/tm.csv
done 1AS2/native
  native_charge_-2_69                      TM-score=0.95957  RMSD=1.31
  seed_2000_arm_n2_target_-5_charge_-4_94  TM-score=0.93824  RMSD=1.68
  seed_2001_arm_n2_target_-5_charge_-3_98  TM-score=0.95938  RMSD=1.22
  seed_2002_arm_n2_target_-5_charge__0_06  TM-score=0.93012  RMSD=1.77
  seed_2003_arm_n2_target_-5_charge__4_01  TM-score=0.93475  RMSD=1.79
  seed_2004_arm_n2_target_-5_charge_-4_90  TM-score=0.94593  RMSD=1.44
  seed_2005_arm_n2_target_-5_charge_-5_98  TM-score=0.93542  RMSD=1.64
  seed_2006_arm_n2_target_-5_charge__2_05  TM-score=0.93302  RMSD=1.71
  seed_2007_arm_n2_target_-5_charge__0_02  TM-score=0.91274  RMSD=1.78
  seed_2008_arm_n2_target_-5_charge_-4_99  TM-score=0.94176  RMSD=1.54
  seed_2009_arm_n2_target_-5_charge_-0_98  TM-score=0.9461  RMSD=1.28
  seed_2010_arm_n2_target_-5_charge_-6_06  TM-score=0.93885  RMSD=1.57
  seed_2011_arm_n2_target_-5_charge_-5_09  TM-score=0.93027  RMSD=1.76
  seed_2012_arm_n2_target_-5_charge__4_09  TM-score=0.94461  RMSD=1.51
  seed_2013_arm_n2_target_-5_charge_-2_91  TM-score=0.93229  RMSD=1.75
  seed_2014_arm_n2_target_-5_charge_-4_90  TM-score=0.91996  RMSD=1.87
  seed_2015_arm_n2_target_-5_charge__5_05  TM-score=0.93263  RMSD=1.71
  seed_2016_arm_n2_target_-5_charge__10_05 TM-score=0.93543  RMSD=1.69
  seed_2017_arm_n2_target_-5_charge_-4_91  TM-score=0.94036  RMSD=1.59
  seed_2018_arm_n2_target_-5_charge__0_16  TM-score=0.93244  RMSD=1.73
  seed_2019_arm_n2_target_-5_charge_-8_90  TM-score=0.9328  RMSD=1.73
  seed_2020_arm_n2_target_-5_charge__0_05  TM-score=0.92719  RMSD=1.92
  seed_2021_arm_n2_target_-5_charge_-6_95  TM-score=0.91654  RMSD=2.05
  seed_2022_arm_n2_target_-5_charge__1_98  TM-score=0.95449  RMSD=1.36
  seed_2023_arm_n2_target_-5_charge_-3_98  TM-score=0.90804  RMSD=1.95
  seed_2024_arm_n2_target_-5_charge_-6_09  TM-score=0.92642  RMSD=1.79
  seed_2025_arm_n2_target_-5_charge_-2_09  TM-score=0.9337  RMSD=1.71
  seed_2026_arm_n2_target_-5_charge__0_02  TM-score=0.94908  RMSD=1.44
  seed_2027_arm_n2_target_-5_charge_-6_95  TM-score=0.94019  RMSD=1.58
  seed_2028_arm_n2_target_-5_charge_-3_87  TM-score=0.94317  RMSD=1.55
  seed_2029_arm_n2_target_-5_charge_-2_95  TM-score=0.9461  RMSD=1.49
已写入 output/generalization_v11a_fold/1AS2/arm_n2/tm.csv
done 1AS2/n2
  native_charge_-2_69                      TM-score=0.95957  RMSD=1.31
  seed_2000_arm_p2_target_-1_charge__0_06  TM-score=0.92963  RMSD=1.77
  seed_2001_arm_p2_target_-1_charge_-3_90  TM-score=0.92294  RMSD=1.87
  seed_2002_arm_p2_target_-1_charge__0_10  TM-score=0.93633  RMSD=1.66
  seed_2003_arm_p2_target_-1_charge__7_01  TM-score=0.91325  RMSD=1.96
  seed_2004_arm_p2_target_-1_charge__1_10  TM-score=0.9204  RMSD=1.9
  seed_2005_arm_p2_target_-1_charge_-0_98  TM-score=0.95378  RMSD=1.13
  seed_2006_arm_p2_target_-1_charge__13_94 TM-score=0.90058  RMSD=2.01
  seed_2007_arm_p2_target_-1_charge__1_01  TM-score=0.91583  RMSD=1.87
  seed_2008_arm_p2_target_-1_charge__3_97  TM-score=0.94708  RMSD=1.47
  seed_2009_arm_p2_target_-1_charge_-0_90  TM-score=0.92924  RMSD=1.67
  seed_2010_arm_p2_target_-1_charge_-3_02  TM-score=0.94102  RMSD=1.61
  seed_2011_arm_p2_target_-1_charge_-4_05  TM-score=0.92607  RMSD=1.82
  seed_2012_arm_p2_target_-1_charge__5_13  TM-score=0.92792  RMSD=1.83
  seed_2013_arm_p2_target_-1_charge_-2_90  TM-score=0.92394  RMSD=1.9
  seed_2014_arm_p2_target_-1_charge_-1_97  TM-score=0.93961  RMSD=1.53
  seed_2015_arm_p2_target_-1_charge__7_02  TM-score=0.934  RMSD=1.69
  seed_2016_arm_p2_target_-1_charge__11_05 TM-score=0.92806  RMSD=1.66
  seed_2017_arm_p2_target_-1_charge_-4_94  TM-score=0.93611  RMSD=1.67
  seed_2018_arm_p2_target_-1_charge__3_13  TM-score=0.92292  RMSD=1.95
  seed_2019_arm_p2_target_-1_charge_-2_86  TM-score=0.93449  RMSD=1.68
  seed_2020_arm_p2_target_-1_charge__3_09  TM-score=0.93452  RMSD=1.51
  seed_2021_arm_p2_target_-1_charge__1_02  TM-score=0.93922  RMSD=1.72
  seed_2022_arm_p2_target_-1_charge__3_98  TM-score=0.93918  RMSD=1.69
  seed_2023_arm_p2_target_-1_charge__4_01  TM-score=0.91602  RMSD=1.94
  seed_2024_arm_p2_target_-1_charge_-6_09  TM-score=0.91442  RMSD=2.03
  seed_2025_arm_p2_target_-1_charge__0_06  TM-score=0.92347  RMSD=1.86
  seed_2026_arm_p2_target_-1_charge__3_02  TM-score=0.95555  RMSD=1.33
  seed_2027_arm_p2_target_-1_charge_-1_94  TM-score=0.94333  RMSD=1.56
  seed_2028_arm_p2_target_-1_charge_-4_97  TM-score=0.92321  RMSD=1.87
  seed_2029_arm_p2_target_-1_charge_-5_94  TM-score=0.93342  RMSD=1.67
已写入 output/generalization_v11a_fold/1AS2/arm_p2/tm.csv
done 1AS2/p2
  native_charge_-2_69                      TM-score=0.95957  RMSD=1.31
  seed_2000_arm_n8_target_-11_charge_-10_98 TM-score=0.93439  RMSD=1.71
  seed_2001_arm_n8_target_-11_charge_-12_98 TM-score=0.95147  RMSD=1.36
  seed_2002_arm_n8_target_-11_charge_-9_87 TM-score=0.93415  RMSD=1.66
  seed_2003_arm_n8_target_-11_charge_-4_00 TM-score=0.94327  RMSD=1.56
  seed_2004_arm_n8_target_-11_charge_-14_94 TM-score=0.93799  RMSD=1.47
  seed_2005_arm_n8_target_-11_charge_-11_91 TM-score=0.93184  RMSD=1.75
  seed_2006_arm_n8_target_-11_charge_-12_95 TM-score=0.91929  RMSD=1.91
  seed_2007_arm_n8_target_-11_charge_-8_98 TM-score=0.89964  RMSD=1.99
  seed_2008_arm_n8_target_-11_charge_-2_00 TM-score=0.94748  RMSD=1.44
  seed_2009_arm_n8_target_-11_charge_-8_99 TM-score=0.92143  RMSD=1.88
  seed_2010_arm_n8_target_-11_charge_-12_06 TM-score=0.91983  RMSD=1.92
  seed_2011_arm_n8_target_-11_charge_-13_86 TM-score=0.92785  RMSD=1.79
  seed_2012_arm_n8_target_-11_charge_-4_95 TM-score=0.93894  RMSD=1.63
  seed_2013_arm_n8_target_-11_charge_-6_95 TM-score=0.93543  RMSD=1.66
  seed_2014_arm_n8_target_-11_charge_-12_94 TM-score=0.92351  RMSD=1.76
  seed_2015_arm_n8_target_-11_charge_-4_99 TM-score=0.95964  RMSD=1.22
  seed_2016_arm_n8_target_-11_charge_-2_95 TM-score=0.93945  RMSD=1.62
  seed_2017_arm_n8_target_-11_charge_-14_91 TM-score=0.92876  RMSD=1.77
  seed_2018_arm_n8_target_-11_charge_-7_88 TM-score=0.92863  RMSD=1.81
  seed_2019_arm_n8_target_-11_charge_-12_91 TM-score=0.93723  RMSD=1.66
  seed_2020_arm_n8_target_-11_charge_-11_96 TM-score=0.94141  RMSD=1.62
  seed_2021_arm_n8_target_-11_charge_-10_91 TM-score=0.95139  RMSD=1.37
  seed_2022_arm_n8_target_-11_charge_-8_95 TM-score=0.93796  RMSD=1.5
  seed_2023_arm_n8_target_-11_charge_-6_99 TM-score=0.91321  RMSD=2.01
  seed_2024_arm_n8_target_-11_charge_-13_98 TM-score=0.92483  RMSD=1.86
  seed_2025_arm_n8_target_-11_charge_-8_87 TM-score=0.94905  RMSD=1.41
  seed_2026_arm_n8_target_-11_charge_-10_90 TM-score=0.96889  RMSD=1.01
  seed_2027_arm_n8_target_-11_charge_-9_95 TM-score=0.93866  RMSD=1.63
  seed_2028_arm_n8_target_-11_charge_-11_95 TM-score=0.95171  RMSD=1.37
  seed_2029_arm_n8_target_-11_charge_-8_91 TM-score=0.94976  RMSD=1.41
已写入 output/generalization_v11a_fold/1AS2/arm_n8/tm.csv
done 1AS2/n8
  native_charge_-2_69                      TM-score=0.95957  RMSD=1.31
  seed_2000_arm_p8_target__5_charge__4_11  TM-score=0.96422  RMSD=1.1
  seed_2001_arm_p8_target__5_charge__0_02  TM-score=0.9272  RMSD=1.82
  seed_2002_arm_p8_target__5_charge__8_14  TM-score=0.91827  RMSD=1.96
  seed_2003_arm_p8_target__5_charge__17_86 TM-score=0.92064  RMSD=1.81
  seed_2004_arm_p8_target__5_charge__6_10  TM-score=0.9346  RMSD=1.7
  seed_2005_arm_p8_target__5_charge__4_95  TM-score=0.94839  RMSD=1.41
  seed_2006_arm_p8_target__5_charge__15_94 TM-score=0.88882  RMSD=2.16
  seed_2007_arm_p8_target__5_charge__6_06  TM-score=0.90843  RMSD=2.02
  seed_2008_arm_p8_target__5_charge__6_98  TM-score=0.92529  RMSD=1.85
  seed_2009_arm_p8_target__5_charge__4_11  TM-score=0.9257  RMSD=1.74
  seed_2010_arm_p8_target__5_charge__5_10  TM-score=0.92933  RMSD=1.71
  seed_2011_arm_p8_target__5_charge__3_99  TM-score=0.89538  RMSD=2.39
  seed_2012_arm_p8_target__5_charge__14_10 TM-score=0.92147  RMSD=1.9
  seed_2013_arm_p8_target__5_charge__3_14  TM-score=0.90526  RMSD=2.11
  seed_2014_arm_p8_target__5_charge__7_07  TM-score=0.92738  RMSD=1.8
  seed_2015_arm_p8_target__5_charge__9_06  TM-score=0.93953  RMSD=1.63
  seed_2016_arm_p8_target__5_charge__15_10 TM-score=0.94124  RMSD=1.58
  seed_2017_arm_p8_target__5_charge__7_03  TM-score=0.95013  RMSD=1.36
  seed_2018_arm_p8_target__5_charge__0_18  TM-score=0.92185  RMSD=1.97
  seed_2019_arm_p8_target__5_charge__4_18  TM-score=0.93408  RMSD=1.79
  seed_2020_arm_p8_target__5_charge__5_10  TM-score=0.90894  RMSD=2.09
  seed_2021_arm_p8_target__5_charge__3_96  TM-score=0.9131  RMSD=2.09
  seed_2022_arm_p8_target__5_charge__4_96  TM-score=0.93905  RMSD=1.63
  seed_2023_arm_p8_target__5_charge__8_94  TM-score=0.92474  RMSD=1.95
  seed_2024_arm_p8_target__5_charge_-2_05  TM-score=0.92836  RMSD=1.87
  seed_2025_arm_p8_target__5_charge__3_95  TM-score=0.91764  RMSD=2.0
  seed_2026_arm_p8_target__5_charge__7_06  TM-score=0.94972  RMSD=1.42
  seed_2027_arm_p8_target__5_charge__4_99  TM-score=0.92407  RMSD=1.91
  seed_2028_arm_p8_target__5_charge__3_04  TM-score=0.95016  RMSD=1.39
  seed_2029_arm_p8_target__5_charge__8_06  TM-score=0.9507  RMSD=1.23
已写入 output/generalization_v11a_fold/1AS2/arm_p8/tm.csv
done 1AS2/p8
  native_charge_-18_30                     TM-score=0.97899  RMSD=1.11
  seed_2000_arm_native_target_-18_charge_-11_79 TM-score=0.96263  RMSD=1.47
  seed_2001_arm_native_target_-18_charge_-17_81 TM-score=0.96007  RMSD=1.38
  seed_2002_arm_native_target_-18_charge_-18_82 TM-score=0.96635  RMSD=1.24
  seed_2003_arm_native_target_-18_charge_-8_79 TM-score=0.96503  RMSD=1.27
  seed_2004_arm_native_target_-18_charge_-16_77 TM-score=0.96598  RMSD=1.27
  seed_2005_arm_native_target_-18_charge_-20_88 TM-score=0.96443  RMSD=1.21
  seed_2006_arm_native_target_-18_charge_-20_74 TM-score=0.96579  RMSD=1.35
  seed_2007_arm_native_target_-18_charge_-13_82 TM-score=0.94846  RMSD=1.78
  seed_2008_arm_native_target_-18_charge_-19_77 TM-score=0.94935  RMSD=1.66
  seed_2009_arm_native_target_-18_charge_-13_63 TM-score=0.94058  RMSD=1.29
  seed_2010_arm_native_target_-18_charge_-19_90 TM-score=0.96888  RMSD=1.22
  seed_2011_arm_native_target_-18_charge_-13_86 TM-score=0.96316  RMSD=1.3
  seed_2012_arm_native_target_-18_charge_-17_81 TM-score=0.96406  RMSD=1.35
  seed_2013_arm_native_target_-18_charge_-9_83 TM-score=0.97277  RMSD=1.0
  seed_2014_arm_native_target_-18_charge_-19_78 TM-score=0.96251  RMSD=1.19
  seed_2015_arm_native_target_-18_charge_-16_82 TM-score=0.95837  RMSD=1.34
  seed_2016_arm_native_target_-18_charge_-18_93 TM-score=0.95743  RMSD=1.32
  seed_2017_arm_native_target_-18_charge_-20_77 TM-score=0.96583  RMSD=1.21
  seed_2018_arm_native_target_-18_charge_-16_75 TM-score=0.28669  RMSD=6.2
  seed_2019_arm_native_target_-18_charge_-14_89 TM-score=0.96385  RMSD=1.29
  seed_2020_arm_native_target_-18_charge_-24_86 TM-score=0.96217  RMSD=1.3
  seed_2021_arm_native_target_-18_charge_-16_79 TM-score=0.95858  RMSD=1.51
  seed_2022_arm_native_target_-18_charge_-17_78 TM-score=0.96404  RMSD=1.22
  seed_2023_arm_native_target_-18_charge_-7_83 TM-score=0.9577  RMSD=1.29
  seed_2024_arm_native_target_-18_charge_-17_79 TM-score=0.9662  RMSD=1.12
  seed_2025_arm_native_target_-18_charge_-18_91 TM-score=0.96708  RMSD=1.13
  seed_2026_arm_native_target_-18_charge_-14_67 TM-score=0.95533  RMSD=1.33
  seed_2027_arm_native_target_-18_charge_-13_86 TM-score=0.96391  RMSD=1.36
  seed_2028_arm_native_target_-18_charge_-18_77 TM-score=0.30456  RMSD=6.66
  seed_2029_arm_native_target_-18_charge_-18_78 TM-score=0.94414  RMSD=1.59
已写入 output/generalization_v11a_fold/1AXW/arm_native/tm.csv
done 1AXW/native
  native_charge_-18_30                     TM-score=0.97899  RMSD=1.11
  seed_2000_arm_n2_target_-20_charge_-14_87 TM-score=0.95642  RMSD=1.39
  seed_2001_arm_n2_target_-20_charge_-18_85 TM-score=0.9607  RMSD=1.26
  seed_2002_arm_n2_target_-20_charge_-19_83 TM-score=0.96756  RMSD=1.19
  seed_2003_arm_n2_target_-20_charge_-11_79 TM-score=0.95392  RMSD=1.51
  seed_2004_arm_n2_target_-20_charge_-23_73 TM-score=0.96942  RMSD=1.26
  seed_2005_arm_n2_target_-20_charge_-18_84 TM-score=0.97091  RMSD=1.13
  seed_2006_arm_n2_target_-20_charge_-21_73 TM-score=0.96196  RMSD=1.36
  seed_2007_arm_n2_target_-20_charge_-17_77 TM-score=0.95975  RMSD=1.43
  seed_2008_arm_n2_target_-20_charge_-20_77 TM-score=0.95325  RMSD=1.07
  seed_2009_arm_n2_target_-20_charge_-17_66 TM-score=0.95258  RMSD=1.05
  seed_2010_arm_n2_target_-20_charge_-19_83 TM-score=0.96752  RMSD=1.24
  seed_2011_arm_n2_target_-20_charge_-14_82 TM-score=0.9635  RMSD=1.3
  seed_2012_arm_n2_target_-20_charge_-16_81 TM-score=0.96248  RMSD=1.28
  seed_2013_arm_n2_target_-20_charge_-11_82 TM-score=0.95917  RMSD=1.16
  seed_2014_arm_n2_target_-20_charge_-22_82 TM-score=0.96614  RMSD=1.19
  seed_2015_arm_n2_target_-20_charge_-18_78 TM-score=0.96161  RMSD=1.06
  seed_2016_arm_n2_target_-20_charge_-22_96 TM-score=0.96578  RMSD=1.25
  seed_2017_arm_n2_target_-20_charge_-25_77 TM-score=0.96659  RMSD=1.16
  seed_2018_arm_n2_target_-20_charge_-17_66 TM-score=0.94411  RMSD=1.2
  seed_2019_arm_n2_target_-20_charge_-16_89 TM-score=0.97344  RMSD=1.03
  seed_2020_arm_n2_target_-20_charge_-27_78 TM-score=0.96738  RMSD=1.15
  seed_2021_arm_n2_target_-20_charge_-16_79 TM-score=0.94639  RMSD=1.6
  seed_2022_arm_n2_target_-20_charge_-18_78 TM-score=0.96707  RMSD=1.16
  seed_2023_arm_n2_target_-20_charge_-6_84 TM-score=0.96344  RMSD=1.38
  seed_2024_arm_n2_target_-20_charge_-18_79 TM-score=0.96718  RMSD=1.26
  seed_2025_arm_n2_target_-20_charge_-19_82 TM-score=0.96203  RMSD=1.38
  seed_2026_arm_n2_target_-20_charge_-17_63 TM-score=0.95495  RMSD=1.31
  seed_2027_arm_n2_target_-20_charge_-15_82 TM-score=0.96509  RMSD=1.34
  seed_2028_arm_n2_target_-20_charge_-23_73 TM-score=0.95698  RMSD=1.41
  seed_2029_arm_n2_target_-20_charge_-21_85 TM-score=0.94882  RMSD=1.32
已写入 output/generalization_v11a_fold/1AXW/arm_n2/tm.csv
done 1AXW/n2
  native_charge_-18_30                     TM-score=0.97899  RMSD=1.11
  seed_2000_arm_p2_target_-16_charge_-11_79 TM-score=0.26063  RMSD=6.75
  seed_2001_arm_p2_target_-16_charge_-13_82 TM-score=0.95376  RMSD=1.49
  seed_2002_arm_p2_target_-16_charge_-18_83 TM-score=0.96685  RMSD=1.39
  seed_2003_arm_p2_target_-16_charge_-6_79 TM-score=0.28488  RMSD=6.84
  seed_2004_arm_p2_target_-16_charge_-16_78 TM-score=0.96392  RMSD=1.39
  seed_2005_arm_p2_target_-16_charge_-17_90 TM-score=0.96057  RMSD=1.26
  seed_2006_arm_p2_target_-16_charge_-16_71 TM-score=0.96546  RMSD=1.35
  seed_2007_arm_p2_target_-16_charge_-11_85 TM-score=0.95198  RMSD=1.76
  seed_2008_arm_p2_target_-16_charge_-14_81 TM-score=0.9532  RMSD=1.42
  seed_2009_arm_p2_target_-16_charge_-14_74 TM-score=0.93394  RMSD=1.45
  seed_2010_arm_p2_target_-16_charge_-19_90 TM-score=0.9735  RMSD=1.05
  seed_2011_arm_p2_target_-16_charge_-8_87 TM-score=0.96072  RMSD=1.16
  seed_2012_arm_p2_target_-16_charge_-14_85 TM-score=0.96483  RMSD=1.16
  seed_2013_arm_p2_target_-16_charge_-4_84 TM-score=0.96546  RMSD=1.35
  seed_2014_arm_p2_target_-16_charge_-19_78 TM-score=0.95963  RMSD=1.23
  seed_2015_arm_p2_target_-16_charge_-12_83 TM-score=0.95681  RMSD=1.38
  seed_2016_arm_p2_target_-16_charge_-16_93 TM-score=0.96254  RMSD=1.2
  seed_2017_arm_p2_target_-16_charge_-16_78 TM-score=0.96518  RMSD=1.21
  seed_2018_arm_p2_target_-16_charge_-15_75 TM-score=0.28674  RMSD=6.58
  seed_2019_arm_p2_target_-16_charge_-7_83 TM-score=0.96641  RMSD=1.15
  seed_2020_arm_p2_target_-16_charge_-23_86 TM-score=0.96013  RMSD=1.39
  seed_2021_arm_p2_target_-16_charge_-12_83 TM-score=0.94675  RMSD=1.4
  seed_2022_arm_p2_target_-16_charge_-11_82 TM-score=0.96602  RMSD=1.16
  seed_2023_arm_p2_target_-16_charge_-4_88 TM-score=0.95882  RMSD=1.26
  seed_2024_arm_p2_target_-16_charge_-15_82 TM-score=0.95134  RMSD=1.72
  seed_2025_arm_p2_target_-16_charge_-12_87 TM-score=0.96642  RMSD=1.16
  seed_2026_arm_p2_target_-16_charge_-16_75 TM-score=0.95624  RMSD=1.28
  seed_2027_arm_p2_target_-16_charge_-8_83 TM-score=0.96792  RMSD=1.22
  seed_2028_arm_p2_target_-16_charge_-14_82 TM-score=0.24879  RMSD=5.91
  seed_2029_arm_p2_target_-16_charge_-13_78 TM-score=0.94583  RMSD=1.28
已写入 output/generalization_v11a_fold/1AXW/arm_p2/tm.csv
done 1AXW/p2
  native_charge_-18_30                     TM-score=0.97899  RMSD=1.11
  seed_2000_arm_n8_target_-26_charge_-18_70 TM-score=0.95062  RMSD=1.49
  seed_2001_arm_n8_target_-26_charge_-23_84 TM-score=0.96592  RMSD=1.28
  seed_2002_arm_n8_target_-26_charge_-30_78 TM-score=0.96205  RMSD=1.24
  seed_2003_arm_n8_target_-26_charge_-19_73 TM-score=0.95592  RMSD=1.36
  seed_2004_arm_n8_target_-26_charge_-28_68 TM-score=0.96251  RMSD=1.27
  seed_2005_arm_n8_target_-26_charge_-27_83 TM-score=0.96289  RMSD=1.38
  seed_2006_arm_n8_target_-26_charge_-31_76 TM-score=0.96697  RMSD=1.16
  seed_2007_arm_n8_target_-26_charge_-19_68 TM-score=0.96801  RMSD=1.36
  seed_2008_arm_n8_target_-26_charge_-25_73 TM-score=0.96125  RMSD=1.08
  seed_2009_arm_n8_target_-26_charge_-19_69 TM-score=0.95474  RMSD=1.35
  seed_2010_arm_n8_target_-26_charge_-26_85 TM-score=0.96987  RMSD=1.09
  seed_2011_arm_n8_target_-26_charge_-19_80 TM-score=0.97043  RMSD=1.2
  seed_2012_arm_n8_target_-26_charge_-23_72 TM-score=0.96694  RMSD=1.19
  seed_2013_arm_n8_target_-26_charge_-10_69 TM-score=0.95798  RMSD=1.37
  seed_2014_arm_n8_target_-26_charge_-29_66 TM-score=0.96112  RMSD=1.5
  seed_2015_arm_n8_target_-26_charge_-21_53 TM-score=0.97138  RMSD=1.02
  seed_2016_arm_n8_target_-26_charge_-26_95 TM-score=0.96388  RMSD=1.3
  seed_2017_arm_n8_target_-26_charge_-22_72 TM-score=0.9697  RMSD=1.08
  seed_2018_arm_n8_target_-26_charge_-19_57 TM-score=0.95851  RMSD=1.5
  seed_2019_arm_n8_target_-26_charge_-29_84 TM-score=0.97553  RMSD=1.0
  seed_2020_arm_n8_target_-26_charge_-27_69 TM-score=0.95302  RMSD=1.35
  seed_2021_arm_n8_target_-26_charge_-26_70 TM-score=0.95453  RMSD=1.34
  seed_2022_arm_n8_target_-26_charge_-28_76 TM-score=0.9549  RMSD=1.25
  seed_2023_arm_n8_target_-26_charge_-8_78 TM-score=0.97952  RMSD=0.89
  seed_2024_arm_n8_target_-26_charge_-29_67 TM-score=0.95998  RMSD=1.25
  seed_2025_arm_n8_target_-26_charge_-18_85 TM-score=0.97026  RMSD=1.25
  seed_2026_arm_n8_target_-26_charge_-25_62 TM-score=0.96737  RMSD=1.09
  seed_2027_arm_n8_target_-26_charge_-24_64 TM-score=0.96744  RMSD=1.22
  seed_2028_arm_n8_target_-26_charge_-27_72 TM-score=0.96036  RMSD=1.29
  seed_2029_arm_n8_target_-26_charge_-27_83 TM-score=0.95467  RMSD=1.64
已写入 output/generalization_v11a_fold/1AXW/arm_n8/tm.csv
done 1AXW/n8
  native_charge_-18_30                     TM-score=0.97899  RMSD=1.11
  seed_2000_arm_p8_target_-10_charge_-7_83 TM-score=0.31408  RMSD=5.79
  seed_2001_arm_p8_target_-10_charge_-5_78 TM-score=0.31566  RMSD=5.48
  seed_2002_arm_p8_target_-10_charge_-11_76 TM-score=0.95815  RMSD=1.47
  seed_2003_arm_p8_target_-10_charge_-4_82 TM-score=0.94859  RMSD=1.58
  seed_2004_arm_p8_target_-10_charge_-9_82 TM-score=0.9681  RMSD=1.09
  seed_2005_arm_p8_target_-10_charge_-7_98 TM-score=0.93733  RMSD=1.26
  seed_2006_arm_p8_target_-10_charge__7_18 TM-score=0.96682  RMSD=1.41
  seed_2007_arm_p8_target_-10_charge_-9_92 TM-score=0.94502  RMSD=1.69
  seed_2008_arm_p8_target_-10_charge_-5_75 TM-score=0.95648  RMSD=1.52
  seed_2009_arm_p8_target_-10_charge_-8_82 TM-score=0.90665  RMSD=1.92
  seed_2010_arm_p8_target_-10_charge_-4_94 TM-score=0.96023  RMSD=1.34
  seed_2011_arm_p8_target_-10_charge_-0_91 TM-score=0.9767  RMSD=1.2
  seed_2012_arm_p8_target_-10_charge_-6_90 TM-score=0.95812  RMSD=1.03
  seed_2013_arm_p8_target_-10_charge__1_21 TM-score=0.95001  RMSD=1.59
  seed_2014_arm_p8_target_-10_charge_-9_79 TM-score=0.96158  RMSD=1.34
  seed_2015_arm_p8_target_-10_charge_-10_77 TM-score=0.95611  RMSD=1.7
  seed_2016_arm_p8_target_-10_charge_-11_01 TM-score=0.96431  RMSD=1.41
  seed_2017_arm_p8_target_-10_charge_-9_70 TM-score=0.96539  RMSD=1.24
  seed_2018_arm_p8_target_-10_charge_-7_82 TM-score=0.31756  RMSD=6.47
  seed_2019_arm_p8_target_-10_charge_-6_83 TM-score=0.31279  RMSD=6.33
  seed_2020_arm_p8_target_-10_charge_-8_93 TM-score=0.34351  RMSD=5.82
  seed_2021_arm_p8_target_-10_charge_-2_78 TM-score=0.303  RMSD=5.93
  seed_2022_arm_p8_target_-10_charge_-2_82 TM-score=0.28606  RMSD=6.82
  seed_2023_arm_p8_target_-10_charge_-0_77 TM-score=0.96054  RMSD=1.5
  seed_2024_arm_p8_target_-10_charge__1_29 TM-score=0.93985  RMSD=1.69
  seed_2025_arm_p8_target_-10_charge_-9_86 TM-score=0.96587  RMSD=1.47
  seed_2026_arm_p8_target_-10_charge_-7_79 TM-score=0.9577  RMSD=1.37
  seed_2027_arm_p8_target_-10_charge_-5_84 TM-score=0.96941  RMSD=1.13
  seed_2028_arm_p8_target_-10_charge_-7_82 TM-score=0.30766  RMSD=6.22
  seed_2029_arm_p8_target_-10_charge_-3_81 TM-score=0.94886  RMSD=1.57
已写入 output/generalization_v11a_fold/1AXW/arm_p8/tm.csv
done 1AXW/p8
  native_charge_-1_71                      TM-score=0.99053  RMSD=0.59
  seed_2000_arm_native_target_-2_charge__3_00 TM-score=0.96676  RMSD=1.18
  seed_2001_arm_native_target_-2_charge_-4_15 TM-score=0.9818  RMSD=0.84
  seed_2002_arm_native_target_-2_charge_-2_14 TM-score=0.96213  RMSD=1.25
  seed_2003_arm_native_target_-2_charge_-1_04 TM-score=0.97797  RMSD=0.91
  seed_2004_arm_native_target_-2_charge_-2_11 TM-score=0.97953  RMSD=0.89
  seed_2005_arm_native_target_-2_charge_-2_99 TM-score=0.97026  RMSD=1.15
  seed_2006_arm_native_target_-2_charge_-3_04 TM-score=0.98492  RMSD=0.75
  seed_2007_arm_native_target_-2_charge_-4_04 TM-score=0.98234  RMSD=0.83
  seed_2008_arm_native_target_-2_charge__2_96 TM-score=0.97918  RMSD=0.89
  seed_2009_arm_native_target_-2_charge_-1_14 TM-score=0.98193  RMSD=0.84
  seed_2010_arm_native_target_-2_charge__3_97 TM-score=0.96007  RMSD=1.27
  seed_2011_arm_native_target_-2_charge_-4_15 TM-score=0.97775  RMSD=0.92
  seed_2012_arm_native_target_-2_charge_-0_95 TM-score=0.97775  RMSD=0.91
  seed_2013_arm_native_target_-2_charge__3_84 TM-score=0.97768  RMSD=0.99
  seed_2014_arm_native_target_-2_charge_-1_04 TM-score=0.97694  RMSD=0.95
  seed_2015_arm_native_target_-2_charge_-4_04 TM-score=0.97999  RMSD=0.88
  seed_2016_arm_native_target_-2_charge_-2_15 TM-score=0.98032  RMSD=0.89
  seed_2017_arm_native_target_-2_charge_-0_11 TM-score=0.97846  RMSD=0.91
  seed_2018_arm_native_target_-2_charge_-0_04 TM-score=0.98049  RMSD=0.87
  seed_2019_arm_native_target_-2_charge__2_95 TM-score=0.96492  RMSD=1.26
  seed_2020_arm_native_target_-2_charge_-4_04 TM-score=0.97766  RMSD=0.93
  seed_2021_arm_native_target_-2_charge__0_95 TM-score=0.96843  RMSD=1.13
  seed_2022_arm_native_target_-2_charge_-4_11 TM-score=0.9834  RMSD=0.78
  seed_2023_arm_native_target_-2_charge__1_92 TM-score=0.97337  RMSD=1.09
  seed_2024_arm_native_target_-2_charge_-1_00 TM-score=0.95742  RMSD=1.4
  seed_2025_arm_native_target_-2_charge_-0_03 TM-score=0.97476  RMSD=1.03
  seed_2026_arm_native_target_-2_charge__0_89 TM-score=0.98497  RMSD=0.74
  seed_2027_arm_native_target_-2_charge__4_86 TM-score=0.98038  RMSD=0.89
  seed_2028_arm_native_target_-2_charge_-0_00 TM-score=0.98449  RMSD=0.79
  seed_2029_arm_native_target_-2_charge_-1_04 TM-score=0.96855  RMSD=1.1
已写入 output/generalization_v11a_fold/1AZM/arm_native/tm.csv
done 1AZM/native
  native_charge_-1_71                      TM-score=0.99053  RMSD=0.59
  seed_2000_arm_n2_target_-4_charge_-1_96  TM-score=0.96645  RMSD=1.18
  seed_2001_arm_n2_target_-4_charge_-6_04  TM-score=0.97942  RMSD=0.89
  seed_2002_arm_n2_target_-4_charge_-5_15  TM-score=0.96552  RMSD=1.18
  seed_2003_arm_n2_target_-4_charge_-4_03  TM-score=0.97969  RMSD=0.89
  seed_2004_arm_n2_target_-4_charge_-2_11  TM-score=0.98068  RMSD=0.85
  seed_2005_arm_n2_target_-4_charge_-4_00  TM-score=0.97292  RMSD=1.06
  seed_2006_arm_n2_target_-4_charge_-4_04  TM-score=0.97834  RMSD=0.91
  seed_2007_arm_n2_target_-4_charge_-7_04  TM-score=0.97336  RMSD=1.0
  seed_2008_arm_n2_target_-4_charge__1_96  TM-score=0.97919  RMSD=0.88
  seed_2009_arm_n2_target_-4_charge_-2_99  TM-score=0.97954  RMSD=0.91
  seed_2010_arm_n2_target_-4_charge__4_96  TM-score=0.96478  RMSD=1.18
  seed_2011_arm_n2_target_-4_charge_-4_15  TM-score=0.94974  RMSD=1.66
  seed_2012_arm_n2_target_-4_charge__0_04  TM-score=0.9753  RMSD=0.97
  seed_2013_arm_n2_target_-4_charge__0_96  TM-score=0.97939  RMSD=0.94
  seed_2014_arm_n2_target_-4_charge_-2_04  TM-score=0.98558  RMSD=0.73
  seed_2015_arm_n2_target_-4_charge_-3_04  TM-score=0.98402  RMSD=0.77
  seed_2016_arm_n2_target_-4_charge_-3_05  TM-score=0.97436  RMSD=1.01
  seed_2017_arm_n2_target_-4_charge_-0_11  TM-score=0.97697  RMSD=0.94
  seed_2018_arm_n2_target_-4_charge_-5_04  TM-score=0.96967  RMSD=1.01
  seed_2019_arm_n2_target_-4_charge__0_95  TM-score=0.95964  RMSD=1.3
  seed_2020_arm_n2_target_-4_charge_-4_04  TM-score=0.97905  RMSD=0.91
  seed_2021_arm_n2_target_-4_charge__0_95  TM-score=0.96934  RMSD=1.12
  seed_2022_arm_n2_target_-4_charge_-8_12  TM-score=0.98494  RMSD=0.74
  seed_2023_arm_n2_target_-4_charge__1_00  TM-score=0.97204  RMSD=1.03
  seed_2024_arm_n2_target_-4_charge_-4_99  TM-score=0.97383  RMSD=1.0
  seed_2025_arm_n2_target_-4_charge_-3_03  TM-score=0.98037  RMSD=0.87
  seed_2026_arm_n2_target_-4_charge_-5_16  TM-score=0.98181  RMSD=0.82
  seed_2027_arm_n2_target_-4_charge__2_96  TM-score=0.97278  RMSD=1.03
  seed_2028_arm_n2_target_-4_charge_-0_01  TM-score=0.9851  RMSD=0.74
  seed_2029_arm_n2_target_-4_charge_-2_04  TM-score=0.97216  RMSD=1.03
已写入 output/generalization_v11a_fold/1AZM/arm_n2/tm.csv
done 1AZM/n2
  native_charge_-1_71                      TM-score=0.99053  RMSD=0.59
  seed_2000_arm_p2_target__0_charge__0_97  TM-score=0.96593  RMSD=1.22
  seed_2001_arm_p2_target__0_charge_-2_25  TM-score=0.97714  RMSD=0.97
  seed_2002_arm_p2_target__0_charge_-0_14  TM-score=0.97475  RMSD=1.0
  seed_2003_arm_p2_target__0_charge_-0_03  TM-score=0.97805  RMSD=0.92
  seed_2004_arm_p2_target__0_charge__2_89  TM-score=0.97998  RMSD=0.88
  seed_2005_arm_p2_target__0_charge_-2_95  TM-score=0.97415  RMSD=1.06
  seed_2006_arm_p2_target__0_charge_-1_04  TM-score=0.97626  RMSD=0.96
  seed_2007_arm_p2_target__0_charge_-2_04  TM-score=0.97837  RMSD=0.96
  seed_2008_arm_p2_target__0_charge__2_97  TM-score=0.97475  RMSD=0.98
  seed_2009_arm_p2_target__0_charge__0_86  TM-score=0.98183  RMSD=0.84
  seed_2010_arm_p2_target__0_charge__2_97  TM-score=0.95941  RMSD=1.28
  seed_2011_arm_p2_target__0_charge_-2_14  TM-score=0.95901  RMSD=1.56
  seed_2012_arm_p2_target__0_charge__0_01  TM-score=0.9705  RMSD=1.08
  seed_2013_arm_p2_target__0_charge__4_84  TM-score=0.96948  RMSD=0.98
  seed_2014_arm_p2_target__0_charge_-0_03  TM-score=0.97118  RMSD=1.07
  seed_2015_arm_p2_target__0_charge_-4_15  TM-score=0.97715  RMSD=0.94
  seed_2016_arm_p2_target__0_charge_-3_11  TM-score=0.97526  RMSD=0.99
  seed_2017_arm_p2_target__0_charge__0_89  TM-score=0.98071  RMSD=0.87
  seed_2018_arm_p2_target__0_charge_-0_11  TM-score=0.97215  RMSD=1.04
  seed_2019_arm_p2_target__0_charge__3_04  TM-score=0.96165  RMSD=1.32
  seed_2020_arm_p2_target__0_charge_-0_04  TM-score=0.98174  RMSD=0.85
  seed_2021_arm_p2_target__0_charge__7_00  TM-score=0.96949  RMSD=1.1
  seed_2022_arm_p2_target__0_charge_-1_11  TM-score=0.98204  RMSD=0.81
  seed_2023_arm_p2_target__0_charge__1_00  TM-score=0.9744  RMSD=1.07
  seed_2024_arm_p2_target__0_charge__1_00  TM-score=0.95791  RMSD=1.31
  seed_2025_arm_p2_target__0_charge__1_97  TM-score=0.97079  RMSD=1.11
  seed_2026_arm_p2_target__0_charge_-0_10  TM-score=0.9791  RMSD=0.88
  seed_2027_arm_p2_target__0_charge__4_90  TM-score=0.97257  RMSD=1.07
  seed_2028_arm_p2_target__0_charge__1_04  TM-score=0.98032  RMSD=0.86
  seed_2029_arm_p2_target__0_charge__0_85  TM-score=0.97153  RMSD=1.05
已写入 output/generalization_v11a_fold/1AZM/arm_p2/tm.csv
done 1AZM/p2
  native_charge_-1_71                      TM-score=0.99053  RMSD=0.59
  seed_2000_arm_n8_target_-10_charge_-7_97 TM-score=0.9751  RMSD=1.02
  seed_2001_arm_n8_target_-10_charge_-12_00 TM-score=0.981  RMSD=0.84
  seed_2002_arm_n8_target_-10_charge_-9_97 TM-score=0.97803  RMSD=0.9
  seed_2003_arm_n8_target_-10_charge_-9_04 TM-score=0.979  RMSD=0.88
  seed_2004_arm_n8_target_-10_charge_-5_99 TM-score=0.96093  RMSD=1.13
  seed_2005_arm_n8_target_-10_charge_-13_11 TM-score=0.97126  RMSD=1.14
  seed_2006_arm_n8_target_-10_charge_-13_04 TM-score=0.98418  RMSD=0.76
  seed_2007_arm_n8_target_-10_charge_-13_00 TM-score=0.97366  RMSD=1.02
  seed_2008_arm_n8_target_-10_charge_-3_92 TM-score=0.97856  RMSD=0.91
  seed_2009_arm_n8_target_-10_charge_-13_04 TM-score=0.97019  RMSD=1.09
  seed_2010_arm_n8_target_-10_charge_-2_99 TM-score=0.97007  RMSD=1.13
  seed_2011_arm_n8_target_-10_charge_-13_04 TM-score=0.95753  RMSD=1.37
  seed_2012_arm_n8_target_-10_charge_-7_95 TM-score=0.98098  RMSD=0.83
  seed_2013_arm_n8_target_-10_charge_-10_01 TM-score=0.97415  RMSD=1.0
  seed_2014_arm_n8_target_-10_charge_-7_04 TM-score=0.96773  RMSD=1.14
  seed_2015_arm_n8_target_-10_charge_-9_03 TM-score=0.97974  RMSD=0.89
  seed_2016_arm_n8_target_-10_charge_-8_00 TM-score=0.97975  RMSD=0.88
  seed_2017_arm_n8_target_-10_charge_-4_99 TM-score=0.97158  RMSD=1.06
  seed_2018_arm_n8_target_-10_charge_-8_00 TM-score=0.96879  RMSD=1.12
  seed_2019_arm_n8_target_-10_charge_-9_04 TM-score=0.9649  RMSD=1.21
  seed_2020_arm_n8_target_-10_charge_-11_00 TM-score=0.95795  RMSD=1.37
  seed_2021_arm_n8_target_-10_charge_-8_04 TM-score=0.97399  RMSD=1.02
  seed_2022_arm_n8_target_-10_charge_-13_96 TM-score=0.97678  RMSD=0.93
  seed_2023_arm_n8_target_-10_charge_-3_88 TM-score=0.96966  RMSD=1.11
  seed_2024_arm_n8_target_-10_charge_-15_95 TM-score=0.95861  RMSD=1.34
  seed_2025_arm_n8_target_-10_charge_-6_99 TM-score=0.97876  RMSD=0.92
  seed_2026_arm_n8_target_-10_charge_-7_96 TM-score=0.97953  RMSD=0.87
  seed_2027_arm_n8_target_-10_charge_-5_95 TM-score=0.97796  RMSD=0.92
  seed_2028_arm_n8_target_-10_charge_-3_04 TM-score=0.97391  RMSD=1.0
  seed_2029_arm_n8_target_-10_charge_-9_04 TM-score=0.98037  RMSD=0.85
已写入 output/generalization_v11a_fold/1AZM/arm_n8/tm.csv
done 1AZM/n8
  native_charge_-1_71                      TM-score=0.99053  RMSD=0.59
  seed_2000_arm_p8_target__6_charge__5_98  TM-score=0.96437  RMSD=1.27
  seed_2001_arm_p8_target__6_charge__1_09  TM-score=0.97948  RMSD=0.89
  seed_2002_arm_p8_target__6_charge__3_90  TM-score=0.96797  RMSD=1.19
  seed_2003_arm_p8_target__6_charge__4_05  TM-score=0.96028  RMSD=1.28
  seed_2004_arm_p8_target__6_charge__4_97  TM-score=0.98088  RMSD=0.87
  seed_2005_arm_p8_target__6_charge__4_97  TM-score=0.97549  RMSD=1.01
  seed_2006_arm_p8_target__6_charge__4_04  TM-score=0.97226  RMSD=1.06
  seed_2007_arm_p8_target__6_charge_-0_04  TM-score=0.97392  RMSD=1.06
  seed_2008_arm_p8_target__6_charge__8_90  TM-score=0.97519  RMSD=0.98
  seed_2009_arm_p8_target__6_charge__5_98  TM-score=0.97304  RMSD=1.06
  seed_2010_arm_p8_target__6_charge__6_97  TM-score=0.96706  RMSD=1.21
  seed_2011_arm_p8_target__6_charge__1_89  TM-score=0.98117  RMSD=0.83
  seed_2012_arm_p8_target__6_charge__3_90  TM-score=0.95447  RMSD=1.4
  seed_2013_arm_p8_target__6_charge__5_96  TM-score=0.97483  RMSD=1.0
  seed_2014_arm_p8_target__6_charge__6_13  TM-score=0.96984  RMSD=1.13
  seed_2015_arm_p8_target__6_charge__5_89  TM-score=0.98018  RMSD=0.92
  seed_2016_arm_p8_target__6_charge__0_93  TM-score=0.98024  RMSD=0.87
  seed_2017_arm_p8_target__6_charge__3_09  TM-score=0.96317  RMSD=1.1
  seed_2018_arm_p8_target__6_charge_-0_10  TM-score=0.9723  RMSD=1.08
  seed_2019_arm_p8_target__6_charge__6_01  TM-score=0.97266  RMSD=1.04
  seed_2020_arm_p8_target__6_charge__1_86  TM-score=0.97911  RMSD=0.92
  seed_2021_arm_p8_target__6_charge__8_04  TM-score=0.96522  RMSD=1.24
  seed_2022_arm_p8_target__6_charge__1_97  TM-score=0.96025  RMSD=1.27
  seed_2023_arm_p8_target__6_charge__7_04  TM-score=0.98056  RMSD=0.87
  seed_2024_arm_p8_target__6_charge__4_93  TM-score=0.97891  RMSD=0.93
  seed_2025_arm_p8_target__6_charge__7_01  TM-score=0.97087  RMSD=1.09
  seed_2026_arm_p8_target__6_charge__6_01  TM-score=0.97866  RMSD=0.9
  seed_2027_arm_p8_target__6_charge__5_94  TM-score=0.97453  RMSD=1.01
  seed_2028_arm_p8_target__6_charge__7_93  TM-score=0.95934  RMSD=1.57
  seed_2029_arm_p8_target__6_charge__3_86  TM-score=0.95954  RMSD=1.26
已写入 output/generalization_v11a_fold/1AZM/arm_p8/tm.csv
done 1AZM/p8
  native_charge__0_42                      TM-score=0.92538  RMSD=1.86
  seed_2000_arm_native_target__0_charge_-5_13 TM-score=0.91672  RMSD=2.08
  seed_2001_arm_native_target__0_charge_-0_21 TM-score=0.9206  RMSD=2.05
  seed_2002_arm_native_target__0_charge__2_78 TM-score=0.93448  RMSD=2.23
  seed_2003_arm_native_target__0_charge_-2_17 TM-score=0.82826  RMSD=3.44
  seed_2004_arm_native_target__0_charge__8_00 TM-score=0.90646  RMSD=2.29
  seed_2005_arm_native_target__0_charge__1_97 TM-score=0.89165  RMSD=2.49
  seed_2006_arm_native_target__0_charge__1_06 TM-score=0.90476  RMSD=2.25
  seed_2007_arm_native_target__0_charge__1_68 TM-score=0.9164  RMSD=2.18
  seed_2008_arm_native_target__0_charge__3_01 TM-score=0.83633  RMSD=3.11
  seed_2009_arm_native_target__0_charge__6_89 TM-score=0.90218  RMSD=2.31
  seed_2010_arm_native_target__0_charge_-2_17 TM-score=0.91171  RMSD=2.12
  seed_2011_arm_native_target__0_charge__6_97 TM-score=0.91431  RMSD=2.33
  seed_2012_arm_native_target__0_charge__1_90 TM-score=0.91276  RMSD=2.28
  seed_2013_arm_native_target__0_charge_-0_07 TM-score=0.91833  RMSD=2.03
  seed_2014_arm_native_target__0_charge__4_89 TM-score=0.91667  RMSD=2.09
  seed_2015_arm_native_target__0_charge__8_00 TM-score=0.88401  RMSD=2.44
  seed_2016_arm_native_target__0_charge__8_82 TM-score=0.91923  RMSD=2.11
  seed_2017_arm_native_target__0_charge_-0_99 TM-score=0.91215  RMSD=2.13
  seed_2018_arm_native_target__0_charge_-4_03 TM-score=0.90329  RMSD=2.33
  seed_2019_arm_native_target__0_charge__3_04 TM-score=0.90683  RMSD=2.14
  seed_2020_arm_native_target__0_charge_-0_18 TM-score=0.92545  RMSD=2.25
  seed_2021_arm_native_target__0_charge_-2_17 TM-score=0.85411  RMSD=3.36
  seed_2022_arm_native_target__0_charge_-8_13 TM-score=0.90913  RMSD=2.22
  seed_2023_arm_native_target__0_charge_-0_95 TM-score=0.91844  RMSD=1.95
  seed_2024_arm_native_target__0_charge__1_82 TM-score=0.9011  RMSD=2.2
  seed_2025_arm_native_target__0_charge__2_78 TM-score=0.90091  RMSD=2.47
  seed_2026_arm_native_target__0_charge_-2_03 TM-score=0.91899  RMSD=2.14
  seed_2027_arm_native_target__0_charge__2_67 TM-score=0.90972  RMSD=2.28
  seed_2028_arm_native_target__0_charge__4_90 TM-score=0.92159  RMSD=2.35
  seed_2029_arm_native_target__0_charge__2_01 TM-score=0.89984  RMSD=2.37
已写入 output/generalization_v11a_fold/1BJ4/arm_native/tm.csv
done 1BJ4/native
  native_charge__0_42                      TM-score=0.92538  RMSD=1.86
  seed_2000_arm_n2_target_-2_charge_-3_13  TM-score=0.91797  RMSD=2.03
  seed_2001_arm_n2_target_-2_charge_-0_21  TM-score=0.90984  RMSD=2.05
  seed_2002_arm_n2_target_-2_charge__4_78  TM-score=0.92872  RMSD=2.36
  seed_2003_arm_n2_target_-2_charge_-3_13  TM-score=0.86182  RMSD=2.98
  seed_2004_arm_n2_target_-2_charge__5_00  TM-score=0.90327  RMSD=2.54
  seed_2005_arm_n2_target_-2_charge__4_04  TM-score=0.90602  RMSD=2.32
  seed_2006_arm_n2_target_-2_charge__0_06  TM-score=0.90783  RMSD=2.3
  seed_2007_arm_n2_target_-2_charge__0_79  TM-score=0.90845  RMSD=2.35
  seed_2008_arm_n2_target_-2_charge__1_00  TM-score=0.83162  RMSD=3.1
  seed_2009_arm_n2_target_-2_charge__10_00 TM-score=0.91706  RMSD=2.14
  seed_2010_arm_n2_target_-2_charge_-4_18  TM-score=0.91299  RMSD=2.22
  seed_2011_arm_n2_target_-2_charge__3_97  TM-score=0.92799  RMSD=2.37
  seed_2012_arm_n2_target_-2_charge_-0_10  TM-score=0.91333  RMSD=2.06
  seed_2013_arm_n2_target_-2_charge_-2_11  TM-score=0.91913  RMSD=2.01
  seed_2014_arm_n2_target_-2_charge__1_89  TM-score=0.91776  RMSD=2.13
  seed_2015_arm_n2_target_-2_charge__10_04 TM-score=0.8902  RMSD=2.62
  seed_2016_arm_n2_target_-2_charge__2_83  TM-score=0.92246  RMSD=2.52
  seed_2017_arm_n2_target_-2_charge_-2_22  TM-score=0.90927  RMSD=2.38
  seed_2018_arm_n2_target_-2_charge_-7_03  TM-score=0.90102  RMSD=2.33
  seed_2019_arm_n2_target_-2_charge_-1_95  TM-score=0.90741  RMSD=2.11
  seed_2020_arm_n2_target_-2_charge_-2_18  TM-score=0.93597  RMSD=2.01
  seed_2021_arm_n2_target_-2_charge_-2_13  TM-score=0.85517  RMSD=2.81
  seed_2022_arm_n2_target_-2_charge_-8_02  TM-score=0.90626  RMSD=2.43
  seed_2023_arm_n2_target_-2_charge_-4_95  TM-score=0.91732  RMSD=2.04
  seed_2024_arm_n2_target_-2_charge_-0_22  TM-score=0.90024  RMSD=2.28
  seed_2025_arm_n2_target_-2_charge__2_78  TM-score=0.90144  RMSD=2.52
  seed_2026_arm_n2_target_-2_charge_-1_04  TM-score=0.92727  RMSD=2.02
  seed_2027_arm_n2_target_-2_charge__2_67  TM-score=0.90641  RMSD=2.29
  seed_2028_arm_n2_target_-2_charge__2_90  TM-score=0.92804  RMSD=2.27
  seed_2029_arm_n2_target_-2_charge__3_01  TM-score=0.91215  RMSD=2.17
已写入 output/generalization_v11a_fold/1BJ4/arm_n2/tm.csv
done 1BJ4/n2
  native_charge__0_42                      TM-score=0.92538  RMSD=1.86
  seed_2000_arm_p2_target__2_charge_-3_13  TM-score=0.87886  RMSD=2.54
  seed_2001_arm_p2_target__2_charge__0_78  TM-score=0.92001  RMSD=2.08
  seed_2002_arm_p2_target__2_charge__3_78  TM-score=0.94031  RMSD=2.05
  seed_2003_arm_p2_target__2_charge_-0_13  TM-score=0.88739  RMSD=2.65
  seed_2004_arm_p2_target__2_charge__7_00  TM-score=0.90253  RMSD=2.2
  seed_2005_arm_p2_target__2_charge__0_97  TM-score=0.89145  RMSD=2.42
  seed_2006_arm_p2_target__2_charge__0_10  TM-score=0.91571  RMSD=2.61
  seed_2007_arm_p2_target__2_charge__6_67  TM-score=0.91483  RMSD=2.26
  seed_2008_arm_p2_target__2_charge__7_00  TM-score=0.84437  RMSD=3.14
  seed_2009_arm_p2_target__2_charge__11_89 TM-score=0.87826  RMSD=2.76
  seed_2010_arm_p2_target__2_charge_-2_17  TM-score=0.91638  RMSD=2.26
  seed_2011_arm_p2_target__2_charge__7_97  TM-score=0.93295  RMSD=2.1
  seed_2012_arm_p2_target__2_charge_-1_21  TM-score=0.91855  RMSD=2.15
  seed_2013_arm_p2_target__2_charge__1_93  TM-score=0.91837  RMSD=2.31
  seed_2014_arm_p2_target__2_charge__5_90  TM-score=0.90428  RMSD=2.46
  seed_2015_arm_p2_target__2_charge__8_01  TM-score=0.88934  RMSD=2.25
  seed_2016_arm_p2_target__2_charge__12_82 TM-score=0.9197  RMSD=2.17
  seed_2017_arm_p2_target__2_charge__1_01  TM-score=0.91553  RMSD=2.16
  seed_2018_arm_p2_target__2_charge_-1_15  TM-score=0.8806  RMSD=2.72
  seed_2019_arm_p2_target__2_charge__3_04  TM-score=0.90447  RMSD=2.29
  seed_2020_arm_p2_target__2_charge__2_82  TM-score=0.92611  RMSD=2.2
  seed_2021_arm_p2_target__2_charge_-1_17  TM-score=0.86508  RMSD=2.83
  seed_2022_arm_p2_target__2_charge_-3_13  TM-score=0.90662  RMSD=2.4
  seed_2023_arm_p2_target__2_charge__2_05  TM-score=0.92058  RMSD=1.94
  seed_2024_arm_p2_target__2_charge__1_82  TM-score=0.90276  RMSD=2.0
  seed_2025_arm_p2_target__2_charge__0_77  TM-score=0.91599  RMSD=2.17
  seed_2026_arm_p2_target__2_charge_-2_03  TM-score=0.92119  RMSD=2.11
  seed_2027_arm_p2_target__2_charge__4_67  TM-score=0.90804  RMSD=2.22
  seed_2028_arm_p2_target__2_charge__5_90  TM-score=0.90437  RMSD=2.82
  seed_2029_arm_p2_target__2_charge__1_01  TM-score=0.91336  RMSD=2.11
已写入 output/generalization_v11a_fold/1BJ4/arm_p2/tm.csv
done 1BJ4/p2
  native_charge__0_42                      TM-score=0.92538  RMSD=1.86
  seed_2000_arm_n8_target_-8_charge_-13_01 TM-score=0.91623  RMSD=2.12
  seed_2001_arm_n8_target_-8_charge_-4_17  TM-score=0.91597  RMSD=2.15
  seed_2002_arm_n8_target_-8_charge_-3_22  TM-score=0.93173  RMSD=2.23
  seed_2003_arm_n8_target_-8_charge_-5_18  TM-score=0.84489  RMSD=3.24
  seed_2004_arm_n8_target_-8_charge__1_01  TM-score=0.91314  RMSD=1.99
  seed_2005_arm_n8_target_-8_charge_-2_96  TM-score=0.89498  RMSD=2.41
  seed_2006_arm_n8_target_-8_charge_-5_98  TM-score=0.91645  RMSD=2.4
  seed_2007_arm_n8_target_-8_charge_-1_18  TM-score=0.91398  RMSD=2.14
  seed_2008_arm_n8_target_-8_charge_-4_99  TM-score=0.83307  RMSD=3.05
  seed_2009_arm_n8_target_-8_charge__1_01  TM-score=0.9234  RMSD=2.15
  seed_2010_arm_n8_target_-8_charge_-4_18  TM-score=0.84695  RMSD=2.91
  seed_2011_arm_n8_target_-8_charge_-2_07  TM-score=0.91877  RMSD=2.03
  seed_2012_arm_n8_target_-8_charge_-5_94  TM-score=0.90974  RMSD=1.99
  seed_2013_arm_n8_target_-8_charge_-13_10 TM-score=0.91432  RMSD=2.07
  seed_2014_arm_n8_target_-8_charge_-2_11  TM-score=0.92232  RMSD=2.07
  seed_2015_arm_n8_target_-8_charge_-0_95  TM-score=0.88627  RMSD=2.46
  seed_2016_arm_n8_target_-8_charge_-7_13  TM-score=0.91628  RMSD=2.07
  seed_2017_arm_n8_target_-8_charge_-6_22  TM-score=0.88818  RMSD=2.53
  seed_2018_arm_n8_target_-8_charge_-9_03  TM-score=0.90933  RMSD=2.21
  seed_2019_arm_n8_target_-8_charge_-4_18  TM-score=0.84878  RMSD=3.12
  seed_2020_arm_n8_target_-8_charge_-6_14  TM-score=0.93966  RMSD=2.09
  seed_2021_arm_n8_target_-8_charge_-3_02  TM-score=0.86052  RMSD=2.74
  seed_2022_arm_n8_target_-8_charge_-12_98 TM-score=0.80811  RMSD=3.31
  seed_2023_arm_n8_target_-8_charge_-5_94  TM-score=0.91856  RMSD=1.89
  seed_2024_arm_n8_target_-8_charge_-5_21  TM-score=0.92675  RMSD=2.37
  seed_2025_arm_n8_target_-8_charge_-10_06 TM-score=0.82986  RMSD=3.13
  seed_2026_arm_n8_target_-8_charge_-5_04  TM-score=0.91608  RMSD=2.2
  seed_2027_arm_n8_target_-8_charge__1_67  TM-score=0.91127  RMSD=2.12
  seed_2028_arm_n8_target_-8_charge_-9_25  TM-score=0.92843  RMSD=2.35
  seed_2029_arm_n8_target_-8_charge_-4_95  TM-score=0.92339  RMSD=2.27
已写入 output/generalization_v11a_fold/1BJ4/arm_n8/tm.csv
done 1BJ4/n8
  native_charge__0_42                      TM-score=0.92538  RMSD=1.86
  seed_2000_arm_p8_target__8_charge_-3_09  TM-score=0.89652  RMSD=2.28
  seed_2001_arm_p8_target__8_charge__4_83  TM-score=0.9185  RMSD=2.17
  seed_2002_arm_p8_target__8_charge__9_83  TM-score=0.8982  RMSD=2.5
  seed_2003_arm_p8_target__8_charge__12_94 TM-score=0.90202  RMSD=2.33
  seed_2004_arm_p8_target__8_charge__11_99 TM-score=0.90579  RMSD=2.11
  seed_2005_arm_p8_target__8_charge__8_97  TM-score=0.8904  RMSD=2.41
  seed_2006_arm_p8_target__8_charge__12_09 TM-score=0.90777  RMSD=2.32
  seed_2007_arm_p8_target__8_charge__12_70 TM-score=0.93338  RMSD=2.34
  seed_2008_arm_p8_target__8_charge__16_00 TM-score=0.84046  RMSD=3.19
  seed_2009_arm_p8_target__8_charge__12_90 TM-score=0.92333  RMSD=2.23
  seed_2010_arm_p8_target__8_charge__3_82  TM-score=0.90881  RMSD=2.16
  seed_2011_arm_p8_target__8_charge__10_97 TM-score=0.91758  RMSD=2.1
  seed_2012_arm_p8_target__8_charge__4_98  TM-score=0.88807  RMSD=2.35
  seed_2013_arm_p8_target__8_charge__6_01  TM-score=0.92172  RMSD=2.14
  seed_2014_arm_p8_target__8_charge__10_94 TM-score=0.90958  RMSD=2.34
  seed_2015_arm_p8_target__8_charge__11_93 TM-score=0.90125  RMSD=2.41
  seed_2016_arm_p8_target__8_charge__15_82 TM-score=0.91336  RMSD=2.31
  seed_2017_arm_p8_target__8_charge__4_90  TM-score=0.90927  RMSD=2.31
  seed_2018_arm_p8_target__8_charge__3_86  TM-score=0.85134  RMSD=2.87
  seed_2019_arm_p8_target__8_charge__9_04  TM-score=0.85476  RMSD=2.9
  seed_2020_arm_p8_target__8_charge__4_83  TM-score=0.92803  RMSD=2.2
  seed_2021_arm_p8_target__8_charge__5_83  TM-score=0.86249  RMSD=2.93
  seed_2022_arm_p8_target__8_charge__0_91  TM-score=0.91663  RMSD=2.04
  seed_2023_arm_p8_target__8_charge__6_05  TM-score=0.91331  RMSD=2.22
  seed_2024_arm_p8_target__8_charge__6_71  TM-score=0.90666  RMSD=2.61
  seed_2025_arm_p8_target__8_charge__7_78  TM-score=0.908  RMSD=2.25
  seed_2026_arm_p8_target__8_charge__5_97  TM-score=0.91409  RMSD=2.31
  seed_2027_arm_p8_target__8_charge__8_93  TM-score=0.91004  RMSD=2.29
  seed_2028_arm_p8_target__8_charge__10_90 TM-score=0.87652  RMSD=2.63
  seed_2029_arm_p8_target__8_charge__12_01 TM-score=0.9089  RMSD=2.2
已写入 output/generalization_v11a_fold/1BJ4/arm_p8/tm.csv
done 1BJ4/p8
  native_charge_-14_31                     TM-score=0.98546  RMSD=0.42
  seed_2000_arm_native_target_-14_charge_-10_39 TM-score=0.94199  RMSD=1.09
  seed_2001_arm_native_target_-14_charge_-11_19 TM-score=0.95284  RMSD=0.87
  seed_2002_arm_native_target_-14_charge_-12_39 TM-score=0.95049  RMSD=0.92
  seed_2003_arm_native_target_-14_charge_-19_19 TM-score=0.93993  RMSD=1.02
  seed_2004_arm_native_target_-14_charge_-12_38 TM-score=0.96605  RMSD=1.17
  seed_2005_arm_native_target_-14_charge_-12_16 TM-score=0.95612  RMSD=0.84
  seed_2006_arm_native_target_-14_charge_-16_38 TM-score=0.96308  RMSD=0.81
  seed_2007_arm_native_target_-14_charge_-15_34 TM-score=0.95301  RMSD=0.91
  seed_2008_arm_native_target_-14_charge_-14_11 TM-score=0.95668  RMSD=1.0
  seed_2009_arm_native_target_-14_charge_-16_38 TM-score=0.95584  RMSD=0.92
  seed_2010_arm_native_target_-14_charge_-12_39 TM-score=0.94911  RMSD=0.96
  seed_2011_arm_native_target_-14_charge_-14_30 TM-score=0.96584  RMSD=1.15
  seed_2012_arm_native_target_-14_charge_-18_34 TM-score=0.95417  RMSD=1.09
  seed_2013_arm_native_target_-14_charge_-17_12 TM-score=0.95858  RMSD=1.01
  seed_2014_arm_native_target_-14_charge_-12_38 TM-score=0.98136  RMSD=0.49
  seed_2015_arm_native_target_-14_charge_-12_39 TM-score=0.967  RMSD=0.77
  seed_2016_arm_native_target_-14_charge_-13_86 TM-score=0.95397  RMSD=0.91
  seed_2017_arm_native_target_-14_charge_-22_52 TM-score=0.9595  RMSD=1.2
  seed_2018_arm_native_target_-14_charge_-14_27 TM-score=0.95422  RMSD=0.94
  seed_2019_arm_native_target_-14_charge_-13_08 TM-score=0.94905  RMSD=1.26
  seed_2020_arm_native_target_-14_charge_-17_38 TM-score=0.97791  RMSD=0.53
  seed_2021_arm_native_target_-14_charge_-21_27 TM-score=0.95689  RMSD=1.13
  seed_2022_arm_native_target_-14_charge_-14_49 TM-score=0.95821  RMSD=1.14
  seed_2023_arm_native_target_-14_charge_-11_35 TM-score=0.9494  RMSD=1.15
  seed_2024_arm_native_target_-14_charge_-21_04 TM-score=0.96826  RMSD=0.89
  seed_2025_arm_native_target_-14_charge_-17_38 TM-score=0.95983  RMSD=0.87
  seed_2026_arm_native_target_-14_charge_-21_38 TM-score=0.957  RMSD=0.96
  seed_2027_arm_native_target_-14_charge_-14_16 TM-score=0.95838  RMSD=1.19
  seed_2028_arm_native_target_-14_charge_-10_13 TM-score=0.95862  RMSD=0.77
  seed_2029_arm_native_target_-14_charge_-15_43 TM-score=0.96581  RMSD=0.66
已写入 output/generalization_v11a_fold/1C6O/arm_native/tm.csv
done 1C6O/native
  native_charge_-14_31                     TM-score=0.98546  RMSD=0.42
  seed_2000_arm_n2_target_-16_charge_-14_38 TM-score=0.94016  RMSD=1.02
  seed_2001_arm_n2_target_-16_charge_-11_19 TM-score=0.95331  RMSD=0.83
  seed_2002_arm_n2_target_-16_charge_-13_38 TM-score=0.9488  RMSD=0.93
  seed_2003_arm_n2_target_-16_charge_-20_08 TM-score=0.97043  RMSD=0.81
  seed_2004_arm_n2_target_-16_charge_-12_39 TM-score=0.9557  RMSD=1.13
  seed_2005_arm_n2_target_-16_charge_-13_97 TM-score=0.90894  RMSD=1.38
  seed_2006_arm_n2_target_-16_charge_-14_39 TM-score=0.9602  RMSD=1.02
  seed_2007_arm_n2_target_-16_charge_-18_38 TM-score=0.95222  RMSD=0.96
  seed_2008_arm_n2_target_-16_charge_-17_11 TM-score=0.95484  RMSD=0.97
  seed_2009_arm_n2_target_-16_charge_-19_38 TM-score=0.95884  RMSD=0.9
  seed_2010_arm_n2_target_-16_charge_-12_39 TM-score=0.94613  RMSD=0.98
  seed_2011_arm_n2_target_-16_charge_-14_30 TM-score=0.96243  RMSD=1.1
  seed_2012_arm_n2_target_-16_charge_-17_37 TM-score=0.96904  RMSD=0.64
  seed_2013_arm_n2_target_-16_charge_-18_12 TM-score=0.96092  RMSD=0.77
  seed_2014_arm_n2_target_-16_charge_-12_38 TM-score=0.97603  RMSD=0.55
  seed_2015_arm_n2_target_-16_charge_-13_35 TM-score=0.95999  RMSD=0.84
  seed_2016_arm_n2_target_-16_charge_-16_86 TM-score=0.95751  RMSD=0.99
  seed_2017_arm_n2_target_-16_charge_-22_48 TM-score=0.94533  RMSD=1.05
  seed_2018_arm_n2_target_-16_charge_-14_27 TM-score=0.9488  RMSD=0.95
  seed_2019_arm_n2_target_-16_charge_-14_07 TM-score=0.95628  RMSD=1.23
  seed_2020_arm_n2_target_-16_charge_-18_38 TM-score=0.96021  RMSD=0.93
  seed_2021_arm_n2_target_-16_charge_-22_93 TM-score=0.95964  RMSD=0.95
  seed_2022_arm_n2_target_-16_charge_-14_45 TM-score=0.95899  RMSD=1.14
  seed_2023_arm_n2_target_-16_charge_-14_34 TM-score=0.95702  RMSD=0.75
  seed_2024_arm_n2_target_-16_charge_-21_04 TM-score=0.96728  RMSD=0.88
  seed_2025_arm_n2_target_-16_charge_-16_34 TM-score=0.96856  RMSD=0.63
  seed_2026_arm_n2_target_-16_charge_-24_38 TM-score=0.96391  RMSD=0.85
  seed_2027_arm_n2_target_-16_charge_-16_12 TM-score=0.957  RMSD=1.21
  seed_2028_arm_n2_target_-16_charge_-11_86 TM-score=0.885  RMSD=1.89
  seed_2029_arm_n2_target_-16_charge_-16_20 TM-score=0.91199  RMSD=1.48
已写入 output/generalization_v11a_fold/1C6O/arm_n2/tm.csv
done 1C6O/n2
  native_charge_-14_31                     TM-score=0.98546  RMSD=0.42
  seed_2000_arm_p2_target_-12_charge_-9_39 TM-score=0.94662  RMSD=1.06
  seed_2001_arm_p2_target_-12_charge_-10_20 TM-score=0.95171  RMSD=0.83
  seed_2002_arm_p2_target_-12_charge_-11_35 TM-score=0.95193  RMSD=0.87
  seed_2003_arm_p2_target_-12_charge_-15_20 TM-score=0.95626  RMSD=0.91
  seed_2004_arm_p2_target_-12_charge_-8_39 TM-score=0.96647  RMSD=1.19
  seed_2005_arm_p2_target_-12_charge_-11_16 TM-score=0.94703  RMSD=1.08
  seed_2006_arm_p2_target_-12_charge_-16_38 TM-score=0.95968  RMSD=1.03
  seed_2007_arm_p2_target_-12_charge_-15_34 TM-score=0.95325  RMSD=1.02
  seed_2008_arm_p2_target_-12_charge_-13_31 TM-score=0.94826  RMSD=0.97
  seed_2009_arm_p2_target_-12_charge_-16_38 TM-score=0.9565  RMSD=0.92
  seed_2010_arm_p2_target_-12_charge_-10_39 TM-score=0.94752  RMSD=0.97
  seed_2011_arm_p2_target_-12_charge_-13_31 TM-score=0.96927  RMSD=1.15
  seed_2012_arm_p2_target_-12_charge_-16_37 TM-score=0.95487  RMSD=1.23
  seed_2013_arm_p2_target_-12_charge_-17_13 TM-score=0.9641  RMSD=1.07
  seed_2014_arm_p2_target_-12_charge_-8_39 TM-score=0.95763  RMSD=0.75
  seed_2015_arm_p2_target_-12_charge_-11_39 TM-score=0.96281  RMSD=0.86
  seed_2016_arm_p2_target_-12_charge_-11_86 TM-score=0.95195  RMSD=0.94
  seed_2017_arm_p2_target_-12_charge_-20_53 TM-score=0.95892  RMSD=1.19
  seed_2018_arm_p2_target_-12_charge_-15_28 TM-score=0.94985  RMSD=1.0
  seed_2019_arm_p2_target_-12_charge_-12_27 TM-score=0.95719  RMSD=1.23
  seed_2020_arm_p2_target_-12_charge_-13_38 TM-score=0.96073  RMSD=0.92
  seed_2021_arm_p2_target_-12_charge_-22_50 TM-score=0.9437  RMSD=1.08
  seed_2022_arm_p2_target_-12_charge_-12_54 TM-score=0.95603  RMSD=1.2
  seed_2023_arm_p2_target_-12_charge_-11_35 TM-score=0.95361  RMSD=1.15
  seed_2024_arm_p2_target_-12_charge_-17_04 TM-score=0.9649  RMSD=1.12
  seed_2025_arm_p2_target_-12_charge_-16_38 TM-score=0.96032  RMSD=0.84
  seed_2026_arm_p2_target_-12_charge_-20_39 TM-score=0.95914  RMSD=0.95
  seed_2027_arm_p2_target_-12_charge_-10_24 TM-score=0.96912  RMSD=0.92
  seed_2028_arm_p2_target_-12_charge_-10_36 TM-score=0.96042  RMSD=1.18
  seed_2029_arm_p2_target_-12_charge_-18_39 TM-score=0.95254  RMSD=0.9
已写入 output/generalization_v11a_fold/1C6O/arm_p2/tm.csv
done 1C6O/p2
  native_charge_-14_31                     TM-score=0.98546  RMSD=0.42
  seed_2000_arm_n8_target_-22_charge_-18_11 TM-score=0.94941  RMSD=1.27
  seed_2001_arm_n8_target_-22_charge_-17_23 TM-score=0.94485  RMSD=0.89
  seed_2002_arm_n8_target_-22_charge_-21_37 TM-score=0.95311  RMSD=0.95
  seed_2003_arm_n8_target_-22_charge_-20_96 TM-score=0.95121  RMSD=0.96
  seed_2004_arm_n8_target_-22_charge_-14_16 TM-score=0.96936  RMSD=0.66
  seed_2005_arm_n8_target_-22_charge_-14_96 TM-score=0.96687  RMSD=1.02
  seed_2006_arm_n8_target_-22_charge_-21_38 TM-score=0.95987  RMSD=0.96
  seed_2007_arm_n8_target_-22_charge_-22_37 TM-score=0.94663  RMSD=1.5
  seed_2008_arm_n8_target_-22_charge_-21_11 TM-score=0.96448  RMSD=0.97
  seed_2009_arm_n8_target_-22_charge_-18_15 TM-score=0.95283  RMSD=0.96
  seed_2010_arm_n8_target_-22_charge_-16_20 TM-score=0.96082  RMSD=0.89
  seed_2011_arm_n8_target_-22_charge_-19_30 TM-score=0.95668  RMSD=0.87
  seed_2012_arm_n8_target_-22_charge_-20_92 TM-score=0.52124  RMSD=3.11
  seed_2013_arm_n8_target_-22_charge_-26_15 TM-score=0.962  RMSD=0.85
  seed_2014_arm_n8_target_-22_charge_-17_15 TM-score=0.96664  RMSD=1.09
  seed_2015_arm_n8_target_-22_charge_-16_30 TM-score=0.95653  RMSD=0.93
  seed_2016_arm_n8_target_-22_charge_-18_89 TM-score=0.95767  RMSD=0.98
  seed_2017_arm_n8_target_-22_charge_-22_34 TM-score=0.95173  RMSD=1.2
  seed_2018_arm_n8_target_-22_charge_-17_16 TM-score=0.94756  RMSD=1.02
  seed_2019_arm_n8_target_-22_charge_-15_07 TM-score=0.97938  RMSD=0.5
  seed_2020_arm_n8_target_-22_charge_-21_37 TM-score=0.95189  RMSD=1.05
  seed_2021_arm_n8_target_-22_charge_-25_93 TM-score=0.95259  RMSD=1.02
  seed_2022_arm_n8_target_-22_charge_-16_49 TM-score=0.96074  RMSD=1.15
  seed_2023_arm_n8_target_-22_charge_-16_11 TM-score=0.95916  RMSD=1.22
  seed_2024_arm_n8_target_-22_charge_-23_84 TM-score=0.96513  RMSD=0.92
  seed_2025_arm_n8_target_-22_charge_-26_11 TM-score=0.96304  RMSD=0.97
  seed_2026_arm_n8_target_-22_charge_-28_37 TM-score=0.95833  RMSD=0.85
  seed_2027_arm_n8_target_-22_charge_-21_15 TM-score=0.96022  RMSD=1.02
  seed_2028_arm_n8_target_-22_charge_-16_89 TM-score=0.96458  RMSD=0.68
  seed_2029_arm_n8_target_-22_charge_-23_16 TM-score=0.96329  RMSD=1.0
已写入 output/generalization_v11a_fold/1C6O/arm_n8/tm.csv
done 1C6O/n8
  native_charge_-14_31                     TM-score=0.98546  RMSD=0.42
  seed_2000_arm_p8_target_-6_charge_-9_39  TM-score=0.9546  RMSD=0.93
  seed_2001_arm_p8_target_-6_charge_-10_38 TM-score=0.9413  RMSD=0.97
  seed_2002_arm_p8_target_-6_charge_-10_39 TM-score=0.95616  RMSD=0.78
  seed_2003_arm_p8_target_-6_charge_-11_39 TM-score=0.94958  RMSD=1.17
  seed_2004_arm_p8_target_-6_charge_-10_39 TM-score=0.96427  RMSD=1.21
  seed_2005_arm_p8_target_-6_charge_-4_17  TM-score=0.96623  RMSD=0.67
  seed_2006_arm_p8_target_-6_charge_-6_40  TM-score=0.96491  RMSD=0.84
  seed_2007_arm_p8_target_-6_charge_-11_35 TM-score=0.96892  RMSD=0.85
  seed_2008_arm_p8_target_-6_charge_-9_39  TM-score=0.96975  RMSD=0.62
  seed_2009_arm_p8_target_-6_charge_-10_39 TM-score=0.95555  RMSD=0.91
  seed_2010_arm_p8_target_-6_charge_-11_39 TM-score=0.94746  RMSD=0.98
  seed_2011_arm_p8_target_-6_charge_-10_31 TM-score=0.96976  RMSD=0.71
  seed_2012_arm_p8_target_-6_charge_-13_38 TM-score=0.94852  RMSD=1.08
  seed_2013_arm_p8_target_-6_charge_-12_17 TM-score=0.9451  RMSD=1.02
  seed_2014_arm_p8_target_-6_charge_-4_39  TM-score=0.97538  RMSD=0.56
  seed_2015_arm_p8_target_-6_charge_-9_39  TM-score=0.96144  RMSD=0.77
  seed_2016_arm_p8_target_-6_charge_-6_10  TM-score=0.94838  RMSD=0.85
  seed_2017_arm_p8_target_-6_charge_-12_38 TM-score=0.95754  RMSD=0.89
  seed_2018_arm_p8_target_-6_charge_-8_39  TM-score=0.95557  RMSD=0.88
  seed_2019_arm_p8_target_-6_charge_-8_34  TM-score=0.96037  RMSD=1.26
  seed_2020_arm_p8_target_-6_charge_-5_35  TM-score=0.96053  RMSD=0.89
  seed_2021_arm_p8_target_-6_charge_-12_39 TM-score=0.96259  RMSD=0.86
  seed_2022_arm_p8_target_-6_charge_-7_54  TM-score=0.9552  RMSD=0.99
  seed_2023_arm_p8_target_-6_charge_-9_39  TM-score=0.96706  RMSD=1.15
  seed_2024_arm_p8_target_-6_charge_-12_35 TM-score=0.96222  RMSD=0.88
  seed_2025_arm_p8_target_-6_charge_-12_39 TM-score=0.95744  RMSD=0.86
  seed_2026_arm_p8_target_-6_charge_-16_39 TM-score=0.9614  RMSD=1.08
  seed_2027_arm_p8_target_-6_charge_-10_13 TM-score=0.94594  RMSD=1.09
  seed_2028_arm_p8_target_-6_charge_-10_35 TM-score=0.95963  RMSD=0.75
  seed_2029_arm_p8_target_-6_charge_-15_20 TM-score=0.96224  RMSD=0.7
已写入 output/generalization_v11a_fold/1C6O/arm_p8/tm.csv
done 1C6O/p8
  native_charge_-11_66                     TM-score=0.96623  RMSD=1.03
  seed_2000_arm_native_target_-12_charge_-14_02 TM-score=0.94815  RMSD=1.35
  seed_2001_arm_native_target_-12_charge_-7_03 TM-score=0.96277  RMSD=1.15
  seed_2002_arm_native_target_-12_charge_-5_98 TM-score=0.94894  RMSD=1.26
  seed_2003_arm_native_target_-12_charge_-10_02 TM-score=0.95644  RMSD=1.21
  seed_2004_arm_native_target_-12_charge_-9_95 TM-score=0.95558  RMSD=1.01
  seed_2005_arm_native_target_-12_charge_-12_03 TM-score=0.95156  RMSD=1.34
  seed_2006_arm_native_target_-12_charge_-8_10 TM-score=0.96415  RMSD=1.05
  seed_2007_arm_native_target_-12_charge_-10_02 TM-score=0.94928  RMSD=1.09
  seed_2008_arm_native_target_-12_charge_-13_98 TM-score=0.94098  RMSD=1.57
  seed_2009_arm_native_target_-12_charge_-14_02 TM-score=0.95933  RMSD=1.19
  seed_2010_arm_native_target_-12_charge_-7_95 TM-score=0.95919  RMSD=1.1
  seed_2011_arm_native_target_-12_charge_-10_02 TM-score=0.94968  RMSD=1.13
  seed_2012_arm_native_target_-12_charge_-8_02 TM-score=0.96163  RMSD=1.13
  seed_2013_arm_native_target_-12_charge_-16_94 TM-score=0.96144  RMSD=1.09
  seed_2014_arm_native_target_-12_charge_-9_98 TM-score=0.95897  RMSD=1.16
  seed_2015_arm_native_target_-12_charge_-12_02 TM-score=0.95097  RMSD=1.37
  seed_2016_arm_native_target_-12_charge_-12_32 TM-score=0.96395  RMSD=1.05
  seed_2017_arm_native_target_-12_charge_-13_98 TM-score=0.9587  RMSD=1.14
  seed_2018_arm_native_target_-12_charge_-7_09 TM-score=0.95842  RMSD=1.21
  seed_2019_arm_native_target_-12_charge_-7_98 TM-score=0.9481  RMSD=1.06
  seed_2020_arm_native_target_-12_charge_-9_99 TM-score=0.96906  RMSD=1.08
  seed_2021_arm_native_target_-12_charge_-8_02 TM-score=0.95368  RMSD=1.38
  seed_2022_arm_native_target_-12_charge_-11_13 TM-score=0.95151  RMSD=1.25
  seed_2023_arm_native_target_-12_charge_-10_99 TM-score=0.93738  RMSD=1.23
  seed_2024_arm_native_target_-12_charge_-13_02 TM-score=0.95747  RMSD=1.28
  seed_2025_arm_native_target_-12_charge_-14_02 TM-score=0.96352  RMSD=1.01
  seed_2026_arm_native_target_-12_charge_-7_98 TM-score=0.95626  RMSD=1.17
  seed_2027_arm_native_target_-12_charge_-13_02 TM-score=0.90606  RMSD=1.5
  seed_2028_arm_native_target_-12_charge_-11_02 TM-score=0.96103  RMSD=0.88
  seed_2029_arm_native_target_-12_charge_-9_02 TM-score=0.95175  RMSD=1.16
已写入 output/generalization_v11a_fold/1CGE/arm_native/tm.csv
done 1CGE/native
  native_charge_-11_66                     TM-score=0.96623  RMSD=1.03
  seed_2000_arm_n2_target_-14_charge_-10_98 TM-score=0.95891  RMSD=1.18
  seed_2001_arm_n2_target_-14_charge_-6_03 TM-score=0.95913  RMSD=1.19
  seed_2002_arm_n2_target_-14_charge_-7_01 TM-score=0.94706  RMSD=1.11
  seed_2003_arm_n2_target_-14_charge_-10_02 TM-score=0.93441  RMSD=1.58
  seed_2004_arm_n2_target_-14_charge_-13_94 TM-score=0.94964  RMSD=1.13
  seed_2005_arm_n2_target_-14_charge_-10_03 TM-score=0.94927  RMSD=1.42
  seed_2006_arm_n2_target_-14_charge_-14_09 TM-score=0.96214  RMSD=1.06
  seed_2007_arm_n2_target_-14_charge_-11_02 TM-score=0.95031  RMSD=1.08
  seed_2008_arm_n2_target_-14_charge_-17_98 TM-score=0.94274  RMSD=1.55
  seed_2009_arm_n2_target_-14_charge_-14_01 TM-score=0.95387  RMSD=1.24
  seed_2010_arm_n2_target_-14_charge_-13_90 TM-score=0.95613  RMSD=1.14
  seed_2011_arm_n2_target_-14_charge_-11_98 TM-score=0.94577  RMSD=1.29
  seed_2012_arm_n2_target_-14_charge_-9_02 TM-score=0.96229  RMSD=1.12
  seed_2013_arm_n2_target_-14_charge_-17_94 TM-score=0.9633  RMSD=1.05
  seed_2014_arm_n2_target_-14_charge_-14_20 TM-score=0.96558  RMSD=1.3
  seed_2015_arm_n2_target_-14_charge_-12_02 TM-score=0.93405  RMSD=1.56
  seed_2016_arm_n2_target_-14_charge_-12_32 TM-score=0.96285  RMSD=1.07
  seed_2017_arm_n2_target_-14_charge_-13_98 TM-score=0.94172  RMSD=1.13
  seed_2018_arm_n2_target_-14_charge_-8_09 TM-score=0.94608  RMSD=1.23
  seed_2019_arm_n2_target_-14_charge_-8_98 TM-score=0.96463  RMSD=0.98
  seed_2020_arm_n2_target_-14_charge_-9_98 TM-score=0.96121  RMSD=1.09
  seed_2021_arm_n2_target_-14_charge_-13_01 TM-score=0.95178  RMSD=1.47
  seed_2022_arm_n2_target_-14_charge_-12_09 TM-score=0.95949  RMSD=1.33
  seed_2023_arm_n2_target_-14_charge_-11_03 TM-score=0.9403  RMSD=1.44
  seed_2024_arm_n2_target_-14_charge_-14_12 TM-score=0.94173  RMSD=1.24
  seed_2025_arm_n2_target_-14_charge_-14_24 TM-score=0.94374  RMSD=1.13
  seed_2026_arm_n2_target_-14_charge_-11_20 TM-score=0.94352  RMSD=1.08
  seed_2027_arm_n2_target_-14_charge_-11_02 TM-score=0.91482  RMSD=1.51
  seed_2028_arm_n2_target_-14_charge_-18_02 TM-score=0.96289  RMSD=0.85
  seed_2029_arm_n2_target_-14_charge_-13_01 TM-score=0.96526  RMSD=1.04
已写入 output/generalization_v11a_fold/1CGE/arm_n2/tm.csv
done 1CGE/n2
  native_charge_-11_66                     TM-score=0.96623  RMSD=1.03
  seed_2000_arm_p2_target_-10_charge_-12_02 TM-score=0.95082  RMSD=1.23
  seed_2001_arm_p2_target_-10_charge_-6_02 TM-score=0.95679  RMSD=1.39
  seed_2002_arm_p2_target_-10_charge_-3_98 TM-score=0.95935  RMSD=1.18
  seed_2003_arm_p2_target_-10_charge_-9_02 TM-score=0.95371  RMSD=1.25
  seed_2004_arm_p2_target_-10_charge_-13_94 TM-score=0.95225  RMSD=1.29
  seed_2005_arm_p2_target_-10_charge_-11_03 TM-score=0.95255  RMSD=1.36
  seed_2006_arm_p2_target_-10_charge_-7_10 TM-score=0.97125  RMSD=0.95
  seed_2007_arm_p2_target_-10_charge_-10_02 TM-score=0.9507  RMSD=1.06
  seed_2008_arm_p2_target_-10_charge_-11_98 TM-score=0.95691  RMSD=1.18
  seed_2009_arm_p2_target_-10_charge_-11_02 TM-score=0.96345  RMSD=1.08
  seed_2010_arm_p2_target_-10_charge_-6_95 TM-score=0.95915  RMSD=1.1
  seed_2011_arm_p2_target_-10_charge_-7_02 TM-score=0.95296  RMSD=1.28
  seed_2012_arm_p2_target_-10_charge_-8_03 TM-score=0.95027  RMSD=1.08
  seed_2013_arm_p2_target_-10_charge_-10_98 TM-score=0.96208  RMSD=1.06
  seed_2014_arm_p2_target_-10_charge_-9_99 TM-score=0.94943  RMSD=1.29
  seed_2015_arm_p2_target_-10_charge_-10_03 TM-score=0.95084  RMSD=1.45
  seed_2016_arm_p2_target_-10_charge_-11_24 TM-score=0.9651  RMSD=1.06
  seed_2017_arm_p2_target_-10_charge_-9_99 TM-score=0.95269  RMSD=1.3
  seed_2018_arm_p2_target_-10_charge_-9_09 TM-score=0.96405  RMSD=1.16
  seed_2019_arm_p2_target_-10_charge_-6_98 TM-score=0.95127  RMSD=1.3
  seed_2020_arm_p2_target_-10_charge_-7_99 TM-score=0.96674  RMSD=1.14
  seed_2021_arm_p2_target_-10_charge_-9_02 TM-score=0.94809  RMSD=1.17
  seed_2022_arm_p2_target_-10_charge_-10_02 TM-score=0.9433  RMSD=1.44
  seed_2023_arm_p2_target_-10_charge_-7_99 TM-score=0.9553  RMSD=1.25
  seed_2024_arm_p2_target_-10_charge_-13_02 TM-score=0.95684  RMSD=1.29
  seed_2025_arm_p2_target_-10_charge_-4_03 TM-score=0.96267  RMSD=1.06
  seed_2026_arm_p2_target_-10_charge_-5_99 TM-score=0.94469  RMSD=1.08
  seed_2027_arm_p2_target_-10_charge_-12_03 TM-score=0.93235  RMSD=1.16
  seed_2028_arm_p2_target_-10_charge_-7_02 TM-score=0.95831  RMSD=0.94
  seed_2029_arm_p2_target_-10_charge_-7_98 TM-score=0.95044  RMSD=1.19
已写入 output/generalization_v11a_fold/1CGE/arm_p2/tm.csv
done 1CGE/p2
  native_charge_-11_66                     TM-score=0.96623  RMSD=1.03
  seed_2000_arm_n8_target_-20_charge_-19_93 TM-score=0.95275  RMSD=1.19
  seed_2001_arm_n8_target_-20_charge_-15_01 TM-score=0.95266  RMSD=1.16
  seed_2002_arm_n8_target_-20_charge_-16_97 TM-score=0.94191  RMSD=1.45
  seed_2003_arm_n8_target_-20_charge_-15_01 TM-score=0.94346  RMSD=1.32
  seed_2004_arm_n8_target_-20_charge_-19_16 TM-score=0.94646  RMSD=1.37
  seed_2005_arm_n8_target_-20_charge_-20_02 TM-score=0.94411  RMSD=1.42
  seed_2006_arm_n8_target_-20_charge_-18_23 TM-score=0.96033  RMSD=1.1
  seed_2007_arm_n8_target_-20_charge_-17_12 TM-score=0.93063  RMSD=1.57
  seed_2008_arm_n8_target_-20_charge_-16_01 TM-score=0.95442  RMSD=1.16
  seed_2009_arm_n8_target_-20_charge_-20_01 TM-score=0.94991  RMSD=1.09
  seed_2010_arm_n8_target_-20_charge_-13_98 TM-score=0.93861  RMSD=1.32
  seed_2011_arm_n8_target_-20_charge_-15_97 TM-score=0.95553  RMSD=1.01
  seed_2012_arm_n8_target_-20_charge_-19_01 TM-score=0.95584  RMSD=1.09
  seed_2013_arm_n8_target_-20_charge_-21_97 TM-score=0.96694  RMSD=0.97
  seed_2014_arm_n8_target_-20_charge_-22_23 TM-score=0.95431  RMSD=1.02
  seed_2015_arm_n8_target_-20_charge_-22_01 TM-score=0.93609  RMSD=1.55
  seed_2016_arm_n8_target_-20_charge_-18_20 TM-score=0.96876  RMSD=0.97
  seed_2017_arm_n8_target_-20_charge_-17_01 TM-score=0.9601  RMSD=1.07
  seed_2018_arm_n8_target_-20_charge_-14_09 TM-score=0.95626  RMSD=1.28
  seed_2019_arm_n8_target_-20_charge_-12_09 TM-score=0.94474  RMSD=1.32
  seed_2020_arm_n8_target_-20_charge_-15_98 TM-score=0.94299  RMSD=1.33
  seed_2021_arm_n8_target_-20_charge_-13_01 TM-score=0.9396  RMSD=1.39
  seed_2022_arm_n8_target_-20_charge_-19_19 TM-score=0.96264  RMSD=1.14
  seed_2023_arm_n8_target_-20_charge_-18_98 TM-score=0.95693  RMSD=1.11
  seed_2024_arm_n8_target_-20_charge_-17_12 TM-score=0.95119  RMSD=1.03
  seed_2025_arm_n8_target_-20_charge_-19_24 TM-score=0.94271  RMSD=1.04
  seed_2026_arm_n8_target_-20_charge_-20_16 TM-score=0.94626  RMSD=1.04
  seed_2027_arm_n8_target_-20_charge_-18_01 TM-score=0.92465  RMSD=1.8
  seed_2028_arm_n8_target_-20_charge_-20_01 TM-score=0.96366  RMSD=1.16
  seed_2029_arm_n8_target_-20_charge_-18_97 TM-score=0.96416  RMSD=1.09
已写入 output/generalization_v11a_fold/1CGE/arm_n8/tm.csv
done 1CGE/n8
  native_charge_-11_66                     TM-score=0.96623  RMSD=1.03
  seed_2000_arm_p8_target_-4_charge_-5_99  TM-score=0.94482  RMSD=1.29
  seed_2001_arm_p8_target_-4_charge_-2_99  TM-score=0.94979  RMSD=1.15
  seed_2002_arm_p8_target_-4_charge_-1_02  TM-score=0.95446  RMSD=1.06
  seed_2003_arm_p8_target_-4_charge_-0_03  TM-score=0.95952  RMSD=1.21
  seed_2004_arm_p8_target_-4_charge_-6_95  TM-score=0.95037  RMSD=1.07
  seed_2005_arm_p8_target_-4_charge_-8_02  TM-score=0.95598  RMSD=1.27
  seed_2006_arm_p8_target_-4_charge_-1_02  TM-score=0.95981  RMSD=1.22
  seed_2007_arm_p8_target_-4_charge_-2_99  TM-score=0.94099  RMSD=1.48
  seed_2008_arm_p8_target_-4_charge_-3_02  TM-score=0.96434  RMSD=1.13
  seed_2009_arm_p8_target_-4_charge_-5_02  TM-score=0.96322  RMSD=1.14
  seed_2010_arm_p8_target_-4_charge_-3_03  TM-score=0.94778  RMSD=1.25
  seed_2011_arm_p8_target_-4_charge_-5_03  TM-score=0.95408  RMSD=1.38
  seed_2012_arm_p8_target_-4_charge_-0_99  TM-score=0.94696  RMSD=1.37
  seed_2013_arm_p8_target_-4_charge_-1_03  TM-score=0.95983  RMSD=0.93
  seed_2014_arm_p8_target_-4_charge_-3_99  TM-score=0.95834  RMSD=1.22
  seed_2015_arm_p8_target_-4_charge_-2_03  TM-score=0.95563  RMSD=1.15
  seed_2016_arm_p8_target_-4_charge_-7_25  TM-score=0.9541  RMSD=1.2
  seed_2017_arm_p8_target_-4_charge_-5_99  TM-score=0.95024  RMSD=1.27
  seed_2018_arm_p8_target_-4_charge_-5_03  TM-score=0.96411  RMSD=1.32
  seed_2019_arm_p8_target_-4_charge_-1_02  TM-score=0.96601  RMSD=1.02
  seed_2020_arm_p8_target_-4_charge_-3_03  TM-score=0.96855  RMSD=1.02
  seed_2021_arm_p8_target_-4_charge_-3_03  TM-score=0.95381  RMSD=1.37
  seed_2022_arm_p8_target_-4_charge_-2_98  TM-score=0.95223  RMSD=1.4
  seed_2023_arm_p8_target_-4_charge__0_00  TM-score=0.96164  RMSD=1.17
  seed_2024_arm_p8_target_-4_charge_-6_02  TM-score=0.94345  RMSD=1.15
  seed_2025_arm_p8_target_-4_charge_-1_03  TM-score=0.95581  RMSD=1.28
  seed_2026_arm_p8_target_-4_charge_-5_03  TM-score=0.95692  RMSD=1.2
  seed_2027_arm_p8_target_-4_charge_-1_03  TM-score=0.96173  RMSD=0.89
  seed_2028_arm_p8_target_-4_charge_-1_02  TM-score=0.95443  RMSD=1.02
  seed_2029_arm_p8_target_-4_charge_-9_98  TM-score=0.95594  RMSD=1.19
已写入 output/generalization_v11a_fold/1CGE/arm_p8/tm.csv
done 1CGE/p8
  native_charge_-6_88                      TM-score=0.97649  RMSD=0.91
  seed_2000_arm_native_target_-7_charge_-3_00 TM-score=0.89338  RMSD=2.09
  seed_2001_arm_native_target_-7_charge_-3_97 TM-score=0.88368  RMSD=2.16
  seed_2002_arm_native_target_-7_charge_-8_00 TM-score=0.94915  RMSD=1.44
  seed_2003_arm_native_target_-7_charge_-4_00 TM-score=0.91559  RMSD=1.83
  seed_2004_arm_native_target_-7_charge_-6_96 TM-score=0.93951  RMSD=1.56
  seed_2005_arm_native_target_-7_charge_-8_00 TM-score=0.91934  RMSD=1.82
  seed_2006_arm_native_target_-7_charge_-5_00 TM-score=0.87464  RMSD=2.27
  seed_2007_arm_native_target_-7_charge_-1_93 TM-score=0.9402  RMSD=1.48
  seed_2008_arm_native_target_-7_charge_-9_96 TM-score=0.73495  RMSD=3.52
  seed_2009_arm_native_target_-7_charge_-7_00 TM-score=0.92194  RMSD=1.74
  seed_2010_arm_native_target_-7_charge__0_00 TM-score=0.89619  RMSD=2.11
  seed_2011_arm_native_target_-7_charge_-6_96 TM-score=0.94375  RMSD=1.61
  seed_2012_arm_native_target_-7_charge_-7_00 TM-score=0.93556  RMSD=1.69
  seed_2013_arm_native_target_-7_charge_-3_00 TM-score=0.902  RMSD=2.04
  seed_2014_arm_native_target_-7_charge_-9_92 TM-score=0.90794  RMSD=1.89
  seed_2015_arm_native_target_-7_charge_-1_97 TM-score=0.92547  RMSD=1.76
  seed_2016_arm_native_target_-7_charge_-15_00 TM-score=0.88821  RMSD=2.05
  seed_2017_arm_native_target_-7_charge_-5_93 TM-score=0.93751  RMSD=1.63
  seed_2018_arm_native_target_-7_charge_-5_92 TM-score=0.92549  RMSD=1.74
  seed_2019_arm_native_target_-7_charge_-5_96 TM-score=0.93926  RMSD=1.54
  seed_2020_arm_native_target_-7_charge_-8_96 TM-score=0.8786  RMSD=2.19
  seed_2021_arm_native_target_-7_charge_-7_96 TM-score=0.9335  RMSD=1.61
  seed_2022_arm_native_target_-7_charge_-7_96 TM-score=0.82329  RMSD=2.83
  seed_2023_arm_native_target_-7_charge_-2_96 TM-score=0.89038  RMSD=2.14
  seed_2024_arm_native_target_-7_charge_-3_96 TM-score=0.83535  RMSD=2.71
  seed_2025_arm_native_target_-7_charge_-10_00 TM-score=0.92247  RMSD=1.85
  seed_2026_arm_native_target_-7_charge_-6_96 TM-score=0.86684  RMSD=2.35
  seed_2027_arm_native_target_-7_charge_-8_96 TM-score=0.8465  RMSD=2.67
  seed_2028_arm_native_target_-7_charge_-1_01 TM-score=0.93344  RMSD=1.72
  seed_2029_arm_native_target_-7_charge_-7_99 TM-score=0.79608  RMSD=2.95
已写入 output/generalization_v11a_fold/2FEO/arm_native/tm.csv
done 2FEO/native
  native_charge_-6_88                      TM-score=0.97649  RMSD=0.91
  seed_2000_arm_n2_target_-9_charge_-4_01  TM-score=0.9117  RMSD=1.98
  seed_2001_arm_n2_target_-9_charge_-5_96  TM-score=0.89943  RMSD=1.96
  seed_2002_arm_n2_target_-9_charge_-8_00  TM-score=0.93857  RMSD=1.62
  seed_2003_arm_n2_target_-9_charge_-8_00  TM-score=0.93693  RMSD=1.62
  seed_2004_arm_n2_target_-9_charge_-7_96  TM-score=0.89629  RMSD=2.07
  seed_2005_arm_n2_target_-9_charge_-11_00 TM-score=0.9057  RMSD=1.95
  seed_2006_arm_n2_target_-9_charge_-8_00  TM-score=0.90651  RMSD=1.95
  seed_2007_arm_n2_target_-9_charge_-2_93  TM-score=0.94  RMSD=1.62
  seed_2008_arm_n2_target_-9_charge_-8_00  TM-score=0.70695  RMSD=3.44
  seed_2009_arm_n2_target_-9_charge_-8_00  TM-score=0.93191  RMSD=1.56
  seed_2010_arm_n2_target_-9_charge_-7_03  TM-score=0.92839  RMSD=1.74
  seed_2011_arm_n2_target_-9_charge_-9_92  TM-score=0.94145  RMSD=1.64
  seed_2012_arm_n2_target_-9_charge_-6_99  TM-score=0.93562  RMSD=1.63
  seed_2013_arm_n2_target_-9_charge_-7_00  TM-score=0.83232  RMSD=2.67
  seed_2014_arm_n2_target_-9_charge_-11_00 TM-score=0.93701  RMSD=1.62
  seed_2015_arm_n2_target_-9_charge_-1_93  TM-score=0.9264  RMSD=1.75
  seed_2016_arm_n2_target_-9_charge_-19_00 TM-score=0.89976  RMSD=2.0
  seed_2017_arm_n2_target_-9_charge_-5_93  TM-score=0.93045  RMSD=1.83
  seed_2018_arm_n2_target_-9_charge_-7_96  TM-score=0.91273  RMSD=1.86
  seed_2019_arm_n2_target_-9_charge_-10_07 TM-score=0.94098  RMSD=1.57
  seed_2020_arm_n2_target_-9_charge_-11_03 TM-score=0.91658  RMSD=1.86
  seed_2021_arm_n2_target_-9_charge_-7_96  TM-score=0.9235  RMSD=1.65
  seed_2022_arm_n2_target_-9_charge_-11_96 TM-score=0.92243  RMSD=1.85
  seed_2023_arm_n2_target_-9_charge_-6_96  TM-score=0.92039  RMSD=1.8
  seed_2024_arm_n2_target_-9_charge_-7_99  TM-score=0.9097  RMSD=1.92
  seed_2025_arm_n2_target_-9_charge_-9_00  TM-score=0.92339  RMSD=1.85
  seed_2026_arm_n2_target_-9_charge_-3_97  TM-score=0.90414  RMSD=2.02
  seed_2027_arm_n2_target_-9_charge_-6_96  TM-score=0.91029  RMSD=1.9
  seed_2028_arm_n2_target_-9_charge_-1_01  TM-score=0.93276  RMSD=1.49
  seed_2029_arm_n2_target_-9_charge_-9_00  TM-score=0.92629  RMSD=1.67
已写入 output/generalization_v11a_fold/2FEO/arm_n2/tm.csv
done 2FEO/n2
  native_charge_-6_88                      TM-score=0.97649  RMSD=0.91
  seed_2000_arm_p2_target_-5_charge_-4_00  TM-score=0.89734  RMSD=1.91
  seed_2001_arm_p2_target_-5_charge__2_03  TM-score=0.93334  RMSD=1.68
  seed_2002_arm_p2_target_-5_charge_-7_00  TM-score=0.8912  RMSD=2.07
  seed_2003_arm_p2_target_-5_charge_-0_00  TM-score=0.89705  RMSD=2.04
  seed_2004_arm_p2_target_-5_charge_-2_96  TM-score=0.92529  RMSD=1.74
  seed_2005_arm_p2_target_-5_charge_-8_00  TM-score=0.92254  RMSD=1.85
  seed_2006_arm_p2_target_-5_charge_-5_00  TM-score=0.90198  RMSD=1.89
  seed_2007_arm_p2_target_-5_charge__0_03  TM-score=0.94591  RMSD=1.63
  seed_2008_arm_p2_target_-5_charge_-7_96  TM-score=0.89295  RMSD=2.16
  seed_2009_arm_p2_target_-5_charge_-3_00  TM-score=0.90998  RMSD=1.87
  seed_2010_arm_p2_target_-5_charge_-1_03  TM-score=0.89412  RMSD=2.11
  seed_2011_arm_p2_target_-5_charge_-6_96  TM-score=0.8808  RMSD=2.21
  seed_2012_arm_p2_target_-5_charge_-7_00  TM-score=0.90649  RMSD=1.94
  seed_2013_arm_p2_target_-5_charge_-1_00  TM-score=0.90536  RMSD=1.86
  seed_2014_arm_p2_target_-5_charge_-8_89  TM-score=0.90561  RMSD=1.98
  seed_2015_arm_p2_target_-5_charge_-1_00  TM-score=0.8443  RMSD=2.48
  seed_2016_arm_p2_target_-5_charge_-11_99 TM-score=0.91746  RMSD=1.71
  seed_2017_arm_p2_target_-5_charge_-2_93  TM-score=0.9077  RMSD=1.99
  seed_2018_arm_p2_target_-5_charge_-1_92  TM-score=0.90883  RMSD=1.93
  seed_2019_arm_p2_target_-5_charge_-5_96  TM-score=0.91809  RMSD=1.86
  seed_2020_arm_p2_target_-5_charge_-6_96  TM-score=0.90029  RMSD=2.03
  seed_2021_arm_p2_target_-5_charge_-4_92  TM-score=0.94123  RMSD=1.57
  seed_2022_arm_p2_target_-5_charge_-5_00  TM-score=0.84457  RMSD=2.6
  seed_2023_arm_p2_target_-5_charge__6_03  TM-score=0.75362  RMSD=3.51
  seed_2024_arm_p2_target_-5_charge_-7_96  TM-score=0.80349  RMSD=2.9
  seed_2025_arm_p2_target_-5_charge_-2_00  TM-score=0.90768  RMSD=1.94
  seed_2026_arm_p2_target_-5_charge_-2_97  TM-score=0.89959  RMSD=2.08
  seed_2027_arm_p2_target_-5_charge__0_04  TM-score=0.84362  RMSD=2.65
  seed_2028_arm_p2_target_-5_charge__0_99  TM-score=0.89948  RMSD=1.97
  seed_2029_arm_p2_target_-5_charge_-5_00  TM-score=0.92472  RMSD=1.66
已写入 output/generalization_v11a_fold/2FEO/arm_p2/tm.csv
done 2FEO/p2
  native_charge_-6_88                      TM-score=0.97649  RMSD=0.91
  seed_2000_arm_n8_target_-15_charge_-3_96 TM-score=0.93034  RMSD=1.68
  seed_2001_arm_n8_target_-15_charge_-11_96 TM-score=0.90367  RMSD=1.92
  seed_2002_arm_n8_target_-15_charge_-8_96 TM-score=0.92001  RMSD=1.78
  seed_2003_arm_n8_target_-15_charge_-9_99 TM-score=0.93858  RMSD=1.54
  seed_2004_arm_n8_target_-15_charge_-9_96 TM-score=0.93869  RMSD=1.52
  seed_2005_arm_n8_target_-15_charge_-9_01 TM-score=0.93301  RMSD=1.68
  seed_2006_arm_n8_target_-15_charge_-8_00 TM-score=0.84788  RMSD=2.51
  seed_2007_arm_n8_target_-15_charge_-10_96 TM-score=0.94389  RMSD=1.47
  seed_2008_arm_n8_target_-15_charge_-5_00 TM-score=0.91432  RMSD=2.0
  seed_2009_arm_n8_target_-15_charge_-8_00 TM-score=0.93378  RMSD=1.58
  seed_2010_arm_n8_target_-15_charge_-6_11 TM-score=0.88771  RMSD=1.85
  seed_2011_arm_n8_target_-15_charge_-10_92 TM-score=0.93758  RMSD=1.53
  seed_2012_arm_n8_target_-15_charge_-6_99 TM-score=0.89565  RMSD=2.22
  seed_2013_arm_n8_target_-15_charge_-10_96 TM-score=0.94653  RMSD=1.55
  seed_2014_arm_n8_target_-15_charge_-12_00 TM-score=0.87303  RMSD=2.15
  seed_2015_arm_n8_target_-15_charge_-5_11 TM-score=0.92696  RMSD=1.69
  seed_2016_arm_n8_target_-15_charge_-21_99 TM-score=0.94099  RMSD=1.48
  seed_2017_arm_n8_target_-15_charge_-18_99 TM-score=0.92245  RMSD=1.7
  seed_2018_arm_n8_target_-15_charge_-4_00 TM-score=0.9243  RMSD=1.77
  seed_2019_arm_n8_target_-15_charge_-15_06 TM-score=0.89164  RMSD=2.11
  seed_2020_arm_n8_target_-15_charge_-6_92 TM-score=0.94854  RMSD=1.58
  seed_2021_arm_n8_target_-15_charge_-12_96 TM-score=0.93838  RMSD=1.43
  seed_2022_arm_n8_target_-15_charge_-12_95 TM-score=0.84537  RMSD=2.45
  seed_2023_arm_n8_target_-15_charge_-6_96 TM-score=0.92236  RMSD=1.77
  seed_2024_arm_n8_target_-15_charge_-9_96 TM-score=0.92956  RMSD=1.71
  seed_2025_arm_n8_target_-15_charge_-8_01 TM-score=0.92623  RMSD=1.7
  seed_2026_arm_n8_target_-15_charge_-13_00 TM-score=0.86825  RMSD=2.27
  seed_2027_arm_n8_target_-15_charge_-9_96 TM-score=0.91507  RMSD=1.77
  seed_2028_arm_n8_target_-15_charge_-10_00 TM-score=0.92803  RMSD=1.66
  seed_2029_arm_n8_target_-15_charge_-7_00 TM-score=0.91215  RMSD=1.99
已写入 output/generalization_v11a_fold/2FEO/arm_n8/tm.csv
done 2FEO/n8
  native_charge_-6_88                      TM-score=0.97649  RMSD=0.91
  seed_2000_arm_p8_target__1_charge__5_00  TM-score=0.87039  RMSD=2.19
  seed_2001_arm_p8_target__1_charge__4_07  TM-score=0.92787  RMSD=1.66
  seed_2002_arm_p8_target__1_charge__3_99  TM-score=0.93663  RMSD=1.54
  seed_2003_arm_p8_target__1_charge__5_04  TM-score=0.88402  RMSD=2.12
  seed_2004_arm_p8_target__1_charge__2_07  TM-score=0.90432  RMSD=1.96
  seed_2005_arm_p8_target__1_charge_-0_96  TM-score=0.91424  RMSD=1.89
  seed_2006_arm_p8_target__1_charge__4_00  TM-score=0.88841  RMSD=2.12
  seed_2007_arm_p8_target__1_charge__7_03  TM-score=0.9025  RMSD=2.02
  seed_2008_arm_p8_target__1_charge__4_04  TM-score=0.87879  RMSD=2.29
  seed_2009_arm_p8_target__1_charge__4_04  TM-score=0.92805  RMSD=1.69
  seed_2010_arm_p8_target__1_charge__9_00  TM-score=0.90837  RMSD=2.0
  seed_2011_arm_p8_target__1_charge_-1_92  TM-score=0.9374  RMSD=1.65
  seed_2012_arm_p8_target__1_charge__4_04  TM-score=0.92373  RMSD=1.78
  seed_2013_arm_p8_target__1_charge__3_00  TM-score=0.939  RMSD=1.49
  seed_2014_arm_p8_target__1_charge_-0_89  TM-score=0.92499  RMSD=1.9
  seed_2015_arm_p8_target__1_charge__9_99  TM-score=0.92987  RMSD=1.84
  seed_2016_arm_p8_target__1_charge__0_00  TM-score=0.9041  RMSD=1.86
  seed_2017_arm_p8_target__1_charge__4_07  TM-score=0.92394  RMSD=1.81
  seed_2018_arm_p8_target__1_charge__5_08  TM-score=0.88483  RMSD=2.12
  seed_2019_arm_p8_target__1_charge__5_00  TM-score=0.92469  RMSD=1.74
  seed_2020_arm_p8_target__1_charge__1_07  TM-score=0.92871  RMSD=1.74
  seed_2021_arm_p8_target__1_charge__2_07  TM-score=0.93909  RMSD=1.6
  seed_2022_arm_p8_target__1_charge__1_08  TM-score=0.94841  RMSD=1.47
  seed_2023_arm_p8_target__1_charge__2_08  TM-score=0.87199  RMSD=2.32
  seed_2024_arm_p8_target__1_charge__0_04  TM-score=0.90028  RMSD=2.16
  seed_2025_arm_p8_target__1_charge__5_00  TM-score=0.90482  RMSD=1.85
  seed_2026_arm_p8_target__1_charge__2_03  TM-score=0.89965  RMSD=2.09
  seed_2027_arm_p8_target__1_charge__4_04  TM-score=0.87871  RMSD=2.32
  seed_2028_arm_p8_target__1_charge__3_03  TM-score=0.9107  RMSD=1.92
  seed_2029_arm_p8_target__1_charge__3_08  TM-score=0.8633  RMSD=2.23
已写入 output/generalization_v11a_fold/2FEO/arm_p8/tm.csv
done 2FEO/p8
  native_charge_-5_53                      TM-score=0.97567  RMSD=0.87
  seed_2000_arm_native_target_-6_charge_-5_05 TM-score=0.96307  RMSD=1.18
  seed_2001_arm_native_target_-6_charge_-3_05 TM-score=0.86368  RMSD=2.03
  seed_2002_arm_native_target_-6_charge_-5_01 TM-score=0.95841  RMSD=1.03
  seed_2003_arm_native_target_-6_charge_-3_01 TM-score=0.96117  RMSD=1.2
  seed_2004_arm_native_target_-6_charge_-0_98 TM-score=0.96515  RMSD=1.07
  seed_2005_arm_native_target_-6_charge_-3_83 TM-score=0.96283  RMSD=1.14
  seed_2006_arm_native_target_-6_charge__1_02 TM-score=0.95236  RMSD=1.3
  seed_2007_arm_native_target_-6_charge_-5_94 TM-score=0.96436  RMSD=1.16
  seed_2008_arm_native_target_-6_charge__2_05 TM-score=0.96748  RMSD=1.05
  seed_2009_arm_native_target_-6_charge_-1_94 TM-score=0.96266  RMSD=1.12
  seed_2010_arm_native_target_-6_charge_-3_95 TM-score=0.96145  RMSD=1.2
  seed_2011_arm_native_target_-6_charge_-3_01 TM-score=0.95774  RMSD=1.26
  seed_2012_arm_native_target_-6_charge_-5_01 TM-score=0.96388  RMSD=1.12
  seed_2013_arm_native_target_-6_charge_-2_01 TM-score=0.97811  RMSD=0.85
  seed_2014_arm_native_target_-6_charge_-0_90 TM-score=0.96517  RMSD=1.07
  seed_2015_arm_native_target_-6_charge_-2_94 TM-score=0.97508  RMSD=0.91
  seed_2016_arm_native_target_-6_charge_-2_94 TM-score=0.95955  RMSD=1.16
  seed_2017_arm_native_target_-6_charge_-11_98 TM-score=0.96088  RMSD=1.17
  seed_2018_arm_native_target_-6_charge_-3_90 TM-score=0.9593  RMSD=1.2
  seed_2019_arm_native_target_-6_charge_-0_90 TM-score=0.94952  RMSD=1.44
  seed_2020_arm_native_target_-6_charge__1_06 TM-score=0.96169  RMSD=1.13
  seed_2021_arm_native_target_-6_charge_-7_90 TM-score=0.95109  RMSD=1.26
  seed_2022_arm_native_target_-6_charge_-5_94 TM-score=0.95131  RMSD=1.36
  seed_2023_arm_native_target_-6_charge_-1_94 TM-score=0.95634  RMSD=1.28
  seed_2024_arm_native_target_-6_charge_-5_93 TM-score=0.9554  RMSD=1.14
  seed_2025_arm_native_target_-6_charge_-2_05 TM-score=0.96432  RMSD=1.08
  seed_2026_arm_native_target_-6_charge__0_06 TM-score=0.95267  RMSD=1.24
  seed_2027_arm_native_target_-6_charge_-5_97 TM-score=0.96263  RMSD=1.17
  seed_2028_arm_native_target_-6_charge__3_01 TM-score=0.96653  RMSD=1.08
  seed_2029_arm_native_target_-6_charge__1_06 TM-score=0.96631  RMSD=1.06
已写入 output/generalization_v11a_fold/5CQH/arm_native/tm.csv
done 5CQH/native
  native_charge_-5_53                      TM-score=0.97567  RMSD=0.87
  seed_2000_arm_n2_target_-8_charge_-9_05  TM-score=0.96447  RMSD=1.15
  seed_2001_arm_n2_target_-8_charge_-8_05  TM-score=0.96193  RMSD=1.06
  seed_2002_arm_n2_target_-8_charge_-4_02  TM-score=0.95864  RMSD=1.04
  seed_2003_arm_n2_target_-8_charge_-6_02  TM-score=0.96239  RMSD=1.2
  seed_2004_arm_n2_target_-8_charge_-2_98  TM-score=0.96676  RMSD=1.04
  seed_2005_arm_n2_target_-8_charge_-7_86  TM-score=0.96249  RMSD=1.13
  seed_2006_arm_n2_target_-8_charge_-6_97  TM-score=0.95074  RMSD=1.33
  seed_2007_arm_n2_target_-8_charge_-4_94  TM-score=0.96487  RMSD=1.15
  seed_2008_arm_n2_target_-8_charge__2_05  TM-score=0.96595  RMSD=1.07
  seed_2009_arm_n2_target_-8_charge_-5_90  TM-score=0.97081  RMSD=0.99
  seed_2010_arm_n2_target_-8_charge_-6_06  TM-score=0.96437  RMSD=1.16
  seed_2011_arm_n2_target_-8_charge_-3_98  TM-score=0.94347  RMSD=1.5
  seed_2012_arm_n2_target_-8_charge_-5_01  TM-score=0.95567  RMSD=1.27
  seed_2013_arm_n2_target_-8_charge_-6_05  TM-score=0.97085  RMSD=0.96
  seed_2014_arm_n2_target_-8_charge_-2_90  TM-score=0.96556  RMSD=1.08
  seed_2015_arm_n2_target_-8_charge_-6_94  TM-score=0.9797  RMSD=0.83
  seed_2016_arm_n2_target_-8_charge_-5_94  TM-score=0.96623  RMSD=1.05
  seed_2017_arm_n2_target_-8_charge_-14_97 TM-score=0.96308  RMSD=1.16
  seed_2018_arm_n2_target_-8_charge_-3_01  TM-score=0.97162  RMSD=0.95
  seed_2019_arm_n2_target_-8_charge__1_06  TM-score=0.95938  RMSD=1.14
  seed_2020_arm_n2_target_-8_charge_-2_02  TM-score=0.96487  RMSD=1.07
  seed_2021_arm_n2_target_-8_charge_-7_94  TM-score=0.94925  RMSD=1.28
  seed_2022_arm_n2_target_-8_charge_-7_94  TM-score=0.94893  RMSD=1.41
  seed_2023_arm_n2_target_-8_charge_-5_94  TM-score=0.95264  RMSD=1.32
  seed_2024_arm_n2_target_-8_charge_-6_93  TM-score=0.96272  RMSD=1.17
  seed_2025_arm_n2_target_-8_charge_-6_05  TM-score=0.96435  RMSD=1.07
  seed_2026_arm_n2_target_-8_charge__0_06  TM-score=0.95471  RMSD=1.19
  seed_2027_arm_n2_target_-8_charge_-6_97  TM-score=0.96739  RMSD=1.02
  seed_2028_arm_n2_target_-8_charge_-0_98  TM-score=0.93108  RMSD=1.48
  seed_2029_arm_n2_target_-8_charge_-6_94  TM-score=0.96887  RMSD=1.02
已写入 output/generalization_v11a_fold/5CQH/arm_n2/tm.csv
done 5CQH/n2
  native_charge_-5_53                      TM-score=0.97567  RMSD=0.87
  seed_2000_arm_p2_target_-4_charge_-2_93  TM-score=0.95946  RMSD=1.22
  seed_2001_arm_p2_target_-4_charge_-2_05  TM-score=0.96373  RMSD=1.1
  seed_2002_arm_p2_target_-4_charge__0_10  TM-score=0.95633  RMSD=1.33
  seed_2003_arm_p2_target_-4_charge_-1_02  TM-score=0.9646  RMSD=1.16
  seed_2004_arm_p2_target_-4_charge__1_02  TM-score=0.96103  RMSD=1.12
  seed_2005_arm_p2_target_-4_charge_-2_83  TM-score=0.96919  RMSD=1.02
  seed_2006_arm_p2_target_-4_charge__4_02  TM-score=0.95808  RMSD=1.17
  seed_2007_arm_p2_target_-4_charge_-3_94  TM-score=0.97252  RMSD=0.97
  seed_2008_arm_p2_target_-4_charge__3_05  TM-score=0.95943  RMSD=1.18
  seed_2009_arm_p2_target_-4_charge__0_06  TM-score=0.9699  RMSD=1.0
  seed_2010_arm_p2_target_-4_charge_-1_95  TM-score=0.96513  RMSD=1.14
  seed_2011_arm_p2_target_-4_charge_-1_90  TM-score=0.9636  RMSD=1.1
  seed_2012_arm_p2_target_-4_charge_-2_82  TM-score=0.98021  RMSD=0.81
  seed_2013_arm_p2_target_-4_charge_-1_01  TM-score=0.97625  RMSD=0.88
  seed_2014_arm_p2_target_-4_charge_-1_90  TM-score=0.96348  RMSD=1.1
  seed_2015_arm_p2_target_-4_charge__2_06  TM-score=0.94922  RMSD=1.2
  seed_2016_arm_p2_target_-4_charge_-1_94  TM-score=0.95859  RMSD=1.18
  seed_2017_arm_p2_target_-4_charge_-2_97  TM-score=0.95843  RMSD=1.19
  seed_2018_arm_p2_target_-4_charge__0_10  TM-score=0.95605  RMSD=1.27
  seed_2019_arm_p2_target_-4_charge__1_10  TM-score=0.9648  RMSD=1.08
  seed_2020_arm_p2_target_-4_charge__1_09  TM-score=0.96109  RMSD=1.06
  seed_2021_arm_p2_target_-4_charge_-4_90  TM-score=0.95129  RMSD=1.27
  seed_2022_arm_p2_target_-4_charge_-4_90  TM-score=0.94425  RMSD=1.46
  seed_2023_arm_p2_target_-4_charge__1_06  TM-score=0.94485  RMSD=1.39
  seed_2024_arm_p2_target_-4_charge_-2_97  TM-score=0.96151  RMSD=1.18
  seed_2025_arm_p2_target_-4_charge_-0_05  TM-score=0.97073  RMSD=0.96
  seed_2026_arm_p2_target_-4_charge__1_02  TM-score=0.94607  RMSD=1.36
  seed_2027_arm_p2_target_-4_charge_-0_94  TM-score=0.97453  RMSD=0.9
  seed_2028_arm_p2_target_-4_charge__3_02  TM-score=0.96692  RMSD=1.07
  seed_2029_arm_p2_target_-4_charge__2_06  TM-score=0.96849  RMSD=1.0
已写入 output/generalization_v11a_fold/5CQH/arm_p2/tm.csv
done 5CQH/p2
  native_charge_-5_53                      TM-score=0.97567  RMSD=0.87
  seed_2000_arm_n8_target_-14_charge_-11_04 TM-score=0.94955  RMSD=1.36
  seed_2001_arm_n8_target_-14_charge_-9_93 TM-score=0.9536  RMSD=1.3
  seed_2002_arm_n8_target_-14_charge_-13_01 TM-score=0.95462  RMSD=1.28
  seed_2003_arm_n8_target_-14_charge_-5_01 TM-score=0.96573  RMSD=1.12
  seed_2004_arm_n8_target_-14_charge_-11_97 TM-score=0.95675  RMSD=1.19
  seed_2005_arm_n8_target_-14_charge_-10_91 TM-score=0.97213  RMSD=0.93
  seed_2006_arm_n8_target_-14_charge_-18_96 TM-score=0.9705  RMSD=0.98
  seed_2007_arm_n8_target_-14_charge_-14_05 TM-score=0.94931  RMSD=1.35
  seed_2008_arm_n8_target_-14_charge_-9_94 TM-score=0.94362  RMSD=1.53
  seed_2009_arm_n8_target_-14_charge_-11_94 TM-score=0.96273  RMSD=1.11
  seed_2010_arm_n8_target_-14_charge_-12_94 TM-score=0.9609  RMSD=1.2
  seed_2011_arm_n8_target_-14_charge_-8_86 TM-score=0.95532  RMSD=1.21
  seed_2012_arm_n8_target_-14_charge_-12_97 TM-score=0.95916  RMSD=1.27
  seed_2013_arm_n8_target_-14_charge_-10_05 TM-score=0.94567  RMSD=1.42
  seed_2014_arm_n8_target_-14_charge_-8_86 TM-score=0.96135  RMSD=1.14
  seed_2015_arm_n8_target_-14_charge_-10_94 TM-score=0.94765  RMSD=1.41
  seed_2016_arm_n8_target_-14_charge_-9_90 TM-score=0.96873  RMSD=0.98
  seed_2017_arm_n8_target_-14_charge_-18_90 TM-score=0.96863  RMSD=0.99
  seed_2018_arm_n8_target_-14_charge_-8_05 TM-score=0.97182  RMSD=0.93
  seed_2019_arm_n8_target_-14_charge_-7_93 TM-score=0.969  RMSD=1.0
  seed_2020_arm_n8_target_-14_charge_-7_86 TM-score=0.9685  RMSD=1.0
  seed_2021_arm_n8_target_-14_charge_-22_00 TM-score=0.9558  RMSD=1.29
  seed_2022_arm_n8_target_-14_charge_-14_89 TM-score=0.96045  RMSD=1.21
  seed_2023_arm_n8_target_-14_charge_-12_94 TM-score=0.9457  RMSD=1.48
  seed_2024_arm_n8_target_-14_charge_-11_97 TM-score=0.97106  RMSD=0.96
  seed_2025_arm_n8_target_-14_charge_-16_93 TM-score=0.96428  RMSD=1.08
  seed_2026_arm_n8_target_-14_charge_-9_90 TM-score=0.97214  RMSD=0.93
  seed_2027_arm_n8_target_-14_charge_-10_93 TM-score=0.97081  RMSD=0.97
  seed_2028_arm_n8_target_-14_charge_-7_09 TM-score=0.9439  RMSD=1.31
  seed_2029_arm_n8_target_-14_charge_-12_94 TM-score=0.96642  RMSD=1.04
已写入 output/generalization_v11a_fold/5CQH/arm_n8/tm.csv
done 5CQH/n8
  native_charge_-5_53                      TM-score=0.97567  RMSD=0.87
  seed_2000_arm_p8_target__2_charge_-3_04  TM-score=0.95204  RMSD=1.33
  seed_2001_arm_p8_target__2_charge__1_95  TM-score=0.96681  RMSD=1.08
  seed_2002_arm_p8_target__2_charge__4_06  TM-score=0.96765  RMSD=1.06
  seed_2003_arm_p8_target__2_charge__4_03  TM-score=0.94024  RMSD=1.46
  seed_2004_arm_p8_target__2_charge__6_02  TM-score=0.94833  RMSD=1.38
  seed_2005_arm_p8_target__2_charge__2_10  TM-score=0.97505  RMSD=0.92
  seed_2006_arm_p8_target__2_charge__4_10  TM-score=0.94003  RMSD=1.49
  seed_2007_arm_p8_target__2_charge__3_06  TM-score=0.96889  RMSD=1.03
  seed_2008_arm_p8_target__2_charge__3_91  TM-score=0.95093  RMSD=1.22
  seed_2009_arm_p8_target__2_charge__1_07  TM-score=0.94908  RMSD=1.16
  seed_2010_arm_p8_target__2_charge_-1_98  TM-score=0.95669  RMSD=1.21
  seed_2011_arm_p8_target__2_charge__6_10  TM-score=0.82556  RMSD=2.81
  seed_2012_arm_p8_target__2_charge__3_14  TM-score=0.9682  RMSD=1.04
  seed_2013_arm_p8_target__2_charge_-0_05  TM-score=0.96048  RMSD=1.19
  seed_2014_arm_p8_target__2_charge__2_10  TM-score=0.9705  RMSD=1.02
  seed_2015_arm_p8_target__2_charge__5_05  TM-score=0.96105  RMSD=1.11
  seed_2016_arm_p8_target__2_charge__1_10  TM-score=0.95716  RMSD=1.17
  seed_2017_arm_p8_target__2_charge_-0_97  TM-score=0.96376  RMSD=1.12
  seed_2018_arm_p8_target__2_charge__0_10  TM-score=0.95778  RMSD=1.23
  seed_2019_arm_p8_target__2_charge__6_07  TM-score=0.95804  RMSD=1.2
  seed_2020_arm_p8_target__2_charge__4_98  TM-score=0.96651  RMSD=1.03
  seed_2021_arm_p8_target__2_charge__1_07  TM-score=0.95421  RMSD=1.31
  seed_2022_arm_p8_target__2_charge__1_10  TM-score=0.93943  RMSD=1.4
  seed_2023_arm_p8_target__2_charge__2_07  TM-score=0.9634  RMSD=1.08
  seed_2024_arm_p8_target__2_charge__0_15  TM-score=0.94123  RMSD=1.3
  seed_2025_arm_p8_target__2_charge_-3_93  TM-score=0.96072  RMSD=1.12
  seed_2026_arm_p8_target__2_charge__5_07  TM-score=0.9739  RMSD=0.93
  seed_2027_arm_p8_target__2_charge__4_07  TM-score=0.95939  RMSD=1.08
  seed_2028_arm_p8_target__2_charge__7_06  TM-score=0.97345  RMSD=0.92
  seed_2029_arm_p8_target__2_charge__3_06  TM-score=0.96869  RMSD=1.0
已写入 output/generalization_v11a_fold/5CQH/arm_p8/tm.csv
done 5CQH/p8
ALL_TM_DONE
