[21:26:54] === ConfuMPNN Phase 2 条件微调启动（v10）===
[21:26:54] device=cuda:6  epochs=30  lr=0.001  λ_c=0.5  λ_kl=0.05  λ_keep=0.5  perturb_prob=0.3  perturb_scale=4.0  placeholder_prob=0.15  charge_temp=0.5
[21:26:54] [v10 A] 条件解耦开：target 与 native 无关 Uniform[-12.0,12.0]
[21:26:54] [v12] 训练侧监督开：组成双计数(floor=0.5) + GRAVY(margin=0.4)  λ_v12=0.2  SASA θ=0.25
[21:26:54] [v10 C] pH 自适应结构惩罚开：boost=1.5
[21:26:55] backbone: MoMPNN 冻结（1.66M 参数，不更新）
[21:26:55] ConditionEncoder 可训练（74880 参数，唯一更新对象）
[21:26:55] 数据：7886 结构域 × 8 pH = 63088 样本（data/cath/labels_balanced_v7.npz）
[21:26:56]   ℹ️ 3dteA01 resnum 对齐 113/117（4 个非标准/parse独有残基 frac=0）
[21:26:56]   ℹ️ 4ljyA02 resnum 对齐 183/188（5 个非标准/parse独有残基 frac=0）
[21:26:56]   ℹ️ 5x4kA01 resnum 对齐 187/189（2 个非标准/parse独有残基 frac=0）
[21:26:57]   ℹ️ 2y6uA01 resnum 对齐 332/335（3 个非标准/parse独有残基 frac=0）
[21:26:57]   ℹ️ 3luqB00 resnum 对齐 111/114（3 个非标准/parse独有残基 frac=0）
[21:26:58]   ℹ️ 4q62A00 resnum 对齐 382/387（5 个非标准/parse独有残基 frac=0）
[21:26:59]   ℹ️ 3v75A01 resnum 对齐 266/270（4 个非标准/parse独有残基 frac=0）
[21:26:59]   ℹ️ 7rpyA02 resnum 对齐 119/121（2 个非标准/parse独有残基 frac=0）
[21:26:59]   ℹ️ 4ntqB00 resnum 对齐 141/144（3 个非标准/parse独有残基 frac=0）
[21:27:00]   ℹ️ 3eucA01 resnum 对齐 129/133（4 个非标准/parse独有残基 frac=0）
[21:27:00]   ℹ️ 3rosA01 resnum 对齐 261/268（7 个非标准/parse独有残基 frac=0）
[21:27:00]   ℹ️ 2qgmA01 resnum 对齐 200/203（3 个非标准/parse独有残基 frac=0）
[21:27:01]   ℹ️ 1hv8A02 resnum 对齐 147/151（4 个非标准/parse独有残基 frac=0）
[21:27:01]   ℹ️ 4fidA02 resnum 对齐 111/114（3 个非标准/parse独有残基 frac=0）
[21:27:02]   ℹ️ 2pfyA00 resnum 对齐 295/301（6 个非标准/parse独有残基 frac=0）
[21:27:03]   ℹ️ 2p9bA01 resnum 对齐 101/102（1 个非标准/parse独有残基 frac=0）
[21:27:03]   ℹ️ 2o6cA00 resnum 对齐 153/156（3 个非标准/parse独有残基 frac=0）
[21:27:04]   ℹ️ 3egyX00 resnum 对齐 230/234（4 个非标准/parse独有残基 frac=0）
[21:27:04]   ℹ️ 3m2oA01 resnum 对齐 52/53（1 个非标准/parse独有残基 frac=0）
[21:27:04]   ℹ️ 1a0hA02 resnum 对齐 68/70（2 个非标准/parse独有残基 frac=0）
[21:27:04]   ℹ️ 3pjyA00 resnum 对齐 108/115（7 个非标准/parse独有残基 frac=0）
[21:27:04]   ℹ️ 4ecnA01 resnum 对齐 101/103（2 个非标准/parse独有残基 frac=0）
[21:27:05]   ℹ️ 2ijrA01 resnum 对齐 94/96（2 个非标准/parse独有残基 frac=0）
[21:27:05]   ℹ️ 2zoeB02 resnum 对齐 151/152（1 个非标准/parse独有残基 frac=0）
[21:27:06]   ℹ️ 4i2zA02 resnum 对齐 350/368（18 个非标准/parse独有残基 frac=0）
[21:27:06]   ℹ️ 1r8gA00 resnum 对齐 342/352（10 个非标准/parse独有残基 frac=0）
[21:27:06]   ℹ️ 2ouxA01 resnum 对齐 120/128（8 个非标准/parse独有残基 frac=0）
[21:27:07]   ℹ️ 3ds8A00 resnum 对齐 244/252（8 个非标准/parse独有残基 frac=0）
[21:27:07]   ℹ️ 4ldaB00 resnum 对齐 124/126（2 个非标准/parse独有残基 frac=0）
[21:27:08]   ℹ️ 4dllB02 resnum 对齐 126/130（4 个非标准/parse独有残基 frac=0）
[21:27:08]   ℹ️ 3loqA02 resnum 对齐 125/129（4 个非标准/parse独有残基 frac=0）
[21:27:09]   ℹ️ 3k8kA02 resnum 对齐 349/355（6 个非标准/parse独有残基 frac=0）
[21:27:10]   ℹ️ 3memA02 resnum 对齐 293/303（10 个非标准/parse独有残基 frac=0）
[21:27:11]   ℹ️ 3tvaA00 resnum 对齐 273/276（3 个非标准/parse独有残基 frac=0）
[21:27:11]   ℹ️ 3fd0A02 resnum 对齐 208/210（2 个非标准/parse独有残基 frac=0）
[21:27:11]   ℹ️ 4q6bA02 resnum 对齐 129/133（4 个非标准/parse独有残基 frac=0）
[21:27:12]   ℹ️ 4o8sA02 resnum 对齐 105/107（2 个非标准/parse独有残基 frac=0）
[21:27:12]   ℹ️ 1m32A02 resnum 对齐 237/246（9 个非标准/parse独有残基 frac=0）
[21:27:12]   预解析+encode 200/7886（跳过 0）
[21:27:13]   ℹ️ 3f9sB00 resnum 对齐 131/133（2 个非标准/parse独有残基 frac=0）
[21:27:13]   ℹ️ 1qwrB01 resnum 对齐 221/222（1 个非标准/parse独有残基 frac=0）
[21:27:13]   ℹ️ 2vosA02 resnum 对齐 146/147（1 个非标准/parse独有残基 frac=0）
[21:27:14]   ℹ️ 2bcoA02 resnum 对齐 62/65（3 个非标准/parse独有残基 frac=0）
[21:27:14]   ℹ️ 1sq1A00 resnum 对齐 281/287（6 个非标准/parse独有残基 frac=0）
[21:27:15]   ⚠️ 4v1av00 SASA 计算失败: freesasa 计算失败: Error: Radius is <= 0 (-1.0) for the residue: UNK, atom:  N  （跳过 L_add）
[21:27:15]   ℹ️ 1wv8A00 resnum 对齐 70/71（1 个非标准/parse独有残基 frac=0）
[21:27:16]   ℹ️ 3gpvA00 resnum 对齐 108/113（5 个非标准/parse独有残基 frac=0）
[21:27:17]   ℹ️ 2bcoA01 resnum 对齐 271/273（2 个非标准/parse独有残基 frac=0）
[21:27:17]   ℹ️ 2oi8A00 resnum 对齐 199/203（4 个非标准/parse独有残基 frac=0）
[21:27:17]   ℹ️ 1vknA02 resnum 对齐 159/165（6 个非标准/parse独有残基 frac=0）
[21:27:17]   ℹ️ 3p6lA00 resnum 对齐 250/254（4 个非标准/parse独有残基 frac=0）
[21:27:18]   ℹ️ 1mkiA02 resnum 对齐 132/138（6 个非标准/parse独有残基 frac=0）
[21:27:18]   ℹ️ 5hr9A01 resnum 对齐 104/106（2 个非标准/parse独有残基 frac=0）
[21:27:19]   ℹ️ 6gs8A01 resnum 对齐 296/298（2 个非标准/parse独有残基 frac=0）
[21:27:19]   ℹ️ 2gf4A00 resnum 对齐 85/88（3 个非标准/parse独有残基 frac=0）
[21:27:20]   ℹ️ 4rpcA00 resnum 对齐 242/250（8 个非标准/parse独有残基 frac=0）
[21:27:20]   ℹ️ 3dxqA01 resnum 对齐 81/83（2 个非标准/parse独有残基 frac=0）
[21:27:22]   ℹ️ 6zd1A01 resnum 对齐 154/157（3 个非标准/parse独有残基 frac=0）
[21:27:22]   ℹ️ 1t72A02 resnum 对齐 94/98（4 个非标准/parse独有残基 frac=0）
[21:27:23]   ℹ️ 3be3A00 resnum 对齐 75/76（1 个非标准/parse独有残基 frac=0）
[21:27:24]   ℹ️ 2f9hA00 resnum 对齐 119/121（2 个非标准/parse独有残基 frac=0）
[21:27:24]   ℹ️ 2a9uA01 resnum 对齐 125/126（1 个非标准/parse独有残基 frac=0）
[21:27:24]   ℹ️ 3myxB01 resnum 对齐 106/107（1 个非标准/parse独有残基 frac=0）
[21:27:24]   ℹ️ 1vjrA01 resnum 对齐 143/147（4 个非标准/parse独有残基 frac=0）
[21:27:25]   ℹ️ 3fzqB01 resnum 对齐 152/154（2 个非标准/parse独有残基 frac=0）
[21:27:25]   ℹ️ 3dzzA02 resnum 对齐 233/237（4 个非标准/parse独有残基 frac=0）
[21:27:26]   ℹ️ 3kkfA00 resnum 对齐 93/97（4 个非标准/parse独有残基 frac=0）
[21:27:26]   ℹ️ 2d9rA00 resnum 对齐 82/84（2 个非标准/parse独有残基 frac=0）
[21:27:26]   ℹ️ 2qqzA01 resnum 对齐 105/107（2 个非标准/parse独有残基 frac=0）
[21:27:27]   ℹ️ 1o1yA00 resnum 对齐 223/229（6 个非标准/parse独有残基 frac=0）
[21:27:27]   ℹ️ 4ewcA03 resnum 对齐 72/75（3 个非标准/parse独有残基 frac=0）
[21:27:28]   ℹ️ 4kwaB00 resnum 对齐 189/191（2 个非标准/parse独有残基 frac=0）
[21:27:29]   ℹ️ 3l3sA02 resnum 对齐 35/36（1 个非标准/parse独有残基 frac=0）
[21:27:29]   ℹ️ 5k8mA02 resnum 对齐 129/131（2 个非标准/parse独有残基 frac=0）
[21:27:29]   预解析+encode 400/7886（跳过 0）
[21:27:30]   ℹ️ 1t98A02 resnum 对齐 160/163（3 个非标准/parse独有残基 frac=0）
[21:27:30]   ℹ️ 3mr0A01 resnum 对齐 104/108（4 个非标准/parse独有残基 frac=0）
[21:27:30]   ℹ️ 3v4mB00 resnum 对齐 92/94（2 个非标准/parse独有残基 frac=0）
[21:27:30]   ℹ️ 3hveA02 resnum 对齐 106/109（3 个非标准/parse独有残基 frac=0）
[21:27:30]   ℹ️ 1tz0B00 resnum 对齐 95/97（2 个非标准/parse独有残基 frac=0）
[21:27:30]   ℹ️ 3h6eA03 resnum 对齐 231/235（4 个非标准/parse独有残基 frac=0）
[21:27:30]   ℹ️ 3ff0A01 resnum 对齐 130/132（2 个非标准/parse独有残基 frac=0）
[21:27:31]   ℹ️ 3p51A00 resnum 对齐 141/144（3 个非标准/parse独有残基 frac=0）
[21:27:31]   ℹ️ 3devA01 resnum 对齐 195/198（3 个非标准/parse独有残基 frac=0）
[21:27:31]   ℹ️ 2imsA00 resnum 对齐 159/163（4 个非标准/parse独有残基 frac=0）
[21:27:31]   ℹ️ 3gv1A00 resnum 对齐 134/139（5 个非标准/parse独有残基 frac=0）
[21:27:32]   ℹ️ 3n7zA02 resnum 对齐 150/157（7 个非标准/parse独有残基 frac=0）
[21:27:33]   ℹ️ 4wczC01 resnum 对齐 191/196（5 个非标准/parse独有残基 frac=0）
[21:27:34]   ℹ️ 3ke3A01 resnum 对齐 107/108（1 个非标准/parse独有残基 frac=0）
[21:27:34]   ℹ️ 1pswA01 resnum 对齐 134/143（9 个非标准/parse独有残基 frac=0）
[21:27:35]   ℹ️ 3dmnA00 resnum 对齐 157/158（1 个非标准/parse独有残基 frac=0）
[21:27:36]   ℹ️ 3bf5A02 resnum 对齐 41/42（1 个非标准/parse独有残基 frac=0）
[21:27:36]   ℹ️ 4ol8B03 resnum 对齐 89/90（1 个非标准/parse独有残基 frac=0）
[21:27:36]   ℹ️ 3eo4D00 resnum 对齐 160/162（2 个非标准/parse独有残基 frac=0）
[21:27:37]   ℹ️ 4p8bA00 resnum 对齐 304/311（7 个非标准/parse独有残基 frac=0）
[21:27:37]   ℹ️ 3k4hA02 resnum 对齐 139/142（3 个非标准/parse独有残基 frac=0）
[21:27:37]   ℹ️ 2r1fA01 resnum 对齐 27/29（2 个非标准/parse独有残基 frac=0）
[21:27:38]   ℹ️ 3okzB00 resnum 对齐 286/295（9 个非标准/parse独有残基 frac=0）
[21:27:38]   ℹ️ 3hczA00 resnum 对齐 141/142（1 个非标准/parse独有残基 frac=0）
[21:27:40]   ℹ️ 3thaB00 resnum 对齐 244/248（4 个非标准/parse独有残基 frac=0）
[21:27:41]   ℹ️ 1z8hA00 resnum 对齐 196/197（1 个非标准/parse独有残基 frac=0）
[21:27:41]   ℹ️ 3f7xA00 resnum 对齐 112/115（3 个非标准/parse独有残基 frac=0）
[21:27:41]   ℹ️ 3luuA00 resnum 对齐 85/86（1 个非标准/parse独有残基 frac=0）
[21:27:41]   ℹ️ 2o2xA01 resnum 对齐 196/201（5 个非标准/parse独有残基 frac=0）
[21:27:42]   ℹ️ 3ruiA00 resnum 对齐 320/328（8 个非标准/parse独有残基 frac=0）
[21:27:42]   ℹ️ 4ianA02 resnum 对齐 234/235（1 个非标准/parse独有残基 frac=0）
[21:27:43]   ℹ️ 2ikbC00 resnum 对齐 157/161（4 个非标准/parse独有残基 frac=0）
[21:27:43]   ℹ️ 3c2qA01 resnum 对齐 86/88（2 个非标准/parse独有残基 frac=0）
[21:27:43]   ℹ️ 4uw9A02 resnum 对齐 81/83（2 个非标准/parse独有残基 frac=0）
[21:27:44]   ℹ️ 3lsgA01 resnum 对齐 54/55（1 个非标准/parse独有残基 frac=0）
[21:27:45]   ℹ️ 4gouA02 resnum 对齐 156/158（2 个非标准/parse独有残基 frac=0）
[21:27:45]   ℹ️ 2as0A01 resnum 对齐 68/70（2 个非标准/parse独有残基 frac=0）
[21:27:46]   ℹ️ 3a58A01 resnum 对齐 173/174（1 个非标准/parse独有残基 frac=0）
[21:27:46]   ℹ️ 3l1wA00 resnum 对齐 242/244（2 个非标准/parse独有残基 frac=0）
[21:27:47]   ℹ️ 3f7wA02 resnum 对齐 93/95（2 个非标准/parse独有残基 frac=0）
[21:27:47]   ℹ️ 3m2tA02 resnum 对齐 149/152（3 个非标准/parse独有残基 frac=0）
[21:27:47]   ℹ️ 4ix7A00 resnum 对齐 108/112（4 个非标准/parse独有残基 frac=0）
[21:27:48]   预解析+encode 600/7886（跳过 0）
[21:27:48]   ℹ️ 4zpjA02 resnum 对齐 169/171（2 个非标准/parse独有残基 frac=0）
[21:27:49]   ℹ️ 1xfjA00 resnum 对齐 254/256（2 个非标准/parse独有残基 frac=0）
[21:27:49]   ℹ️ 4gouA03 resnum 对齐 192/197（5 个非标准/parse独有残基 frac=0）
[21:27:49]   ℹ️ 3fmcA02 resnum 对齐 67/69（2 个非标准/parse独有残基 frac=0）
[21:27:50]   ℹ️ 7oc3A01 resnum 对齐 89/92（3 个非标准/parse独有残基 frac=0）
[21:27:50]   ℹ️ 1wxqA01 resnum 对齐 177/181（4 个非标准/parse独有残基 frac=0）
[21:27:51]   ℹ️ 3rjuA00 resnum 对齐 335/348（13 个非标准/parse独有残基 frac=0）
[21:27:51]   ℹ️ 3kzpA00 resnum 对齐 228/231（3 个非标准/parse独有残基 frac=0）
[21:27:52]   ℹ️ 3ejnA03 resnum 对齐 109/110（1 个非标准/parse独有残基 frac=0）
[21:27:52]   ℹ️ 1tq5A01 resnum 对齐 107/108（1 个非标准/parse独有残基 frac=0）
[21:27:53]   ℹ️ 3bdrA00 resnum 对齐 150/156（6 个非标准/parse独有残基 frac=0）
[21:27:53]   ℹ️ 3nkhA00 resnum 对齐 210/219（9 个非标准/parse独有残基 frac=0）
[21:27:55]   ℹ️ 4iqfB01 resnum 对齐 203/208（5 个非标准/parse独有残基 frac=0）
[21:27:55]   ℹ️ 2ogwA01 resnum 对齐 134/139（5 个非标准/parse独有残基 frac=0）
[21:27:55]   ℹ️ 3e48A01 resnum 对齐 176/183（7 个非标准/parse独有残基 frac=0）
[21:27:56]   ℹ️ 2ajaA00 resnum 对齐 335/343（8 个非标准/parse独有残基 frac=0）
[21:27:56]   ℹ️ 2hoeA03 resnum 对齐 143/145（2 个非标准/parse独有残基 frac=0）
[21:27:56]   ℹ️ 2i5iA00 resnum 对齐 252/258（6 个非标准/parse独有残基 frac=0）
[21:27:58]   ℹ️ 5kckA00 resnum 对齐 420/434（14 个非标准/parse独有残基 frac=0）
[21:27:58]   ℹ️ 4i6vA01 resnum 对齐 336/340（4 个非标准/parse独有残基 frac=0）
[21:27:59]   ℹ️ 4q7fA01 resnum 对齐 293/297（4 个非标准/parse独有残基 frac=0）
[21:27:59]   ⚠️ 4r7zA00 SASA 计算失败: freesasa 计算失败: Error: Radius is <= 0 (-1.0) for the residue: UNK, atom:  N  （跳过 L_add）
[21:28:00]   ℹ️ 1ye8A00 resnum 对齐 169/171（2 个非标准/parse独有残基 frac=0）
[21:28:00]   ℹ️ 3k0bA02 resnum 对齐 174/177（3 个非标准/parse独有残基 frac=0）
[21:28:01]   ℹ️ 1mkiA01 resnum 对齐 166/172（6 个非标准/parse独有残基 frac=0）
[21:28:01]   ℹ️ 1j6wA00 resnum 对齐 155/161（6 个非标准/parse独有残基 frac=0）
[21:28:01]   ℹ️ 3b4qA00 resnum 对齐 81/82（1 个非标准/parse独有残基 frac=0）
[21:28:02]   ℹ️ 5hr9A02 resnum 对齐 68/69（1 个非标准/parse独有残基 frac=0）
[21:28:02]   ℹ️ 2idbA02 resnum 对齐 113/118（5 个非标准/parse独有残基 frac=0）
[21:28:04]   ℹ️ 1xriA00 resnum 对齐 148/151（3 个非标准/parse独有残基 frac=0）
[21:28:04]   ℹ️ 3orjA02 resnum 对齐 81/84（3 个非标准/parse独有残基 frac=0）
[21:28:05]   ℹ️ 2pqqA00 resnum 对齐 142/146（4 个非标准/parse独有残基 frac=0）
[21:28:05]   预解析+encode 800/7886（跳过 0）
[21:28:06]   ℹ️ 3eozB01 resnum 对齐 161/162（1 个非标准/parse独有残基 frac=0）
[21:28:06]   ℹ️ 3vgpA00 resnum 对齐 157/163（6 个非标准/parse独有残基 frac=0）
[21:28:06]   ℹ️ 1r9fA01 resnum 对齐 106/109（3 个非标准/parse独有残基 frac=0）
[21:28:06]   ℹ️ 3u4yA00 resnum 对齐 316/319（3 个非标准/parse独有残基 frac=0）
[21:28:07]   ℹ️ 3u2aA00 resnum 对齐 106/107（1 个非标准/parse独有残基 frac=0）
[21:28:08]   ℹ️ 3fgbA00 resnum 对齐 347/349（2 个非标准/parse独有残基 frac=0）
[21:28:09]   ℹ️ 1cxpC00 resnum 对齐 465/466（1 个非标准/parse独有残基 frac=0）
[21:28:09]   ℹ️ 2g8lA02 resnum 对齐 63/65（2 个非标准/parse独有残基 frac=0）
[21:28:10]   ℹ️ 4bubB01 resnum 对齐 94/95（1 个非标准/parse独有残基 frac=0）
[21:28:10]   ℹ️ 2ichA02 resnum 对齐 125/128（3 个非标准/parse独有残基 frac=0）
[21:28:10]   ℹ️ 4zo4A00 resnum 对齐 198/201（3 个非标准/parse独有残基 frac=0）
[21:28:11]   ℹ️ 1z0xA02 resnum 对齐 142/150（8 个非标准/parse独有残基 frac=0）
[21:28:12]   ℹ️ 3h1tA02 resnum 对齐 168/170（2 个非标准/parse独有残基 frac=0）
[21:28:12]   ℹ️ 4pavB00 resnum 对齐 125/131（6 个非标准/parse独有残基 frac=0）
[21:28:13]   ℹ️ 3bjnA00 resnum 对齐 144/150（6 个非标准/parse独有残基 frac=0）
[21:28:13]   ℹ️ 3umcD02 resnum 对齐 77/78（1 个非标准/parse独有残基 frac=0）
[21:28:13]   ℹ️ 4fdyA01 resnum 对齐 157/159（2 个非标准/parse独有残基 frac=0）
[21:28:13]   ℹ️ 4euyA00 resnum 对齐 84/86（2 个非标准/parse独有残基 frac=0）
[21:28:14]   ℹ️ 5iaiA01 resnum 对齐 185/191（6 个非标准/parse独有残基 frac=0）
[21:28:14]   ℹ️ 2oikA00 resnum 对齐 134/138（4 个非标准/parse独有残基 frac=0）
[21:28:14]   ℹ️ 6ywnA01 resnum 对齐 103/105（2 个非标准/parse独有残基 frac=0）
[21:28:15]   ℹ️ 3lmcA00 resnum 对齐 185/190（5 个非标准/parse独有残基 frac=0）
[21:28:15]   ℹ️ 4oh1A01 resnum 对齐 198/213（15 个非标准/parse独有残基 frac=0）
[21:28:16]   ℹ️ 3kmhA00 resnum 对齐 215/218（3 个非标准/parse独有残基 frac=0）
[21:28:16]   ℹ️ 3qi7A02 resnum 对齐 155/162（7 个非标准/parse独有残基 frac=0）
[21:28:16]   ℹ️ 4jm1A00 resnum 对齐 77/78（1 个非标准/parse独有残基 frac=0）
[21:28:17]   ℹ️ 2ox7A01 resnum 对齐 60/62（2 个非标准/parse独有残基 frac=0）
[21:28:17]   ℹ️ 4p16A02 resnum 对齐 126/127（1 个非标准/parse独有残基 frac=0）
[21:28:18]   ℹ️ 2o1qA01 resnum 对齐 120/123（3 个非标准/parse独有残基 frac=0）
[21:28:18]   ℹ️ 3rcnA02 resnum 对齐 331/337（6 个非标准/parse独有残基 frac=0）
[21:28:18]   ℹ️ 3g68A02 resnum 对齐 142/144（2 个非标准/parse独有残基 frac=0）
[21:28:18]   ℹ️ 3ccyA02 resnum 对齐 137/141（4 个非标准/parse独有残基 frac=0）
[21:28:19]   ℹ️ 2ot9A01 resnum 对齐 172/175（3 个非标准/parse独有残基 frac=0）
[21:28:20]   ℹ️ 4pfrA00 resnum 对齐 298/306（8 个非标准/parse独有残基 frac=0）
[21:28:20]   ℹ️ 3dnpA02 resnum 对齐 103/104（1 个非标准/parse独有残基 frac=0）
[21:28:21]   ℹ️ 3fbzA01 resnum 对齐 97/100（3 个非标准/parse独有残基 frac=0）
[21:28:21]   ℹ️ 1uklC00 resnum 对齐 58/61（3 个非标准/parse独有残基 frac=0）
[21:28:21]   ℹ️ 2b8eB01 resnum 对齐 122/124（2 个非标准/parse独有残基 frac=0）
[21:28:22]   ℹ️ 2ozgA01 resnum 对齐 117/120（3 个非标准/parse独有残基 frac=0）
[21:28:22]   ℹ️ 2q14B01 resnum 对齐 222/230（8 个非标准/parse独有残基 frac=0）
[21:28:22]   ℹ️ 4evuB00 resnum 对齐 63/65（2 个非标准/parse独有残基 frac=0）
[21:28:22]   ℹ️ 2g7zA01 resnum 对齐 149/153（4 个非标准/parse独有残基 frac=0）
[21:28:22]   ℹ️ 3cniA00 resnum 对齐 141/143（2 个非标准/parse独有残基 frac=0）
[21:28:23]   ℹ️ 2oodA01 resnum 对齐 135/140（5 个非标准/parse独有残基 frac=0）
[21:28:23]   ℹ️ 4dcmA02 resnum 对齐 180/185（5 个非标准/parse独有残基 frac=0）
[21:28:23]   预解析+encode 1000/7886（跳过 0）
[21:28:23]   ℹ️ 3petA00 resnum 对齐 207/209（2 个非标准/parse独有残基 frac=0）
[21:28:23]   ℹ️ 3rh3A01 resnum 对齐 128/129（1 个非标准/parse独有残基 frac=0）
[21:28:24]   ℹ️ 3knwB00 resnum 对齐 169/177（8 个非标准/parse独有残基 frac=0）
[21:28:25]   ℹ️ 4hkuB00 resnum 对齐 170/173（3 个非标准/parse独有残基 frac=0）
[21:28:25]   ℹ️ 3k2oA01 resnum 对齐 281/286（5 个非标准/parse独有残基 frac=0）
[21:28:26]   ℹ️ 3lhkA01 resnum 对齐 99/101（2 个非标准/parse独有残基 frac=0）
[21:28:26]   ℹ️ 2ozpA01 resnum 对齐 161/162（1 个非标准/parse独有残基 frac=0）
[21:28:27]   ℹ️ 1v9nA02 resnum 对齐 225/233（8 个非标准/parse独有残基 frac=0）
[21:28:27]   ℹ️ 2cw5A02 resnum 对齐 88/89（1 个非标准/parse独有残基 frac=0）
[21:28:28]   ℹ️ 2yijB00 resnum 对齐 379/386（7 个非标准/parse独有残基 frac=0）
[21:28:28]   ℹ️ 4h41B00 resnum 对齐 307/320（13 个非标准/parse独有残基 frac=0）
[21:28:28]   ℹ️ 3lqyA00 resnum 对齐 181/185（4 个非标准/parse独有残基 frac=0）
[21:28:28]   ℹ️ 3ew7A00 resnum 对齐 169/171（2 个非标准/parse独有残基 frac=0）
[21:28:29]   ℹ️ 1nu3A00 resnum 对齐 141/145（4 个非标准/parse独有残基 frac=0）
[21:28:29]   ℹ️ 3e99A00 resnum 对齐 141/143（2 个非标准/parse独有残基 frac=0）
[21:28:29]   ℹ️ 3outA01 resnum 对齐 147/150（3 个非标准/parse独有残基 frac=0）
[21:28:29]   ℹ️ 3cnwA00 resnum 对齐 139/141（2 个非标准/parse独有残基 frac=0）
[21:28:30]   ℹ️ 4h3vB02 resnum 对齐 237/238（1 个非标准/parse独有残基 frac=0）
[21:28:30]   ℹ️ 3htrA00 resnum 对齐 95/96（1 个非标准/parse独有残基 frac=0）
[21:28:31]   ℹ️ 1e3mB02 resnum 对齐 129/131（2 个非标准/parse独有残基 frac=0）
[21:28:31]   ℹ️ 3oh8A02 resnum 对齐 257/260（3 个非标准/parse独有残基 frac=0）
[21:28:31]   ℹ️ 4q34A00 resnum 对齐 301/306（5 个非标准/parse独有残基 frac=0）
[21:28:32]   ℹ️ 1jogA00 resnum 对齐 129/135（6 个非标准/parse独有残基 frac=0）
[21:28:32]   ℹ️ 2pjsA01 resnum 对齐 99/101（2 个非标准/parse独有残基 frac=0）
[21:28:32]   ℹ️ 3mvuA00 resnum 对齐 214/218（4 个非标准/parse独有残基 frac=0）
[21:28:32]   ℹ️ 3kopA00 resnum 对齐 150/152（2 个非标准/parse独有残基 frac=0）
[21:28:32]   ℹ️ 2cw9A00 resnum 对齐 176/182（6 个非标准/parse独有残基 frac=0）
[21:28:33]   ℹ️ 1sbxA00 resnum 对齐 98/101（3 个非标准/parse独有残基 frac=0）
[21:28:33]   ℹ️ 1u6lA01 resnum 对齐 120/126（6 个非标准/parse独有残基 frac=0）
[21:28:34]   ℹ️ 2qf9A01 resnum 对齐 136/149（13 个非标准/parse独有残基 frac=0）
[21:28:34]   ℹ️ 2rf4C01 resnum 对齐 88/91（3 个非标准/parse独有残基 frac=0）
[21:28:35]   ℹ️ 2o0yB02 resnum 对齐 176/177（1 个非标准/parse独有残基 frac=0）
[21:28:35]   ℹ️ 1n1cA01 resnum 对齐 112/113（1 个非标准/parse独有残基 frac=0）
[21:28:36]   ℹ️ 3g0oA02 resnum 对齐 116/121（5 个非标准/parse独有残基 frac=0）
[21:28:36]   ℹ️ 5cr9A01 resnum 对齐 117/119（2 个非标准/parse独有残基 frac=0）
[21:28:36]   ℹ️ 1vhnA02 resnum 对齐 68/71（3 个非标准/parse独有残基 frac=0）
[21:28:38]   ℹ️ 5b1aG00 resnum 对齐 82/83（1 个非标准/parse独有残基 frac=0）
[21:28:38]   ℹ️ 4f3xA02 resnum 对齐 189/191（2 个非标准/parse独有残基 frac=0）
[21:28:38]   ℹ️ 2i2lB02 resnum 对齐 67/68（1 个非标准/parse独有残基 frac=0）
[21:28:39]   ℹ️ 3u4tB00 resnum 对齐 254/257（3 个非标准/parse独有残基 frac=0）
[21:28:39]   ℹ️ 3ns4A00 resnum 对齐 200/203（3 个非标准/parse独有残基 frac=0）
[21:28:39]   ℹ️ 2eucA00 resnum 对齐 105/107（2 个非标准/parse独有残基 frac=0）
[21:28:39]   预解析+encode 1200/7886（跳过 0）
[21:28:40]   ℹ️ 3razA00 resnum 对齐 131/135（4 个非标准/parse独有残基 frac=0）
[21:28:41]   ℹ️ 6bogA02 resnum 对齐 59/60（1 个非标准/parse独有残基 frac=0）
[21:28:41]   ℹ️ 3ikbA00 resnum 对齐 179/184（5 个非标准/parse独有残基 frac=0）
[21:28:41]   ℹ️ 3npiB00 resnum 对齐 199/209（10 个非标准/parse独有残基 frac=0）
[21:28:41]   ℹ️ 2o5hA00 resnum 对齐 119/121（2 个非标准/parse独有残基 frac=0）
[21:28:43]   ℹ️ 4jqrA00 resnum 对齐 215/219（4 个非标准/parse独有残基 frac=0）
[21:28:44]   ℹ️ 3cr3A00 resnum 对齐 185/192（7 个非标准/parse独有残基 frac=0）
[21:28:44]   ℹ️ 3bbjA00 resnum 对齐 263/265（2 个非标准/parse独有残基 frac=0）
[21:28:46]   ℹ️ 1ygpA02 resnum 对齐 317/343（26 个非标准/parse独有残基 frac=0）
[21:28:46]   ℹ️ 5bq3A02 resnum 对齐 151/155（4 个非标准/parse独有残基 frac=0）
[21:28:46]   ℹ️ 3o46A00 resnum 对齐 72/73（1 个非标准/parse独有残基 frac=0）
[21:28:46]   ℹ️ 1m6yA02 resnum 对齐 103/105（2 个非标准/parse独有残基 frac=0）
[21:28:47]   ℹ️ 3i0zA02 resnum 对齐 171/172（1 个非标准/parse独有残基 frac=0）
[21:28:49]   ℹ️ 2fhqA00 resnum 对齐 128/131（3 个非标准/parse独有残基 frac=0）
[21:28:49]   ℹ️ 3gk6A00 resnum 对齐 149/153（4 个非标准/parse独有残基 frac=0）
[21:28:50]   ℹ️ 4iuyA00 resnum 对齐 249/253（4 个非标准/parse独有残基 frac=0）
[21:28:51]   ℹ️ 4ipuA00 resnum 对齐 134/135（1 个非标准/parse独有残基 frac=0）
[21:28:51]   ℹ️ 1tyyA00 resnum 对齐 293/297（4 个非标准/parse独有残基 frac=0）
[21:28:51]   ℹ️ 2au5A00 resnum 对齐 120/125（5 个非标准/parse独有残基 frac=0）
[21:28:52]   ℹ️ 3k8pC01 resnum 对齐 102/105（3 个非标准/parse独有残基 frac=0）
[21:28:52]   ℹ️ 2avnA00 resnum 对齐 239/244（5 个非标准/parse独有残基 frac=0）
[21:28:53]   ℹ️ 1ndbA01 resnum 对齐 270/280（10 个非标准/parse独有残基 frac=0）
[21:28:53]   ℹ️ 5u8kA01 resnum 对齐 118/121（3 个非标准/parse独有残基 frac=0）
[21:28:53]   ℹ️ 1h6gA02 resnum 对齐 121/124（3 个非标准/parse独有残基 frac=0）
[21:28:55]   ℹ️ 7clgB03 resnum 对齐 210/211（1 个非标准/parse独有残基 frac=0）
[21:28:55]   ℹ️ 5xctB01 resnum 对齐 107/110（3 个非标准/parse独有残基 frac=0）
[21:28:55]   ℹ️ 3l8hA00 resnum 对齐 174/178（4 个非标准/parse独有残基 frac=0）
[21:28:55]   ℹ️ 4e94A01 resnum 对齐 152/156（4 个非标准/parse独有残基 frac=0）
[21:28:56]   ℹ️ 3tmmA01 resnum 对齐 106/109（3 个非标准/parse独有残基 frac=0）
[21:28:56]   ℹ️ 1l7vA00 resnum 对齐 313/323（10 个非标准/parse独有残基 frac=0）
[21:28:56]   ℹ️ 1rxxC01 resnum 对齐 319/327（8 个非标准/parse独有残基 frac=0）
[21:28:56]   ℹ️ 4yibA01 resnum 对齐 150/157（7 个非标准/parse独有残基 frac=0）
[21:28:57]   预解析+encode 1400/7886（跳过 0）
[21:28:57]   ℹ️ 2o55A00 resnum 对齐 247/253（6 个非标准/parse独有残基 frac=0）
[21:28:57]   ℹ️ 4w88B00 resnum 对齐 335/340（5 个非标准/parse独有残基 frac=0）
[21:28:58]   ℹ️ 3f6tA01 resnum 对齐 145/147（2 个非标准/parse独有残基 frac=0）
[21:28:58]   ℹ️ 3qnkC00 resnum 对齐 498/509（11 个非标准/parse独有残基 frac=0）
[21:28:58]   ℹ️ 2vx3C02 resnum 对齐 240/241（1 个非标准/parse独有残基 frac=0）
[21:28:59]   ℹ️ 3lmzA00 resnum 对齐 233/240（7 个非标准/parse独有残基 frac=0）
[21:28:59]   ℹ️ 2qv7A02 resnum 对齐 144/149（5 个非标准/parse独有残基 frac=0）
[21:28:59]   ℹ️ 1nrwA01 resnum 对齐 145/150（5 个非标准/parse独有残基 frac=0）
[21:28:59]   ℹ️ 5zxnA01 resnum 对齐 153/158（5 个非标准/parse独有残基 frac=0）
[21:29:00]   ℹ️ 4c0qB00 resnum 对齐 729/749（20 个非标准/parse独有残基 frac=0）
[21:29:01]   ℹ️ 3m1aJ00 resnum 对齐 265/266（1 个非标准/parse独有残基 frac=0）
[21:29:01]   ℹ️ 3s9cA01 resnum 对齐 113/120（7 个非标准/parse独有残基 frac=0）
[21:29:01]   ℹ️ 5unaD00 resnum 对齐 208/210（2 个非标准/parse独有残基 frac=0）
[21:29:03]   ℹ️ 4jx0A01 resnum 对齐 155/159（4 个非标准/parse独有残基 frac=0）
[21:29:03]   ℹ️ 3qgmA01 resnum 对齐 158/161（3 个非标准/parse独有残基 frac=0）
[21:29:03]   ℹ️ 6lbsB01 resnum 对齐 78/79（1 个非标准/parse独有残基 frac=0）
[21:29:04]   ℹ️ 3ebwA01 resnum 对齐 140/142（2 个非标准/parse独有残基 frac=0）
[21:29:04]   ⚠️ 跳过坏域 1c77B00: 'NoneType' object has no attribute 'select'
[21:29:04]   ℹ️ 3rpcA00 resnum 对齐 251/261（10 个非标准/parse独有残基 frac=0）
[21:29:04]   ℹ️ 3ljyA00 resnum 对齐 231/233（2 个非标准/parse独有残基 frac=0）
[21:29:05]   ℹ️ 3l8nA01 resnum 对齐 74/76（2 个非标准/parse独有残基 frac=0）
[21:29:06]   ℹ️ 2hcfA01 resnum 对齐 156/158（2 个非标准/parse独有残基 frac=0）
[21:29:07]   ℹ️ 2r6iA01 resnum 对齐 94/96（2 个非标准/parse独有残基 frac=0）
[21:29:08]   ℹ️ 3flkA00 resnum 对齐 349/359（10 个非标准/parse独有残基 frac=0）
[21:29:08]   ℹ️ 2g6gA02 resnum 对齐 191/195（4 个非标准/parse独有残基 frac=0）
[21:29:09]   ℹ️ 4xvoA01 resnum 对齐 88/89（1 个非标准/parse独有残基 frac=0）
[21:29:10]   ℹ️ 3e38A02 resnum 对齐 75/76（1 个非标准/parse独有残基 frac=0）
[21:29:11]   ℹ️ 3c4aA02 resnum 对齐 144/148（4 个非标准/parse独有残基 frac=0）
[21:29:11]   ℹ️ 3vwaA01 resnum 对齐 89/90（1 个非标准/parse独有残基 frac=0）
[21:29:12]   ℹ️ 3hdoA02 resnum 对齐 217/220（3 个非标准/parse独有残基 frac=0）
[21:29:12]   ℹ️ 3mqzA00 resnum 对齐 193/197（4 个非标准/parse独有残基 frac=0）
[21:29:12]   ℹ️ 1q8bA00 resnum 对齐 89/93（4 个非标准/parse独有残基 frac=0）
[21:29:14]   预解析+encode 1599/7886（跳过 1）
[21:29:15]   ℹ️ 3zfvA02 resnum 对齐 154/156（2 个非标准/parse独有残基 frac=0）
[21:29:16]   ℹ️ 3imkA00 resnum 对齐 151/154（3 个非标准/parse独有残基 frac=0）
[21:29:16]   ℹ️ 3h9wA00 resnum 对齐 106/109（3 个非标准/parse独有残基 frac=0）
[21:29:18]   ℹ️ 2q1fA02 resnum 对齐 382/403（21 个非标准/parse独有残基 frac=0）
[21:29:18]   ℹ️ 1ky9B03 resnum 对齐 91/94（3 个非标准/parse独有残基 frac=0）
[21:29:19]   ℹ️ 4s1wB01 resnum 对齐 190/193（3 个非标准/parse独有残基 frac=0）
[21:29:19]   ℹ️ 1k1wA01 resnum 对齐 355/364（9 个非标准/parse独有残基 frac=0）
[21:29:19]   ℹ️ 3mnfA00 resnum 对齐 232/235（3 个非标准/parse独有残基 frac=0）
[21:29:19]   ℹ️ 2gvhB02 resnum 对齐 112/117（5 个非标准/parse独有残基 frac=0）
[21:29:19]   ℹ️ 3f7sA00 resnum 对齐 133/141（8 个非标准/parse独有残基 frac=0）
[21:29:20]   ℹ️ 4jbfB01 resnum 对齐 85/86（1 个非标准/parse独有残基 frac=0）
[21:29:21]   ℹ️ 1o67C00 resnum 对齐 204/210（6 个非标准/parse独有残基 frac=0）
[21:29:21]   ℹ️ 2in5A00 resnum 对齐 190/195（5 个非标准/parse独有残基 frac=0）
[21:29:21]   ℹ️ 4w9rB01 resnum 对齐 257/267（10 个非标准/parse独有残基 frac=0）
[21:29:22]   ℹ️ 2rk9B00 resnum 对齐 115/117（2 个非标准/parse独有残基 frac=0）
[21:29:23]   ℹ️ 3hqxA00 resnum 对齐 104/105（1 个非标准/parse独有残基 frac=0）
[21:29:23]   ℹ️ 3op1A01 resnum 对齐 182/184（2 个非标准/parse独有残基 frac=0）
[21:29:23]   ℹ️ 3me5A01 resnum 对齐 62/64（2 个非标准/parse独有残基 frac=0）
[21:29:23]   ℹ️ 3getA01 resnum 对齐 223/226（3 个非标准/parse独有残基 frac=0）
[21:29:24]   ℹ️ 1wv9A00 resnum 对齐 86/87（1 个非标准/parse独有残基 frac=0）
[21:29:25]   ℹ️ 1g8mA02 resnum 对齐 175/176（1 个非标准/parse独有残基 frac=0）
[21:29:25]   ℹ️ 3os6C00 resnum 对齐 366/373（7 个非标准/parse独有残基 frac=0）
[21:29:27]   ℹ️ 2zbwA02 resnum 对齐 122/123（1 个非标准/parse独有残基 frac=0）
[21:29:27]   ℹ️ 3jygA00 resnum 对齐 178/180（2 个非标准/parse独有残基 frac=0）
[21:29:28]   ℹ️ 4r7rA00 resnum 对齐 121/122（1 个非标准/parse独有残基 frac=0）
[21:29:29]   ℹ️ 3hftA00 resnum 对齐 234/235（1 个非标准/parse独有残基 frac=0）
[21:29:29]   ℹ️ 1yvuA04 resnum 对齐 211/214（3 个非标准/parse独有残基 frac=0）
[21:29:30]   ℹ️ 3m3pA00 resnum 对齐 234/243（9 个非标准/parse独有残基 frac=0）
[21:29:31]   ℹ️ 3fjyA02 resnum 对齐 166/172（6 个非标准/parse独有残基 frac=0）
[21:29:31]   ℹ️ 7bgsA01 resnum 对齐 117/119（2 个非标准/parse独有残基 frac=0）
[21:29:31]   ℹ️ 4wd3A01 resnum 对齐 115/120（5 个非标准/parse独有残基 frac=0）
[21:29:31]   ℹ️ 4iykA02 resnum 对齐 113/114（1 个非标准/parse独有残基 frac=0）
[21:29:32]   预解析+encode 1799/7886（跳过 1）
[21:29:32]   ℹ️ 3cygA01 resnum 对齐 118/119（1 个非标准/parse独有残基 frac=0）
[21:29:33]   ℹ️ 4rjzA01 resnum 对齐 184/189（5 个非标准/parse独有残基 frac=0）
[21:29:33]   ℹ️ 1fiwA02 resnum 对齐 87/120（33 个非标准/parse独有残基 frac=0）
[21:29:34]   ℹ️ 3dr6B00 resnum 对齐 163/166（3 个非标准/parse独有残基 frac=0）
[21:29:34]   ℹ️ 7ri3A02 resnum 对齐 160/162（2 个非标准/parse独有残基 frac=0）
[21:29:35]   ℹ️ 3hymL00 resnum 对齐 289/299（10 个非标准/parse独有残基 frac=0）
[21:29:35]   ⚠️ 3jxvA02 SASA 计算失败: freesasa 计算失败: Error: Radius is <= 0 (-1.0) for the residue: UNK, atom:  N  （跳过 L_add）
[21:29:36]   ℹ️ 1yhfA01 resnum 对齐 105/110（5 个非标准/parse独有残基 frac=0）
[21:29:37]   ℹ️ 3kyeA00 resnum 对齐 115/119（4 个非标准/parse独有残基 frac=0）
[21:29:37]   ℹ️ 3eu8A00 resnum 对齐 410/422（12 个非标准/parse独有残基 frac=0）
[21:29:37]   ℹ️ 3g9kF01 resnum 对齐 162/163（1 个非标准/parse独有残基 frac=0）
[21:29:37]   ℹ️ 2c83A02 resnum 对齐 173/176（3 个非标准/parse独有残基 frac=0）
[21:29:37]   ℹ️ 2ph1A00 resnum 对齐 240/247（7 个非标准/parse独有残基 frac=0）
[21:29:38]   ℹ️ 4n06A01 resnum 对齐 81/82（1 个非标准/parse独有残基 frac=0）
[21:29:42]   ℹ️ 3d3qB02 resnum 对齐 69/70（1 个非标准/parse独有残基 frac=0）
[21:29:42]   ℹ️ 3fjsC00 resnum 对齐 104/105（1 个非标准/parse独有残基 frac=0）
[21:29:43]   ℹ️ 1vloA03 resnum 对齐 42/45（3 个非标准/parse独有残基 frac=0）
[21:29:43]   ℹ️ 2q1fA01 resnum 对齐 164/167（3 个非标准/parse独有残基 frac=0）
[21:29:44]   ℹ️ 3iabB01 resnum 对齐 98/99（1 个非标准/parse独有残基 frac=0）
[21:29:44]   ℹ️ 3uimA01 resnum 对齐 87/89（2 个非标准/parse独有残基 frac=0）
[21:29:44]   ℹ️ 2py6A02 resnum 对齐 118/119（1 个非标准/parse独有残基 frac=0）
[21:29:44]   ℹ️ 3tsnA00 resnum 对齐 358/364（6 个非标准/parse独有残基 frac=0）
[21:29:44]   ℹ️ 3ec3A02 resnum 对齐 117/119（2 个非标准/parse独有残基 frac=0）
[21:29:45]   ℹ️ 2yqzA01 resnum 对齐 191/193（2 个非标准/parse独有残基 frac=0）
[21:29:45]   ℹ️ 1luzA00 resnum 对齐 82/85（3 个非标准/parse独有残基 frac=0）
[21:29:46]   ℹ️ 4purB01 resnum 对齐 91/93（2 个非标准/parse独有残基 frac=0）
[21:29:47]   ℹ️ 2b7oA01 resnum 对齐 330/340（10 个非标准/parse独有残基 frac=0）
[21:29:47]   ℹ️ 3iwfB00 resnum 对齐 84/85（1 个非标准/parse独有残基 frac=0）
[21:29:47]   ℹ️ 1xvsA00 resnum 对齐 120/123（3 个非标准/parse独有残基 frac=0）
[21:29:48]   ℹ️ 4r9nA00 resnum 对齐 238/244（6 个非标准/parse独有残基 frac=0）
[21:29:48]   ℹ️ 1ovaA02 resnum 对齐 209/235（26 个非标准/parse独有残基 frac=0）
[21:29:48]   ℹ️ 2p0oA02 resnum 对齐 117/118（1 个非标准/parse独有残基 frac=0）
[21:29:48]   ℹ️ 3g8zA00 resnum 对齐 122/126（4 个非标准/parse独有残基 frac=0）
[21:29:48]   ℹ️ 4mrsA01 resnum 对齐 332/342（10 个非标准/parse独有残基 frac=0）
[21:29:48]   ℹ️ 3hnmA00 resnum 对齐 164/167（3 个非标准/parse独有残基 frac=0）
[21:29:49]   ℹ️ 3bwgA02 resnum 对齐 155/156（1 个非标准/parse独有残基 frac=0）
[21:29:49]   ℹ️ 1yw4B00 resnum 对齐 305/309（4 个非标准/parse独有残基 frac=0）
[21:29:50]   预解析+encode 1999/7886（跳过 1）
[21:29:51]   ℹ️ 3cpgA00 resnum 对齐 247/253（6 个非标准/parse独有残基 frac=0）
[21:29:51]   ℹ️ 3mcpA01 resnum 对齐 111/112（1 个非标准/parse独有残基 frac=0）
[21:29:52]   ℹ️ 1mzpA02 resnum 对齐 90/91（1 个非标准/parse独有残基 frac=0）
[21:29:52]   ℹ️ 3c8vA02 resnum 对齐 227/232（5 个非标准/parse独有残基 frac=0）
[21:29:52]   ℹ️ 2imlA01 resnum 对齐 107/109（2 个非标准/parse独有残基 frac=0）
[21:29:53]   ℹ️ 3gxhA00 resnum 对齐 140/145（5 个非标准/parse独有残基 frac=0）
[21:29:54]   ℹ️ 3eoqB02 resnum 对齐 181/183（2 个非标准/parse独有残基 frac=0）
[21:29:56]   ℹ️ 2re2A00 resnum 对齐 107/110（3 个非标准/parse独有残基 frac=0）
[21:29:56]   ℹ️ 3d6jA01 resnum 对齐 137/139（2 个非标准/parse独有残基 frac=0）
[21:29:57]   ℹ️ 3nurA00 resnum 对齐 296/301（5 个非标准/parse独有残基 frac=0）
[21:29:57]   ℹ️ 2gnrA01 resnum 对齐 66/67（1 个非标准/parse独有残基 frac=0）
[21:29:57]   ℹ️ 4innA00 resnum 对齐 144/146（2 个非标准/parse独有残基 frac=0）
[21:29:58]   ℹ️ 3u12A00 resnum 对齐 96/99（3 个非标准/parse独有残基 frac=0）
[21:29:58]   ℹ️ 2qryA02 resnum 对齐 149/150（1 个非标准/parse独有残基 frac=0）
[21:29:58]   ℹ️ 4e6fA00 resnum 对齐 155/160（5 个非标准/parse独有残基 frac=0）
[21:30:00]   ℹ️ 4i17A00 resnum 对齐 200/202（2 个非标准/parse独有残基 frac=0）
[21:30:01]   ℹ️ 3pp8A01 resnum 对齐 123/126（3 个非标准/parse独有残基 frac=0）
[21:30:01]   ℹ️ 2gb3A01 resnum 对齐 149/155（6 个非标准/parse独有残基 frac=0）
[21:30:01]   ℹ️ 3h8uA00 resnum 对齐 113/115（2 个非标准/parse独有残基 frac=0）
[21:30:01]   ℹ️ 2kymA01 resnum 对齐 92/93（1 个非标准/parse独有残基 frac=0）
[21:30:02]   ℹ️ 1d8cA03 resnum 对齐 132/135（3 个非标准/parse独有残基 frac=0）
[21:30:02]   ℹ️ 1pvtA00 resnum 对齐 224/232（8 个非标准/parse独有残基 frac=0）
[21:30:03]   ℹ️ 2obnA02 resnum 对齐 208/214（6 个非标准/parse独有残基 frac=0）
[21:30:03]   ℹ️ 2pdoA01 resnum 对齐 112/117（5 个非标准/parse独有残基 frac=0）
[21:30:03]   ℹ️ 2rirE01 resnum 对齐 150/151（1 个非标准/parse独有残基 frac=0）
[21:30:03]   ℹ️ 1z82B02 resnum 对齐 131/138（7 个非标准/parse独有残基 frac=0）
[21:30:04]   ℹ️ 6opmD01 resnum 对齐 233/238（5 个非标准/parse独有残基 frac=0）
[21:30:05]   ℹ️ 4fb9A02 resnum 对齐 102/104（2 个非标准/parse独有残基 frac=0）
[21:30:06]   ℹ️ 7toiA01 resnum 对齐 209/214（5 个非标准/parse独有残基 frac=0）
[21:30:06]   ℹ️ 3p8kA00 resnum 对齐 259/265（6 个非标准/parse独有残基 frac=0）
[21:30:06]   ℹ️ 4cgrB00 resnum 对齐 189/191（2 个非标准/parse独有残基 frac=0）
[21:30:07]   ℹ️ 1lfuP00 resnum 对齐 79/82（3 个非标准/parse独有残基 frac=0）
[21:30:07]   预解析+encode 2199/7886（跳过 1）
[21:30:07]   ℹ️ 1vk3A01 resnum 对齐 181/187（6 个非标准/parse独有残基 frac=0）
[21:30:08]   ℹ️ 1oksA00 resnum 对齐 50/53（3 个非标准/parse独有残基 frac=0）
[21:30:08]   ℹ️ 1sazA02 resnum 对齐 190/197（7 个非标准/parse独有残基 frac=0）
[21:30:08]   ℹ️ 3ct8A00 resnum 对齐 131/132（1 个非标准/parse独有残基 frac=0）
[21:30:08]   ℹ️ 3bguA01 resnum 对齐 92/93（1 个非标准/parse独有残基 frac=0）
[21:30:08]   ℹ️ 3licA01 resnum 对齐 176/177（1 个非标准/parse独有残基 frac=0）
[21:30:09]   ℹ️ 1wl8A00 resnum 对齐 186/187（1 个非标准/parse独有残基 frac=0）
[21:30:09]   ℹ️ 6nhsA00 resnum 对齐 236/239（3 个非标准/parse独有残基 frac=0）
[21:30:10]   ℹ️ 3fojA00 resnum 对齐 96/99（3 个非标准/parse独有残基 frac=0）
[21:30:10]   ℹ️ 4qamB00 resnum 对齐 173/178（5 个非标准/parse独有残基 frac=0）
[21:30:11]   ℹ️ 4pibA00 resnum 对齐 172/174（2 个非标准/parse独有残基 frac=0）
[21:30:11]   ℹ️ 3futA01 resnum 对齐 194/195（1 个非标准/parse独有残基 frac=0）
[21:30:11]   ℹ️ 3e9qA00 resnum 对齐 236/246（10 个非标准/parse独有残基 frac=0）
[21:30:14]   ℹ️ 1s9uA00 resnum 对齐 198/201（3 个非标准/parse独有残基 frac=0）
[21:30:15]   ℹ️ 4nqfA00 resnum 对齐 142/145（3 个非标准/parse独有残基 frac=0）
[21:30:15]   ℹ️ 7s0rB01 resnum 对齐 74/76（2 个非标准/parse独有残基 frac=0）
[21:30:17]   ℹ️ 1jc4A00 resnum 对齐 139/145（6 个非标准/parse独有残基 frac=0）
[21:30:18]   ℹ️ 3renA00 resnum 对齐 321/327（6 个非标准/parse独有残基 frac=0）
[21:30:18]   ℹ️ 4lb8A02 resnum 对齐 136/137（1 个非标准/parse独有残基 frac=0）
[21:30:19]   ℹ️ 2cxxA00 resnum 对齐 181/184（3 个非标准/parse独有残基 frac=0）
[21:30:20]   ℹ️ 4fw9A01 resnum 对齐 279/282（3 个非标准/parse独有残基 frac=0）
[21:30:20]   ℹ️ 2rk0A01 resnum 对齐 119/121（2 个非标准/parse独有残基 frac=0）
[21:30:20]   ℹ️ 2woyA01 resnum 对齐 173/175（2 个非标准/parse独有残基 frac=0）
[21:30:21]   ℹ️ 4dnuA00 resnum 对齐 363/369（6 个非标准/parse独有残基 frac=0）
[21:30:21]   ℹ️ 1nkvB00 resnum 对齐 225/231（6 个非标准/parse独有残基 frac=0）
[21:30:21]   ℹ️ 4qy7A01 resnum 对齐 78/79（1 个非标准/parse独有残基 frac=0）
[21:30:22]   ℹ️ 3dcyA00 resnum 对齐 231/238（7 个非标准/parse独有残基 frac=0）
[21:30:23]   ℹ️ 2nwuB01 resnum 对齐 122/126（4 个非标准/parse独有残基 frac=0）
[21:30:23]   ℹ️ 3d5pA00 resnum 对齐 119/120（1 个非标准/parse独有残基 frac=0）
[21:30:23]   ℹ️ 2i6xA01 resnum 对齐 126/130（4 个非标准/parse独有残基 frac=0）
[21:30:23]   ℹ️ 1x9nA01 resnum 对齐 270/275（5 个非标准/parse独有残基 frac=0）
[21:30:23]   ℹ️ 2f46A00 resnum 对齐 134/135（1 个非标准/parse独有残基 frac=0）
[21:30:24]   ℹ️ 2hh6A00 resnum 对齐 102/107（5 个非标准/parse独有残基 frac=0）
[21:30:24]   ℹ️ 1uurA04 resnum 对齐 132/133（1 个非标准/parse独有残基 frac=0）
[21:30:25]   ℹ️ 2a67B00 resnum 对齐 162/165（3 个非标准/parse独有残基 frac=0）
[21:30:25]   ℹ️ 2b4vA01 resnum 对齐 213/218（5 个非标准/parse独有残基 frac=0）
[21:30:25]   预解析+encode 2399/7886（跳过 1）
[21:30:25]   ℹ️ 4anoA00 resnum 对齐 206/209（3 个非标准/parse独有残基 frac=0）
[21:30:26]   ℹ️ 1z82A01 resnum 对齐 172/175（3 个非标准/parse独有残基 frac=0）
[21:30:27]   ℹ️ 4mdcD02 resnum 对齐 114/117（3 个非标准/parse独有残基 frac=0）
[21:30:27]   ℹ️ 4bc3A01 resnum 对齐 312/316（4 个非标准/parse独有残基 frac=0）
[21:30:28]   ℹ️ 3bbdA00 resnum 对齐 198/204（6 个非标准/parse独有残基 frac=0）
[21:30:28]   ℹ️ 2pgxA02 resnum 对齐 187/191（4 个非标准/parse独有残基 frac=0）
[21:30:29]   ℹ️ 1vl5C00 resnum 对齐 208/213（5 个非标准/parse独有残基 frac=0）
[21:30:29]   ℹ️ 3gl3D00 resnum 对齐 133/137（4 个非标准/parse独有残基 frac=0）
[21:30:29]   ℹ️ 2hpgC00 resnum 对齐 298/304（6 个非标准/parse独有残基 frac=0）
[21:30:30]   ℹ️ 3fm5A00 resnum 对齐 124/127（3 个非标准/parse独有残基 frac=0）
[21:30:30]   ℹ️ 1vm0A00 resnum 对齐 89/93（4 个非标准/parse独有残基 frac=0）
[21:30:30]   ℹ️ 1skvA00 resnum 对齐 62/64（2 个非标准/parse独有残基 frac=0）
[21:30:32]   ℹ️ 3b8bA01 resnum 对齐 137/141（4 个非标准/parse独有残基 frac=0）
[21:30:32]   ℹ️ 1j6uA02 resnum 对齐 205/209（4 个非标准/parse独有残基 frac=0）
[21:30:33]   ℹ️ 4lmiB00 resnum 对齐 128/129（1 个非标准/parse独有残基 frac=0）
[21:30:33]   ℹ️ 3nzpB02 resnum 对齐 260/264（4 个非标准/parse独有残基 frac=0）
[21:30:34]   ℹ️ 3kxaA01 resnum 对齐 46/47（1 个非标准/parse独有残基 frac=0）
[21:30:34]   ℹ️ 3te6A02 resnum 对齐 109/112（3 个非标准/parse独有残基 frac=0）
[21:30:34]   ℹ️ 2cw8A03 resnum 对齐 167/169（2 个非标准/parse独有残基 frac=0）
[21:30:35]   ℹ️ 3tqdA00 resnum 对齐 239/243（4 个非标准/parse独有残基 frac=0）
[21:30:36]   ℹ️ 1z41A00 resnum 对齐 327/337（10 个非标准/parse独有残基 frac=0）
[21:30:36]   ℹ️ 1vmgA00 resnum 对齐 80/82（2 个非标准/parse独有残基 frac=0）
[21:30:38]   ℹ️ 3hlzB01 resnum 对齐 130/133（3 个非标准/parse独有残基 frac=0）
[21:30:38]   ℹ️ 3kyaA02 resnum 对齐 343/348（5 个非标准/parse独有残基 frac=0）
[21:30:38]   ℹ️ 2wvxA02 resnum 对齐 159/163（4 个非标准/parse独有残基 frac=0）
[21:30:39]   ℹ️ 3r7aB00 resnum 对齐 218/222（4 个非标准/parse独有残基 frac=0）
[21:30:40]   ℹ️ 3ry3A01 resnum 对齐 244/249（5 个非标准/parse独有残基 frac=0）
[21:30:40]   ℹ️ 3jzmA02 resnum 对齐 247/248（1 个非标准/parse独有残基 frac=0）
[21:30:40]   ℹ️ 4hc5D00 resnum 对齐 125/129（4 个非标准/parse独有残基 frac=0）
[21:30:41]   ℹ️ 2v7sA00 resnum 对齐 167/169（2 个非标准/parse独有残基 frac=0）
[21:30:41]   ℹ️ 5tcsA01 resnum 对齐 107/109（2 个非标准/parse独有残基 frac=0）
[21:30:42]   ℹ️ 3pmiA01 resnum 对齐 64/65（1 个非标准/parse独有残基 frac=0）
[21:30:42]   ℹ️ 3on5B02 resnum 对齐 156/157（1 个非标准/parse独有残基 frac=0）
[21:30:42]   ℹ️ 2ew2B01 resnum 对齐 171/177（6 个非标准/parse独有残基 frac=0）
[21:30:42]   预解析+encode 2599/7886（跳过 1）
[21:30:42]   ℹ️ 3m5kA00 resnum 对齐 145/147（2 个非标准/parse独有残基 frac=0）
[21:30:43]   ℹ️ 6aqoA00 resnum 对齐 210/211（1 个非标准/parse独有残基 frac=0）
[21:30:43]   ℹ️ 3bjqA00 resnum 对齐 290/296（6 个非标准/parse独有残基 frac=0）
[21:30:44]   ℹ️ 4pqxA02 resnum 对齐 125/127（2 个非标准/parse独有残基 frac=0）
[21:30:44]   ℹ️ 2ihyA00 resnum 对齐 236/246（10 个非标准/parse独有残基 frac=0）
[21:30:44]   ℹ️ 1hu3A00 resnum 对齐 196/204（8 个非标准/parse独有残基 frac=0）
[21:30:45]   ℹ️ 1howA02 resnum 对齐 247/255（8 个非标准/parse独有残基 frac=0）
[21:30:45]   ℹ️ 2xu6A00 resnum 对齐 61/63（2 个非标准/parse独有残基 frac=0）
[21:30:45]   ℹ️ 1zbsA02 resnum 对齐 95/96（1 个非标准/parse独有残基 frac=0）
[21:30:45]   ℹ️ 2ajrA01 resnum 对齐 259/264（5 个非标准/parse独有残基 frac=0）
[21:30:46]   ℹ️ 2iuyA01 resnum 对齐 158/159（1 个非标准/parse独有残基 frac=0）
[21:30:49]   ℹ️ 3p8aA01 resnum 对齐 156/159（3 个非标准/parse独有残基 frac=0）
[21:30:49]   ℹ️ 3s5rB00 resnum 对齐 186/195（9 个非标准/parse独有残基 frac=0）
[21:30:49]   ℹ️ 3ty7A02 resnum 对齐 187/189（2 个非标准/parse独有残基 frac=0）
[21:30:49]   ℹ️ 3db5A00 resnum 对齐 122/124（2 个非标准/parse独有残基 frac=0）
[21:30:50]   ℹ️ 4yo7A01 resnum 对齐 125/129（4 个非标准/parse独有残基 frac=0）
[21:30:52]   ℹ️ 3p04A00 resnum 对齐 75/77（2 个非标准/parse独有残基 frac=0）
[21:30:53]   ℹ️ 4nmyA02 resnum 对齐 100/102（2 个非标准/parse独有残基 frac=0）
[21:30:54]   ℹ️ 4hkjD00 resnum 对齐 183/186（3 个非标准/parse独有残基 frac=0）
[21:30:55]   ℹ️ 5tfqA00 resnum 对齐 267/270（3 个非标准/parse独有残基 frac=0）
[21:30:56]   ℹ️ 2nysA00 resnum 对齐 115/117（2 个非标准/parse独有残基 frac=0）
[21:30:57]   ℹ️ 3bjdA02 resnum 对齐 217/219（2 个非标准/parse独有残基 frac=0）
[21:30:57]   ℹ️ 1ydxA03 resnum 对齐 141/144（3 个非标准/parse独有残基 frac=0）
[21:30:57]   ℹ️ 1zq1A01 resnum 对齐 76/77（1 个非标准/parse独有残基 frac=0）
[21:30:57]   ℹ️ 2ae8B01 resnum 对齐 77/80（3 个非标准/parse独有残基 frac=0）
[21:30:58]   ℹ️ 3g8yA00 resnum 对齐 377/385（8 个非标准/parse独有残基 frac=0）
[21:30:58]   ℹ️ 3rc3A05 resnum 对齐 109/113（4 个非标准/parse独有残基 frac=0）
[21:30:59]   预解析+encode 2799/7886（跳过 1）
[21:30:59]   ℹ️ 3t7iA02 resnum 对齐 113/114（1 个非标准/parse独有残基 frac=0）
[21:31:00]   ℹ️ 2zkzC00 resnum 对齐 83/87（4 个非标准/parse独有残基 frac=0）
[21:31:00]   ℹ️ 3k9cB01 resnum 对齐 128/131（3 个非标准/parse独有残基 frac=0）
[21:31:00]   ℹ️ 3fmbA01 resnum 对齐 93/95（2 个非标准/parse独有残基 frac=0）
[21:31:00]   ℹ️ 1vrbA02 resnum 对齐 82/83（1 个非标准/parse独有残基 frac=0）
[21:31:01]   ℹ️ 4mn0A00 resnum 对齐 175/181（6 个非标准/parse独有残基 frac=0）
[21:31:02]   ℹ️ 2gwgA00 resnum 对齐 320/328（8 个非标准/parse独有残基 frac=0）
[21:31:03]   ℹ️ 2yxhA00 resnum 对齐 110/111（1 个非标准/parse独有残基 frac=0）
[21:31:04]   ℹ️ 5yrpA00 resnum 对齐 221/224（3 个非标准/parse独有残基 frac=0）
[21:31:04]   ℹ️ 4mixA00 resnum 对齐 259/262（3 个非标准/parse独有残基 frac=0）
[21:31:05]   ℹ️ 1mzpA01 resnum 对齐 123/126（3 个非标准/parse独有残基 frac=0）
[21:31:06]   ℹ️ 1gz0B02 resnum 对齐 161/167（6 个非标准/parse独有残基 frac=0）
[21:31:06]   ℹ️ 4g68A02 resnum 对齐 198/203（5 个非标准/parse独有残基 frac=0）
[21:31:07]   ℹ️ 2o8qA00 resnum 对齐 114/116（2 个非标准/parse独有残基 frac=0）
[21:31:07]   ℹ️ 2iuyA02 resnum 对齐 174/176（2 个非标准/parse独有残基 frac=0）
[21:31:08]   ℹ️ 1ah1A00 resnum 对齐 126/129（3 个非标准/parse独有残基 frac=0）
[21:31:09]   ℹ️ 2qsdA01 resnum 对齐 66/67（1 个非标准/parse独有残基 frac=0）
[21:31:09]   ℹ️ 2g9wA01 resnum 对齐 65/67（2 个非标准/parse独有残基 frac=0）
[21:31:09]   ℹ️ 2p4dA00 resnum 对齐 155/163（8 个非标准/parse独有残基 frac=0）
[21:31:09]   ℹ️ 1fc6A01 resnum 对齐 96/98（2 个非标准/parse独有残基 frac=0）
[21:31:10]   ℹ️ 3bk5A00 resnum 对齐 228/233（5 个非标准/parse独有残基 frac=0）
[21:31:10]   ℹ️ 4nmyA01 resnum 对齐 194/197（3 个非标准/parse独有残基 frac=0）
[21:31:11]   ℹ️ 1j31A00 resnum 对齐 255/261（6 个非标准/parse独有残基 frac=0）
[21:31:12]   ℹ️ 4ecgA00 resnum 对齐 358/368（10 个非标准/parse独有残基 frac=0）
[21:31:12]   ℹ️ 5ey2D02 resnum 对齐 40/42（2 个非标准/parse独有残基 frac=0）
[21:31:13]   ℹ️ 6l2cB00 resnum 对齐 398/399（1 个非标准/parse独有残基 frac=0）
[21:31:13]   ℹ️ 4j6fA02 resnum 对齐 156/159（3 个非标准/parse独有残基 frac=0）
[21:31:13]   ℹ️ 1yx2A02 resnum 对齐 78/82（4 个非标准/parse独有残基 frac=0）
[21:31:13]   ℹ️ 3ztaA00 resnum 对齐 136/139（3 个非标准/parse独有残基 frac=0）
[21:31:14]   ℹ️ 2evrA02 resnum 对齐 140/142（2 个非标准/parse独有残基 frac=0）
[21:31:14]   ℹ️ 2wssW01 resnum 对齐 93/95（2 个非标准/parse独有残基 frac=0）
[21:31:14]   ℹ️ 1hruA00 resnum 对齐 184/186（2 个非标准/parse独有残基 frac=0）
[21:31:14]   ℹ️ 3brqB01 resnum 对齐 127/132（5 个非标准/parse独有残基 frac=0）
[21:31:15]   ℹ️ 2gfoA00 resnum 对齐 335/339（4 个非标准/parse独有残基 frac=0）
[21:31:15]   ℹ️ 4gc5A01 resnum 对齐 223/225（2 个非标准/parse独有残基 frac=0）
[21:31:16]   ℹ️ 3ey5A01 resnum 对齐 144/148（4 个非标准/parse独有残基 frac=0）
[21:31:16]   ℹ️ 4dvgB00 resnum 对齐 282/293（11 个非标准/parse独有残基 frac=0）
[21:31:18]   预解析+encode 2999/7886（跳过 1）
[21:31:18]   ℹ️ 4cz2B00 resnum 对齐 174/179（5 个非标准/parse独有残基 frac=0）
[21:31:21]   ℹ️ 3gvzA00 resnum 对齐 254/256（2 个非标准/parse独有残基 frac=0）
[21:31:21]   ℹ️ 5u8eA01 resnum 对齐 94/95（1 个非标准/parse独有残基 frac=0）
[21:31:22]   ℹ️ 4rhiA00 resnum 对齐 304/316（12 个非标准/parse独有残基 frac=0）
[21:31:23]   ℹ️ 4mx8A02 resnum 对齐 111/112（1 个非标准/parse独有残基 frac=0）
[21:31:24]   ⚠️ 1gw5A00 SASA 计算失败: freesasa 计算失败: Error: Radius is <= 0 (-1.0) for the residue: UNK, atom:  N  （跳过 L_add）
[21:31:25]   ℹ️ 3nctA00 resnum 对齐 131/135（4 个非标准/parse独有残基 frac=0）
[21:31:25]   ℹ️ 4xsqB00 resnum 对齐 175/179（4 个非标准/parse独有残基 frac=0）
[21:31:25]   ℹ️ 3i7jA00 resnum 对齐 269/273（4 个非标准/parse独有残基 frac=0）
[21:31:26]   ℹ️ 2zcmA00 resnum 对齐 173/176（3 个非标准/parse独有残基 frac=0）
[21:31:26]   ℹ️ 2qr4A03 resnum 对齐 303/313（10 个非标准/parse独有残基 frac=0）
[21:31:26]   ℹ️ 1ixkA01 resnum 对齐 103/105（2 个非标准/parse独有残基 frac=0）
[21:31:27]   ℹ️ 3lmbA01 resnum 对齐 152/157（5 个非标准/parse独有残基 frac=0）
[21:31:27]   ℹ️ 1dusA00 resnum 对齐 192/194（2 个非标准/parse独有残基 frac=0）
[21:31:28]   ℹ️ 2nvmA00 resnum 对齐 100/101（1 个非标准/parse独有残基 frac=0）
[21:31:28]   ℹ️ 3hdcA01 resnum 对齐 126/128（2 个非标准/parse独有残基 frac=0）
[21:31:29]   ℹ️ 3ic7A02 resnum 对齐 46/48（2 个非标准/parse独有残基 frac=0）
[21:31:29]   ℹ️ 3egqA00 resnum 对齐 154/164（10 个非标准/parse独有残基 frac=0）
[21:31:29]   ℹ️ 2p7iA00 resnum 对齐 214/217（3 个非标准/parse独有残基 frac=0）
[21:31:31]   ℹ️ 4fcgA00 resnum 对齐 285/288（3 个非标准/parse独有残基 frac=0）
[21:31:31]   ℹ️ 3beyD00 resnum 对齐 93/94（1 个非标准/parse独有残基 frac=0）
[21:31:32]   ℹ️ 3mdqA01 resnum 对齐 113/115（2 个非标准/parse独有残基 frac=0）
[21:31:33]   ℹ️ 1vmeB01 resnum 对齐 248/250（2 个非标准/parse独有残基 frac=0）
[21:31:33]   ℹ️ 1kgsA02 resnum 对齐 94/95（1 个非标准/parse独有残基 frac=0）
[21:31:33]   ℹ️ 3vjfA00 resnum 对齐 92/99（7 个非标准/parse独有残基 frac=0）
[21:31:33]   ℹ️ 1jx4A04 resnum 对齐 97/98（1 个非标准/parse独有残基 frac=0）
[21:31:34]   ℹ️ 2ehwA00 resnum 对齐 114/115（1 个非标准/parse独有残基 frac=0）
[21:31:34]   ℹ️ 6z01B03 resnum 对齐 152/153（1 个非标准/parse独有残基 frac=0）
[21:31:36]   预解析+encode 3199/7886（跳过 1）
[21:31:37]   ℹ️ 5deqB02 resnum 对齐 80/82（2 个非标准/parse独有残基 frac=0）
[21:31:37]   ℹ️ 4fs7A00 resnum 对齐 348/352（4 个非标准/parse独有残基 frac=0）
[21:31:38]   ℹ️ 3nzeA00 resnum 对齐 246/253（7 个非标准/parse独有残基 frac=0）
[21:31:38]   ℹ️ 2re7A00 resnum 对齐 130/132（2 个非标准/parse独有残基 frac=0）
[21:31:39]   ℹ️ 3l84A01 resnum 对齐 297/299（2 个非标准/parse独有残基 frac=0）
[21:31:39]   ℹ️ 4j2gA00 resnum 对齐 200/202（2 个非标准/parse独有残基 frac=0）
[21:31:41]   ℹ️ 2q8pA02 resnum 对齐 167/172（5 个非标准/parse独有残基 frac=0）
[21:31:42]   ℹ️ 5c0pA00 resnum 对齐 278/282（4 个非标准/parse独有残基 frac=0）
[21:31:42]   ℹ️ 5hpfA00 resnum 对齐 173/175（2 个非标准/parse独有残基 frac=0）
[21:31:43]   ℹ️ 3n1bA01 resnum 对齐 35/36（1 个非标准/parse独有残基 frac=0）
[21:31:44]   ℹ️ 4ezgA00 resnum 对齐 167/168（1 个非标准/parse独有残基 frac=0）
[21:31:44]   ℹ️ 2w7vA00 resnum 对齐 79/81（2 个非标准/parse独有残基 frac=0）
[21:31:44]   ℹ️ 3gv5B01 resnum 对齐 128/132（4 个非标准/parse独有残基 frac=0）
[21:31:44]   ℹ️ 5ufhA02 resnum 对齐 147/154（7 个非标准/parse独有残基 frac=0）
[21:31:45]   ℹ️ 3cetB01 resnum 对齐 108/110（2 个非标准/parse独有残基 frac=0）
[21:31:46]   ℹ️ 1mn3A00 resnum 对齐 52/54（2 个非标准/parse独有残基 frac=0）
[21:31:46]   ℹ️ 3l9tA01 resnum 对齐 80/83（3 个非标准/parse独有残基 frac=0）
[21:31:46]   ℹ️ 3td9A02 resnum 对齐 145/147（2 个非标准/parse独有残基 frac=0）
[21:31:46]   ℹ️ 2ckiA00 resnum 对齐 256/262（6 个非标准/parse独有残基 frac=0）
[21:31:47]   ℹ️ 1u8xX02 resnum 对齐 260/270（10 个非标准/parse独有残基 frac=0）
[21:31:47]   ℹ️ 3gycA00 resnum 对齐 364/373（9 个非标准/parse独有残基 frac=0）
[21:31:49]   ℹ️ 1xv2C01 resnum 对齐 110/111（1 个非标准/parse独有残基 frac=0）
[21:31:49]   ℹ️ 2z0qA01 resnum 对齐 191/193（2 个非标准/parse独有残基 frac=0）
[21:31:49]   ℹ️ 2wssT00 resnum 对齐 82/86（4 个非标准/parse独有残基 frac=0）
[21:31:49]   ℹ️ 4g68A01 resnum 对齐 186/187（1 个非标准/parse独有残基 frac=0）
[21:31:49]   ℹ️ 3v48A00 resnum 对齐 260/266（6 个非标准/parse独有残基 frac=0）
[21:31:51]   ℹ️ 1ycyA00 resnum 对齐 60/62（2 个非标准/parse独有残基 frac=0）
[21:31:52]   ℹ️ 4gbjC02 resnum 对齐 129/135（6 个非标准/parse独有残基 frac=0）
[21:31:52]   ℹ️ 1lg7A00 resnum 对齐 163/164（1 个非标准/parse独有残基 frac=0）
[21:31:53]   ℹ️ 1v9kA00 resnum 对齐 222/227（5 个非标准/parse独有残基 frac=0）
[21:31:53]   ℹ️ 3ceuA00 resnum 对齐 193/197（4 个非标准/parse独有残基 frac=0）
[21:31:53]   ℹ️ 4zrxA02 resnum 对齐 98/100（2 个非标准/parse独有残基 frac=0）
[21:31:54]   预解析+encode 3399/7886（跳过 1）
[21:31:54]   ℹ️ 2ab5A02 resnum 对齐 126/134（8 个非标准/parse独有残基 frac=0）
[21:31:54]   ℹ️ 2q30A01 resnum 对齐 85/87（2 个非标准/parse独有残基 frac=0）
[21:31:56]   ℹ️ 3ohrA02 resnum 对齐 176/178（2 个非标准/parse独有残基 frac=0）
[21:31:57]   ℹ️ 5tgfD00 resnum 对齐 320/328（8 个非标准/parse独有残基 frac=0）
[21:31:57]   ℹ️ 2j58A01 resnum 对齐 103/109（6 个非标准/parse独有残基 frac=0）
[21:31:57]   ℹ️ 2gwcA00 resnum 对齐 419/437（18 个非标准/parse独有残基 frac=0）
[21:31:58]   ℹ️ 3nroA00 resnum 对齐 226/235（9 个非标准/parse独有残基 frac=0）
[21:31:59]   ℹ️ 2q0tB01 resnum 对齐 238/240（2 个非标准/parse独有残基 frac=0）
[21:31:59]   ℹ️ 2ah5A01 resnum 对齐 142/144（2 个非标准/parse独有残基 frac=0）
[21:32:00]   ℹ️ 4f54A00 resnum 对齐 167/169（2 个非标准/parse独有残基 frac=0）
[21:32:00]   ℹ️ 4i6mC00 resnum 对齐 67/68（1 个非标准/parse独有残基 frac=0）
[21:32:00]   ℹ️ 2fswA00 resnum 对齐 90/93（3 个非标准/parse独有残基 frac=0）
[21:32:01]   ℹ️ 3by9B01 resnum 对齐 121/122（1 个非标准/parse独有残基 frac=0）
[21:32:02]   ℹ️ 1zbuB01 resnum 对齐 72/74（2 个非标准/parse独有残基 frac=0）
[21:32:02]   ℹ️ 6orkA01 resnum 对齐 236/245（9 个非标准/parse独有残基 frac=0）
[21:32:02]   ℹ️ 4dgwB01 resnum 对齐 49/50（1 个非标准/parse独有残基 frac=0）
[21:32:03]   ℹ️ 4rdrA01 resnum 对齐 122/124（2 个非标准/parse独有残基 frac=0）
[21:32:05]   ℹ️ 1sbkA00 resnum 对齐 134/137（3 个非标准/parse独有残基 frac=0）
[21:32:05]   ℹ️ 3h5qA03 resnum 对齐 88/90（2 个非标准/parse独有残基 frac=0）
[21:32:06]   ℹ️ 4y9tA02 resnum 对齐 173/176（3 个非标准/parse独有残基 frac=0）
[21:32:06]   ℹ️ 3rleA01 resnum 对齐 99/100（1 个非标准/parse独有残基 frac=0）
[21:32:07]   ℹ️ 1ydhA00 resnum 对齐 176/184（8 个非标准/parse独有残基 frac=0）
[21:32:07]   ℹ️ 6dnzA02 resnum 对齐 175/178（3 个非标准/parse独有残基 frac=0）
[21:32:07]   ℹ️ 1u0kA02 resnum 对齐 150/151（1 个非标准/parse独有残基 frac=0）
[21:32:08]   ℹ️ 2oq5A02 resnum 对齐 87/104（17 个非标准/parse独有残基 frac=0）
[21:32:08]   ℹ️ 4c9yA00 resnum 对齐 120/123（3 个非标准/parse独有残基 frac=0）
[21:32:10]   ℹ️ 5u4qB00 resnum 对齐 289/298（9 个非标准/parse独有残基 frac=0）
[21:32:10]   ℹ️ 4gakA00 resnum 对齐 239/247（8 个非标准/parse独有残基 frac=0）
[21:32:11]   预解析+encode 3599/7886（跳过 1）
[21:32:11]   ℹ️ 3iruA02 resnum 对齐 74/77（3 个非标准/parse独有残基 frac=0）
[21:32:11]   ℹ️ 1i60A00 resnum 对齐 272/276（4 个非标准/parse独有残基 frac=0）
[21:32:12]   ℹ️ 3fj1A01 resnum 对齐 177/181（4 个非标准/parse独有残基 frac=0）
[21:32:12]   ℹ️ 3o6qA01 resnum 对齐 29/31（2 个非标准/parse独有残基 frac=0）
[21:32:14]   ℹ️ 4qakA00 resnum 对齐 168/170（2 个非标准/parse独有残基 frac=0）
[21:32:14]   ℹ️ 3e8sA00 resnum 对齐 208/212（4 个非标准/parse独有残基 frac=0）
[21:32:15]   ℹ️ 3gozA01 resnum 对齐 308/309（1 个非标准/parse独有残基 frac=0）
[21:32:15]   ℹ️ 1u7kA00 resnum 对齐 129/131（2 个非标准/parse独有残基 frac=0）
[21:32:16]   ℹ️ 3cvrA01 resnum 对齐 231/234（3 个非标准/parse独有残基 frac=0）
[21:32:16]   ℹ️ 1orfA02 resnum 对齐 101/105（4 个非标准/parse独有残基 frac=0）
[21:32:18]   ℹ️ 3i7mA00 resnum 对齐 129/131（2 个非标准/parse独有残基 frac=0）
[21:32:18]   ℹ️ 1y7rA00 resnum 对齐 126/132（6 个非标准/parse独有残基 frac=0）
[21:32:18]   ⚠️ 5a2qw00 SASA 计算失败: freesasa 计算失败: Error: Radius is <= 0 (-1.0) for the residue: UNK, atom:  N  （跳过 L_add）
[21:32:18]   ℹ️ 2o0mA00 resnum 对齐 236/247（11 个非标准/parse独有残基 frac=0）
[21:32:19]   ℹ️ 3no6A00 resnum 对齐 218/227（9 个非标准/parse独有残基 frac=0）
[21:32:21]   ℹ️ 3netB01 resnum 对齐 314/317（3 个非标准/parse独有残基 frac=0）
[21:32:22]   ℹ️ 2wqpA01 resnum 对齐 262/271（9 个非标准/parse独有残基 frac=0）
[21:32:22]   ℹ️ 2z9eA02 resnum 对齐 109/112（3 个非标准/parse独有残基 frac=0）
[21:32:22]   ℹ️ 2ouxA02 resnum 对齐 126/129（3 个非标准/parse独有残基 frac=0）
[21:32:25]   ℹ️ 1wlsA02 resnum 对齐 127/130（3 个非标准/parse独有残基 frac=0）
[21:32:26]   ℹ️ 4px7A00 resnum 对齐 246/251（5 个非标准/parse独有残基 frac=0）
[21:32:27]   ℹ️ 3l09A02 resnum 对齐 82/84（2 个非标准/parse独有残基 frac=0）
[21:32:28]   ℹ️ 4kh9A01 resnum 对齐 128/129（1 个非标准/parse独有残基 frac=0）
[21:32:28]   ℹ️ 3hebA00 resnum 对齐 139/142（3 个非标准/parse独有残基 frac=0）
[21:32:28]   ℹ️ 4m88A01 resnum 对齐 205/212（7 个非标准/parse独有残基 frac=0）
[21:32:29]   ℹ️ 5ci5A01 resnum 对齐 179/183（4 个非标准/parse独有残基 frac=0）
[21:32:29]   ℹ️ 4mo1A00 resnum 对齐 142/145（3 个非标准/parse独有残基 frac=0）
[21:32:30]   预解析+encode 3799/7886（跳过 1）
[21:32:30]   ℹ️ 1g1iA00 resnum 对齐 42/43（1 个非标准/parse独有残基 frac=0）
[21:32:30]   ℹ️ 2nriB00 resnum 对齐 88/92（4 个非标准/parse独有残基 frac=0）
[21:32:31]   ℹ️ 2bhgA02 resnum 对齐 98/102（4 个非标准/parse独有残基 frac=0）
[21:32:31]   ℹ️ 1rhfA02 resnum 对齐 84/85（1 个非标准/parse独有残基 frac=0）
[21:32:32]   ℹ️ 3f5rA00 resnum 对齐 107/108（1 个非标准/parse独有残基 frac=0）
[21:32:32]   ℹ️ 3kt4A02 resnum 对齐 311/316（5 个非标准/parse独有残基 frac=0）
[21:32:32]   ℹ️ 3fd3A02 resnum 对齐 92/94（2 个非标准/parse独有残基 frac=0）
[21:32:32]   ℹ️ 2fnaA03 resnum 对齐 72/73（1 个非标准/parse独有残基 frac=0）
[21:32:33]   ℹ️ 3kg7B00 resnum 对齐 280/285（5 个非标准/parse独有残基 frac=0）
[21:32:34]   ℹ️ 3ke2B00 resnum 对齐 92/94（2 个非标准/parse独有残基 frac=0）
[21:32:35]   ℹ️ 2b6cA01 resnum 对齐 107/109（2 个非标准/parse独有残基 frac=0）
[21:32:38]   ℹ️ 5lpeB02 resnum 对齐 90/93（3 个非标准/parse独有残基 frac=0）
[21:32:38]   ℹ️ 4mjkA00 resnum 对齐 236/238（2 个非标准/parse独有残基 frac=0）
[21:32:38]   ℹ️ 1ocsA00 resnum 对齐 131/132（1 个非标准/parse独有残基 frac=0）
[21:32:38]   ℹ️ 3oqlC00 resnum 对齐 231/241（10 个非标准/parse独有残基 frac=0）
[21:32:39]   ℹ️ 2gd5A00 resnum 对齐 131/142（11 个非标准/parse独有残基 frac=0）
[21:32:39]   ℹ️ 1hxiA00 resnum 对齐 108/112（4 个非标准/parse独有残基 frac=0）
[21:32:39]   ℹ️ 1zh8A01 resnum 对齐 142/143（1 个非标准/parse独有残基 frac=0）
[21:32:40]   ℹ️ 1i5nB00 resnum 对齐 120/124（4 个非标准/parse独有残基 frac=0）
[21:32:40]   ℹ️ 4gw9A02 resnum 对齐 89/91（2 个非标准/parse独有残基 frac=0）
[21:32:41]   ℹ️ 4mqdA00 resnum 对齐 127/131（4 个非标准/parse独有残基 frac=0）
[21:32:41]   ℹ️ 3hvwA00 resnum 对齐 158/159（1 个非标准/parse独有残基 frac=0）
[21:32:41]   ℹ️ 3mbhA00 resnum 对齐 276/285（9 个非标准/parse独有残基 frac=0）
[21:32:42]   ℹ️ 3io1A02 resnum 对齐 111/116（5 个非标准/parse独有残基 frac=0）
[21:32:43]   ℹ️ 1x3wB01 resnum 对齐 49/51（2 个非标准/parse独有残基 frac=0）
[21:32:43]   ℹ️ 1y8cA02 resnum 对齐 59/60（1 个非标准/parse独有残基 frac=0）
[21:32:44]   ℹ️ 4ol8B02 resnum 对齐 118/120（2 个非标准/parse独有残基 frac=0）
[21:32:45]   ℹ️ 3qvmB00 resnum 对齐 269/278（9 个非标准/parse独有残基 frac=0）
[21:32:45]   ℹ️ 1vz8A02 resnum 对齐 111/112（1 个非标准/parse独有残基 frac=0）
[21:32:46]   ℹ️ 2yzkA00 resnum 对齐 173/176（3 个非标准/parse独有残基 frac=0）
[21:32:46]   ℹ️ 2rghA02 resnum 对齐 159/163（4 个非标准/parse独有残基 frac=0）
[21:32:47]   ℹ️ 1g0uE00 resnum 对齐 219/230（11 个非标准/parse独有残基 frac=0）
[21:32:47]   预解析+encode 3999/7886（跳过 1）
[21:32:48]   ℹ️ 1pn2D02 resnum 对齐 122/124（2 个非标准/parse独有残基 frac=0）
[21:32:48]   ⚠️ 3lp9A00 SASA 计算失败: freesasa 计算失败: Error: Radius is <= 0 (-1.0) for the residue: UNK, atom:  N  （跳过 L_add）
[21:32:48]   ℹ️ 3cggA00 resnum 对齐 177/179（2 个非标准/parse独有残基 frac=0）
[21:32:49]   ℹ️ 1sxjH01 resnum 对齐 122/124（2 个非标准/parse独有残基 frac=0）
[21:32:49]   ℹ️ 7xrxB01 resnum 对齐 381/386（5 个非标准/parse独有残基 frac=0）
[21:32:51]   ℹ️ 6k5mA01 resnum 对齐 134/136（2 个非标准/parse独有残基 frac=0）
[21:32:51]   ℹ️ 3eleA02 resnum 对齐 228/230（2 个非标准/parse独有残基 frac=0）
[21:32:52]   ℹ️ 3hx3A02 resnum 对齐 178/182（4 个非标准/parse独有残基 frac=0）
[21:32:53]   ℹ️ 3kwrA00 resnum 对齐 80/81（1 个非标准/parse独有残基 frac=0）
[21:32:53]   ℹ️ 1jyaB00 resnum 对齐 117/119（2 个非标准/parse独有残基 frac=0）
[21:32:53]   ℹ️ 4e6zA01 resnum 对齐 102/109（7 个非标准/parse独有残基 frac=0）
[21:32:54]   ℹ️ 6hqvA05 resnum 对齐 170/177（7 个非标准/parse独有残基 frac=0）
[21:32:54]   ℹ️ 3gwqA01 resnum 对齐 167/171（4 个非标准/parse独有残基 frac=0）
[21:32:54]   ℹ️ 3vc7A00 resnum 对齐 234/237（3 个非标准/parse独有残基 frac=0）
[21:32:54]   ℹ️ 2oc5A01 resnum 对齐 199/205（6 个非标准/parse独有残基 frac=0）
[21:32:55]   ℹ️ 4opfA00 resnum 对齐 362/366（4 个非标准/parse独有残基 frac=0）
[21:32:56]   ℹ️ 3en8A01 resnum 对齐 105/108（3 个非标准/parse独有残基 frac=0）
[21:32:56]   ℹ️ 3nqbA02 resnum 对齐 239/246（7 个非标准/parse独有残基 frac=0）
[21:32:57]   ℹ️ 3l5aA00 resnum 对齐 366/379（13 个非标准/parse独有残基 frac=0）
[21:32:57]   ℹ️ 4zrlA01 resnum 对齐 113/117（4 个非标准/parse独有残基 frac=0）
[21:32:59]   ℹ️ 3mt1A01 resnum 对齐 133/137（4 个非标准/parse独有残基 frac=0）
[21:32:59]   ℹ️ 3mvpA02 resnum 对齐 144/145（1 个非标准/parse独有残基 frac=0）
[21:32:59]   ℹ️ 1yvuA03 resnum 对齐 158/159（1 个非标准/parse独有残基 frac=0）
[21:33:00]   ℹ️ 4py9A01 resnum 对齐 207/214（7 个非标准/parse独有残基 frac=0）
[21:33:01]   ℹ️ 1e3mB04 resnum 对齐 150/152（2 个非标准/parse独有残基 frac=0）
[21:33:01]   ℹ️ 3cebA01 resnum 对齐 83/85（2 个非标准/parse独有残基 frac=0）
[21:33:01]   ℹ️ 3df7A04 resnum 对齐 28/29（1 个非标准/parse独有残基 frac=0）
[21:33:02]   ℹ️ 3jr7A03 resnum 对齐 120/123（3 个非标准/parse独有残基 frac=0）
[21:33:03]   ℹ️ 3brkX01 resnum 对齐 262/270（8 个非标准/parse独有残基 frac=0）
[21:33:04]   ℹ️ 3ju8A01 resnum 对齐 287/289（2 个非标准/parse独有残基 frac=0）
[21:33:05]   预解析+encode 4199/7886（跳过 1）
[21:33:05]   ℹ️ 3c3mA00 resnum 对齐 104/108（4 个非标准/parse独有残基 frac=0）
[21:33:06]   ℹ️ 4bucA03 resnum 对齐 124/128（4 个非标准/parse独有残基 frac=0）
[21:33:07]   ℹ️ 4njcA00 resnum 对齐 58/60（2 个非标准/parse独有残基 frac=0）
[21:33:07]   ℹ️ 3hbmA02 resnum 对齐 139/141（2 个非标准/parse独有残基 frac=0）
[21:33:07]   ℹ️ 2abqA00 resnum 对齐 302/305（3 个非标准/parse独有残基 frac=0）
[21:33:08]   ℹ️ 3dnpA01 resnum 对齐 142/147（5 个非标准/parse独有残基 frac=0）
[21:33:11]   ℹ️ 1kskA02 resnum 对齐 165/167（2 个非标准/parse独有残基 frac=0）
[21:33:11]   ℹ️ 3c24A02 resnum 对齐 88/92（4 个非标准/parse独有残基 frac=0）
[21:33:12]   ℹ️ 3dupA02 resnum 对齐 102/103（1 个非标准/parse独有残基 frac=0）
[21:33:12]   ℹ️ 2frxA02 resnum 对齐 163/164（1 个非标准/parse独有残基 frac=0）
[21:33:13]   ℹ️ 4lg3A02 resnum 对齐 42/43（1 个非标准/parse独有残基 frac=0）
[21:33:13]   ℹ️ 1z19A01 resnum 对齐 98/100（2 个非标准/parse独有残基 frac=0）
[21:33:13]   ℹ️ 1e5xA01 resnum 对齐 290/296（6 个非标准/parse独有残基 frac=0）
[21:33:14]   ℹ️ 2rasA01 resnum 对齐 173/183（10 个非标准/parse独有残基 frac=0）
[21:33:15]   ℹ️ 4ej6A01 resnum 对齐 197/200（3 个非标准/parse独有残基 frac=0）
[21:33:15]   ℹ️ 1k3sA00 resnum 对齐 106/108（2 个非标准/parse独有残基 frac=0）
[21:33:16]   ℹ️ 3nkzA00 resnum 对齐 93/97（4 个非标准/parse独有残基 frac=0）
[21:33:16]   ℹ️ 2rd9B01 resnum 对齐 170/173（3 个非标准/parse独有残基 frac=0）
[21:33:17]   ℹ️ 3lq9A00 resnum 对齐 126/128（2 个非标准/parse独有残基 frac=0）
[21:33:17]   ℹ️ 2c9aA01 resnum 对齐 160/162（2 个非标准/parse独有残基 frac=0）
[21:33:19]   ℹ️ 2gmlA02 resnum 对齐 72/74（2 个非标准/parse独有残基 frac=0）
[21:33:19]   ℹ️ 2ha9B00 resnum 对齐 398/415（17 个非标准/parse独有残基 frac=0）
[21:33:20]   ℹ️ 3mfdA01 resnum 对齐 212/224（12 个非标准/parse独有残基 frac=0）
[21:33:21]   ℹ️ 1sbzD00 resnum 对齐 174/184（10 个非标准/parse独有残基 frac=0）
[21:33:22]   ℹ️ 4hwmA00 resnum 对齐 101/105（4 个非标准/parse独有残基 frac=0）
[21:33:22]   预解析+encode 4399/7886（跳过 1）
[21:33:22]   ℹ️ 7kseA02 resnum 对齐 143/146（3 个非标准/parse独有残基 frac=0）
[21:33:23]   ℹ️ 3e58B01 resnum 对齐 136/139（3 个非标准/parse独有残基 frac=0）
[21:33:23]   ℹ️ 3douA00 resnum 对齐 154/159（5 个非标准/parse独有残基 frac=0）
[21:33:23]   ℹ️ 3d5nA00 resnum 对齐 173/177（4 个非标准/parse独有残基 frac=0）
[21:33:23]   ℹ️ 3kfvA02 resnum 对齐 139/141（2 个非标准/parse独有残基 frac=0）
[21:33:24]   ℹ️ 2z6iA00 resnum 对齐 307/316（9 个非标准/parse独有残基 frac=0）
[21:33:25]   ℹ️ 1l3lA02 resnum 对齐 61/63（2 个非标准/parse独有残基 frac=0）
[21:33:26]   ℹ️ 3dddA02 resnum 对齐 134/138（4 个非标准/parse独有残基 frac=0）
[21:33:27]   ℹ️ 3k1yA00 resnum 对齐 176/182（6 个非标准/parse独有残基 frac=0）
[21:33:27]   ℹ️ 3u2gA02 resnum 对齐 127/128（1 个非标准/parse独有残基 frac=0）
[21:33:28]   ℹ️ 2jaxA02 resnum 对齐 134/136（2 个非标准/parse独有残基 frac=0）
[21:33:28]   ℹ️ 1ewrA02 resnum 对齐 118/119（1 个非标准/parse独有残基 frac=0）
[21:33:28]   ℹ️ 3pxvB00 resnum 对齐 177/187（10 个非标准/parse独有残基 frac=0）
[21:33:29]   ℹ️ 3a98B01 resnum 对齐 78/81（3 个非标准/parse独有残基 frac=0）
[21:33:29]   ℹ️ 1l8qA03 resnum 对齐 105/107（2 个非标准/parse独有残基 frac=0）
[21:33:30]   ℹ️ 2d27A02 resnum 对齐 84/85（1 个非标准/parse独有残基 frac=0）
[21:33:30]   ℹ️ 3w1eA02 resnum 对齐 171/176（5 个非标准/parse独有残基 frac=0）
[21:33:31]   ℹ️ 2o3iA01 resnum 对齐 227/236（9 个非标准/parse独有残基 frac=0）
[21:33:31]   ℹ️ 3n5lA01 resnum 对齐 127/130（3 个非标准/parse独有残基 frac=0）
[21:33:31]   ℹ️ 3fleA00 resnum 对齐 236/243（7 个非标准/parse独有残基 frac=0）
[21:33:31]   ℹ️ 5vipB01 resnum 对齐 224/225（1 个非标准/parse独有残基 frac=0）
[21:33:31]   ℹ️ 1zxeC02 resnum 对齐 175/181（6 个非标准/parse独有残基 frac=0）
[21:33:31]   ℹ️ 3fbkA00 resnum 对齐 137/138（1 个非标准/parse独有残基 frac=0）
[21:33:32]   ℹ️ 3bioA02 resnum 对齐 105/112（7 个非标准/parse独有残基 frac=0）
[21:33:32]   ℹ️ 1fc6A03 resnum 对齐 191/192（1 个非标准/parse独有残基 frac=0）
[21:33:33]   ℹ️ 3witA00 resnum 对齐 63/64（1 个非标准/parse独有残基 frac=0）
[21:33:34]   ℹ️ 4mymA00 resnum 对齐 148/151（3 个非标准/parse独有残基 frac=0）
[21:33:34]   ℹ️ 2x3gA00 resnum 对齐 113/116（3 个非标准/parse独有残基 frac=0）
[21:33:34]   ℹ️ 3mkcA02 resnum 对齐 231/236（5 个非标准/parse独有残基 frac=0）
[21:33:35]   ℹ️ 3fggA00 resnum 对齐 133/142（9 个非标准/parse独有残基 frac=0）
[21:33:35]   ℹ️ 3dzvA00 resnum 对齐 257/263（6 个非标准/parse独有残基 frac=0）
[21:33:36]   ℹ️ 2d7vB00 resnum 对齐 151/153（2 个非标准/parse独有残基 frac=0）
[21:33:36]   ℹ️ 3i2vA00 resnum 对齐 122/123（1 个非标准/parse独有残基 frac=0）
[21:33:36]   ℹ️ 1ji0A00 resnum 对齐 231/239（8 个非标准/parse独有残基 frac=0）
[21:33:36]   ℹ️ 2qwzA01 resnum 对齐 128/133（5 个非标准/parse独有残基 frac=0）
[21:33:36]   ℹ️ 5olpA00 resnum 对齐 421/431（10 个非标准/parse独有残基 frac=0）
[21:33:36]   ℹ️ 3f3kA00 resnum 对齐 246/249（3 个非标准/parse独有残基 frac=0）
[21:33:37]   ℹ️ 2g17A01 resnum 对齐 172/175（3 个非标准/parse独有残基 frac=0）
[21:33:38]   ℹ️ 3no4A00 resnum 对齐 252/256（4 个非标准/parse独有残基 frac=0）
[21:33:38]   ℹ️ 2zovA00 resnum 对齐 162/166（4 个非标准/parse独有残基 frac=0）
[21:33:38]   预解析+encode 4599/7886（跳过 1）
[21:33:38]   ℹ️ 1u61A00 resnum 对齐 126/127（1 个非标准/parse独有残基 frac=0）
[21:33:38]   ℹ️ 4k35A02 resnum 对齐 200/203（3 个非标准/parse独有残基 frac=0）
[21:33:39]   ℹ️ 3e0rA02 resnum 对齐 120/121（1 个非标准/parse独有残基 frac=0）
[21:33:39]   ℹ️ 4pdyA01 resnum 对齐 91/92（1 个非标准/parse独有残基 frac=0）
[21:33:39]   ℹ️ 1ynfA00 resnum 对齐 420/429（9 个非标准/parse独有残基 frac=0）
[21:33:40]   ℹ️ 2bdeA03 resnum 对齐 76/77（1 个非标准/parse独有残基 frac=0）
[21:33:41]   ℹ️ 3mczA01 resnum 对齐 79/80（1 个非标准/parse独有残基 frac=0）
[21:33:41]   ℹ️ 2vrnA00 resnum 对齐 182/183（1 个非标准/parse独有残基 frac=0）
[21:33:41]   ℹ️ 3mn2A00 resnum 对齐 105/108（3 个非标准/parse独有残基 frac=0）
[21:33:43]   ℹ️ 6jbvA01 resnum 对齐 142/147（5 个非标准/parse独有残基 frac=0）
[21:33:44]   ℹ️ 2ldrA00 resnum 对齐 81/82（1 个非标准/parse独有残基 frac=0）
[21:33:44]   ℹ️ 2y28B00 resnum 对齐 176/177（1 个非标准/parse独有残基 frac=0）
[21:33:44]   ℹ️ 4k15A00 resnum 对齐 137/138（1 个非标准/parse独有残基 frac=0）
[21:33:45]   ℹ️ 3pfeA01 resnum 对齐 264/274（10 个非标准/parse独有残基 frac=0）
[21:33:45]   ℹ️ 1ilvA00 resnum 对齐 235/245（10 个非标准/parse独有残基 frac=0）
[21:33:45]   ℹ️ 3ec6A00 resnum 对齐 120/122（2 个非标准/parse独有残基 frac=0）
[21:33:45]   ℹ️ 4fmwA00 resnum 对齐 176/178（2 个非标准/parse独有残基 frac=0）
[21:33:46]   ℹ️ 1p2fA01 resnum 对齐 117/119（2 个非标准/parse独有残基 frac=0）
[21:33:46]   ℹ️ 1ts9A00 resnum 对齐 93/98（5 个非标准/parse独有残基 frac=0）
[21:33:47]   ℹ️ 4hv0C00 resnum 对齐 87/89（2 个非标准/parse独有残基 frac=0）
[21:33:47]   ℹ️ 2gs8A02 resnum 对齐 123/127（4 个非标准/parse独有残基 frac=0）
[21:33:48]   ℹ️ 2qtpA00 resnum 对齐 140/144（4 个非标准/parse独有残基 frac=0）
[21:33:48]   ℹ️ 3euwA02 resnum 对齐 210/213（3 个非标准/parse独有残基 frac=0）
[21:33:48]   ℹ️ 3raoB00 resnum 对齐 341/348（7 个非标准/parse独有残基 frac=0）
[21:33:48]   ℹ️ 1dulA00 resnum 对齐 61/68（7 个非标准/parse独有残基 frac=0）
[21:33:48]   ℹ️ 3lovA02 resnum 对齐 195/199（4 个非标准/parse独有残基 frac=0）
[21:33:49]   ℹ️ 2hr3B03 resnum 对齐 47/48（1 个非标准/parse独有残基 frac=0）
[21:33:49]   ℹ️ 2qkbA00 resnum 对齐 148/152（4 个非标准/parse独有残基 frac=0）
[21:33:51]   ℹ️ 2rgyA01 resnum 对齐 122/124（2 个非标准/parse独有残基 frac=0）
[21:33:52]   ℹ️ 3djaA01 resnum 对齐 144/145（1 个非标准/parse独有残基 frac=0）
[21:33:52]   ℹ️ 3n4eA02 resnum 对齐 255/262（7 个非标准/parse独有残基 frac=0）
[21:33:52]   ℹ️ 1xp4A01 resnum 对齐 261/269（8 个非标准/parse独有残基 frac=0）
[21:33:53]   ℹ️ 4dimA03 resnum 对齐 208/214（6 个非标准/parse独有残基 frac=0）
[21:33:53]   ℹ️ 4i8oA04 resnum 对齐 93/98（5 个非标准/parse独有残基 frac=0）
[21:33:54]   ℹ️ 1vkdA00 resnum 对齐 322/326（4 个非标准/parse独有残基 frac=0）
[21:33:56]   ℹ️ 2g0iA00 resnum 对齐 103/108（5 个非标准/parse独有残基 frac=0）
[21:33:56]   ℹ️ 1lw7A01 resnum 对齐 165/169（4 个非标准/parse独有残基 frac=0）
[21:33:56]   预解析+encode 4799/7886（跳过 1）
[21:33:56]   ℹ️ 3gt2A00 resnum 对齐 128/135（7 个非标准/parse独有残基 frac=0）
[21:33:56]   ℹ️ 3fdiB00 resnum 对齐 171/179（8 个非标准/parse独有残基 frac=0）
[21:33:56]   ℹ️ 3hoiA00 resnum 对齐 168/174（6 个非标准/parse独有残基 frac=0）
[21:33:57]   ℹ️ 2amyA02 resnum 对齐 101/102（1 个非标准/parse独有残基 frac=0）
[21:33:58]   ℹ️ 2c9aA02 resnum 对齐 96/97（1 个非标准/parse独有残基 frac=0）
[21:33:58]   ℹ️ 2frxB01 resnum 对齐 284/290（6 个非标准/parse独有残基 frac=0）
[21:33:59]   ℹ️ 3lsoA02 resnum 对齐 90/91（1 个非标准/parse独有残基 frac=0）
[21:34:00]   ℹ️ 1pswA02 resnum 对齐 174/176（2 个非标准/parse独有残基 frac=0）
[21:34:00]   ℹ️ 4a8jB00 resnum 对齐 216/220（4 个非标准/parse独有残基 frac=0）
[21:34:01]   ℹ️ 3mggA02 resnum 对齐 85/89（4 个非标准/parse独有残基 frac=0）
[21:34:01]   ℹ️ 2h1jA00 resnum 对齐 551/565（14 个非标准/parse独有残基 frac=0）
[21:34:02]   ℹ️ 3nx3A02 resnum 对齐 239/242（3 个非标准/parse独有残基 frac=0）
[21:34:02]   ℹ️ 3f4aA00 resnum 对齐 140/144（4 个非标准/parse独有残基 frac=0）
[21:34:03]   ℹ️ 1r1dA00 resnum 对齐 234/240（6 个非标准/parse独有残基 frac=0）
[21:34:04]   ℹ️ 4l3uA00 resnum 对齐 121/122（1 个非标准/parse独有残基 frac=0）
[21:34:04]   ℹ️ 4iajA00 resnum 对齐 71/73（2 个非标准/parse独有残基 frac=0）
[21:34:05]   ℹ️ 4psuA00 resnum 对齐 278/285（7 个非标准/parse独有残基 frac=0）
[21:34:05]   ℹ️ 3es4A00 resnum 对齐 105/106（1 个非标准/parse独有残基 frac=0）
[21:34:05]   ℹ️ 3d00A01 resnum 对齐 147/150（3 个非标准/parse独有残基 frac=0）
[21:34:05]   ℹ️ 3o6qA02 resnum 对齐 112/114（2 个非标准/parse独有残基 frac=0）
[21:34:06]   ℹ️ 1tm0A01 resnum 对齐 158/164（6 个非标准/parse独有残基 frac=0）
[21:34:06]   ℹ️ 3kxrA02 resnum 对齐 125/126（1 个非标准/parse独有残基 frac=0）
[21:34:06]   ℹ️ 4qblE00 resnum 对齐 123/126（3 个非标准/parse独有残基 frac=0）
[21:34:07]   ℹ️ 1x7oA01 resnum 对齐 95/99（4 个非标准/parse独有残基 frac=0）
[21:34:08]   ℹ️ 3buuB00 resnum 对齐 187/190（3 个非标准/parse独有残基 frac=0）
[21:34:09]   ℹ️ 2pn1A03 resnum 对齐 116/118（2 个非标准/parse独有残基 frac=0）
[21:34:09]   ℹ️ 1khyD00 resnum 对齐 138/139（1 个非标准/parse独有残基 frac=0）
[21:34:09]   ℹ️ 4ol8A01 resnum 对齐 134/135（1 个非标准/parse独有残基 frac=0）
[21:34:09]   ℹ️ 2fdrA01 resnum 对齐 146/151（5 个非标准/parse独有残基 frac=0）
[21:34:11]   ℹ️ 4rmoA00 resnum 对齐 150/154（4 个非标准/parse独有残基 frac=0）
[21:34:12]   ℹ️ 4dnhA01 resnum 对齐 372/382（10 个非标准/parse独有残基 frac=0）
[21:34:13]   预解析+encode 4999/7886（跳过 1）
[21:34:13]   ℹ️ 6upsA01 resnum 对齐 150/155（5 个非标准/parse独有残基 frac=0）
[21:34:14]   ℹ️ 3ddjA02 resnum 对齐 132/137（5 个非标准/parse独有残基 frac=0）
[21:34:14]   ℹ️ 5iaiA02 resnum 对齐 203/207（4 个非标准/parse独有残基 frac=0）
[21:34:14]   ℹ️ 3r0aA00 resnum 对齐 118/120（2 个非标准/parse独有残基 frac=0）
[21:34:15]   ℹ️ 1mi1A02 resnum 对齐 284/289（5 个非标准/parse独有残基 frac=0）
[21:34:16]   ℹ️ 3e11A00 resnum 对齐 108/110（2 个非标准/parse独有残基 frac=0）
[21:34:16]   ℹ️ 1y9qA01 resnum 对齐 83/85（2 个非标准/parse独有残基 frac=0）
[21:34:16]   ℹ️ 3bwsA01 resnum 对齐 83/84（1 个非标准/parse独有残基 frac=0）
[21:34:17]   ℹ️ 4gb7A00 resnum 对齐 378/388（10 个非标准/parse独有残基 frac=0）
[21:34:17]   ⚠️ 2gnxA01 SASA 计算失败: freesasa 计算失败: Error: Radius is <= 0 (-1.0) for the residue: UNK, atom:  N  （跳过 L_add）
[21:34:17]   ℹ️ 3u1xA00 resnum 对齐 210/213（3 个非标准/parse独有残基 frac=0）
[21:34:18]   ℹ️ 4r9fA01 resnum 对齐 194/201（7 个非标准/parse独有残基 frac=0）
[21:34:18]   ℹ️ 1y81A00 resnum 对齐 115/116（1 个非标准/parse独有残基 frac=0）
[21:34:19]   ℹ️ 2qytA01 resnum 对齐 179/183（4 个非标准/parse独有残基 frac=0）
[21:34:20]   ℹ️ 3ewnA00 resnum 对齐 228/242（14 个非标准/parse独有残基 frac=0）
[21:34:20]   ℹ️ 3cj8A03 resnum 对齐 134/138（4 个非标准/parse独有残基 frac=0）
[21:34:20]   ℹ️ 5bq5B00 resnum 对齐 184/187（3 个非标准/parse独有残基 frac=0）
[21:34:20]   ℹ️ 2hjhB01 resnum 对齐 198/202（4 个非标准/parse独有残基 frac=0）
[21:34:21]   ℹ️ 3lhnA00 resnum 对齐 98/99（1 个非标准/parse独有残基 frac=0）
[21:34:21]   ℹ️ 3of5B00 resnum 对齐 190/191（1 个非标准/parse独有残基 frac=0）
[21:34:21]   ℹ️ 3bkhA02 resnum 对齐 175/182（7 个非标准/parse独有残基 frac=0）
[21:34:23]   ℹ️ 4dn9B00 resnum 对齐 92/95（3 个非标准/parse独有残基 frac=0）
[21:34:24]   ℹ️ 5hsgA01 resnum 对齐 120/123（3 个非标准/parse独有残基 frac=0）
[21:34:25]   ℹ️ 2ozzA02 resnum 对齐 86/88（2 个非标准/parse独有残基 frac=0）
[21:34:26]   ℹ️ 2fupA00 resnum 对齐 124/125（1 个非标准/parse独有残基 frac=0）
[21:34:26]   ⚠️ 1hkgA02 SASA 计算失败: freesasa 计算失败: Error: Radius is <= 0 (-1.0) for the residue: UNK, atom:  N  （跳过 L_add）
[21:34:26]   ℹ️ 2ntxA02 resnum 对齐 101/103（2 个非标准/parse独有残基 frac=0）
[21:34:27]   ℹ️ 2yx1A03 resnum 对齐 177/180（3 个非标准/parse独有残基 frac=0）
[21:34:27]   ℹ️ 3oi8A01 resnum 对齐 89/91（2 个非标准/parse独有残基 frac=0）
[21:34:27]   ℹ️ 4q69B00 resnum 对齐 437/453（16 个非标准/parse独有残基 frac=0）
[21:34:27]   ℹ️ 4fcaA03 resnum 对齐 155/160（5 个非标准/parse独有残基 frac=0）
[21:34:28]   ℹ️ 2gfqA02 resnum 对齐 86/87（1 个非标准/parse独有残基 frac=0）
[21:34:28]   ℹ️ 3mcwA00 resnum 对齐 177/179（2 个非标准/parse独有残基 frac=0）
[21:34:28]   ℹ️ 3oc4B03 resnum 对齐 119/121（2 个非标准/parse独有残基 frac=0）
[21:34:29]   ℹ️ 2g3bA00 resnum 对齐 184/185（1 个非标准/parse独有残基 frac=0）
[21:34:30]   ℹ️ 2p4oA01 resnum 对齐 285/287（2 个非标准/parse独有残基 frac=0）
[21:34:31]   ℹ️ 3fijC00 resnum 对齐 218/221（3 个非标准/parse独有残基 frac=0）
[21:34:31]   ℹ️ 4n06A02 resnum 对齐 258/264（6 个非标准/parse独有残基 frac=0）
[21:34:31]   ℹ️ 4my0C01 resnum 对齐 137/141（4 个非标准/parse独有残基 frac=0）
[21:34:32]   预解析+encode 5199/7886（跳过 1）
[21:34:33]   ℹ️ 2ghjB01 resnum 对齐 25/26（1 个非标准/parse独有残基 frac=0）
[21:34:33]   ℹ️ 2qm4A02 resnum 对齐 83/85（2 个非标准/parse独有残基 frac=0）
[21:34:34]   ℹ️ 2fckA00 resnum 对齐 165/167（2 个非标准/parse独有残基 frac=0）
[21:34:34]   ℹ️ 3lkyA00 resnum 对齐 121/123（2 个非标准/parse独有残基 frac=0）
[21:34:35]   ℹ️ 1xf1A02 resnum 对齐 146/148（2 个非标准/parse独有残基 frac=0）
[21:34:35]   ℹ️ 1qs0A00 resnum 对齐 395/407（12 个非标准/parse独有残基 frac=0）
[21:34:35]   ℹ️ 1t98A01 resnum 对齐 85/87（2 个非标准/parse独有残基 frac=0）
[21:34:36]   ℹ️ 3lkdA02 resnum 对齐 274/282（8 个非标准/parse独有残基 frac=0）
[21:34:36]   ℹ️ 4qgpB00 resnum 对齐 99/101（2 个非标准/parse独有残基 frac=0）
[21:34:37]   ℹ️ 3gfaA00 resnum 对齐 160/162（2 个非标准/parse独有残基 frac=0）
[21:34:37]   ℹ️ 6dgiA02 resnum 对齐 138/143（5 个非标准/parse独有残基 frac=0）
[21:34:37]   ℹ️ 3iiiA01 resnum 对齐 279/286（7 个非标准/parse独有残基 frac=0）
[21:34:37]   ℹ️ 5os9A00 resnum 对齐 112/113（1 个非标准/parse独有残基 frac=0）
[21:34:37]   ℹ️ 4orlA00 resnum 对齐 90/92（2 个非标准/parse独有残基 frac=0）
[21:34:38]   ℹ️ 3ll7A02 resnum 对齐 181/183（2 个非标准/parse独有残基 frac=0）
[21:34:38]   ℹ️ 2xz0D00 resnum 对齐 81/82（1 个非标准/parse独有残基 frac=0）
[21:34:38]   ℹ️ 3lurA00 resnum 对齐 141/147（6 个非标准/parse独有残基 frac=0）
[21:34:39]   ℹ️ 4b08A08 resnum 对齐 76/80（4 个非标准/parse独有残基 frac=0）
[21:34:40]   ℹ️ 4jotA01 resnum 对齐 207/212（5 个非标准/parse独有残基 frac=0）
[21:34:40]   ℹ️ 1yisA02 resnum 对齐 310/318（8 个非标准/parse独有残基 frac=0）
[21:34:40]   ℹ️ 4rshA00 resnum 对齐 172/175（3 个非标准/parse独有残基 frac=0）
[21:34:40]   ℹ️ 3g8wB00 resnum 对齐 161/164（3 个非标准/parse独有残基 frac=0）
[21:34:41]   ℹ️ 6ianC01 resnum 对齐 117/120（3 个非标准/parse独有残基 frac=0）
[21:34:41]   ℹ️ 3crjC00 resnum 对齐 174/178（4 个非标准/parse独有残基 frac=0）
[21:34:42]   ℹ️ 1f1eA00 resnum 对齐 141/145（4 个非标准/parse独有残基 frac=0）
[21:34:42]   ℹ️ 3pasA00 resnum 对齐 178/181（3 个非标准/parse独有残基 frac=0）
[21:34:43]   ℹ️ 1y1fX00 resnum 对齐 271/272（1 个非标准/parse独有残基 frac=0）
[21:34:44]   ℹ️ 2f4lA01 resnum 对齐 147/151（4 个非标准/parse独有残基 frac=0）
[21:34:45]   ℹ️ 4petA01 resnum 对齐 201/215（14 个非标准/parse独有残基 frac=0）
[21:34:46]   ℹ️ 2vxzA01 resnum 对齐 63/64（1 个非标准/parse独有残基 frac=0）
[21:34:46]   ℹ️ 1l1dA00 resnum 对齐 141/143（2 个非标准/parse独有残基 frac=0）
[21:34:47]   ℹ️ 3t9yA00 resnum 对齐 127/131（4 个非标准/parse独有残基 frac=0）
[21:34:47]   ℹ️ 2hfsA02 resnum 对齐 143/145（2 个非标准/parse独有残基 frac=0）
[21:34:49]   ℹ️ 3broD00 resnum 对齐 116/122（6 个非标准/parse独有残基 frac=0）
[21:34:49]   ℹ️ 4dgfA00 resnum 对齐 113/114（1 个非标准/parse独有残基 frac=0）
[21:34:50]   预解析+encode 5399/7886（跳过 1）
[21:34:50]   ℹ️ 3lwsF02 resnum 对齐 98/100（2 个非标准/parse独有残基 frac=0）
[21:34:50]   ℹ️ 2dtcA00 resnum 对齐 114/116（2 个非标准/parse独有残基 frac=0）
[21:34:52]   ℹ️ 2f4iA01 resnum 对齐 53/56（3 个非标准/parse独有残基 frac=0）
[21:34:52]   ℹ️ 3cbuA01 resnum 对齐 75/76（1 个非标准/parse独有残基 frac=0）
[21:34:53]   ℹ️ 3hz6A01 resnum 对齐 247/250（3 个非标准/parse独有残基 frac=0）
[21:34:53]   ℹ️ 2p0yA00 resnum 对齐 233/240（7 个非标准/parse独有残基 frac=0）
[21:34:55]   ℹ️ 4h7nA02 resnum 对齐 186/191（5 个非标准/parse独有残基 frac=0）
[21:34:57]   ℹ️ 3nqpA00 resnum 对齐 468/479（11 个非标准/parse独有残基 frac=0）
[21:34:58]   ℹ️ 1t95A02 resnum 对齐 74/75（1 个非标准/parse独有残基 frac=0）
[21:34:58]   ℹ️ 2iteA00 resnum 对齐 119/121（2 个非标准/parse独有残基 frac=0）
[21:34:58]   ℹ️ 1pguA02 resnum 对齐 322/324（2 个非标准/parse独有残基 frac=0）
[21:34:59]   ℹ️ 3mpxA01 resnum 对齐 202/206（4 个非标准/parse独有残基 frac=0）
[21:34:59]   ℹ️ 2a2mA00 resnum 对齐 224/230（6 个非标准/parse独有残基 frac=0）
[21:34:59]   ℹ️ 4qwoB00 resnum 对齐 124/126（2 个非标准/parse独有残基 frac=0）
[21:34:59]   ℹ️ 1ekeA01 resnum 对齐 169/171（2 个非标准/parse独有残基 frac=0）
[21:35:00]   ℹ️ 3mtuE00 resnum 对齐 64/66（2 个非标准/parse独有残基 frac=0）
[21:35:00]   ℹ️ 3kwoA00 resnum 对齐 144/149（5 个非标准/parse独有残基 frac=0）
[21:35:00]   ℹ️ 3mgjA00 resnum 对齐 93/96（3 个非标准/parse独有残基 frac=0）
[21:35:00]   ℹ️ 3fdfA02 resnum 对齐 54/56（2 个非标准/parse独有残基 frac=0）
[21:35:00]   ℹ️ 4joqA01 resnum 对齐 137/140（3 个非标准/parse独有残基 frac=0）
[21:35:01]   ℹ️ 2p0vA01 resnum 对齐 414/429（15 个非标准/parse独有残基 frac=0）
[21:35:01]   ℹ️ 1u02A02 resnum 对齐 73/76（3 个非标准/parse独有残基 frac=0）
[21:35:01]   ℹ️ 3f40A00 resnum 对齐 95/99（4 个非标准/parse独有残基 frac=0）
[21:35:03]   ℹ️ 3h3eA00 resnum 对齐 252/256（4 个非标准/parse独有残基 frac=0）
[21:35:03]   ℹ️ 1o12A02 resnum 对齐 282/288（6 个非标准/parse独有残基 frac=0）
[21:35:04]   ℹ️ 3lduA01 resnum 对齐 175/177（2 个非标准/parse独有残基 frac=0）
[21:35:05]   ℹ️ 2onfA01 resnum 对齐 123/124（1 个非标准/parse独有残基 frac=0）
[21:35:05]   ℹ️ 3azoA02 resnum 对齐 281/283（2 个非标准/parse独有残基 frac=0）
[21:35:05]   ℹ️ 4hffA00 resnum 对齐 151/154（3 个非标准/parse独有残基 frac=0）
[21:35:05]   ℹ️ 4r8oA00 resnum 对齐 92/98（6 个非标准/parse独有残基 frac=0）
[21:35:05]   ℹ️ 2v14A00 resnum 对齐 132/134（2 个非标准/parse独有残基 frac=0）
[21:35:06]   ℹ️ 3mw6B00 resnum 对齐 92/93（1 个非标准/parse独有残基 frac=0）
[21:35:07]   ℹ️ 1dx5M02 resnum 对齐 95/119（24 个非标准/parse独有残基 frac=0）
[21:35:07]   预解析+encode 5599/7886（跳过 1）
[21:35:08]   ℹ️ 3muuB01 resnum 对齐 165/168（3 个非标准/parse独有残基 frac=0）
[21:35:08]   ℹ️ 1sc6A03 resnum 对齐 79/82（3 个非标准/parse独有残基 frac=0）
[21:35:08]   ℹ️ 4g2nA01 resnum 对齐 126/128（2 个非标准/parse独有残基 frac=0）
[21:35:08]   ℹ️ 1p5tA00 resnum 对齐 104/105（1 个非标准/parse独有残基 frac=0）
[21:35:09]   ℹ️ 3n7zA01 resnum 对齐 126/132（6 个非标准/parse独有残基 frac=0）
[21:35:10]   ℹ️ 3fdhA01 resnum 对齐 232/237（5 个非标准/parse独有残基 frac=0）
[21:35:10]   ℹ️ 5eyfA02 resnum 对齐 96/97（1 个非标准/parse独有残基 frac=0）
[21:35:11]   ℹ️ 1vj1A01 resnum 对齐 164/170（6 个非标准/parse独有残基 frac=0）
[21:35:11]   ℹ️ 2db7A01 resnum 对齐 52/53（1 个非标准/parse独有残基 frac=0）
[21:35:12]   ℹ️ 4gotA02 resnum 对齐 105/107（2 个非标准/parse独有残基 frac=0）
[21:35:12]   ℹ️ 2ic2A00 resnum 对齐 100/103（3 个非标准/parse独有残基 frac=0）
[21:35:12]   ℹ️ 3qokA01 resnum 对齐 292/297（5 个非标准/parse独有残基 frac=0）
[21:35:12]   ℹ️ 4q52A00 resnum 对齐 171/175（4 个非标准/parse独有残基 frac=0）
[21:35:12]   ℹ️ 3kk7A01 resnum 对齐 108/109（1 个非标准/parse独有残基 frac=0）
[21:35:13]   ℹ️ 4m69A00 resnum 对齐 283/286（3 个非标准/parse独有残基 frac=0）
[21:35:13]   ℹ️ 3e23A00 resnum 对齐 196/198（2 个非标准/parse独有残基 frac=0）
[21:35:14]   ℹ️ 5ci5B02 resnum 对齐 200/207（7 个非标准/parse独有残基 frac=0）
[21:35:14]   ℹ️ 2f2gA00 resnum 对齐 211/215（4 个非标准/parse独有残基 frac=0）
[21:35:15]   ℹ️ 4dwlA00 resnum 对齐 105/108（3 个非标准/parse独有残基 frac=0）
[21:35:15]   ℹ️ 2yadA00 resnum 对齐 74/77（3 个非标准/parse独有残基 frac=0）
[21:35:15]   ℹ️ 2vrkA02 resnum 对齐 347/361（14 个非标准/parse独有残基 frac=0）
[21:35:15]   ℹ️ 4dpoB00 resnum 对齐 98/101（3 个非标准/parse独有残基 frac=0）
[21:35:16]   ℹ️ 1lxnA00 resnum 对齐 96/98（2 个非标准/parse独有残基 frac=0）
[21:35:16]   ℹ️ 1yawB02 resnum 对齐 156/160（4 个非标准/parse独有残基 frac=0）
[21:35:16]   ℹ️ 2oh3A01 resnum 对齐 132/136（4 个非标准/parse独有残基 frac=0）
[21:35:16]   ℹ️ 3b73B00 resnum 对齐 85/87（2 个非标准/parse独有残基 frac=0）
[21:35:16]   ℹ️ 1uruA01 resnum 对齐 207/209（2 个非标准/parse独有残基 frac=0）
[21:35:17]   ⚠️ 4dgwC00 SASA 计算失败: freesasa 计算失败: Error: Radius is <= 0 (-1.0) for the residue: UNK, atom:  N  （跳过 L_add）
[21:35:17]   ℹ️ 3oloA00 resnum 对齐 108/111（3 个非标准/parse独有残基 frac=0）
[21:35:17]   ℹ️ 4jvtA01 resnum 对齐 203/207（4 个非标准/parse独有残基 frac=0）
[21:35:20]   ℹ️ 3hp7A01 resnum 对齐 62/64（2 个非标准/parse独有残基 frac=0）
[21:35:20]   ℹ️ 3g2mA02 resnum 对齐 159/163（4 个非标准/parse独有残基 frac=0）
[21:35:20]   ℹ️ 3h2sA00 resnum 对齐 211/215（4 个非标准/parse独有残基 frac=0）
[21:35:20]   ℹ️ 4k4kA01 resnum 对齐 120/122（2 个非标准/parse独有残基 frac=0）
[21:35:21]   ℹ️ 2o0yB01 resnum 对齐 64/65（1 个非标准/parse独有残基 frac=0）
[21:35:21]   ℹ️ 1yvuA02 resnum 对齐 92/93（1 个非标准/parse独有残基 frac=0）
[21:35:21]   ℹ️ 1a2tA00 resnum 对齐 134/135（1 个非标准/parse独有残基 frac=0）
[21:35:21]   ℹ️ 2cy2A00 resnum 对齐 173/174（1 个非标准/parse独有残基 frac=0）
[21:35:21]   ℹ️ 1kutA02 resnum 对齐 130/133（3 个非标准/parse独有残基 frac=0）
[21:35:21]   ℹ️ 1x9nA02 resnum 对齐 83/84（1 个非标准/parse独有残基 frac=0）
[21:35:22]   ℹ️ 2cjaA02 resnum 对齐 315/324（9 个非标准/parse独有残基 frac=0）
[21:35:22]   ℹ️ 4lqxA00 resnum 对齐 280/294（14 个非标准/parse独有残基 frac=0）
[21:35:22]   ℹ️ 1whzA00 resnum 对齐 67/69（2 个非标准/parse独有残基 frac=0）
[21:35:22]   ℹ️ 3cxjA00 resnum 对齐 138/144（6 个非标准/parse独有残基 frac=0）
[21:35:23]   ℹ️ 3lygA00 resnum 对齐 110/114（4 个非标准/parse独有残基 frac=0）
[21:35:23]   ℹ️ 1vjxA00 resnum 对齐 145/148（3 个非标准/parse独有残基 frac=0）
[21:35:23]   ℹ️ 2g07A01 resnum 对齐 179/186（7 个非标准/parse独有残基 frac=0）
[21:35:23]   ℹ️ 1nxzA01 resnum 对齐 71/72（1 个非标准/parse独有残基 frac=0）
[21:35:23]   ℹ️ 1d8cA02 resnum 对齐 127/128（1 个非标准/parse独有残基 frac=0）
[21:35:23]   ℹ️ 2qjcA00 resnum 对齐 219/222（3 个非标准/parse独有残基 frac=0）
[21:35:24]   ℹ️ 3pu6A00 resnum 对齐 135/138（3 个非标准/parse独有残基 frac=0）
[21:35:24]   ℹ️ 2hszA02 resnum 对齐 72/73（1 个非标准/parse独有残基 frac=0）
[21:35:25]   ℹ️ 1sfxB00 resnum 对齐 102/104（2 个非标准/parse独有残基 frac=0）
[21:35:25]   ℹ️ 2fhdA01 resnum 对齐 58/61（3 个非标准/parse独有残基 frac=0）
[21:35:26]   预解析+encode 5799/7886（跳过 1）
[21:35:26]   ℹ️ 1nr9A00 resnum 对齐 207/211（4 个非标准/parse独有残基 frac=0）
[21:35:27]   ℹ️ 3e0zA00 resnum 对齐 99/102（3 个非标准/parse独有残基 frac=0）
[21:35:27]   ℹ️ 1tr8A02 resnum 对齐 37/39（2 个非标准/parse独有残基 frac=0）
[21:35:28]   ℹ️ 2h7fX02 resnum 对齐 240/241（1 个非标准/parse独有残基 frac=0）
[21:35:29]   ℹ️ 4isbA01 resnum 对齐 399/404（5 个非标准/parse独有残基 frac=0）
[21:35:29]   ℹ️ 3fvwB00 resnum 对齐 181/182（1 个非标准/parse独有残基 frac=0）
[21:35:30]   ℹ️ 3ch0A00 resnum 对齐 252/258（6 个非标准/parse独有残基 frac=0）
[21:35:31]   ℹ️ 2p63A01 resnum 对齐 45/46（1 个非标准/parse独有残基 frac=0）
[21:35:32]   ℹ️ 3k17A02 resnum 对齐 138/140（2 个非标准/parse独有残基 frac=0）
[21:35:32]   ℹ️ 2zdsB00 resnum 对齐 318/322（4 个非标准/parse独有残基 frac=0）
[21:35:33]   ℹ️ 2pn0A02 resnum 对齐 79/80（1 个非标准/parse独有残基 frac=0）
[21:35:33]   ℹ️ 3nklB00 resnum 对齐 121/122（1 个非标准/parse独有残基 frac=0）
[21:35:33]   ℹ️ 3m1tA00 resnum 对齐 237/244（7 个非标准/parse独有残基 frac=0）
[21:35:34]   ℹ️ 2rdlA01 resnum 对齐 109/118（9 个非标准/parse独有残基 frac=0）
[21:35:34]   ℹ️ 3trgA00 resnum 对齐 93/94（1 个非标准/parse独有残基 frac=0）
[21:35:36]   ℹ️ 3f7cA00 resnum 对齐 190/197（7 个非标准/parse独有残基 frac=0）
[21:35:36]   ℹ️ 2rauA00 resnum 对齐 336/341（5 个非标准/parse独有残基 frac=0）
[21:35:36]   ℹ️ 2imhA01 resnum 对齐 200/203（3 个非标准/parse独有残基 frac=0）
[21:35:36]   ℹ️ 2qgpA00 resnum 对齐 82/83（1 个非标准/parse独有残基 frac=0）
[21:35:36]   ℹ️ 1gqeA01 resnum 对齐 112/113（1 个非标准/parse独有残基 frac=0）
[21:35:36]   ℹ️ 3vprA02 resnum 对齐 140/145（5 个非标准/parse独有残基 frac=0）
[21:35:38]   ℹ️ 3eqvA03 resnum 对齐 180/181（1 个非标准/parse独有残基 frac=0）
[21:35:38]   ℹ️ 3ry3A02 resnum 对齐 235/240（5 个非标准/parse独有残基 frac=0）
[21:35:38]   ℹ️ 3ilvA01 resnum 对齐 251/253（2 个非标准/parse独有残基 frac=0）
[21:35:39]   ℹ️ 1b89A00 resnum 对齐 311/319（8 个非标准/parse独有残基 frac=0）
[21:35:40]   ℹ️ 4wedA02 resnum 对齐 216/219（3 个非标准/parse独有残基 frac=0）
[21:35:41]   ℹ️ 3lxuX01 resnum 对齐 322/333（11 个非标准/parse独有残基 frac=0）
[21:35:41]   ℹ️ 1ulyA02 resnum 对齐 99/101（2 个非标准/parse独有残基 frac=0）
[21:35:41]   ℹ️ 1vr5A01 resnum 对齐 145/147（2 个非标准/parse独有残基 frac=0）
[21:35:42]   ℹ️ 1nhyA01 resnum 对齐 76/77（1 个非标准/parse独有残基 frac=0）
[21:35:44]   ℹ️ 2genA00 resnum 对齐 186/188（2 个非标准/parse独有残基 frac=0）
[21:35:44]   预解析+encode 5999/7886（跳过 1）
[21:35:44]   ℹ️ 4q5tA01 resnum 对齐 143/145（2 个非标准/parse独有残基 frac=0）
[21:35:44]   ℹ️ 1ydlA00 resnum 对齐 68/71（3 个非标准/parse独有残基 frac=0）
[21:35:44]   ℹ️ 3rh9A01 resnum 对齐 280/289（9 个非标准/parse独有残基 frac=0）
[21:35:44]   ℹ️ 4mdcD01 resnum 对齐 104/108（4 个非标准/parse独有残基 frac=0）
[21:35:45]   ℹ️ 4fcaA04 resnum 对齐 76/78（2 个非标准/parse独有残基 frac=0）
[21:35:45]   ℹ️ 2oczA00 resnum 对齐 205/214（9 个非标准/parse独有残基 frac=0）
[21:35:45]   ℹ️ 4agsA02 resnum 对齐 131/135（4 个非标准/parse独有残基 frac=0）
[21:35:46]   ℹ️ 3mekA02 resnum 对齐 47/48（1 个非标准/parse独有残基 frac=0）
[21:35:46]   ℹ️ 3qkbA00 resnum 对齐 90/93（3 个非标准/parse独有残基 frac=0）
[21:35:46]   ℹ️ 3qz0A00 resnum 对齐 76/77（1 个非标准/parse独有残基 frac=0）
[21:35:46]   ℹ️ 2hhzA00 resnum 对齐 130/136（6 个非标准/parse独有残基 frac=0）
[21:35:47]   ℹ️ 1u04A04 resnum 对齐 215/224（9 个非标准/parse独有残基 frac=0）
[21:35:47]   ℹ️ 4h09D00 resnum 对齐 369/375（6 个非标准/parse独有残基 frac=0）
[21:35:47]   ℹ️ 2a8eA00 resnum 对齐 205/210（5 个非标准/parse独有残基 frac=0）
[21:35:47]   ℹ️ 3k3dA00 resnum 对齐 125/126（1 个非标准/parse独有残基 frac=0）
[21:35:47]   ℹ️ 3tosA00 resnum 对齐 244/248（4 个非标准/parse独有残基 frac=0）
[21:35:48]   ℹ️ 2nujA01 resnum 对齐 140/143（3 个非标准/parse独有残基 frac=0）
[21:35:48]   ℹ️ 4qozC00 resnum 对齐 72/73（1 个非标准/parse独有残基 frac=0）
[21:35:49]   ℹ️ 3iv0A00 resnum 对齐 438/455（17 个非标准/parse独有残基 frac=0）
[21:35:49]   ℹ️ 1t9zA00 resnum 对齐 176/180（4 个非标准/parse独有残基 frac=0）
[21:35:50]   ℹ️ 3ua3B01 resnum 对齐 277/279（2 个非标准/parse独有残基 frac=0）
[21:35:51]   ℹ️ 1rsgA01 resnum 对齐 242/245（3 个非标准/parse独有残基 frac=0）
[21:35:52]   ℹ️ 2oluA01 resnum 对齐 98/99（1 个非标准/parse独有残基 frac=0）
[21:35:52]   ℹ️ 3d3aA01 resnum 对齐 265/275（10 个非标准/parse独有残基 frac=0）
[21:35:53]   ℹ️ 1uzxA00 resnum 对齐 134/139（5 个非标准/parse独有残基 frac=0）
[21:35:54]   ℹ️ 4dveA00 resnum 对齐 183/188（5 个非标准/parse独有残基 frac=0）
[21:35:54]   ℹ️ 1vlaA01 resnum 对齐 38/42（4 个非标准/parse独有残基 frac=0）
[21:35:54]   ℹ️ 3lxqA02 resnum 对齐 281/286（5 个非标准/parse独有残基 frac=0）
[21:35:54]   ℹ️ 4eclA02 resnum 对齐 217/221（4 个非标准/parse独有残基 frac=0）
[21:35:54]   ℹ️ 1s3jA02 resnum 对齐 62/64（2 个非标准/parse独有残基 frac=0）
[21:35:54]   ℹ️ 1rz1A00 resnum 对齐 147/152（5 个非标准/parse独有残基 frac=0）
[21:35:54]   ℹ️ 1kshB00 resnum 对齐 141/142（1 个非标准/parse独有残基 frac=0）
[21:35:55]   ℹ️ 1xeaA02 resnum 对齐 187/192（5 个非标准/parse独有残基 frac=0）
[21:35:55]   ℹ️ 2a90A02 resnum 对齐 59/61（2 个非标准/parse独有残基 frac=0）
[21:35:57]   ℹ️ 1iz0A02 resnum 对齐 152/154（2 个非标准/parse独有残基 frac=0）
[21:35:57]   ℹ️ 2qs9A00 resnum 对齐 189/192（3 个非标准/parse独有残基 frac=0）
[21:35:57]   ℹ️ 1zkdA02 resnum 对齐 168/172（4 个非标准/parse独有残基 frac=0）
[21:35:57]   ℹ️ 2r6fA04 resnum 对齐 115/118（3 个非标准/parse独有残基 frac=0）
[21:35:59]   ℹ️ 4o2hA00 resnum 对齐 135/137（2 个非标准/parse独有残基 frac=0）
[21:35:59]   ℹ️ 1gz2A00 resnum 对齐 133/134（1 个非标准/parse独有残基 frac=0）
[21:35:59]   ℹ️ 6oi7A01 resnum 对齐 190/196（6 个非标准/parse独有残基 frac=0）
[21:36:01]   ℹ️ 3dewA01 resnum 对齐 45/47（2 个非标准/parse独有残基 frac=0）
[21:36:01]   预解析+encode 6199/7886（跳过 1）
[21:36:01]   ℹ️ 4qhpA05 resnum 对齐 321/324（3 个非标准/parse独有残基 frac=0）
[21:36:02]   ℹ️ 2oa5A01 resnum 对齐 75/77（2 个非标准/parse独有残基 frac=0）
[21:36:02]   ℹ️ 2gs5A01 resnum 对齐 181/188（7 个非标准/parse独有残基 frac=0）
[21:36:02]   ℹ️ 3fseB02 resnum 对齐 138/140（2 个非标准/parse独有残基 frac=0）
[21:36:02]   ℹ️ 1b6gA00 resnum 对齐 307/309（2 个非标准/parse独有残基 frac=0）
[21:36:03]   ℹ️ 3q0bX00 resnum 对齐 146/148（2 个非标准/parse独有残基 frac=0）
[21:36:03]   ℹ️ 3r7wC02 resnum 对齐 103/107（4 个非标准/parse独有残基 frac=0）
[21:36:03]   ⚠️ 跳过坏域 2qe7G01: 'NoneType' object has no attribute 'select'
[21:36:04]   ℹ️ 4ehiA01 resnum 对齐 166/172（6 个非标准/parse独有残基 frac=0）
[21:36:04]   ℹ️ 7twaC00 resnum 对齐 216/221（5 个非标准/parse独有残基 frac=0）
[21:36:04]   ℹ️ 3bemB00 resnum 对齐 193/200（7 个非标准/parse独有残基 frac=0）
[21:36:05]   ℹ️ 3kolA01 resnum 对齐 130/132（2 个非标准/parse独有残基 frac=0）
[21:36:06]   ℹ️ 3n6xA02 resnum 对齐 93/96（3 个非标准/parse独有残基 frac=0）
[21:36:06]   ℹ️ 4q6bA01 resnum 对齐 195/198（3 个非标准/parse独有残基 frac=0）
[21:36:07]   ℹ️ 3u3lC00 resnum 对齐 225/226（1 个非标准/parse独有残基 frac=0）
[21:36:07]   ℹ️ 1y9bA00 resnum 对齐 78/80（2 个非标准/parse独有残基 frac=0）
[21:36:08]   ℹ️ 1rpyB00 resnum 对齐 85/86（1 个非标准/parse独有残基 frac=0）
[21:36:09]   ℹ️ 1vliA01 resnum 对齐 285/293（8 个非标准/parse独有残基 frac=0）
[21:36:09]   ℹ️ 3do6A01 resnum 对齐 297/301（4 个非标准/parse独有残基 frac=0）
[21:36:10]   ℹ️ 3h3hB00 resnum 对齐 110/111（1 个非标准/parse独有残基 frac=0）
[21:36:10]   ℹ️ 1j5wB01 resnum 对齐 197/201（4 个非标准/parse独有残基 frac=0）
[21:36:10]   ℹ️ 3gbvA02 resnum 对齐 145/149（4 个非标准/parse独有残基 frac=0）
[21:36:11]   ℹ️ 3myvA01 resnum 对齐 220/228（8 个非标准/parse独有残基 frac=0）
[21:36:11]   ℹ️ 1vhoA01 resnum 对齐 237/241（4 个非标准/parse独有残基 frac=0）
[21:36:11]   ℹ️ 4d9gA02 resnum 对齐 111/116（5 个非标准/parse独有残基 frac=0）
[21:36:12]   ℹ️ 3ll3B01 resnum 对齐 239/245（6 个非标准/parse独有残基 frac=0）
[21:36:12]   ℹ️ 2vxzA02 resnum 对齐 84/86（2 个非标准/parse独有残基 frac=0）
[21:36:12]   ℹ️ 2blkA00 resnum 对齐 113/117（4 个非标准/parse独有残基 frac=0）
[21:36:12]   ℹ️ 2fefA02 resnum 对齐 153/155（2 个非标准/parse独有残基 frac=0）
[21:36:13]   ℹ️ 3dpjF00 resnum 对齐 182/188（6 个非标准/parse独有残基 frac=0）
[21:36:13]   ℹ️ 2zi0A00 resnum 对齐 59/60（1 个非标准/parse独有残基 frac=0）
[21:36:13]   ℹ️ 4pf6A00 resnum 对齐 295/302（7 个非标准/parse独有残基 frac=0）
[21:36:13]   ℹ️ 2xadA00 resnum 对齐 256/259（3 个非标准/parse独有残基 frac=0）
[21:36:14]   ℹ️ 2vptA00 resnum 对齐 198/201（3 个非标准/parse独有残基 frac=0）
[21:36:14]   ℹ️ 2oyrA01 resnum 对齐 54/55（1 个非标准/parse独有残基 frac=0）
[21:36:15]   ℹ️ 2ab5B01 resnum 对齐 124/128（4 个非标准/parse独有残基 frac=0）
[21:36:15]   ℹ️ 4iduB01 resnum 对齐 126/127（1 个非标准/parse独有残基 frac=0）
[21:36:17]   ℹ️ 3f6tA03 resnum 对齐 213/216（3 个非标准/parse独有残基 frac=0）
[21:36:17]   ℹ️ 3q7yA00 resnum 对齐 118/122（4 个非标准/parse独有残基 frac=0）
[21:36:17]   ℹ️ 5f1yA02 resnum 对齐 173/177（4 个非标准/parse独有残基 frac=0）
[21:36:17]   ℹ️ 1ojhA00 resnum 对齐 50/52（2 个非标准/parse独有残基 frac=0）
[21:36:17]   ℹ️ 1xrhA02 resnum 对齐 227/239（12 个非标准/parse独有残基 frac=0）
[21:36:18]   ℹ️ 2okcB01 resnum 对齐 116/120（4 个非标准/parse独有残基 frac=0）
[21:36:18]   ℹ️ 3cjnA00 resnum 对齐 137/144（7 个非标准/parse独有残基 frac=0）
[21:36:18]   ℹ️ 2i45D00 resnum 对齐 96/99（3 个非标准/parse独有残基 frac=0）
[21:36:18]   预解析+encode 6398/7886（跳过 2）
[21:36:20]   ℹ️ 2wb7A03 resnum 对齐 131/136（5 个非标准/parse独有残基 frac=0）
[21:36:20]   ℹ️ 4hn9A03 resnum 对齐 99/100（1 个非标准/parse独有残基 frac=0）
[21:36:21]   ℹ️ 3rotA02 resnum 对齐 135/137（2 个非标准/parse独有残基 frac=0）
[21:36:22]   ℹ️ 3t38A02 resnum 对齐 126/128（2 个非标准/parse独有残基 frac=0）
[21:36:22]   ℹ️ 3n7cA00 resnum 对齐 104/105（1 个非标准/parse独有残基 frac=0）
[21:36:23]   ℹ️ 5hx0A00 resnum 对齐 357/362（5 个非标准/parse独有残基 frac=0）
[21:36:24]   ℹ️ 3i8bA01 resnum 对齐 276/280（4 个非标准/parse独有残基 frac=0）
[21:36:24]   ℹ️ 2zcaA00 resnum 对齐 154/155（1 个非标准/parse独有残基 frac=0）
[21:36:26]   ℹ️ 4m0hA01 resnum 对齐 132/138（6 个非标准/parse独有残基 frac=0）
[21:36:28]   ℹ️ 3ocmB00 resnum 对齐 141/144（3 个非标准/parse独有残基 frac=0）
[21:36:28]   ℹ️ 4ehoA04 resnum 对齐 121/124（3 个非标准/parse独有残基 frac=0）
[21:36:28]   ℹ️ 5ve2I00 resnum 对齐 244/248（4 个非标准/parse独有残基 frac=0）
[21:36:29]   ℹ️ 1zfjA00 resnum 对齐 463/476（13 个非标准/parse独有残基 frac=0）
[21:36:29]   ℹ️ 1ulyA01 resnum 对齐 86/89（3 个非标准/parse独有残基 frac=0）
[21:36:29]   ℹ️ 1y8cA01 resnum 对齐 185/186（1 个非标准/parse独有残基 frac=0）
[21:36:30]   ℹ️ 3hbzA02 resnum 对齐 237/244（7 个非标准/parse独有残基 frac=0）
[21:36:30]   ℹ️ 1ym0A01 resnum 对齐 119/126（7 个非标准/parse独有残基 frac=0）
[21:36:30]   ℹ️ 3d1cA02 resnum 对齐 113/114（1 个非标准/parse独有残基 frac=0）
[21:36:30]   ℹ️ 3cdhA00 resnum 对齐 113/118（5 个非标准/parse独有残基 frac=0）
[21:36:31]   ℹ️ 4hbrA00 resnum 对齐 135/139（4 个非标准/parse独有残基 frac=0）
[21:36:31]   ℹ️ 2it9A00 resnum 对齐 109/112（3 个非标准/parse独有残基 frac=0）
[21:36:31]   ℹ️ 2vneA01 resnum 对齐 159/163（4 个非标准/parse独有残基 frac=0）
[21:36:31]   ℹ️ 2ywrA00 resnum 对齐 213/215（2 个非标准/parse独有残基 frac=0）
[21:36:31]   ℹ️ 1ws6A00 resnum 对齐 169/171（2 个非标准/parse独有残基 frac=0）
[21:36:32]   ℹ️ 3c4bA02 resnum 对齐 62/63（1 个非标准/parse独有残基 frac=0）
[21:36:32]   ℹ️ 6vgwA01 resnum 对齐 134/137（3 个非标准/parse独有残基 frac=0）
[21:36:32]   ℹ️ 1sqhA02 resnum 对齐 128/131（3 个非标准/parse独有残基 frac=0）
[21:36:32]   ℹ️ 2qgnA02 resnum 对齐 80/82（2 个非标准/parse独有残基 frac=0）
[21:36:32]   ℹ️ 3dasA00 resnum 对齐 308/312（4 个非标准/parse独有残基 frac=0）
[21:36:32]   ℹ️ 1sr9B03 resnum 对齐 44/46（2 个非标准/parse独有残基 frac=0）
[21:36:32]   ℹ️ 3qwnA02 resnum 对齐 132/134（2 个非标准/parse独有残基 frac=0）
[21:36:32]   ℹ️ 1vjhA00 resnum 对齐 118/120（2 个非标准/parse独有残基 frac=0）
[21:36:33]   ℹ️ 3pfoA01 resnum 对齐 284/291（7 个非标准/parse独有残基 frac=0）
[21:36:34]   ℹ️ 2w00A01 resnum 对齐 169/171（2 个非标准/parse独有残基 frac=0）
[21:36:35]   ℹ️ 3hzhB00 resnum 对齐 149/154（5 个非标准/parse独有残基 frac=0）
[21:36:35]   ℹ️ 3p1tA02 resnum 对齐 193/197（4 个非标准/parse独有残基 frac=0）
[21:36:35]   ℹ️ 3ffyA00 resnum 对齐 107/109（2 个非标准/parse独有残基 frac=0）
[21:36:36]   ℹ️ 2jdjA00 resnum 对齐 102/104（2 个非标准/parse独有残基 frac=0）
[21:36:36]   ℹ️ 3lk5A00 resnum 对齐 327/330（3 个非标准/parse独有残基 frac=0）
[21:36:36]   ℹ️ 4nmlA02 resnum 对齐 89/90（1 个非标准/parse独有残基 frac=0）
[21:36:37]   ℹ️ 2iw3B01 resnum 对齐 324/331（7 个非标准/parse独有残基 frac=0）
[21:36:37]   ℹ️ 4hg0A01 resnum 对齐 138/147（9 个非标准/parse独有残基 frac=0）
[21:36:37]   ℹ️ 2o8rB02 resnum 对齐 151/155（4 个非标准/parse独有残基 frac=0）
[21:36:38]   ℹ️ 3mwbA01 resnum 对齐 90/91（1 个非标准/parse独有残基 frac=0）
[21:36:38]   ℹ️ 3l5zA01 resnum 对齐 132/136（4 个非标准/parse独有残基 frac=0）
[21:36:38]   ℹ️ 3mfxB00 resnum 对齐 110/114（4 个非标准/parse独有残基 frac=0）
[21:36:38]   ℹ️ 4ovqA00 resnum 对齐 291/301（10 个非标准/parse独有残基 frac=0）
[21:36:38]   ℹ️ 2zg6A02 resnum 对齐 70/72（2 个非标准/parse独有残基 frac=0）
[21:36:40]   预解析+encode 6598/7886（跳过 2）
[21:36:40]   ℹ️ 3trkA02 resnum 对齐 179/184（5 个非标准/parse独有残基 frac=0）
[21:36:40]   ℹ️ 2qe6A00 resnum 对齐 257/263（6 个非标准/parse独有残基 frac=0）
[21:36:41]   ℹ️ 2cxhA01 resnum 对齐 172/174（2 个非标准/parse独有残基 frac=0）
[21:36:42]   ℹ️ 4hvmD02 resnum 对齐 193/197（4 个非标准/parse独有残基 frac=0）
[21:36:42]   ℹ️ 3gf8A02 resnum 对齐 119/123（4 个非标准/parse独有残基 frac=0）
[21:36:43]   ℹ️ 1kz7A01 resnum 对齐 186/193（7 个非标准/parse独有残基 frac=0）
[21:36:43]   ℹ️ 2w00A05 resnum 对齐 99/101（2 个非标准/parse独有残基 frac=0）
[21:36:43]   ℹ️ 3oetA03 resnum 对齐 82/83（1 个非标准/parse独有残基 frac=0）
[21:36:45]   ℹ️ 2wlrA01 resnum 对齐 114/115（1 个非标准/parse独有残基 frac=0）
[21:36:45]   ℹ️ 2nr5A00 resnum 对齐 55/57（2 个非标准/parse独有残基 frac=0）
[21:36:45]   ℹ️ 1vt0M05 resnum 对齐 71/74（3 个非标准/parse独有残基 frac=0）
[21:36:46]   ℹ️ 3jw8B00 resnum 对齐 270/278（8 个非标准/parse独有残基 frac=0）
[21:36:47]   ℹ️ 1rz4A02 resnum 对齐 88/92（4 个非标准/parse独有残基 frac=0）
[21:36:47]   ℹ️ 2fnoA02 resnum 对齐 143/145（2 个非标准/parse独有残基 frac=0）
[21:36:47]   ℹ️ 3jyyA01 resnum 对齐 129/134（5 个非标准/parse独有残基 frac=0）
[21:36:48]   ℹ️ 3cnyA00 resnum 对齐 288/293（5 个非标准/parse独有残基 frac=0）
[21:36:50]   ℹ️ 2bi0A01 resnum 对齐 150/153（3 个非标准/parse独有残基 frac=0）
[21:36:51]   ℹ️ 2qyfB00 resnum 对齐 183/188（5 个非标准/parse独有残基 frac=0）
[21:36:51]   ℹ️ 3ih5A00 resnum 对齐 202/205（3 个非标准/parse独有残基 frac=0）
[21:36:51]   ℹ️ 4me7E00 resnum 对齐 73/78（5 个非标准/parse独有残基 frac=0）
[21:36:52]   ℹ️ 3b1fA01 resnum 对齐 173/175（2 个非标准/parse独有残基 frac=0）
[21:36:53]   ℹ️ 2oojA00 resnum 对齐 122/128（6 个非标准/parse独有残基 frac=0）
[21:36:53]   ℹ️ 2r76A00 resnum 对齐 129/132（3 个非标准/parse独有残基 frac=0）
[21:36:53]   ℹ️ 3igrA00 resnum 对齐 177/180（3 个非标准/parse独有残基 frac=0）
[21:36:53]   ℹ️ 2nyiA01 resnum 对齐 77/79（2 个非标准/parse独有残基 frac=0）
[21:36:53]   ℹ️ 5ilnA01 resnum 对齐 195/196（1 个非标准/parse独有残基 frac=0）
[21:36:54]   ℹ️ 2iayA00 resnum 对齐 100/104（4 个非标准/parse独有残基 frac=0）
[21:36:54]   ℹ️ 3h75A02 resnum 对齐 136/139（3 个非标准/parse独有残基 frac=0）
[21:36:54]   ℹ️ 3ktdD02 resnum 对齐 108/109（1 个非标准/parse独有残基 frac=0）
[21:36:55]   ℹ️ 2hkvA01 resnum 对齐 136/139（3 个非标准/parse独有残基 frac=0）
[21:36:55]   ℹ️ 4p3gD00 resnum 对齐 191/195（4 个非标准/parse独有残基 frac=0）
[21:36:55]   ℹ️ 3mi6A01 resnum 对齐 302/309（7 个非标准/parse独有残基 frac=0）
[21:36:57]   ℹ️ 1viuC00 resnum 对齐 172/174（2 个非标准/parse独有残基 frac=0）
[21:36:58]   预解析+encode 6798/7886（跳过 2）
[21:36:59]   ℹ️ 5dukB00 resnum 对齐 65/67（2 个非标准/parse独有残基 frac=0）
[21:36:59]   ℹ️ 1sezA02 resnum 对齐 182/185（3 个非标准/parse独有残基 frac=0）
[21:37:01]   ℹ️ 3ilxA02 resnum 对齐 42/43（1 个非标准/parse独有残基 frac=0）
[21:37:02]   ℹ️ 3kjxA02 resnum 对齐 128/133（5 个非标准/parse独有残基 frac=0）
[21:37:02]   ℹ️ 4r7kA00 resnum 对齐 162/166（4 个非标准/parse独有残基 frac=0）
[21:37:02]   ℹ️ 3p42A01 resnum 对齐 89/90（1 个非标准/parse独有残基 frac=0）
[21:37:03]   ℹ️ 3c24A01 resnum 对齐 166/170（4 个非标准/parse独有残基 frac=0）
[21:37:05]   ℹ️ 1gq2A01 resnum 对齐 247/255（8 个非标准/parse独有残基 frac=0）
[21:37:05]   ℹ️ 3rhtA00 resnum 对齐 246/251（5 个非标准/parse独有残基 frac=0）
[21:37:05]   ℹ️ 2e87A01 resnum 对齐 158/160（2 个非标准/parse独有残基 frac=0）
[21:37:06]   ℹ️ 7f8eA01 resnum 对齐 213/219（6 个非标准/parse独有残基 frac=0）
[21:37:06]   ℹ️ 4hn9A01 resnum 对齐 128/130（2 个非标准/parse独有残基 frac=0）
[21:37:07]   ℹ️ 3s1sA02 resnum 对齐 389/394（5 个非标准/parse独有残基 frac=0）
[21:37:08]   ℹ️ 2atzA00 resnum 对齐 172/176（4 个非标准/parse独有残基 frac=0）
[21:37:08]   ℹ️ 2qj8A00 resnum 对齐 295/296（1 个非标准/parse独有残基 frac=0）
[21:37:08]   ℹ️ 3bp1A02 resnum 对齐 119/122（3 个非标准/parse独有残基 frac=0）
[21:37:08]   ℹ️ 1nz0D00 resnum 对齐 110/111（1 个非标准/parse独有残基 frac=0）
[21:37:09]   ℹ️ 3oulA00 resnum 对齐 219/222（3 个非标准/parse独有残基 frac=0）
[21:37:10]   ℹ️ 1t3dA02 resnum 对齐 116/120（4 个非标准/parse独有残基 frac=0）
[21:37:11]   ℹ️ 4lhsA02 resnum 对齐 173/176（3 个非标准/parse独有残基 frac=0）
[21:37:12]   ℹ️ 3cddA01 resnum 对齐 174/178（4 个非标准/parse独有残基 frac=0）
[21:37:13]   ℹ️ 1u04A03 resnum 对齐 175/178（3 个非标准/parse独有残基 frac=0）
[21:37:13]   ℹ️ 2gexA00 resnum 对齐 139/143（4 个非标准/parse独有残基 frac=0）
[21:37:14]   ℹ️ 3ol1A00 resnum 对齐 102/105（3 个非标准/parse独有残基 frac=0）
[21:37:14]   ℹ️ 3hbcA00 resnum 对齐 294/306（12 个非标准/parse独有残基 frac=0）
[21:37:15]   ℹ️ 3oxnB02 resnum 对齐 97/100（3 个非标准/parse独有残基 frac=0）
[21:37:15]   ℹ️ 4u3tB00 resnum 对齐 311/314（3 个非标准/parse独有残基 frac=0）
[21:37:15]   预解析+encode 6998/7886（跳过 2）
[21:37:16]   ℹ️ 2apoB00 resnum 对齐 49/52（3 个非标准/parse独有残基 frac=0）
[21:37:16]   ⚠️ 4p1wD00 SASA 计算失败: freesasa 计算失败: Error: Radius is <= 0 (-1.0) for the residue: UNK, atom:  N  （跳过 L_add）
[21:37:17]   ℹ️ 3pr6A00 resnum 对齐 141/143（2 个非标准/parse独有残基 frac=0）
[21:37:18]   ℹ️ 7rpyA01 resnum 对齐 97/99（2 个非标准/parse独有残基 frac=0）
[21:37:18]   ℹ️ 3tqeA02 resnum 对齐 66/68（2 个非标准/parse独有残基 frac=0）
[21:37:19]   ℹ️ 1vjoA01 resnum 对齐 130/131（1 个非标准/parse独有残基 frac=0）
[21:37:19]   ℹ️ 2ou6A00 resnum 对齐 175/178（3 个非标准/parse独有残基 frac=0）
[21:37:19]   ℹ️ 2fywA01 resnum 对齐 126/129（3 个非标准/parse独有残基 frac=0）
[21:37:20]   ℹ️ 3peuB00 resnum 对齐 288/295（7 个非标准/parse独有残基 frac=0）
[21:37:22]   ℹ️ 2z7bA00 resnum 对齐 233/237（4 个非标准/parse独有残基 frac=0）
[21:37:22]   ℹ️ 3pvzB00 resnum 对齐 288/300（12 个非标准/parse独有残基 frac=0）
[21:37:22]   ℹ️ 3gkuA03 resnum 对齐 70/71（1 个非标准/parse独有残基 frac=0）
[21:37:23]   ℹ️ 2ganA02 resnum 对齐 37/39（2 个非标准/parse独有残基 frac=0）
[21:37:23]   ℹ️ 3rq0A00 resnum 对齐 228/230（2 个非标准/parse独有残基 frac=0）
[21:37:24]   ℹ️ 1k4nA00 resnum 对齐 180/183（3 个非标准/parse独有残基 frac=0）
[21:37:24]   ℹ️ 2o3fA00 resnum 对齐 73/75（2 个非标准/parse独有残基 frac=0）
[21:37:25]   ℹ️ 3m1rB01 resnum 对齐 288/294（6 个非标准/parse独有残基 frac=0）
[21:37:26]   ℹ️ 2p3yA03 resnum 对齐 144/148（4 个非标准/parse独有残基 frac=0）
[21:37:26]   ℹ️ 4ehoB03 resnum 对齐 176/179（3 个非标准/parse独有残基 frac=0）
[21:37:27]   ℹ️ 3icsA02 resnum 对齐 250/258（8 个非标准/parse独有残基 frac=0）
[21:37:27]   ℹ️ 4hfsA00 resnum 对齐 193/196（3 个非标准/parse独有残基 frac=0）
[21:37:28]   ℹ️ 2r41A00 resnum 对齐 99/101（2 个非标准/parse独有残基 frac=0）
[21:37:28]   ℹ️ 3co8A02 resnum 对齐 208/212（4 个非标准/parse独有残基 frac=0）
[21:37:28]   ℹ️ 5f9eB02 resnum 对齐 202/203（1 个非标准/parse独有残基 frac=0）
[21:37:29]   ℹ️ 1wd5A02 resnum 对齐 60/61（1 个非标准/parse独有残基 frac=0）
[21:37:29]   ℹ️ 3gwbA01 resnum 对齐 208/213（5 个非标准/parse独有残基 frac=0）
[21:37:29]   ℹ️ 3c0kA01 resnum 对齐 70/71（1 个非标准/parse独有残基 frac=0）
[21:37:30]   ℹ️ 2f3lA00 resnum 对齐 130/132（2 个非标准/parse独有残基 frac=0）
[21:37:30]   ℹ️ 2axyA00 resnum 对齐 69/72（3 个非标准/parse独有残基 frac=0）
[21:37:30]   ℹ️ 3ldtA00 resnum 对齐 141/144（3 个非标准/parse独有残基 frac=0）
[21:37:30]   ℹ️ 2odtX01 resnum 对齐 109/110（1 个非标准/parse独有残基 frac=0）
[21:37:31]   ℹ️ 1mijA00 resnum 对齐 120/125（5 个非标准/parse独有残基 frac=0）
[21:37:32]   ℹ️ 1h0hA03 resnum 对齐 267/268（1 个非标准/parse独有残基 frac=0）
[21:37:33]   预解析+encode 7198/7886（跳过 2）
[21:37:33]   ℹ️ 4cclA02 resnum 对齐 164/168（4 个非标准/parse独有残基 frac=0）
[21:37:34]   ℹ️ 3cc1B01 resnum 对齐 306/319（13 个非标准/parse独有残基 frac=0）
[21:37:34]   ⚠️ 跳过坏域 168lD00: data/cath/S40/dompdb_pdb/168lD00.pdb is not a valid filename or a valid PDB identifier.
[21:37:34]   ⚠️ 跳过坏域 1a26A02: data/cath/S40/dompdb_pdb/1a26A02.pdb is not a valid filename or a valid PDB identifier.
[21:37:34]   ⚠️ 跳过坏域 1a3qB01: data/cath/S40/dompdb_pdb/1a3qB01.pdb is not a valid filename or a valid PDB identifier.
[21:37:34]   ⚠️ 跳过坏域 1b8mA00: data/cath/S40/dompdb_pdb/1b8mA00.pdb is not a valid filename or a valid PDB identifier.
[21:37:34]   ⚠️ 跳过坏域 1blaA00: data/cath/S40/dompdb_pdb/1blaA00.pdb is not a valid filename or a valid PDB identifier.
[21:37:34]   ⚠️ 跳过坏域 1by4B00: data/cath/S40/dompdb_pdb/1by4B00.pdb is not a valid filename or a valid PDB identifier.
[21:37:34]   ⚠️ 跳过坏域 1c3oA08: data/cath/S40/dompdb_pdb/1c3oA08.pdb is not a valid filename or a valid PDB identifier.
[21:37:34]   ⚠️ 跳过坏域 1cf5A02: data/cath/S40/dompdb_pdb/1cf5A02.pdb is not a valid filename or a valid PDB identifier.
[21:37:34]   ⚠️ 跳过坏域 1chvS00: data/cath/S40/dompdb_pdb/1chvS00.pdb is not a valid filename or a valid PDB identifier.
[21:37:34]   ⚠️ 跳过坏域 1cvoA00: data/cath/S40/dompdb_pdb/1cvoA00.pdb is not a valid filename or a valid PDB identifier.
[21:37:34]   ⚠️ 跳过坏域 1cx7A00: data/cath/S40/dompdb_pdb/1cx7A00.pdb is not a valid filename or a valid PDB identifier.
[21:37:34]   ⚠️ 跳过坏域 1d5yA02: data/cath/S40/dompdb_pdb/1d5yA02.pdb is not a valid filename or a valid PDB identifier.
[21:37:34]   ⚠️ 跳过坏域 1d6tA00: data/cath/S40/dompdb_pdb/1d6tA00.pdb is not a valid filename or a valid PDB identifier.
[21:37:34]   ⚠️ 跳过坏域 1domB00: data/cath/S40/dompdb_pdb/1domB00.pdb is not a valid filename or a valid PDB identifier.
[21:37:34]   ⚠️ 跳过坏域 1e1qG00: data/cath/S40/dompdb_pdb/1e1qG00.pdb is not a valid filename or a valid PDB identifier.
[21:37:34]   ⚠️ 跳过坏域 1e44B00: data/cath/S40/dompdb_pdb/1e44B00.pdb is not a valid filename or a valid PDB identifier.
[21:37:34]   ⚠️ 跳过坏域 1ee8B01: data/cath/S40/dompdb_pdb/1ee8B01.pdb is not a valid filename or a valid PDB identifier.
[21:37:34]   ⚠️ 跳过坏域 1fd4E00: data/cath/S40/dompdb_pdb/1fd4E00.pdb is not a valid filename or a valid PDB identifier.
[21:37:34]   ⚠️ 跳过坏域 1fk2A00: data/cath/S40/dompdb_pdb/1fk2A00.pdb is not a valid filename or a valid PDB identifier.
[21:37:34]   ⚠️ 跳过坏域 1g4yB00: data/cath/S40/dompdb_pdb/1g4yB00.pdb is not a valid filename or a valid PDB identifier.
[21:37:34]   ⚠️ 跳过坏域 1gatA00: data/cath/S40/dompdb_pdb/1gatA00.pdb is not a valid filename or a valid PDB identifier.
[21:37:34]   ⚠️ 跳过坏域 1gefB00: data/cath/S40/dompdb_pdb/1gefB00.pdb is not a valid filename or a valid PDB identifier.
[21:37:34]   ⚠️ 跳过坏域 1ghlA00: data/cath/S40/dompdb_pdb/1ghlA00.pdb is not a valid filename or a valid PDB identifier.
[21:37:34]   ⚠️ 跳过坏域 1gluB00: data/cath/S40/dompdb_pdb/1gluB00.pdb is not a valid filename or a valid PDB identifier.
[21:37:34]   ⚠️ 跳过坏域 1gmoH01: data/cath/S40/dompdb_pdb/1gmoH01.pdb is not a valid filename or a valid PDB identifier.
[21:37:34]   ⚠️ 跳过坏域 1gytB01: data/cath/S40/dompdb_pdb/1gytB01.pdb is not a valid filename or a valid PDB identifier.
[21:37:34]   ⚠️ 跳过坏域 1gzeC00: data/cath/S40/dompdb_pdb/1gzeC00.pdb is not a valid filename or a valid PDB identifier.
[21:37:34]   ⚠️ 跳过坏域 1h0fA00: data/cath/S40/dompdb_pdb/1h0fA00.pdb is not a valid filename or a valid PDB identifier.
[21:37:34]   ⚠️ 跳过坏域 1h8uA00: data/cath/S40/dompdb_pdb/1h8uA00.pdb is not a valid filename or a valid PDB identifier.
[21:37:34]   ⚠️ 跳过坏域 1hcqB00: data/cath/S40/dompdb_pdb/1hcqB00.pdb is not a valid filename or a valid PDB identifier.
[21:37:34]   ⚠️ 跳过坏域 1hdsA00: data/cath/S40/dompdb_pdb/1hdsA00.pdb is not a valid filename or a valid PDB identifier.
[21:37:34]   ⚠️ 跳过坏域 1hfgA00: data/cath/S40/dompdb_pdb/1hfgA00.pdb is not a valid filename or a valid PDB identifier.
[21:37:34]   ⚠️ 跳过坏域 1hjbA00: data/cath/S40/dompdb_pdb/1hjbA00.pdb is not a valid filename or a valid PDB identifier.
[21:37:34]   ⚠️ 跳过坏域 1hraA00: data/cath/S40/dompdb_pdb/1hraA00.pdb is not a valid filename or a valid PDB identifier.
[21:37:34]   ⚠️ 跳过坏域 1hsmA00: data/cath/S40/dompdb_pdb/1hsmA00.pdb is not a valid filename or a valid PDB identifier.
[21:37:34]   ⚠️ 跳过坏域 1id3E00: data/cath/S40/dompdb_pdb/1id3E00.pdb is not a valid filename or a valid PDB identifier.
[21:37:34]   ⚠️ 跳过坏域 1j1dC01: data/cath/S40/dompdb_pdb/1j1dC01.pdb is not a valid filename or a valid PDB identifier.
[21:37:34]   ⚠️ 跳过坏域 1j8iA00: data/cath/S40/dompdb_pdb/1j8iA00.pdb is not a valid filename or a valid PDB identifier.
[21:37:34]   ⚠️ 跳过坏域 1je8A00: data/cath/S40/dompdb_pdb/1je8A00.pdb is not a valid filename or a valid PDB identifier.
[21:37:34]   ⚠️ 跳过坏域 1jggA00: data/cath/S40/dompdb_pdb/1jggA00.pdb is not a valid filename or a valid PDB identifier.
[21:37:34]   ⚠️ 跳过坏域 1jltB00: data/cath/S40/dompdb_pdb/1jltB00.pdb is not a valid filename or a valid PDB identifier.
[21:37:34]   ⚠️ 跳过坏域 1k1sA04: data/cath/S40/dompdb_pdb/1k1sA04.pdb is not a valid filename or a valid PDB identifier.
[21:37:34]   ⚠️ 跳过坏域 1k73200: data/cath/S40/dompdb_pdb/1k73200.pdb is not a valid filename or a valid PDB identifier.
[21:37:34]   ⚠️ 跳过坏域 1k8hA00: data/cath/S40/dompdb_pdb/1k8hA00.pdb is not a valid filename or a valid PDB identifier.
[21:37:34]   ⚠️ 跳过坏域 1kb6B00: data/cath/S40/dompdb_pdb/1kb6B00.pdb is not a valid filename or a valid PDB identifier.
[21:37:34]   ⚠️ 跳过坏域 1kbuA01: data/cath/S40/dompdb_pdb/1kbuA01.pdb is not a valid filename or a valid PDB identifier.
[21:37:34]   ⚠️ 跳过坏域 1kqsL00: data/cath/S40/dompdb_pdb/1kqsL00.pdb is not a valid filename or a valid PDB identifier.
[21:37:34]   ⚠️ 跳过坏域 1l0nG00: data/cath/S40/dompdb_pdb/1l0nG00.pdb is not a valid filename or a valid PDB identifier.
[21:37:34]   ⚠️ 跳过坏域 1l8cA00: data/cath/S40/dompdb_pdb/1l8cA00.pdb is not a valid filename or a valid PDB identifier.
[21:37:34]   ⚠️ 跳过坏域 1m6xA01: data/cath/S40/dompdb_pdb/1m6xA01.pdb is not a valid filename or a valid PDB identifier.
[21:37:34]   ⚠️ 跳过坏域 1m7rB01: data/cath/S40/dompdb_pdb/1m7rB01.pdb is not a valid filename or a valid PDB identifier.
[21:37:34]   ⚠️ 跳过坏域 1m8aB00: data/cath/S40/dompdb_pdb/1m8aB00.pdb is not a valid filename or a valid PDB identifier.
[21:37:34]   ⚠️ 跳过坏域 1mfsA00: data/cath/S40/dompdb_pdb/1mfsA00.pdb is not a valid filename or a valid PDB identifier.
[21:37:34]   ⚠️ 跳过坏域 1mh3A03: data/cath/S40/dompdb_pdb/1mh3A03.pdb is not a valid filename or a valid PDB identifier.
[21:37:34]   ⚠️ 跳过坏域 1n1yA02: data/cath/S40/dompdb_pdb/1n1yA02.pdb is not a valid filename or a valid PDB identifier.
[21:37:34]   ⚠️ 跳过坏域 1n8rJ00: data/cath/S40/dompdb_pdb/1n8rJ00.pdb is not a valid filename or a valid PDB identifier.
[21:37:34]   ⚠️ 跳过坏域 1nkpB00: data/cath/S40/dompdb_pdb/1nkpB00.pdb is not a valid filename or a valid PDB identifier.
[21:37:34]   ⚠️ 跳过坏域 1o4xB00: data/cath/S40/dompdb_pdb/1o4xB00.pdb is not a valid filename or a valid PDB identifier.
[21:37:34]   ⚠️ 跳过坏域 1o83B00: data/cath/S40/dompdb_pdb/1o83B00.pdb is not a valid filename or a valid PDB identifier.
[21:37:34]   ⚠️ 跳过坏域 1oj8A00: data/cath/S40/dompdb_pdb/1oj8A00.pdb is not a valid filename or a valid PDB identifier.
[21:37:34]   ⚠️ 跳过坏域 1onvA00: data/cath/S40/dompdb_pdb/1onvA00.pdb is not a valid filename or a valid PDB identifier.
[21:37:34]   ⚠️ 跳过坏域 1oqnA00: data/cath/S40/dompdb_pdb/1oqnA00.pdb is not a valid filename or a valid PDB identifier.
[21:37:34]   ⚠️ 跳过坏域 1oqsF00: data/cath/S40/dompdb_pdb/1oqsF00.pdb is not a valid filename or a valid PDB identifier.
[21:37:34]   ⚠️ 跳过坏域 1pfmD00: data/cath/S40/dompdb_pdb/1pfmD00.pdb is not a valid filename or a valid PDB identifier.
[21:37:34]   ⚠️ 跳过坏域 1pipA00: data/cath/S40/dompdb_pdb/1pipA00.pdb is not a valid filename or a valid PDB identifier.
[21:37:34]   ⚠️ 跳过坏域 1pmpC00: data/cath/S40/dompdb_pdb/1pmpC00.pdb is not a valid filename or a valid PDB identifier.
[21:37:34]   ⚠️ 跳过坏域 1pqkC00: data/cath/S40/dompdb_pdb/1pqkC00.pdb is not a valid filename or a valid PDB identifier.
[21:37:34]   ⚠️ 跳过坏域 1pt3B00: data/cath/S40/dompdb_pdb/1pt3B00.pdb is not a valid filename or a valid PDB identifier.
[21:37:34]   ⚠️ 跳过坏域 1q3uA02: data/cath/S40/dompdb_pdb/1q3uA02.pdb is not a valid filename or a valid PDB identifier.
[21:37:34]   ⚠️ 跳过坏域 1qncA02: data/cath/S40/dompdb_pdb/1qncA02.pdb is not a valid filename or a valid PDB identifier.
[21:37:34]   ⚠️ 跳过坏域 1qnkA00: data/cath/S40/dompdb_pdb/1qnkA00.pdb is not a valid filename or a valid PDB identifier.
[21:37:34]   ⚠️ 跳过坏域 1qqkA00: data/cath/S40/dompdb_pdb/1qqkA00.pdb is not a valid filename or a valid PDB identifier.
[21:37:35]   ⚠️ 跳过坏域 1qsrA00: data/cath/S40/dompdb_pdb/1qsrA00.pdb is not a valid filename or a valid PDB identifier.
[21:37:35]   ⚠️ 跳过坏域 1rl4A00: data/cath/S40/dompdb_pdb/1rl4A00.pdb is not a valid filename or a valid PDB identifier.
[21:37:35]   ⚠️ 跳过坏域 1rnfA00: data/cath/S40/dompdb_pdb/1rnfA00.pdb is not a valid filename or a valid PDB identifier.
[21:37:35]   ⚠️ 跳过坏域 1sfkE00: data/cath/S40/dompdb_pdb/1sfkE00.pdb is not a valid filename or a valid PDB identifier.
[21:37:35]   ⚠️ 跳过坏域 1smyF01: data/cath/S40/dompdb_pdb/1smyF01.pdb is not a valid filename or a valid PDB identifier.
[21:37:35]   ⚠️ 跳过坏域 1sorA00: data/cath/S40/dompdb_pdb/1sorA00.pdb is not a valid filename or a valid PDB identifier.
[21:37:35]   ⚠️ 跳过坏域 1stwA00: data/cath/S40/dompdb_pdb/1stwA00.pdb is not a valid filename or a valid PDB identifier.
[21:37:35]   ⚠️ 跳过坏域 1t12A00: data/cath/S40/dompdb_pdb/1t12A00.pdb is not a valid filename or a valid PDB identifier.
[21:37:35]   ⚠️ 跳过坏域 1tbcA00: data/cath/S40/dompdb_pdb/1tbcA00.pdb is not a valid filename or a valid PDB identifier.
[21:37:35]   ⚠️ 跳过坏域 1tbuC00: data/cath/S40/dompdb_pdb/1tbuC00.pdb is not a valid filename or a valid PDB identifier.
[21:37:35]   ⚠️ 跳过坏域 1tewA00: data/cath/S40/dompdb_pdb/1tewA00.pdb is not a valid filename or a valid PDB identifier.
[21:37:35]   ⚠️ 跳过坏域 1u35C00: data/cath/S40/dompdb_pdb/1u35C00.pdb is not a valid filename or a valid PDB identifier.
[21:37:35]   ⚠️ 跳过坏域 1u63C01: data/cath/S40/dompdb_pdb/1u63C01.pdb is not a valid filename or a valid PDB identifier.
[21:37:35]   ⚠️ 跳过坏域 1ucdA00: data/cath/S40/dompdb_pdb/1ucdA00.pdb is not a valid filename or a valid PDB identifier.
[21:37:35]   ⚠️ 跳过坏域 1ueuA04: data/cath/S40/dompdb_pdb/1ueuA04.pdb is not a valid filename or a valid PDB identifier.
[21:37:35]   ⚠️ 跳过坏域 1uiaA00: data/cath/S40/dompdb_pdb/1uiaA00.pdb is not a valid filename or a valid PDB identifier.
[21:37:35]   ⚠️ 跳过坏域 1uklF00: data/cath/S40/dompdb_pdb/1uklF00.pdb is not a valid filename or a valid PDB identifier.
[21:37:35]   ⚠️ 跳过坏域 1uxeA00: data/cath/S40/dompdb_pdb/1uxeA00.pdb is not a valid filename or a valid PDB identifier.
[21:37:35]   ⚠️ 跳过坏域 1vc0A00: data/cath/S40/dompdb_pdb/1vc0A00.pdb is not a valid filename or a valid PDB identifier.
[21:37:35]   ⚠️ 跳过坏域 1vfgA02: data/cath/S40/dompdb_pdb/1vfgA02.pdb is not a valid filename or a valid PDB identifier.
[21:37:35]   ⚠️ 跳过坏域 1vh0D00: data/cath/S40/dompdb_pdb/1vh0D00.pdb is not a valid filename or a valid PDB identifier.
[21:37:35]   ⚠️ 跳过坏域 1vq6M00: data/cath/S40/dompdb_pdb/1vq6M00.pdb is not a valid filename or a valid PDB identifier.
[21:37:35]   ⚠️ 跳过坏域 1vs7N01: data/cath/S40/dompdb_pdb/1vs7N01.pdb is not a valid filename or a valid PDB identifier.
[21:37:35]   ⚠️ 跳过坏域 1vsaK01: data/cath/S40/dompdb_pdb/1vsaK01.pdb is not a valid filename or a valid PDB identifier.
[21:37:35]   ⚠️ 跳过坏域 1vsfA00: data/cath/S40/dompdb_pdb/1vsfA00.pdb is not a valid filename or a valid PDB identifier.
[21:37:35]   ⚠️ 跳过坏域 1vt2F00: data/cath/S40/dompdb_pdb/1vt2F00.pdb is not a valid filename or a valid PDB identifier.
[21:37:35]   ⚠️ 跳过坏域 1vwxW00: data/cath/S40/dompdb_pdb/1vwxW00.pdb is not a valid filename or a valid PDB identifier.
[21:37:35]   ⚠️ 跳过坏域 1vx1Q00: data/cath/S40/dompdb_pdb/1vx1Q00.pdb is not a valid filename or a valid PDB identifier.
[21:37:35]   ⚠️ 跳过坏域 1vx4R02: data/cath/S40/dompdb_pdb/1vx4R02.pdb is not a valid filename or a valid PDB identifier.
[21:37:35]   ⚠️ 跳过坏域 1vx5F00: data/cath/S40/dompdb_pdb/1vx5F00.pdb is not a valid filename or a valid PDB identifier.
[21:37:35]   ⚠️ 跳过坏域 1vx7Q01: data/cath/S40/dompdb_pdb/1vx7Q01.pdb is not a valid filename or a valid PDB identifier.
[21:37:35]   ⚠️ 跳过坏域 1vy1H02: data/cath/S40/dompdb_pdb/1vy1H02.pdb is not a valid filename or a valid PDB identifier.
[21:37:35]   ⚠️ 跳过坏域 1w0tB00: data/cath/S40/dompdb_pdb/1w0tB00.pdb is not a valid filename or a valid PDB identifier.
[21:37:35]   ⚠️ 跳过坏域 1w2b100: data/cath/S40/dompdb_pdb/1w2b100.pdb is not a valid filename or a valid PDB identifier.
[21:37:35]   ⚠️ 跳过坏域 1wao401: data/cath/S40/dompdb_pdb/1wao401.pdb is not a valid filename or a valid PDB identifier.
[21:37:35]   ⚠️ 跳过坏域 1weiA01: data/cath/S40/dompdb_pdb/1weiA01.pdb is not a valid filename or a valid PDB identifier.
[21:37:35]   ⚠️ 跳过坏域 1wsrA04: data/cath/S40/dompdb_pdb/1wsrA04.pdb is not a valid filename or a valid PDB identifier.
[21:37:35]   ⚠️ 跳过坏域 1wxxD01: data/cath/S40/dompdb_pdb/1wxxD01.pdb is not a valid filename or a valid PDB identifier.
[21:37:35]   ⚠️ 跳过坏域 1x9jC02: data/cath/S40/dompdb_pdb/1x9jC02.pdb is not a valid filename or a valid PDB identifier.
[21:37:35]   ⚠️ 跳过坏域 1xg7B02: data/cath/S40/dompdb_pdb/1xg7B02.pdb is not a valid filename or a valid PDB identifier.
[21:37:35]   ⚠️ 跳过坏域 1xt3B00: data/cath/S40/dompdb_pdb/1xt3B00.pdb is not a valid filename or a valid PDB identifier.
[21:37:35]   ⚠️ 跳过坏域 1xx8A00: data/cath/S40/dompdb_pdb/1xx8A00.pdb is not a valid filename or a valid PDB identifier.
[21:37:35]   ⚠️ 跳过坏域 1y69U01: data/cath/S40/dompdb_pdb/1y69U01.pdb is not a valid filename or a valid PDB identifier.
[21:37:35]   ⚠️ 跳过坏域 1y92A00: data/cath/S40/dompdb_pdb/1y92A00.pdb is not a valid filename or a valid PDB identifier.
[21:37:35]   ⚠️ 跳过坏域 1ycpK00: data/cath/S40/dompdb_pdb/1ycpK00.pdb is not a valid filename or a valid PDB identifier.
[21:37:35]   ⚠️ 跳过坏域 1yghA00: data/cath/S40/dompdb_pdb/1yghA00.pdb is not a valid filename or a valid PDB identifier.
[21:37:35]   ⚠️ 跳过坏域 1yijA03: data/cath/S40/dompdb_pdb/1yijA03.pdb is not a valid filename or a valid PDB identifier.
[21:37:35]   ⚠️ 跳过坏域 1yn4A00: data/cath/S40/dompdb_pdb/1yn4A00.pdb is not a valid filename or a valid PDB identifier.
[21:37:35]   ⚠️ 跳过坏域 1yqaA00: data/cath/S40/dompdb_pdb/1yqaA00.pdb is not a valid filename or a valid PDB identifier.
[21:37:35]   ⚠️ 跳过坏域 1ytfA02: data/cath/S40/dompdb_pdb/1ytfA02.pdb is not a valid filename or a valid PDB identifier.
[21:37:35]   ⚠️ 跳过坏域 1z1bA02: data/cath/S40/dompdb_pdb/1z1bA02.pdb is not a valid filename or a valid PDB identifier.
[21:37:35]   ⚠️ 跳过坏域 1z25A04: data/cath/S40/dompdb_pdb/1z25A04.pdb is not a valid filename or a valid PDB identifier.
[21:37:35]   ⚠️ 跳过坏域 1zm3C02: data/cath/S40/dompdb_pdb/1zm3C02.pdb is not a valid filename or a valid PDB identifier.
[21:37:35]   ⚠️ 跳过坏域 1ztrA00: data/cath/S40/dompdb_pdb/1ztrA00.pdb is not a valid filename or a valid PDB identifier.
[21:37:35]   ⚠️ 跳过坏域 2a3vD02: data/cath/S40/dompdb_pdb/2a3vD02.pdb is not a valid filename or a valid PDB identifier.
[21:37:35]   ⚠️ 跳过坏域 2ab5A01: data/cath/S40/dompdb_pdb/2ab5A01.pdb is not a valid filename or a valid PDB identifier.
[21:37:35]   ⚠️ 跳过坏域 2algB00: data/cath/S40/dompdb_pdb/2algB00.pdb is not a valid filename or a valid PDB identifier.
[21:37:35]   ⚠️ 跳过坏域 2aqfA00: data/cath/S40/dompdb_pdb/2aqfA00.pdb is not a valid filename or a valid PDB identifier.
[21:37:35]   ⚠️ 跳过坏域 2ausB00: data/cath/S40/dompdb_pdb/2ausB00.pdb is not a valid filename or a valid PDB identifier.
[21:37:35]   ⚠️ 跳过坏域 2ayeE00: data/cath/S40/dompdb_pdb/2ayeE00.pdb is not a valid filename or a valid PDB identifier.
[21:37:35]   ⚠️ 跳过坏域 2b26A01: data/cath/S40/dompdb_pdb/2b26A01.pdb is not a valid filename or a valid PDB identifier.
[21:37:35]   ⚠️ 跳过坏域 2bwlA00: data/cath/S40/dompdb_pdb/2bwlA00.pdb is not a valid filename or a valid PDB identifier.
[21:37:35]   ⚠️ 跳过坏域 2bzpB00: data/cath/S40/dompdb_pdb/2bzpB00.pdb is not a valid filename or a valid PDB identifier.
[21:37:35]   ⚠️ 跳过坏域 2c05A00: data/cath/S40/dompdb_pdb/2c05A00.pdb is not a valid filename or a valid PDB identifier.
[21:37:35]   ⚠️ 跳过坏域 2c7aB00: data/cath/S40/dompdb_pdb/2c7aB00.pdb is not a valid filename or a valid PDB identifier.
[21:37:35]   ⚠️ 跳过坏域 2ccxA00: data/cath/S40/dompdb_pdb/2ccxA00.pdb is not a valid filename or a valid PDB identifier.
[21:37:35]   ⚠️ 跳过坏域 2cvhB01: data/cath/S40/dompdb_pdb/2cvhB01.pdb is not a valid filename or a valid PDB identifier.
[21:37:35]   ⚠️ 跳过坏域 2d0jB00: data/cath/S40/dompdb_pdb/2d0jB00.pdb is not a valid filename or a valid PDB identifier.
[21:37:35]   ⚠️ 跳过坏域 2ddbC01: data/cath/S40/dompdb_pdb/2ddbC01.pdb is not a valid filename or a valid PDB identifier.
[21:37:35]   ⚠️ 跳过坏域 2ddgA00: data/cath/S40/dompdb_pdb/2ddgA00.pdb is not a valid filename or a valid PDB identifier.
[21:37:35]   ⚠️ 跳过坏域 2dftC00: data/cath/S40/dompdb_pdb/2dftC00.pdb is not a valid filename or a valid PDB identifier.
[21:37:35]   ⚠️ 跳过坏域 2djnA01: data/cath/S40/dompdb_pdb/2djnA01.pdb is not a valid filename or a valid PDB identifier.
[21:37:35]   ⚠️ 跳过坏域 2eblA00: data/cath/S40/dompdb_pdb/2eblA00.pdb is not a valid filename or a valid PDB identifier.
[21:37:35]   ⚠️ 跳过坏域 2edoA00: data/cath/S40/dompdb_pdb/2edoA00.pdb is not a valid filename or a valid PDB identifier.
[21:37:35]   ⚠️ 跳过坏域 2eotA00: data/cath/S40/dompdb_pdb/2eotA00.pdb is not a valid filename or a valid PDB identifier.
[21:37:35]   ⚠️ 跳过坏域 2ergB00: data/cath/S40/dompdb_pdb/2ergB00.pdb is not a valid filename or a valid PDB identifier.
[21:37:35]   ⚠️ 跳过坏域 2f3vA00: data/cath/S40/dompdb_pdb/2f3vA00.pdb is not a valid filename or a valid PDB identifier.
[21:37:35]   ⚠️ 跳过坏域 2fccB00: data/cath/S40/dompdb_pdb/2fccB00.pdb is not a valid filename or a valid PDB identifier.
[21:37:35]   ⚠️ 跳过坏域 2gccA00: data/cath/S40/dompdb_pdb/2gccA00.pdb is not a valid filename or a valid PDB identifier.
[21:37:35]   ⚠️ 跳过坏域 2ghpD01: data/cath/S40/dompdb_pdb/2ghpD01.pdb is not a valid filename or a valid PDB identifier.
[21:37:35]   ⚠️ 跳过坏域 2gyrE00: data/cath/S40/dompdb_pdb/2gyrE00.pdb is not a valid filename or a valid PDB identifier.
[21:37:35]   ⚠️ 跳过坏域 2h7hB00: data/cath/S40/dompdb_pdb/2h7hB00.pdb is not a valid filename or a valid PDB identifier.
[21:37:35]   ⚠️ 跳过坏域 2hqjA00: data/cath/S40/dompdb_pdb/2hqjA00.pdb is not a valid filename or a valid PDB identifier.
[21:37:35]   ⚠️ 跳过坏域 2hvyC00: data/cath/S40/dompdb_pdb/2hvyC00.pdb is not a valid filename or a valid PDB identifier.
[21:37:35]   ⚠️ 跳过坏域 2hxjC00: data/cath/S40/dompdb_pdb/2hxjC00.pdb is not a valid filename or a valid PDB identifier.
[21:37:35]   ⚠️ 跳过坏域 2i2vX00: data/cath/S40/dompdb_pdb/2i2vX00.pdb is not a valid filename or a valid PDB identifier.
[21:37:35]   ⚠️ 跳过坏域 2ifsA00: data/cath/S40/dompdb_pdb/2ifsA00.pdb is not a valid filename or a valid PDB identifier.
[21:37:35]   ⚠️ 跳过坏域 2irfK00: data/cath/S40/dompdb_pdb/2irfK00.pdb is not a valid filename or a valid PDB identifier.
[21:37:35]   ⚠️ 跳过坏域 2j6dA00: data/cath/S40/dompdb_pdb/2j6dA00.pdb is not a valid filename or a valid PDB identifier.
[21:37:35]   ⚠️ 跳过坏域 2jfoB02: data/cath/S40/dompdb_pdb/2jfoB02.pdb is not a valid filename or a valid PDB identifier.
[21:37:35]   ⚠️ 跳过坏域 2k04A00: data/cath/S40/dompdb_pdb/2k04A00.pdb is not a valid filename or a valid PDB identifier.
[21:37:35]   ⚠️ 跳过坏域 2keeA00: data/cath/S40/dompdb_pdb/2keeA00.pdb is not a valid filename or a valid PDB identifier.
[21:37:35]   ⚠️ 跳过坏域 2kluA00: data/cath/S40/dompdb_pdb/2kluA00.pdb is not a valid filename or a valid PDB identifier.
[21:37:35]   ⚠️ 跳过坏域 2kulA01: data/cath/S40/dompdb_pdb/2kulA01.pdb is not a valid filename or a valid PDB identifier.
[21:37:35]   ⚠️ 跳过坏域 2l23A00: data/cath/S40/dompdb_pdb/2l23A00.pdb is not a valid filename or a valid PDB identifier.
[21:37:35]   ⚠️ 跳过坏域 2ldoA00: data/cath/S40/dompdb_pdb/2ldoA00.pdb is not a valid filename or a valid PDB identifier.
[21:37:35]   ⚠️ 跳过坏域 2ljzA00: data/cath/S40/dompdb_pdb/2ljzA00.pdb is not a valid filename or a valid PDB identifier.
[21:37:35]   ⚠️ 跳过坏域 2lulA00: data/cath/S40/dompdb_pdb/2lulA00.pdb is not a valid filename or a valid PDB identifier.
[21:37:35]   ⚠️ 跳过坏域 2lupB00: data/cath/S40/dompdb_pdb/2lupB00.pdb is not a valid filename or a valid PDB identifier.
[21:37:35]   ⚠️ 跳过坏域 2ly9A00: data/cath/S40/dompdb_pdb/2ly9A00.pdb is not a valid filename or a valid PDB identifier.
[21:37:35]   ⚠️ 跳过坏域 2m34A00: data/cath/S40/dompdb_pdb/2m34A00.pdb is not a valid filename or a valid PDB identifier.
[21:37:35]   ⚠️ 跳过坏域 2m6iD00: data/cath/S40/dompdb_pdb/2m6iD00.pdb is not a valid filename or a valid PDB identifier.
[21:37:35]   ⚠️ 跳过坏域 2md5A01: data/cath/S40/dompdb_pdb/2md5A01.pdb is not a valid filename or a valid PDB identifier.
[21:37:35]   ⚠️ 跳过坏域 2n18C00: data/cath/S40/dompdb_pdb/2n18C00.pdb is not a valid filename or a valid PDB identifier.
[21:37:35]   ⚠️ 跳过坏域 2n1uA00: data/cath/S40/dompdb_pdb/2n1uA00.pdb is not a valid filename or a valid PDB identifier.
[21:37:35]   ⚠️ 跳过坏域 2nojB00: data/cath/S40/dompdb_pdb/2nojB00.pdb is not a valid filename or a valid PDB identifier.
[21:37:35]   ⚠️ 跳过坏域 2oq0B02: data/cath/S40/dompdb_pdb/2oq0B02.pdb is not a valid filename or a valid PDB identifier.
[21:37:35]   ⚠️ 跳过坏域 2oxmA00: data/cath/S40/dompdb_pdb/2oxmA00.pdb is not a valid filename or a valid PDB identifier.
[21:37:35]   ⚠️ 跳过坏域 2p0dA00: data/cath/S40/dompdb_pdb/2p0dA00.pdb is not a valid filename or a valid PDB identifier.
[21:37:35]   ⚠️ 跳过坏域 2p5dA00: data/cath/S40/dompdb_pdb/2p5dA00.pdb is not a valid filename or a valid PDB identifier.
[21:37:35]   ⚠️ 跳过坏域 2pnsA00: data/cath/S40/dompdb_pdb/2pnsA00.pdb is not a valid filename or a valid PDB identifier.
[21:37:35]   ⚠️ 跳过坏域 2qg8A00: data/cath/S40/dompdb_pdb/2qg8A00.pdb is not a valid filename or a valid PDB identifier.
[21:37:35]   ⚠️ 跳过坏域 2qogA00: data/cath/S40/dompdb_pdb/2qogA00.pdb is not a valid filename or a valid PDB identifier.
[21:37:35]   ⚠️ 跳过坏域 2qouI00: data/cath/S40/dompdb_pdb/2qouI00.pdb is not a valid filename or a valid PDB identifier.
[21:37:35]   ⚠️ 跳过坏域 2qovN01: data/cath/S40/dompdb_pdb/2qovN01.pdb is not a valid filename or a valid PDB identifier.
[21:37:35]   ⚠️ 跳过坏域 2qquA02: data/cath/S40/dompdb_pdb/2qquA02.pdb is not a valid filename or a valid PDB identifier.
[21:37:35]   ⚠️ 跳过坏域 2qxuF00: data/cath/S40/dompdb_pdb/2qxuF00.pdb is not a valid filename or a valid PDB identifier.
[21:37:35]   ⚠️ 跳过坏域 2ra4A00: data/cath/S40/dompdb_pdb/2ra4A00.pdb is not a valid filename or a valid PDB identifier.
[21:37:36]   ⚠️ 跳过坏域 2rtuA00: data/cath/S40/dompdb_pdb/2rtuA00.pdb is not a valid filename or a valid PDB identifier.
[21:37:36]   ⚠️ 跳过坏域 2uuhA00: data/cath/S40/dompdb_pdb/2uuhA00.pdb is not a valid filename or a valid PDB identifier.
[21:37:36]   预解析+encode 7206/7886（跳过 194）
[21:37:36]   ⚠️ 跳过坏域 2uv9E04: data/cath/S40/dompdb_pdb/2uv9E04.pdb is not a valid filename or a valid PDB identifier.
[21:37:36]   ⚠️ 跳过坏域 2v0rA00: data/cath/S40/dompdb_pdb/2v0rA00.pdb is not a valid filename or a valid PDB identifier.
[21:37:36]   ⚠️ 跳过坏域 2v9sD00: data/cath/S40/dompdb_pdb/2v9sD00.pdb is not a valid filename or a valid PDB identifier.
[21:37:36]   ⚠️ 跳过坏域 2vhoT00: data/cath/S40/dompdb_pdb/2vhoT00.pdb is not a valid filename or a valid PDB identifier.
[21:37:36]   ⚠️ 跳过坏域 2vi6E00: data/cath/S40/dompdb_pdb/2vi6E00.pdb is not a valid filename or a valid PDB identifier.
[21:37:36]   ⚠️ 跳过坏域 2vjfA00: data/cath/S40/dompdb_pdb/2vjfA00.pdb is not a valid filename or a valid PDB identifier.
[21:37:36]   ⚠️ 跳过坏域 2vjuB00: data/cath/S40/dompdb_pdb/2vjuB00.pdb is not a valid filename or a valid PDB identifier.
[21:37:36]   ⚠️ 跳过坏域 2vrfB00: data/cath/S40/dompdb_pdb/2vrfB00.pdb is not a valid filename or a valid PDB identifier.
[21:37:36]   ⚠️ 跳过坏域 2vs1A01: data/cath/S40/dompdb_pdb/2vs1A01.pdb is not a valid filename or a valid PDB identifier.
[21:37:36]   ⚠️ 跳过坏域 2w1zB02: data/cath/S40/dompdb_pdb/2w1zB02.pdb is not a valid filename or a valid PDB identifier.
[21:37:36]   ⚠️ 跳过坏域 2wbsA00: data/cath/S40/dompdb_pdb/2wbsA00.pdb is not a valid filename or a valid PDB identifier.
[21:37:36]   ⚠️ 跳过坏域 2wdjN00: data/cath/S40/dompdb_pdb/2wdjN00.pdb is not a valid filename or a valid PDB identifier.
[21:37:36]   ⚠️ 跳过坏域 2wq8A03: data/cath/S40/dompdb_pdb/2wq8A03.pdb is not a valid filename or a valid PDB identifier.
[21:37:36]   ⚠️ 跳过坏域 2x6kB02: data/cath/S40/dompdb_pdb/2x6kB02.pdb is not a valid filename or a valid PDB identifier.
[21:37:36]   ⚠️ 跳过坏域 2x7lM00: data/cath/S40/dompdb_pdb/2x7lM00.pdb is not a valid filename or a valid PDB identifier.
[21:37:36]   ⚠️ 跳过坏域 2x9uS01: data/cath/S40/dompdb_pdb/2x9uS01.pdb is not a valid filename or a valid PDB identifier.
[21:37:36]   ⚠️ 跳过坏域 2xcuD01: data/cath/S40/dompdb_pdb/2xcuD01.pdb is not a valid filename or a valid PDB identifier.
[21:37:36]   ⚠️ 跳过坏域 2xg0O00: data/cath/S40/dompdb_pdb/2xg0O00.pdb is not a valid filename or a valid PDB identifier.
[21:37:36]   ⚠️ 跳过坏域 2xzn500: data/cath/S40/dompdb_pdb/2xzn500.pdb is not a valid filename or a valid PDB identifier.
[21:37:36]   ⚠️ 跳过坏域 2y8wA02: data/cath/S40/dompdb_pdb/2y8wA02.pdb is not a valid filename or a valid PDB identifier.
[21:37:36]   ⚠️ 跳过坏域 2ykqC02: data/cath/S40/dompdb_pdb/2ykqC02.pdb is not a valid filename or a valid PDB identifier.
[21:37:36]   ⚠️ 跳过坏域 2yvlC01: data/cath/S40/dompdb_pdb/2yvlC01.pdb is not a valid filename or a valid PDB identifier.
[21:37:36]   ⚠️ 跳过坏域 2ywgA05: data/cath/S40/dompdb_pdb/2ywgA05.pdb is not a valid filename or a valid PDB identifier.
[21:37:36]   ⚠️ 跳过坏域 2yywA00: data/cath/S40/dompdb_pdb/2yywA00.pdb is not a valid filename or a valid PDB identifier.
[21:37:36]   ⚠️ 跳过坏域 2zaeD02: data/cath/S40/dompdb_pdb/2zaeD02.pdb is not a valid filename or a valid PDB identifier.
[21:37:36]   ⚠️ 跳过坏域 2zetD00: data/cath/S40/dompdb_pdb/2zetD00.pdb is not a valid filename or a valid PDB identifier.
[21:37:36]   ⚠️ 跳过坏域 2zgjA02: data/cath/S40/dompdb_pdb/2zgjA02.pdb is not a valid filename or a valid PDB identifier.
[21:37:36]   ⚠️ 跳过坏域 2zjpG00: data/cath/S40/dompdb_pdb/2zjpG00.pdb is not a valid filename or a valid PDB identifier.
[21:37:36]   ⚠️ 跳过坏域 2zjrP00: data/cath/S40/dompdb_pdb/2zjrP00.pdb is not a valid filename or a valid PDB identifier.
[21:37:36]   ⚠️ 跳过坏域 3a01A00: data/cath/S40/dompdb_pdb/3a01A00.pdb is not a valid filename or a valid PDB identifier.
[21:37:36]   ⚠️ 跳过坏域 3a03A00: data/cath/S40/dompdb_pdb/3a03A00.pdb is not a valid filename or a valid PDB identifier.
[21:37:36]   ⚠️ 跳过坏域 3a8qC02: data/cath/S40/dompdb_pdb/3a8qC02.pdb is not a valid filename or a valid PDB identifier.
[21:37:36]   ⚠️ 跳过坏域 3agjH01: data/cath/S40/dompdb_pdb/3agjH01.pdb is not a valid filename or a valid PDB identifier.
[21:37:36]   ⚠️ 跳过坏域 3azjB00: data/cath/S40/dompdb_pdb/3azjB00.pdb is not a valid filename or a valid PDB identifier.
[21:37:36]   ⚠️ 跳过坏域 3b0uY02: data/cath/S40/dompdb_pdb/3b0uY02.pdb is not a valid filename or a valid PDB identifier.
[21:37:36]   ⚠️ 跳过坏域 3bbhA00: data/cath/S40/dompdb_pdb/3bbhA00.pdb is not a valid filename or a valid PDB identifier.
[21:37:36]   ⚠️ 跳过坏域 3bdcA00: data/cath/S40/dompdb_pdb/3bdcA00.pdb is not a valid filename or a valid PDB identifier.
[21:37:36]   ⚠️ 跳过坏域 3bfkC01: data/cath/S40/dompdb_pdb/3bfkC01.pdb is not a valid filename or a valid PDB identifier.
[21:37:36]   ⚠️ 跳过坏域 3broB00: data/cath/S40/dompdb_pdb/3broB00.pdb is not a valid filename or a valid PDB identifier.
[21:37:36]   ⚠️ 跳过坏域 3bsqB02: data/cath/S40/dompdb_pdb/3bsqB02.pdb is not a valid filename or a valid PDB identifier.
[21:37:36]   ⚠️ 跳过坏域 3bu0A00: data/cath/S40/dompdb_pdb/3bu0A00.pdb is not a valid filename or a valid PDB identifier.
[21:37:36]   ⚠️ 跳过坏域 3c5nB00: data/cath/S40/dompdb_pdb/3c5nB00.pdb is not a valid filename or a valid PDB identifier.
[21:37:36]   ⚠️ 跳过坏域 3c82A00: data/cath/S40/dompdb_pdb/3c82A00.pdb is not a valid filename or a valid PDB identifier.
[21:37:36]   ⚠️ 跳过坏域 3c8jB00: data/cath/S40/dompdb_pdb/3c8jB00.pdb is not a valid filename or a valid PDB identifier.
[21:37:36]   ⚠️ 跳过坏域 3cf5Q00: data/cath/S40/dompdb_pdb/3cf5Q00.pdb is not a valid filename or a valid PDB identifier.
[21:37:36]   ⚠️ 跳过坏域 3cvuA01: data/cath/S40/dompdb_pdb/3cvuA01.pdb is not a valid filename or a valid PDB identifier.
[21:37:36]   ⚠️ 跳过坏域 3cxcY00: data/cath/S40/dompdb_pdb/3cxcY00.pdb is not a valid filename or a valid PDB identifier.
[21:37:36]   ⚠️ 跳过坏域 3cytO00: data/cath/S40/dompdb_pdb/3cytO00.pdb is not a valid filename or a valid PDB identifier.
[21:37:36]   ⚠️ 跳过坏域 3d5bR00: data/cath/S40/dompdb_pdb/3d5bR00.pdb is not a valid filename or a valid PDB identifier.
[21:37:36]   ⚠️ 跳过坏域 3d5sD00: data/cath/S40/dompdb_pdb/3d5sD00.pdb is not a valid filename or a valid PDB identifier.
[21:37:36]   ⚠️ 跳过坏域 3d9pB00: data/cath/S40/dompdb_pdb/3d9pB00.pdb is not a valid filename or a valid PDB identifier.
[21:37:36]   ⚠️ 跳过坏域 3df2200: data/cath/S40/dompdb_pdb/3df2200.pdb is not a valid filename or a valid PDB identifier.
[21:37:36]   ⚠️ 跳过坏域 3dluC00: data/cath/S40/dompdb_pdb/3dluC00.pdb is not a valid filename or a valid PDB identifier.
[21:37:36]   ⚠️ 跳过坏域 3du5A05: data/cath/S40/dompdb_pdb/3du5A05.pdb is not a valid filename or a valid PDB identifier.
[21:37:36]   ⚠️ 跳过坏域 3du6A01: data/cath/S40/dompdb_pdb/3du6A01.pdb is not a valid filename or a valid PDB identifier.
[21:37:36]   ⚠️ 跳过坏域 3duhA03: data/cath/S40/dompdb_pdb/3duhA03.pdb is not a valid filename or a valid PDB identifier.
[21:37:36]   ⚠️ 跳过坏域 3dzyD01: data/cath/S40/dompdb_pdb/3dzyD01.pdb is not a valid filename or a valid PDB identifier.
[21:37:36]   ⚠️ 跳过坏域 3e5qE02: data/cath/S40/dompdb_pdb/3e5qE02.pdb is not a valid filename or a valid PDB identifier.
[21:37:36]   ⚠️ 跳过坏域 3eikA02: data/cath/S40/dompdb_pdb/3eikA02.pdb is not a valid filename or a valid PDB identifier.
[21:37:36]   ⚠️ 跳过坏域 3f8iA01: data/cath/S40/dompdb_pdb/3f8iA01.pdb is not a valid filename or a valid PDB identifier.
[21:37:36]   ⚠️ 跳过坏域 3g6jD02: data/cath/S40/dompdb_pdb/3g6jD02.pdb is not a valid filename or a valid PDB identifier.
[21:37:36]   ⚠️ 跳过坏域 3g71300: data/cath/S40/dompdb_pdb/3g71300.pdb is not a valid filename or a valid PDB identifier.
[21:37:36]   ⚠️ 跳过坏域 3ggoC01: data/cath/S40/dompdb_pdb/3ggoC01.pdb is not a valid filename or a valid PDB identifier.
[21:37:36]   ⚠️ 跳过坏域 3gh8B01: data/cath/S40/dompdb_pdb/3gh8B01.pdb is not a valid filename or a valid PDB identifier.
[21:37:36]   ⚠️ 跳过坏域 3gqgC00: data/cath/S40/dompdb_pdb/3gqgC00.pdb is not a valid filename or a valid PDB identifier.
[21:37:36]   ⚠️ 跳过坏域 3h9yA01: data/cath/S40/dompdb_pdb/3h9yA01.pdb is not a valid filename or a valid PDB identifier.
[21:37:36]   ⚠️ 跳过坏域 3hdeB00: data/cath/S40/dompdb_pdb/3hdeB00.pdb is not a valid filename or a valid PDB identifier.
[21:37:36]   ⚠️ 跳过坏域 3hiwB01: data/cath/S40/dompdb_pdb/3hiwB01.pdb is not a valid filename or a valid PDB identifier.
[21:37:36]   ⚠️ 跳过坏域 3ht7A00: data/cath/S40/dompdb_pdb/3ht7A00.pdb is not a valid filename or a valid PDB identifier.
[21:37:36]   ⚠️ 跳过坏域 3hw8A04: data/cath/S40/dompdb_pdb/3hw8A04.pdb is not a valid filename or a valid PDB identifier.
[21:37:36]   ⚠️ 跳过坏域 3i1qR00: data/cath/S40/dompdb_pdb/3i1qR00.pdb is not a valid filename or a valid PDB identifier.
[21:37:36]   ⚠️ 跳过坏域 3i21E01: data/cath/S40/dompdb_pdb/3i21E01.pdb is not a valid filename or a valid PDB identifier.
[21:37:36]   ⚠️ 跳过坏域 3igkA00: data/cath/S40/dompdb_pdb/3igkA00.pdb is not a valid filename or a valid PDB identifier.
[21:37:36]   ⚠️ 跳过坏域 3ioqA00: data/cath/S40/dompdb_pdb/3ioqA00.pdb is not a valid filename or a valid PDB identifier.
[21:37:36]   ⚠️ 跳过坏域 3j7a300: data/cath/S40/dompdb_pdb/3j7a300.pdb is not a valid filename or a valid PDB identifier.
[21:37:36]   ⚠️ 跳过坏域 3j80a00: data/cath/S40/dompdb_pdb/3j80a00.pdb is not a valid filename or a valid PDB identifier.
[21:37:36]   ⚠️ 跳过坏域 3j81i00: data/cath/S40/dompdb_pdb/3j81i00.pdb is not a valid filename or a valid PDB identifier.
[21:37:36]   ⚠️ 跳过坏域 3jamY00: data/cath/S40/dompdb_pdb/3jamY00.pdb is not a valid filename or a valid PDB identifier.
[21:37:36]   ⚠️ 跳过坏域 3kinB00: data/cath/S40/dompdb_pdb/3kinB00.pdb is not a valid filename or a valid PDB identifier.
[21:37:36]   ⚠️ 跳过坏域 3ktwA00: data/cath/S40/dompdb_pdb/3ktwA00.pdb is not a valid filename or a valid PDB identifier.
[21:37:36]   ⚠️ 跳过坏域 3l1pB02: data/cath/S40/dompdb_pdb/3l1pB02.pdb is not a valid filename or a valid PDB identifier.
[21:37:36]   ⚠️ 跳过坏域 3l7jD01: data/cath/S40/dompdb_pdb/3l7jD01.pdb is not a valid filename or a valid PDB identifier.
[21:37:36]   ⚠️ 跳过坏域 3ldjB00: data/cath/S40/dompdb_pdb/3ldjB00.pdb is not a valid filename or a valid PDB identifier.
[21:37:36]   ⚠️ 跳过坏域 3lhmA00: data/cath/S40/dompdb_pdb/3lhmA00.pdb is not a valid filename or a valid PDB identifier.
[21:37:36]   ⚠️ 跳过坏域 3ml1A04: data/cath/S40/dompdb_pdb/3ml1A04.pdb is not a valid filename or a valid PDB identifier.
[21:37:36]   ⚠️ 跳过坏域 3mr8J00: data/cath/S40/dompdb_pdb/3mr8J00.pdb is not a valid filename or a valid PDB identifier.
[21:37:36]   ⚠️ 跳过坏域 3mxbA00: data/cath/S40/dompdb_pdb/3mxbA00.pdb is not a valid filename or a valid PDB identifier.
[21:37:36]   ⚠️ 跳过坏域 3naxA01: data/cath/S40/dompdb_pdb/3naxA01.pdb is not a valid filename or a valid PDB identifier.
[21:37:36]   ⚠️ 跳过坏域 3nbzC00: data/cath/S40/dompdb_pdb/3nbzC00.pdb is not a valid filename or a valid PDB identifier.
[21:37:36]   ⚠️ 跳过坏域 3nmuA03: data/cath/S40/dompdb_pdb/3nmuA03.pdb is not a valid filename or a valid PDB identifier.
[21:37:36]   ⚠️ 跳过坏域 3nsuA00: data/cath/S40/dompdb_pdb/3nsuA00.pdb is not a valid filename or a valid PDB identifier.
[21:37:36]   ⚠️ 跳过坏域 3nvdB02: data/cath/S40/dompdb_pdb/3nvdB02.pdb is not a valid filename or a valid PDB identifier.
[21:37:36]   ⚠️ 跳过坏域 3nzaX00: data/cath/S40/dompdb_pdb/3nzaX00.pdb is not a valid filename or a valid PDB identifier.
[21:37:36]   ⚠️ 跳过坏域 3o1gA00: data/cath/S40/dompdb_pdb/3o1gA00.pdb is not a valid filename or a valid PDB identifier.
[21:37:36]   ⚠️ 跳过坏域 3o1yB00: data/cath/S40/dompdb_pdb/3o1yB00.pdb is not a valid filename or a valid PDB identifier.
[21:37:36]   ⚠️ 跳过坏域 3o2zD00: data/cath/S40/dompdb_pdb/3o2zD00.pdb is not a valid filename or a valid PDB identifier.
[21:37:36]   ⚠️ 跳过坏域 3o30P00: data/cath/S40/dompdb_pdb/3o30P00.pdb is not a valid filename or a valid PDB identifier.
[21:37:36]   ⚠️ 跳过坏域 3ofqC03: data/cath/S40/dompdb_pdb/3ofqC03.pdb is not a valid filename or a valid PDB identifier.
[21:37:36]   ⚠️ 跳过坏域 3ofyC02: data/cath/S40/dompdb_pdb/3ofyC02.pdb is not a valid filename or a valid PDB identifier.
[21:37:36]   ⚠️ 跳过坏域 3oiyA01: data/cath/S40/dompdb_pdb/3oiyA01.pdb is not a valid filename or a valid PDB identifier.
[21:37:36]   ⚠️ 跳过坏域 3oqmC01: data/cath/S40/dompdb_pdb/3oqmC01.pdb is not a valid filename or a valid PDB identifier.
[21:37:36]   ⚠️ 跳过坏域 3os1A02: data/cath/S40/dompdb_pdb/3os1A02.pdb is not a valid filename or a valid PDB identifier.
[21:37:36]   ⚠️ 跳过坏域 3otoO00: data/cath/S40/dompdb_pdb/3otoO00.pdb is not a valid filename or a valid PDB identifier.
[21:37:36]   ⚠️ 跳过坏域 3ov0A01: data/cath/S40/dompdb_pdb/3ov0A01.pdb is not a valid filename or a valid PDB identifier.
[21:37:36]   ⚠️ 跳过坏域 3owgB01: data/cath/S40/dompdb_pdb/3owgB01.pdb is not a valid filename or a valid PDB identifier.
[21:37:37]   ⚠️ 跳过坏域 3p1yB03: data/cath/S40/dompdb_pdb/3p1yB03.pdb is not a valid filename or a valid PDB identifier.
[21:37:37]   ⚠️ 跳过坏域 3pp2B00: data/cath/S40/dompdb_pdb/3pp2B00.pdb is not a valid filename or a valid PDB identifier.
[21:37:37]   ⚠️ 跳过坏域 3pr1A00: data/cath/S40/dompdb_pdb/3pr1A00.pdb is not a valid filename or a valid PDB identifier.
[21:37:37]   ⚠️ 跳过坏域 3r8nL00: data/cath/S40/dompdb_pdb/3r8nL00.pdb is not a valid filename or a valid PDB identifier.
[21:37:37]   ⚠️ 跳过坏域 3ra0A00: data/cath/S40/dompdb_pdb/3ra0A00.pdb is not a valid filename or a valid PDB identifier.
[21:37:37]   ⚠️ 跳过坏域 3rn5B02: data/cath/S40/dompdb_pdb/3rn5B02.pdb is not a valid filename or a valid PDB identifier.
[21:37:37]   ⚠️ 跳过坏域 3seqA03: data/cath/S40/dompdb_pdb/3seqA03.pdb is not a valid filename or a valid PDB identifier.
[21:37:37]   ⚠️ 跳过坏域 3srzA01: data/cath/S40/dompdb_pdb/3srzA01.pdb is not a valid filename or a valid PDB identifier.
[21:37:37]   ⚠️ 跳过坏域 3tacA02: data/cath/S40/dompdb_pdb/3tacA02.pdb is not a valid filename or a valid PDB identifier.
[21:37:37]   ⚠️ 跳过坏域 3tk9A01: data/cath/S40/dompdb_pdb/3tk9A01.pdb is not a valid filename or a valid PDB identifier.
[21:37:37]   ⚠️ 跳过坏域 3tq6B01: data/cath/S40/dompdb_pdb/3tq6B01.pdb is not a valid filename or a valid PDB identifier.
[21:37:37]   ⚠️ 跳过坏域 3u5em00: data/cath/S40/dompdb_pdb/3u5em00.pdb is not a valid filename or a valid PDB identifier.
[21:37:37]   ⚠️ 跳过坏域 3u8dA00: data/cath/S40/dompdb_pdb/3u8dA00.pdb is not a valid filename or a valid PDB identifier.
[21:37:37]   ⚠️ 跳过坏域 3ubtB02: data/cath/S40/dompdb_pdb/3ubtB02.pdb is not a valid filename or a valid PDB identifier.
[21:37:37]   ⚠️ 跳过坏域 3ul3B01: data/cath/S40/dompdb_pdb/3ul3B01.pdb is not a valid filename or a valid PDB identifier.
[21:37:37]   ⚠️ 跳过坏域 3urzB00: data/cath/S40/dompdb_pdb/3urzB00.pdb is not a valid filename or a valid PDB identifier.
[21:37:37]   ⚠️ 跳过坏域 3v26G00: data/cath/S40/dompdb_pdb/3v26G00.pdb is not a valid filename or a valid PDB identifier.
[21:37:37]   ⚠️ 跳过坏域 3v6xH01: data/cath/S40/dompdb_pdb/3v6xH01.pdb is not a valid filename or a valid PDB identifier.
[21:37:37]   ⚠️ 跳过坏域 3vcfA00: data/cath/S40/dompdb_pdb/3vcfA00.pdb is not a valid filename or a valid PDB identifier.
[21:37:37]   ⚠️ 跳过坏域 3vtsB00: data/cath/S40/dompdb_pdb/3vtsB00.pdb is not a valid filename or a valid PDB identifier.
[21:37:37]   ⚠️ 跳过坏域 3vw4B01: data/cath/S40/dompdb_pdb/3vw4B01.pdb is not a valid filename or a valid PDB identifier.
[21:37:37]   ⚠️ 跳过坏域 3wnyE00: data/cath/S40/dompdb_pdb/3wnyE00.pdb is not a valid filename or a valid PDB identifier.
[21:37:37]   ⚠️ 跳过坏域 3zooA00: data/cath/S40/dompdb_pdb/3zooA00.pdb is not a valid filename or a valid PDB identifier.
[21:37:37]   ⚠️ 跳过坏域 3zwcA02: data/cath/S40/dompdb_pdb/3zwcA02.pdb is not a valid filename or a valid PDB identifier.
[21:37:37]   ⚠️ 跳过坏域 4a0yA01: data/cath/S40/dompdb_pdb/4a0yA01.pdb is not a valid filename or a valid PDB identifier.
[21:37:37]   ⚠️ 跳过坏域 4a17L01: data/cath/S40/dompdb_pdb/4a17L01.pdb is not a valid filename or a valid PDB identifier.
[21:37:37]   ⚠️ 跳过坏域 4a18H00: data/cath/S40/dompdb_pdb/4a18H00.pdb is not a valid filename or a valid PDB identifier.
[21:37:37]   ⚠️ 跳过坏域 4a19O00: data/cath/S40/dompdb_pdb/4a19O00.pdb is not a valid filename or a valid PDB identifier.
[21:37:37]   ⚠️ 跳过坏域 4a1bT00: data/cath/S40/dompdb_pdb/4a1bT00.pdb is not a valid filename or a valid PDB identifier.
[21:37:37]   ⚠️ 跳过坏域 4a1cQ00: data/cath/S40/dompdb_pdb/4a1cQ00.pdb is not a valid filename or a valid PDB identifier.
[21:37:37]   ⚠️ 跳过坏域 4a1dC00: data/cath/S40/dompdb_pdb/4a1dC00.pdb is not a valid filename or a valid PDB identifier.
[21:37:37]   ⚠️ 跳过坏域 4a1iB02: data/cath/S40/dompdb_pdb/4a1iB02.pdb is not a valid filename or a valid PDB identifier.
[21:37:37]   ⚠️ 跳过坏域 4a3fE02: data/cath/S40/dompdb_pdb/4a3fE02.pdb is not a valid filename or a valid PDB identifier.
[21:37:37]   ⚠️ 跳过坏域 4a3gL00: data/cath/S40/dompdb_pdb/4a3gL00.pdb is not a valid filename or a valid PDB identifier.
[21:37:37]   ⚠️ 跳过坏域 4a4kC02: data/cath/S40/dompdb_pdb/4a4kC02.pdb is not a valid filename or a valid PDB identifier.
[21:37:37]   ⚠️ 跳过坏域 4acaA02: data/cath/S40/dompdb_pdb/4acaA02.pdb is not a valid filename or a valid PDB identifier.
[21:37:37]   ⚠️ 跳过坏域 4afqA01: data/cath/S40/dompdb_pdb/4afqA01.pdb is not a valid filename or a valid PDB identifier.
[21:37:37]   ⚠️ 跳过坏域 4athA00: data/cath/S40/dompdb_pdb/4athA00.pdb is not a valid filename or a valid PDB identifier.
[21:37:37]   ⚠️ 跳过坏域 4atiB00: data/cath/S40/dompdb_pdb/4atiB00.pdb is not a valid filename or a valid PDB identifier.
[21:37:37]   ⚠️ 跳过坏域 4auwE00: data/cath/S40/dompdb_pdb/4auwE00.pdb is not a valid filename or a valid PDB identifier.
[21:37:37]   ⚠️ 跳过坏域 4bpeO02: data/cath/S40/dompdb_pdb/4bpeO02.pdb is not a valid filename or a valid PDB identifier.
[21:37:37]   ⚠️ 跳过坏域 4bpnJ00: data/cath/S40/dompdb_pdb/4bpnJ00.pdb is not a valid filename or a valid PDB identifier.
[21:37:37]   ⚠️ 跳过坏域 4bppC02: data/cath/S40/dompdb_pdb/4bppC02.pdb is not a valid filename or a valid PDB identifier.
[21:37:37]   ⚠️ 跳过坏域 4c2mP08: data/cath/S40/dompdb_pdb/4c2mP08.pdb is not a valid filename or a valid PDB identifier.
[21:37:37]   ⚠️ 跳过坏域 4c3dB00: data/cath/S40/dompdb_pdb/4c3dB00.pdb is not a valid filename or a valid PDB identifier.
[21:37:37]   ⚠️ 跳过坏域 4c9yB00: data/cath/S40/dompdb_pdb/4c9yB00.pdb is not a valid filename or a valid PDB identifier.
[21:37:37]   ⚠️ 跳过坏域 4cffA01: data/cath/S40/dompdb_pdb/4cffA01.pdb is not a valid filename or a valid PDB identifier.
[21:37:37]   ⚠️ 跳过坏域 4cfoB02: data/cath/S40/dompdb_pdb/4cfoB02.pdb is not a valid filename or a valid PDB identifier.
[21:37:37]   ⚠️ 跳过坏域 4cuwh02: data/cath/S40/dompdb_pdb/4cuwh02.pdb is not a valid filename or a valid PDB identifier.
[21:37:37]   ⚠️ 跳过坏域 4cvnE00: data/cath/S40/dompdb_pdb/4cvnE00.pdb is not a valid filename or a valid PDB identifier.
[21:37:37]   ⚠️ 跳过坏域 4dcfC00: data/cath/S40/dompdb_pdb/4dcfC00.pdb is not a valid filename or a valid PDB identifier.
[21:37:37]   ⚠️ 跳过坏域 4dhcW00: data/cath/S40/dompdb_pdb/4dhcW00.pdb is not a valid filename or a valid PDB identifier.
[21:37:37]   ⚠️ 跳过坏域 4dhlC01: data/cath/S40/dompdb_pdb/4dhlC01.pdb is not a valid filename or a valid PDB identifier.
[21:37:37]   ⚠️ 跳过坏域 4dxfB01: data/cath/S40/dompdb_pdb/4dxfB01.pdb is not a valid filename or a valid PDB identifier.
[21:37:37]   ⚠️ 跳过坏域 4ejc800: data/cath/S40/dompdb_pdb/4ejc800.pdb is not a valid filename or a valid PDB identifier.
[21:37:37]   ⚠️ 跳过坏域 4evoA00: data/cath/S40/dompdb_pdb/4evoA00.pdb is not a valid filename or a valid PDB identifier.
[21:37:37]   ⚠️ 跳过坏域 4fhcA01: data/cath/S40/dompdb_pdb/4fhcA01.pdb is not a valid filename or a valid PDB identifier.
[21:37:37]   ⚠️ 跳过坏域 4flvA04: data/cath/S40/dompdb_pdb/4flvA04.pdb is not a valid filename or a valid PDB identifier.
[21:37:37]   ⚠️ 跳过坏域 4fqmG02: data/cath/S40/dompdb_pdb/4fqmG02.pdb is not a valid filename or a valid PDB identifier.
[21:37:37]   ⚠️ 跳过坏域 4fy6R00: data/cath/S40/dompdb_pdb/4fy6R00.pdb is not a valid filename or a valid PDB identifier.
[21:37:37]   ⚠️ 跳过坏域 4g1lA02: data/cath/S40/dompdb_pdb/4g1lA02.pdb is not a valid filename or a valid PDB identifier.
[21:37:37]   ⚠️ 跳过坏域 4gasG00: data/cath/S40/dompdb_pdb/4gasG00.pdb is not a valid filename or a valid PDB identifier.
[21:37:37]   ⚠️ 跳过坏域 4gatA00: data/cath/S40/dompdb_pdb/4gatA00.pdb is not a valid filename or a valid PDB identifier.
[21:37:37]   ⚠️ 跳过坏域 4gawB02: data/cath/S40/dompdb_pdb/4gawB02.pdb is not a valid filename or a valid PDB identifier.
[21:37:37]   ⚠️ 跳过坏域 4hedA00: data/cath/S40/dompdb_pdb/4hedA00.pdb is not a valid filename or a valid PDB identifier.
[21:37:37]   ⚠️ 跳过坏域 4hqlA02: data/cath/S40/dompdb_pdb/4hqlA02.pdb is not a valid filename or a valid PDB identifier.
[21:37:37]   ⚠️ 跳过坏域 4hywA01: data/cath/S40/dompdb_pdb/4hywA01.pdb is not a valid filename or a valid PDB identifier.
[21:37:37]   ⚠️ 跳过坏域 4i3gB04: data/cath/S40/dompdb_pdb/4i3gB04.pdb is not a valid filename or a valid PDB identifier.
[21:37:37]   ⚠️ 跳过坏域 4i6hA01: data/cath/S40/dompdb_pdb/4i6hA01.pdb is not a valid filename or a valid PDB identifier.
[21:37:37]   ⚠️ 跳过坏域 4iapB02: data/cath/S40/dompdb_pdb/4iapB02.pdb is not a valid filename or a valid PDB identifier.
[21:37:37]   ⚠️ 跳过坏域 4io9J01: data/cath/S40/dompdb_pdb/4io9J01.pdb is not a valid filename or a valid PDB identifier.
[21:37:37]   ⚠️ 跳过坏域 4ioaA01: data/cath/S40/dompdb_pdb/4ioaA01.pdb is not a valid filename or a valid PDB identifier.
[21:37:37]   ⚠️ 跳过坏域 4iocD00: data/cath/S40/dompdb_pdb/4iocD00.pdb is not a valid filename or a valid PDB identifier.
[21:37:37]   ⚠️ 跳过坏域 4iqhA00: data/cath/S40/dompdb_pdb/4iqhA00.pdb is not a valid filename or a valid PDB identifier.
[21:37:37]   ⚠️ 跳过坏域 4ji3H02: data/cath/S40/dompdb_pdb/4ji3H02.pdb is not a valid filename or a valid PDB identifier.
[21:37:37]   ⚠️ 跳过坏域 4jv5Q00: data/cath/S40/dompdb_pdb/4jv5Q00.pdb is not a valid filename or a valid PDB identifier.
[21:37:37]   ⚠️ 跳过坏域 4k15B00: data/cath/S40/dompdb_pdb/4k15B00.pdb is not a valid filename or a valid PDB identifier.
[21:37:37]   ⚠️ 跳过坏域 4kbvP00: data/cath/S40/dompdb_pdb/4kbvP00.pdb is not a valid filename or a valid PDB identifier.
[21:37:37]   ⚠️ 跳过坏域 4kdjL00: data/cath/S40/dompdb_pdb/4kdjL00.pdb is not a valid filename or a valid PDB identifier.
[21:37:37]   ⚠️ 跳过坏域 4kdpC00: data/cath/S40/dompdb_pdb/4kdpC00.pdb is not a valid filename or a valid PDB identifier.
[21:37:37]   ⚠️ 跳过坏域 4kfiX00: data/cath/S40/dompdb_pdb/4kfiX00.pdb is not a valid filename or a valid PDB identifier.
[21:37:37]   ⚠️ 跳过坏域 4kfuB00: data/cath/S40/dompdb_pdb/4kfuB00.pdb is not a valid filename or a valid PDB identifier.
[21:37:37]   ⚠️ 跳过坏域 4kj3J00: data/cath/S40/dompdb_pdb/4kj3J00.pdb is not a valid filename or a valid PDB identifier.
[21:37:37]   ⚠️ 跳过坏域 4kj9M01: data/cath/S40/dompdb_pdb/4kj9M01.pdb is not a valid filename or a valid PDB identifier.
[21:37:37]   ⚠️ 跳过坏域 4kjbT00: data/cath/S40/dompdb_pdb/4kjbT00.pdb is not a valid filename or a valid PDB identifier.
[21:37:37]   ⚠️ 跳过坏域 4kudF00: data/cath/S40/dompdb_pdb/4kudF00.pdb is not a valid filename or a valid PDB identifier.
[21:37:37]   ⚠️ 跳过坏域 4l6j300: data/cath/S40/dompdb_pdb/4l6j300.pdb is not a valid filename or a valid PDB identifier.
[21:37:37]   ⚠️ 跳过坏域 4l8rC00: data/cath/S40/dompdb_pdb/4l8rC00.pdb is not a valid filename or a valid PDB identifier.
[21:37:37]   ⚠️ 跳过坏域 4ld9G00: data/cath/S40/dompdb_pdb/4ld9G00.pdb is not a valid filename or a valid PDB identifier.
[21:37:37]   ⚠️ 跳过坏域 4lxcA02: data/cath/S40/dompdb_pdb/4lxcA02.pdb is not a valid filename or a valid PDB identifier.
[21:37:37]   ⚠️ 跳过坏域 4m0lA03: data/cath/S40/dompdb_pdb/4m0lA03.pdb is not a valid filename or a valid PDB identifier.
[21:37:37]   ⚠️ 跳过坏域 4m44C02: data/cath/S40/dompdb_pdb/4m44C02.pdb is not a valid filename or a valid PDB identifier.
[21:37:37]   ⚠️ 跳过坏域 4mzpC00: data/cath/S40/dompdb_pdb/4mzpC00.pdb is not a valid filename or a valid PDB identifier.
[21:37:37]   ⚠️ 跳过坏域 4nfgB00: data/cath/S40/dompdb_pdb/4nfgB00.pdb is not a valid filename or a valid PDB identifier.
[21:37:37]   ⚠️ 跳过坏域 4niaA00: data/cath/S40/dompdb_pdb/4niaA00.pdb is not a valid filename or a valid PDB identifier.
[21:37:37]   预解析+encode 7206/7886（跳过 394）
[21:37:37]   ⚠️ 跳过坏域 4nxzA01: data/cath/S40/dompdb_pdb/4nxzA01.pdb is not a valid filename or a valid PDB identifier.
[21:37:37]   ⚠️ 跳过坏域 4obqB02: data/cath/S40/dompdb_pdb/4obqB02.pdb is not a valid filename or a valid PDB identifier.
[21:37:37]   ⚠️ 跳过坏域 4olnA00: data/cath/S40/dompdb_pdb/4olnA00.pdb is not a valid filename or a valid PDB identifier.
[21:37:37]   ⚠️ 跳过坏域 4om5B00: data/cath/S40/dompdb_pdb/4om5B00.pdb is not a valid filename or a valid PDB identifier.
[21:37:37]   ⚠️ 跳过坏域 4ondA00: data/cath/S40/dompdb_pdb/4ondA00.pdb is not a valid filename or a valid PDB identifier.
[21:37:37]   ⚠️ 跳过坏域 4ozdF00: data/cath/S40/dompdb_pdb/4ozdF00.pdb is not a valid filename or a valid PDB identifier.
[21:37:37]   ⚠️ 跳过坏域 4p78D00: data/cath/S40/dompdb_pdb/4p78D00.pdb is not a valid filename or a valid PDB identifier.
[21:37:37]   ⚠️ 跳过坏域 4pniA02: data/cath/S40/dompdb_pdb/4pniA02.pdb is not a valid filename or a valid PDB identifier.
[21:37:37]   ⚠️ 跳过坏域 4povB00: data/cath/S40/dompdb_pdb/4povB00.pdb is not a valid filename or a valid PDB identifier.
[21:37:38]   ⚠️ 跳过坏域 4pt4A00: data/cath/S40/dompdb_pdb/4pt4A00.pdb is not a valid filename or a valid PDB identifier.
[21:37:38]   ⚠️ 跳过坏域 4pw7B01: data/cath/S40/dompdb_pdb/4pw7B01.pdb is not a valid filename or a valid PDB identifier.
[21:37:38]   ⚠️ 跳过坏域 4q5gB00: data/cath/S40/dompdb_pdb/4q5gB00.pdb is not a valid filename or a valid PDB identifier.
[21:37:38]   ⚠️ 跳过坏域 4qcv700: data/cath/S40/dompdb_pdb/4qcv700.pdb is not a valid filename or a valid PDB identifier.
[21:37:38]   ⚠️ 跳过坏域 4qjsD03: data/cath/S40/dompdb_pdb/4qjsD03.pdb is not a valid filename or a valid PDB identifier.
[21:37:38]   ⚠️ 跳过坏域 4qlcC00: data/cath/S40/dompdb_pdb/4qlcC00.pdb is not a valid filename or a valid PDB identifier.
[21:37:38]   ⚠️ 跳过坏域 4qs1300: data/cath/S40/dompdb_pdb/4qs1300.pdb is not a valid filename or a valid PDB identifier.
[21:37:38]   ⚠️ 跳过坏域 4qs2C02: data/cath/S40/dompdb_pdb/4qs2C02.pdb is not a valid filename or a valid PDB identifier.
[21:37:38]   ⚠️ 跳过坏域 4qt8C02: data/cath/S40/dompdb_pdb/4qt8C02.pdb is not a valid filename or a valid PDB identifier.
[21:37:38]   ⚠️ 跳过坏域 4qtrC00: data/cath/S40/dompdb_pdb/4qtrC00.pdb is not a valid filename or a valid PDB identifier.
[21:37:38]   ⚠️ 跳过坏域 4r2aA00: data/cath/S40/dompdb_pdb/4r2aA00.pdb is not a valid filename or a valid PDB identifier.
[21:37:38]   ⚠️ 跳过坏域 4rb7R00: data/cath/S40/dompdb_pdb/4rb7R00.pdb is not a valid filename or a valid PDB identifier.
[21:37:38]   ⚠️ 跳过坏域 4redA01: data/cath/S40/dompdb_pdb/4redA01.pdb is not a valid filename or a valid PDB identifier.
[21:37:38]   ⚠️ 跳过坏域 4rodB02: data/cath/S40/dompdb_pdb/4rodB02.pdb is not a valid filename or a valid PDB identifier.
[21:37:38]   ⚠️ 跳过坏域 4tkrB00: data/cath/S40/dompdb_pdb/4tkrB00.pdb is not a valid filename or a valid PDB identifier.
[21:37:38]   ⚠️ 跳过坏域 4tp1K00: data/cath/S40/dompdb_pdb/4tp1K00.pdb is not a valid filename or a valid PDB identifier.
[21:37:38]   ⚠️ 跳过坏域 4tp5Z00: data/cath/S40/dompdb_pdb/4tp5Z00.pdb is not a valid filename or a valid PDB identifier.
[21:37:38]   ⚠️ 跳过坏域 4tp6S00: data/cath/S40/dompdb_pdb/4tp6S00.pdb is not a valid filename or a valid PDB identifier.
[21:37:38]   ⚠️ 跳过坏域 4tpeM02: data/cath/S40/dompdb_pdb/4tpeM02.pdb is not a valid filename or a valid PDB identifier.
[21:37:38]   ⚠️ 跳过坏域 4tpf100: data/cath/S40/dompdb_pdb/4tpf100.pdb is not a valid filename or a valid PDB identifier.
[21:37:38]   ⚠️ 跳过坏域 4tsoB00: data/cath/S40/dompdb_pdb/4tsoB00.pdb is not a valid filename or a valid PDB identifier.
[21:37:38]   ⚠️ 跳过坏域 4ttcB01: data/cath/S40/dompdb_pdb/4ttcB01.pdb is not a valid filename or a valid PDB identifier.
[21:37:38]   ⚠️ 跳过坏域 4u67H00: data/cath/S40/dompdb_pdb/4u67H00.pdb is not a valid filename or a valid PDB identifier.
[21:37:38]   ⚠️ 跳过坏域 4ui9L00: data/cath/S40/dompdb_pdb/4ui9L00.pdb is not a valid filename or a valid PDB identifier.
[21:37:38]   ⚠️ 跳过坏域 4ujfS01: data/cath/S40/dompdb_pdb/4ujfS01.pdb is not a valid filename or a valid PDB identifier.
[21:37:38]   ⚠️ 跳过坏域 4ujmY00: data/cath/S40/dompdb_pdb/4ujmY00.pdb is not a valid filename or a valid PDB identifier.
[21:37:38]   ⚠️ 跳过坏域 4ujoB00: data/cath/S40/dompdb_pdb/4ujoB00.pdb is not a valid filename or a valid PDB identifier.
[21:37:38]   ⚠️ 跳过坏域 4ujpa00: data/cath/S40/dompdb_pdb/4ujpa00.pdb is not a valid filename or a valid PDB identifier.
[21:37:38]   ⚠️ 跳过坏域 4ujvE03: data/cath/S40/dompdb_pdb/4ujvE03.pdb is not a valid filename or a valid PDB identifier.
[21:37:38]   ⚠️ 跳过坏域 4ujyA01: data/cath/S40/dompdb_pdb/4ujyA01.pdb is not a valid filename or a valid PDB identifier.
[21:37:38]   ⚠️ 跳过坏域 4uk0D01: data/cath/S40/dompdb_pdb/4uk0D01.pdb is not a valid filename or a valid PDB identifier.
[21:37:38]   ⚠️ 跳过坏域 4uk1C00: data/cath/S40/dompdb_pdb/4uk1C00.pdb is not a valid filename or a valid PDB identifier.
[21:37:38]   ⚠️ 跳过坏域 4uk3O02: data/cath/S40/dompdb_pdb/4uk3O02.pdb is not a valid filename or a valid PDB identifier.
[21:37:38]   ⚠️ 跳过坏域 4uk8L01: data/cath/S40/dompdb_pdb/4uk8L01.pdb is not a valid filename or a valid PDB identifier.
[21:37:38]   ⚠️ 跳过坏域 4ukhE02: data/cath/S40/dompdb_pdb/4ukhE02.pdb is not a valid filename or a valid PDB identifier.
[21:37:38]   ⚠️ 跳过坏域 4ukjY01: data/cath/S40/dompdb_pdb/4ukjY01.pdb is not a valid filename or a valid PDB identifier.
[21:37:38]   ⚠️ 跳过坏域 4ukkM00: data/cath/S40/dompdb_pdb/4ukkM00.pdb is not a valid filename or a valid PDB identifier.
[21:37:38]   ⚠️ 跳过坏域 4ukog00: data/cath/S40/dompdb_pdb/4ukog00.pdb is not a valid filename or a valid PDB identifier.
[21:37:38]   ⚠️ 跳过坏域 4ukuF01: data/cath/S40/dompdb_pdb/4ukuF01.pdb is not a valid filename or a valid PDB identifier.
[21:37:38]   ⚠️ 跳过坏域 4ukwX00: data/cath/S40/dompdb_pdb/4ukwX00.pdb is not a valid filename or a valid PDB identifier.
[21:37:38]   ⚠️ 跳过坏域 4ukzX01: data/cath/S40/dompdb_pdb/4ukzX01.pdb is not a valid filename or a valid PDB identifier.
[21:37:38]   ⚠️ 跳过坏域 4ul9H02: data/cath/S40/dompdb_pdb/4ul9H02.pdb is not a valid filename or a valid PDB identifier.
[21:37:38]   ⚠️ 跳过坏域 4ulcD00: data/cath/S40/dompdb_pdb/4ulcD00.pdb is not a valid filename or a valid PDB identifier.
[21:37:38]   ⚠️ 跳过坏域 4ulgL00: data/cath/S40/dompdb_pdb/4ulgL00.pdb is not a valid filename or a valid PDB identifier.
[21:37:38]   ⚠️ 跳过坏域 4uliG01: data/cath/S40/dompdb_pdb/4uliG01.pdb is not a valid filename or a valid PDB identifier.
[21:37:38]   ⚠️ 跳过坏域 4uljZ00: data/cath/S40/dompdb_pdb/4uljZ00.pdb is not a valid filename or a valid PDB identifier.
[21:37:38]   ⚠️ 跳过坏域 4ultQ00: data/cath/S40/dompdb_pdb/4ultQ00.pdb is not a valid filename or a valid PDB identifier.
[21:37:38]   ⚠️ 跳过坏域 4un9A02: data/cath/S40/dompdb_pdb/4un9A02.pdb is not a valid filename or a valid PDB identifier.
[21:37:38]   ⚠️ 跳过坏域 4unaA01: data/cath/S40/dompdb_pdb/4unaA01.pdb is not a valid filename or a valid PDB identifier.
[21:37:38]   ⚠️ 跳过坏域 4uo2A01: data/cath/S40/dompdb_pdb/4uo2A01.pdb is not a valid filename or a valid PDB identifier.
[21:37:38]   ⚠️ 跳过坏域 4uusA00: data/cath/S40/dompdb_pdb/4uusA00.pdb is not a valid filename or a valid PDB identifier.
[21:37:38]   ⚠️ 跳过坏域 4w20p00: data/cath/S40/dompdb_pdb/4w20p00.pdb is not a valid filename or a valid PDB identifier.
[21:37:38]   ⚠️ 跳过坏域 4w23G02: data/cath/S40/dompdb_pdb/4w23G02.pdb is not a valid filename or a valid PDB identifier.
[21:37:38]   ⚠️ 跳过坏域 4w25O01: data/cath/S40/dompdb_pdb/4w25O01.pdb is not a valid filename or a valid PDB identifier.
[21:37:38]   ⚠️ 跳过坏域 4w27G01: data/cath/S40/dompdb_pdb/4w27G01.pdb is not a valid filename or a valid PDB identifier.
[21:37:38]   ⚠️ 跳过坏域 4w28P00: data/cath/S40/dompdb_pdb/4w28P00.pdb is not a valid filename or a valid PDB identifier.
[21:37:38]   ⚠️ 跳过坏域 4w5tA03: data/cath/S40/dompdb_pdb/4w5tA03.pdb is not a valid filename or a valid PDB identifier.
[21:37:38]   ⚠️ 跳过坏域 4wapC01: data/cath/S40/dompdb_pdb/4wapC01.pdb is not a valid filename or a valid PDB identifier.
[21:37:38]   ⚠️ 跳过坏域 4waqK00: data/cath/S40/dompdb_pdb/4waqK00.pdb is not a valid filename or a valid PDB identifier.
[21:37:38]   ⚠️ 跳过坏域 4wceH00: data/cath/S40/dompdb_pdb/4wceH00.pdb is not a valid filename or a valid PDB identifier.
[21:37:38]   ⚠️ 跳过坏域 4we6B02: data/cath/S40/dompdb_pdb/4we6B02.pdb is not a valid filename or a valid PDB identifier.
[21:37:38]   ⚠️ 跳过坏域 4wfn300: data/cath/S40/dompdb_pdb/4wfn300.pdb is not a valid filename or a valid PDB identifier.
[21:37:38]   ⚠️ 跳过坏域 4x08A00: data/cath/S40/dompdb_pdb/4x08A00.pdb is not a valid filename or a valid PDB identifier.
[21:37:38]   ⚠️ 跳过坏域 4xh2F01: data/cath/S40/dompdb_pdb/4xh2F01.pdb is not a valid filename or a valid PDB identifier.
[21:37:38]   ⚠️ 跳过坏域 4xmgA00: data/cath/S40/dompdb_pdb/4xmgA00.pdb is not a valid filename or a valid PDB identifier.
[21:37:38]   ⚠️ 跳过坏域 4xreA00: data/cath/S40/dompdb_pdb/4xreA00.pdb is not a valid filename or a valid PDB identifier.
[21:37:38]   ⚠️ 跳过坏域 4xuwB00: data/cath/S40/dompdb_pdb/4xuwB00.pdb is not a valid filename or a valid PDB identifier.
[21:37:38]   ⚠️ 跳过坏域 4xzqD00: data/cath/S40/dompdb_pdb/4xzqD00.pdb is not a valid filename or a valid PDB identifier.
[21:37:38]   ⚠️ 跳过坏域 4ydyI00: data/cath/S40/dompdb_pdb/4ydyI00.pdb is not a valid filename or a valid PDB identifier.
[21:37:38]   ⚠️ 跳过坏域 4yhjA02: data/cath/S40/dompdb_pdb/4yhjA02.pdb is not a valid filename or a valid PDB identifier.
[21:37:38]   ⚠️ 跳过坏域 4ymvC00: data/cath/S40/dompdb_pdb/4ymvC00.pdb is not a valid filename or a valid PDB identifier.
[21:37:38]   ⚠️ 跳过坏域 4yz7A00: data/cath/S40/dompdb_pdb/4yz7A00.pdb is not a valid filename or a valid PDB identifier.
[21:37:38]   ⚠️ 跳过坏域 4z02B01: data/cath/S40/dompdb_pdb/4z02B01.pdb is not a valid filename or a valid PDB identifier.
[21:37:38]   ⚠️ 跳过坏域 4zaiA00: data/cath/S40/dompdb_pdb/4zaiA00.pdb is not a valid filename or a valid PDB identifier.
[21:37:38]   ⚠️ 跳过坏域 4zdlB03: data/cath/S40/dompdb_pdb/4zdlB03.pdb is not a valid filename or a valid PDB identifier.
[21:37:38]   ⚠️ 跳过坏域 5a2qL00: data/cath/S40/dompdb_pdb/5a2qL00.pdb is not a valid filename or a valid PDB identifier.
[21:37:38]   ⚠️ 跳过坏域 5a76D00: data/cath/S40/dompdb_pdb/5a76D00.pdb is not a valid filename or a valid PDB identifier.
[21:37:38]   ⚠️ 跳过坏域 5a8yA01: data/cath/S40/dompdb_pdb/5a8yA01.pdb is not a valid filename or a valid PDB identifier.
[21:37:38]   ⚠️ 跳过坏域 5b40A00: data/cath/S40/dompdb_pdb/5b40A00.pdb is not a valid filename or a valid PDB identifier.
[21:37:38]   ⚠️ 跳过坏域 5bq8A00: data/cath/S40/dompdb_pdb/5bq8A00.pdb is not a valid filename or a valid PDB identifier.
[21:37:38]   ⚠️ 跳过坏域 5bqdB00: data/cath/S40/dompdb_pdb/5bqdB00.pdb is not a valid filename or a valid PDB identifier.
[21:37:38]   ⚠️ 跳过坏域 5c0zB00: data/cath/S40/dompdb_pdb/5c0zB00.pdb is not a valid filename or a valid PDB identifier.
[21:37:38]   ⚠️ 跳过坏域 5c2tC00: data/cath/S40/dompdb_pdb/5c2tC00.pdb is not a valid filename or a valid PDB identifier.
[21:37:38]   ⚠️ 跳过坏域 5c76A02: data/cath/S40/dompdb_pdb/5c76A02.pdb is not a valid filename or a valid PDB identifier.
[21:37:38]   ⚠️ 跳过坏域 5ccmA02: data/cath/S40/dompdb_pdb/5ccmA02.pdb is not a valid filename or a valid PDB identifier.
[21:37:38]   ⚠️ 跳过坏域 5cmwA00: data/cath/S40/dompdb_pdb/5cmwA00.pdb is not a valid filename or a valid PDB identifier.
[21:37:38]   ⚠️ 跳过坏域 5d0eB00: data/cath/S40/dompdb_pdb/5d0eB00.pdb is not a valid filename or a valid PDB identifier.
[21:37:38]   ⚠️ 跳过坏域 5dwfB00: data/cath/S40/dompdb_pdb/5dwfB00.pdb is not a valid filename or a valid PDB identifier.
[21:37:38]   ⚠️ 跳过坏域 5e9vB00: data/cath/S40/dompdb_pdb/5e9vB00.pdb is not a valid filename or a valid PDB identifier.
[21:37:38]   ⚠️ 跳过坏域 5ef6J00: data/cath/S40/dompdb_pdb/5ef6J00.pdb is not a valid filename or a valid PDB identifier.
[21:37:38]   ⚠️ 跳过坏域 5ejkF01: data/cath/S40/dompdb_pdb/5ejkF01.pdb is not a valid filename or a valid PDB identifier.
[21:37:38]   ⚠️ 跳过坏域 5fgyA00: data/cath/S40/dompdb_pdb/5fgyA00.pdb is not a valid filename or a valid PDB identifier.
[21:37:38]   ⚠️ 跳过坏域 5flvA01: data/cath/S40/dompdb_pdb/5flvA01.pdb is not a valid filename or a valid PDB identifier.
[21:37:38]   ⚠️ 跳过坏域 5gvsB00: data/cath/S40/dompdb_pdb/5gvsB00.pdb is not a valid filename or a valid PDB identifier.
[21:37:38]   ⚠️ 跳过坏域 5h1sP00: data/cath/S40/dompdb_pdb/5h1sP00.pdb is not a valid filename or a valid PDB identifier.
[21:37:38]   ⚠️ 跳过坏域 5hekA00: data/cath/S40/dompdb_pdb/5hekA00.pdb is not a valid filename or a valid PDB identifier.
[21:37:38]   ⚠️ 跳过坏域 5hk5E00: data/cath/S40/dompdb_pdb/5hk5E00.pdb is not a valid filename or a valid PDB identifier.
[21:37:38]   ⚠️ 跳过坏域 5hrdB01: data/cath/S40/dompdb_pdb/5hrdB01.pdb is not a valid filename or a valid PDB identifier.
[21:37:38]   ⚠️ 跳过坏域 5hrhA02: data/cath/S40/dompdb_pdb/5hrhA02.pdb is not a valid filename or a valid PDB identifier.
[21:37:38]   ⚠️ 跳过坏域 5iibA00: data/cath/S40/dompdb_pdb/5iibA00.pdb is not a valid filename or a valid PDB identifier.
[21:37:38]   ⚠️ 跳过坏域 5j12B02: data/cath/S40/dompdb_pdb/5j12B02.pdb is not a valid filename or a valid PDB identifier.
[21:37:38]   ⚠️ 跳过坏域 5j36D00: data/cath/S40/dompdb_pdb/5j36D00.pdb is not a valid filename or a valid PDB identifier.
[21:37:38]   ⚠️ 跳过坏域 5j6gG00: data/cath/S40/dompdb_pdb/5j6gG00.pdb is not a valid filename or a valid PDB identifier.
[21:37:38]   ⚠️ 跳过坏域 5k8oD02: data/cath/S40/dompdb_pdb/5k8oD02.pdb is not a valid filename or a valid PDB identifier.
[21:37:38]   ⚠️ 跳过坏域 5kfhA04: data/cath/S40/dompdb_pdb/5kfhA04.pdb is not a valid filename or a valid PDB identifier.
[21:37:38]   ⚠️ 跳过坏域 5kl7A00: data/cath/S40/dompdb_pdb/5kl7A00.pdb is not a valid filename or a valid PDB identifier.
[21:37:38]   ⚠️ 跳过坏域 5l0cD00: data/cath/S40/dompdb_pdb/5l0cD00.pdb is not a valid filename or a valid PDB identifier.
[21:37:38]   ⚠️ 跳过坏域 5l2lA00: data/cath/S40/dompdb_pdb/5l2lA00.pdb is not a valid filename or a valid PDB identifier.
[21:37:38]   ⚠️ 跳过坏域 5l8zA00: data/cath/S40/dompdb_pdb/5l8zA00.pdb is not a valid filename or a valid PDB identifier.
[21:37:38]   ⚠️ 跳过坏域 5ldpB00: data/cath/S40/dompdb_pdb/5ldpB00.pdb is not a valid filename or a valid PDB identifier.
[21:37:38]   ⚠️ 跳过坏域 5ll6Z00: data/cath/S40/dompdb_pdb/5ll6Z00.pdb is not a valid filename or a valid PDB identifier.
[21:37:38]   ⚠️ 跳过坏域 5mlcU00: data/cath/S40/dompdb_pdb/5mlcU00.pdb is not a valid filename or a valid PDB identifier.
[21:37:38]   ⚠️ 跳过坏域 5mmiN01: data/cath/S40/dompdb_pdb/5mmiN01.pdb is not a valid filename or a valid PDB identifier.
[21:37:38]   ⚠️ 跳过坏域 5nrg200: data/cath/S40/dompdb_pdb/5nrg200.pdb is not a valid filename or a valid PDB identifier.
[21:37:39]   ⚠️ 跳过坏域 5o5jD01: data/cath/S40/dompdb_pdb/5o5jD01.pdb is not a valid filename or a valid PDB identifier.
[21:37:39]   ⚠️ 跳过坏域 5o60T00: data/cath/S40/dompdb_pdb/5o60T00.pdb is not a valid filename or a valid PDB identifier.
[21:37:39]   ⚠️ 跳过坏域 5o6eA01: data/cath/S40/dompdb_pdb/5o6eA01.pdb is not a valid filename or a valid PDB identifier.
[21:37:39]   ⚠️ 跳过坏域 5oolW00: data/cath/S40/dompdb_pdb/5oolW00.pdb is not a valid filename or a valid PDB identifier.
[21:37:39]   ⚠️ 跳过坏域 5oomL00: data/cath/S40/dompdb_pdb/5oomL00.pdb is not a valid filename or a valid PDB identifier.
[21:37:39]   ⚠️ 跳过坏域 5rm1A01: data/cath/S40/dompdb_pdb/5rm1A01.pdb is not a valid filename or a valid PDB identifier.
[21:37:39]   ⚠️ 跳过坏域 5s5eF01: data/cath/S40/dompdb_pdb/5s5eF01.pdb is not a valid filename or a valid PDB identifier.
[21:37:39]   ⚠️ 跳过坏域 5t37A00: data/cath/S40/dompdb_pdb/5t37A00.pdb is not a valid filename or a valid PDB identifier.
[21:37:39]   ⚠️ 跳过坏域 5t9pD01: data/cath/S40/dompdb_pdb/5t9pD01.pdb is not a valid filename or a valid PDB identifier.
[21:37:39]   ⚠️ 跳过坏域 5tc2A00: data/cath/S40/dompdb_pdb/5tc2A00.pdb is not a valid filename or a valid PDB identifier.
[21:37:39]   ⚠️ 跳过坏域 5trmG00: data/cath/S40/dompdb_pdb/5trmG00.pdb is not a valid filename or a valid PDB identifier.
[21:37:39]   ⚠️ 跳过坏域 5tsrA00: data/cath/S40/dompdb_pdb/5tsrA00.pdb is not a valid filename or a valid PDB identifier.
[21:37:39]   ⚠️ 跳过坏域 5vdhB02: data/cath/S40/dompdb_pdb/5vdhB02.pdb is not a valid filename or a valid PDB identifier.
[21:37:39]   ⚠️ 跳过坏域 5vfjB00: data/cath/S40/dompdb_pdb/5vfjB00.pdb is not a valid filename or a valid PDB identifier.
[21:37:39]   ⚠️ 跳过坏域 5vpeD00: data/cath/S40/dompdb_pdb/5vpeD00.pdb is not a valid filename or a valid PDB identifier.
[21:37:39]   ⚠️ 跳过坏域 5vypL00: data/cath/S40/dompdb_pdb/5vypL00.pdb is not a valid filename or a valid PDB identifier.
[21:37:39]   ⚠️ 跳过坏域 5wh1D01: data/cath/S40/dompdb_pdb/5wh1D01.pdb is not a valid filename or a valid PDB identifier.
[21:37:39]   ⚠️ 跳过坏域 5wnrT00: data/cath/S40/dompdb_pdb/5wnrT00.pdb is not a valid filename or a valid PDB identifier.
[21:37:39]   ⚠️ 跳过坏域 5wnsK00: data/cath/S40/dompdb_pdb/5wnsK00.pdb is not a valid filename or a valid PDB identifier.
[21:37:39]   ⚠️ 跳过坏域 5wntM02: data/cath/S40/dompdb_pdb/5wntM02.pdb is not a valid filename or a valid PDB identifier.
[21:37:39]   ⚠️ 跳过坏域 5wrlA02: data/cath/S40/dompdb_pdb/5wrlA02.pdb is not a valid filename or a valid PDB identifier.
[21:37:39]   ⚠️ 跳过坏域 5x8rm02: data/cath/S40/dompdb_pdb/5x8rm02.pdb is not a valid filename or a valid PDB identifier.
[21:37:39]   ⚠️ 跳过坏域 5x8t300: data/cath/S40/dompdb_pdb/5x8t300.pdb is not a valid filename or a valid PDB identifier.
[21:37:39]   ⚠️ 跳过坏域 5xdxV00: data/cath/S40/dompdb_pdb/5xdxV00.pdb is not a valid filename or a valid PDB identifier.
[21:37:39]   ⚠️ 跳过坏域 5xm1A00: data/cath/S40/dompdb_pdb/5xm1A00.pdb is not a valid filename or a valid PDB identifier.
[21:37:39]   ⚠️ 跳过坏域 5xpgA02: data/cath/S40/dompdb_pdb/5xpgA02.pdb is not a valid filename or a valid PDB identifier.
[21:37:39]   ⚠️ 跳过坏域 5xx5A00: data/cath/S40/dompdb_pdb/5xx5A00.pdb is not a valid filename or a valid PDB identifier.
[21:37:39]   ⚠️ 跳过坏域 5xyiQ00: data/cath/S40/dompdb_pdb/5xyiQ00.pdb is not a valid filename or a valid PDB identifier.
[21:37:39]   ⚠️ 跳过坏域 5yghA00: data/cath/S40/dompdb_pdb/5yghA00.pdb is not a valid filename or a valid PDB identifier.
[21:37:39]   ⚠️ 跳过坏域 5yi6A01: data/cath/S40/dompdb_pdb/5yi6A01.pdb is not a valid filename or a valid PDB identifier.
[21:37:39]   ⚠️ 跳过坏域 5yv1F03: data/cath/S40/dompdb_pdb/5yv1F03.pdb is not a valid filename or a valid PDB identifier.
[21:37:39]   ⚠️ 跳过坏域 5yv3F02: data/cath/S40/dompdb_pdb/5yv3F02.pdb is not a valid filename or a valid PDB identifier.
[21:37:39]   ⚠️ 跳过坏域 5z81C00: data/cath/S40/dompdb_pdb/5z81C00.pdb is not a valid filename or a valid PDB identifier.
[21:37:39]   ⚠️ 跳过坏域 5zetU00: data/cath/S40/dompdb_pdb/5zetU00.pdb is not a valid filename or a valid PDB identifier.
[21:37:40]   ⚠️ 跳过坏域 5zxeA00: data/cath/S40/dompdb_pdb/5zxeA00.pdb is not a valid filename or a valid PDB identifier.
[21:37:40]   ⚠️ 跳过坏域 6aj9A00: data/cath/S40/dompdb_pdb/6aj9A00.pdb is not a valid filename or a valid PDB identifier.
[21:37:40]   ⚠️ 跳过坏域 6al3B00: data/cath/S40/dompdb_pdb/6al3B00.pdb is not a valid filename or a valid PDB identifier.
[21:37:40]   ⚠️ 跳过坏域 6az1C02: data/cath/S40/dompdb_pdb/6az1C02.pdb is not a valid filename or a valid PDB identifier.
[21:37:40]   ⚠️ 跳过坏域 6bhgA01: data/cath/S40/dompdb_pdb/6bhgA01.pdb is not a valid filename or a valid PDB identifier.
[21:37:40]   ⚠️ 跳过坏域 6bkrA01: data/cath/S40/dompdb_pdb/6bkrA01.pdb is not a valid filename or a valid PDB identifier.
[21:37:40]   ⚠️ 跳过坏域 6bu0B00: data/cath/S40/dompdb_pdb/6bu0B00.pdb is not a valid filename or a valid PDB identifier.
[21:37:40]   ⚠️ 跳过坏域 6c0fG00: data/cath/S40/dompdb_pdb/6c0fG00.pdb is not a valid filename or a valid PDB identifier.
[21:37:40]   ⚠️ 跳过坏域 6c1uF00: data/cath/S40/dompdb_pdb/6c1uF00.pdb is not a valid filename or a valid PDB identifier.
[21:37:40]   ⚠️ 跳过坏域 6clzA00: data/cath/S40/dompdb_pdb/6clzA00.pdb is not a valid filename or a valid PDB identifier.
[21:37:40]   ⚠️ 跳过坏域 6cqcA00: data/cath/S40/dompdb_pdb/6cqcA00.pdb is not a valid filename or a valid PDB identifier.
[21:37:40]   ⚠️ 跳过坏域 6cv3A00: data/cath/S40/dompdb_pdb/6cv3A00.pdb is not a valid filename or a valid PDB identifier.
[21:37:40]   ⚠️ 跳过坏域 6cvoB00: data/cath/S40/dompdb_pdb/6cvoB00.pdb is not a valid filename or a valid PDB identifier.
[21:37:40]   ⚠️ 跳过坏域 6d8aA01: data/cath/S40/dompdb_pdb/6d8aA01.pdb is not a valid filename or a valid PDB identifier.
[21:37:40]   ⚠️ 跳过坏域 6d9iA00: data/cath/S40/dompdb_pdb/6d9iA00.pdb is not a valid filename or a valid PDB identifier.
[21:37:40]   ⚠️ 跳过坏域 6dzkK00: data/cath/S40/dompdb_pdb/6dzkK00.pdb is not a valid filename or a valid PDB identifier.
[21:37:40]   ⚠️ 跳过坏域 6dzpO00: data/cath/S40/dompdb_pdb/6dzpO00.pdb is not a valid filename or a valid PDB identifier.
[21:37:40]   ⚠️ 跳过坏域 6em3Q00: data/cath/S40/dompdb_pdb/6em3Q00.pdb is not a valid filename or a valid PDB identifier.
[21:37:40]   ⚠️ 跳过坏域 6es2L00: data/cath/S40/dompdb_pdb/6es2L00.pdb is not a valid filename or a valid PDB identifier.
[21:37:40]   ⚠️ 跳过坏域 6f2sG01: data/cath/S40/dompdb_pdb/6f2sG01.pdb is not a valid filename or a valid PDB identifier.
[21:37:40]   ⚠️ 跳过坏域 6fcsA02: data/cath/S40/dompdb_pdb/6fcsA02.pdb is not a valid filename or a valid PDB identifier.
[21:37:40]   ⚠️ 跳过坏域 6fzsB00: data/cath/S40/dompdb_pdb/6fzsB00.pdb is not a valid filename or a valid PDB identifier.
[21:37:40]   ⚠️ 跳过坏域 6g18I03: data/cath/S40/dompdb_pdb/6g18I03.pdb is not a valid filename or a valid PDB identifier.
[21:37:40]   ⚠️ 跳过坏域 6g4sE03: data/cath/S40/dompdb_pdb/6g4sE03.pdb is not a valid filename or a valid PDB identifier.
[21:37:40]   ⚠️ 跳过坏域 6gnfB02: data/cath/S40/dompdb_pdb/6gnfB02.pdb is not a valid filename or a valid PDB identifier.
[21:37:40]   ⚠️ 跳过坏域 6gvcR00: data/cath/S40/dompdb_pdb/6gvcR00.pdb is not a valid filename or a valid PDB identifier.
[21:37:40]   ⚠️ 跳过坏域 6h3rB00: data/cath/S40/dompdb_pdb/6h3rB00.pdb is not a valid filename or a valid PDB identifier.
[21:37:40]   ⚠️ 跳过坏域 6i3uA01: data/cath/S40/dompdb_pdb/6i3uA01.pdb is not a valid filename or a valid PDB identifier.
[21:37:40]   ⚠️ 跳过坏域 6j5bD00: data/cath/S40/dompdb_pdb/6j5bD00.pdb is not a valid filename or a valid PDB identifier.
[21:37:40]   ⚠️ 跳过坏域 6jo6D00: data/cath/S40/dompdb_pdb/6jo6D00.pdb is not a valid filename or a valid PDB identifier.
[21:37:40]   ⚠️ 跳过坏域 6juwG00: data/cath/S40/dompdb_pdb/6juwG00.pdb is not a valid filename or a valid PDB identifier.
[21:37:40]   ⚠️ 跳过坏域 6kksA01: data/cath/S40/dompdb_pdb/6kksA01.pdb is not a valid filename or a valid PDB identifier.
[21:37:40]   ⚠️ 跳过坏域 6kv1A01: data/cath/S40/dompdb_pdb/6kv1A01.pdb is not a valid filename or a valid PDB identifier.
[21:37:40]   ⚠️ 跳过坏域 6lasD00: data/cath/S40/dompdb_pdb/6lasD00.pdb is not a valid filename or a valid PDB identifier.
[21:37:40]   ⚠️ 跳过坏域 6lc1G00: data/cath/S40/dompdb_pdb/6lc1G00.pdb is not a valid filename or a valid PDB identifier.
[21:37:40]   ⚠️ 跳过坏域 6misA00: data/cath/S40/dompdb_pdb/6misA00.pdb is not a valid filename or a valid PDB identifier.
[21:37:40]   ⚠️ 跳过坏域 6mknN00: data/cath/S40/dompdb_pdb/6mknN00.pdb is not a valid filename or a valid PDB identifier.
[21:37:40]   ⚠️ 跳过坏域 6mpfI00: data/cath/S40/dompdb_pdb/6mpfI00.pdb is not a valid filename or a valid PDB identifier.
[21:37:40]   ⚠️ 跳过坏域 6mqdA00: data/cath/S40/dompdb_pdb/6mqdA00.pdb is not a valid filename or a valid PDB identifier.
[21:37:40]   ⚠️ 跳过坏域 6muwV00: data/cath/S40/dompdb_pdb/6muwV00.pdb is not a valid filename or a valid PDB identifier.
[21:37:40]   ⚠️ 跳过坏域 6mxdD00: data/cath/S40/dompdb_pdb/6mxdD00.pdb is not a valid filename or a valid PDB identifier.
[21:37:40]   ⚠️ 跳过坏域 6myvD01: data/cath/S40/dompdb_pdb/6myvD01.pdb is not a valid filename or a valid PDB identifier.
[21:37:40]   ⚠️ 跳过坏域 6n2lA00: data/cath/S40/dompdb_pdb/6n2lA00.pdb is not a valid filename or a valid PDB identifier.
[21:37:40]   预解析+encode 7206/7886（跳过 594）
[21:37:40]   ⚠️ 跳过坏域 6njyB01: data/cath/S40/dompdb_pdb/6njyB01.pdb is not a valid filename or a valid PDB identifier.
[21:37:40]   ⚠️ 跳过坏域 6okkP00: data/cath/S40/dompdb_pdb/6okkP00.pdb is not a valid filename or a valid PDB identifier.
[21:37:40]   ⚠️ 跳过坏域 6oonA03: data/cath/S40/dompdb_pdb/6oonA03.pdb is not a valid filename or a valid PDB identifier.
[21:37:40]   ⚠️ 跳过坏域 6p40B01: data/cath/S40/dompdb_pdb/6p40B01.pdb is not a valid filename or a valid PDB identifier.
[21:37:40]   ⚠️ 跳过坏域 6p4gV00: data/cath/S40/dompdb_pdb/6p4gV00.pdb is not a valid filename or a valid PDB identifier.
[21:37:40]   ⚠️ 跳过坏域 6p4hb00: data/cath/S40/dompdb_pdb/6p4hb00.pdb is not a valid filename or a valid PDB identifier.
[21:37:40]   ⚠️ 跳过坏域 6q70B02: data/cath/S40/dompdb_pdb/6q70B02.pdb is not a valid filename or a valid PDB identifier.
[21:37:40]   ⚠️ 跳过坏域 6qdwo00: data/cath/S40/dompdb_pdb/6qdwo00.pdb is not a valid filename or a valid PDB identifier.
[21:37:40]   ⚠️ 跳过坏域 6qecA00: data/cath/S40/dompdb_pdb/6qecA00.pdb is not a valid filename or a valid PDB identifier.
[21:37:40]   ⚠️ 跳过坏域 6ra4B00: data/cath/S40/dompdb_pdb/6ra4B00.pdb is not a valid filename or a valid PDB identifier.
[21:37:40]   ⚠️ 跳过坏域 6rbdD02: data/cath/S40/dompdb_pdb/6rbdD02.pdb is not a valid filename or a valid PDB identifier.
[21:37:40]   ⚠️ 跳过坏域 6rc7A00: data/cath/S40/dompdb_pdb/6rc7A00.pdb is not a valid filename or a valid PDB identifier.
[21:37:40]   ⚠️ 跳过坏域 6rd9U03: data/cath/S40/dompdb_pdb/6rd9U03.pdb is not a valid filename or a valid PDB identifier.
[21:37:40]   ⚠️ 跳过坏域 6sdgA02: data/cath/S40/dompdb_pdb/6sdgA02.pdb is not a valid filename or a valid PDB identifier.
[21:37:40]   ⚠️ 跳过坏域 6se6C00: data/cath/S40/dompdb_pdb/6se6C00.pdb is not a valid filename or a valid PDB identifier.
[21:37:40]   ⚠️ 跳过坏域 6sj6P01: data/cath/S40/dompdb_pdb/6sj6P01.pdb is not a valid filename or a valid PDB identifier.
[21:37:40]   ⚠️ 跳过坏域 6spbS00: data/cath/S40/dompdb_pdb/6spbS00.pdb is not a valid filename or a valid PDB identifier.
[21:37:40]   ⚠️ 跳过坏域 6spdT00: data/cath/S40/dompdb_pdb/6spdT00.pdb is not a valid filename or a valid PDB identifier.
[21:37:40]   ⚠️ 跳过坏域 6spel00: data/cath/S40/dompdb_pdb/6spel00.pdb is not a valid filename or a valid PDB identifier.
[21:37:40]   ⚠️ 跳过坏域 6swdQ02: data/cath/S40/dompdb_pdb/6swdQ02.pdb is not a valid filename or a valid PDB identifier.
[21:37:40]   ⚠️ 跳过坏域 6sweS00: data/cath/S40/dompdb_pdb/6sweS00.pdb is not a valid filename or a valid PDB identifier.
[21:37:40]   ⚠️ 跳过坏域 6t03B00: data/cath/S40/dompdb_pdb/6t03B00.pdb is not a valid filename or a valid PDB identifier.
[21:37:40]   ⚠️ 跳过坏域 6t78A00: data/cath/S40/dompdb_pdb/6t78A00.pdb is not a valid filename or a valid PDB identifier.
[21:37:40]   ⚠️ 跳过坏域 6tmfR02: data/cath/S40/dompdb_pdb/6tmfR02.pdb is not a valid filename or a valid PDB identifier.
[21:37:40]   ⚠️ 跳过坏域 6twuB04: data/cath/S40/dompdb_pdb/6twuB04.pdb is not a valid filename or a valid PDB identifier.
[21:37:40]   ⚠️ 跳过坏域 6vsoC00: data/cath/S40/dompdb_pdb/6vsoC00.pdb is not a valid filename or a valid PDB identifier.
[21:37:40]   ⚠️ 跳过坏域 6vy4C01: data/cath/S40/dompdb_pdb/6vy4C01.pdb is not a valid filename or a valid PDB identifier.
[21:37:40]   ⚠️ 跳过坏域 6w6cB01: data/cath/S40/dompdb_pdb/6w6cB01.pdb is not a valid filename or a valid PDB identifier.
[21:37:40]   ⚠️ 跳过坏域 6wmwM01: data/cath/S40/dompdb_pdb/6wmwM01.pdb is not a valid filename or a valid PDB identifier.
[21:37:40]   ⚠️ 跳过坏域 6wuwB05: data/cath/S40/dompdb_pdb/6wuwB05.pdb is not a valid filename or a valid PDB identifier.
[21:37:40]   ⚠️ 跳过坏域 6x9jA01: data/cath/S40/dompdb_pdb/6x9jA01.pdb is not a valid filename or a valid PDB identifier.
[21:37:40]   ⚠️ 跳过坏域 6xbyH01: data/cath/S40/dompdb_pdb/6xbyH01.pdb is not a valid filename or a valid PDB identifier.
[21:37:40]   ⚠️ 跳过坏域 6xvyC00: data/cath/S40/dompdb_pdb/6xvyC00.pdb is not a valid filename or a valid PDB identifier.
[21:37:40]   ⚠️ 跳过坏域 6yale00: data/cath/S40/dompdb_pdb/6yale00.pdb is not a valid filename or a valid PDB identifier.
[21:37:40]   ⚠️ 跳过坏域 6yana00: data/cath/S40/dompdb_pdb/6yana00.pdb is not a valid filename or a valid PDB identifier.
[21:37:40]   ⚠️ 跳过坏域 6zuuH01: data/cath/S40/dompdb_pdb/6zuuH01.pdb is not a valid filename or a valid PDB identifier.
[21:37:40]   ⚠️ 跳过坏域 7a0sE02: data/cath/S40/dompdb_pdb/7a0sE02.pdb is not a valid filename or a valid PDB identifier.
[21:37:40]   ⚠️ 跳过坏域 7afiD01: data/cath/S40/dompdb_pdb/7afiD01.pdb is not a valid filename or a valid PDB identifier.
[21:37:40]   ⚠️ 跳过坏域 7c7aG01: data/cath/S40/dompdb_pdb/7c7aG01.pdb is not a valid filename or a valid PDB identifier.
[21:37:40]   ⚠️ 跳过坏域 7dujD01: data/cath/S40/dompdb_pdb/7dujD01.pdb is not a valid filename or a valid PDB identifier.
[21:37:40]   ⚠️ 跳过坏域 7e6jA01: data/cath/S40/dompdb_pdb/7e6jA01.pdb is not a valid filename or a valid PDB identifier.
[21:37:40]   ⚠️ 跳过坏域 7ei1C02: data/cath/S40/dompdb_pdb/7ei1C02.pdb is not a valid filename or a valid PDB identifier.
[21:37:40]   ⚠️ 跳过坏域 7f0dS01: data/cath/S40/dompdb_pdb/7f0dS01.pdb is not a valid filename or a valid PDB identifier.
[21:37:40]   ⚠️ 跳过坏域 7f2jB01: data/cath/S40/dompdb_pdb/7f2jB01.pdb is not a valid filename or a valid PDB identifier.
[21:37:40]   ⚠️ 跳过坏域 7febH02: data/cath/S40/dompdb_pdb/7febH02.pdb is not a valid filename or a valid PDB identifier.
[21:37:40]   ⚠️ 跳过坏域 7kfuE02: data/cath/S40/dompdb_pdb/7kfuE02.pdb is not a valid filename or a valid PDB identifier.
[21:37:40]   ⚠️ 跳过坏域 7l77H01: data/cath/S40/dompdb_pdb/7l77H01.pdb is not a valid filename or a valid PDB identifier.
[21:37:40]   ⚠️ 跳过坏域 7m4ud01: data/cath/S40/dompdb_pdb/7m4ud01.pdb is not a valid filename or a valid PDB identifier.
[21:37:40]   ⚠️ 跳过坏域 7o49G01: data/cath/S40/dompdb_pdb/7o49G01.pdb is not a valid filename or a valid PDB identifier.
[21:37:40]   ⚠️ 跳过坏域 7odea01: data/cath/S40/dompdb_pdb/7odea01.pdb is not a valid filename or a valid PDB identifier.
[21:37:40]   ⚠️ 跳过坏域 7oodr01: data/cath/S40/dompdb_pdb/7oodr01.pdb is not a valid filename or a valid PDB identifier.
[21:37:40]   ⚠️ 跳过坏域 7qiyE01: data/cath/S40/dompdb_pdb/7qiyE01.pdb is not a valid filename or a valid PDB identifier.
[21:37:40]   ⚠️ 跳过坏域 7qoxB02: data/cath/S40/dompdb_pdb/7qoxB02.pdb is not a valid filename or a valid PDB identifier.
[21:37:40]   ⚠️ 跳过坏域 7r6qN01: data/cath/S40/dompdb_pdb/7r6qN01.pdb is not a valid filename or a valid PDB identifier.
[21:37:40]   ⚠️ 跳过坏域 7tj9A02: data/cath/S40/dompdb_pdb/7tj9A02.pdb is not a valid filename or a valid PDB identifier.
[21:37:40]   ⚠️ 跳过坏域 7tmqM01: data/cath/S40/dompdb_pdb/7tmqM01.pdb is not a valid filename or a valid PDB identifier.
[21:37:40]   ⚠️ 跳过坏域 7ttuE01: data/cath/S40/dompdb_pdb/7ttuE01.pdb is not a valid filename or a valid PDB identifier.
[21:37:40]   ⚠️ 跳过坏域 7ufgB01: data/cath/S40/dompdb_pdb/7ufgB01.pdb is not a valid filename or a valid PDB identifier.
[21:37:40]   ⚠️ 跳过坏域 7uo0A01: data/cath/S40/dompdb_pdb/7uo0A01.pdb is not a valid filename or a valid PDB identifier.
[21:37:40]   ⚠️ 跳过坏域 7ut1G01: data/cath/S40/dompdb_pdb/7ut1G01.pdb is not a valid filename or a valid PDB identifier.
[21:37:40]   ⚠️ 跳过坏域 7v2lD02: data/cath/S40/dompdb_pdb/7v2lD02.pdb is not a valid filename or a valid PDB identifier.
[21:37:40]   ⚠️ 跳过坏域 7v2pE01: data/cath/S40/dompdb_pdb/7v2pE01.pdb is not a valid filename or a valid PDB identifier.
[21:37:40]   ⚠️ 跳过坏域 7vpxO01: data/cath/S40/dompdb_pdb/7vpxO01.pdb is not a valid filename or a valid PDB identifier.
[21:37:40]   ⚠️ 跳过坏域 7w0hC01: data/cath/S40/dompdb_pdb/7w0hC01.pdb is not a valid filename or a valid PDB identifier.
[21:37:40]   ⚠️ 跳过坏域 7w6sF03: data/cath/S40/dompdb_pdb/7w6sF03.pdb is not a valid filename or a valid PDB identifier.
[21:37:40]   ⚠️ 跳过坏域 7wlrG01: data/cath/S40/dompdb_pdb/7wlrG01.pdb is not a valid filename or a valid PDB identifier.
[21:37:40]   ⚠️ 跳过坏域 7y6eC01: data/cath/S40/dompdb_pdb/7y6eC01.pdb is not a valid filename or a valid PDB identifier.
[21:37:40]   ⚠️ 跳过坏域 7yqkH01: data/cath/S40/dompdb_pdb/7yqkH01.pdb is not a valid filename or a valid PDB identifier.
[21:37:40]   ⚠️ 跳过坏域 7zahH01: data/cath/S40/dompdb_pdb/7zahH01.pdb is not a valid filename or a valid PDB identifier.
[21:37:40]   ⚠️ 跳过坏域 7zmrB01: data/cath/S40/dompdb_pdb/7zmrB01.pdb is not a valid filename or a valid PDB identifier.
[21:37:40]   ⚠️ 跳过坏域 8a57V01: data/cath/S40/dompdb_pdb/8a57V01.pdb is not a valid filename or a valid PDB identifier.
[21:37:40]   ⚠️ 跳过坏域 8appB01: data/cath/S40/dompdb_pdb/8appB01.pdb is not a valid filename or a valid PDB identifier.
[21:37:40]   ⚠️ 跳过坏域 8cswX01: data/cath/S40/dompdb_pdb/8cswX01.pdb is not a valid filename or a valid PDB identifier.
[21:37:40]   ⚠️ 跳过坏域 8cx2F01: data/cath/S40/dompdb_pdb/8cx2F01.pdb is not a valid filename or a valid PDB identifier.
[21:37:40]   ⚠️ 跳过坏域 8dmhJ01: data/cath/S40/dompdb_pdb/8dmhJ01.pdb is not a valid filename or a valid PDB identifier.
[21:37:40]   ⚠️ 跳过坏域 8dr0E01: data/cath/S40/dompdb_pdb/8dr0E01.pdb is not a valid filename or a valid PDB identifier.
[21:37:40]   ⚠️ 跳过坏域 8e89A02: data/cath/S40/dompdb_pdb/8e89A02.pdb is not a valid filename or a valid PDB identifier.
[21:37:40]   ⚠️ 跳过坏域 8ea4I01: data/cath/S40/dompdb_pdb/8ea4I01.pdb is not a valid filename or a valid PDB identifier.
[21:37:40]   ⚠️ 跳过坏域 8eup301: data/cath/S40/dompdb_pdb/8eup301.pdb is not a valid filename or a valid PDB identifier.
[21:37:40]   ⚠️ 跳过坏域 8fyaC02: data/cath/S40/dompdb_pdb/8fyaC02.pdb is not a valid filename or a valid PDB identifier.
[21:37:40]   ⚠️ 跳过坏域 8gzqA01: data/cath/S40/dompdb_pdb/8gzqA01.pdb is not a valid filename or a valid PDB identifier.
[21:37:40]   ⚠️ 跳过坏域 8i17A01: data/cath/S40/dompdb_pdb/8i17A01.pdb is not a valid filename or a valid PDB identifier.
[21:37:40]   ⚠️ 跳过坏域 8iegE01: data/cath/S40/dompdb_pdb/8iegE01.pdb is not a valid filename or a valid PDB identifier.
[21:37:40]   ⚠️ 跳过坏域 8ooyA03: data/cath/S40/dompdb_pdb/8ooyA03.pdb is not a valid filename or a valid PDB identifier.
[21:37:40]   ⚠️ 跳过坏域 8ow4B01: data/cath/S40/dompdb_pdb/8ow4B01.pdb is not a valid filename or a valid PDB identifier.
[21:37:40]   ⚠️ 跳过坏域 9antA00: data/cath/S40/dompdb_pdb/9antA00.pdb is not a valid filename or a valid PDB identifier.
[21:37:40] ⚠️ 共跳过 680 个坏域（prody 无法解析），实际训练 7206 域
[21:37:40] 预解析完成，缓存 encode 特征 ~28.22GB
[21:37:40] 开始训练：30 epochs × 7206 域/epoch = 216180 steps
[21:48:16] epoch 1/30  total=4.1372  ce=1.8493  charge=3.7164  kl=0.0863  keep=0.7854  [cd self=3.520  mild=3.706  extreme=4.504]  elapsed=10.6min
[21:59:19] epoch 2/30  total=3.9025  ce=1.8671  charge=3.1672  kl=0.1085  keep=0.8264  [cd self=2.981  mild=3.241  extreme=3.860]  elapsed=21.6min
[22:10:11] epoch 3/30  total=3.8299  ce=1.8751  charge=2.9912  kl=0.1174  keep=0.8426  [cd self=2.820  mild=3.082  extreme=3.597]  elapsed=32.5min
[22:21:20] epoch 4/30  total=3.8032  ce=1.8799  charge=2.9173  kl=0.1240  keep=0.8555  [cd self=2.766  mild=2.949  extreme=3.503]  elapsed=43.7min
[22:32:25] epoch 5/30  total=3.7675  ce=1.8847  charge=2.8264  kl=0.1292  keep=0.8632  [cd self=2.670  mild=2.866  extreme=3.416]  elapsed=54.7min
[22:43:27] epoch 6/30  total=3.7530  ce=1.8892  charge=2.7814  kl=0.1344  keep=0.8727  [cd self=2.627  mild=2.848  extreme=3.341]  elapsed=65.8min
[22:54:26] epoch 7/30  total=3.7301  ce=1.8904  charge=2.7305  kl=0.1360  keep=0.8749  [cd self=2.588  mild=2.747  extreme=3.282]  elapsed=76.8min
[23:05:24] epoch 8/30  total=3.7178  ce=1.8920  charge=2.7044  kl=0.1372  keep=0.8755  [cd self=2.557  mild=2.780  extreme=3.241]  elapsed=87.7min
[23:16:21] epoch 9/30  total=3.7030  ce=1.8934  charge=2.6653  kl=0.1403  keep=0.8815  [cd self=2.515  mild=2.685  extreme=3.249]  elapsed=98.7min
[23:27:34] epoch 10/30  total=3.7093  ce=1.8972  charge=2.6584  kl=0.1443  keep=0.8916  [cd self=2.509  mild=2.675  extreme=3.253]  elapsed=109.9min
[23:38:37] epoch 11/30  total=3.6931  ce=1.8980  charge=2.6232  kl=0.1454  keep=0.8931  [cd self=2.492  mild=2.629  extreme=3.152]  elapsed=120.9min
[23:49:37] epoch 12/30  total=3.7019  ce=1.8992  charge=2.6381  kl=0.1466  keep=0.8962  [cd self=2.492  mild=2.679  extreme=3.204]  elapsed=131.9min
[00:00:28] epoch 13/30  total=3.6911  ce=1.9009  charge=2.6098  kl=0.1492  keep=0.8981  [cd self=2.469  mild=2.677  extreme=3.132]  elapsed=142.8min
[00:11:18] epoch 14/30  total=3.6813  ce=1.9015  charge=2.5885  kl=0.1495  keep=0.8984  [cd self=2.465  mild=2.656  extreme=3.035]  elapsed=153.6min
[00:22:07] epoch 15/30  total=3.6693  ce=1.9030  charge=2.5685  kl=0.1519  keep=0.8913  [cd self=2.421  mild=2.614  extreme=3.104]  elapsed=164.4min
[00:33:07] epoch 16/30  total=3.6633  ce=1.9044  charge=2.5470  kl=0.1528  keep=0.8986  [cd self=2.403  mild=2.571  extreme=3.101]  elapsed=175.4min
[00:44:07] epoch 17/30  total=3.6631  ce=1.9047  charge=2.5445  kl=0.1530  keep=0.9013  [cd self=2.400  mild=2.595  extreme=3.081]  elapsed=186.4min
[00:55:04] epoch 18/30  total=3.6671  ce=1.9065  charge=2.5468  kl=0.1548  keep=0.9026  [cd self=2.410  mild=2.573  extreme=3.063]  elapsed=197.4min
[01:06:01] epoch 19/30  total=3.6552  ce=1.9067  charge=2.5213  kl=0.1560  keep=0.9056  [cd self=2.383  mild=2.548  extreme=3.056]  elapsed=208.3min
[01:17:03] epoch 20/30  total=3.6585  ce=1.9081  charge=2.5254  kl=0.1570  keep=0.9038  [cd self=2.387  mild=2.544  extreme=3.055]  elapsed=219.4min
[01:28:04] epoch 21/30  total=3.6429  ce=1.9081  charge=2.4884  kl=0.1570  keep=0.9098  [cd self=2.340  mild=2.521  extreme=3.064]  elapsed=230.4min
[01:39:07] epoch 22/30  total=3.6518  ce=1.9091  charge=2.5111  kl=0.1579  keep=0.9046  [cd self=2.386  mild=2.479  extreme=3.027]  elapsed=241.4min
[01:49:52] epoch 23/30  total=3.6509  ce=1.9095  charge=2.4998  kl=0.1585  keep=0.9120  [cd self=2.364  mild=2.538  extreme=3.019]  elapsed=252.2min
[02:00:54] epoch 24/30  total=3.6437  ce=1.9113  charge=2.4791  kl=0.1598  keep=0.9127  [cd self=2.354  mild=2.495  extreme=2.969]  elapsed=263.2min
[02:11:50] epoch 25/30  total=3.6391  ce=1.9087  charge=2.4801  kl=0.1575  keep=0.9109  [cd self=2.346  mild=2.517  extreme=2.997]  elapsed=274.2min
[02:22:40] epoch 26/30  total=3.6320  ce=1.9108  charge=2.4600  kl=0.1600  keep=0.9091  [cd self=2.324  mild=2.485  extreme=2.981]  elapsed=285.0min
[02:33:46] epoch 27/30  total=3.6301  ce=1.9122  charge=2.4515  kl=0.1617  keep=0.9155  [cd self=2.311  mild=2.500  extreme=2.978]  elapsed=296.1min
[02:44:52] epoch 28/30  total=3.6280  ce=1.9132  charge=2.4384  kl=0.1623  keep=0.9184  [cd self=2.303  mild=2.462  extreme=2.972]  elapsed=307.2min
[02:55:46] epoch 29/30  total=3.6169  ce=1.9132  charge=2.4181  kl=0.1627  keep=0.9188  [cd self=2.290  mild=2.448  extreme=2.920]  elapsed=318.1min
[03:06:44] epoch 30/30  total=3.6074  ce=1.9142  charge=2.4022  kl=0.1634  keep=0.9113  [cd self=2.267  mild=2.396  extreme=2.939]  elapsed=329.1min
[03:06:44] 训练完成。总耗时 329.1min。checkpoint 在 output/finetune_v12_1/
