/home/baokun_yu/miniconda3/envs/confumpnn-temberture/lib/python3.10/site-packages/transformers/utils/generic.py:441: FutureWarning: `torch.utils._pytree._register_pytree_node` is deprecated. Please use `torch.utils._pytree.register_pytree_node` instead.
  _torch_pytree._register_pytree_node(
/home/baokun_yu/miniconda3/envs/confumpnn-temberture/lib/python3.10/site-packages/transformers/utils/generic.py:309: FutureWarning: `torch.utils._pytree._register_pytree_node` is deprecated. Please use `torch.utils._pytree.register_pytree_node` instead.
  _torch_pytree._register_pytree_node(

  0%|          | 0/1 [00:00<?, ?it/s]
100%|██████████| 1/1 [00:01<00:00,  1.28s/it]
100%|██████████| 1/1 [00:01<00:00,  1.28s/it]

  0%|          | 0/1 [00:00<?, ?it/s]
100%|██████████| 1/1 [00:00<00:00,  2.18it/s]
100%|██████████| 1/1 [00:00<00:00,  2.18it/s]

  0%|          | 0/1 [00:00<?, ?it/s]
100%|██████████| 1/1 [00:00<00:00,  2.73it/s]
100%|██████████| 1/1 [00:00<00:00,  2.73it/s]

  0%|          | 0/1 [00:00<?, ?it/s]
100%|██████████| 1/1 [00:00<00:00,  2.95it/s]
100%|██████████| 1/1 [00:00<00:00,  2.94it/s]

  0%|          | 0/1 [00:00<?, ?it/s]
100%|██████████| 1/1 [00:00<00:00,  2.91it/s]
100%|██████████| 1/1 [00:00<00:00,  2.91it/s]

  0%|          | 0/1 [00:00<?, ?it/s]
100%|██████████| 1/1 [00:00<00:00,  2.20it/s]
100%|██████████| 1/1 [00:00<00:00,  2.20it/s]

  0%|          | 0/1 [00:00<?, ?it/s]
100%|██████████| 1/1 [00:00<00:00,  2.31it/s]
100%|██████████| 1/1 [00:00<00:00,  2.30it/s]

  0%|          | 0/1 [00:00<?, ?it/s]
100%|██████████| 1/1 [00:04<00:00,  4.53s/it]
100%|██████████| 1/1 [00:04<00:00,  4.53s/it]

  0%|          | 0/1 [00:00<?, ?it/s]
100%|██████████| 1/1 [00:03<00:00,  3.50s/it]
100%|██████████| 1/1 [00:03<00:00,  3.50s/it]

  0%|          | 0/1 [00:00<?, ?it/s]
100%|██████████| 1/1 [00:03<00:00,  3.45s/it]
100%|██████████| 1/1 [00:03<00:00,  3.45s/it]

  0%|          | 0/1 [00:00<?, ?it/s]
100%|██████████| 1/1 [00:03<00:00,  3.29s/it]
100%|██████████| 1/1 [00:03<00:00,  3.29s/it]

  0%|          | 0/1 [00:00<?, ?it/s]
100%|██████████| 1/1 [00:02<00:00,  2.98s/it]
100%|██████████| 1/1 [00:02<00:00,  2.98s/it]

  0%|          | 0/1 [00:00<?, ?it/s]
100%|██████████| 1/1 [00:02<00:00,  2.20s/it]
100%|██████████| 1/1 [00:02<00:00,  2.20s/it]

  0%|          | 0/1 [00:00<?, ?it/s]
100%|██████████| 1/1 [00:02<00:00,  2.34s/it]
100%|██████████| 1/1 [00:02<00:00,  2.34s/it]

  0%|          | 0/1 [00:00<?, ?it/s]
100%|██████████| 1/1 [00:01<00:00,  1.14s/it]
100%|██████████| 1/1 [00:01<00:00,  1.14s/it]

  0%|          | 0/1 [00:00<?, ?it/s]
100%|██████████| 1/1 [00:00<00:00,  1.17it/s]
100%|██████████| 1/1 [00:00<00:00,  1.17it/s]

  0%|          | 0/1 [00:00<?, ?it/s]
100%|██████████| 1/1 [00:01<00:00,  1.68s/it]
100%|██████████| 1/1 [00:01<00:00,  1.68s/it]

  0%|          | 0/1 [00:00<?, ?it/s]
100%|██████████| 1/1 [00:01<00:00,  1.99s/it]
100%|██████████| 1/1 [00:01<00:00,  1.99s/it]

  0%|          | 0/1 [00:00<?, ?it/s]
100%|██████████| 1/1 [00:00<00:00,  1.96it/s]
100%|██████████| 1/1 [00:00<00:00,  1.96it/s]

  0%|          | 0/1 [00:00<?, ?it/s]
100%|██████████| 1/1 [00:00<00:00,  2.03it/s]
100%|██████████| 1/1 [00:00<00:00,  2.02it/s]

  0%|          | 0/1 [00:00<?, ?it/s]
100%|██████████| 1/1 [00:02<00:00,  2.08s/it]
100%|██████████| 1/1 [00:02<00:00,  2.08s/it]

  0%|          | 0/1 [00:00<?, ?it/s]
100%|██████████| 1/1 [00:00<00:00,  2.15it/s]
100%|██████████| 1/1 [00:00<00:00,  2.15it/s]

  0%|          | 0/1 [00:00<?, ?it/s]
100%|██████████| 1/1 [00:00<00:00,  2.74it/s]
100%|██████████| 1/1 [00:00<00:00,  2.74it/s]

  0%|          | 0/1 [00:00<?, ?it/s]
100%|██████████| 1/1 [00:00<00:00,  2.73it/s]
100%|██████████| 1/1 [00:00<00:00,  2.73it/s]

  0%|          | 0/1 [00:00<?, ?it/s]
100%|██████████| 1/1 [00:00<00:00,  1.18it/s]
100%|██████████| 1/1 [00:00<00:00,  1.18it/s]

  0%|          | 0/1 [00:00<?, ?it/s]
100%|██████████| 1/1 [00:00<00:00,  2.85it/s]
100%|██████████| 1/1 [00:00<00:00,  2.85it/s]

  0%|          | 0/1 [00:00<?, ?it/s]
100%|██████████| 1/1 [00:00<00:00,  2.60it/s]
100%|██████████| 1/1 [00:00<00:00,  2.60it/s]

  0%|          | 0/1 [00:00<?, ?it/s]
100%|██████████| 1/1 [00:01<00:00,  1.29s/it]
100%|██████████| 1/1 [00:01<00:00,  1.29s/it]

  0%|          | 0/1 [00:00<?, ?it/s]
100%|██████████| 1/1 [00:00<00:00,  2.56it/s]
100%|██████████| 1/1 [00:00<00:00,  2.55it/s]

  0%|          | 0/1 [00:00<?, ?it/s]
100%|██████████| 1/1 [00:00<00:00,  3.10it/s]
100%|██████████| 1/1 [00:00<00:00,  3.10it/s]

  0%|          | 0/1 [00:00<?, ?it/s]
100%|██████████| 1/1 [00:01<00:00,  1.25s/it]
100%|██████████| 1/1 [00:01<00:00,  1.25s/it]

  0%|          | 0/1 [00:00<?, ?it/s]
100%|██████████| 1/1 [00:00<00:00,  2.23it/s]
100%|██████████| 1/1 [00:00<00:00,  2.22it/s]

  0%|          | 0/1 [00:00<?, ?it/s]
100%|██████████| 1/1 [00:00<00:00,  2.73it/s]
100%|██████████| 1/1 [00:00<00:00,  2.73it/s]

  0%|          | 0/1 [00:00<?, ?it/s]
100%|██████████| 1/1 [00:00<00:00,  1.54it/s]
100%|██████████| 1/1 [00:00<00:00,  1.54it/s]

  0%|          | 0/1 [00:00<?, ?it/s]
100%|██████████| 1/1 [00:00<00:00,  2.61it/s]
100%|██████████| 1/1 [00:00<00:00,  2.61it/s]

  0%|          | 0/1 [00:00<?, ?it/s]
100%|██████████| 1/1 [00:00<00:00,  2.92it/s]
100%|██████████| 1/1 [00:00<00:00,  2.92it/s]

  0%|          | 0/1 [00:00<?, ?it/s]
100%|██████████| 1/1 [00:00<00:00,  2.39it/s]
100%|██████████| 1/1 [00:00<00:00,  2.39it/s]

  0%|          | 0/1 [00:00<?, ?it/s]
100%|██████████| 1/1 [00:00<00:00,  2.88it/s]
100%|██████████| 1/1 [00:00<00:00,  2.88it/s]

  0%|          | 0/1 [00:00<?, ?it/s]
100%|██████████| 1/1 [00:00<00:00,  2.84it/s]
100%|██████████| 1/1 [00:00<00:00,  2.83it/s]

  0%|          | 0/1 [00:00<?, ?it/s]
100%|██████████| 1/1 [00:00<00:00,  2.90it/s]
100%|██████████| 1/1 [00:00<00:00,  2.89it/s]

  0%|          | 0/1 [00:00<?, ?it/s]
100%|██████████| 1/1 [00:00<00:00,  2.53it/s]
100%|██████████| 1/1 [00:00<00:00,  2.53it/s]

  0%|          | 0/1 [00:00<?, ?it/s]
100%|██████████| 1/1 [00:00<00:00,  2.82it/s]
100%|██████████| 1/1 [00:00<00:00,  2.82it/s]

  0%|          | 0/1 [00:00<?, ?it/s]
100%|██████████| 1/1 [00:00<00:00,  2.23it/s]
100%|██████████| 1/1 [00:00<00:00,  2.22it/s]

  0%|          | 0/1 [00:00<?, ?it/s]
100%|██████████| 1/1 [00:01<00:00,  1.10s/it]
100%|██████████| 1/1 [00:01<00:00,  1.10s/it]

  0%|          | 0/1 [00:00<?, ?it/s]
100%|██████████| 1/1 [00:00<00:00,  2.25it/s]
100%|██████████| 1/1 [00:00<00:00,  2.25it/s]

  0%|          | 0/1 [00:00<?, ?it/s]
100%|██████████| 1/1 [00:00<00:00,  1.62it/s]
100%|██████████| 1/1 [00:00<00:00,  1.62it/s]

  0%|          | 0/1 [00:00<?, ?it/s]
100%|██████████| 1/1 [00:00<00:00,  2.18it/s]
100%|██████████| 1/1 [00:00<00:00,  2.17it/s]

  0%|          | 0/1 [00:00<?, ?it/s]
100%|██████████| 1/1 [00:00<00:00,  2.17it/s]
100%|██████████| 1/1 [00:00<00:00,  2.17it/s]

  0%|          | 0/1 [00:00<?, ?it/s]
100%|██████████| 1/1 [00:00<00:00,  1.80it/s]
100%|██████████| 1/1 [00:00<00:00,  1.80it/s]

  0%|          | 0/1 [00:00<?, ?it/s]
100%|██████████| 1/1 [00:00<00:00,  2.11it/s]
100%|██████████| 1/1 [00:00<00:00,  2.11it/s]

  0%|          | 0/1 [00:00<?, ?it/s]
100%|██████████| 1/1 [00:00<00:00,  3.00it/s]
100%|██████████| 1/1 [00:00<00:00,  2.99it/s]

  0%|          | 0/1 [00:00<?, ?it/s]
100%|██████████| 1/1 [00:00<00:00,  1.50it/s]
100%|██████████| 1/1 [00:00<00:00,  1.49it/s]

  0%|          | 0/1 [00:00<?, ?it/s]
100%|██████████| 1/1 [00:00<00:00,  1.79it/s]
100%|██████████| 1/1 [00:00<00:00,  1.79it/s]

  0%|          | 0/1 [00:00<?, ?it/s]
100%|██████████| 1/1 [00:00<00:00,  2.69it/s]
100%|██████████| 1/1 [00:00<00:00,  2.69it/s]

  0%|          | 0/1 [00:00<?, ?it/s]
100%|██████████| 1/1 [00:00<00:00,  2.76it/s]
100%|██████████| 1/1 [00:00<00:00,  2.76it/s]

  0%|          | 0/1 [00:00<?, ?it/s]
100%|██████████| 1/1 [00:00<00:00,  1.56it/s]
100%|██████████| 1/1 [00:00<00:00,  1.56it/s]

  0%|          | 0/1 [00:00<?, ?it/s]
100%|██████████| 1/1 [00:00<00:00,  1.66it/s]
100%|██████████| 1/1 [00:00<00:00,  1.66it/s]

  0%|          | 0/1 [00:00<?, ?it/s]
100%|██████████| 1/1 [00:00<00:00,  1.63it/s]
100%|██████████| 1/1 [00:00<00:00,  1.63it/s]

  0%|          | 0/1 [00:00<?, ?it/s]
100%|██████████| 1/1 [00:00<00:00,  2.09it/s]
100%|██████████| 1/1 [00:00<00:00,  2.09it/s]

  0%|          | 0/1 [00:00<?, ?it/s]
100%|██████████| 1/1 [00:00<00:00,  3.02it/s]
100%|██████████| 1/1 [00:00<00:00,  3.01it/s]

  0%|          | 0/1 [00:00<?, ?it/s]
100%|██████████| 1/1 [00:00<00:00,  2.73it/s]
100%|██████████| 1/1 [00:00<00:00,  2.73it/s]

  0%|          | 0/1 [00:00<?, ?it/s]
100%|██████████| 1/1 [00:00<00:00,  1.45it/s]
100%|██████████| 1/1 [00:00<00:00,  1.45it/s]

  0%|          | 0/1 [00:00<?, ?it/s]
100%|██████████| 1/1 [00:00<00:00,  2.38it/s]
100%|██████████| 1/1 [00:00<00:00,  2.38it/s]

  0%|          | 0/1 [00:00<?, ?it/s]
100%|██████████| 1/1 [00:00<00:00,  2.35it/s]
100%|██████████| 1/1 [00:00<00:00,  2.35it/s]

  0%|          | 0/1 [00:00<?, ?it/s]
100%|██████████| 1/1 [00:00<00:00,  1.99it/s]
100%|██████████| 1/1 [00:00<00:00,  1.99it/s]

  0%|          | 0/1 [00:00<?, ?it/s]
100%|██████████| 1/1 [00:00<00:00,  2.38it/s]
100%|██████████| 1/1 [00:00<00:00,  2.38it/s]

  0%|          | 0/1 [00:00<?, ?it/s]
100%|██████████| 1/1 [00:00<00:00,  2.59it/s]
100%|██████████| 1/1 [00:00<00:00,  2.59it/s]

  0%|          | 0/1 [00:00<?, ?it/s]
100%|██████████| 1/1 [00:00<00:00,  2.15it/s]
100%|██████████| 1/1 [00:00<00:00,  2.15it/s]

  0%|          | 0/1 [00:00<?, ?it/s]
100%|██████████| 1/1 [00:00<00:00,  2.51it/s]
100%|██████████| 1/1 [00:00<00:00,  2.51it/s]

  0%|          | 0/1 [00:00<?, ?it/s]
100%|██████████| 1/1 [00:00<00:00,  2.95it/s]
100%|██████████| 1/1 [00:00<00:00,  2.95it/s]

  0%|          | 0/1 [00:00<?, ?it/s]
100%|██████████| 1/1 [00:00<00:00,  2.12it/s]
100%|██████████| 1/1 [00:00<00:00,  2.12it/s]

  0%|          | 0/1 [00:00<?, ?it/s]
100%|██████████| 1/1 [00:00<00:00,  2.97it/s]
100%|██████████| 1/1 [00:00<00:00,  2.97it/s]

  0%|          | 0/1 [00:00<?, ?it/s]
100%|██████████| 1/1 [00:00<00:00,  2.61it/s]
100%|██████████| 1/1 [00:00<00:00,  2.61it/s]

  0%|          | 0/1 [00:00<?, ?it/s]
100%|██████████| 1/1 [00:00<00:00,  2.74it/s]
100%|██████████| 1/1 [00:00<00:00,  2.74it/s]

  0%|          | 0/1 [00:00<?, ?it/s]
100%|██████████| 1/1 [00:00<00:00,  2.82it/s]
100%|██████████| 1/1 [00:00<00:00,  2.82it/s]

  0%|          | 0/1 [00:00<?, ?it/s]
100%|██████████| 1/1 [00:00<00:00,  2.27it/s]
100%|██████████| 1/1 [00:00<00:00,  2.27it/s]

  0%|          | 0/1 [00:00<?, ?it/s]
100%|██████████| 1/1 [00:00<00:00,  2.66it/s]
100%|██████████| 1/1 [00:00<00:00,  2.66it/s]

  0%|          | 0/1 [00:00<?, ?it/s]
100%|██████████| 1/1 [00:00<00:00,  2.32it/s]
100%|██████████| 1/1 [00:00<00:00,  2.32it/s]

  0%|          | 0/1 [00:00<?, ?it/s]
100%|██████████| 1/1 [00:00<00:00,  2.52it/s]
100%|██████████| 1/1 [00:00<00:00,  2.52it/s]

  0%|          | 0/1 [00:00<?, ?it/s]
100%|██████████| 1/1 [00:00<00:00,  2.94it/s]
100%|██████████| 1/1 [00:00<00:00,  2.93it/s]

  0%|          | 0/1 [00:00<?, ?it/s]
100%|██████████| 1/1 [00:00<00:00,  2.74it/s]
100%|██████████| 1/1 [00:00<00:00,  2.74it/s]

  0%|          | 0/1 [00:00<?, ?it/s]
100%|██████████| 1/1 [00:00<00:00,  3.02it/s]
100%|██████████| 1/1 [00:00<00:00,  3.01it/s]

  0%|          | 0/1 [00:00<?, ?it/s]
100%|██████████| 1/1 [00:00<00:00,  2.99it/s]
100%|██████████| 1/1 [00:00<00:00,  2.99it/s]

  0%|          | 0/1 [00:00<?, ?it/s]
100%|██████████| 1/1 [00:00<00:00,  2.71it/s]
100%|██████████| 1/1 [00:00<00:00,  2.70it/s]

  0%|          | 0/1 [00:00<?, ?it/s]
100%|██████████| 1/1 [00:00<00:00,  3.13it/s]
100%|██████████| 1/1 [00:00<00:00,  3.13it/s]

  0%|          | 0/1 [00:00<?, ?it/s]
100%|██████████| 1/1 [00:00<00:00,  2.60it/s]
100%|██████████| 1/1 [00:00<00:00,  2.60it/s]

  0%|          | 0/1 [00:00<?, ?it/s]
100%|██████████| 1/1 [00:00<00:00,  2.87it/s]
100%|██████████| 1/1 [00:00<00:00,  2.87it/s]

  0%|          | 0/1 [00:00<?, ?it/s]
100%|██████████| 1/1 [00:00<00:00,  2.63it/s]
100%|██████████| 1/1 [00:00<00:00,  2.63it/s]

  0%|          | 0/1 [00:00<?, ?it/s]
100%|██████████| 1/1 [00:02<00:00,  2.02s/it]
100%|██████████| 1/1 [00:02<00:00,  2.02s/it]

  0%|          | 0/1 [00:00<?, ?it/s]
100%|██████████| 1/1 [00:00<00:00,  2.46it/s]
100%|██████████| 1/1 [00:00<00:00,  2.46it/s]

  0%|          | 0/1 [00:00<?, ?it/s]
100%|██████████| 1/1 [00:00<00:00,  3.66it/s]
100%|██████████| 1/1 [00:00<00:00,  3.66it/s]

  0%|          | 0/1 [00:00<?, ?it/s]
100%|██████████| 1/1 [00:00<00:00,  3.72it/s]
100%|██████████| 1/1 [00:00<00:00,  3.72it/s]

  0%|          | 0/1 [00:00<?, ?it/s]
100%|██████████| 1/1 [00:00<00:00,  3.99it/s]
100%|██████████| 1/1 [00:00<00:00,  3.98it/s]

  0%|          | 0/1 [00:00<?, ?it/s]
100%|██████████| 1/1 [00:00<00:00,  4.03it/s]
100%|██████████| 1/1 [00:00<00:00,  4.02it/s]

  0%|          | 0/1 [00:00<?, ?it/s]
100%|██████████| 1/1 [00:00<00:00,  3.91it/s]
100%|██████████| 1/1 [00:00<00:00,  3.90it/s]

  0%|          | 0/1 [00:00<?, ?it/s]
100%|██████████| 1/1 [00:00<00:00,  3.94it/s]
100%|██████████| 1/1 [00:00<00:00,  3.94it/s]

  0%|          | 0/1 [00:00<?, ?it/s]
100%|██████████| 1/1 [00:00<00:00,  4.46it/s]
100%|██████████| 1/1 [00:00<00:00,  4.45it/s]

  0%|          | 0/1 [00:00<?, ?it/s]
100%|██████████| 1/1 [00:00<00:00,  3.92it/s]
100%|██████████| 1/1 [00:00<00:00,  3.91it/s]

  0%|          | 0/1 [00:00<?, ?it/s]
100%|██████████| 1/1 [00:00<00:00,  4.15it/s]
100%|██████████| 1/1 [00:00<00:00,  4.14it/s]

  0%|          | 0/1 [00:00<?, ?it/s]
100%|██████████| 1/1 [00:00<00:00,  3.65it/s]
100%|██████████| 1/1 [00:00<00:00,  3.64it/s]

  0%|          | 0/1 [00:00<?, ?it/s]
100%|██████████| 1/1 [00:00<00:00,  1.37it/s]
100%|██████████| 1/1 [00:00<00:00,  1.37it/s]

  0%|          | 0/1 [00:00<?, ?it/s]
100%|██████████| 1/1 [00:00<00:00,  1.50it/s]
100%|██████████| 1/1 [00:00<00:00,  1.49it/s]

  0%|          | 0/1 [00:00<?, ?it/s]
100%|██████████| 1/1 [00:00<00:00,  3.79it/s]
100%|██████████| 1/1 [00:00<00:00,  3.79it/s]

  0%|          | 0/1 [00:00<?, ?it/s]
100%|██████████| 1/1 [00:00<00:00,  3.80it/s]
100%|██████████| 1/1 [00:00<00:00,  3.80it/s]

  0%|          | 0/1 [00:00<?, ?it/s]
100%|██████████| 1/1 [00:00<00:00,  3.68it/s]
100%|██████████| 1/1 [00:00<00:00,  3.67it/s]

  0%|          | 0/1 [00:00<?, ?it/s]
100%|██████████| 1/1 [00:00<00:00,  3.62it/s]
100%|██████████| 1/1 [00:00<00:00,  3.62it/s]

  0%|          | 0/1 [00:00<?, ?it/s]
100%|██████████| 1/1 [00:00<00:00,  3.69it/s]
100%|██████████| 1/1 [00:00<00:00,  3.69it/s]

  0%|          | 0/1 [00:00<?, ?it/s]
100%|██████████| 1/1 [00:00<00:00,  3.91it/s]
100%|██████████| 1/1 [00:00<00:00,  3.91it/s]

  0%|          | 0/1 [00:00<?, ?it/s]
100%|██████████| 1/1 [00:00<00:00,  3.93it/s]
100%|██████████| 1/1 [00:00<00:00,  3.93it/s]

  0%|          | 0/1 [00:00<?, ?it/s]
100%|██████████| 1/1 [00:00<00:00,  4.10it/s]
100%|██████████| 1/1 [00:00<00:00,  4.10it/s]

  0%|          | 0/1 [00:00<?, ?it/s]
100%|██████████| 1/1 [00:00<00:00,  1.88it/s]
100%|██████████| 1/1 [00:00<00:00,  1.88it/s]

  0%|          | 0/1 [00:00<?, ?it/s]
100%|██████████| 1/1 [00:00<00:00,  4.34it/s]
100%|██████████| 1/1 [00:00<00:00,  4.33it/s]

  0%|          | 0/1 [00:00<?, ?it/s]
100%|██████████| 1/1 [00:00<00:00,  4.46it/s]
100%|██████████| 1/1 [00:00<00:00,  4.46it/s]

  0%|          | 0/1 [00:00<?, ?it/s]
100%|██████████| 1/1 [00:00<00:00,  4.13it/s]
100%|██████████| 1/1 [00:00<00:00,  4.12it/s]

  0%|          | 0/1 [00:00<?, ?it/s]
100%|██████████| 1/1 [00:00<00:00,  3.91it/s]
100%|██████████| 1/1 [00:00<00:00,  3.90it/s]

  0%|          | 0/1 [00:00<?, ?it/s]
100%|██████████| 1/1 [00:00<00:00,  3.67it/s]
100%|██████████| 1/1 [00:00<00:00,  3.67it/s]

  0%|          | 0/1 [00:00<?, ?it/s]
100%|██████████| 1/1 [00:00<00:00,  4.16it/s]
100%|██████████| 1/1 [00:00<00:00,  4.16it/s]

  0%|          | 0/1 [00:00<?, ?it/s]
100%|██████████| 1/1 [00:00<00:00,  4.03it/s]
100%|██████████| 1/1 [00:00<00:00,  4.02it/s]

  0%|          | 0/1 [00:00<?, ?it/s]
100%|██████████| 1/1 [00:00<00:00,  4.40it/s]
100%|██████████| 1/1 [00:00<00:00,  4.40it/s]

  0%|          | 0/1 [00:00<?, ?it/s]
100%|██████████| 1/1 [00:00<00:00,  4.29it/s]
100%|██████████| 1/1 [00:00<00:00,  4.29it/s]

  0%|          | 0/1 [00:00<?, ?it/s]
100%|██████████| 1/1 [00:00<00:00,  4.11it/s]
100%|██████████| 1/1 [00:00<00:00,  4.11it/s]

  0%|          | 0/1 [00:00<?, ?it/s]
100%|██████████| 1/1 [00:00<00:00,  4.43it/s]
100%|██████████| 1/1 [00:00<00:00,  4.42it/s]

  0%|          | 0/1 [00:00<?, ?it/s]
100%|██████████| 1/1 [00:00<00:00,  3.88it/s]
100%|██████████| 1/1 [00:00<00:00,  3.88it/s]

  0%|          | 0/1 [00:00<?, ?it/s]
100%|██████████| 1/1 [00:00<00:00,  4.14it/s]
100%|██████████| 1/1 [00:00<00:00,  4.14it/s]

  0%|          | 0/1 [00:00<?, ?it/s]
100%|██████████| 1/1 [00:00<00:00,  4.22it/s]
100%|██████████| 1/1 [00:00<00:00,  4.21it/s]

  0%|          | 0/1 [00:00<?, ?it/s]
100%|██████████| 1/1 [00:00<00:00,  2.01it/s]
100%|██████████| 1/1 [00:00<00:00,  2.01it/s]

  0%|          | 0/1 [00:00<?, ?it/s]
100%|██████████| 1/1 [00:00<00:00,  4.26it/s]
100%|██████████| 1/1 [00:00<00:00,  4.25it/s]

  0%|          | 0/1 [00:00<?, ?it/s]
100%|██████████| 1/1 [00:00<00:00,  3.73it/s]
100%|██████████| 1/1 [00:00<00:00,  3.73it/s]

  0%|          | 0/1 [00:00<?, ?it/s]
100%|██████████| 1/1 [00:00<00:00,  3.34it/s]
100%|██████████| 1/1 [00:00<00:00,  3.33it/s]

  0%|          | 0/1 [00:00<?, ?it/s]
100%|██████████| 1/1 [00:00<00:00,  1.95it/s]
100%|██████████| 1/1 [00:00<00:00,  1.94it/s]

  0%|          | 0/1 [00:00<?, ?it/s]
100%|██████████| 1/1 [00:00<00:00,  3.33it/s]
100%|██████████| 1/1 [00:00<00:00,  3.33it/s]

  0%|          | 0/1 [00:00<?, ?it/s]
100%|██████████| 1/1 [00:00<00:00,  3.38it/s]
100%|██████████| 1/1 [00:00<00:00,  3.37it/s]

  0%|          | 0/1 [00:00<?, ?it/s]
100%|██████████| 1/1 [00:00<00:00,  2.11it/s]
100%|██████████| 1/1 [00:00<00:00,  2.11it/s]

  0%|          | 0/1 [00:00<?, ?it/s]
100%|██████████| 1/1 [00:00<00:00,  3.93it/s]
100%|██████████| 1/1 [00:00<00:00,  3.92it/s]

  0%|          | 0/1 [00:00<?, ?it/s]
100%|██████████| 1/1 [00:00<00:00,  3.64it/s]
100%|██████████| 1/1 [00:00<00:00,  3.63it/s]

  0%|          | 0/1 [00:00<?, ?it/s]
100%|██████████| 1/1 [00:00<00:00,  3.76it/s]
100%|██████████| 1/1 [00:00<00:00,  3.76it/s]

  0%|          | 0/1 [00:00<?, ?it/s]
100%|██████████| 1/1 [00:00<00:00,  2.42it/s]
100%|██████████| 1/1 [00:00<00:00,  2.42it/s]

  0%|          | 0/1 [00:00<?, ?it/s]
100%|██████████| 1/1 [00:00<00:00,  1.43it/s]
100%|██████████| 1/1 [00:00<00:00,  1.43it/s]

  0%|          | 0/1 [00:00<?, ?it/s]
100%|██████████| 1/1 [00:00<00:00,  3.74it/s]
100%|██████████| 1/1 [00:00<00:00,  3.73it/s]

  0%|          | 0/1 [00:00<?, ?it/s]
100%|██████████| 1/1 [00:00<00:00,  1.79it/s]
100%|██████████| 1/1 [00:00<00:00,  1.79it/s]

  0%|          | 0/1 [00:00<?, ?it/s]
100%|██████████| 1/1 [00:00<00:00,  3.14it/s]
100%|██████████| 1/1 [00:00<00:00,  3.14it/s]

  0%|          | 0/1 [00:00<?, ?it/s]
100%|██████████| 1/1 [00:00<00:00,  3.56it/s]
100%|██████████| 1/1 [00:00<00:00,  3.56it/s]

  0%|          | 0/1 [00:00<?, ?it/s]
100%|██████████| 1/1 [00:00<00:00,  1.24it/s]
100%|██████████| 1/1 [00:00<00:00,  1.24it/s]

  0%|          | 0/1 [00:00<?, ?it/s]
100%|██████████| 1/1 [00:00<00:00,  3.59it/s]
100%|██████████| 1/1 [00:00<00:00,  3.58it/s]

  0%|          | 0/1 [00:00<?, ?it/s]
100%|██████████| 1/1 [00:00<00:00,  2.55it/s]
100%|██████████| 1/1 [00:00<00:00,  2.55it/s]

  0%|          | 0/1 [00:00<?, ?it/s]
100%|██████████| 1/1 [00:00<00:00,  3.36it/s]
100%|██████████| 1/1 [00:00<00:00,  3.35it/s]

  0%|          | 0/1 [00:00<?, ?it/s]
100%|██████████| 1/1 [00:00<00:00,  1.77it/s]
100%|██████████| 1/1 [00:00<00:00,  1.77it/s]

  0%|          | 0/1 [00:00<?, ?it/s]
100%|██████████| 1/1 [00:00<00:00,  4.21it/s]
100%|██████████| 1/1 [00:00<00:00,  4.20it/s]

  0%|          | 0/1 [00:00<?, ?it/s]
100%|██████████| 1/1 [00:00<00:00,  3.98it/s]
100%|██████████| 1/1 [00:00<00:00,  3.97it/s]

  0%|          | 0/1 [00:00<?, ?it/s]
100%|██████████| 1/1 [00:00<00:00,  3.67it/s]
100%|██████████| 1/1 [00:00<00:00,  3.67it/s]

  0%|          | 0/1 [00:00<?, ?it/s]
100%|██████████| 1/1 [00:00<00:00,  3.84it/s]
100%|██████████| 1/1 [00:00<00:00,  3.83it/s]

  0%|          | 0/1 [00:00<?, ?it/s]
100%|██████████| 1/1 [00:00<00:00,  3.60it/s]
100%|██████████| 1/1 [00:00<00:00,  3.60it/s]

  0%|          | 0/1 [00:00<?, ?it/s]
100%|██████████| 1/1 [00:00<00:00,  4.03it/s]
100%|██████████| 1/1 [00:00<00:00,  4.03it/s]

  0%|          | 0/1 [00:00<?, ?it/s]
100%|██████████| 1/1 [00:00<00:00,  3.91it/s]
100%|██████████| 1/1 [00:00<00:00,  3.91it/s]

  0%|          | 0/1 [00:00<?, ?it/s]
100%|██████████| 1/1 [00:00<00:00,  3.89it/s]
100%|██████████| 1/1 [00:00<00:00,  3.89it/s]

  0%|          | 0/1 [00:00<?, ?it/s]
100%|██████████| 1/1 [00:00<00:00,  4.15it/s]
100%|██████████| 1/1 [00:00<00:00,  4.15it/s]

  0%|          | 0/1 [00:00<?, ?it/s]
100%|██████████| 1/1 [00:00<00:00,  4.46it/s]
100%|██████████| 1/1 [00:00<00:00,  4.46it/s]

  0%|          | 0/1 [00:00<?, ?it/s]
100%|██████████| 1/1 [00:00<00:00,  4.31it/s]
100%|██████████| 1/1 [00:00<00:00,  4.31it/s]

  0%|          | 0/1 [00:00<?, ?it/s]
100%|██████████| 1/1 [00:00<00:00,  3.60it/s]
100%|██████████| 1/1 [00:00<00:00,  3.59it/s]

  0%|          | 0/1 [00:00<?, ?it/s]
100%|██████████| 1/1 [00:00<00:00,  4.21it/s]
100%|██████████| 1/1 [00:00<00:00,  4.21it/s]

  0%|          | 0/1 [00:00<?, ?it/s]
100%|██████████| 1/1 [00:00<00:00,  4.53it/s]
100%|██████████| 1/1 [00:00<00:00,  4.52it/s]

  0%|          | 0/1 [00:00<?, ?it/s]
100%|██████████| 1/1 [00:00<00:00,  4.43it/s]
100%|██████████| 1/1 [00:00<00:00,  4.42it/s]

  0%|          | 0/1 [00:00<?, ?it/s]
100%|██████████| 1/1 [00:00<00:00,  3.87it/s]
100%|██████████| 1/1 [00:00<00:00,  3.86it/s]

  0%|          | 0/1 [00:00<?, ?it/s]
100%|██████████| 1/1 [00:00<00:00,  4.00it/s]
100%|██████████| 1/1 [00:00<00:00,  4.00it/s]

  0%|          | 0/1 [00:00<?, ?it/s]
100%|██████████| 1/1 [00:00<00:00,  4.04it/s]
100%|██████████| 1/1 [00:00<00:00,  4.03it/s]

  0%|          | 0/1 [00:00<?, ?it/s]
100%|██████████| 1/1 [00:00<00:00,  3.99it/s]
100%|██████████| 1/1 [00:00<00:00,  3.99it/s]

  0%|          | 0/1 [00:00<?, ?it/s]
100%|██████████| 1/1 [00:00<00:00,  4.19it/s]
100%|██████████| 1/1 [00:00<00:00,  4.18it/s]

  0%|          | 0/1 [00:00<?, ?it/s]
100%|██████████| 1/1 [00:00<00:00,  3.39it/s]
100%|██████████| 1/1 [00:00<00:00,  3.39it/s]

  0%|          | 0/1 [00:00<?, ?it/s]
100%|██████████| 1/1 [00:00<00:00,  4.03it/s]
100%|██████████| 1/1 [00:00<00:00,  4.03it/s]

  0%|          | 0/1 [00:00<?, ?it/s]
100%|██████████| 1/1 [00:00<00:00,  3.21it/s]
100%|██████████| 1/1 [00:00<00:00,  3.21it/s]

  0%|          | 0/1 [00:00<?, ?it/s]
100%|██████████| 1/1 [00:00<00:00,  3.65it/s]
100%|██████████| 1/1 [00:00<00:00,  3.65it/s]

  0%|          | 0/1 [00:00<?, ?it/s]
100%|██████████| 1/1 [00:00<00:00,  3.98it/s]
100%|██████████| 1/1 [00:00<00:00,  3.97it/s]

  0%|          | 0/1 [00:00<?, ?it/s]
100%|██████████| 1/1 [00:00<00:00,  3.62it/s]
100%|██████████| 1/1 [00:00<00:00,  3.62it/s]

  0%|          | 0/1 [00:00<?, ?it/s]
100%|██████████| 1/1 [00:00<00:00,  4.16it/s]
100%|██████████| 1/1 [00:00<00:00,  4.15it/s]

  0%|          | 0/1 [00:00<?, ?it/s]
100%|██████████| 1/1 [00:00<00:00,  4.16it/s]
100%|██████████| 1/1 [00:00<00:00,  4.15it/s]

  0%|          | 0/1 [00:00<?, ?it/s]
100%|██████████| 1/1 [00:00<00:00,  4.16it/s]
100%|██████████| 1/1 [00:00<00:00,  4.16it/s]

  0%|          | 0/1 [00:00<?, ?it/s]
100%|██████████| 1/1 [00:00<00:00,  3.98it/s]
100%|██████████| 1/1 [00:00<00:00,  3.98it/s]

  0%|          | 0/1 [00:00<?, ?it/s]
100%|██████████| 1/1 [00:00<00:00,  3.97it/s]
100%|██████████| 1/1 [00:00<00:00,  3.97it/s]

  0%|          | 0/1 [00:00<?, ?it/s]
100%|██████████| 1/1 [00:00<00:00,  3.91it/s]
100%|██████████| 1/1 [00:00<00:00,  3.91it/s]

  0%|          | 0/1 [00:00<?, ?it/s]
100%|██████████| 1/1 [00:00<00:00,  3.95it/s]
100%|██████████| 1/1 [00:00<00:00,  3.94it/s]

  0%|          | 0/1 [00:00<?, ?it/s]
100%|██████████| 1/1 [00:00<00:00,  3.42it/s]
100%|██████████| 1/1 [00:00<00:00,  3.41it/s]

  0%|          | 0/1 [00:00<?, ?it/s]
100%|██████████| 1/1 [00:00<00:00,  3.47it/s]
100%|██████████| 1/1 [00:00<00:00,  3.47it/s]

  0%|          | 0/1 [00:00<?, ?it/s]
100%|██████████| 1/1 [00:00<00:00,  2.66it/s]
100%|██████████| 1/1 [00:00<00:00,  2.66it/s]

  0%|          | 0/1 [00:00<?, ?it/s]
100%|██████████| 1/1 [00:00<00:00,  3.37it/s]
100%|██████████| 1/1 [00:00<00:00,  3.37it/s]

  0%|          | 0/1 [00:00<?, ?it/s]
100%|██████████| 1/1 [00:00<00:00,  3.72it/s]
100%|██████████| 1/1 [00:00<00:00,  3.72it/s]

  0%|          | 0/1 [00:00<?, ?it/s]
100%|██████████| 1/1 [00:00<00:00,  3.96it/s]
100%|██████████| 1/1 [00:00<00:00,  3.96it/s]

  0%|          | 0/1 [00:00<?, ?it/s]
100%|██████████| 1/1 [00:00<00:00,  3.26it/s]
100%|██████████| 1/1 [00:00<00:00,  3.26it/s]

  0%|          | 0/1 [00:00<?, ?it/s]
100%|██████████| 1/1 [00:00<00:00,  3.59it/s]
100%|██████████| 1/1 [00:00<00:00,  3.58it/s]

  0%|          | 0/1 [00:00<?, ?it/s]
100%|██████████| 1/1 [00:00<00:00,  3.99it/s]
100%|██████████| 1/1 [00:00<00:00,  3.98it/s]

  0%|          | 0/1 [00:00<?, ?it/s]
100%|██████████| 1/1 [00:00<00:00,  3.95it/s]
100%|██████████| 1/1 [00:00<00:00,  3.95it/s]

  0%|          | 0/1 [00:00<?, ?it/s]
100%|██████████| 1/1 [00:00<00:00,  3.55it/s]
100%|██████████| 1/1 [00:00<00:00,  3.54it/s]

  0%|          | 0/1 [00:00<?, ?it/s]
100%|██████████| 1/1 [00:00<00:00,  3.66it/s]
100%|██████████| 1/1 [00:00<00:00,  3.66it/s]

  0%|          | 0/1 [00:00<?, ?it/s]
100%|██████████| 1/1 [00:00<00:00,  4.01it/s]
100%|██████████| 1/1 [00:00<00:00,  4.01it/s]

  0%|          | 0/1 [00:00<?, ?it/s]
100%|██████████| 1/1 [00:00<00:00,  3.75it/s]
100%|██████████| 1/1 [00:00<00:00,  3.75it/s]

  0%|          | 0/1 [00:00<?, ?it/s]
100%|██████████| 1/1 [00:00<00:00,  3.91it/s]
100%|██████████| 1/1 [00:00<00:00,  3.91it/s]

  0%|          | 0/1 [00:00<?, ?it/s]
100%|██████████| 1/1 [00:00<00:00,  3.81it/s]
100%|██████████| 1/1 [00:00<00:00,  3.81it/s]

  0%|          | 0/1 [00:00<?, ?it/s]
100%|██████████| 1/1 [00:00<00:00,  4.13it/s]
100%|██████████| 1/1 [00:00<00:00,  4.13it/s]

  0%|          | 0/1 [00:00<?, ?it/s]
100%|██████████| 1/1 [00:00<00:00,  3.46it/s]
100%|██████████| 1/1 [00:00<00:00,  3.46it/s]

  0%|          | 0/1 [00:00<?, ?it/s]
100%|██████████| 1/1 [00:00<00:00,  3.75it/s]
100%|██████████| 1/1 [00:00<00:00,  3.74it/s]

  0%|          | 0/1 [00:00<?, ?it/s]
100%|██████████| 1/1 [00:00<00:00,  3.57it/s]
100%|██████████| 1/1 [00:00<00:00,  3.57it/s]

  0%|          | 0/1 [00:00<?, ?it/s]
100%|██████████| 1/1 [00:00<00:00,  3.96it/s]
100%|██████████| 1/1 [00:00<00:00,  3.96it/s]

  0%|          | 0/1 [00:00<?, ?it/s]
100%|██████████| 1/1 [00:00<00:00,  3.62it/s]
100%|██████████| 1/1 [00:00<00:00,  3.62it/s]

  0%|          | 0/1 [00:00<?, ?it/s]
100%|██████████| 1/1 [00:00<00:00,  3.60it/s]
100%|██████████| 1/1 [00:00<00:00,  3.60it/s]

  0%|          | 0/1 [00:00<?, ?it/s]
100%|██████████| 1/1 [00:00<00:00,  3.83it/s]
100%|██████████| 1/1 [00:00<00:00,  3.83it/s]

  0%|          | 0/1 [00:00<?, ?it/s]
100%|██████████| 1/1 [00:00<00:00,  4.15it/s]
100%|██████████| 1/1 [00:00<00:00,  4.15it/s]

  0%|          | 0/1 [00:00<?, ?it/s]
100%|██████████| 1/1 [00:00<00:00,  4.22it/s]
100%|██████████| 1/1 [00:00<00:00,  4.21it/s]

  0%|          | 0/1 [00:00<?, ?it/s]
100%|██████████| 1/1 [00:00<00:00,  4.33it/s]
100%|██████████| 1/1 [00:00<00:00,  4.33it/s]

  0%|          | 0/1 [00:00<?, ?it/s]
100%|██████████| 1/1 [00:00<00:00,  4.45it/s]
100%|██████████| 1/1 [00:00<00:00,  4.44it/s]

  0%|          | 0/1 [00:00<?, ?it/s]
100%|██████████| 1/1 [00:00<00:00,  4.31it/s]
100%|██████████| 1/1 [00:00<00:00,  4.31it/s]

  0%|          | 0/1 [00:00<?, ?it/s]
100%|██████████| 1/1 [00:00<00:00,  4.30it/s]
100%|██████████| 1/1 [00:00<00:00,  4.29it/s]

  0%|          | 0/1 [00:00<?, ?it/s]
100%|██████████| 1/1 [00:00<00:00,  4.40it/s]
100%|██████████| 1/1 [00:00<00:00,  4.39it/s]

  0%|          | 0/1 [00:00<?, ?it/s]
100%|██████████| 1/1 [00:00<00:00,  4.39it/s]
100%|██████████| 1/1 [00:00<00:00,  4.38it/s]

  0%|          | 0/1 [00:00<?, ?it/s]
100%|██████████| 1/1 [00:00<00:00,  4.20it/s]
100%|██████████| 1/1 [00:00<00:00,  4.20it/s]

  0%|          | 0/1 [00:00<?, ?it/s]
100%|██████████| 1/1 [00:00<00:00,  4.13it/s]
100%|██████████| 1/1 [00:00<00:00,  4.13it/s]

  0%|          | 0/1 [00:00<?, ?it/s]
100%|██████████| 1/1 [00:00<00:00,  4.37it/s]
100%|██████████| 1/1 [00:00<00:00,  4.36it/s]

  0%|          | 0/1 [00:00<?, ?it/s]
100%|██████████| 1/1 [00:00<00:00,  3.76it/s]
100%|██████████| 1/1 [00:00<00:00,  3.75it/s]

  0%|          | 0/1 [00:00<?, ?it/s]
100%|██████████| 1/1 [00:00<00:00,  3.79it/s]
100%|██████████| 1/1 [00:00<00:00,  3.78it/s]

  0%|          | 0/1 [00:00<?, ?it/s]
100%|██████████| 1/1 [00:00<00:00,  4.33it/s]
100%|██████████| 1/1 [00:00<00:00,  4.32it/s]

  0%|          | 0/1 [00:00<?, ?it/s]
100%|██████████| 1/1 [00:00<00:00,  4.37it/s]
100%|██████████| 1/1 [00:00<00:00,  4.36it/s]

  0%|          | 0/1 [00:00<?, ?it/s]
100%|██████████| 1/1 [00:00<00:00,  2.17it/s]
100%|██████████| 1/1 [00:00<00:00,  2.16it/s]

  0%|          | 0/1 [00:00<?, ?it/s]
100%|██████████| 1/1 [00:00<00:00,  2.54it/s]
100%|██████████| 1/1 [00:00<00:00,  2.54it/s]

  0%|          | 0/1 [00:00<?, ?it/s]
100%|██████████| 1/1 [00:00<00:00,  3.47it/s]
100%|██████████| 1/1 [00:00<00:00,  3.46it/s]

  0%|          | 0/1 [00:00<?, ?it/s]
100%|██████████| 1/1 [00:00<00:00,  3.75it/s]
100%|██████████| 1/1 [00:00<00:00,  3.74it/s]

  0%|          | 0/1 [00:00<?, ?it/s]
100%|██████████| 1/1 [00:00<00:00,  3.58it/s]
100%|██████████| 1/1 [00:00<00:00,  3.57it/s]

  0%|          | 0/1 [00:00<?, ?it/s]
100%|██████████| 1/1 [00:00<00:00,  3.73it/s]
100%|██████████| 1/1 [00:00<00:00,  3.72it/s]

  0%|          | 0/1 [00:00<?, ?it/s]
100%|██████████| 1/1 [00:00<00:00,  3.42it/s]
100%|██████████| 1/1 [00:00<00:00,  3.42it/s]

  0%|          | 0/1 [00:00<?, ?it/s]
100%|██████████| 1/1 [00:00<00:00,  3.73it/s]
100%|██████████| 1/1 [00:00<00:00,  3.72it/s]

  0%|          | 0/1 [00:00<?, ?it/s]
100%|██████████| 1/1 [00:00<00:00,  3.56it/s]
100%|██████████| 1/1 [00:00<00:00,  3.56it/s]

  0%|          | 0/1 [00:00<?, ?it/s]
100%|██████████| 1/1 [00:00<00:00,  3.76it/s]
100%|██████████| 1/1 [00:00<00:00,  3.76it/s]

  0%|          | 0/1 [00:00<?, ?it/s]
100%|██████████| 1/1 [00:00<00:00,  3.63it/s]
100%|██████████| 1/1 [00:00<00:00,  3.62it/s]

  0%|          | 0/1 [00:00<?, ?it/s]
100%|██████████| 1/1 [00:00<00:00,  3.53it/s]
100%|██████████| 1/1 [00:00<00:00,  3.53it/s]

  0%|          | 0/1 [00:00<?, ?it/s]
100%|██████████| 1/1 [00:00<00:00,  1.18it/s]
100%|██████████| 1/1 [00:00<00:00,  1.18it/s]

  0%|          | 0/1 [00:00<?, ?it/s]
100%|██████████| 1/1 [00:00<00:00,  3.67it/s]
100%|██████████| 1/1 [00:00<00:00,  3.66it/s]

  0%|          | 0/1 [00:00<?, ?it/s]
100%|██████████| 1/1 [00:00<00:00,  3.32it/s]
100%|██████████| 1/1 [00:00<00:00,  3.32it/s]

  0%|          | 0/1 [00:00<?, ?it/s]
100%|██████████| 1/1 [00:00<00:00,  4.25it/s]
100%|██████████| 1/1 [00:00<00:00,  4.25it/s]

  0%|          | 0/1 [00:00<?, ?it/s]
100%|██████████| 1/1 [00:00<00:00,  4.28it/s]
100%|██████████| 1/1 [00:00<00:00,  4.28it/s]

  0%|          | 0/1 [00:00<?, ?it/s]
100%|██████████| 1/1 [00:00<00:00,  4.26it/s]
100%|██████████| 1/1 [00:00<00:00,  4.25it/s]

  0%|          | 0/1 [00:00<?, ?it/s]
100%|██████████| 1/1 [00:00<00:00,  3.47it/s]
100%|██████████| 1/1 [00:00<00:00,  3.47it/s]

  0%|          | 0/1 [00:00<?, ?it/s]
100%|██████████| 1/1 [00:00<00:00,  3.67it/s]
100%|██████████| 1/1 [00:00<00:00,  3.67it/s]

  0%|          | 0/1 [00:00<?, ?it/s]
100%|██████████| 1/1 [00:00<00:00,  2.71it/s]
100%|██████████| 1/1 [00:00<00:00,  2.71it/s]

  0%|          | 0/1 [00:00<?, ?it/s]
100%|██████████| 1/1 [00:00<00:00,  3.61it/s]
100%|██████████| 1/1 [00:00<00:00,  3.60it/s]

  0%|          | 0/1 [00:00<?, ?it/s]
100%|██████████| 1/1 [00:00<00:00,  3.51it/s]
100%|██████████| 1/1 [00:00<00:00,  3.51it/s]

  0%|          | 0/1 [00:00<?, ?it/s]
100%|██████████| 1/1 [00:00<00:00,  3.26it/s]
100%|██████████| 1/1 [00:00<00:00,  3.26it/s]

  0%|          | 0/1 [00:00<?, ?it/s]
100%|██████████| 1/1 [00:00<00:00,  1.84it/s]
100%|██████████| 1/1 [00:00<00:00,  1.84it/s]

  0%|          | 0/1 [00:00<?, ?it/s]
100%|██████████| 1/1 [00:00<00:00,  4.66it/s]
100%|██████████| 1/1 [00:00<00:00,  4.65it/s]

  0%|          | 0/1 [00:00<?, ?it/s]
100%|██████████| 1/1 [00:00<00:00,  3.95it/s]
100%|██████████| 1/1 [00:00<00:00,  3.95it/s]

  0%|          | 0/1 [00:00<?, ?it/s]
100%|██████████| 1/1 [00:00<00:00,  3.54it/s]
100%|██████████| 1/1 [00:00<00:00,  3.54it/s]

  0%|          | 0/1 [00:00<?, ?it/s]
100%|██████████| 1/1 [00:00<00:00,  3.57it/s]
100%|██████████| 1/1 [00:00<00:00,  3.57it/s]

  0%|          | 0/1 [00:00<?, ?it/s]
100%|██████████| 1/1 [00:00<00:00,  3.35it/s]
100%|██████████| 1/1 [00:00<00:00,  3.35it/s]

  0%|          | 0/1 [00:00<?, ?it/s]
100%|██████████| 1/1 [00:00<00:00,  3.70it/s]
100%|██████████| 1/1 [00:00<00:00,  3.70it/s]

  0%|          | 0/1 [00:00<?, ?it/s]
100%|██████████| 1/1 [00:00<00:00,  3.79it/s]
100%|██████████| 1/1 [00:00<00:00,  3.79it/s]

  0%|          | 0/1 [00:00<?, ?it/s]
100%|██████████| 1/1 [00:00<00:00,  3.83it/s]
100%|██████████| 1/1 [00:00<00:00,  3.83it/s]

  0%|          | 0/1 [00:00<?, ?it/s]
100%|██████████| 1/1 [00:00<00:00,  3.37it/s]
100%|██████████| 1/1 [00:00<00:00,  3.37it/s]

  0%|          | 0/1 [00:00<?, ?it/s]
100%|██████████| 1/1 [00:00<00:00,  1.68it/s]
100%|██████████| 1/1 [00:00<00:00,  1.68it/s]

  0%|          | 0/1 [00:00<?, ?it/s]
100%|██████████| 1/1 [00:00<00:00,  3.26it/s]
100%|██████████| 1/1 [00:00<00:00,  3.25it/s]

  0%|          | 0/1 [00:00<?, ?it/s]
100%|██████████| 1/1 [00:00<00:00,  1.10it/s]
100%|██████████| 1/1 [00:00<00:00,  1.10it/s]

  0%|          | 0/1 [00:00<?, ?it/s]
100%|██████████| 1/1 [00:00<00:00,  4.16it/s]
100%|██████████| 1/1 [00:00<00:00,  4.15it/s]

  0%|          | 0/1 [00:00<?, ?it/s]
100%|██████████| 1/1 [00:00<00:00,  3.52it/s]
100%|██████████| 1/1 [00:00<00:00,  3.51it/s]

  0%|          | 0/1 [00:00<?, ?it/s]
100%|██████████| 1/1 [00:00<00:00,  1.62it/s]
100%|██████████| 1/1 [00:00<00:00,  1.62it/s]

  0%|          | 0/1 [00:00<?, ?it/s]
100%|██████████| 1/1 [00:00<00:00,  2.97it/s]
100%|██████████| 1/1 [00:00<00:00,  2.97it/s]

  0%|          | 0/1 [00:00<?, ?it/s]
100%|██████████| 1/1 [00:00<00:00,  1.70it/s]
100%|██████████| 1/1 [00:00<00:00,  1.70it/s]

  0%|          | 0/1 [00:00<?, ?it/s]
100%|██████████| 1/1 [00:00<00:00,  3.34it/s]
100%|██████████| 1/1 [00:00<00:00,  3.33it/s]

  0%|          | 0/1 [00:00<?, ?it/s]
100%|██████████| 1/1 [00:00<00:00,  3.24it/s]
100%|██████████| 1/1 [00:00<00:00,  3.23it/s]

  0%|          | 0/1 [00:00<?, ?it/s]
100%|██████████| 1/1 [00:00<00:00,  1.36it/s]
100%|██████████| 1/1 [00:00<00:00,  1.36it/s]

  0%|          | 0/1 [00:00<?, ?it/s]
100%|██████████| 1/1 [00:00<00:00,  1.13it/s]
100%|██████████| 1/1 [00:00<00:00,  1.13it/s]

  0%|          | 0/1 [00:00<?, ?it/s]
100%|██████████| 1/1 [00:00<00:00,  2.84it/s]
100%|██████████| 1/1 [00:00<00:00,  2.84it/s]

  0%|          | 0/1 [00:00<?, ?it/s]
100%|██████████| 1/1 [00:00<00:00,  2.97it/s]
100%|██████████| 1/1 [00:00<00:00,  2.96it/s]

  0%|          | 0/1 [00:00<?, ?it/s]
100%|██████████| 1/1 [00:00<00:00,  3.17it/s]
100%|██████████| 1/1 [00:00<00:00,  3.16it/s]

  0%|          | 0/1 [00:00<?, ?it/s]
100%|██████████| 1/1 [00:00<00:00,  2.20it/s]
100%|██████████| 1/1 [00:00<00:00,  2.20it/s]

  0%|          | 0/1 [00:00<?, ?it/s]
100%|██████████| 1/1 [00:00<00:00,  2.77it/s]
100%|██████████| 1/1 [00:00<00:00,  2.77it/s]

  0%|          | 0/1 [00:00<?, ?it/s]
100%|██████████| 1/1 [00:00<00:00,  2.22it/s]
100%|██████████| 1/1 [00:00<00:00,  2.22it/s]

  0%|          | 0/1 [00:00<?, ?it/s]
100%|██████████| 1/1 [00:00<00:00,  1.62it/s]
100%|██████████| 1/1 [00:00<00:00,  1.62it/s]

  0%|          | 0/1 [00:00<?, ?it/s]
100%|██████████| 1/1 [00:00<00:00,  2.29it/s]
100%|██████████| 1/1 [00:00<00:00,  2.29it/s]

  0%|          | 0/1 [00:00<?, ?it/s]
100%|██████████| 1/1 [00:01<00:00,  1.32s/it]
100%|██████████| 1/1 [00:01<00:00,  1.32s/it]

  0%|          | 0/1 [00:00<?, ?it/s]
100%|██████████| 1/1 [00:00<00:00,  2.41it/s]
100%|██████████| 1/1 [00:00<00:00,  2.41it/s]

  0%|          | 0/1 [00:00<?, ?it/s]
100%|██████████| 1/1 [00:00<00:00,  2.71it/s]
100%|██████████| 1/1 [00:00<00:00,  2.70it/s]

  0%|          | 0/1 [00:00<?, ?it/s]
100%|██████████| 1/1 [00:00<00:00,  2.65it/s]
100%|██████████| 1/1 [00:00<00:00,  2.65it/s]

  0%|          | 0/1 [00:00<?, ?it/s]
100%|██████████| 1/1 [00:00<00:00,  2.58it/s]
100%|██████████| 1/1 [00:00<00:00,  2.58it/s]

  0%|          | 0/1 [00:00<?, ?it/s]
100%|██████████| 1/1 [00:00<00:00,  2.67it/s]
100%|██████████| 1/1 [00:00<00:00,  2.67it/s]

  0%|          | 0/1 [00:00<?, ?it/s]
100%|██████████| 1/1 [00:00<00:00,  2.74it/s]
100%|██████████| 1/1 [00:00<00:00,  2.74it/s]

  0%|          | 0/1 [00:00<?, ?it/s]
100%|██████████| 1/1 [00:00<00:00,  2.98it/s]
100%|██████████| 1/1 [00:00<00:00,  2.97it/s]

  0%|          | 0/1 [00:00<?, ?it/s]
100%|██████████| 1/1 [00:00<00:00,  2.84it/s]
100%|██████████| 1/1 [00:00<00:00,  2.84it/s]

  0%|          | 0/1 [00:00<?, ?it/s]
100%|██████████| 1/1 [00:00<00:00,  2.60it/s]
100%|██████████| 1/1 [00:00<00:00,  2.60it/s]

  0%|          | 0/1 [00:00<?, ?it/s]
100%|██████████| 1/1 [00:00<00:00,  2.74it/s]
100%|██████████| 1/1 [00:00<00:00,  2.74it/s]

  0%|          | 0/1 [00:00<?, ?it/s]
100%|██████████| 1/1 [00:00<00:00,  2.64it/s]
100%|██████████| 1/1 [00:00<00:00,  2.64it/s]

  0%|          | 0/1 [00:00<?, ?it/s]
100%|██████████| 1/1 [00:00<00:00,  2.95it/s]
100%|██████████| 1/1 [00:00<00:00,  2.95it/s]

  0%|          | 0/1 [00:00<?, ?it/s]
100%|██████████| 1/1 [00:00<00:00,  2.98it/s]
100%|██████████| 1/1 [00:00<00:00,  2.97it/s]

  0%|          | 0/1 [00:00<?, ?it/s]
100%|██████████| 1/1 [00:00<00:00,  2.23it/s]
100%|██████████| 1/1 [00:00<00:00,  2.23it/s]

  0%|          | 0/1 [00:00<?, ?it/s]
100%|██████████| 1/1 [00:00<00:00,  2.14it/s]
100%|██████████| 1/1 [00:00<00:00,  2.14it/s]

  0%|          | 0/1 [00:00<?, ?it/s]
100%|██████████| 1/1 [00:00<00:00,  2.37it/s]
100%|██████████| 1/1 [00:00<00:00,  2.37it/s]

  0%|          | 0/1 [00:00<?, ?it/s]
100%|██████████| 1/1 [00:00<00:00,  2.93it/s]
100%|██████████| 1/1 [00:00<00:00,  2.93it/s]

  0%|          | 0/1 [00:00<?, ?it/s]
100%|██████████| 1/1 [00:00<00:00,  2.59it/s]
100%|██████████| 1/1 [00:00<00:00,  2.59it/s]

  0%|          | 0/1 [00:00<?, ?it/s]
100%|██████████| 1/1 [00:00<00:00,  2.78it/s]
100%|██████████| 1/1 [00:00<00:00,  2.78it/s]

  0%|          | 0/1 [00:00<?, ?it/s]
100%|██████████| 1/1 [00:00<00:00,  2.59it/s]
100%|██████████| 1/1 [00:00<00:00,  2.59it/s]

  0%|          | 0/1 [00:00<?, ?it/s]
100%|██████████| 1/1 [00:00<00:00,  2.81it/s]
100%|██████████| 1/1 [00:00<00:00,  2.80it/s]

  0%|          | 0/1 [00:00<?, ?it/s]
100%|██████████| 1/1 [00:00<00:00,  2.21it/s]
100%|██████████| 1/1 [00:00<00:00,  2.21it/s]

  0%|          | 0/1 [00:00<?, ?it/s]
100%|██████████| 1/1 [00:00<00:00,  2.14it/s]
100%|██████████| 1/1 [00:00<00:00,  2.14it/s]

  0%|          | 0/1 [00:00<?, ?it/s]
100%|██████████| 1/1 [00:00<00:00,  2.39it/s]
100%|██████████| 1/1 [00:00<00:00,  2.38it/s]

  0%|          | 0/1 [00:00<?, ?it/s]
100%|██████████| 1/1 [00:00<00:00,  1.74it/s]
100%|██████████| 1/1 [00:00<00:00,  1.74it/s]

  0%|          | 0/1 [00:00<?, ?it/s]
100%|██████████| 1/1 [00:00<00:00,  2.45it/s]
100%|██████████| 1/1 [00:00<00:00,  2.45it/s]

  0%|          | 0/1 [00:00<?, ?it/s]
100%|██████████| 1/1 [00:00<00:00,  2.81it/s]
100%|██████████| 1/1 [00:00<00:00,  2.81it/s]

  0%|          | 0/1 [00:00<?, ?it/s]
100%|██████████| 1/1 [00:00<00:00,  2.53it/s]
100%|██████████| 1/1 [00:00<00:00,  2.53it/s]

  0%|          | 0/1 [00:00<?, ?it/s]
100%|██████████| 1/1 [00:00<00:00,  2.49it/s]
100%|██████████| 1/1 [00:00<00:00,  2.49it/s]

  0%|          | 0/1 [00:00<?, ?it/s]
100%|██████████| 1/1 [00:00<00:00,  2.37it/s]
100%|██████████| 1/1 [00:00<00:00,  2.37it/s]

  0%|          | 0/1 [00:00<?, ?it/s]
100%|██████████| 1/1 [00:00<00:00,  2.29it/s]
100%|██████████| 1/1 [00:00<00:00,  2.29it/s]

  0%|          | 0/1 [00:00<?, ?it/s]
100%|██████████| 1/1 [00:00<00:00,  2.52it/s]
100%|██████████| 1/1 [00:00<00:00,  2.52it/s]

  0%|          | 0/1 [00:00<?, ?it/s]
100%|██████████| 1/1 [00:00<00:00,  2.39it/s]
100%|██████████| 1/1 [00:00<00:00,  2.39it/s]

  0%|          | 0/1 [00:00<?, ?it/s]
100%|██████████| 1/1 [00:00<00:00,  2.43it/s]
100%|██████████| 1/1 [00:00<00:00,  2.43it/s]

  0%|          | 0/1 [00:00<?, ?it/s]
100%|██████████| 1/1 [00:00<00:00,  2.35it/s]
100%|██████████| 1/1 [00:00<00:00,  2.35it/s]

  0%|          | 0/1 [00:00<?, ?it/s]
100%|██████████| 1/1 [00:00<00:00,  2.80it/s]
100%|██████████| 1/1 [00:00<00:00,  2.80it/s]

  0%|          | 0/1 [00:00<?, ?it/s]
100%|██████████| 1/1 [00:00<00:00,  2.27it/s]
100%|██████████| 1/1 [00:00<00:00,  2.27it/s]

  0%|          | 0/1 [00:00<?, ?it/s]
100%|██████████| 1/1 [00:00<00:00,  2.55it/s]
100%|██████████| 1/1 [00:00<00:00,  2.55it/s]

  0%|          | 0/1 [00:00<?, ?it/s]
100%|██████████| 1/1 [00:00<00:00,  2.30it/s]
100%|██████████| 1/1 [00:00<00:00,  2.30it/s]

  0%|          | 0/1 [00:00<?, ?it/s]
100%|██████████| 1/1 [00:00<00:00,  2.46it/s]
100%|██████████| 1/1 [00:00<00:00,  2.46it/s]

  0%|          | 0/1 [00:00<?, ?it/s]
100%|██████████| 1/1 [00:00<00:00,  2.14it/s]
100%|██████████| 1/1 [00:00<00:00,  2.14it/s]

  0%|          | 0/1 [00:00<?, ?it/s]
100%|██████████| 1/1 [00:00<00:00,  2.73it/s]
100%|██████████| 1/1 [00:00<00:00,  2.72it/s]

  0%|          | 0/1 [00:00<?, ?it/s]
100%|██████████| 1/1 [00:00<00:00,  2.50it/s]
100%|██████████| 1/1 [00:00<00:00,  2.49it/s]

  0%|          | 0/1 [00:00<?, ?it/s]
100%|██████████| 1/1 [00:00<00:00,  2.51it/s]
100%|██████████| 1/1 [00:00<00:00,  2.51it/s]

  0%|          | 0/1 [00:00<?, ?it/s]
100%|██████████| 1/1 [00:00<00:00,  2.31it/s]
100%|██████████| 1/1 [00:00<00:00,  2.31it/s]

  0%|          | 0/1 [00:00<?, ?it/s]
100%|██████████| 1/1 [00:00<00:00,  1.90it/s]
100%|██████████| 1/1 [00:00<00:00,  1.90it/s]

  0%|          | 0/1 [00:00<?, ?it/s]
100%|██████████| 1/1 [00:00<00:00,  2.07it/s]
100%|██████████| 1/1 [00:00<00:00,  2.06it/s]

  0%|          | 0/1 [00:00<?, ?it/s]
100%|██████████| 1/1 [00:00<00:00,  2.12it/s]
100%|██████████| 1/1 [00:00<00:00,  2.12it/s]

  0%|          | 0/1 [00:00<?, ?it/s]
100%|██████████| 1/1 [00:00<00:00,  2.51it/s]
100%|██████████| 1/1 [00:00<00:00,  2.51it/s]

  0%|          | 0/1 [00:00<?, ?it/s]
100%|██████████| 1/1 [00:00<00:00,  1.93it/s]
100%|██████████| 1/1 [00:00<00:00,  1.93it/s]

  0%|          | 0/1 [00:00<?, ?it/s]
100%|██████████| 1/1 [00:00<00:00,  2.74it/s]
100%|██████████| 1/1 [00:00<00:00,  2.74it/s]

  0%|          | 0/1 [00:00<?, ?it/s]
100%|██████████| 1/1 [00:00<00:00,  2.44it/s]
100%|██████████| 1/1 [00:00<00:00,  2.44it/s]

  0%|          | 0/1 [00:00<?, ?it/s]
100%|██████████| 1/1 [00:00<00:00,  2.23it/s]
100%|██████████| 1/1 [00:00<00:00,  2.23it/s]

  0%|          | 0/1 [00:00<?, ?it/s]
100%|██████████| 1/1 [00:00<00:00,  2.32it/s]
100%|██████████| 1/1 [00:00<00:00,  2.32it/s]

  0%|          | 0/1 [00:00<?, ?it/s]
100%|██████████| 1/1 [00:00<00:00,  1.98it/s]
100%|██████████| 1/1 [00:00<00:00,  1.98it/s]

  0%|          | 0/1 [00:00<?, ?it/s]
100%|██████████| 1/1 [00:00<00:00,  2.74it/s]
100%|██████████| 1/1 [00:00<00:00,  2.74it/s]

  0%|          | 0/1 [00:00<?, ?it/s]
100%|██████████| 1/1 [00:00<00:00,  2.03it/s]
100%|██████████| 1/1 [00:00<00:00,  2.03it/s]

  0%|          | 0/1 [00:00<?, ?it/s]
100%|██████████| 1/1 [00:00<00:00,  2.11it/s]
100%|██████████| 1/1 [00:00<00:00,  2.11it/s]

  0%|          | 0/1 [00:00<?, ?it/s]
100%|██████████| 1/1 [00:00<00:00,  1.83it/s]
100%|██████████| 1/1 [00:00<00:00,  1.83it/s]

  0%|          | 0/1 [00:00<?, ?it/s]
100%|██████████| 1/1 [00:00<00:00,  1.29it/s]
100%|██████████| 1/1 [00:00<00:00,  1.28it/s]

  0%|          | 0/1 [00:00<?, ?it/s]
100%|██████████| 1/1 [00:00<00:00,  2.42it/s]
100%|██████████| 1/1 [00:00<00:00,  2.41it/s]

  0%|          | 0/1 [00:00<?, ?it/s]
100%|██████████| 1/1 [00:00<00:00,  1.83it/s]
100%|██████████| 1/1 [00:00<00:00,  1.83it/s]

  0%|          | 0/1 [00:00<?, ?it/s]
100%|██████████| 1/1 [00:00<00:00,  1.56it/s]
100%|██████████| 1/1 [00:00<00:00,  1.56it/s]

  0%|          | 0/1 [00:00<?, ?it/s]
100%|██████████| 1/1 [00:00<00:00,  2.44it/s]
100%|██████████| 1/1 [00:00<00:00,  2.44it/s]

  0%|          | 0/1 [00:00<?, ?it/s]
100%|██████████| 1/1 [00:00<00:00,  2.15it/s]
100%|██████████| 1/1 [00:00<00:00,  2.15it/s]

  0%|          | 0/1 [00:00<?, ?it/s]
100%|██████████| 1/1 [00:00<00:00,  2.67it/s]
100%|██████████| 1/1 [00:00<00:00,  2.67it/s]

  0%|          | 0/1 [00:00<?, ?it/s]
100%|██████████| 1/1 [00:00<00:00,  2.52it/s]
100%|██████████| 1/1 [00:00<00:00,  2.52it/s]

  0%|          | 0/1 [00:00<?, ?it/s]
100%|██████████| 1/1 [00:00<00:00,  2.71it/s]
100%|██████████| 1/1 [00:00<00:00,  2.70it/s]

  0%|          | 0/1 [00:00<?, ?it/s]
100%|██████████| 1/1 [00:00<00:00,  2.33it/s]
100%|██████████| 1/1 [00:00<00:00,  2.33it/s]

  0%|          | 0/1 [00:00<?, ?it/s]
100%|██████████| 1/1 [00:00<00:00,  2.69it/s]
100%|██████████| 1/1 [00:00<00:00,  2.69it/s]

  0%|          | 0/1 [00:00<?, ?it/s]
100%|██████████| 1/1 [00:00<00:00,  2.75it/s]
100%|██████████| 1/1 [00:00<00:00,  2.75it/s]

  0%|          | 0/1 [00:00<?, ?it/s]
100%|██████████| 1/1 [00:00<00:00,  2.59it/s]
100%|██████████| 1/1 [00:00<00:00,  2.59it/s]

  0%|          | 0/1 [00:00<?, ?it/s]
100%|██████████| 1/1 [00:00<00:00,  2.97it/s]
100%|██████████| 1/1 [00:00<00:00,  2.97it/s]

  0%|          | 0/1 [00:00<?, ?it/s]
100%|██████████| 1/1 [00:00<00:00,  2.61it/s]
100%|██████████| 1/1 [00:00<00:00,  2.60it/s]

  0%|          | 0/1 [00:00<?, ?it/s]
100%|██████████| 1/1 [00:00<00:00,  2.95it/s]
100%|██████████| 1/1 [00:00<00:00,  2.95it/s]

  0%|          | 0/1 [00:00<?, ?it/s]
100%|██████████| 1/1 [00:00<00:00,  2.57it/s]
100%|██████████| 1/1 [00:00<00:00,  2.57it/s]

  0%|          | 0/1 [00:00<?, ?it/s]
100%|██████████| 1/1 [00:00<00:00,  2.61it/s]
100%|██████████| 1/1 [00:00<00:00,  2.61it/s]

  0%|          | 0/1 [00:00<?, ?it/s]
100%|██████████| 1/1 [00:00<00:00,  2.76it/s]
100%|██████████| 1/1 [00:00<00:00,  2.75it/s]

  0%|          | 0/1 [00:00<?, ?it/s]
100%|██████████| 1/1 [00:00<00:00,  2.74it/s]
100%|██████████| 1/1 [00:00<00:00,  2.74it/s]

  0%|          | 0/1 [00:00<?, ?it/s]
100%|██████████| 1/1 [00:00<00:00,  2.71it/s]
100%|██████████| 1/1 [00:00<00:00,  2.70it/s]

  0%|          | 0/1 [00:00<?, ?it/s]
100%|██████████| 1/1 [00:00<00:00,  2.94it/s]
100%|██████████| 1/1 [00:00<00:00,  2.93it/s]

  0%|          | 0/1 [00:00<?, ?it/s]
100%|██████████| 1/1 [00:00<00:00,  2.61it/s]
100%|██████████| 1/1 [00:00<00:00,  2.61it/s]

  0%|          | 0/1 [00:00<?, ?it/s]
100%|██████████| 1/1 [00:00<00:00,  3.01it/s]
100%|██████████| 1/1 [00:00<00:00,  3.01it/s]

  0%|          | 0/1 [00:00<?, ?it/s]
100%|██████████| 1/1 [00:00<00:00,  2.60it/s]
100%|██████████| 1/1 [00:00<00:00,  2.60it/s]

  0%|          | 0/1 [00:00<?, ?it/s]
100%|██████████| 1/1 [00:00<00:00,  2.69it/s]
100%|██████████| 1/1 [00:00<00:00,  2.69it/s]

  0%|          | 0/1 [00:00<?, ?it/s]
100%|██████████| 1/1 [00:00<00:00,  2.43it/s]
100%|██████████| 1/1 [00:00<00:00,  2.43it/s]

  0%|          | 0/1 [00:00<?, ?it/s]
100%|██████████| 1/1 [00:00<00:00,  4.06it/s]
100%|██████████| 1/1 [00:00<00:00,  4.06it/s]

  0%|          | 0/1 [00:00<?, ?it/s]
100%|██████████| 1/1 [00:00<00:00,  3.89it/s]
100%|██████████| 1/1 [00:00<00:00,  3.88it/s]

  0%|          | 0/1 [00:00<?, ?it/s]
100%|██████████| 1/1 [00:00<00:00,  4.00it/s]
100%|██████████| 1/1 [00:00<00:00,  4.00it/s]

  0%|          | 0/1 [00:00<?, ?it/s]
100%|██████████| 1/1 [00:00<00:00,  4.03it/s]
100%|██████████| 1/1 [00:00<00:00,  4.02it/s]

  0%|          | 0/1 [00:00<?, ?it/s]
100%|██████████| 1/1 [00:00<00:00,  4.05it/s]
100%|██████████| 1/1 [00:00<00:00,  4.05it/s]

  0%|          | 0/1 [00:00<?, ?it/s]
100%|██████████| 1/1 [00:00<00:00,  2.60it/s]
100%|██████████| 1/1 [00:00<00:00,  2.60it/s]

  0%|          | 0/1 [00:00<?, ?it/s]
100%|██████████| 1/1 [00:00<00:00,  4.14it/s]
100%|██████████| 1/1 [00:00<00:00,  4.14it/s]

  0%|          | 0/1 [00:00<?, ?it/s]
100%|██████████| 1/1 [00:00<00:00,  3.92it/s]
100%|██████████| 1/1 [00:00<00:00,  3.92it/s]

  0%|          | 0/1 [00:00<?, ?it/s]
100%|██████████| 1/1 [00:00<00:00,  3.88it/s]
100%|██████████| 1/1 [00:00<00:00,  3.88it/s]

  0%|          | 0/1 [00:00<?, ?it/s]
100%|██████████| 1/1 [00:00<00:00,  3.85it/s]
100%|██████████| 1/1 [00:00<00:00,  3.85it/s]

  0%|          | 0/1 [00:00<?, ?it/s]
100%|██████████| 1/1 [00:00<00:00,  3.67it/s]
100%|██████████| 1/1 [00:00<00:00,  3.66it/s]

  0%|          | 0/1 [00:00<?, ?it/s]
100%|██████████| 1/1 [00:00<00:00,  3.99it/s]
100%|██████████| 1/1 [00:00<00:00,  3.98it/s]

  0%|          | 0/1 [00:00<?, ?it/s]
100%|██████████| 1/1 [00:00<00:00,  4.08it/s]
100%|██████████| 1/1 [00:00<00:00,  4.08it/s]

  0%|          | 0/1 [00:00<?, ?it/s]
100%|██████████| 1/1 [00:00<00:00,  3.35it/s]
100%|██████████| 1/1 [00:00<00:00,  3.34it/s]

  0%|          | 0/1 [00:00<?, ?it/s]
100%|██████████| 1/1 [00:00<00:00,  4.19it/s]
100%|██████████| 1/1 [00:00<00:00,  4.19it/s]

  0%|          | 0/1 [00:00<?, ?it/s]
100%|██████████| 1/1 [00:00<00:00,  4.19it/s]
100%|██████████| 1/1 [00:00<00:00,  4.19it/s]

  0%|          | 0/1 [00:00<?, ?it/s]
100%|██████████| 1/1 [00:00<00:00,  2.91it/s]
100%|██████████| 1/1 [00:00<00:00,  2.91it/s]

  0%|          | 0/1 [00:00<?, ?it/s]
100%|██████████| 1/1 [00:00<00:00,  4.10it/s]
100%|██████████| 1/1 [00:00<00:00,  4.10it/s]

  0%|          | 0/1 [00:00<?, ?it/s]
100%|██████████| 1/1 [00:00<00:00,  2.86it/s]
100%|██████████| 1/1 [00:00<00:00,  2.86it/s]

  0%|          | 0/1 [00:00<?, ?it/s]
100%|██████████| 1/1 [00:00<00:00,  2.97it/s]
100%|██████████| 1/1 [00:00<00:00,  2.97it/s]

  0%|          | 0/1 [00:00<?, ?it/s]
100%|██████████| 1/1 [00:00<00:00,  3.37it/s]
100%|██████████| 1/1 [00:00<00:00,  3.37it/s]

  0%|          | 0/1 [00:00<?, ?it/s]
100%|██████████| 1/1 [00:00<00:00,  3.91it/s]
100%|██████████| 1/1 [00:00<00:00,  3.91it/s]

  0%|          | 0/1 [00:00<?, ?it/s]
100%|██████████| 1/1 [00:00<00:00,  3.80it/s]
100%|██████████| 1/1 [00:00<00:00,  3.80it/s]

  0%|          | 0/1 [00:00<?, ?it/s]
100%|██████████| 1/1 [00:00<00:00,  3.97it/s]
100%|██████████| 1/1 [00:00<00:00,  3.96it/s]

  0%|          | 0/1 [00:00<?, ?it/s]
100%|██████████| 1/1 [00:00<00:00,  3.74it/s]
100%|██████████| 1/1 [00:00<00:00,  3.74it/s]

  0%|          | 0/1 [00:00<?, ?it/s]
100%|██████████| 1/1 [00:00<00:00,  4.01it/s]
100%|██████████| 1/1 [00:00<00:00,  4.01it/s]

  0%|          | 0/1 [00:00<?, ?it/s]
100%|██████████| 1/1 [00:00<00:00,  2.96it/s]
100%|██████████| 1/1 [00:00<00:00,  2.96it/s]

  0%|          | 0/1 [00:00<?, ?it/s]
100%|██████████| 1/1 [00:00<00:00,  3.72it/s]
100%|██████████| 1/1 [00:00<00:00,  3.72it/s]

  0%|          | 0/1 [00:00<?, ?it/s]
100%|██████████| 1/1 [00:00<00:00,  3.27it/s]
100%|██████████| 1/1 [00:00<00:00,  3.27it/s]

  0%|          | 0/1 [00:00<?, ?it/s]
100%|██████████| 1/1 [00:00<00:00,  3.12it/s]
100%|██████████| 1/1 [00:00<00:00,  3.12it/s]

  0%|          | 0/1 [00:00<?, ?it/s]
100%|██████████| 1/1 [00:00<00:00,  4.14it/s]
100%|██████████| 1/1 [00:00<00:00,  4.14it/s]

  0%|          | 0/1 [00:00<?, ?it/s]
100%|██████████| 1/1 [00:00<00:00,  3.06it/s]
100%|██████████| 1/1 [00:00<00:00,  3.06it/s]

  0%|          | 0/1 [00:00<?, ?it/s]
100%|██████████| 1/1 [00:00<00:00,  4.41it/s]
100%|██████████| 1/1 [00:00<00:00,  4.40it/s]

  0%|          | 0/1 [00:00<?, ?it/s]
100%|██████████| 1/1 [00:00<00:00,  3.66it/s]
100%|██████████| 1/1 [00:00<00:00,  3.65it/s]

  0%|          | 0/1 [00:00<?, ?it/s]
100%|██████████| 1/1 [00:00<00:00,  3.90it/s]
100%|██████████| 1/1 [00:00<00:00,  3.90it/s]

  0%|          | 0/1 [00:00<?, ?it/s]
100%|██████████| 1/1 [00:00<00:00,  2.30it/s]
100%|██████████| 1/1 [00:00<00:00,  2.30it/s]

  0%|          | 0/1 [00:00<?, ?it/s]
100%|██████████| 1/1 [00:00<00:00,  4.08it/s]
100%|██████████| 1/1 [00:00<00:00,  4.08it/s]

  0%|          | 0/1 [00:00<?, ?it/s]
100%|██████████| 1/1 [00:00<00:00,  2.83it/s]
100%|██████████| 1/1 [00:00<00:00,  2.83it/s]

  0%|          | 0/1 [00:00<?, ?it/s]
100%|██████████| 1/1 [00:00<00:00,  3.59it/s]
100%|██████████| 1/1 [00:00<00:00,  3.59it/s]

  0%|          | 0/1 [00:00<?, ?it/s]
100%|██████████| 1/1 [00:01<00:00,  1.04s/it]
100%|██████████| 1/1 [00:01<00:00,  1.04s/it]

  0%|          | 0/1 [00:00<?, ?it/s]
100%|██████████| 1/1 [00:00<00:00,  3.39it/s]
100%|██████████| 1/1 [00:00<00:00,  3.39it/s]

  0%|          | 0/1 [00:00<?, ?it/s]
100%|██████████| 1/1 [00:00<00:00,  3.04it/s]
100%|██████████| 1/1 [00:00<00:00,  3.04it/s]

  0%|          | 0/1 [00:00<?, ?it/s]
100%|██████████| 1/1 [00:00<00:00,  2.80it/s]
100%|██████████| 1/1 [00:00<00:00,  2.80it/s]

  0%|          | 0/1 [00:00<?, ?it/s]
100%|██████████| 1/1 [00:00<00:00,  3.24it/s]
100%|██████████| 1/1 [00:00<00:00,  3.24it/s]

  0%|          | 0/1 [00:00<?, ?it/s]
100%|██████████| 1/1 [00:00<00:00,  2.94it/s]
100%|██████████| 1/1 [00:00<00:00,  2.94it/s]

  0%|          | 0/1 [00:00<?, ?it/s]
100%|██████████| 1/1 [00:00<00:00,  2.55it/s]
100%|██████████| 1/1 [00:00<00:00,  2.55it/s]

  0%|          | 0/1 [00:00<?, ?it/s]
100%|██████████| 1/1 [00:00<00:00,  4.31it/s]
100%|██████████| 1/1 [00:00<00:00,  4.30it/s]

  0%|          | 0/1 [00:00<?, ?it/s]
100%|██████████| 1/1 [00:00<00:00,  3.74it/s]
100%|██████████| 1/1 [00:00<00:00,  3.73it/s]

  0%|          | 0/1 [00:00<?, ?it/s]
100%|██████████| 1/1 [00:00<00:00,  3.54it/s]
100%|██████████| 1/1 [00:00<00:00,  3.54it/s]

  0%|          | 0/1 [00:00<?, ?it/s]
100%|██████████| 1/1 [00:00<00:00,  2.63it/s]
100%|██████████| 1/1 [00:00<00:00,  2.63it/s]

  0%|          | 0/1 [00:00<?, ?it/s]
100%|██████████| 1/1 [00:00<00:00,  4.25it/s]
100%|██████████| 1/1 [00:00<00:00,  4.24it/s]

  0%|          | 0/1 [00:00<?, ?it/s]
100%|██████████| 1/1 [00:00<00:00,  3.89it/s]
100%|██████████| 1/1 [00:00<00:00,  3.89it/s]

  0%|          | 0/1 [00:00<?, ?it/s]
100%|██████████| 1/1 [00:00<00:00,  3.40it/s]
100%|██████████| 1/1 [00:00<00:00,  3.39it/s]

  0%|          | 0/1 [00:00<?, ?it/s]
100%|██████████| 1/1 [00:00<00:00,  3.90it/s]
100%|██████████| 1/1 [00:00<00:00,  3.90it/s]

  0%|          | 0/1 [00:00<?, ?it/s]
100%|██████████| 1/1 [00:00<00:00,  3.94it/s]
100%|██████████| 1/1 [00:00<00:00,  3.94it/s]

  0%|          | 0/1 [00:00<?, ?it/s]
100%|██████████| 1/1 [00:00<00:00,  3.88it/s]
100%|██████████| 1/1 [00:00<00:00,  3.88it/s]

  0%|          | 0/1 [00:00<?, ?it/s]
100%|██████████| 1/1 [00:00<00:00,  3.39it/s]
100%|██████████| 1/1 [00:00<00:00,  3.39it/s]

  0%|          | 0/1 [00:00<?, ?it/s]
100%|██████████| 1/1 [00:00<00:00,  4.05it/s]
100%|██████████| 1/1 [00:00<00:00,  4.05it/s]

  0%|          | 0/1 [00:00<?, ?it/s]
100%|██████████| 1/1 [00:00<00:00,  3.29it/s]
100%|██████████| 1/1 [00:00<00:00,  3.29it/s]

  0%|          | 0/1 [00:00<?, ?it/s]
100%|██████████| 1/1 [00:00<00:00,  3.83it/s]
100%|██████████| 1/1 [00:00<00:00,  3.83it/s]

  0%|          | 0/1 [00:00<?, ?it/s]
100%|██████████| 1/1 [00:00<00:00,  2.10it/s]
100%|██████████| 1/1 [00:00<00:00,  2.10it/s]

  0%|          | 0/1 [00:00<?, ?it/s]
100%|██████████| 1/1 [00:00<00:00,  1.52it/s]
100%|██████████| 1/1 [00:00<00:00,  1.52it/s]

  0%|          | 0/1 [00:00<?, ?it/s]
100%|██████████| 1/1 [00:00<00:00,  1.06it/s]
100%|██████████| 1/1 [00:00<00:00,  1.06it/s]

  0%|          | 0/1 [00:00<?, ?it/s]
100%|██████████| 1/1 [00:01<00:00,  1.76s/it]
100%|██████████| 1/1 [00:01<00:00,  1.76s/it]

  0%|          | 0/1 [00:00<?, ?it/s]
100%|██████████| 1/1 [00:00<00:00,  3.47it/s]
100%|██████████| 1/1 [00:00<00:00,  3.47it/s]

  0%|          | 0/1 [00:00<?, ?it/s]
100%|██████████| 1/1 [00:01<00:00,  1.50s/it]
100%|██████████| 1/1 [00:01<00:00,  1.50s/it]

  0%|          | 0/1 [00:00<?, ?it/s]
100%|██████████| 1/1 [00:01<00:00,  1.15s/it]
100%|██████████| 1/1 [00:01<00:00,  1.15s/it]

  0%|          | 0/1 [00:00<?, ?it/s]
100%|██████████| 1/1 [00:01<00:00,  1.76s/it]
100%|██████████| 1/1 [00:01<00:00,  1.76s/it]

  0%|          | 0/1 [00:00<?, ?it/s]
100%|██████████| 1/1 [00:01<00:00,  1.50s/it]
100%|██████████| 1/1 [00:01<00:00,  1.50s/it]

  0%|          | 0/1 [00:00<?, ?it/s]
100%|██████████| 1/1 [00:01<00:00,  1.95s/it]
100%|██████████| 1/1 [00:01<00:00,  1.96s/it]

  0%|          | 0/1 [00:00<?, ?it/s]
100%|██████████| 1/1 [00:01<00:00,  1.84s/it]
100%|██████████| 1/1 [00:01<00:00,  1.84s/it]

  0%|          | 0/1 [00:00<?, ?it/s]
100%|██████████| 1/1 [00:02<00:00,  2.07s/it]
100%|██████████| 1/1 [00:02<00:00,  2.07s/it]

  0%|          | 0/1 [00:00<?, ?it/s]
100%|██████████| 1/1 [00:00<00:00,  3.69it/s]
100%|██████████| 1/1 [00:00<00:00,  3.69it/s]

  0%|          | 0/1 [00:00<?, ?it/s]
100%|██████████| 1/1 [00:00<00:00,  2.08it/s]
100%|██████████| 1/1 [00:00<00:00,  2.08it/s]

  0%|          | 0/1 [00:00<?, ?it/s]
100%|██████████| 1/1 [00:00<00:00,  4.09it/s]
100%|██████████| 1/1 [00:00<00:00,  4.09it/s]

  0%|          | 0/1 [00:00<?, ?it/s]
100%|██████████| 1/1 [00:00<00:00,  4.15it/s]
100%|██████████| 1/1 [00:00<00:00,  4.15it/s]

  0%|          | 0/1 [00:00<?, ?it/s]
100%|██████████| 1/1 [00:00<00:00,  4.43it/s]
100%|██████████| 1/1 [00:00<00:00,  4.43it/s]

  0%|          | 0/1 [00:00<?, ?it/s]
100%|██████████| 1/1 [00:00<00:00,  4.22it/s]
100%|██████████| 1/1 [00:00<00:00,  4.22it/s]

  0%|          | 0/1 [00:00<?, ?it/s]
100%|██████████| 1/1 [00:00<00:00,  4.25it/s]
100%|██████████| 1/1 [00:00<00:00,  4.25it/s]

  0%|          | 0/1 [00:00<?, ?it/s]
100%|██████████| 1/1 [00:00<00:00,  4.34it/s]
100%|██████████| 1/1 [00:00<00:00,  4.33it/s]

  0%|          | 0/1 [00:00<?, ?it/s]
100%|██████████| 1/1 [00:00<00:00,  4.23it/s]
100%|██████████| 1/1 [00:00<00:00,  4.23it/s]

  0%|          | 0/1 [00:00<?, ?it/s]
100%|██████████| 1/1 [00:00<00:00,  4.21it/s]
100%|██████████| 1/1 [00:00<00:00,  4.21it/s]

  0%|          | 0/1 [00:00<?, ?it/s]
100%|██████████| 1/1 [00:00<00:00,  4.28it/s]
100%|██████████| 1/1 [00:00<00:00,  4.27it/s]

  0%|          | 0/1 [00:00<?, ?it/s]
100%|██████████| 1/1 [00:00<00:00,  3.96it/s]
100%|██████████| 1/1 [00:00<00:00,  3.95it/s]

  0%|          | 0/1 [00:00<?, ?it/s]
100%|██████████| 1/1 [00:00<00:00,  4.22it/s]
100%|██████████| 1/1 [00:00<00:00,  4.22it/s]

  0%|          | 0/1 [00:00<?, ?it/s]
100%|██████████| 1/1 [00:00<00:00,  4.73it/s]
100%|██████████| 1/1 [00:00<00:00,  4.72it/s]

  0%|          | 0/1 [00:00<?, ?it/s]
100%|██████████| 1/1 [00:00<00:00,  4.82it/s]
100%|██████████| 1/1 [00:00<00:00,  4.81it/s]

  0%|          | 0/1 [00:00<?, ?it/s]
100%|██████████| 1/1 [00:00<00:00,  4.80it/s]
100%|██████████| 1/1 [00:00<00:00,  4.80it/s]

  0%|          | 0/1 [00:00<?, ?it/s]
100%|██████████| 1/1 [00:00<00:00,  2.23it/s]
100%|██████████| 1/1 [00:00<00:00,  2.23it/s]

  0%|          | 0/1 [00:00<?, ?it/s]
100%|██████████| 1/1 [00:00<00:00,  4.67it/s]
100%|██████████| 1/1 [00:00<00:00,  4.67it/s]

  0%|          | 0/1 [00:00<?, ?it/s]
100%|██████████| 1/1 [00:00<00:00,  2.78it/s]
100%|██████████| 1/1 [00:00<00:00,  2.78it/s]

  0%|          | 0/1 [00:00<?, ?it/s]
100%|██████████| 1/1 [00:00<00:00,  3.17it/s]
100%|██████████| 1/1 [00:00<00:00,  3.17it/s]

  0%|          | 0/1 [00:00<?, ?it/s]
100%|██████████| 1/1 [00:00<00:00,  3.22it/s]
100%|██████████| 1/1 [00:00<00:00,  3.21it/s]

  0%|          | 0/1 [00:00<?, ?it/s]
100%|██████████| 1/1 [00:00<00:00,  3.33it/s]
100%|██████████| 1/1 [00:00<00:00,  3.33it/s]

  0%|          | 0/1 [00:00<?, ?it/s]
100%|██████████| 1/1 [00:00<00:00,  3.10it/s]
100%|██████████| 1/1 [00:00<00:00,  3.09it/s]

  0%|          | 0/1 [00:00<?, ?it/s]
100%|██████████| 1/1 [00:00<00:00,  3.35it/s]
100%|██████████| 1/1 [00:00<00:00,  3.35it/s]

  0%|          | 0/1 [00:00<?, ?it/s]
100%|██████████| 1/1 [00:00<00:00,  2.99it/s]
100%|██████████| 1/1 [00:00<00:00,  2.99it/s]

  0%|          | 0/1 [00:00<?, ?it/s]
100%|██████████| 1/1 [00:00<00:00,  3.40it/s]
100%|██████████| 1/1 [00:00<00:00,  3.40it/s]

  0%|          | 0/1 [00:00<?, ?it/s]
100%|██████████| 1/1 [00:00<00:00,  3.32it/s]
100%|██████████| 1/1 [00:00<00:00,  3.32it/s]

  0%|          | 0/1 [00:00<?, ?it/s]
100%|██████████| 1/1 [00:00<00:00,  3.09it/s]
100%|██████████| 1/1 [00:00<00:00,  3.09it/s]

  0%|          | 0/1 [00:00<?, ?it/s]
100%|██████████| 1/1 [00:00<00:00,  3.21it/s]
100%|██████████| 1/1 [00:00<00:00,  3.21it/s]

  0%|          | 0/1 [00:00<?, ?it/s]
100%|██████████| 1/1 [00:00<00:00,  3.37it/s]
100%|██████████| 1/1 [00:00<00:00,  3.36it/s]

  0%|          | 0/1 [00:00<?, ?it/s]
100%|██████████| 1/1 [00:00<00:00,  3.40it/s]
100%|██████████| 1/1 [00:00<00:00,  3.40it/s]

  0%|          | 0/1 [00:00<?, ?it/s]
100%|██████████| 1/1 [00:00<00:00,  2.44it/s]
100%|██████████| 1/1 [00:00<00:00,  2.44it/s]

  0%|          | 0/1 [00:00<?, ?it/s]
100%|██████████| 1/1 [00:00<00:00,  2.97it/s]
100%|██████████| 1/1 [00:00<00:00,  2.96it/s]

  0%|          | 0/1 [00:00<?, ?it/s]
100%|██████████| 1/1 [00:00<00:00,  2.74it/s]
100%|██████████| 1/1 [00:00<00:00,  2.74it/s]

  0%|          | 0/1 [00:00<?, ?it/s]
100%|██████████| 1/1 [00:00<00:00,  1.36it/s]
100%|██████████| 1/1 [00:00<00:00,  1.36it/s]

  0%|          | 0/1 [00:00<?, ?it/s]
100%|██████████| 1/1 [00:00<00:00,  3.17it/s]
100%|██████████| 1/1 [00:00<00:00,  3.16it/s]

  0%|          | 0/1 [00:00<?, ?it/s]
100%|██████████| 1/1 [00:00<00:00,  3.05it/s]
100%|██████████| 1/1 [00:00<00:00,  3.05it/s]

  0%|          | 0/1 [00:00<?, ?it/s]
100%|██████████| 1/1 [00:00<00:00,  3.15it/s]
100%|██████████| 1/1 [00:00<00:00,  3.15it/s]

  0%|          | 0/1 [00:00<?, ?it/s]
100%|██████████| 1/1 [00:00<00:00,  3.31it/s]
100%|██████████| 1/1 [00:00<00:00,  3.30it/s]

  0%|          | 0/1 [00:00<?, ?it/s]
100%|██████████| 1/1 [00:00<00:00,  3.32it/s]
100%|██████████| 1/1 [00:00<00:00,  3.32it/s]

  0%|          | 0/1 [00:00<?, ?it/s]
100%|██████████| 1/1 [00:00<00:00,  3.33it/s]
100%|██████████| 1/1 [00:00<00:00,  3.33it/s]

  0%|          | 0/1 [00:00<?, ?it/s]
100%|██████████| 1/1 [00:00<00:00,  3.35it/s]
100%|██████████| 1/1 [00:00<00:00,  3.34it/s]

  0%|          | 0/1 [00:00<?, ?it/s]
100%|██████████| 1/1 [00:00<00:00,  3.00it/s]
100%|██████████| 1/1 [00:00<00:00,  2.99it/s]

  0%|          | 0/1 [00:00<?, ?it/s]
100%|██████████| 1/1 [00:00<00:00,  2.97it/s]
100%|██████████| 1/1 [00:00<00:00,  2.96it/s]

  0%|          | 0/1 [00:00<?, ?it/s]
100%|██████████| 1/1 [00:00<00:00,  3.02it/s]
100%|██████████| 1/1 [00:00<00:00,  3.02it/s]

  0%|          | 0/1 [00:00<?, ?it/s]
100%|██████████| 1/1 [00:00<00:00,  2.92it/s]
100%|██████████| 1/1 [00:00<00:00,  2.92it/s]

  0%|          | 0/1 [00:00<?, ?it/s]
100%|██████████| 1/1 [00:00<00:00,  1.30it/s]
100%|██████████| 1/1 [00:00<00:00,  1.30it/s]

  0%|          | 0/1 [00:00<?, ?it/s]
100%|██████████| 1/1 [00:00<00:00,  2.82it/s]
100%|██████████| 1/1 [00:00<00:00,  2.82it/s]

  0%|          | 0/1 [00:00<?, ?it/s]
100%|██████████| 1/1 [00:00<00:00,  3.02it/s]
100%|██████████| 1/1 [00:00<00:00,  3.01it/s]

  0%|          | 0/1 [00:00<?, ?it/s]
100%|██████████| 1/1 [00:00<00:00,  3.16it/s]
100%|██████████| 1/1 [00:00<00:00,  3.16it/s]

  0%|          | 0/1 [00:00<?, ?it/s]
100%|██████████| 1/1 [00:00<00:00,  2.95it/s]
100%|██████████| 1/1 [00:00<00:00,  2.95it/s]

  0%|          | 0/1 [00:00<?, ?it/s]
100%|██████████| 1/1 [00:00<00:00,  3.12it/s]
100%|██████████| 1/1 [00:00<00:00,  3.12it/s]

  0%|          | 0/1 [00:00<?, ?it/s]
100%|██████████| 1/1 [00:00<00:00,  3.22it/s]
100%|██████████| 1/1 [00:00<00:00,  3.22it/s]

  0%|          | 0/1 [00:00<?, ?it/s]
100%|██████████| 1/1 [00:00<00:00,  3.21it/s]
100%|██████████| 1/1 [00:00<00:00,  3.20it/s]

  0%|          | 0/1 [00:00<?, ?it/s]
100%|██████████| 1/1 [00:00<00:00,  3.00it/s]
100%|██████████| 1/1 [00:00<00:00,  3.00it/s]

  0%|          | 0/1 [00:00<?, ?it/s]
100%|██████████| 1/1 [00:00<00:00,  2.96it/s]
100%|██████████| 1/1 [00:00<00:00,  2.96it/s]

  0%|          | 0/1 [00:00<?, ?it/s]
100%|██████████| 1/1 [00:00<00:00,  3.19it/s]
100%|██████████| 1/1 [00:00<00:00,  3.18it/s]

  0%|          | 0/1 [00:00<?, ?it/s]
100%|██████████| 1/1 [00:00<00:00,  3.14it/s]
100%|██████████| 1/1 [00:00<00:00,  3.14it/s]

  0%|          | 0/1 [00:00<?, ?it/s]
100%|██████████| 1/1 [00:00<00:00,  2.97it/s]
100%|██████████| 1/1 [00:00<00:00,  2.97it/s]

  0%|          | 0/1 [00:00<?, ?it/s]
100%|██████████| 1/1 [00:00<00:00,  3.18it/s]
100%|██████████| 1/1 [00:00<00:00,  3.17it/s]

  0%|          | 0/1 [00:00<?, ?it/s]
100%|██████████| 1/1 [00:00<00:00,  3.14it/s]
100%|██████████| 1/1 [00:00<00:00,  3.13it/s]

  0%|          | 0/1 [00:00<?, ?it/s]
100%|██████████| 1/1 [00:00<00:00,  1.46it/s]
100%|██████████| 1/1 [00:00<00:00,  1.46it/s]

  0%|          | 0/1 [00:00<?, ?it/s]
100%|██████████| 1/1 [00:00<00:00,  3.11it/s]
100%|██████████| 1/1 [00:00<00:00,  3.11it/s]

  0%|          | 0/1 [00:00<?, ?it/s]
100%|██████████| 1/1 [00:00<00:00,  2.75it/s]
100%|██████████| 1/1 [00:00<00:00,  2.75it/s]

  0%|          | 0/1 [00:00<?, ?it/s]
100%|██████████| 1/1 [00:00<00:00,  3.03it/s]
100%|██████████| 1/1 [00:00<00:00,  3.02it/s]

  0%|          | 0/1 [00:00<?, ?it/s]
100%|██████████| 1/1 [00:00<00:00,  3.36it/s]
100%|██████████| 1/1 [00:00<00:00,  3.36it/s]

  0%|          | 0/1 [00:00<?, ?it/s]
100%|██████████| 1/1 [00:00<00:00,  3.33it/s]
100%|██████████| 1/1 [00:00<00:00,  3.33it/s]

  0%|          | 0/1 [00:00<?, ?it/s]
100%|██████████| 1/1 [00:00<00:00,  3.10it/s]
100%|██████████| 1/1 [00:00<00:00,  3.10it/s]

  0%|          | 0/1 [00:00<?, ?it/s]
100%|██████████| 1/1 [00:00<00:00,  3.25it/s]
100%|██████████| 1/1 [00:00<00:00,  3.25it/s]

  0%|          | 0/1 [00:00<?, ?it/s]
100%|██████████| 1/1 [00:00<00:00,  3.18it/s]
100%|██████████| 1/1 [00:00<00:00,  3.18it/s]

  0%|          | 0/1 [00:00<?, ?it/s]
100%|██████████| 1/1 [00:00<00:00,  3.09it/s]
100%|██████████| 1/1 [00:00<00:00,  3.09it/s]

  0%|          | 0/1 [00:00<?, ?it/s]
100%|██████████| 1/1 [00:00<00:00,  2.93it/s]
100%|██████████| 1/1 [00:00<00:00,  2.93it/s]

  0%|          | 0/1 [00:00<?, ?it/s]
100%|██████████| 1/1 [00:00<00:00,  3.05it/s]
100%|██████████| 1/1 [00:00<00:00,  3.05it/s]

  0%|          | 0/1 [00:00<?, ?it/s]
100%|██████████| 1/1 [00:00<00:00,  2.69it/s]
100%|██████████| 1/1 [00:00<00:00,  2.69it/s]

  0%|          | 0/1 [00:00<?, ?it/s]
100%|██████████| 1/1 [00:00<00:00,  2.24it/s]
100%|██████████| 1/1 [00:00<00:00,  2.24it/s]

  0%|          | 0/1 [00:00<?, ?it/s]
100%|██████████| 1/1 [00:00<00:00,  3.22it/s]
100%|██████████| 1/1 [00:00<00:00,  3.22it/s]

  0%|          | 0/1 [00:00<?, ?it/s]
100%|██████████| 1/1 [00:00<00:00,  1.99it/s]
100%|██████████| 1/1 [00:00<00:00,  1.99it/s]

  0%|          | 0/1 [00:00<?, ?it/s]
100%|██████████| 1/1 [00:00<00:00,  1.17it/s]
100%|██████████| 1/1 [00:00<00:00,  1.17it/s]

  0%|          | 0/1 [00:00<?, ?it/s]
100%|██████████| 1/1 [00:00<00:00,  1.75it/s]
100%|██████████| 1/1 [00:00<00:00,  1.75it/s]

  0%|          | 0/1 [00:00<?, ?it/s]
100%|██████████| 1/1 [00:00<00:00,  1.97it/s]
100%|██████████| 1/1 [00:00<00:00,  1.96it/s]

  0%|          | 0/1 [00:00<?, ?it/s]
100%|██████████| 1/1 [00:00<00:00,  2.19it/s]
100%|██████████| 1/1 [00:00<00:00,  2.19it/s]

  0%|          | 0/1 [00:00<?, ?it/s]
100%|██████████| 1/1 [00:00<00:00,  2.89it/s]
100%|██████████| 1/1 [00:00<00:00,  2.88it/s]

  0%|          | 0/1 [00:00<?, ?it/s]
100%|██████████| 1/1 [00:00<00:00,  3.03it/s]
100%|██████████| 1/1 [00:00<00:00,  3.02it/s]

  0%|          | 0/1 [00:00<?, ?it/s]
100%|██████████| 1/1 [00:00<00:00,  2.95it/s]
100%|██████████| 1/1 [00:00<00:00,  2.95it/s]

  0%|          | 0/1 [00:00<?, ?it/s]
100%|██████████| 1/1 [00:00<00:00,  3.21it/s]
100%|██████████| 1/1 [00:00<00:00,  3.21it/s]

  0%|          | 0/1 [00:00<?, ?it/s]
100%|██████████| 1/1 [00:00<00:00,  3.08it/s]
100%|██████████| 1/1 [00:00<00:00,  3.08it/s]

  0%|          | 0/1 [00:00<?, ?it/s]
100%|██████████| 1/1 [00:00<00:00,  2.76it/s]
100%|██████████| 1/1 [00:00<00:00,  2.76it/s]

  0%|          | 0/1 [00:00<?, ?it/s]
100%|██████████| 1/1 [00:00<00:00,  2.99it/s]
100%|██████████| 1/1 [00:00<00:00,  2.99it/s]

  0%|          | 0/1 [00:00<?, ?it/s]
100%|██████████| 1/1 [00:00<00:00,  2.45it/s]
100%|██████████| 1/1 [00:00<00:00,  2.44it/s]

  0%|          | 0/1 [00:00<?, ?it/s]
100%|██████████| 1/1 [00:00<00:00,  1.04it/s]
100%|██████████| 1/1 [00:00<00:00,  1.04it/s]

  0%|          | 0/1 [00:00<?, ?it/s]
100%|██████████| 1/1 [00:00<00:00,  2.70it/s]
100%|██████████| 1/1 [00:00<00:00,  2.70it/s]

  0%|          | 0/1 [00:00<?, ?it/s]
100%|██████████| 1/1 [00:00<00:00,  2.74it/s]
100%|██████████| 1/1 [00:00<00:00,  2.74it/s]

  0%|          | 0/1 [00:00<?, ?it/s]
100%|██████████| 1/1 [00:00<00:00,  2.96it/s]
100%|██████████| 1/1 [00:00<00:00,  2.95it/s]

  0%|          | 0/1 [00:00<?, ?it/s]
100%|██████████| 1/1 [00:00<00:00,  2.83it/s]
100%|██████████| 1/1 [00:00<00:00,  2.83it/s]

  0%|          | 0/1 [00:00<?, ?it/s]
100%|██████████| 1/1 [00:00<00:00,  3.10it/s]
100%|██████████| 1/1 [00:00<00:00,  3.10it/s]

  0%|          | 0/1 [00:00<?, ?it/s]
100%|██████████| 1/1 [00:00<00:00,  2.53it/s]
100%|██████████| 1/1 [00:00<00:00,  2.53it/s]

  0%|          | 0/1 [00:00<?, ?it/s]
100%|██████████| 1/1 [00:00<00:00,  3.34it/s]
100%|██████████| 1/1 [00:00<00:00,  3.34it/s]

  0%|          | 0/1 [00:00<?, ?it/s]
100%|██████████| 1/1 [00:00<00:00,  2.99it/s]
100%|██████████| 1/1 [00:00<00:00,  2.99it/s]

  0%|          | 0/1 [00:00<?, ?it/s]
100%|██████████| 1/1 [00:00<00:00,  3.02it/s]
100%|██████████| 1/1 [00:00<00:00,  3.01it/s]

  0%|          | 0/1 [00:00<?, ?it/s]
100%|██████████| 1/1 [00:00<00:00,  3.15it/s]
100%|██████████| 1/1 [00:00<00:00,  3.15it/s]

  0%|          | 0/1 [00:00<?, ?it/s]
100%|██████████| 1/1 [00:00<00:00,  2.06it/s]
100%|██████████| 1/1 [00:00<00:00,  2.06it/s]

  0%|          | 0/1 [00:00<?, ?it/s]
100%|██████████| 1/1 [00:01<00:00,  1.40s/it]
100%|██████████| 1/1 [00:01<00:00,  1.41s/it]

  0%|          | 0/1 [00:00<?, ?it/s]
100%|██████████| 1/1 [00:00<00:00,  1.56it/s]
100%|██████████| 1/1 [00:00<00:00,  1.56it/s]

  0%|          | 0/1 [00:00<?, ?it/s]
100%|██████████| 1/1 [00:00<00:00,  2.62it/s]
100%|██████████| 1/1 [00:00<00:00,  2.62it/s]

  0%|          | 0/1 [00:00<?, ?it/s]
100%|██████████| 1/1 [00:00<00:00,  1.55it/s]
100%|██████████| 1/1 [00:00<00:00,  1.55it/s]

  0%|          | 0/1 [00:00<?, ?it/s]
100%|██████████| 1/1 [00:00<00:00,  2.72it/s]
100%|██████████| 1/1 [00:00<00:00,  2.72it/s]

  0%|          | 0/1 [00:00<?, ?it/s]
100%|██████████| 1/1 [00:00<00:00,  2.75it/s]
100%|██████████| 1/1 [00:00<00:00,  2.75it/s]

  0%|          | 0/1 [00:00<?, ?it/s]
100%|██████████| 1/1 [00:01<00:00,  1.37s/it]
100%|██████████| 1/1 [00:01<00:00,  1.37s/it]

  0%|          | 0/1 [00:00<?, ?it/s]
100%|██████████| 1/1 [00:00<00:00,  4.13it/s]
100%|██████████| 1/1 [00:00<00:00,  4.12it/s]

  0%|          | 0/1 [00:00<?, ?it/s]
100%|██████████| 1/1 [00:00<00:00,  3.76it/s]
100%|██████████| 1/1 [00:00<00:00,  3.75it/s]

  0%|          | 0/1 [00:00<?, ?it/s]
100%|██████████| 1/1 [00:00<00:00,  4.22it/s]
100%|██████████| 1/1 [00:00<00:00,  4.21it/s]

  0%|          | 0/1 [00:00<?, ?it/s]
100%|██████████| 1/1 [00:00<00:00,  4.80it/s]
100%|██████████| 1/1 [00:00<00:00,  4.79it/s]

  0%|          | 0/1 [00:00<?, ?it/s]
100%|██████████| 1/1 [00:00<00:00,  4.44it/s]
100%|██████████| 1/1 [00:00<00:00,  4.43it/s]

  0%|          | 0/1 [00:00<?, ?it/s]
100%|██████████| 1/1 [00:00<00:00,  4.38it/s]
100%|██████████| 1/1 [00:00<00:00,  4.38it/s]

  0%|          | 0/1 [00:00<?, ?it/s]
100%|██████████| 1/1 [00:00<00:00,  4.11it/s]
100%|██████████| 1/1 [00:00<00:00,  4.10it/s]

  0%|          | 0/1 [00:00<?, ?it/s]
100%|██████████| 1/1 [00:00<00:00,  4.29it/s]
100%|██████████| 1/1 [00:00<00:00,  4.29it/s]

  0%|          | 0/1 [00:00<?, ?it/s]
100%|██████████| 1/1 [00:00<00:00,  4.69it/s]
100%|██████████| 1/1 [00:00<00:00,  4.69it/s]

  0%|          | 0/1 [00:00<?, ?it/s]
100%|██████████| 1/1 [00:00<00:00,  4.63it/s]
100%|██████████| 1/1 [00:00<00:00,  4.63it/s]

  0%|          | 0/1 [00:00<?, ?it/s]
100%|██████████| 1/1 [00:00<00:00,  4.47it/s]
100%|██████████| 1/1 [00:00<00:00,  4.47it/s]

  0%|          | 0/1 [00:00<?, ?it/s]
100%|██████████| 1/1 [00:00<00:00,  5.06it/s]
100%|██████████| 1/1 [00:00<00:00,  5.05it/s]

  0%|          | 0/1 [00:00<?, ?it/s]
100%|██████████| 1/1 [00:00<00:00,  4.89it/s]
100%|██████████| 1/1 [00:00<00:00,  4.89it/s]

  0%|          | 0/1 [00:00<?, ?it/s]
100%|██████████| 1/1 [00:00<00:00,  4.70it/s]
100%|██████████| 1/1 [00:00<00:00,  4.69it/s]

  0%|          | 0/1 [00:00<?, ?it/s]
100%|██████████| 1/1 [00:00<00:00,  4.93it/s]
100%|██████████| 1/1 [00:00<00:00,  4.92it/s]

  0%|          | 0/1 [00:00<?, ?it/s]
100%|██████████| 1/1 [00:00<00:00,  4.30it/s]
100%|██████████| 1/1 [00:00<00:00,  4.29it/s]

  0%|          | 0/1 [00:00<?, ?it/s]
100%|██████████| 1/1 [00:00<00:00,  4.21it/s]
100%|██████████| 1/1 [00:00<00:00,  4.21it/s]

  0%|          | 0/1 [00:00<?, ?it/s]
100%|██████████| 1/1 [00:00<00:00,  4.49it/s]
100%|██████████| 1/1 [00:00<00:00,  4.48it/s]

  0%|          | 0/1 [00:00<?, ?it/s]
100%|██████████| 1/1 [00:00<00:00,  4.53it/s]
100%|██████████| 1/1 [00:00<00:00,  4.52it/s]

  0%|          | 0/1 [00:00<?, ?it/s]
100%|██████████| 1/1 [00:00<00:00,  4.07it/s]
100%|██████████| 1/1 [00:00<00:00,  4.06it/s]

  0%|          | 0/1 [00:00<?, ?it/s]
100%|██████████| 1/1 [00:00<00:00,  1.31it/s]
100%|██████████| 1/1 [00:00<00:00,  1.31it/s]

  0%|          | 0/1 [00:00<?, ?it/s]
100%|██████████| 1/1 [00:00<00:00,  4.14it/s]
100%|██████████| 1/1 [00:00<00:00,  4.14it/s]

  0%|          | 0/1 [00:00<?, ?it/s]
100%|██████████| 1/1 [00:00<00:00,  4.31it/s]
100%|██████████| 1/1 [00:00<00:00,  4.30it/s]

  0%|          | 0/1 [00:00<?, ?it/s]
100%|██████████| 1/1 [00:00<00:00,  3.53it/s]
100%|██████████| 1/1 [00:00<00:00,  3.52it/s]

  0%|          | 0/1 [00:00<?, ?it/s]
100%|██████████| 1/1 [00:00<00:00,  4.00it/s]
100%|██████████| 1/1 [00:00<00:00,  4.00it/s]

  0%|          | 0/1 [00:00<?, ?it/s]
100%|██████████| 1/1 [00:00<00:00,  3.28it/s]
100%|██████████| 1/1 [00:00<00:00,  3.28it/s]

  0%|          | 0/1 [00:00<?, ?it/s]
100%|██████████| 1/1 [00:00<00:00,  4.25it/s]
100%|██████████| 1/1 [00:00<00:00,  4.25it/s]

  0%|          | 0/1 [00:00<?, ?it/s]
100%|██████████| 1/1 [00:00<00:00,  4.01it/s]
100%|██████████| 1/1 [00:00<00:00,  4.01it/s]

  0%|          | 0/1 [00:00<?, ?it/s]
100%|██████████| 1/1 [00:00<00:00,  4.06it/s]
100%|██████████| 1/1 [00:00<00:00,  4.05it/s]

  0%|          | 0/1 [00:00<?, ?it/s]
100%|██████████| 1/1 [00:00<00:00,  4.03it/s]
100%|██████████| 1/1 [00:00<00:00,  4.02it/s]

  0%|          | 0/1 [00:00<?, ?it/s]
100%|██████████| 1/1 [00:00<00:00,  4.17it/s]
100%|██████████| 1/1 [00:00<00:00,  4.17it/s]

  0%|          | 0/1 [00:00<?, ?it/s]
100%|██████████| 1/1 [00:00<00:00,  1.88it/s]
100%|██████████| 1/1 [00:00<00:00,  1.88it/s]

  0%|          | 0/1 [00:00<?, ?it/s]
100%|██████████| 1/1 [00:00<00:00,  4.05it/s]
100%|██████████| 1/1 [00:00<00:00,  4.05it/s]

  0%|          | 0/1 [00:00<?, ?it/s]
100%|██████████| 1/1 [00:00<00:00,  4.26it/s]
100%|██████████| 1/1 [00:00<00:00,  4.26it/s]

  0%|          | 0/1 [00:00<?, ?it/s]
100%|██████████| 1/1 [00:00<00:00,  4.65it/s]
100%|██████████| 1/1 [00:00<00:00,  4.65it/s]

  0%|          | 0/1 [00:00<?, ?it/s]
100%|██████████| 1/1 [00:00<00:00,  1.67it/s]
100%|██████████| 1/1 [00:00<00:00,  1.67it/s]

  0%|          | 0/1 [00:00<?, ?it/s]
100%|██████████| 1/1 [00:00<00:00,  2.77it/s]
100%|██████████| 1/1 [00:00<00:00,  2.77it/s]

  0%|          | 0/1 [00:00<?, ?it/s]
100%|██████████| 1/1 [00:00<00:00,  3.74it/s]
100%|██████████| 1/1 [00:00<00:00,  3.74it/s]

  0%|          | 0/1 [00:00<?, ?it/s]
100%|██████████| 1/1 [00:00<00:00,  3.00it/s]
100%|██████████| 1/1 [00:00<00:00,  3.00it/s]

  0%|          | 0/1 [00:00<?, ?it/s]
100%|██████████| 1/1 [00:00<00:00,  3.76it/s]
100%|██████████| 1/1 [00:00<00:00,  3.76it/s]

  0%|          | 0/1 [00:00<?, ?it/s]
100%|██████████| 1/1 [00:00<00:00,  4.26it/s]
100%|██████████| 1/1 [00:00<00:00,  4.25it/s]

  0%|          | 0/1 [00:00<?, ?it/s]
100%|██████████| 1/1 [00:00<00:00,  4.37it/s]
100%|██████████| 1/1 [00:00<00:00,  4.37it/s]

  0%|          | 0/1 [00:00<?, ?it/s]
100%|██████████| 1/1 [00:00<00:00,  4.44it/s]
100%|██████████| 1/1 [00:00<00:00,  4.43it/s]

  0%|          | 0/1 [00:00<?, ?it/s]
100%|██████████| 1/1 [00:00<00:00,  4.39it/s]
100%|██████████| 1/1 [00:00<00:00,  4.39it/s]

  0%|          | 0/1 [00:00<?, ?it/s]
100%|██████████| 1/1 [00:00<00:00,  4.27it/s]
100%|██████████| 1/1 [00:00<00:00,  4.26it/s]

  0%|          | 0/1 [00:00<?, ?it/s]
100%|██████████| 1/1 [00:00<00:00,  4.29it/s]
100%|██████████| 1/1 [00:00<00:00,  4.29it/s]

  0%|          | 0/1 [00:00<?, ?it/s]
100%|██████████| 1/1 [00:00<00:00,  4.39it/s]
100%|██████████| 1/1 [00:00<00:00,  4.39it/s]

  0%|          | 0/1 [00:00<?, ?it/s]
100%|██████████| 1/1 [00:00<00:00,  4.20it/s]
100%|██████████| 1/1 [00:00<00:00,  4.19it/s]

  0%|          | 0/1 [00:00<?, ?it/s]
100%|██████████| 1/1 [00:00<00:00,  4.40it/s]
100%|██████████| 1/1 [00:00<00:00,  4.39it/s]

  0%|          | 0/1 [00:00<?, ?it/s]
100%|██████████| 1/1 [00:00<00:00,  4.43it/s]
100%|██████████| 1/1 [00:00<00:00,  4.42it/s]

  0%|          | 0/1 [00:00<?, ?it/s]
100%|██████████| 1/1 [00:00<00:00,  4.55it/s]
100%|██████████| 1/1 [00:00<00:00,  4.54it/s]

  0%|          | 0/1 [00:00<?, ?it/s]
100%|██████████| 1/1 [00:00<00:00,  4.66it/s]
100%|██████████| 1/1 [00:00<00:00,  4.66it/s]

  0%|          | 0/1 [00:00<?, ?it/s]
100%|██████████| 1/1 [00:00<00:00,  5.10it/s]
100%|██████████| 1/1 [00:00<00:00,  5.10it/s]

  0%|          | 0/1 [00:00<?, ?it/s]
100%|██████████| 1/1 [00:00<00:00,  4.76it/s]
100%|██████████| 1/1 [00:00<00:00,  4.76it/s]

  0%|          | 0/1 [00:00<?, ?it/s]
100%|██████████| 1/1 [00:00<00:00,  4.15it/s]
100%|██████████| 1/1 [00:00<00:00,  4.15it/s]

  0%|          | 0/1 [00:00<?, ?it/s]
100%|██████████| 1/1 [00:00<00:00,  4.87it/s]
100%|██████████| 1/1 [00:00<00:00,  4.86it/s]

  0%|          | 0/1 [00:00<?, ?it/s]
100%|██████████| 1/1 [00:00<00:00,  4.34it/s]
100%|██████████| 1/1 [00:00<00:00,  4.34it/s]

  0%|          | 0/1 [00:00<?, ?it/s]
100%|██████████| 1/1 [00:00<00:00,  4.55it/s]
100%|██████████| 1/1 [00:00<00:00,  4.54it/s]

  0%|          | 0/1 [00:00<?, ?it/s]
100%|██████████| 1/1 [00:00<00:00,  4.44it/s]
100%|██████████| 1/1 [00:00<00:00,  4.43it/s]

  0%|          | 0/1 [00:00<?, ?it/s]
100%|██████████| 1/1 [00:00<00:00,  4.48it/s]
100%|██████████| 1/1 [00:00<00:00,  4.48it/s]

  0%|          | 0/1 [00:00<?, ?it/s]
100%|██████████| 1/1 [00:00<00:00,  4.31it/s]
100%|██████████| 1/1 [00:00<00:00,  4.31it/s]

  0%|          | 0/1 [00:00<?, ?it/s]
100%|██████████| 1/1 [00:00<00:00,  4.26it/s]
100%|██████████| 1/1 [00:00<00:00,  4.26it/s]

  0%|          | 0/1 [00:00<?, ?it/s]
100%|██████████| 1/1 [00:00<00:00,  4.93it/s]
100%|██████████| 1/1 [00:00<00:00,  4.92it/s]

  0%|          | 0/1 [00:00<?, ?it/s]
100%|██████████| 1/1 [00:00<00:00,  4.57it/s]
100%|██████████| 1/1 [00:00<00:00,  4.56it/s]

  0%|          | 0/1 [00:00<?, ?it/s]
100%|██████████| 1/1 [00:00<00:00,  4.53it/s]
100%|██████████| 1/1 [00:00<00:00,  4.52it/s]

  0%|          | 0/1 [00:00<?, ?it/s]
100%|██████████| 1/1 [00:00<00:00,  4.76it/s]
100%|██████████| 1/1 [00:00<00:00,  4.75it/s]

  0%|          | 0/1 [00:00<?, ?it/s]
100%|██████████| 1/1 [00:00<00:00,  5.22it/s]
100%|██████████| 1/1 [00:00<00:00,  5.22it/s]

  0%|          | 0/1 [00:00<?, ?it/s]
100%|██████████| 1/1 [00:00<00:00,  5.21it/s]
100%|██████████| 1/1 [00:00<00:00,  5.21it/s]

  0%|          | 0/1 [00:00<?, ?it/s]
100%|██████████| 1/1 [00:00<00:00,  4.70it/s]
100%|██████████| 1/1 [00:00<00:00,  4.69it/s]

  0%|          | 0/1 [00:00<?, ?it/s]
100%|██████████| 1/1 [00:00<00:00,  4.55it/s]
100%|██████████| 1/1 [00:00<00:00,  4.55it/s]

  0%|          | 0/1 [00:00<?, ?it/s]
100%|██████████| 1/1 [00:00<00:00,  4.37it/s]
100%|██████████| 1/1 [00:00<00:00,  4.36it/s]

  0%|          | 0/1 [00:00<?, ?it/s]
100%|██████████| 1/1 [00:00<00:00,  4.43it/s]
100%|██████████| 1/1 [00:00<00:00,  4.43it/s]

  0%|          | 0/1 [00:00<?, ?it/s]
100%|██████████| 1/1 [00:00<00:00,  4.89it/s]
100%|██████████| 1/1 [00:00<00:00,  4.88it/s]

  0%|          | 0/1 [00:00<?, ?it/s]
100%|██████████| 1/1 [00:00<00:00,  4.47it/s]
100%|██████████| 1/1 [00:00<00:00,  4.46it/s]

  0%|          | 0/1 [00:00<?, ?it/s]
100%|██████████| 1/1 [00:00<00:00,  4.54it/s]
100%|██████████| 1/1 [00:00<00:00,  4.54it/s]

  0%|          | 0/1 [00:00<?, ?it/s]
100%|██████████| 1/1 [00:00<00:00,  4.96it/s]
100%|██████████| 1/1 [00:00<00:00,  4.95it/s]

  0%|          | 0/1 [00:00<?, ?it/s]
100%|██████████| 1/1 [00:00<00:00,  4.62it/s]
100%|██████████| 1/1 [00:00<00:00,  4.62it/s]

  0%|          | 0/1 [00:00<?, ?it/s]
100%|██████████| 1/1 [00:00<00:00,  4.39it/s]
100%|██████████| 1/1 [00:00<00:00,  4.39it/s]

  0%|          | 0/1 [00:00<?, ?it/s]
100%|██████████| 1/1 [00:00<00:00,  4.51it/s]
100%|██████████| 1/1 [00:00<00:00,  4.51it/s]

  0%|          | 0/1 [00:00<?, ?it/s]
100%|██████████| 1/1 [00:00<00:00,  4.31it/s]
100%|██████████| 1/1 [00:00<00:00,  4.31it/s]

  0%|          | 0/1 [00:00<?, ?it/s]
100%|██████████| 1/1 [00:00<00:00,  3.72it/s]
100%|██████████| 1/1 [00:00<00:00,  3.72it/s]

  0%|          | 0/1 [00:00<?, ?it/s]
100%|██████████| 1/1 [00:00<00:00,  4.36it/s]
100%|██████████| 1/1 [00:00<00:00,  4.36it/s]

  0%|          | 0/1 [00:00<?, ?it/s]
100%|██████████| 1/1 [00:00<00:00,  3.66it/s]
100%|██████████| 1/1 [00:00<00:00,  3.65it/s]

  0%|          | 0/1 [00:00<?, ?it/s]
100%|██████████| 1/1 [00:00<00:00,  3.83it/s]
100%|██████████| 1/1 [00:00<00:00,  3.82it/s]

  0%|          | 0/1 [00:00<?, ?it/s]
100%|██████████| 1/1 [00:00<00:00,  4.11it/s]
100%|██████████| 1/1 [00:00<00:00,  4.10it/s]

  0%|          | 0/1 [00:00<?, ?it/s]
100%|██████████| 1/1 [00:00<00:00,  4.17it/s]
100%|██████████| 1/1 [00:00<00:00,  4.16it/s]

  0%|          | 0/1 [00:00<?, ?it/s]
100%|██████████| 1/1 [00:00<00:00,  4.29it/s]
100%|██████████| 1/1 [00:00<00:00,  4.29it/s]

  0%|          | 0/1 [00:00<?, ?it/s]
100%|██████████| 1/1 [00:00<00:00,  4.04it/s]
100%|██████████| 1/1 [00:00<00:00,  4.04it/s]

  0%|          | 0/1 [00:00<?, ?it/s]
100%|██████████| 1/1 [00:00<00:00,  4.24it/s]
100%|██████████| 1/1 [00:00<00:00,  4.23it/s]

  0%|          | 0/1 [00:00<?, ?it/s]
100%|██████████| 1/1 [00:00<00:00,  4.36it/s]
100%|██████████| 1/1 [00:00<00:00,  4.36it/s]

  0%|          | 0/1 [00:00<?, ?it/s]
100%|██████████| 1/1 [00:00<00:00,  4.48it/s]
100%|██████████| 1/1 [00:00<00:00,  4.48it/s]

  0%|          | 0/1 [00:00<?, ?it/s]
100%|██████████| 1/1 [00:00<00:00,  4.74it/s]
100%|██████████| 1/1 [00:00<00:00,  4.74it/s]

  0%|          | 0/1 [00:00<?, ?it/s]
100%|██████████| 1/1 [00:00<00:00,  4.83it/s]
100%|██████████| 1/1 [00:00<00:00,  4.82it/s]

  0%|          | 0/1 [00:00<?, ?it/s]
100%|██████████| 1/1 [00:00<00:00,  5.12it/s]
100%|██████████| 1/1 [00:00<00:00,  5.12it/s]

  0%|          | 0/1 [00:00<?, ?it/s]
100%|██████████| 1/1 [00:00<00:00,  4.93it/s]
100%|██████████| 1/1 [00:00<00:00,  4.92it/s]

  0%|          | 0/1 [00:00<?, ?it/s]
100%|██████████| 1/1 [00:00<00:00,  4.80it/s]
100%|██████████| 1/1 [00:00<00:00,  4.79it/s]

  0%|          | 0/1 [00:00<?, ?it/s]
100%|██████████| 1/1 [00:00<00:00,  4.86it/s]
100%|██████████| 1/1 [00:00<00:00,  4.85it/s]

  0%|          | 0/1 [00:00<?, ?it/s]
100%|██████████| 1/1 [00:00<00:00,  5.18it/s]
100%|██████████| 1/1 [00:00<00:00,  5.18it/s]

  0%|          | 0/1 [00:00<?, ?it/s]
100%|██████████| 1/1 [00:00<00:00,  4.62it/s]
100%|██████████| 1/1 [00:00<00:00,  4.61it/s]

  0%|          | 0/1 [00:00<?, ?it/s]
100%|██████████| 1/1 [00:00<00:00,  3.64it/s]
100%|██████████| 1/1 [00:00<00:00,  3.63it/s]

  0%|          | 0/1 [00:00<?, ?it/s]
100%|██████████| 1/1 [00:00<00:00,  4.00it/s]
100%|██████████| 1/1 [00:00<00:00,  4.00it/s]

  0%|          | 0/1 [00:00<?, ?it/s]
100%|██████████| 1/1 [00:00<00:00,  4.57it/s]
100%|██████████| 1/1 [00:00<00:00,  4.57it/s]

  0%|          | 0/1 [00:00<?, ?it/s]
100%|██████████| 1/1 [00:00<00:00,  4.91it/s]
100%|██████████| 1/1 [00:00<00:00,  4.91it/s]

  0%|          | 0/1 [00:00<?, ?it/s]
100%|██████████| 1/1 [00:00<00:00,  5.09it/s]
100%|██████████| 1/1 [00:00<00:00,  5.08it/s]

  0%|          | 0/1 [00:00<?, ?it/s]
100%|██████████| 1/1 [00:00<00:00,  5.07it/s]
100%|██████████| 1/1 [00:00<00:00,  5.06it/s]

  0%|          | 0/1 [00:00<?, ?it/s]
100%|██████████| 1/1 [00:00<00:00,  3.96it/s]
100%|██████████| 1/1 [00:00<00:00,  3.95it/s]

  0%|          | 0/1 [00:00<?, ?it/s]
100%|██████████| 1/1 [00:00<00:00,  3.99it/s]
100%|██████████| 1/1 [00:00<00:00,  3.99it/s]

  0%|          | 0/1 [00:00<?, ?it/s]
100%|██████████| 1/1 [00:00<00:00,  4.27it/s]
100%|██████████| 1/1 [00:00<00:00,  4.27it/s]

  0%|          | 0/1 [00:00<?, ?it/s]
100%|██████████| 1/1 [00:00<00:00,  4.29it/s]
100%|██████████| 1/1 [00:00<00:00,  4.29it/s]

  0%|          | 0/1 [00:00<?, ?it/s]
100%|██████████| 1/1 [00:00<00:00,  4.16it/s]
100%|██████████| 1/1 [00:00<00:00,  4.15it/s]

  0%|          | 0/1 [00:00<?, ?it/s]
100%|██████████| 1/1 [00:00<00:00,  4.56it/s]
100%|██████████| 1/1 [00:00<00:00,  4.55it/s]

  0%|          | 0/1 [00:00<?, ?it/s]
100%|██████████| 1/1 [00:00<00:00,  4.36it/s]
100%|██████████| 1/1 [00:00<00:00,  4.35it/s]

  0%|          | 0/1 [00:00<?, ?it/s]
100%|██████████| 1/1 [00:00<00:00,  4.63it/s]
100%|██████████| 1/1 [00:00<00:00,  4.62it/s]

  0%|          | 0/1 [00:00<?, ?it/s]
100%|██████████| 1/1 [00:00<00:00,  4.85it/s]
100%|██████████| 1/1 [00:00<00:00,  4.85it/s]

  0%|          | 0/1 [00:00<?, ?it/s]
100%|██████████| 1/1 [00:00<00:00,  4.76it/s]
100%|██████████| 1/1 [00:00<00:00,  4.75it/s]

  0%|          | 0/1 [00:00<?, ?it/s]
100%|██████████| 1/1 [00:00<00:00,  4.74it/s]
100%|██████████| 1/1 [00:00<00:00,  4.73it/s]

  0%|          | 0/1 [00:00<?, ?it/s]
100%|██████████| 1/1 [00:00<00:00,  5.04it/s]
100%|██████████| 1/1 [00:00<00:00,  5.03it/s]

  0%|          | 0/1 [00:00<?, ?it/s]
100%|██████████| 1/1 [00:00<00:00,  4.14it/s]
100%|██████████| 1/1 [00:00<00:00,  4.13it/s]

  0%|          | 0/1 [00:00<?, ?it/s]
100%|██████████| 1/1 [00:00<00:00,  4.68it/s]
100%|██████████| 1/1 [00:00<00:00,  4.67it/s]

  0%|          | 0/1 [00:00<?, ?it/s]
100%|██████████| 1/1 [00:00<00:00,  4.82it/s]
100%|██████████| 1/1 [00:00<00:00,  4.81it/s]

  0%|          | 0/1 [00:00<?, ?it/s]
100%|██████████| 1/1 [00:00<00:00,  4.54it/s]
100%|██████████| 1/1 [00:00<00:00,  4.53it/s]

  0%|          | 0/1 [00:00<?, ?it/s]
100%|██████████| 1/1 [00:00<00:00,  4.49it/s]
100%|██████████| 1/1 [00:00<00:00,  4.49it/s]

  0%|          | 0/1 [00:00<?, ?it/s]
100%|██████████| 1/1 [00:00<00:00,  4.90it/s]
100%|██████████| 1/1 [00:00<00:00,  4.89it/s]

  0%|          | 0/1 [00:00<?, ?it/s]
100%|██████████| 1/1 [00:00<00:00,  4.28it/s]
100%|██████████| 1/1 [00:00<00:00,  4.27it/s]

  0%|          | 0/1 [00:00<?, ?it/s]
100%|██████████| 1/1 [00:00<00:00,  4.47it/s]
100%|██████████| 1/1 [00:00<00:00,  4.47it/s]

  0%|          | 0/1 [00:00<?, ?it/s]
100%|██████████| 1/1 [00:00<00:00,  4.09it/s]
100%|██████████| 1/1 [00:00<00:00,  4.09it/s]

  0%|          | 0/1 [00:00<?, ?it/s]
100%|██████████| 1/1 [00:00<00:00,  4.34it/s]
100%|██████████| 1/1 [00:00<00:00,  4.33it/s]

  0%|          | 0/1 [00:00<?, ?it/s]
100%|██████████| 1/1 [00:00<00:00,  4.38it/s]
100%|██████████| 1/1 [00:00<00:00,  4.37it/s]

  0%|          | 0/1 [00:00<?, ?it/s]
100%|██████████| 1/1 [00:00<00:00,  4.57it/s]
100%|██████████| 1/1 [00:00<00:00,  4.56it/s]

  0%|          | 0/1 [00:00<?, ?it/s]
100%|██████████| 1/1 [00:00<00:00,  4.49it/s]
100%|██████████| 1/1 [00:00<00:00,  4.49it/s]

  0%|          | 0/1 [00:00<?, ?it/s]
100%|██████████| 1/1 [00:00<00:00,  4.23it/s]
100%|██████████| 1/1 [00:00<00:00,  4.22it/s]

  0%|          | 0/1 [00:00<?, ?it/s]
100%|██████████| 1/1 [00:00<00:00,  3.46it/s]
100%|██████████| 1/1 [00:00<00:00,  3.46it/s]

  0%|          | 0/1 [00:00<?, ?it/s]
100%|██████████| 1/1 [00:00<00:00,  4.39it/s]
100%|██████████| 1/1 [00:00<00:00,  4.39it/s]

  0%|          | 0/1 [00:00<?, ?it/s]
100%|██████████| 1/1 [00:00<00:00,  4.62it/s]
100%|██████████| 1/1 [00:00<00:00,  4.62it/s]

  0%|          | 0/1 [00:00<?, ?it/s]
100%|██████████| 1/1 [00:00<00:00,  3.91it/s]
100%|██████████| 1/1 [00:00<00:00,  3.90it/s]

  0%|          | 0/1 [00:00<?, ?it/s]
100%|██████████| 1/1 [00:00<00:00,  3.82it/s]
100%|██████████| 1/1 [00:00<00:00,  3.82it/s]

  0%|          | 0/1 [00:00<?, ?it/s]
100%|██████████| 1/1 [00:00<00:00,  4.36it/s]
100%|██████████| 1/1 [00:00<00:00,  4.35it/s]

  0%|          | 0/1 [00:00<?, ?it/s]
100%|██████████| 1/1 [00:00<00:00,  4.99it/s]
100%|██████████| 1/1 [00:00<00:00,  4.98it/s]

  0%|          | 0/1 [00:00<?, ?it/s]
100%|██████████| 1/1 [00:00<00:00,  5.13it/s]
100%|██████████| 1/1 [00:00<00:00,  5.13it/s]

  0%|          | 0/1 [00:00<?, ?it/s]
100%|██████████| 1/1 [00:00<00:00,  4.45it/s]
100%|██████████| 1/1 [00:00<00:00,  4.44it/s]

  0%|          | 0/1 [00:00<?, ?it/s]
100%|██████████| 1/1 [00:00<00:00,  4.46it/s]
100%|██████████| 1/1 [00:00<00:00,  4.45it/s]

  0%|          | 0/1 [00:00<?, ?it/s]
100%|██████████| 1/1 [00:00<00:00,  4.39it/s]
100%|██████████| 1/1 [00:00<00:00,  4.38it/s]

  0%|          | 0/1 [00:00<?, ?it/s]
100%|██████████| 1/1 [00:00<00:00,  4.21it/s]
100%|██████████| 1/1 [00:00<00:00,  4.21it/s]

  0%|          | 0/1 [00:00<?, ?it/s]
100%|██████████| 1/1 [00:00<00:00,  4.69it/s]
100%|██████████| 1/1 [00:00<00:00,  4.68it/s]

  0%|          | 0/1 [00:00<?, ?it/s]
100%|██████████| 1/1 [00:00<00:00,  4.63it/s]
100%|██████████| 1/1 [00:00<00:00,  4.62it/s]

  0%|          | 0/1 [00:00<?, ?it/s]
100%|██████████| 1/1 [00:00<00:00,  4.43it/s]
100%|██████████| 1/1 [00:00<00:00,  4.43it/s]

  0%|          | 0/1 [00:00<?, ?it/s]
100%|██████████| 1/1 [00:00<00:00,  4.25it/s]
100%|██████████| 1/1 [00:00<00:00,  4.25it/s]

  0%|          | 0/1 [00:00<?, ?it/s]
100%|██████████| 1/1 [00:00<00:00,  4.65it/s]
100%|██████████| 1/1 [00:00<00:00,  4.64it/s]

  0%|          | 0/1 [00:00<?, ?it/s]
100%|██████████| 1/1 [00:00<00:00,  5.30it/s]
100%|██████████| 1/1 [00:00<00:00,  5.29it/s]

  0%|          | 0/1 [00:00<?, ?it/s]
100%|██████████| 1/1 [00:00<00:00,  5.44it/s]
100%|██████████| 1/1 [00:00<00:00,  5.43it/s]

  0%|          | 0/1 [00:00<?, ?it/s]
100%|██████████| 1/1 [00:00<00:00,  5.19it/s]
100%|██████████| 1/1 [00:00<00:00,  5.18it/s]

  0%|          | 0/1 [00:00<?, ?it/s]
100%|██████████| 1/1 [00:00<00:00,  5.21it/s]
100%|██████████| 1/1 [00:00<00:00,  5.21it/s]

  0%|          | 0/1 [00:00<?, ?it/s]
100%|██████████| 1/1 [00:00<00:00,  4.74it/s]
100%|██████████| 1/1 [00:00<00:00,  4.74it/s]

  0%|          | 0/1 [00:00<?, ?it/s]
100%|██████████| 1/1 [00:00<00:00,  4.41it/s]
100%|██████████| 1/1 [00:00<00:00,  4.41it/s]

  0%|          | 0/1 [00:00<?, ?it/s]
100%|██████████| 1/1 [00:00<00:00,  4.46it/s]
100%|██████████| 1/1 [00:00<00:00,  4.46it/s]

  0%|          | 0/1 [00:00<?, ?it/s]
100%|██████████| 1/1 [00:00<00:00,  4.58it/s]
100%|██████████| 1/1 [00:00<00:00,  4.58it/s]

  0%|          | 0/1 [00:00<?, ?it/s]
100%|██████████| 1/1 [00:00<00:00,  5.17it/s]
100%|██████████| 1/1 [00:00<00:00,  5.16it/s]

  0%|          | 0/1 [00:00<?, ?it/s]
100%|██████████| 1/1 [00:00<00:00,  5.41it/s]
100%|██████████| 1/1 [00:00<00:00,  5.40it/s]

  0%|          | 0/1 [00:00<?, ?it/s]
100%|██████████| 1/1 [00:00<00:00,  5.41it/s]
100%|██████████| 1/1 [00:00<00:00,  5.40it/s]

  0%|          | 0/1 [00:00<?, ?it/s]
100%|██████████| 1/1 [00:00<00:00,  4.91it/s]
100%|██████████| 1/1 [00:00<00:00,  4.90it/s]

  0%|          | 0/1 [00:00<?, ?it/s]
100%|██████████| 1/1 [00:00<00:00,  5.11it/s]
100%|██████████| 1/1 [00:00<00:00,  5.11it/s]

  0%|          | 0/1 [00:00<?, ?it/s]
100%|██████████| 1/1 [00:00<00:00,  3.96it/s]
100%|██████████| 1/1 [00:00<00:00,  3.96it/s]

  0%|          | 0/1 [00:00<?, ?it/s]
100%|██████████| 1/1 [00:00<00:00,  2.12it/s]
100%|██████████| 1/1 [00:00<00:00,  2.11it/s]

  0%|          | 0/1 [00:00<?, ?it/s]
100%|██████████| 1/1 [00:00<00:00,  4.11it/s]
100%|██████████| 1/1 [00:00<00:00,  4.10it/s]

  0%|          | 0/1 [00:00<?, ?it/s]
100%|██████████| 1/1 [00:00<00:00,  4.05it/s]
100%|██████████| 1/1 [00:00<00:00,  4.05it/s]

  0%|          | 0/1 [00:00<?, ?it/s]
100%|██████████| 1/1 [00:00<00:00,  2.02it/s]
100%|██████████| 1/1 [00:00<00:00,  2.02it/s]

  0%|          | 0/1 [00:00<?, ?it/s]
100%|██████████| 1/1 [00:00<00:00,  4.20it/s]
100%|██████████| 1/1 [00:00<00:00,  4.20it/s]

  0%|          | 0/1 [00:00<?, ?it/s]
100%|██████████| 1/1 [00:00<00:00,  3.78it/s]
100%|██████████| 1/1 [00:00<00:00,  3.77it/s]

  0%|          | 0/1 [00:00<?, ?it/s]
100%|██████████| 1/1 [00:00<00:00,  3.67it/s]
100%|██████████| 1/1 [00:00<00:00,  3.67it/s]

  0%|          | 0/1 [00:00<?, ?it/s]
100%|██████████| 1/1 [00:00<00:00,  4.07it/s]
100%|██████████| 1/1 [00:00<00:00,  4.07it/s]

  0%|          | 0/1 [00:00<?, ?it/s]
100%|██████████| 1/1 [00:00<00:00,  4.07it/s]
100%|██████████| 1/1 [00:00<00:00,  4.07it/s]

  0%|          | 0/1 [00:00<?, ?it/s]
100%|██████████| 1/1 [00:00<00:00,  3.29it/s]
100%|██████████| 1/1 [00:00<00:00,  3.29it/s]

  0%|          | 0/1 [00:00<?, ?it/s]
100%|██████████| 1/1 [00:00<00:00,  2.82it/s]
100%|██████████| 1/1 [00:00<00:00,  2.82it/s]

  0%|          | 0/1 [00:00<?, ?it/s]
100%|██████████| 1/1 [00:00<00:00,  4.15it/s]
100%|██████████| 1/1 [00:00<00:00,  4.15it/s]

  0%|          | 0/1 [00:00<?, ?it/s]
100%|██████████| 1/1 [00:00<00:00,  2.84it/s]
100%|██████████| 1/1 [00:00<00:00,  2.84it/s]

  0%|          | 0/1 [00:00<?, ?it/s]
100%|██████████| 1/1 [00:00<00:00,  3.62it/s]
100%|██████████| 1/1 [00:00<00:00,  3.62it/s]

  0%|          | 0/1 [00:00<?, ?it/s]
100%|██████████| 1/1 [00:00<00:00,  4.49it/s]
100%|██████████| 1/1 [00:00<00:00,  4.49it/s]

  0%|          | 0/1 [00:00<?, ?it/s]
100%|██████████| 1/1 [00:00<00:00,  4.81it/s]
100%|██████████| 1/1 [00:00<00:00,  4.80it/s]

  0%|          | 0/1 [00:00<?, ?it/s]
100%|██████████| 1/1 [00:01<00:00,  1.16s/it]
100%|██████████| 1/1 [00:01<00:00,  1.16s/it]

  0%|          | 0/1 [00:00<?, ?it/s]
100%|██████████| 1/1 [00:00<00:00,  3.98it/s]
100%|██████████| 1/1 [00:00<00:00,  3.98it/s]

  0%|          | 0/1 [00:00<?, ?it/s]
100%|██████████| 1/1 [00:00<00:00,  1.44it/s]
100%|██████████| 1/1 [00:00<00:00,  1.44it/s]

  0%|          | 0/1 [00:00<?, ?it/s]
100%|██████████| 1/1 [00:00<00:00,  1.60it/s]
100%|██████████| 1/1 [00:00<00:00,  1.60it/s]

  0%|          | 0/1 [00:00<?, ?it/s]
100%|██████████| 1/1 [00:00<00:00,  1.65it/s]
100%|██████████| 1/1 [00:00<00:00,  1.65it/s]

  0%|          | 0/1 [00:00<?, ?it/s]
100%|██████████| 1/1 [00:00<00:00,  3.37it/s]
100%|██████████| 1/1 [00:00<00:00,  3.37it/s]

  0%|          | 0/1 [00:00<?, ?it/s]
100%|██████████| 1/1 [00:00<00:00,  3.47it/s]
100%|██████████| 1/1 [00:00<00:00,  3.47it/s]

  0%|          | 0/1 [00:00<?, ?it/s]
100%|██████████| 1/1 [00:00<00:00,  3.13it/s]
100%|██████████| 1/1 [00:00<00:00,  3.12it/s]

  0%|          | 0/1 [00:00<?, ?it/s]
100%|██████████| 1/1 [00:00<00:00,  3.68it/s]
100%|██████████| 1/1 [00:00<00:00,  3.67it/s]

  0%|          | 0/1 [00:00<?, ?it/s]
100%|██████████| 1/1 [00:00<00:00,  4.08it/s]
100%|██████████| 1/1 [00:00<00:00,  4.07it/s]

  0%|          | 0/1 [00:00<?, ?it/s]
100%|██████████| 1/1 [00:00<00:00,  4.51it/s]
100%|██████████| 1/1 [00:00<00:00,  4.51it/s]

  0%|          | 0/1 [00:00<?, ?it/s]
100%|██████████| 1/1 [00:00<00:00,  2.02it/s]
100%|██████████| 1/1 [00:00<00:00,  2.01it/s]

  0%|          | 0/1 [00:00<?, ?it/s]
100%|██████████| 1/1 [00:00<00:00,  2.93it/s]
100%|██████████| 1/1 [00:00<00:00,  2.93it/s]

  0%|          | 0/1 [00:00<?, ?it/s]
100%|██████████| 1/1 [00:00<00:00,  3.11it/s]
100%|██████████| 1/1 [00:00<00:00,  3.11it/s]

  0%|          | 0/1 [00:00<?, ?it/s]
100%|██████████| 1/1 [00:00<00:00,  1.33it/s]
100%|██████████| 1/1 [00:00<00:00,  1.33it/s]

  0%|          | 0/1 [00:00<?, ?it/s]
100%|██████████| 1/1 [00:00<00:00,  3.96it/s]
100%|██████████| 1/1 [00:00<00:00,  3.96it/s]

  0%|          | 0/1 [00:00<?, ?it/s]
100%|██████████| 1/1 [00:00<00:00,  3.38it/s]
100%|██████████| 1/1 [00:00<00:00,  3.38it/s]

  0%|          | 0/1 [00:00<?, ?it/s]
100%|██████████| 1/1 [00:00<00:00,  3.32it/s]
100%|██████████| 1/1 [00:00<00:00,  3.32it/s]

  0%|          | 0/1 [00:00<?, ?it/s]
100%|██████████| 1/1 [00:00<00:00,  3.96it/s]
100%|██████████| 1/1 [00:00<00:00,  3.96it/s]

  0%|          | 0/1 [00:00<?, ?it/s]
100%|██████████| 1/1 [00:00<00:00,  1.70it/s]
100%|██████████| 1/1 [00:00<00:00,  1.70it/s]

  0%|          | 0/1 [00:00<?, ?it/s]
100%|██████████| 1/1 [00:00<00:00,  3.61it/s]
100%|██████████| 1/1 [00:00<00:00,  3.61it/s]

  0%|          | 0/1 [00:00<?, ?it/s]
100%|██████████| 1/1 [00:00<00:00,  4.07it/s]
100%|██████████| 1/1 [00:00<00:00,  4.07it/s]

  0%|          | 0/1 [00:00<?, ?it/s]
100%|██████████| 1/1 [00:00<00:00,  4.30it/s]
100%|██████████| 1/1 [00:00<00:00,  4.29it/s]

  0%|          | 0/1 [00:00<?, ?it/s]
100%|██████████| 1/1 [00:00<00:00,  3.99it/s]
100%|██████████| 1/1 [00:00<00:00,  3.99it/s]

  0%|          | 0/1 [00:00<?, ?it/s]
100%|██████████| 1/1 [00:00<00:00,  4.17it/s]
100%|██████████| 1/1 [00:00<00:00,  4.16it/s]

  0%|          | 0/1 [00:00<?, ?it/s]
100%|██████████| 1/1 [00:00<00:00,  2.48it/s]
100%|██████████| 1/1 [00:00<00:00,  2.47it/s]

  0%|          | 0/1 [00:00<?, ?it/s]
100%|██████████| 1/1 [00:00<00:00,  4.05it/s]
100%|██████████| 1/1 [00:00<00:00,  4.04it/s]

  0%|          | 0/1 [00:00<?, ?it/s]
100%|██████████| 1/1 [00:00<00:00,  3.24it/s]
100%|██████████| 1/1 [00:00<00:00,  3.23it/s]

  0%|          | 0/1 [00:00<?, ?it/s]
100%|██████████| 1/1 [00:00<00:00,  3.66it/s]
100%|██████████| 1/1 [00:00<00:00,  3.66it/s]

  0%|          | 0/1 [00:00<?, ?it/s]
100%|██████████| 1/1 [00:00<00:00,  1.87it/s]
100%|██████████| 1/1 [00:00<00:00,  1.87it/s]

  0%|          | 0/1 [00:00<?, ?it/s]
100%|██████████| 1/1 [00:00<00:00,  3.50it/s]
100%|██████████| 1/1 [00:00<00:00,  3.50it/s]

  0%|          | 0/1 [00:00<?, ?it/s]
100%|██████████| 1/1 [00:00<00:00,  2.86it/s]
100%|██████████| 1/1 [00:00<00:00,  2.86it/s]

  0%|          | 0/1 [00:00<?, ?it/s]
100%|██████████| 1/1 [00:00<00:00,  4.21it/s]
100%|██████████| 1/1 [00:00<00:00,  4.20it/s]

  0%|          | 0/1 [00:00<?, ?it/s]
100%|██████████| 1/1 [00:00<00:00,  4.27it/s]
100%|██████████| 1/1 [00:00<00:00,  4.26it/s]

  0%|          | 0/1 [00:00<?, ?it/s]
100%|██████████| 1/1 [00:00<00:00,  3.08it/s]
100%|██████████| 1/1 [00:00<00:00,  3.08it/s]

  0%|          | 0/1 [00:00<?, ?it/s]
100%|██████████| 1/1 [00:00<00:00,  4.25it/s]
100%|██████████| 1/1 [00:00<00:00,  4.24it/s]

  0%|          | 0/1 [00:00<?, ?it/s]
100%|██████████| 1/1 [00:00<00:00,  3.33it/s]
100%|██████████| 1/1 [00:00<00:00,  3.33it/s]

  0%|          | 0/1 [00:00<?, ?it/s]
100%|██████████| 1/1 [00:00<00:00,  4.02it/s]
100%|██████████| 1/1 [00:00<00:00,  4.02it/s]

  0%|          | 0/1 [00:00<?, ?it/s]
100%|██████████| 1/1 [00:00<00:00,  4.33it/s]
100%|██████████| 1/1 [00:00<00:00,  4.32it/s]

  0%|          | 0/1 [00:00<?, ?it/s]
100%|██████████| 1/1 [00:00<00:00,  3.67it/s]
100%|██████████| 1/1 [00:00<00:00,  3.67it/s]

  0%|          | 0/1 [00:00<?, ?it/s]
100%|██████████| 1/1 [00:00<00:00,  4.18it/s]
100%|██████████| 1/1 [00:00<00:00,  4.17it/s]

  0%|          | 0/1 [00:00<?, ?it/s]
100%|██████████| 1/1 [00:00<00:00,  3.79it/s]
100%|██████████| 1/1 [00:00<00:00,  3.78it/s]

  0%|          | 0/1 [00:00<?, ?it/s]
100%|██████████| 1/1 [00:00<00:00,  4.13it/s]
100%|██████████| 1/1 [00:00<00:00,  4.12it/s]

  0%|          | 0/1 [00:00<?, ?it/s]
100%|██████████| 1/1 [00:00<00:00,  3.74it/s]
100%|██████████| 1/1 [00:00<00:00,  3.74it/s]

  0%|          | 0/1 [00:00<?, ?it/s]
100%|██████████| 1/1 [00:00<00:00,  4.38it/s]
100%|██████████| 1/1 [00:00<00:00,  4.38it/s]

  0%|          | 0/1 [00:00<?, ?it/s]
100%|██████████| 1/1 [00:00<00:00,  3.72it/s]
100%|██████████| 1/1 [00:00<00:00,  3.72it/s]

  0%|          | 0/1 [00:00<?, ?it/s]
100%|██████████| 1/1 [00:00<00:00,  4.51it/s]
100%|██████████| 1/1 [00:00<00:00,  4.50it/s]

  0%|          | 0/1 [00:00<?, ?it/s]
100%|██████████| 1/1 [00:00<00:00,  1.81it/s]
100%|██████████| 1/1 [00:00<00:00,  1.80it/s]

  0%|          | 0/1 [00:00<?, ?it/s]
100%|██████████| 1/1 [00:00<00:00,  3.57it/s]
100%|██████████| 1/1 [00:00<00:00,  3.56it/s]

  0%|          | 0/1 [00:00<?, ?it/s]
100%|██████████| 1/1 [00:00<00:00,  3.13it/s]
100%|██████████| 1/1 [00:00<00:00,  3.13it/s]

  0%|          | 0/1 [00:00<?, ?it/s]
100%|██████████| 1/1 [00:00<00:00,  4.06it/s]
100%|██████████| 1/1 [00:00<00:00,  4.06it/s]

  0%|          | 0/1 [00:00<?, ?it/s]
100%|██████████| 1/1 [00:00<00:00,  3.11it/s]
100%|██████████| 1/1 [00:00<00:00,  3.10it/s]

  0%|          | 0/1 [00:00<?, ?it/s]
100%|██████████| 1/1 [00:00<00:00,  2.88it/s]
100%|██████████| 1/1 [00:00<00:00,  2.87it/s]

  0%|          | 0/1 [00:00<?, ?it/s]
100%|██████████| 1/1 [00:00<00:00,  3.95it/s]
100%|██████████| 1/1 [00:00<00:00,  3.94it/s]

  0%|          | 0/1 [00:00<?, ?it/s]
100%|██████████| 1/1 [00:00<00:00,  3.57it/s]
100%|██████████| 1/1 [00:00<00:00,  3.57it/s]

  0%|          | 0/1 [00:00<?, ?it/s]
100%|██████████| 1/1 [00:00<00:00,  4.49it/s]
100%|██████████| 1/1 [00:00<00:00,  4.48it/s]

  0%|          | 0/1 [00:00<?, ?it/s]
100%|██████████| 1/1 [00:00<00:00,  4.37it/s]
100%|██████████| 1/1 [00:00<00:00,  4.37it/s]

  0%|          | 0/1 [00:00<?, ?it/s]
100%|██████████| 1/1 [00:00<00:00,  4.71it/s]
100%|██████████| 1/1 [00:00<00:00,  4.70it/s]

  0%|          | 0/1 [00:00<?, ?it/s]
100%|██████████| 1/1 [00:00<00:00,  3.23it/s]
100%|██████████| 1/1 [00:00<00:00,  3.23it/s]

  0%|          | 0/1 [00:00<?, ?it/s]
100%|██████████| 1/1 [00:00<00:00,  4.38it/s]
100%|██████████| 1/1 [00:00<00:00,  4.38it/s]

  0%|          | 0/1 [00:00<?, ?it/s]
100%|██████████| 1/1 [00:00<00:00,  4.47it/s]
100%|██████████| 1/1 [00:00<00:00,  4.47it/s]

  0%|          | 0/1 [00:00<?, ?it/s]
100%|██████████| 1/1 [00:00<00:00,  4.05it/s]
100%|██████████| 1/1 [00:00<00:00,  4.05it/s]

  0%|          | 0/1 [00:00<?, ?it/s]
100%|██████████| 1/1 [00:00<00:00,  4.11it/s]
100%|██████████| 1/1 [00:00<00:00,  4.11it/s]

  0%|          | 0/1 [00:00<?, ?it/s]
100%|██████████| 1/1 [00:00<00:00,  2.76it/s]
100%|██████████| 1/1 [00:00<00:00,  2.75it/s]

  0%|          | 0/1 [00:00<?, ?it/s]
100%|██████████| 1/1 [00:00<00:00,  4.27it/s]
100%|██████████| 1/1 [00:00<00:00,  4.26it/s]

  0%|          | 0/1 [00:00<?, ?it/s]
100%|██████████| 1/1 [00:00<00:00,  1.90it/s]
100%|██████████| 1/1 [00:00<00:00,  1.90it/s]

  0%|          | 0/1 [00:00<?, ?it/s]
100%|██████████| 1/1 [00:00<00:00,  2.89it/s]
100%|██████████| 1/1 [00:00<00:00,  2.89it/s]

  0%|          | 0/1 [00:00<?, ?it/s]
100%|██████████| 1/1 [00:00<00:00,  3.75it/s]
100%|██████████| 1/1 [00:00<00:00,  3.75it/s]

  0%|          | 0/1 [00:00<?, ?it/s]
100%|██████████| 1/1 [00:00<00:00,  3.58it/s]
100%|██████████| 1/1 [00:00<00:00,  3.58it/s]

  0%|          | 0/1 [00:00<?, ?it/s]
100%|██████████| 1/1 [00:00<00:00,  4.26it/s]
100%|██████████| 1/1 [00:00<00:00,  4.26it/s]

  0%|          | 0/1 [00:00<?, ?it/s]
100%|██████████| 1/1 [00:00<00:00,  4.20it/s]
100%|██████████| 1/1 [00:00<00:00,  4.20it/s]

  0%|          | 0/1 [00:00<?, ?it/s]
100%|██████████| 1/1 [00:00<00:00,  1.76it/s]
100%|██████████| 1/1 [00:00<00:00,  1.76it/s]

  0%|          | 0/1 [00:00<?, ?it/s]
100%|██████████| 1/1 [00:00<00:00,  2.04it/s]
100%|██████████| 1/1 [00:00<00:00,  2.04it/s]

  0%|          | 0/1 [00:00<?, ?it/s]
100%|██████████| 1/1 [00:00<00:00,  2.70it/s]
100%|██████████| 1/1 [00:00<00:00,  2.69it/s]

  0%|          | 0/1 [00:00<?, ?it/s]
100%|██████████| 1/1 [00:00<00:00,  2.44it/s]
100%|██████████| 1/1 [00:00<00:00,  2.44it/s]

  0%|          | 0/1 [00:00<?, ?it/s]
100%|██████████| 1/1 [00:00<00:00,  2.01it/s]
100%|██████████| 1/1 [00:00<00:00,  2.01it/s]

  0%|          | 0/1 [00:00<?, ?it/s]
100%|██████████| 1/1 [00:00<00:00,  3.23it/s]
100%|██████████| 1/1 [00:00<00:00,  3.23it/s]

  0%|          | 0/1 [00:00<?, ?it/s]
100%|██████████| 1/1 [00:00<00:00,  2.60it/s]
100%|██████████| 1/1 [00:00<00:00,  2.60it/s]

  0%|          | 0/1 [00:00<?, ?it/s]
100%|██████████| 1/1 [00:00<00:00,  4.22it/s]
100%|██████████| 1/1 [00:00<00:00,  4.22it/s]

  0%|          | 0/1 [00:00<?, ?it/s]
100%|██████████| 1/1 [00:00<00:00,  4.42it/s]
100%|██████████| 1/1 [00:00<00:00,  4.42it/s]

  0%|          | 0/1 [00:00<?, ?it/s]
100%|██████████| 1/1 [00:00<00:00,  2.38it/s]
100%|██████████| 1/1 [00:00<00:00,  2.38it/s]

  0%|          | 0/1 [00:00<?, ?it/s]
100%|██████████| 1/1 [00:00<00:00,  2.16it/s]
100%|██████████| 1/1 [00:00<00:00,  2.16it/s]

  0%|          | 0/1 [00:00<?, ?it/s]
100%|██████████| 1/1 [00:00<00:00,  1.88it/s]
100%|██████████| 1/1 [00:00<00:00,  1.88it/s]

  0%|          | 0/1 [00:00<?, ?it/s]
100%|██████████| 1/1 [00:00<00:00,  1.46it/s]
100%|██████████| 1/1 [00:00<00:00,  1.46it/s]

  0%|          | 0/1 [00:00<?, ?it/s]
100%|██████████| 1/1 [00:00<00:00,  2.33it/s]
100%|██████████| 1/1 [00:00<00:00,  2.33it/s]

  0%|          | 0/1 [00:00<?, ?it/s]
100%|██████████| 1/1 [00:00<00:00,  3.43it/s]
100%|██████████| 1/1 [00:00<00:00,  3.43it/s]

  0%|          | 0/1 [00:00<?, ?it/s]
100%|██████████| 1/1 [00:00<00:00,  3.69it/s]
100%|██████████| 1/1 [00:00<00:00,  3.68it/s]

  0%|          | 0/1 [00:00<?, ?it/s]
100%|██████████| 1/1 [00:00<00:00,  3.97it/s]
100%|██████████| 1/1 [00:00<00:00,  3.97it/s]

  0%|          | 0/1 [00:00<?, ?it/s]
100%|██████████| 1/1 [00:00<00:00,  3.26it/s]
100%|██████████| 1/1 [00:00<00:00,  3.26it/s]

  0%|          | 0/1 [00:00<?, ?it/s]
100%|██████████| 1/1 [00:00<00:00,  2.06it/s]
100%|██████████| 1/1 [00:00<00:00,  2.05it/s]

  0%|          | 0/1 [00:00<?, ?it/s]
100%|██████████| 1/1 [00:00<00:00,  1.52it/s]
100%|██████████| 1/1 [00:00<00:00,  1.52it/s]

  0%|          | 0/1 [00:00<?, ?it/s]
100%|██████████| 1/1 [00:00<00:00,  1.73it/s]
100%|██████████| 1/1 [00:00<00:00,  1.73it/s]

  0%|          | 0/1 [00:00<?, ?it/s]
100%|██████████| 1/1 [00:00<00:00,  1.72it/s]
100%|██████████| 1/1 [00:00<00:00,  1.72it/s]

  0%|          | 0/1 [00:00<?, ?it/s]
100%|██████████| 1/1 [00:00<00:00,  2.67it/s]
100%|██████████| 1/1 [00:00<00:00,  2.67it/s]

  0%|          | 0/1 [00:00<?, ?it/s]
100%|██████████| 1/1 [00:00<00:00,  4.28it/s]
100%|██████████| 1/1 [00:00<00:00,  4.27it/s]

  0%|          | 0/1 [00:00<?, ?it/s]
100%|██████████| 1/1 [00:00<00:00,  2.08it/s]
100%|██████████| 1/1 [00:00<00:00,  2.08it/s]

  0%|          | 0/1 [00:00<?, ?it/s]
100%|██████████| 1/1 [00:00<00:00,  3.75it/s]
100%|██████████| 1/1 [00:00<00:00,  3.74it/s]

  0%|          | 0/1 [00:00<?, ?it/s]
100%|██████████| 1/1 [00:00<00:00,  3.66it/s]
100%|██████████| 1/1 [00:00<00:00,  3.65it/s]

  0%|          | 0/1 [00:00<?, ?it/s]
100%|██████████| 1/1 [00:00<00:00,  4.42it/s]
100%|██████████| 1/1 [00:00<00:00,  4.41it/s]

  0%|          | 0/1 [00:00<?, ?it/s]
100%|██████████| 1/1 [00:00<00:00,  4.28it/s]
100%|██████████| 1/1 [00:00<00:00,  4.27it/s]

  0%|          | 0/1 [00:00<?, ?it/s]
100%|██████████| 1/1 [00:00<00:00,  3.03it/s]
100%|██████████| 1/1 [00:00<00:00,  3.03it/s]

  0%|          | 0/1 [00:00<?, ?it/s]
100%|██████████| 1/1 [00:00<00:00,  4.02it/s]
100%|██████████| 1/1 [00:00<00:00,  4.02it/s]

  0%|          | 0/1 [00:00<?, ?it/s]
100%|██████████| 1/1 [00:00<00:00,  4.49it/s]
100%|██████████| 1/1 [00:00<00:00,  4.48it/s]

  0%|          | 0/1 [00:00<?, ?it/s]
100%|██████████| 1/1 [00:00<00:00,  3.77it/s]
100%|██████████| 1/1 [00:00<00:00,  3.77it/s]

  0%|          | 0/1 [00:00<?, ?it/s]
100%|██████████| 1/1 [00:00<00:00,  4.29it/s]
100%|██████████| 1/1 [00:00<00:00,  4.28it/s]

  0%|          | 0/1 [00:00<?, ?it/s]
100%|██████████| 1/1 [00:00<00:00,  2.92it/s]
100%|██████████| 1/1 [00:00<00:00,  2.92it/s]

  0%|          | 0/1 [00:00<?, ?it/s]
100%|██████████| 1/1 [00:00<00:00,  4.19it/s]
100%|██████████| 1/1 [00:00<00:00,  4.18it/s]

  0%|          | 0/1 [00:00<?, ?it/s]
100%|██████████| 1/1 [00:00<00:00,  4.10it/s]
100%|██████████| 1/1 [00:00<00:00,  4.10it/s]

  0%|          | 0/1 [00:00<?, ?it/s]
100%|██████████| 1/1 [00:00<00:00,  4.09it/s]
100%|██████████| 1/1 [00:00<00:00,  4.09it/s]

  0%|          | 0/1 [00:00<?, ?it/s]
100%|██████████| 1/1 [00:00<00:00,  4.27it/s]
100%|██████████| 1/1 [00:00<00:00,  4.26it/s]

  0%|          | 0/1 [00:00<?, ?it/s]
100%|██████████| 1/1 [00:00<00:00,  3.65it/s]
100%|██████████| 1/1 [00:00<00:00,  3.64it/s]

  0%|          | 0/1 [00:00<?, ?it/s]
100%|██████████| 1/1 [00:00<00:00,  4.23it/s]
100%|██████████| 1/1 [00:00<00:00,  4.22it/s]

  0%|          | 0/1 [00:00<?, ?it/s]
100%|██████████| 1/1 [00:00<00:00,  3.05it/s]
100%|██████████| 1/1 [00:00<00:00,  3.05it/s]

  0%|          | 0/1 [00:00<?, ?it/s]
100%|██████████| 1/1 [00:00<00:00,  4.66it/s]
100%|██████████| 1/1 [00:00<00:00,  4.66it/s]

  0%|          | 0/1 [00:00<?, ?it/s]
100%|██████████| 1/1 [00:00<00:00,  4.25it/s]
100%|██████████| 1/1 [00:00<00:00,  4.24it/s]

  0%|          | 0/1 [00:00<?, ?it/s]
100%|██████████| 1/1 [00:00<00:00,  3.65it/s]
100%|██████████| 1/1 [00:00<00:00,  3.64it/s]

  0%|          | 0/1 [00:00<?, ?it/s]
100%|██████████| 1/1 [00:00<00:00,  4.38it/s]
100%|██████████| 1/1 [00:00<00:00,  4.38it/s]

  0%|          | 0/1 [00:00<?, ?it/s]
100%|██████████| 1/1 [00:00<00:00,  4.19it/s]
100%|██████████| 1/1 [00:00<00:00,  4.19it/s]

  0%|          | 0/1 [00:00<?, ?it/s]
100%|██████████| 1/1 [00:00<00:00,  4.35it/s]
100%|██████████| 1/1 [00:00<00:00,  4.34it/s]

  0%|          | 0/1 [00:00<?, ?it/s]
100%|██████████| 1/1 [00:00<00:00,  4.61it/s]
100%|██████████| 1/1 [00:00<00:00,  4.61it/s]

  0%|          | 0/1 [00:00<?, ?it/s]
100%|██████████| 1/1 [00:00<00:00,  4.40it/s]
100%|██████████| 1/1 [00:00<00:00,  4.40it/s]

  0%|          | 0/1 [00:00<?, ?it/s]
100%|██████████| 1/1 [00:00<00:00,  4.56it/s]
100%|██████████| 1/1 [00:00<00:00,  4.55it/s]

  0%|          | 0/1 [00:00<?, ?it/s]
100%|██████████| 1/1 [00:00<00:00,  4.02it/s]
100%|██████████| 1/1 [00:00<00:00,  4.01it/s]

  0%|          | 0/1 [00:00<?, ?it/s]
100%|██████████| 1/1 [00:00<00:00,  4.23it/s]
100%|██████████| 1/1 [00:00<00:00,  4.23it/s]

  0%|          | 0/1 [00:00<?, ?it/s]
100%|██████████| 1/1 [00:00<00:00,  4.44it/s]
100%|██████████| 1/1 [00:00<00:00,  4.43it/s]

  0%|          | 0/1 [00:00<?, ?it/s]
100%|██████████| 1/1 [00:00<00:00,  4.45it/s]
100%|██████████| 1/1 [00:00<00:00,  4.45it/s]

  0%|          | 0/1 [00:00<?, ?it/s]
100%|██████████| 1/1 [00:00<00:00,  4.04it/s]
100%|██████████| 1/1 [00:00<00:00,  4.04it/s]

  0%|          | 0/1 [00:00<?, ?it/s]
100%|██████████| 1/1 [00:00<00:00,  4.04it/s]
100%|██████████| 1/1 [00:00<00:00,  4.04it/s]

  0%|          | 0/1 [00:00<?, ?it/s]
100%|██████████| 1/1 [00:00<00:00,  3.71it/s]
100%|██████████| 1/1 [00:00<00:00,  3.71it/s]

  0%|          | 0/1 [00:00<?, ?it/s]
100%|██████████| 1/1 [00:00<00:00,  4.00it/s]
100%|██████████| 1/1 [00:00<00:00,  4.00it/s]

  0%|          | 0/1 [00:00<?, ?it/s]
100%|██████████| 1/1 [00:00<00:00,  3.97it/s]
100%|██████████| 1/1 [00:00<00:00,  3.97it/s]

  0%|          | 0/1 [00:00<?, ?it/s]
100%|██████████| 1/1 [00:00<00:00,  4.04it/s]
100%|██████████| 1/1 [00:00<00:00,  4.04it/s]

  0%|          | 0/1 [00:00<?, ?it/s]
100%|██████████| 1/1 [00:00<00:00,  4.19it/s]
100%|██████████| 1/1 [00:00<00:00,  4.18it/s]

  0%|          | 0/1 [00:00<?, ?it/s]
100%|██████████| 1/1 [00:00<00:00,  3.46it/s]
100%|██████████| 1/1 [00:00<00:00,  3.46it/s]

  0%|          | 0/1 [00:00<?, ?it/s]
100%|██████████| 1/1 [00:00<00:00,  4.01it/s]
100%|██████████| 1/1 [00:00<00:00,  4.01it/s]

  0%|          | 0/1 [00:00<?, ?it/s]
100%|██████████| 1/1 [00:00<00:00,  4.47it/s]
100%|██████████| 1/1 [00:00<00:00,  4.47it/s]

  0%|          | 0/1 [00:00<?, ?it/s]
100%|██████████| 1/1 [00:00<00:00,  4.17it/s]
100%|██████████| 1/1 [00:00<00:00,  4.16it/s]

  0%|          | 0/1 [00:00<?, ?it/s]
100%|██████████| 1/1 [00:00<00:00,  4.14it/s]
100%|██████████| 1/1 [00:00<00:00,  4.13it/s]

  0%|          | 0/1 [00:00<?, ?it/s]
100%|██████████| 1/1 [00:00<00:00,  2.20it/s]
100%|██████████| 1/1 [00:00<00:00,  2.20it/s]

  0%|          | 0/1 [00:00<?, ?it/s]
100%|██████████| 1/1 [00:00<00:00,  4.30it/s]
100%|██████████| 1/1 [00:00<00:00,  4.30it/s]

  0%|          | 0/1 [00:00<?, ?it/s]
100%|██████████| 1/1 [00:00<00:00,  4.02it/s]
100%|██████████| 1/1 [00:00<00:00,  4.02it/s]

  0%|          | 0/1 [00:00<?, ?it/s]
100%|██████████| 1/1 [00:00<00:00,  4.11it/s]
100%|██████████| 1/1 [00:00<00:00,  4.11it/s]

  0%|          | 0/1 [00:00<?, ?it/s]
100%|██████████| 1/1 [00:00<00:00,  3.08it/s]
100%|██████████| 1/1 [00:00<00:00,  3.07it/s]

  0%|          | 0/1 [00:00<?, ?it/s]
100%|██████████| 1/1 [00:00<00:00,  4.30it/s]
100%|██████████| 1/1 [00:00<00:00,  4.30it/s]

  0%|          | 0/1 [00:00<?, ?it/s]
100%|██████████| 1/1 [00:00<00:00,  2.75it/s]
100%|██████████| 1/1 [00:00<00:00,  2.75it/s]

  0%|          | 0/1 [00:00<?, ?it/s]
100%|██████████| 1/1 [00:00<00:00,  4.65it/s]
100%|██████████| 1/1 [00:00<00:00,  4.65it/s]

  0%|          | 0/1 [00:00<?, ?it/s]
100%|██████████| 1/1 [00:00<00:00,  4.16it/s]
100%|██████████| 1/1 [00:00<00:00,  4.16it/s]

  0%|          | 0/1 [00:00<?, ?it/s]
100%|██████████| 1/1 [00:00<00:00,  3.69it/s]
100%|██████████| 1/1 [00:00<00:00,  3.69it/s]

  0%|          | 0/1 [00:00<?, ?it/s]
100%|██████████| 1/1 [00:00<00:00,  3.92it/s]
100%|██████████| 1/1 [00:00<00:00,  3.91it/s]

  0%|          | 0/1 [00:00<?, ?it/s]
100%|██████████| 1/1 [00:00<00:00,  3.53it/s]
100%|██████████| 1/1 [00:00<00:00,  3.53it/s]

  0%|          | 0/1 [00:00<?, ?it/s]
100%|██████████| 1/1 [00:00<00:00,  4.28it/s]
100%|██████████| 1/1 [00:00<00:00,  4.28it/s]

  0%|          | 0/1 [00:00<?, ?it/s]
100%|██████████| 1/1 [00:00<00:00,  3.97it/s]
100%|██████████| 1/1 [00:00<00:00,  3.96it/s]

  0%|          | 0/1 [00:00<?, ?it/s]
100%|██████████| 1/1 [00:00<00:00,  3.08it/s]
100%|██████████| 1/1 [00:00<00:00,  3.08it/s]

  0%|          | 0/1 [00:00<?, ?it/s]
100%|██████████| 1/1 [00:00<00:00,  3.87it/s]
100%|██████████| 1/1 [00:00<00:00,  3.86it/s]

  0%|          | 0/1 [00:00<?, ?it/s]
100%|██████████| 1/1 [00:00<00:00,  3.56it/s]
100%|██████████| 1/1 [00:00<00:00,  3.56it/s]

  0%|          | 0/1 [00:00<?, ?it/s]
100%|██████████| 1/1 [00:00<00:00,  4.14it/s]
100%|██████████| 1/1 [00:00<00:00,  4.13it/s]

  0%|          | 0/1 [00:00<?, ?it/s]
100%|██████████| 1/1 [00:00<00:00,  3.52it/s]
100%|██████████| 1/1 [00:00<00:00,  3.52it/s]

  0%|          | 0/1 [00:00<?, ?it/s]
100%|██████████| 1/1 [00:00<00:00,  4.01it/s]
100%|██████████| 1/1 [00:00<00:00,  4.00it/s]

  0%|          | 0/1 [00:00<?, ?it/s]
100%|██████████| 1/1 [00:00<00:00,  3.27it/s]
100%|██████████| 1/1 [00:00<00:00,  3.27it/s]

  0%|          | 0/1 [00:00<?, ?it/s]
100%|██████████| 1/1 [00:00<00:00,  3.39it/s]
100%|██████████| 1/1 [00:00<00:00,  3.39it/s]

  0%|          | 0/1 [00:00<?, ?it/s]
100%|██████████| 1/1 [00:00<00:00,  4.14it/s]
100%|██████████| 1/1 [00:00<00:00,  4.14it/s]

  0%|          | 0/1 [00:00<?, ?it/s]
100%|██████████| 1/1 [00:00<00:00,  3.07it/s]
100%|██████████| 1/1 [00:00<00:00,  3.07it/s]

  0%|          | 0/1 [00:00<?, ?it/s]
100%|██████████| 1/1 [00:00<00:00,  3.55it/s]
100%|██████████| 1/1 [00:00<00:00,  3.54it/s]

  0%|          | 0/1 [00:00<?, ?it/s]
100%|██████████| 1/1 [00:00<00:00,  3.34it/s]
100%|██████████| 1/1 [00:00<00:00,  3.33it/s]

  0%|          | 0/1 [00:00<?, ?it/s]
100%|██████████| 1/1 [00:00<00:00,  4.25it/s]
100%|██████████| 1/1 [00:00<00:00,  4.25it/s]

  0%|          | 0/1 [00:00<?, ?it/s]
100%|██████████| 1/1 [00:00<00:00,  3.64it/s]
100%|██████████| 1/1 [00:00<00:00,  3.64it/s]

  0%|          | 0/1 [00:00<?, ?it/s]
100%|██████████| 1/1 [00:00<00:00,  3.94it/s]
100%|██████████| 1/1 [00:00<00:00,  3.93it/s]

  0%|          | 0/1 [00:00<?, ?it/s]
100%|██████████| 1/1 [00:00<00:00,  3.63it/s]
100%|██████████| 1/1 [00:00<00:00,  3.63it/s]

  0%|          | 0/1 [00:00<?, ?it/s]
100%|██████████| 1/1 [00:00<00:00,  4.00it/s]
100%|██████████| 1/1 [00:00<00:00,  3.99it/s]

  0%|          | 0/1 [00:00<?, ?it/s]
100%|██████████| 1/1 [00:00<00:00,  4.43it/s]
100%|██████████| 1/1 [00:00<00:00,  4.42it/s]

  0%|          | 0/1 [00:00<?, ?it/s]
100%|██████████| 1/1 [00:00<00:00,  3.78it/s]
100%|██████████| 1/1 [00:00<00:00,  3.78it/s]

  0%|          | 0/1 [00:00<?, ?it/s]
100%|██████████| 1/1 [00:00<00:00,  3.94it/s]
100%|██████████| 1/1 [00:00<00:00,  3.93it/s]

  0%|          | 0/1 [00:00<?, ?it/s]
100%|██████████| 1/1 [00:00<00:00,  4.18it/s]
100%|██████████| 1/1 [00:00<00:00,  4.17it/s]

  0%|          | 0/1 [00:00<?, ?it/s]
100%|██████████| 1/1 [00:00<00:00,  4.30it/s]
100%|██████████| 1/1 [00:00<00:00,  4.30it/s]

  0%|          | 0/1 [00:00<?, ?it/s]
100%|██████████| 1/1 [00:00<00:00,  3.46it/s]
100%|██████████| 1/1 [00:00<00:00,  3.46it/s]

  0%|          | 0/1 [00:00<?, ?it/s]
100%|██████████| 1/1 [00:00<00:00,  4.23it/s]
100%|██████████| 1/1 [00:00<00:00,  4.22it/s]

  0%|          | 0/1 [00:00<?, ?it/s]
100%|██████████| 1/1 [00:00<00:00,  3.80it/s]
100%|██████████| 1/1 [00:00<00:00,  3.80it/s]

  0%|          | 0/1 [00:00<?, ?it/s]
100%|██████████| 1/1 [00:00<00:00,  3.19it/s]
100%|██████████| 1/1 [00:00<00:00,  3.19it/s]

  0%|          | 0/1 [00:00<?, ?it/s]
100%|██████████| 1/1 [00:00<00:00,  4.23it/s]
100%|██████████| 1/1 [00:00<00:00,  4.22it/s]

  0%|          | 0/1 [00:00<?, ?it/s]
100%|██████████| 1/1 [00:00<00:00,  3.61it/s]
100%|██████████| 1/1 [00:00<00:00,  3.60it/s]

  0%|          | 0/1 [00:00<?, ?it/s]
100%|██████████| 1/1 [00:00<00:00,  4.11it/s]
100%|██████████| 1/1 [00:00<00:00,  4.11it/s]

  0%|          | 0/1 [00:00<?, ?it/s]
100%|██████████| 1/1 [00:00<00:00,  4.29it/s]
100%|██████████| 1/1 [00:00<00:00,  4.29it/s]
加载 replica1...
加载 replica2...
加载 replica3...
批量模式：找到 10 个 seqs.fa
Predicted melting temperature: [63.608787536621094]
Predicted melting temperature: [73.40843200683594]
Predicted melting temperature: [55.20203399658203]
  seed_2000 uncond                           Tm=64.07  replicas=[63.6, 73.4, 55.2]
Predicted melting temperature: [73.52205657958984]
Predicted melting temperature: [76.42636108398438]
Predicted melting temperature: [65.22848510742188]
  seed_2001 uncond                           Tm=71.73  replicas=[73.5, 76.4, 65.2]
Predicted melting temperature: [53.41062927246094]
Predicted melting temperature: [68.46021270751953]
Predicted melting temperature: [50.06571960449219]
  seed_2002 uncond                           Tm=57.31  replicas=[53.4, 68.5, 50.1]
Predicted melting temperature: [55.1373405456543]
Predicted melting temperature: [72.56382751464844]
Predicted melting temperature: [51.47589874267578]
  seed_2003 uncond                           Tm=59.73  replicas=[55.1, 72.6, 51.5]
Predicted melting temperature: [62.926639556884766]
Predicted melting temperature: [72.998046875]
Predicted melting temperature: [56.81845474243164]
  seed_2004 uncond                           Tm=64.25  replicas=[62.9, 73.0, 56.8]
Predicted melting temperature: [56.042884826660156]
Predicted melting temperature: [71.61830139160156]
Predicted melting temperature: [50.9559440612793]
  seed_2005 uncond                           Tm=59.54  replicas=[56.0, 71.6, 51.0]
Predicted melting temperature: [56.76011657714844]
Predicted melting temperature: [72.2461166381836]
Predicted melting temperature: [55.97679901123047]
  seed_2006 uncond                           Tm=61.66  replicas=[56.8, 72.2, 56.0]
Predicted melting temperature: [59.44379425048828]
Predicted melting temperature: [72.7403564453125]
Predicted melting temperature: [59.077239990234375]
  seed_2007 uncond                           Tm=63.75  replicas=[59.4, 72.7, 59.1]
Predicted melting temperature: [59.62209701538086]
Predicted melting temperature: [70.84761047363281]
Predicted melting temperature: [63.6247673034668]
  seed_2008 uncond                           Tm=64.70  replicas=[59.6, 70.8, 63.6]
Predicted melting temperature: [58.63216018676758]
Predicted melting temperature: [73.346923828125]
Predicted melting temperature: [64.5009765625]
  seed_2009 uncond                           Tm=65.49  replicas=[58.6, 73.3, 64.5]
Predicted melting temperature: [57.37916946411133]
Predicted melting temperature: [71.68939208984375]
Predicted melting temperature: [51.46849060058594]
  seed_2010 uncond                           Tm=60.18  replicas=[57.4, 71.7, 51.5]
Predicted melting temperature: [54.002235412597656]
Predicted melting temperature: [70.30598449707031]
Predicted melting temperature: [51.24009704589844]
  seed_2011 uncond                           Tm=58.52  replicas=[54.0, 70.3, 51.2]
Predicted melting temperature: [57.00640869140625]
Predicted melting temperature: [71.63279724121094]
Predicted melting temperature: [50.8084716796875]
  seed_2012 uncond                           Tm=59.82  replicas=[57.0, 71.6, 50.8]
Predicted melting temperature: [54.56875991821289]
Predicted melting temperature: [72.04451751708984]
Predicted melting temperature: [50.55270004272461]
  seed_2013 uncond                           Tm=59.06  replicas=[54.6, 72.0, 50.6]
Predicted melting temperature: [60.7427864074707]
Predicted melting temperature: [73.73045349121094]
Predicted melting temperature: [59.354530334472656]
  seed_2014 uncond                           Tm=64.61  replicas=[60.7, 73.7, 59.4]
Predicted melting temperature: [54.32981491088867]
Predicted melting temperature: [71.75692749023438]
Predicted melting temperature: [48.65765380859375]
  seed_2015 uncond                           Tm=58.25  replicas=[54.3, 71.8, 48.7]
Predicted melting temperature: [57.78030776977539]
Predicted melting temperature: [71.82133483886719]
Predicted melting temperature: [56.26911163330078]
  seed_2016 uncond                           Tm=61.96  replicas=[57.8, 71.8, 56.3]
Predicted melting temperature: [66.28265380859375]
Predicted melting temperature: [73.90440368652344]
Predicted melting temperature: [53.73728942871094]
  seed_2017 uncond                           Tm=64.64  replicas=[66.3, 73.9, 53.7]
Predicted melting temperature: [53.50065231323242]
Predicted melting temperature: [71.93038940429688]
Predicted melting temperature: [58.81879806518555]
  seed_2018 uncond                           Tm=61.42  replicas=[53.5, 71.9, 58.8]
Predicted melting temperature: [56.939239501953125]
Predicted melting temperature: [74.12138366699219]
Predicted melting temperature: [57.3939208984375]
  seed_2019 uncond                           Tm=62.82  replicas=[56.9, 74.1, 57.4]
Predicted melting temperature: [55.02284240722656]
Predicted melting temperature: [73.40660095214844]
Predicted melting temperature: [53.23277282714844]
  seed_2020 uncond                           Tm=60.55  replicas=[55.0, 73.4, 53.2]
Predicted melting temperature: [58.12809371948242]
Predicted melting temperature: [73.36663055419922]
Predicted melting temperature: [52.66375732421875]
  seed_2021 uncond                           Tm=61.39  replicas=[58.1, 73.4, 52.7]
Predicted melting temperature: [66.84182739257812]
Predicted melting temperature: [73.04605865478516]
Predicted melting temperature: [57.74105453491211]
  seed_2022 uncond                           Tm=65.88  replicas=[66.8, 73.0, 57.7]
Predicted melting temperature: [57.438148498535156]
Predicted melting temperature: [72.09443664550781]
Predicted melting temperature: [51.37739562988281]
  seed_2023 uncond                           Tm=60.30  replicas=[57.4, 72.1, 51.4]
Predicted melting temperature: [58.890724182128906]
Predicted melting temperature: [72.82548522949219]
Predicted melting temperature: [53.41270446777344]
  seed_2024 uncond                           Tm=61.71  replicas=[58.9, 72.8, 53.4]
Predicted melting temperature: [63.60133361816406]
Predicted melting temperature: [73.02094268798828]
Predicted melting temperature: [61.41937255859375]
  seed_2025 uncond                           Tm=66.01  replicas=[63.6, 73.0, 61.4]
Predicted melting temperature: [59.74367141723633]
Predicted melting temperature: [73.483154296875]
Predicted melting temperature: [54.99234390258789]
  seed_2026 uncond                           Tm=62.74  replicas=[59.7, 73.5, 55.0]
Predicted melting temperature: [62.44435501098633]
Predicted melting temperature: [72.772705078125]
Predicted melting temperature: [57.5976676940918]
  seed_2027 uncond                           Tm=64.27  replicas=[62.4, 72.8, 57.6]
Predicted melting temperature: [63.78814697265625]
Predicted melting temperature: [73.18472290039062]
Predicted melting temperature: [57.58067321777344]
  seed_2028 uncond                           Tm=64.85  replicas=[63.8, 73.2, 57.6]
Predicted melting temperature: [59.546112060546875]
Predicted melting temperature: [71.9256362915039]
Predicted melting temperature: [53.36605453491211]
  seed_2029 uncond                           Tm=61.61  replicas=[59.5, 71.9, 53.4]
  [output/tm_sol_v12_2/uncond/1A65/seqs.fa] 已写 output/tm_sol_v12_2/uncond/1A65/seqs.fa.tm.csv
Predicted melting temperature: [55.920955657958984]
Predicted melting temperature: [58.23834228515625]
Predicted melting temperature: [61.62086868286133]
  seed_2000 uncond                           Tm=58.59  replicas=[55.9, 58.2, 61.6]
Predicted melting temperature: [60.59638595581055]
Predicted melting temperature: [60.45645523071289]
Predicted melting temperature: [61.50144577026367]
  seed_2001 uncond                           Tm=60.85  replicas=[60.6, 60.5, 61.5]
Predicted melting temperature: [59.057804107666016]
Predicted melting temperature: [57.19984436035156]
Predicted melting temperature: [59.50026321411133]
  seed_2002 uncond                           Tm=58.59  replicas=[59.1, 57.2, 59.5]
Predicted melting temperature: [54.813411712646484]
Predicted melting temperature: [57.02422332763672]
Predicted melting temperature: [58.61268997192383]
  seed_2003 uncond                           Tm=56.82  replicas=[54.8, 57.0, 58.6]
Predicted melting temperature: [57.902225494384766]
Predicted melting temperature: [57.77659225463867]
Predicted melting temperature: [60.13569641113281]
  seed_2004 uncond                           Tm=58.60  replicas=[57.9, 57.8, 60.1]
Predicted melting temperature: [66.017578125]
Predicted melting temperature: [60.37397766113281]
Predicted melting temperature: [68.04256439208984]
  seed_2005 uncond                           Tm=64.81  replicas=[66.0, 60.4, 68.0]
Predicted melting temperature: [55.9185676574707]
Predicted melting temperature: [56.95998764038086]
Predicted melting temperature: [61.69377899169922]
  seed_2006 uncond                           Tm=58.19  replicas=[55.9, 57.0, 61.7]
Predicted melting temperature: [64.48339080810547]
Predicted melting temperature: [58.56749725341797]
Predicted melting temperature: [60.0589485168457]
  seed_2007 uncond                           Tm=61.04  replicas=[64.5, 58.6, 60.1]
Predicted melting temperature: [61.167205810546875]
Predicted melting temperature: [60.49852752685547]
Predicted melting temperature: [54.92363357543945]
  seed_2008 uncond                           Tm=58.86  replicas=[61.2, 60.5, 54.9]
Predicted melting temperature: [60.890357971191406]
Predicted melting temperature: [61.53633117675781]
Predicted melting temperature: [68.25196838378906]
  seed_2009 uncond                           Tm=63.56  replicas=[60.9, 61.5, 68.3]
Predicted melting temperature: [58.95576477050781]
Predicted melting temperature: [64.59920501708984]
Predicted melting temperature: [56.14225769042969]
  seed_2010 uncond                           Tm=59.90  replicas=[59.0, 64.6, 56.1]
Predicted melting temperature: [62.33439254760742]
Predicted melting temperature: [58.196922302246094]
Predicted melting temperature: [63.93782043457031]
  seed_2011 uncond                           Tm=61.49  replicas=[62.3, 58.2, 63.9]
Predicted melting temperature: [55.430381774902344]
Predicted melting temperature: [59.929115295410156]
Predicted melting temperature: [56.88779830932617]
  seed_2012 uncond                           Tm=57.42  replicas=[55.4, 59.9, 56.9]
Predicted melting temperature: [61.20042419433594]
Predicted melting temperature: [60.083351135253906]
Predicted melting temperature: [62.060401916503906]
  seed_2013 uncond                           Tm=61.11  replicas=[61.2, 60.1, 62.1]
Predicted melting temperature: [53.9974250793457]
Predicted melting temperature: [58.47626495361328]
Predicted melting temperature: [65.25199890136719]
  seed_2014 uncond                           Tm=59.24  replicas=[54.0, 58.5, 65.3]
Predicted melting temperature: [61.475921630859375]
Predicted melting temperature: [64.01376342773438]
Predicted melting temperature: [64.06564331054688]
  seed_2015 uncond                           Tm=63.19  replicas=[61.5, 64.0, 64.1]
Predicted melting temperature: [62.28338623046875]
Predicted melting temperature: [56.47670364379883]
Predicted melting temperature: [59.22947692871094]
  seed_2016 uncond                           Tm=59.33  replicas=[62.3, 56.5, 59.2]
Predicted melting temperature: [60.07592010498047]
Predicted melting temperature: [59.146484375]
Predicted melting temperature: [64.08598327636719]
  seed_2017 uncond                           Tm=61.10  replicas=[60.1, 59.1, 64.1]
Predicted melting temperature: [62.91817855834961]
Predicted melting temperature: [65.59635925292969]
Predicted melting temperature: [66.56397247314453]
  seed_2018 uncond                           Tm=65.03  replicas=[62.9, 65.6, 66.6]
Predicted melting temperature: [70.86100006103516]
Predicted melting temperature: [66.30664825439453]
Predicted melting temperature: [67.8419418334961]
  seed_2019 uncond                           Tm=68.34  replicas=[70.9, 66.3, 67.8]
Predicted melting temperature: [60.228816986083984]
Predicted melting temperature: [56.26311492919922]
Predicted melting temperature: [59.62724685668945]
  seed_2020 uncond                           Tm=58.71  replicas=[60.2, 56.3, 59.6]
Predicted melting temperature: [57.92226791381836]
Predicted melting temperature: [56.056922912597656]
Predicted melting temperature: [60.262062072753906]
  seed_2021 uncond                           Tm=58.08  replicas=[57.9, 56.1, 60.3]
Predicted melting temperature: [56.83130645751953]
Predicted melting temperature: [57.092044830322266]
Predicted melting temperature: [57.755271911621094]
  seed_2022 uncond                           Tm=57.23  replicas=[56.8, 57.1, 57.8]
Predicted melting temperature: [61.96120834350586]
Predicted melting temperature: [60.76548385620117]
Predicted melting temperature: [60.81010055541992]
  seed_2023 uncond                           Tm=61.18  replicas=[62.0, 60.8, 60.8]
Predicted melting temperature: [62.924434661865234]
Predicted melting temperature: [58.29743194580078]
Predicted melting temperature: [62.714866638183594]
  seed_2024 uncond                           Tm=61.31  replicas=[62.9, 58.3, 62.7]
Predicted melting temperature: [57.772029876708984]
Predicted melting temperature: [61.534751892089844]
Predicted melting temperature: [54.16411209106445]
  seed_2025 uncond                           Tm=57.82  replicas=[57.8, 61.5, 54.2]
Predicted melting temperature: [61.42609405517578]
Predicted melting temperature: [63.05225372314453]
Predicted melting temperature: [66.12039184570312]
  seed_2026 uncond                           Tm=63.53  replicas=[61.4, 63.1, 66.1]
Predicted melting temperature: [64.95142364501953]
Predicted melting temperature: [59.53990936279297]
Predicted melting temperature: [57.17937088012695]
  seed_2027 uncond                           Tm=60.56  replicas=[65.0, 59.5, 57.2]
Predicted melting temperature: [60.050418853759766]
Predicted melting temperature: [58.812679290771484]
Predicted melting temperature: [61.0042610168457]
  seed_2028 uncond                           Tm=59.96  replicas=[60.1, 58.8, 61.0]
Predicted melting temperature: [61.46242141723633]
Predicted melting temperature: [60.11565399169922]
Predicted melting temperature: [62.464561462402344]
  seed_2029 uncond                           Tm=61.35  replicas=[61.5, 60.1, 62.5]
  [output/tm_sol_v12_2/uncond/1AG0/seqs.fa] 已写 output/tm_sol_v12_2/uncond/1AG0/seqs.fa.tm.csv
Predicted melting temperature: [50.40217590332031]
Predicted melting temperature: [48.750030517578125]
Predicted melting temperature: [49.82878112792969]
  seed_2000 uncond                           Tm=49.66  replicas=[50.4, 48.8, 49.8]
Predicted melting temperature: [52.274322509765625]
Predicted melting temperature: [47.039024353027344]
Predicted melting temperature: [47.698280334472656]
  seed_2001 uncond                           Tm=49.00  replicas=[52.3, 47.0, 47.7]
Predicted melting temperature: [49.311527252197266]
Predicted melting temperature: [44.88276672363281]
Predicted melting temperature: [47.75111389160156]
  seed_2002 uncond                           Tm=47.32  replicas=[49.3, 44.9, 47.8]
Predicted melting temperature: [53.33222198486328]
Predicted melting temperature: [61.94420623779297]
Predicted melting temperature: [52.627227783203125]
  seed_2003 uncond                           Tm=55.97  replicas=[53.3, 61.9, 52.6]
Predicted melting temperature: [49.75896072387695]
Predicted melting temperature: [46.308128356933594]
Predicted melting temperature: [48.24617385864258]
  seed_2004 uncond                           Tm=48.10  replicas=[49.8, 46.3, 48.2]
Predicted melting temperature: [51.98603820800781]
Predicted melting temperature: [45.56806564331055]
Predicted melting temperature: [51.07197189331055]
  seed_2005 uncond                           Tm=49.54  replicas=[52.0, 45.6, 51.1]
Predicted melting temperature: [53.586692810058594]
Predicted melting temperature: [49.019752502441406]
Predicted melting temperature: [48.27557373046875]
  seed_2006 uncond                           Tm=50.29  replicas=[53.6, 49.0, 48.3]
Predicted melting temperature: [52.480140686035156]
Predicted melting temperature: [46.1158332824707]
Predicted melting temperature: [48.915042877197266]
  seed_2007 uncond                           Tm=49.17  replicas=[52.5, 46.1, 48.9]
Predicted melting temperature: [56.889732360839844]
Predicted melting temperature: [65.77737426757812]
Predicted melting temperature: [50.60975646972656]
  seed_2008 uncond                           Tm=57.76  replicas=[56.9, 65.8, 50.6]
Predicted melting temperature: [52.92449188232422]
Predicted melting temperature: [50.9947509765625]
Predicted melting temperature: [48.921024322509766]
  seed_2009 uncond                           Tm=50.95  replicas=[52.9, 51.0, 48.9]
Predicted melting temperature: [51.918663024902344]
Predicted melting temperature: [52.59227752685547]
Predicted melting temperature: [48.62303161621094]
  seed_2010 uncond                           Tm=51.04  replicas=[51.9, 52.6, 48.6]
Predicted melting temperature: [53.27727508544922]
Predicted melting temperature: [47.49305725097656]
Predicted melting temperature: [48.208045959472656]
  seed_2011 uncond                           Tm=49.66  replicas=[53.3, 47.5, 48.2]
Predicted melting temperature: [52.81150817871094]
Predicted melting temperature: [53.97909164428711]
Predicted melting temperature: [47.50201416015625]
  seed_2012 uncond                           Tm=51.43  replicas=[52.8, 54.0, 47.5]
Predicted melting temperature: [53.89024353027344]
Predicted melting temperature: [52.22418212890625]
Predicted melting temperature: [49.639156341552734]
  seed_2013 uncond                           Tm=51.92  replicas=[53.9, 52.2, 49.6]
Predicted melting temperature: [50.05048751831055]
Predicted melting temperature: [44.87226104736328]
Predicted melting temperature: [50.3494987487793]
  seed_2014 uncond                           Tm=48.42  replicas=[50.1, 44.9, 50.3]
Predicted melting temperature: [52.08837127685547]
Predicted melting temperature: [46.349761962890625]
Predicted melting temperature: [48.532569885253906]
  seed_2015 uncond                           Tm=48.99  replicas=[52.1, 46.3, 48.5]
Predicted melting temperature: [48.78108215332031]
Predicted melting temperature: [56.38228988647461]
Predicted melting temperature: [48.60420608520508]
  seed_2016 uncond                           Tm=51.26  replicas=[48.8, 56.4, 48.6]
Predicted melting temperature: [51.342140197753906]
Predicted melting temperature: [48.40612030029297]
Predicted melting temperature: [48.09474182128906]
  seed_2017 uncond                           Tm=49.28  replicas=[51.3, 48.4, 48.1]
Predicted melting temperature: [50.48486328125]
Predicted melting temperature: [47.08890151977539]
Predicted melting temperature: [48.774696350097656]
  seed_2018 uncond                           Tm=48.78  replicas=[50.5, 47.1, 48.8]
Predicted melting temperature: [50.15617752075195]
Predicted melting temperature: [46.31562042236328]
Predicted melting temperature: [48.56532669067383]
  seed_2019 uncond                           Tm=48.35  replicas=[50.2, 46.3, 48.6]
Predicted melting temperature: [51.666988372802734]
Predicted melting temperature: [49.529762268066406]
Predicted melting temperature: [48.416847229003906]
  seed_2020 uncond                           Tm=49.87  replicas=[51.7, 49.5, 48.4]
Predicted melting temperature: [52.681068420410156]
Predicted melting temperature: [62.43015670776367]
Predicted melting temperature: [47.201995849609375]
  seed_2021 uncond                           Tm=54.10  replicas=[52.7, 62.4, 47.2]
Predicted melting temperature: [49.83550262451172]
Predicted melting temperature: [45.05522155761719]
Predicted melting temperature: [46.107666015625]
  seed_2022 uncond                           Tm=47.00  replicas=[49.8, 45.1, 46.1]
Predicted melting temperature: [54.16259002685547]
Predicted melting temperature: [50.469051361083984]
Predicted melting temperature: [47.51603317260742]
  seed_2023 uncond                           Tm=50.72  replicas=[54.2, 50.5, 47.5]
Predicted melting temperature: [52.258792877197266]
Predicted melting temperature: [45.48421859741211]
Predicted melting temperature: [47.611263275146484]
  seed_2024 uncond                           Tm=48.45  replicas=[52.3, 45.5, 47.6]
Predicted melting temperature: [52.79752731323242]
Predicted melting temperature: [47.4976692199707]
Predicted melting temperature: [49.19390869140625]
  seed_2025 uncond                           Tm=49.83  replicas=[52.8, 47.5, 49.2]
Predicted melting temperature: [48.208168029785156]
Predicted melting temperature: [51.85087203979492]
Predicted melting temperature: [49.69453430175781]
  seed_2026 uncond                           Tm=49.92  replicas=[48.2, 51.9, 49.7]
Predicted melting temperature: [47.62574768066406]
Predicted melting temperature: [50.18914031982422]
Predicted melting temperature: [50.38856887817383]
  seed_2027 uncond                           Tm=49.40  replicas=[47.6, 50.2, 50.4]
Predicted melting temperature: [59.64997100830078]
Predicted melting temperature: [62.178619384765625]
Predicted melting temperature: [48.56858444213867]
  seed_2028 uncond                           Tm=56.80  replicas=[59.6, 62.2, 48.6]
Predicted melting temperature: [51.78123474121094]
Predicted melting temperature: [50.44612503051758]
Predicted melting temperature: [49.809165954589844]
  seed_2029 uncond                           Tm=50.68  replicas=[51.8, 50.4, 49.8]
  [output/tm_sol_v12_2/uncond/1AS2/seqs.fa] 已写 output/tm_sol_v12_2/uncond/1AS2/seqs.fa.tm.csv
Predicted melting temperature: [63.492103576660156]
Predicted melting temperature: [67.3486328125]
Predicted melting temperature: [67.82587432861328]
  seed_2000 uncond                           Tm=66.22  replicas=[63.5, 67.3, 67.8]
Predicted melting temperature: [62.60177230834961]
Predicted melting temperature: [69.09091186523438]
Predicted melting temperature: [61.22288513183594]
  seed_2001 uncond                           Tm=64.31  replicas=[62.6, 69.1, 61.2]
Predicted melting temperature: [56.77729034423828]
Predicted melting temperature: [70.5904769897461]
Predicted melting temperature: [54.55713653564453]
  seed_2002 uncond                           Tm=60.64  replicas=[56.8, 70.6, 54.6]
Predicted melting temperature: [52.58988952636719]
Predicted melting temperature: [56.117942810058594]
Predicted melting temperature: [53.53151321411133]
  seed_2003 uncond                           Tm=54.08  replicas=[52.6, 56.1, 53.5]
Predicted melting temperature: [57.76929473876953]
Predicted melting temperature: [72.26776123046875]
Predicted melting temperature: [55.07794952392578]
  seed_2004 uncond                           Tm=61.71  replicas=[57.8, 72.3, 55.1]
Predicted melting temperature: [61.69342041015625]
Predicted melting temperature: [77.28751373291016]
Predicted melting temperature: [56.561676025390625]
  seed_2005 uncond                           Tm=65.18  replicas=[61.7, 77.3, 56.6]
Predicted melting temperature: [51.59982681274414]
Predicted melting temperature: [70.00019836425781]
Predicted melting temperature: [57.117027282714844]
  seed_2006 uncond                           Tm=59.57  replicas=[51.6, 70.0, 57.1]
Predicted melting temperature: [51.92909240722656]
Predicted melting temperature: [68.66329956054688]
Predicted melting temperature: [55.664005279541016]
  seed_2007 uncond                           Tm=58.75  replicas=[51.9, 68.7, 55.7]
Predicted melting temperature: [55.85414123535156]
Predicted melting temperature: [70.22242736816406]
Predicted melting temperature: [53.001922607421875]
  seed_2008 uncond                           Tm=59.69  replicas=[55.9, 70.2, 53.0]
Predicted melting temperature: [57.31264114379883]
Predicted melting temperature: [66.91228485107422]
Predicted melting temperature: [56.39069747924805]
  seed_2009 uncond                           Tm=60.21  replicas=[57.3, 66.9, 56.4]
Predicted melting temperature: [62.16010665893555]
Predicted melting temperature: [73.77955627441406]
Predicted melting temperature: [53.851261138916016]
  seed_2010 uncond                           Tm=63.26  replicas=[62.2, 73.8, 53.9]
Predicted melting temperature: [59.64287567138672]
Predicted melting temperature: [71.17233276367188]
Predicted melting temperature: [54.07585906982422]
  seed_2011 uncond                           Tm=61.63  replicas=[59.6, 71.2, 54.1]
Predicted melting temperature: [62.331321716308594]
Predicted melting temperature: [70.20439147949219]
Predicted melting temperature: [60.191009521484375]
  seed_2012 uncond                           Tm=64.24  replicas=[62.3, 70.2, 60.2]
Predicted melting temperature: [57.14559555053711]
Predicted melting temperature: [64.40838623046875]
Predicted melting temperature: [66.46514129638672]
  seed_2013 uncond                           Tm=62.67  replicas=[57.1, 64.4, 66.5]
Predicted melting temperature: [56.01325988769531]
Predicted melting temperature: [71.10302734375]
Predicted melting temperature: [58.02954864501953]
  seed_2014 uncond                           Tm=61.72  replicas=[56.0, 71.1, 58.0]
Predicted melting temperature: [61.24176788330078]
Predicted melting temperature: [77.38314819335938]
Predicted melting temperature: [56.24699783325195]
  seed_2015 uncond                           Tm=64.96  replicas=[61.2, 77.4, 56.2]
Predicted melting temperature: [59.41727828979492]
Predicted melting temperature: [66.6810302734375]
Predicted melting temperature: [65.2342300415039]
  seed_2016 uncond                           Tm=63.78  replicas=[59.4, 66.7, 65.2]
Predicted melting temperature: [59.92148208618164]
Predicted melting temperature: [72.83467864990234]
Predicted melting temperature: [63.51564407348633]
  seed_2017 uncond                           Tm=65.42  replicas=[59.9, 72.8, 63.5]
Predicted melting temperature: [56.71748733520508]
Predicted melting temperature: [73.93701171875]
Predicted melting temperature: [57.91313934326172]
  seed_2018 uncond                           Tm=62.86  replicas=[56.7, 73.9, 57.9]
Predicted melting temperature: [67.24546813964844]
Predicted melting temperature: [70.93441772460938]
Predicted melting temperature: [63.483116149902344]
  seed_2019 uncond                           Tm=67.22  replicas=[67.2, 70.9, 63.5]
Predicted melting temperature: [60.98589324951172]
Predicted melting temperature: [75.3968734741211]
Predicted melting temperature: [65.61114501953125]
  seed_2020 uncond                           Tm=67.33  replicas=[61.0, 75.4, 65.6]
Predicted melting temperature: [49.13086700439453]
Predicted melting temperature: [64.57825469970703]
Predicted melting temperature: [49.71661376953125]
  seed_2021 uncond                           Tm=54.48  replicas=[49.1, 64.6, 49.7]
Predicted melting temperature: [53.857330322265625]
Predicted melting temperature: [67.88086700439453]
Predicted melting temperature: [58.93461608886719]
  seed_2022 uncond                           Tm=60.22  replicas=[53.9, 67.9, 58.9]
Predicted melting temperature: [61.673675537109375]
Predicted melting temperature: [69.23645782470703]
Predicted melting temperature: [48.7432746887207]
  seed_2023 uncond                           Tm=59.88  replicas=[61.7, 69.2, 48.7]
Predicted melting temperature: [62.700828552246094]
Predicted melting temperature: [72.40969848632812]
Predicted melting temperature: [69.02303314208984]
  seed_2024 uncond                           Tm=68.04  replicas=[62.7, 72.4, 69.0]
Predicted melting temperature: [62.37741470336914]
Predicted melting temperature: [74.0462875366211]
Predicted melting temperature: [65.6761703491211]
  seed_2025 uncond                           Tm=67.37  replicas=[62.4, 74.0, 65.7]
Predicted melting temperature: [54.90606689453125]
Predicted melting temperature: [62.88478088378906]
Predicted melting temperature: [51.88627243041992]
  seed_2026 uncond                           Tm=56.56  replicas=[54.9, 62.9, 51.9]
Predicted melting temperature: [58.21382522583008]
Predicted melting temperature: [73.14973449707031]
Predicted melting temperature: [64.45545959472656]
  seed_2027 uncond                           Tm=65.27  replicas=[58.2, 73.1, 64.5]
Predicted melting temperature: [61.6588020324707]
Predicted melting temperature: [70.49127197265625]
Predicted melting temperature: [66.9484634399414]
  seed_2028 uncond                           Tm=66.37  replicas=[61.7, 70.5, 66.9]
Predicted melting temperature: [56.958961486816406]
Predicted melting temperature: [63.05650329589844]
Predicted melting temperature: [63.418800354003906]
  seed_2029 uncond                           Tm=61.14  replicas=[57.0, 63.1, 63.4]
  [output/tm_sol_v12_2/uncond/1AXW/seqs.fa] 已写 output/tm_sol_v12_2/uncond/1AXW/seqs.fa.tm.csv
Predicted melting temperature: [52.28759002685547]
Predicted melting temperature: [56.11555480957031]
Predicted melting temperature: [50.64314270019531]
  seed_2000 uncond                           Tm=53.02  replicas=[52.3, 56.1, 50.6]
Predicted melting temperature: [54.1346435546875]
Predicted melting temperature: [53.248748779296875]
Predicted melting temperature: [53.91492462158203]
  seed_2001 uncond                           Tm=53.77  replicas=[54.1, 53.2, 53.9]
Predicted melting temperature: [54.00183868408203]
Predicted melting temperature: [53.12734603881836]
Predicted melting temperature: [52.32422637939453]
  seed_2002 uncond                           Tm=53.15  replicas=[54.0, 53.1, 52.3]
Predicted melting temperature: [53.342254638671875]
Predicted melting temperature: [53.53754806518555]
Predicted melting temperature: [55.33124542236328]
  seed_2003 uncond                           Tm=54.07  replicas=[53.3, 53.5, 55.3]
Predicted melting temperature: [54.7356071472168]
Predicted melting temperature: [51.613746643066406]
Predicted melting temperature: [54.42015838623047]
  seed_2004 uncond                           Tm=53.59  replicas=[54.7, 51.6, 54.4]
Predicted melting temperature: [53.00957107543945]
Predicted melting temperature: [54.16661834716797]
Predicted melting temperature: [45.07268524169922]
  seed_2005 uncond                           Tm=50.75  replicas=[53.0, 54.2, 45.1]
Predicted melting temperature: [57.933048248291016]
Predicted melting temperature: [54.60197448730469]
Predicted melting temperature: [56.16484069824219]
  seed_2006 uncond                           Tm=56.23  replicas=[57.9, 54.6, 56.2]
Predicted melting temperature: [55.64015197753906]
Predicted melting temperature: [56.244197845458984]
Predicted melting temperature: [55.21337890625]
  seed_2007 uncond                           Tm=55.70  replicas=[55.6, 56.2, 55.2]
Predicted melting temperature: [53.71262741088867]
Predicted melting temperature: [53.72332763671875]
Predicted melting temperature: [53.01422119140625]
  seed_2008 uncond                           Tm=53.48  replicas=[53.7, 53.7, 53.0]
Predicted melting temperature: [54.08328628540039]
Predicted melting temperature: [52.00123596191406]
Predicted melting temperature: [55.977874755859375]
  seed_2009 uncond                           Tm=54.02  replicas=[54.1, 52.0, 56.0]
Predicted melting temperature: [55.13742446899414]
Predicted melting temperature: [55.574249267578125]
Predicted melting temperature: [60.2345085144043]
  seed_2010 uncond                           Tm=56.98  replicas=[55.1, 55.6, 60.2]
Predicted melting temperature: [51.091217041015625]
Predicted melting temperature: [52.409393310546875]
Predicted melting temperature: [48.523529052734375]
  seed_2011 uncond                           Tm=50.67  replicas=[51.1, 52.4, 48.5]
Predicted melting temperature: [54.11921691894531]
Predicted melting temperature: [55.868255615234375]
Predicted melting temperature: [57.0721549987793]
  seed_2012 uncond                           Tm=55.69  replicas=[54.1, 55.9, 57.1]
Predicted melting temperature: [53.010597229003906]
Predicted melting temperature: [52.09381103515625]
Predicted melting temperature: [49.63286590576172]
  seed_2013 uncond                           Tm=51.58  replicas=[53.0, 52.1, 49.6]
Predicted melting temperature: [54.6173095703125]
Predicted melting temperature: [55.43363571166992]
Predicted melting temperature: [56.14842987060547]
  seed_2014 uncond                           Tm=55.40  replicas=[54.6, 55.4, 56.1]
Predicted melting temperature: [54.20468521118164]
Predicted melting temperature: [56.768768310546875]
Predicted melting temperature: [52.34489440917969]
  seed_2015 uncond                           Tm=54.44  replicas=[54.2, 56.8, 52.3]
Predicted melting temperature: [55.60533905029297]
Predicted melting temperature: [54.74138641357422]
Predicted melting temperature: [55.845977783203125]
  seed_2016 uncond                           Tm=55.40  replicas=[55.6, 54.7, 55.8]
Predicted melting temperature: [56.537296295166016]
Predicted melting temperature: [53.0960807800293]
Predicted melting temperature: [55.98768615722656]
  seed_2017 uncond                           Tm=55.21  replicas=[56.5, 53.1, 56.0]
Predicted melting temperature: [52.920806884765625]
Predicted melting temperature: [54.80156707763672]
Predicted melting temperature: [57.75361633300781]
  seed_2018 uncond                           Tm=55.16  replicas=[52.9, 54.8, 57.8]
Predicted melting temperature: [58.1558723449707]
Predicted melting temperature: [54.719932556152344]
Predicted melting temperature: [48.77655029296875]
  seed_2019 uncond                           Tm=53.88  replicas=[58.2, 54.7, 48.8]
Predicted melting temperature: [53.474002838134766]
Predicted melting temperature: [52.44633483886719]
Predicted melting temperature: [53.24779510498047]
  seed_2020 uncond                           Tm=53.06  replicas=[53.5, 52.4, 53.2]
Predicted melting temperature: [54.492366790771484]
Predicted melting temperature: [52.60777282714844]
Predicted melting temperature: [53.398529052734375]
  seed_2021 uncond                           Tm=53.50  replicas=[54.5, 52.6, 53.4]
Predicted melting temperature: [53.347347259521484]
Predicted melting temperature: [52.67827606201172]
Predicted melting temperature: [57.05738830566406]
  seed_2022 uncond                           Tm=54.36  replicas=[53.3, 52.7, 57.1]
Predicted melting temperature: [52.765140533447266]
Predicted melting temperature: [52.19026565551758]
Predicted melting temperature: [49.5919303894043]
  seed_2023 uncond                           Tm=51.52  replicas=[52.8, 52.2, 49.6]
Predicted melting temperature: [50.883365631103516]
Predicted melting temperature: [54.80037307739258]
Predicted melting temperature: [45.903297424316406]
  seed_2024 uncond                           Tm=50.53  replicas=[50.9, 54.8, 45.9]
Predicted melting temperature: [53.85408401489258]
Predicted melting temperature: [51.51774215698242]
Predicted melting temperature: [57.538490295410156]
  seed_2025 uncond                           Tm=54.30  replicas=[53.9, 51.5, 57.5]
Predicted melting temperature: [54.25913619995117]
Predicted melting temperature: [50.292198181152344]
Predicted melting temperature: [55.0176887512207]
  seed_2026 uncond                           Tm=53.19  replicas=[54.3, 50.3, 55.0]
Predicted melting temperature: [53.08527755737305]
Predicted melting temperature: [54.09925842285156]
Predicted melting temperature: [53.8278923034668]
  seed_2027 uncond                           Tm=53.67  replicas=[53.1, 54.1, 53.8]
Predicted melting temperature: [55.79709243774414]
Predicted melting temperature: [54.43208312988281]
Predicted melting temperature: [57.81309509277344]
  seed_2028 uncond                           Tm=56.01  replicas=[55.8, 54.4, 57.8]
Predicted melting temperature: [52.190467834472656]
Predicted melting temperature: [55.15433883666992]
Predicted melting temperature: [53.55264663696289]
  seed_2029 uncond                           Tm=53.63  replicas=[52.2, 55.2, 53.6]
  [output/tm_sol_v12_2/uncond/1AZM/seqs.fa] 已写 output/tm_sol_v12_2/uncond/1AZM/seqs.fa.tm.csv
Predicted melting temperature: [80.19306945800781]
Predicted melting temperature: [79.61842346191406]
Predicted melting temperature: [83.06717681884766]
  seed_2000 uncond                           Tm=80.96  replicas=[80.2, 79.6, 83.1]
Predicted melting temperature: [78.03577423095703]
Predicted melting temperature: [79.67188262939453]
Predicted melting temperature: [77.09217071533203]
  seed_2001 uncond                           Tm=78.27  replicas=[78.0, 79.7, 77.1]
Predicted melting temperature: [77.07098388671875]
Predicted melting temperature: [77.39497375488281]
Predicted melting temperature: [74.3891830444336]
  seed_2002 uncond                           Tm=76.29  replicas=[77.1, 77.4, 74.4]
Predicted melting temperature: [62.60624313354492]
Predicted melting temperature: [71.147216796875]
Predicted melting temperature: [60.64695739746094]
  seed_2003 uncond                           Tm=64.80  replicas=[62.6, 71.1, 60.6]
Predicted melting temperature: [79.7712631225586]
Predicted melting temperature: [78.70893859863281]
Predicted melting temperature: [75.80209350585938]
  seed_2004 uncond                           Tm=78.09  replicas=[79.8, 78.7, 75.8]
Predicted melting temperature: [77.0843734741211]
Predicted melting temperature: [78.4288330078125]
Predicted melting temperature: [77.07593536376953]
  seed_2005 uncond                           Tm=77.53  replicas=[77.1, 78.4, 77.1]
Predicted melting temperature: [71.58084869384766]
Predicted melting temperature: [75.59423828125]
Predicted melting temperature: [71.99579620361328]
  seed_2006 uncond                           Tm=73.06  replicas=[71.6, 75.6, 72.0]
Predicted melting temperature: [70.27899932861328]
Predicted melting temperature: [76.71115112304688]
Predicted melting temperature: [81.57398223876953]
  seed_2007 uncond                           Tm=76.19  replicas=[70.3, 76.7, 81.6]
Predicted melting temperature: [60.62327575683594]
Predicted melting temperature: [64.25346374511719]
Predicted melting temperature: [60.268943786621094]
  seed_2008 uncond                           Tm=61.72  replicas=[60.6, 64.3, 60.3]
Predicted melting temperature: [79.54479217529297]
Predicted melting temperature: [78.85101318359375]
Predicted melting temperature: [79.29749298095703]
  seed_2009 uncond                           Tm=79.23  replicas=[79.5, 78.9, 79.3]
Predicted melting temperature: [66.60576629638672]
Predicted melting temperature: [77.77690887451172]
Predicted melting temperature: [70.56842803955078]
  seed_2010 uncond                           Tm=71.65  replicas=[66.6, 77.8, 70.6]
Predicted melting temperature: [82.21502685546875]
Predicted melting temperature: [80.00736236572266]
Predicted melting temperature: [76.96895599365234]
  seed_2011 uncond                           Tm=79.73  replicas=[82.2, 80.0, 77.0]
Predicted melting temperature: [82.89544677734375]
Predicted melting temperature: [78.82859802246094]
Predicted melting temperature: [78.43023681640625]
  seed_2012 uncond                           Tm=80.05  replicas=[82.9, 78.8, 78.4]
Predicted melting temperature: [81.10708618164062]
Predicted melting temperature: [80.71720123291016]
Predicted melting temperature: [77.71512603759766]
  seed_2013 uncond                           Tm=79.85  replicas=[81.1, 80.7, 77.7]
Predicted melting temperature: [77.14613342285156]
Predicted melting temperature: [77.83145904541016]
Predicted melting temperature: [69.59117889404297]
  seed_2014 uncond                           Tm=74.86  replicas=[77.1, 77.8, 69.6]
Predicted melting temperature: [82.47685241699219]
Predicted melting temperature: [79.35157012939453]
Predicted melting temperature: [82.8401107788086]
  seed_2015 uncond                           Tm=81.56  replicas=[82.5, 79.4, 82.8]
Predicted melting temperature: [77.47061920166016]
Predicted melting temperature: [78.03711700439453]
Predicted melting temperature: [66.09720611572266]
  seed_2016 uncond                           Tm=73.87  replicas=[77.5, 78.0, 66.1]
Predicted melting temperature: [77.03234100341797]
Predicted melting temperature: [78.5639877319336]
Predicted melting temperature: [81.89485931396484]
  seed_2017 uncond                           Tm=79.16  replicas=[77.0, 78.6, 81.9]
Predicted melting temperature: [67.64906311035156]
Predicted melting temperature: [73.27970886230469]
Predicted melting temperature: [64.19075775146484]
  seed_2018 uncond                           Tm=68.37  replicas=[67.6, 73.3, 64.2]
Predicted melting temperature: [63.73640060424805]
Predicted melting temperature: [58.795684814453125]
Predicted melting temperature: [54.82676696777344]
  seed_2019 uncond                           Tm=59.12  replicas=[63.7, 58.8, 54.8]
Predicted melting temperature: [76.59046936035156]
Predicted melting temperature: [78.00914001464844]
Predicted melting temperature: [78.5821304321289]
  seed_2020 uncond                           Tm=77.73  replicas=[76.6, 78.0, 78.6]
Predicted melting temperature: [84.14263916015625]
Predicted melting temperature: [80.96141815185547]
Predicted melting temperature: [83.13121032714844]
  seed_2021 uncond                           Tm=82.75  replicas=[84.1, 81.0, 83.1]
Predicted melting temperature: [82.60916137695312]
Predicted melting temperature: [79.96186828613281]
Predicted melting temperature: [83.36136627197266]
  seed_2022 uncond                           Tm=81.98  replicas=[82.6, 80.0, 83.4]
Predicted melting temperature: [60.09248352050781]
Predicted melting temperature: [71.54666137695312]
Predicted melting temperature: [62.85708236694336]
  seed_2023 uncond                           Tm=64.83  replicas=[60.1, 71.5, 62.9]
Predicted melting temperature: [71.58905792236328]
Predicted melting temperature: [77.470458984375]
Predicted melting temperature: [72.83531951904297]
  seed_2024 uncond                           Tm=73.96  replicas=[71.6, 77.5, 72.8]
Predicted melting temperature: [81.5777587890625]
Predicted melting temperature: [80.35994720458984]
Predicted melting temperature: [84.2393569946289]
  seed_2025 uncond                           Tm=82.06  replicas=[81.6, 80.4, 84.2]
Predicted melting temperature: [75.37069702148438]
Predicted melting temperature: [77.71673583984375]
Predicted melting temperature: [75.20114135742188]
  seed_2026 uncond                           Tm=76.10  replicas=[75.4, 77.7, 75.2]
Predicted melting temperature: [78.37026977539062]
Predicted melting temperature: [78.23402404785156]
Predicted melting temperature: [72.9176254272461]
  seed_2027 uncond                           Tm=76.51  replicas=[78.4, 78.2, 72.9]
Predicted melting temperature: [79.29026794433594]
Predicted melting temperature: [78.31916046142578]
Predicted melting temperature: [74.21253204345703]
  seed_2028 uncond                           Tm=77.27  replicas=[79.3, 78.3, 74.2]
Predicted melting temperature: [75.86695098876953]
Predicted melting temperature: [79.48490142822266]
Predicted melting temperature: [78.79764556884766]
  seed_2029 uncond                           Tm=78.05  replicas=[75.9, 79.5, 78.8]
  [output/tm_sol_v12_2/uncond/1BJ4/seqs.fa] 已写 output/tm_sol_v12_2/uncond/1BJ4/seqs.fa.tm.csv
Predicted melting temperature: [66.63296508789062]
Predicted melting temperature: [64.38790893554688]
Predicted melting temperature: [60.75301742553711]
  seed_2000 uncond                           Tm=63.92  replicas=[66.6, 64.4, 60.8]
Predicted melting temperature: [62.55295181274414]
Predicted melting temperature: [67.83317565917969]
Predicted melting temperature: [56.6827507019043]
  seed_2001 uncond                           Tm=62.36  replicas=[62.6, 67.8, 56.7]
Predicted melting temperature: [63.30263137817383]
Predicted melting temperature: [63.648441314697266]
Predicted melting temperature: [56.046199798583984]
  seed_2002 uncond                           Tm=61.00  replicas=[63.3, 63.6, 56.0]
Predicted melting temperature: [64.80892944335938]
Predicted melting temperature: [64.04712677001953]
Predicted melting temperature: [63.984615325927734]
  seed_2003 uncond                           Tm=64.28  replicas=[64.8, 64.0, 64.0]
Predicted melting temperature: [70.65325164794922]
Predicted melting temperature: [77.3309326171875]
Predicted melting temperature: [80.59233856201172]
  seed_2004 uncond                           Tm=76.19  replicas=[70.7, 77.3, 80.6]
Predicted melting temperature: [64.55027770996094]
Predicted melting temperature: [66.71758270263672]
Predicted melting temperature: [58.832679748535156]
  seed_2005 uncond                           Tm=63.37  replicas=[64.6, 66.7, 58.8]
Predicted melting temperature: [62.779701232910156]
Predicted melting temperature: [75.43209075927734]
Predicted melting temperature: [62.81990051269531]
  seed_2006 uncond                           Tm=67.01  replicas=[62.8, 75.4, 62.8]
Predicted melting temperature: [65.88143920898438]
Predicted melting temperature: [62.86201477050781]
Predicted melting temperature: [55.237876892089844]
  seed_2007 uncond                           Tm=61.33  replicas=[65.9, 62.9, 55.2]
Predicted melting temperature: [58.357765197753906]
Predicted melting temperature: [67.70793151855469]
Predicted melting temperature: [62.90391540527344]
  seed_2008 uncond                           Tm=62.99  replicas=[58.4, 67.7, 62.9]
Predicted melting temperature: [63.29605484008789]
Predicted melting temperature: [66.97130584716797]
Predicted melting temperature: [62.015323638916016]
  seed_2009 uncond                           Tm=64.09  replicas=[63.3, 67.0, 62.0]
Predicted melting temperature: [64.41283416748047]
Predicted melting temperature: [65.52552032470703]
Predicted melting temperature: [64.14094543457031]
  seed_2010 uncond                           Tm=64.69  replicas=[64.4, 65.5, 64.1]
Predicted melting temperature: [69.98848724365234]
Predicted melting temperature: [63.608909606933594]
Predicted melting temperature: [57.598480224609375]
  seed_2011 uncond                           Tm=63.73  replicas=[70.0, 63.6, 57.6]
Predicted melting temperature: [66.23990631103516]
Predicted melting temperature: [69.41048431396484]
Predicted melting temperature: [71.68317413330078]
  seed_2012 uncond                           Tm=69.11  replicas=[66.2, 69.4, 71.7]
Predicted melting temperature: [69.16966247558594]
Predicted melting temperature: [68.09938049316406]
Predicted melting temperature: [54.38435363769531]
  seed_2013 uncond                           Tm=63.88  replicas=[69.2, 68.1, 54.4]
Predicted melting temperature: [71.87398529052734]
Predicted melting temperature: [77.21528625488281]
Predicted melting temperature: [82.87104034423828]
  seed_2014 uncond                           Tm=77.32  replicas=[71.9, 77.2, 82.9]
Predicted melting temperature: [66.89668273925781]
Predicted melting temperature: [72.83597564697266]
Predicted melting temperature: [74.77442932128906]
  seed_2015 uncond                           Tm=71.50  replicas=[66.9, 72.8, 74.8]
Predicted melting temperature: [68.5032958984375]
Predicted melting temperature: [73.56982421875]
Predicted melting temperature: [68.37117767333984]
  seed_2016 uncond                           Tm=70.15  replicas=[68.5, 73.6, 68.4]
Predicted melting temperature: [62.833438873291016]
Predicted melting temperature: [72.68008422851562]
Predicted melting temperature: [62.74394226074219]
  seed_2017 uncond                           Tm=66.09  replicas=[62.8, 72.7, 62.7]
Predicted melting temperature: [63.073307037353516]
Predicted melting temperature: [61.60289764404297]
Predicted melting temperature: [59.71295928955078]
  seed_2018 uncond                           Tm=61.46  replicas=[63.1, 61.6, 59.7]
Predicted melting temperature: [61.47290802001953]
Predicted melting temperature: [61.13184356689453]
Predicted melting temperature: [57.01714324951172]
  seed_2019 uncond                           Tm=59.87  replicas=[61.5, 61.1, 57.0]
Predicted melting temperature: [62.80582809448242]
Predicted melting temperature: [64.41329956054688]
Predicted melting temperature: [61.81391906738281]
  seed_2020 uncond                           Tm=63.01  replicas=[62.8, 64.4, 61.8]
Predicted melting temperature: [75.53810119628906]
Predicted melting temperature: [72.84098052978516]
Predicted melting temperature: [60.36790084838867]
  seed_2021 uncond                           Tm=69.58  replicas=[75.5, 72.8, 60.4]
Predicted melting temperature: [74.6204605102539]
Predicted melting temperature: [75.6427993774414]
Predicted melting temperature: [74.68999481201172]
  seed_2022 uncond                           Tm=74.98  replicas=[74.6, 75.6, 74.7]
Predicted melting temperature: [58.39128494262695]
Predicted melting temperature: [66.3138427734375]
Predicted melting temperature: [56.08671569824219]
  seed_2023 uncond                           Tm=60.26  replicas=[58.4, 66.3, 56.1]
Predicted melting temperature: [70.74678039550781]
Predicted melting temperature: [76.41681671142578]
Predicted melting temperature: [73.10964965820312]
  seed_2024 uncond                           Tm=73.42  replicas=[70.7, 76.4, 73.1]
Predicted melting temperature: [70.71815490722656]
Predicted melting temperature: [75.01846313476562]
Predicted melting temperature: [71.92060089111328]
  seed_2025 uncond                           Tm=72.55  replicas=[70.7, 75.0, 71.9]
Predicted melting temperature: [61.630619049072266]
Predicted melting temperature: [75.20297241210938]
Predicted melting temperature: [55.95383071899414]
  seed_2026 uncond                           Tm=64.26  replicas=[61.6, 75.2, 56.0]
Predicted melting temperature: [75.21781921386719]
Predicted melting temperature: [76.1150131225586]
Predicted melting temperature: [63.333534240722656]
  seed_2027 uncond                           Tm=71.56  replicas=[75.2, 76.1, 63.3]
Predicted melting temperature: [76.29634094238281]
Predicted melting temperature: [76.89126586914062]
Predicted melting temperature: [77.71712493896484]
  seed_2028 uncond                           Tm=76.97  replicas=[76.3, 76.9, 77.7]
Predicted melting temperature: [62.940185546875]
Predicted melting temperature: [72.31826782226562]
Predicted melting temperature: [65.95137023925781]
  seed_2029 uncond                           Tm=67.07  replicas=[62.9, 72.3, 66.0]
  [output/tm_sol_v12_2/uncond/1C6O/seqs.fa] 已写 output/tm_sol_v12_2/uncond/1C6O/seqs.fa.tm.csv
Predicted melting temperature: [72.88639068603516]
Predicted melting temperature: [74.40664672851562]
Predicted melting temperature: [71.69884490966797]
  seed_2000 uncond                           Tm=73.00  replicas=[72.9, 74.4, 71.7]
Predicted melting temperature: [61.50661087036133]
Predicted melting temperature: [70.09628295898438]
Predicted melting temperature: [55.82170104980469]
  seed_2001 uncond                           Tm=62.47  replicas=[61.5, 70.1, 55.8]
Predicted melting temperature: [61.401390075683594]
Predicted melting temperature: [69.74134826660156]
Predicted melting temperature: [51.6546630859375]
  seed_2002 uncond                           Tm=60.93  replicas=[61.4, 69.7, 51.7]
Predicted melting temperature: [70.25887298583984]
Predicted melting temperature: [70.78609466552734]
Predicted melting temperature: [53.978729248046875]
  seed_2003 uncond                           Tm=65.01  replicas=[70.3, 70.8, 54.0]
Predicted melting temperature: [66.3222885131836]
Predicted melting temperature: [69.42875671386719]
Predicted melting temperature: [53.63512420654297]
  seed_2004 uncond                           Tm=63.13  replicas=[66.3, 69.4, 53.6]
Predicted melting temperature: [68.13304138183594]
Predicted melting temperature: [70.93392944335938]
Predicted melting temperature: [55.046627044677734]
  seed_2005 uncond                           Tm=64.70  replicas=[68.1, 70.9, 55.0]
Predicted melting temperature: [70.89452362060547]
Predicted melting temperature: [73.18962860107422]
Predicted melting temperature: [66.87728118896484]
  seed_2006 uncond                           Tm=70.32  replicas=[70.9, 73.2, 66.9]
Predicted melting temperature: [70.05389404296875]
Predicted melting temperature: [74.99903106689453]
Predicted melting temperature: [58.42897033691406]
  seed_2007 uncond                           Tm=67.83  replicas=[70.1, 75.0, 58.4]
Predicted melting temperature: [67.76638793945312]
Predicted melting temperature: [71.10986328125]
Predicted melting temperature: [57.019691467285156]
  seed_2008 uncond                           Tm=65.30  replicas=[67.8, 71.1, 57.0]
Predicted melting temperature: [71.85973358154297]
Predicted melting temperature: [74.12805938720703]
Predicted melting temperature: [64.82098388671875]
  seed_2009 uncond                           Tm=70.27  replicas=[71.9, 74.1, 64.8]
Predicted melting temperature: [71.8394775390625]
Predicted melting temperature: [72.52105712890625]
Predicted melting temperature: [65.28997039794922]
  seed_2010 uncond                           Tm=69.88  replicas=[71.8, 72.5, 65.3]
Predicted melting temperature: [65.04708862304688]
Predicted melting temperature: [68.95590209960938]
Predicted melting temperature: [51.14470672607422]
  seed_2011 uncond                           Tm=61.72  replicas=[65.0, 69.0, 51.1]
Predicted melting temperature: [73.64118957519531]
Predicted melting temperature: [75.75752258300781]
Predicted melting temperature: [73.02074432373047]
  seed_2012 uncond                           Tm=74.14  replicas=[73.6, 75.8, 73.0]
Predicted melting temperature: [65.42050170898438]
Predicted melting temperature: [71.668701171875]
Predicted melting temperature: [52.54883575439453]
  seed_2013 uncond                           Tm=63.21  replicas=[65.4, 71.7, 52.5]
Predicted melting temperature: [69.15818786621094]
Predicted melting temperature: [72.69017028808594]
Predicted melting temperature: [55.45854568481445]
  seed_2014 uncond                           Tm=65.77  replicas=[69.2, 72.7, 55.5]
Predicted melting temperature: [65.8725357055664]
Predicted melting temperature: [69.26226806640625]
Predicted melting temperature: [55.19390869140625]
  seed_2015 uncond                           Tm=63.44  replicas=[65.9, 69.3, 55.2]
Predicted melting temperature: [63.60356521606445]
Predicted melting temperature: [70.04743957519531]
Predicted melting temperature: [51.62763214111328]
  seed_2016 uncond                           Tm=61.76  replicas=[63.6, 70.0, 51.6]
Predicted melting temperature: [69.64269256591797]
Predicted melting temperature: [73.00911712646484]
Predicted melting temperature: [57.603546142578125]
  seed_2017 uncond                           Tm=66.75  replicas=[69.6, 73.0, 57.6]
Predicted melting temperature: [66.52632904052734]
Predicted melting temperature: [70.4937744140625]
Predicted melting temperature: [59.00249099731445]
  seed_2018 uncond                           Tm=65.34  replicas=[66.5, 70.5, 59.0]
Predicted melting temperature: [70.78656768798828]
Predicted melting temperature: [70.74726104736328]
Predicted melting temperature: [52.414485931396484]
  seed_2019 uncond                           Tm=64.65  replicas=[70.8, 70.7, 52.4]
Predicted melting temperature: [69.14347839355469]
Predicted melting temperature: [72.71826934814453]
Predicted melting temperature: [54.325340270996094]
  seed_2020 uncond                           Tm=65.40  replicas=[69.1, 72.7, 54.3]
Predicted melting temperature: [73.1984634399414]
Predicted melting temperature: [77.23457336425781]
Predicted melting temperature: [67.38207244873047]
  seed_2021 uncond                           Tm=72.61  replicas=[73.2, 77.2, 67.4]
Predicted melting temperature: [68.74636840820312]
Predicted melting temperature: [72.25141906738281]
Predicted melting temperature: [53.7060546875]
  seed_2022 uncond                           Tm=64.90  replicas=[68.7, 72.3, 53.7]
Predicted melting temperature: [74.11968231201172]
Predicted melting temperature: [74.19190216064453]
Predicted melting temperature: [70.39664459228516]
  seed_2023 uncond                           Tm=72.90  replicas=[74.1, 74.2, 70.4]
Predicted melting temperature: [74.09444427490234]
Predicted melting temperature: [75.78313446044922]
Predicted melting temperature: [68.25479888916016]
  seed_2024 uncond                           Tm=72.71  replicas=[74.1, 75.8, 68.3]
Predicted melting temperature: [67.77467346191406]
Predicted melting temperature: [69.05475616455078]
Predicted melting temperature: [53.71345520019531]
  seed_2025 uncond                           Tm=63.51  replicas=[67.8, 69.1, 53.7]
Predicted melting temperature: [64.1763916015625]
Predicted melting temperature: [69.32971954345703]
Predicted melting temperature: [51.963706970214844]
  seed_2026 uncond                           Tm=61.82  replicas=[64.2, 69.3, 52.0]
Predicted melting temperature: [67.13139343261719]
Predicted melting temperature: [72.00773620605469]
Predicted melting temperature: [54.527099609375]
  seed_2027 uncond                           Tm=64.56  replicas=[67.1, 72.0, 54.5]
Predicted melting temperature: [70.42249298095703]
Predicted melting temperature: [69.02404022216797]
Predicted melting temperature: [54.574588775634766]
  seed_2028 uncond                           Tm=64.67  replicas=[70.4, 69.0, 54.6]
Predicted melting temperature: [64.28079223632812]
Predicted melting temperature: [67.45967102050781]
Predicted melting temperature: [52.53886795043945]
  seed_2029 uncond                           Tm=61.43  replicas=[64.3, 67.5, 52.5]
  [output/tm_sol_v12_2/uncond/1CGE/seqs.fa] 已写 output/tm_sol_v12_2/uncond/1CGE/seqs.fa.tm.csv
Predicted melting temperature: [75.93370056152344]
Predicted melting temperature: [75.71736145019531]
Predicted melting temperature: [74.13169860839844]
  seed_2000 uncond                           Tm=75.26  replicas=[75.9, 75.7, 74.1]
Predicted melting temperature: [75.29402923583984]
Predicted melting temperature: [74.59580993652344]
Predicted melting temperature: [73.09591674804688]
  seed_2001 uncond                           Tm=74.33  replicas=[75.3, 74.6, 73.1]
Predicted melting temperature: [67.30284881591797]
Predicted melting temperature: [71.59748077392578]
Predicted melting temperature: [63.13018035888672]
  seed_2002 uncond                           Tm=67.34  replicas=[67.3, 71.6, 63.1]
Predicted melting temperature: [52.803279876708984]
Predicted melting temperature: [55.429683685302734]
Predicted melting temperature: [51.19650650024414]
  seed_2003 uncond                           Tm=53.14  replicas=[52.8, 55.4, 51.2]
Predicted melting temperature: [55.237064361572266]
Predicted melting temperature: [53.509300231933594]
Predicted melting temperature: [54.98273849487305]
  seed_2004 uncond                           Tm=54.58  replicas=[55.2, 53.5, 55.0]
Predicted melting temperature: [78.32102966308594]
Predicted melting temperature: [75.97804260253906]
Predicted melting temperature: [74.63955688476562]
  seed_2005 uncond                           Tm=76.31  replicas=[78.3, 76.0, 74.6]
Predicted melting temperature: [48.56920623779297]
Predicted melting temperature: [63.71070098876953]
Predicted melting temperature: [47.79853820800781]
  seed_2006 uncond                           Tm=53.36  replicas=[48.6, 63.7, 47.8]
Predicted melting temperature: [69.39710998535156]
Predicted melting temperature: [74.79112243652344]
Predicted melting temperature: [67.63091278076172]
  seed_2007 uncond                           Tm=70.61  replicas=[69.4, 74.8, 67.6]
Predicted melting temperature: [54.08192825317383]
Predicted melting temperature: [67.52288818359375]
Predicted melting temperature: [55.853614807128906]
  seed_2008 uncond                           Tm=59.15  replicas=[54.1, 67.5, 55.9]
Predicted melting temperature: [68.8430404663086]
Predicted melting temperature: [74.18213653564453]
Predicted melting temperature: [73.63758087158203]
  seed_2009 uncond                           Tm=72.22  replicas=[68.8, 74.2, 73.6]
Predicted melting temperature: [55.07369613647461]
Predicted melting temperature: [70.43091583251953]
Predicted melting temperature: [59.620967864990234]
  seed_2010 uncond                           Tm=61.71  replicas=[55.1, 70.4, 59.6]
Predicted melting temperature: [53.12580490112305]
Predicted melting temperature: [59.84136962890625]
Predicted melting temperature: [56.05519104003906]
  seed_2011 uncond                           Tm=56.34  replicas=[53.1, 59.8, 56.1]
Predicted melting temperature: [54.38514709472656]
Predicted melting temperature: [69.8536605834961]
Predicted melting temperature: [66.25836944580078]
  seed_2012 uncond                           Tm=63.50  replicas=[54.4, 69.9, 66.3]
Predicted melting temperature: [51.71703338623047]
Predicted melting temperature: [65.05812072753906]
Predicted melting temperature: [50.98143005371094]
  seed_2013 uncond                           Tm=55.92  replicas=[51.7, 65.1, 51.0]
Predicted melting temperature: [50.594669342041016]
Predicted melting temperature: [70.2986831665039]
Predicted melting temperature: [48.865543365478516]
  seed_2014 uncond                           Tm=56.59  replicas=[50.6, 70.3, 48.9]
Predicted melting temperature: [76.20948028564453]
Predicted melting temperature: [75.25770568847656]
Predicted melting temperature: [74.69976043701172]
  seed_2015 uncond                           Tm=75.39  replicas=[76.2, 75.3, 74.7]
Predicted melting temperature: [74.6899185180664]
Predicted melting temperature: [75.59028625488281]
Predicted melting temperature: [77.00993347167969]
  seed_2016 uncond                           Tm=75.76  replicas=[74.7, 75.6, 77.0]
Predicted melting temperature: [46.8992805480957]
Predicted melting temperature: [49.29663848876953]
Predicted melting temperature: [45.81683349609375]
  seed_2017 uncond                           Tm=47.34  replicas=[46.9, 49.3, 45.8]
Predicted melting temperature: [67.22080993652344]
Predicted melting temperature: [71.84164428710938]
Predicted melting temperature: [64.7477035522461]
  seed_2018 uncond                           Tm=67.94  replicas=[67.2, 71.8, 64.7]
Predicted melting temperature: [71.81207275390625]
Predicted melting temperature: [74.52780151367188]
Predicted melting temperature: [71.3593978881836]
  seed_2019 uncond                           Tm=72.57  replicas=[71.8, 74.5, 71.4]
Predicted melting temperature: [78.61083221435547]
Predicted melting temperature: [76.22578430175781]
Predicted melting temperature: [75.83643341064453]
  seed_2020 uncond                           Tm=76.89  replicas=[78.6, 76.2, 75.8]
Predicted melting temperature: [62.35234069824219]
Predicted melting temperature: [73.21902465820312]
Predicted melting temperature: [58.19102478027344]
  seed_2021 uncond                           Tm=64.59  replicas=[62.4, 73.2, 58.2]
Predicted melting temperature: [76.29857635498047]
Predicted melting temperature: [76.17485046386719]
Predicted melting temperature: [76.41741943359375]
  seed_2022 uncond                           Tm=76.30  replicas=[76.3, 76.2, 76.4]
Predicted melting temperature: [54.86629867553711]
Predicted melting temperature: [52.653717041015625]
Predicted melting temperature: [56.60649871826172]
  seed_2023 uncond                           Tm=54.71  replicas=[54.9, 52.7, 56.6]
Predicted melting temperature: [72.9697265625]
Predicted melting temperature: [76.26077270507812]
Predicted melting temperature: [74.4157943725586]
  seed_2024 uncond                           Tm=74.55  replicas=[73.0, 76.3, 74.4]
Predicted melting temperature: [59.84302520751953]
Predicted melting temperature: [57.423606872558594]
Predicted melting temperature: [58.480064392089844]
  seed_2025 uncond                           Tm=58.58  replicas=[59.8, 57.4, 58.5]
Predicted melting temperature: [73.88835906982422]
Predicted melting temperature: [75.75668334960938]
Predicted melting temperature: [73.34455108642578]
  seed_2026 uncond                           Tm=74.33  replicas=[73.9, 75.8, 73.3]
Predicted melting temperature: [77.64167785644531]
Predicted melting temperature: [76.17407989501953]
Predicted melting temperature: [76.1256332397461]
  seed_2027 uncond                           Tm=76.65  replicas=[77.6, 76.2, 76.1]
Predicted melting temperature: [50.22332763671875]
Predicted melting temperature: [67.14692687988281]
Predicted melting temperature: [65.81700897216797]
  seed_2028 uncond                           Tm=61.06  replicas=[50.2, 67.1, 65.8]
Predicted melting temperature: [79.07571411132812]
Predicted melting temperature: [77.32310485839844]
Predicted melting temperature: [77.69623565673828]
  seed_2029 uncond                           Tm=78.03  replicas=[79.1, 77.3, 77.7]
  [output/tm_sol_v12_2/uncond/2FEO/seqs.fa] 已写 output/tm_sol_v12_2/uncond/2FEO/seqs.fa.tm.csv
Predicted melting temperature: [66.55364990234375]
Predicted melting temperature: [67.75892639160156]
Predicted melting temperature: [58.101318359375]
  seed_2000 uncond                           Tm=64.14  replicas=[66.6, 67.8, 58.1]
Predicted melting temperature: [53.12040328979492]
Predicted melting temperature: [60.251712799072266]
Predicted melting temperature: [52.31977081298828]
  seed_2001 uncond                           Tm=55.23  replicas=[53.1, 60.3, 52.3]
Predicted melting temperature: [52.721458435058594]
Predicted melting temperature: [53.220455169677734]
Predicted melting temperature: [53.27532196044922]
  seed_2002 uncond                           Tm=53.07  replicas=[52.7, 53.2, 53.3]
Predicted melting temperature: [52.97643280029297]
Predicted melting temperature: [62.48390579223633]
Predicted melting temperature: [50.42473220825195]
  seed_2003 uncond                           Tm=55.30  replicas=[53.0, 62.5, 50.4]
Predicted melting temperature: [50.15401840209961]
Predicted melting temperature: [66.49050903320312]
Predicted melting temperature: [52.147071838378906]
  seed_2004 uncond                           Tm=56.26  replicas=[50.2, 66.5, 52.1]
Predicted melting temperature: [51.85091018676758]
Predicted melting temperature: [72.1346435546875]
Predicted melting temperature: [48.55849075317383]
  seed_2005 uncond                           Tm=57.51  replicas=[51.9, 72.1, 48.6]
Predicted melting temperature: [52.20883560180664]
Predicted melting temperature: [46.39191436767578]
Predicted melting temperature: [46.82429122924805]
  seed_2006 uncond                           Tm=48.48  replicas=[52.2, 46.4, 46.8]
Predicted melting temperature: [58.797088623046875]
Predicted melting temperature: [63.78620910644531]
Predicted melting temperature: [51.345664978027344]
  seed_2007 uncond                           Tm=57.98  replicas=[58.8, 63.8, 51.3]
Predicted melting temperature: [55.28518295288086]
Predicted melting temperature: [64.33576965332031]
Predicted melting temperature: [51.05502700805664]
  seed_2008 uncond                           Tm=56.89  replicas=[55.3, 64.3, 51.1]
Predicted melting temperature: [46.723262786865234]
Predicted melting temperature: [45.37077331542969]
Predicted melting temperature: [48.884498596191406]
  seed_2009 uncond                           Tm=46.99  replicas=[46.7, 45.4, 48.9]
Predicted melting temperature: [60.931129455566406]
Predicted melting temperature: [70.46644592285156]
Predicted melting temperature: [55.67912673950195]
  seed_2010 uncond                           Tm=62.36  replicas=[60.9, 70.5, 55.7]
Predicted melting temperature: [52.42311096191406]
Predicted melting temperature: [50.735687255859375]
Predicted melting temperature: [54.65637969970703]
  seed_2011 uncond                           Tm=52.61  replicas=[52.4, 50.7, 54.7]
Predicted melting temperature: [53.25782012939453]
Predicted melting temperature: [56.07659149169922]
Predicted melting temperature: [52.34705352783203]
  seed_2012 uncond                           Tm=53.89  replicas=[53.3, 56.1, 52.3]
Predicted melting temperature: [56.44467544555664]
Predicted melting temperature: [73.33796691894531]
Predicted melting temperature: [50.43198013305664]
  seed_2013 uncond                           Tm=60.07  replicas=[56.4, 73.3, 50.4]
Predicted melting temperature: [68.93407440185547]
Predicted melting temperature: [74.18473815917969]
Predicted melting temperature: [62.03015899658203]
  seed_2014 uncond                           Tm=68.38  replicas=[68.9, 74.2, 62.0]
Predicted melting temperature: [63.267520904541016]
Predicted melting temperature: [71.72551727294922]
Predicted melting temperature: [52.083351135253906]
  seed_2015 uncond                           Tm=62.36  replicas=[63.3, 71.7, 52.1]
Predicted melting temperature: [52.41591262817383]
Predicted melting temperature: [49.09844970703125]
Predicted melting temperature: [50.99421691894531]
  seed_2016 uncond                           Tm=50.84  replicas=[52.4, 49.1, 51.0]
Predicted melting temperature: [65.83280181884766]
Predicted melting temperature: [77.27043151855469]
Predicted melting temperature: [58.20079803466797]
  seed_2017 uncond                           Tm=67.10  replicas=[65.8, 77.3, 58.2]
Predicted melting temperature: [50.55973815917969]
Predicted melting temperature: [49.06019592285156]
Predicted melting temperature: [50.084503173828125]
  seed_2018 uncond                           Tm=49.90  replicas=[50.6, 49.1, 50.1]
Predicted melting temperature: [63.534629821777344]
Predicted melting temperature: [77.77976989746094]
Predicted melting temperature: [61.0626220703125]
  seed_2019 uncond                           Tm=67.46  replicas=[63.5, 77.8, 61.1]
Predicted melting temperature: [49.25707244873047]
Predicted melting temperature: [70.66913604736328]
Predicted melting temperature: [50.362762451171875]
  seed_2020 uncond                           Tm=56.76  replicas=[49.3, 70.7, 50.4]
Predicted melting temperature: [70.15724182128906]
Predicted melting temperature: [78.28982543945312]
Predicted melting temperature: [72.90966033935547]
  seed_2021 uncond                           Tm=73.79  replicas=[70.2, 78.3, 72.9]
Predicted melting temperature: [51.57371520996094]
Predicted melting temperature: [52.34315872192383]
Predicted melting temperature: [48.89442825317383]
  seed_2022 uncond                           Tm=50.94  replicas=[51.6, 52.3, 48.9]
Predicted melting temperature: [59.005455017089844]
Predicted melting temperature: [73.03501892089844]
Predicted melting temperature: [47.73442840576172]
  seed_2023 uncond                           Tm=59.92  replicas=[59.0, 73.0, 47.7]
Predicted melting temperature: [60.66651916503906]
Predicted melting temperature: [59.58972930908203]
Predicted melting temperature: [48.09990692138672]
  seed_2024 uncond                           Tm=56.12  replicas=[60.7, 59.6, 48.1]
Predicted melting temperature: [48.85950469970703]
Predicted melting temperature: [52.40353012084961]
Predicted melting temperature: [48.62061309814453]
  seed_2025 uncond                           Tm=49.96  replicas=[48.9, 52.4, 48.6]
Predicted melting temperature: [51.149600982666016]
Predicted melting temperature: [51.00395965576172]
Predicted melting temperature: [51.41184997558594]
  seed_2026 uncond                           Tm=51.19  replicas=[51.1, 51.0, 51.4]
Predicted melting temperature: [75.07347106933594]
Predicted melting temperature: [79.23319244384766]
Predicted melting temperature: [70.55038452148438]
  seed_2027 uncond                           Tm=74.95  replicas=[75.1, 79.2, 70.6]
Predicted melting temperature: [53.95034408569336]
Predicted melting temperature: [50.78473663330078]
Predicted melting temperature: [46.67487335205078]
  seed_2028 uncond                           Tm=50.47  replicas=[54.0, 50.8, 46.7]
Predicted melting temperature: [50.22210693359375]
Predicted melting temperature: [50.66087341308594]
Predicted melting temperature: [49.41691589355469]
  seed_2029 uncond                           Tm=50.10  replicas=[50.2, 50.7, 49.4]
  [output/tm_sol_v12_2/uncond/5CQH/seqs.fa] 已写 output/tm_sol_v12_2/uncond/5CQH/seqs.fa.tm.csv
