/home/baokun_yu/miniconda3/envs/confumpnn-temberture/lib/python3.10/site-packages/transformers/utils/generic.py:441: FutureWarning: `torch.utils._pytree._register_pytree_node` is deprecated. Please use `torch.utils._pytree.register_pytree_node` instead.
  _torch_pytree._register_pytree_node(
/home/baokun_yu/miniconda3/envs/confumpnn-temberture/lib/python3.10/site-packages/transformers/utils/generic.py:309: FutureWarning: `torch.utils._pytree._register_pytree_node` is deprecated. Please use `torch.utils._pytree.register_pytree_node` instead.
  _torch_pytree._register_pytree_node(

  0%|          | 0/1 [00:00<?, ?it/s]
100%|██████████| 1/1 [00:03<00:00,  3.29s/it]
100%|██████████| 1/1 [00:03<00:00,  3.29s/it]

  0%|          | 0/1 [00:00<?, ?it/s]
100%|██████████| 1/1 [00:00<00:00,  2.47it/s]
100%|██████████| 1/1 [00:00<00:00,  2.47it/s]

  0%|          | 0/1 [00:00<?, ?it/s]
100%|██████████| 1/1 [00:00<00:00,  2.55it/s]
100%|██████████| 1/1 [00:00<00:00,  2.55it/s]

  0%|          | 0/1 [00:00<?, ?it/s]
100%|██████████| 1/1 [00:00<00:00,  2.46it/s]
100%|██████████| 1/1 [00:00<00:00,  2.46it/s]

  0%|          | 0/1 [00:00<?, ?it/s]
100%|██████████| 1/1 [00:00<00:00,  2.53it/s]
100%|██████████| 1/1 [00:00<00:00,  2.52it/s]

  0%|          | 0/1 [00:00<?, ?it/s]
100%|██████████| 1/1 [00:00<00:00,  2.90it/s]
100%|██████████| 1/1 [00:00<00:00,  2.89it/s]

  0%|          | 0/1 [00:00<?, ?it/s]
100%|██████████| 1/1 [00:00<00:00,  3.06it/s]
100%|██████████| 1/1 [00:00<00:00,  3.05it/s]

  0%|          | 0/1 [00:00<?, ?it/s]
100%|██████████| 1/1 [00:00<00:00,  3.18it/s]
100%|██████████| 1/1 [00:00<00:00,  3.17it/s]

  0%|          | 0/1 [00:00<?, ?it/s]
100%|██████████| 1/1 [00:00<00:00,  2.83it/s]
100%|██████████| 1/1 [00:00<00:00,  2.82it/s]

  0%|          | 0/1 [00:00<?, ?it/s]
100%|██████████| 1/1 [00:00<00:00,  2.86it/s]
100%|██████████| 1/1 [00:00<00:00,  2.86it/s]

  0%|          | 0/1 [00:00<?, ?it/s]
100%|██████████| 1/1 [00:00<00:00,  2.84it/s]
100%|██████████| 1/1 [00:00<00:00,  2.83it/s]

  0%|          | 0/1 [00:00<?, ?it/s]
100%|██████████| 1/1 [00:00<00:00,  2.56it/s]
100%|██████████| 1/1 [00:00<00:00,  2.55it/s]

  0%|          | 0/1 [00:00<?, ?it/s]
100%|██████████| 1/1 [00:00<00:00,  2.29it/s]
100%|██████████| 1/1 [00:00<00:00,  2.29it/s]

  0%|          | 0/1 [00:00<?, ?it/s]
100%|██████████| 1/1 [00:03<00:00,  3.70s/it]
100%|██████████| 1/1 [00:03<00:00,  3.70s/it]

  0%|          | 0/1 [00:00<?, ?it/s]
100%|██████████| 1/1 [00:00<00:00,  2.94it/s]
100%|██████████| 1/1 [00:00<00:00,  2.94it/s]

  0%|          | 0/1 [00:00<?, ?it/s]
100%|██████████| 1/1 [00:00<00:00,  3.13it/s]
100%|██████████| 1/1 [00:00<00:00,  3.13it/s]

  0%|          | 0/1 [00:00<?, ?it/s]
100%|██████████| 1/1 [00:00<00:00,  2.93it/s]
100%|██████████| 1/1 [00:00<00:00,  2.93it/s]

  0%|          | 0/1 [00:00<?, ?it/s]
100%|██████████| 1/1 [00:00<00:00,  1.58it/s]
100%|██████████| 1/1 [00:00<00:00,  1.58it/s]

  0%|          | 0/1 [00:00<?, ?it/s]
100%|██████████| 1/1 [00:00<00:00,  3.01it/s]
100%|██████████| 1/1 [00:00<00:00,  3.01it/s]

  0%|          | 0/1 [00:00<?, ?it/s]
100%|██████████| 1/1 [00:00<00:00,  3.41it/s]
100%|██████████| 1/1 [00:00<00:00,  3.41it/s]

  0%|          | 0/1 [00:00<?, ?it/s]
100%|██████████| 1/1 [00:00<00:00,  3.46it/s]
100%|██████████| 1/1 [00:00<00:00,  3.45it/s]

  0%|          | 0/1 [00:00<?, ?it/s]
100%|██████████| 1/1 [00:00<00:00,  3.45it/s]
100%|██████████| 1/1 [00:00<00:00,  3.45it/s]

  0%|          | 0/1 [00:00<?, ?it/s]
100%|██████████| 1/1 [00:00<00:00,  2.99it/s]
100%|██████████| 1/1 [00:00<00:00,  2.99it/s]

  0%|          | 0/1 [00:00<?, ?it/s]
100%|██████████| 1/1 [00:03<00:00,  3.46s/it]
100%|██████████| 1/1 [00:03<00:00,  3.46s/it]

  0%|          | 0/1 [00:00<?, ?it/s]
100%|██████████| 1/1 [00:01<00:00,  1.83s/it]
100%|██████████| 1/1 [00:01<00:00,  1.83s/it]

  0%|          | 0/1 [00:00<?, ?it/s]
100%|██████████| 1/1 [00:00<00:00,  2.04it/s]
100%|██████████| 1/1 [00:00<00:00,  2.04it/s]

  0%|          | 0/1 [00:00<?, ?it/s]
100%|██████████| 1/1 [00:00<00:00,  1.55it/s]
100%|██████████| 1/1 [00:00<00:00,  1.55it/s]

  0%|          | 0/1 [00:00<?, ?it/s]
100%|██████████| 1/1 [00:03<00:00,  3.57s/it]
100%|██████████| 1/1 [00:03<00:00,  3.57s/it]

  0%|          | 0/1 [00:00<?, ?it/s]
100%|██████████| 1/1 [00:00<00:00,  1.36it/s]
100%|██████████| 1/1 [00:00<00:00,  1.36it/s]

  0%|          | 0/1 [00:00<?, ?it/s]
100%|██████████| 1/1 [00:00<00:00,  2.26it/s]
100%|██████████| 1/1 [00:00<00:00,  2.25it/s]

  0%|          | 0/1 [00:00<?, ?it/s]
100%|██████████| 1/1 [00:00<00:00,  1.59it/s]
100%|██████████| 1/1 [00:00<00:00,  1.59it/s]

  0%|          | 0/1 [00:00<?, ?it/s]
100%|██████████| 1/1 [00:00<00:00,  1.41it/s]
100%|██████████| 1/1 [00:00<00:00,  1.41it/s]

  0%|          | 0/1 [00:00<?, ?it/s]
100%|██████████| 1/1 [00:00<00:00,  1.36it/s]
100%|██████████| 1/1 [00:00<00:00,  1.36it/s]

  0%|          | 0/1 [00:00<?, ?it/s]
100%|██████████| 1/1 [00:00<00:00,  2.62it/s]
100%|██████████| 1/1 [00:00<00:00,  2.62it/s]

  0%|          | 0/1 [00:00<?, ?it/s]
100%|██████████| 1/1 [00:00<00:00,  2.98it/s]
100%|██████████| 1/1 [00:00<00:00,  2.97it/s]

  0%|          | 0/1 [00:00<?, ?it/s]
100%|██████████| 1/1 [00:00<00:00,  1.62it/s]
100%|██████████| 1/1 [00:00<00:00,  1.61it/s]

  0%|          | 0/1 [00:00<?, ?it/s]
100%|██████████| 1/1 [00:00<00:00,  1.43it/s]
100%|██████████| 1/1 [00:00<00:00,  1.43it/s]

  0%|          | 0/1 [00:00<?, ?it/s]
100%|██████████| 1/1 [00:01<00:00,  1.15s/it]
100%|██████████| 1/1 [00:01<00:00,  1.15s/it]

  0%|          | 0/1 [00:00<?, ?it/s]
100%|██████████| 1/1 [00:00<00:00,  2.98it/s]
100%|██████████| 1/1 [00:00<00:00,  2.97it/s]

  0%|          | 0/1 [00:00<?, ?it/s]
100%|██████████| 1/1 [00:00<00:00,  2.32it/s]
100%|██████████| 1/1 [00:00<00:00,  2.32it/s]

  0%|          | 0/1 [00:00<?, ?it/s]
100%|██████████| 1/1 [00:02<00:00,  2.36s/it]
100%|██████████| 1/1 [00:02<00:00,  2.36s/it]

  0%|          | 0/1 [00:00<?, ?it/s]
100%|██████████| 1/1 [00:00<00:00,  2.66it/s]
100%|██████████| 1/1 [00:00<00:00,  2.65it/s]

  0%|          | 0/1 [00:00<?, ?it/s]
100%|██████████| 1/1 [00:00<00:00,  2.71it/s]
100%|██████████| 1/1 [00:00<00:00,  2.71it/s]

  0%|          | 0/1 [00:00<?, ?it/s]
100%|██████████| 1/1 [00:00<00:00,  2.97it/s]
100%|██████████| 1/1 [00:00<00:00,  2.97it/s]

  0%|          | 0/1 [00:00<?, ?it/s]
100%|██████████| 1/1 [00:01<00:00,  1.46s/it]
100%|██████████| 1/1 [00:01<00:00,  1.46s/it]

  0%|          | 0/1 [00:00<?, ?it/s]
100%|██████████| 1/1 [00:00<00:00,  2.44it/s]
100%|██████████| 1/1 [00:00<00:00,  2.43it/s]

  0%|          | 0/1 [00:00<?, ?it/s]
100%|██████████| 1/1 [00:00<00:00,  2.45it/s]
100%|██████████| 1/1 [00:00<00:00,  2.45it/s]

  0%|          | 0/1 [00:00<?, ?it/s]
100%|██████████| 1/1 [00:02<00:00,  2.04s/it]
100%|██████████| 1/1 [00:02<00:00,  2.04s/it]

  0%|          | 0/1 [00:00<?, ?it/s]
100%|██████████| 1/1 [00:00<00:00,  2.79it/s]
100%|██████████| 1/1 [00:00<00:00,  2.78it/s]

  0%|          | 0/1 [00:00<?, ?it/s]
100%|██████████| 1/1 [00:00<00:00,  1.43it/s]
100%|██████████| 1/1 [00:00<00:00,  1.43it/s]

  0%|          | 0/1 [00:00<?, ?it/s]
100%|██████████| 1/1 [00:00<00:00,  1.18it/s]
100%|██████████| 1/1 [00:00<00:00,  1.18it/s]

  0%|          | 0/1 [00:00<?, ?it/s]
100%|██████████| 1/1 [00:00<00:00,  2.85it/s]
100%|██████████| 1/1 [00:00<00:00,  2.84it/s]

  0%|          | 0/1 [00:00<?, ?it/s]
100%|██████████| 1/1 [00:00<00:00,  2.02it/s]
100%|██████████| 1/1 [00:00<00:00,  2.02it/s]

  0%|          | 0/1 [00:00<?, ?it/s]
100%|██████████| 1/1 [00:00<00:00,  2.16it/s]
100%|██████████| 1/1 [00:00<00:00,  2.16it/s]

  0%|          | 0/1 [00:00<?, ?it/s]
100%|██████████| 1/1 [00:00<00:00,  2.67it/s]
100%|██████████| 1/1 [00:00<00:00,  2.67it/s]

  0%|          | 0/1 [00:00<?, ?it/s]
100%|██████████| 1/1 [00:00<00:00,  2.71it/s]
100%|██████████| 1/1 [00:00<00:00,  2.70it/s]

  0%|          | 0/1 [00:00<?, ?it/s]
100%|██████████| 1/1 [00:00<00:00,  2.74it/s]
100%|██████████| 1/1 [00:00<00:00,  2.74it/s]

  0%|          | 0/1 [00:00<?, ?it/s]
100%|██████████| 1/1 [00:00<00:00,  1.32it/s]
100%|██████████| 1/1 [00:00<00:00,  1.32it/s]

  0%|          | 0/1 [00:00<?, ?it/s]
100%|██████████| 1/1 [00:00<00:00,  2.77it/s]
100%|██████████| 1/1 [00:00<00:00,  2.77it/s]

  0%|          | 0/1 [00:00<?, ?it/s]
100%|██████████| 1/1 [00:00<00:00,  3.13it/s]
100%|██████████| 1/1 [00:00<00:00,  3.13it/s]

  0%|          | 0/1 [00:00<?, ?it/s]
100%|██████████| 1/1 [00:00<00:00,  1.29it/s]
100%|██████████| 1/1 [00:00<00:00,  1.29it/s]

  0%|          | 0/1 [00:00<?, ?it/s]
100%|██████████| 1/1 [00:00<00:00,  2.96it/s]
100%|██████████| 1/1 [00:00<00:00,  2.96it/s]

  0%|          | 0/1 [00:00<?, ?it/s]
100%|██████████| 1/1 [00:00<00:00,  2.74it/s]
100%|██████████| 1/1 [00:00<00:00,  2.74it/s]

  0%|          | 0/1 [00:00<?, ?it/s]
100%|██████████| 1/1 [00:00<00:00,  3.10it/s]
100%|██████████| 1/1 [00:00<00:00,  3.09it/s]

  0%|          | 0/1 [00:00<?, ?it/s]
100%|██████████| 1/1 [00:00<00:00,  3.07it/s]
100%|██████████| 1/1 [00:00<00:00,  3.06it/s]

  0%|          | 0/1 [00:00<?, ?it/s]
100%|██████████| 1/1 [00:00<00:00,  2.75it/s]
100%|██████████| 1/1 [00:00<00:00,  2.75it/s]

  0%|          | 0/1 [00:00<?, ?it/s]
100%|██████████| 1/1 [00:01<00:00,  1.03s/it]
100%|██████████| 1/1 [00:01<00:00,  1.03s/it]

  0%|          | 0/1 [00:00<?, ?it/s]
100%|██████████| 1/1 [00:00<00:00,  2.72it/s]
100%|██████████| 1/1 [00:00<00:00,  2.71it/s]

  0%|          | 0/1 [00:00<?, ?it/s]
100%|██████████| 1/1 [00:00<00:00,  2.58it/s]
100%|██████████| 1/1 [00:00<00:00,  2.58it/s]

  0%|          | 0/1 [00:00<?, ?it/s]
100%|██████████| 1/1 [00:00<00:00,  1.53it/s]
100%|██████████| 1/1 [00:00<00:00,  1.53it/s]

  0%|          | 0/1 [00:00<?, ?it/s]
100%|██████████| 1/1 [00:00<00:00,  2.88it/s]
100%|██████████| 1/1 [00:00<00:00,  2.88it/s]

  0%|          | 0/1 [00:00<?, ?it/s]
100%|██████████| 1/1 [00:00<00:00,  2.73it/s]
100%|██████████| 1/1 [00:00<00:00,  2.73it/s]

  0%|          | 0/1 [00:00<?, ?it/s]
100%|██████████| 1/1 [00:00<00:00,  1.48it/s]
100%|██████████| 1/1 [00:00<00:00,  1.48it/s]

  0%|          | 0/1 [00:00<?, ?it/s]
100%|██████████| 1/1 [00:00<00:00,  2.51it/s]
100%|██████████| 1/1 [00:00<00:00,  2.51it/s]

  0%|          | 0/1 [00:00<?, ?it/s]
100%|██████████| 1/1 [00:00<00:00,  2.54it/s]
100%|██████████| 1/1 [00:00<00:00,  2.54it/s]

  0%|          | 0/1 [00:00<?, ?it/s]
100%|██████████| 1/1 [00:00<00:00,  2.41it/s]
100%|██████████| 1/1 [00:00<00:00,  2.41it/s]

  0%|          | 0/1 [00:00<?, ?it/s]
100%|██████████| 1/1 [00:00<00:00,  2.72it/s]
100%|██████████| 1/1 [00:00<00:00,  2.72it/s]

  0%|          | 0/1 [00:00<?, ?it/s]
100%|██████████| 1/1 [00:00<00:00,  2.92it/s]
100%|██████████| 1/1 [00:00<00:00,  2.92it/s]

  0%|          | 0/1 [00:00<?, ?it/s]
100%|██████████| 1/1 [00:00<00:00,  3.16it/s]
100%|██████████| 1/1 [00:00<00:00,  3.16it/s]

  0%|          | 0/1 [00:00<?, ?it/s]
100%|██████████| 1/1 [00:00<00:00,  3.05it/s]
100%|██████████| 1/1 [00:00<00:00,  3.05it/s]

  0%|          | 0/1 [00:00<?, ?it/s]
100%|██████████| 1/1 [00:00<00:00,  3.08it/s]
100%|██████████| 1/1 [00:00<00:00,  3.07it/s]

  0%|          | 0/1 [00:00<?, ?it/s]
100%|██████████| 1/1 [00:00<00:00,  3.01it/s]
100%|██████████| 1/1 [00:00<00:00,  3.01it/s]

  0%|          | 0/1 [00:00<?, ?it/s]
100%|██████████| 1/1 [00:00<00:00,  2.91it/s]
100%|██████████| 1/1 [00:00<00:00,  2.91it/s]

  0%|          | 0/1 [00:00<?, ?it/s]
100%|██████████| 1/1 [00:00<00:00,  3.19it/s]
100%|██████████| 1/1 [00:00<00:00,  3.19it/s]

  0%|          | 0/1 [00:00<?, ?it/s]
100%|██████████| 1/1 [00:00<00:00,  2.77it/s]
100%|██████████| 1/1 [00:00<00:00,  2.77it/s]

  0%|          | 0/1 [00:00<?, ?it/s]
100%|██████████| 1/1 [00:00<00:00,  3.06it/s]
100%|██████████| 1/1 [00:00<00:00,  3.05it/s]

  0%|          | 0/1 [00:00<?, ?it/s]
100%|██████████| 1/1 [00:00<00:00,  3.32it/s]
100%|██████████| 1/1 [00:00<00:00,  3.31it/s]

  0%|          | 0/1 [00:00<?, ?it/s]
100%|██████████| 1/1 [00:00<00:00,  3.18it/s]
100%|██████████| 1/1 [00:00<00:00,  3.17it/s]

  0%|          | 0/1 [00:00<?, ?it/s]
100%|██████████| 1/1 [00:00<00:00,  3.39it/s]
100%|██████████| 1/1 [00:00<00:00,  3.38it/s]

  0%|          | 0/1 [00:00<?, ?it/s]
100%|██████████| 1/1 [00:00<00:00,  3.08it/s]
100%|██████████| 1/1 [00:00<00:00,  3.08it/s]

  0%|          | 0/1 [00:00<?, ?it/s]
100%|██████████| 1/1 [00:00<00:00,  3.26it/s]
100%|██████████| 1/1 [00:00<00:00,  3.25it/s]

  0%|          | 0/1 [00:00<?, ?it/s]
100%|██████████| 1/1 [00:00<00:00,  3.18it/s]
100%|██████████| 1/1 [00:00<00:00,  3.18it/s]

  0%|          | 0/1 [00:00<?, ?it/s]
100%|██████████| 1/1 [00:00<00:00,  2.96it/s]
100%|██████████| 1/1 [00:00<00:00,  2.96it/s]

  0%|          | 0/1 [00:00<?, ?it/s]
100%|██████████| 1/1 [00:00<00:00,  2.52it/s]
100%|██████████| 1/1 [00:00<00:00,  2.52it/s]

  0%|          | 0/1 [00:00<?, ?it/s]
100%|██████████| 1/1 [00:00<00:00,  2.99it/s]
100%|██████████| 1/1 [00:00<00:00,  2.99it/s]

  0%|          | 0/1 [00:00<?, ?it/s]
100%|██████████| 1/1 [00:00<00:00,  3.31it/s]
100%|██████████| 1/1 [00:00<00:00,  3.30it/s]

  0%|          | 0/1 [00:00<?, ?it/s]
100%|██████████| 1/1 [00:00<00:00,  3.17it/s]
100%|██████████| 1/1 [00:00<00:00,  3.17it/s]

  0%|          | 0/1 [00:00<?, ?it/s]
100%|██████████| 1/1 [00:00<00:00,  3.46it/s]
100%|██████████| 1/1 [00:00<00:00,  3.46it/s]

  0%|          | 0/1 [00:00<?, ?it/s]
100%|██████████| 1/1 [00:00<00:00,  3.36it/s]
100%|██████████| 1/1 [00:00<00:00,  3.35it/s]

  0%|          | 0/1 [00:00<?, ?it/s]
100%|██████████| 1/1 [00:00<00:00,  3.63it/s]
100%|██████████| 1/1 [00:00<00:00,  3.63it/s]

  0%|          | 0/1 [00:00<?, ?it/s]
100%|██████████| 1/1 [00:00<00:00,  3.17it/s]
100%|██████████| 1/1 [00:00<00:00,  3.17it/s]

  0%|          | 0/1 [00:00<?, ?it/s]
100%|██████████| 1/1 [00:00<00:00,  3.48it/s]
100%|██████████| 1/1 [00:00<00:00,  3.47it/s]

  0%|          | 0/1 [00:00<?, ?it/s]
100%|██████████| 1/1 [00:00<00:00,  3.40it/s]
100%|██████████| 1/1 [00:00<00:00,  3.40it/s]

  0%|          | 0/1 [00:00<?, ?it/s]
100%|██████████| 1/1 [00:00<00:00,  2.96it/s]
100%|██████████| 1/1 [00:00<00:00,  2.95it/s]

  0%|          | 0/1 [00:00<?, ?it/s]
100%|██████████| 1/1 [00:00<00:00,  2.97it/s]
100%|██████████| 1/1 [00:00<00:00,  2.97it/s]

  0%|          | 0/1 [00:00<?, ?it/s]
100%|██████████| 1/1 [00:00<00:00,  2.83it/s]
100%|██████████| 1/1 [00:00<00:00,  2.83it/s]

  0%|          | 0/1 [00:00<?, ?it/s]
100%|██████████| 1/1 [00:02<00:00,  2.08s/it]
100%|██████████| 1/1 [00:02<00:00,  2.08s/it]

  0%|          | 0/1 [00:00<?, ?it/s]
100%|██████████| 1/1 [00:00<00:00,  2.89it/s]
100%|██████████| 1/1 [00:00<00:00,  2.89it/s]

  0%|          | 0/1 [00:00<?, ?it/s]
100%|██████████| 1/1 [00:00<00:00,  2.88it/s]
100%|██████████| 1/1 [00:00<00:00,  2.88it/s]

  0%|          | 0/1 [00:00<?, ?it/s]
100%|██████████| 1/1 [00:00<00:00,  3.15it/s]
100%|██████████| 1/1 [00:00<00:00,  3.15it/s]

  0%|          | 0/1 [00:00<?, ?it/s]
100%|██████████| 1/1 [00:00<00:00,  2.72it/s]
100%|██████████| 1/1 [00:00<00:00,  2.72it/s]

  0%|          | 0/1 [00:00<?, ?it/s]
100%|██████████| 1/1 [00:00<00:00,  2.90it/s]
100%|██████████| 1/1 [00:00<00:00,  2.90it/s]

  0%|          | 0/1 [00:00<?, ?it/s]
100%|██████████| 1/1 [00:00<00:00,  1.63it/s]
100%|██████████| 1/1 [00:00<00:00,  1.63it/s]

  0%|          | 0/1 [00:00<?, ?it/s]
100%|██████████| 1/1 [00:02<00:00,  2.62s/it]
100%|██████████| 1/1 [00:02<00:00,  2.62s/it]

  0%|          | 0/1 [00:00<?, ?it/s]
100%|██████████| 1/1 [00:00<00:00,  2.92it/s]
100%|██████████| 1/1 [00:00<00:00,  2.91it/s]

  0%|          | 0/1 [00:00<?, ?it/s]
100%|██████████| 1/1 [00:00<00:00,  3.09it/s]
100%|██████████| 1/1 [00:00<00:00,  3.09it/s]

  0%|          | 0/1 [00:00<?, ?it/s]
100%|██████████| 1/1 [00:00<00:00,  2.62it/s]
100%|██████████| 1/1 [00:00<00:00,  2.62it/s]

  0%|          | 0/1 [00:00<?, ?it/s]
100%|██████████| 1/1 [00:00<00:00,  2.82it/s]
100%|██████████| 1/1 [00:00<00:00,  2.81it/s]

  0%|          | 0/1 [00:00<?, ?it/s]
100%|██████████| 1/1 [00:00<00:00,  2.75it/s]
100%|██████████| 1/1 [00:00<00:00,  2.75it/s]

  0%|          | 0/1 [00:00<?, ?it/s]
100%|██████████| 1/1 [00:00<00:00,  3.26it/s]
100%|██████████| 1/1 [00:00<00:00,  3.26it/s]

  0%|          | 0/1 [00:00<?, ?it/s]
100%|██████████| 1/1 [00:00<00:00,  2.91it/s]
100%|██████████| 1/1 [00:00<00:00,  2.91it/s]

  0%|          | 0/1 [00:00<?, ?it/s]
100%|██████████| 1/1 [00:00<00:00,  3.28it/s]
100%|██████████| 1/1 [00:00<00:00,  3.28it/s]

  0%|          | 0/1 [00:00<?, ?it/s]
100%|██████████| 1/1 [00:00<00:00,  3.00it/s]
100%|██████████| 1/1 [00:00<00:00,  3.00it/s]

  0%|          | 0/1 [00:00<?, ?it/s]
100%|██████████| 1/1 [00:00<00:00,  1.34it/s]
100%|██████████| 1/1 [00:00<00:00,  1.34it/s]

  0%|          | 0/1 [00:00<?, ?it/s]
100%|██████████| 1/1 [00:00<00:00,  3.26it/s]
100%|██████████| 1/1 [00:00<00:00,  3.26it/s]

  0%|          | 0/1 [00:00<?, ?it/s]
100%|██████████| 1/1 [00:00<00:00,  3.63it/s]
100%|██████████| 1/1 [00:00<00:00,  3.63it/s]

  0%|          | 0/1 [00:00<?, ?it/s]
100%|██████████| 1/1 [00:00<00:00,  3.23it/s]
100%|██████████| 1/1 [00:00<00:00,  3.23it/s]

  0%|          | 0/1 [00:00<?, ?it/s]
100%|██████████| 1/1 [00:00<00:00,  3.68it/s]
100%|██████████| 1/1 [00:00<00:00,  3.68it/s]

  0%|          | 0/1 [00:00<?, ?it/s]
100%|██████████| 1/1 [00:00<00:00,  3.26it/s]
100%|██████████| 1/1 [00:00<00:00,  3.26it/s]

  0%|          | 0/1 [00:00<?, ?it/s]
100%|██████████| 1/1 [00:00<00:00,  3.32it/s]
100%|██████████| 1/1 [00:00<00:00,  3.31it/s]

  0%|          | 0/1 [00:00<?, ?it/s]
100%|██████████| 1/1 [00:00<00:00,  3.10it/s]
100%|██████████| 1/1 [00:00<00:00,  3.09it/s]

  0%|          | 0/1 [00:00<?, ?it/s]
100%|██████████| 1/1 [00:00<00:00,  3.45it/s]
100%|██████████| 1/1 [00:00<00:00,  3.45it/s]

  0%|          | 0/1 [00:00<?, ?it/s]
100%|██████████| 1/1 [00:01<00:00,  1.19s/it]
100%|██████████| 1/1 [00:01<00:00,  1.19s/it]

  0%|          | 0/1 [00:00<?, ?it/s]
100%|██████████| 1/1 [00:00<00:00,  2.73it/s]
100%|██████████| 1/1 [00:00<00:00,  2.72it/s]

  0%|          | 0/1 [00:00<?, ?it/s]
100%|██████████| 1/1 [00:00<00:00,  2.86it/s]
100%|██████████| 1/1 [00:00<00:00,  2.85it/s]

  0%|          | 0/1 [00:00<?, ?it/s]
100%|██████████| 1/1 [00:00<00:00,  1.39it/s]
100%|██████████| 1/1 [00:00<00:00,  1.39it/s]

  0%|          | 0/1 [00:00<?, ?it/s]
100%|██████████| 1/1 [00:00<00:00,  3.53it/s]
100%|██████████| 1/1 [00:00<00:00,  3.53it/s]

  0%|          | 0/1 [00:00<?, ?it/s]
100%|██████████| 1/1 [00:00<00:00,  3.53it/s]
100%|██████████| 1/1 [00:00<00:00,  3.53it/s]

  0%|          | 0/1 [00:00<?, ?it/s]
100%|██████████| 1/1 [00:00<00:00,  3.18it/s]
100%|██████████| 1/1 [00:00<00:00,  3.18it/s]

  0%|          | 0/1 [00:00<?, ?it/s]
100%|██████████| 1/1 [00:00<00:00,  3.63it/s]
100%|██████████| 1/1 [00:00<00:00,  3.63it/s]

  0%|          | 0/1 [00:00<?, ?it/s]
100%|██████████| 1/1 [00:00<00:00,  3.52it/s]
100%|██████████| 1/1 [00:00<00:00,  3.52it/s]

  0%|          | 0/1 [00:00<?, ?it/s]
100%|██████████| 1/1 [00:00<00:00,  2.27it/s]
100%|██████████| 1/1 [00:00<00:00,  2.27it/s]

  0%|          | 0/1 [00:00<?, ?it/s]
100%|██████████| 1/1 [00:00<00:00,  3.61it/s]
100%|██████████| 1/1 [00:00<00:00,  3.61it/s]

  0%|          | 0/1 [00:00<?, ?it/s]
100%|██████████| 1/1 [00:00<00:00,  3.36it/s]
100%|██████████| 1/1 [00:00<00:00,  3.35it/s]

  0%|          | 0/1 [00:00<?, ?it/s]
100%|██████████| 1/1 [00:00<00:00,  2.90it/s]
100%|██████████| 1/1 [00:00<00:00,  2.89it/s]

  0%|          | 0/1 [00:00<?, ?it/s]
100%|██████████| 1/1 [00:00<00:00,  3.27it/s]
100%|██████████| 1/1 [00:00<00:00,  3.27it/s]

  0%|          | 0/1 [00:00<?, ?it/s]
100%|██████████| 1/1 [00:00<00:00,  3.65it/s]
100%|██████████| 1/1 [00:00<00:00,  3.64it/s]

  0%|          | 0/1 [00:00<?, ?it/s]
100%|██████████| 1/1 [00:00<00:00,  3.11it/s]
100%|██████████| 1/1 [00:00<00:00,  3.11it/s]

  0%|          | 0/1 [00:00<?, ?it/s]
100%|██████████| 1/1 [00:00<00:00,  3.42it/s]
100%|██████████| 1/1 [00:00<00:00,  3.41it/s]

  0%|          | 0/1 [00:00<?, ?it/s]
100%|██████████| 1/1 [00:00<00:00,  3.03it/s]
100%|██████████| 1/1 [00:00<00:00,  3.03it/s]

  0%|          | 0/1 [00:00<?, ?it/s]
100%|██████████| 1/1 [00:00<00:00,  3.35it/s]
100%|██████████| 1/1 [00:00<00:00,  3.34it/s]

  0%|          | 0/1 [00:00<?, ?it/s]
100%|██████████| 1/1 [00:00<00:00,  3.37it/s]
100%|██████████| 1/1 [00:00<00:00,  3.37it/s]

  0%|          | 0/1 [00:00<?, ?it/s]
100%|██████████| 1/1 [00:00<00:00,  3.06it/s]
100%|██████████| 1/1 [00:00<00:00,  3.06it/s]

  0%|          | 0/1 [00:00<?, ?it/s]
100%|██████████| 1/1 [00:00<00:00,  3.26it/s]
100%|██████████| 1/1 [00:00<00:00,  3.26it/s]

  0%|          | 0/1 [00:00<?, ?it/s]
100%|██████████| 1/1 [00:00<00:00,  2.80it/s]
100%|██████████| 1/1 [00:00<00:00,  2.79it/s]

  0%|          | 0/1 [00:00<?, ?it/s]
100%|██████████| 1/1 [00:00<00:00,  1.94it/s]
100%|██████████| 1/1 [00:00<00:00,  1.94it/s]

  0%|          | 0/1 [00:00<?, ?it/s]
100%|██████████| 1/1 [00:00<00:00,  2.57it/s]
100%|██████████| 1/1 [00:00<00:00,  2.57it/s]

  0%|          | 0/1 [00:00<?, ?it/s]
100%|██████████| 1/1 [00:00<00:00,  2.89it/s]
100%|██████████| 1/1 [00:00<00:00,  2.89it/s]

  0%|          | 0/1 [00:00<?, ?it/s]
100%|██████████| 1/1 [00:00<00:00,  2.85it/s]
100%|██████████| 1/1 [00:00<00:00,  2.85it/s]

  0%|          | 0/1 [00:00<?, ?it/s]
100%|██████████| 1/1 [00:00<00:00,  2.96it/s]
100%|██████████| 1/1 [00:00<00:00,  2.96it/s]

  0%|          | 0/1 [00:00<?, ?it/s]
100%|██████████| 1/1 [00:00<00:00,  2.91it/s]
100%|██████████| 1/1 [00:00<00:00,  2.91it/s]

  0%|          | 0/1 [00:00<?, ?it/s]
100%|██████████| 1/1 [00:00<00:00,  2.40it/s]
100%|██████████| 1/1 [00:00<00:00,  2.40it/s]

  0%|          | 0/1 [00:00<?, ?it/s]
100%|██████████| 1/1 [00:00<00:00,  3.03it/s]
100%|██████████| 1/1 [00:00<00:00,  3.03it/s]

  0%|          | 0/1 [00:00<?, ?it/s]
100%|██████████| 1/1 [00:00<00:00,  2.64it/s]
100%|██████████| 1/1 [00:00<00:00,  2.64it/s]

  0%|          | 0/1 [00:00<?, ?it/s]
100%|██████████| 1/1 [00:00<00:00,  2.89it/s]
100%|██████████| 1/1 [00:00<00:00,  2.89it/s]

  0%|          | 0/1 [00:00<?, ?it/s]
100%|██████████| 1/1 [00:00<00:00,  3.14it/s]
100%|██████████| 1/1 [00:00<00:00,  3.14it/s]

  0%|          | 0/1 [00:00<?, ?it/s]
100%|██████████| 1/1 [00:00<00:00,  2.95it/s]
100%|██████████| 1/1 [00:00<00:00,  2.95it/s]

  0%|          | 0/1 [00:00<?, ?it/s]
100%|██████████| 1/1 [00:00<00:00,  2.87it/s]
100%|██████████| 1/1 [00:00<00:00,  2.87it/s]

  0%|          | 0/1 [00:00<?, ?it/s]
100%|██████████| 1/1 [00:00<00:00,  3.04it/s]
100%|██████████| 1/1 [00:00<00:00,  3.04it/s]

  0%|          | 0/1 [00:00<?, ?it/s]
100%|██████████| 1/1 [00:00<00:00,  3.01it/s]
100%|██████████| 1/1 [00:00<00:00,  3.01it/s]

  0%|          | 0/1 [00:00<?, ?it/s]
100%|██████████| 1/1 [00:00<00:00,  3.08it/s]
100%|██████████| 1/1 [00:00<00:00,  3.08it/s]

  0%|          | 0/1 [00:00<?, ?it/s]
100%|██████████| 1/1 [00:00<00:00,  3.25it/s]
100%|██████████| 1/1 [00:00<00:00,  3.24it/s]

  0%|          | 0/1 [00:00<?, ?it/s]
100%|██████████| 1/1 [00:00<00:00,  2.95it/s]
100%|██████████| 1/1 [00:00<00:00,  2.95it/s]

  0%|          | 0/1 [00:00<?, ?it/s]
100%|██████████| 1/1 [00:00<00:00,  3.42it/s]
100%|██████████| 1/1 [00:00<00:00,  3.41it/s]

  0%|          | 0/1 [00:00<?, ?it/s]
100%|██████████| 1/1 [00:00<00:00,  3.11it/s]
100%|██████████| 1/1 [00:00<00:00,  3.11it/s]

  0%|          | 0/1 [00:00<?, ?it/s]
100%|██████████| 1/1 [00:00<00:00,  3.11it/s]
100%|██████████| 1/1 [00:00<00:00,  3.11it/s]

  0%|          | 0/1 [00:00<?, ?it/s]
100%|██████████| 1/1 [00:00<00:00,  3.16it/s]
100%|██████████| 1/1 [00:00<00:00,  3.16it/s]

  0%|          | 0/1 [00:00<?, ?it/s]
100%|██████████| 1/1 [00:00<00:00,  3.05it/s]
100%|██████████| 1/1 [00:00<00:00,  3.05it/s]

  0%|          | 0/1 [00:00<?, ?it/s]
100%|██████████| 1/1 [00:00<00:00,  3.03it/s]
100%|██████████| 1/1 [00:00<00:00,  3.03it/s]

  0%|          | 0/1 [00:00<?, ?it/s]
100%|██████████| 1/1 [00:00<00:00,  3.21it/s]
100%|██████████| 1/1 [00:00<00:00,  3.21it/s]

  0%|          | 0/1 [00:00<?, ?it/s]
100%|██████████| 1/1 [00:00<00:00,  2.96it/s]
100%|██████████| 1/1 [00:00<00:00,  2.95it/s]

  0%|          | 0/1 [00:00<?, ?it/s]
100%|██████████| 1/1 [00:00<00:00,  2.94it/s]
100%|██████████| 1/1 [00:00<00:00,  2.94it/s]

  0%|          | 0/1 [00:00<?, ?it/s]
100%|██████████| 1/1 [00:00<00:00,  2.97it/s]
100%|██████████| 1/1 [00:00<00:00,  2.97it/s]

  0%|          | 0/1 [00:00<?, ?it/s]
100%|██████████| 1/1 [00:00<00:00,  3.00it/s]
100%|██████████| 1/1 [00:00<00:00,  3.00it/s]

  0%|          | 0/1 [00:00<?, ?it/s]
100%|██████████| 1/1 [00:00<00:00,  2.85it/s]
100%|██████████| 1/1 [00:00<00:00,  2.84it/s]

  0%|          | 0/1 [00:00<?, ?it/s]
100%|██████████| 1/1 [00:00<00:00,  3.06it/s]
100%|██████████| 1/1 [00:00<00:00,  3.06it/s]

  0%|          | 0/1 [00:00<?, ?it/s]
100%|██████████| 1/1 [00:00<00:00,  2.32it/s]
100%|██████████| 1/1 [00:00<00:00,  2.32it/s]

  0%|          | 0/1 [00:00<?, ?it/s]
100%|██████████| 1/1 [00:00<00:00,  2.71it/s]
100%|██████████| 1/1 [00:00<00:00,  2.71it/s]

  0%|          | 0/1 [00:00<?, ?it/s]
100%|██████████| 1/1 [00:00<00:00,  2.83it/s]
100%|██████████| 1/1 [00:00<00:00,  2.83it/s]

  0%|          | 0/1 [00:00<?, ?it/s]
100%|██████████| 1/1 [00:00<00:00,  3.02it/s]
100%|██████████| 1/1 [00:00<00:00,  3.02it/s]

  0%|          | 0/1 [00:00<?, ?it/s]
100%|██████████| 1/1 [00:00<00:00,  2.95it/s]
100%|██████████| 1/1 [00:00<00:00,  2.95it/s]

  0%|          | 0/1 [00:00<?, ?it/s]
100%|██████████| 1/1 [00:00<00:00,  3.03it/s]
100%|██████████| 1/1 [00:00<00:00,  3.02it/s]

  0%|          | 0/1 [00:00<?, ?it/s]
100%|██████████| 1/1 [00:00<00:00,  2.92it/s]
100%|██████████| 1/1 [00:00<00:00,  2.92it/s]

  0%|          | 0/1 [00:00<?, ?it/s]
100%|██████████| 1/1 [00:00<00:00,  3.05it/s]
100%|██████████| 1/1 [00:00<00:00,  3.04it/s]

  0%|          | 0/1 [00:00<?, ?it/s]
100%|██████████| 1/1 [00:00<00:00,  2.84it/s]
100%|██████████| 1/1 [00:00<00:00,  2.84it/s]

  0%|          | 0/1 [00:00<?, ?it/s]
100%|██████████| 1/1 [00:00<00:00,  3.29it/s]
100%|██████████| 1/1 [00:00<00:00,  3.28it/s]

  0%|          | 0/1 [00:00<?, ?it/s]
100%|██████████| 1/1 [00:00<00:00,  3.33it/s]
100%|██████████| 1/1 [00:00<00:00,  3.33it/s]

  0%|          | 0/1 [00:00<?, ?it/s]
100%|██████████| 1/1 [00:00<00:00,  3.37it/s]
100%|██████████| 1/1 [00:00<00:00,  3.37it/s]

  0%|          | 0/1 [00:00<?, ?it/s]
100%|██████████| 1/1 [00:00<00:00,  3.05it/s]
100%|██████████| 1/1 [00:00<00:00,  3.05it/s]

  0%|          | 0/1 [00:00<?, ?it/s]
100%|██████████| 1/1 [00:00<00:00,  3.51it/s]
100%|██████████| 1/1 [00:00<00:00,  3.50it/s]

  0%|          | 0/1 [00:00<?, ?it/s]
100%|██████████| 1/1 [00:00<00:00,  3.58it/s]
100%|██████████| 1/1 [00:00<00:00,  3.58it/s]

  0%|          | 0/1 [00:00<?, ?it/s]
100%|██████████| 1/1 [00:00<00:00,  3.12it/s]
100%|██████████| 1/1 [00:00<00:00,  3.11it/s]

  0%|          | 0/1 [00:00<?, ?it/s]
100%|██████████| 1/1 [00:00<00:00,  2.82it/s]
100%|██████████| 1/1 [00:00<00:00,  2.82it/s]

  0%|          | 0/1 [00:00<?, ?it/s]
100%|██████████| 1/1 [00:00<00:00,  2.96it/s]
100%|██████████| 1/1 [00:00<00:00,  2.96it/s]

  0%|          | 0/1 [00:00<?, ?it/s]
100%|██████████| 1/1 [00:00<00:00,  2.91it/s]
100%|██████████| 1/1 [00:00<00:00,  2.90it/s]

  0%|          | 0/1 [00:00<?, ?it/s]
100%|██████████| 1/1 [00:00<00:00,  3.07it/s]
100%|██████████| 1/1 [00:00<00:00,  3.07it/s]

  0%|          | 0/1 [00:00<?, ?it/s]
100%|██████████| 1/1 [00:00<00:00,  2.70it/s]
100%|██████████| 1/1 [00:00<00:00,  2.70it/s]

  0%|          | 0/1 [00:00<?, ?it/s]
100%|██████████| 1/1 [00:00<00:00,  2.58it/s]
100%|██████████| 1/1 [00:00<00:00,  2.58it/s]

  0%|          | 0/1 [00:00<?, ?it/s]
100%|██████████| 1/1 [00:00<00:00,  2.44it/s]
100%|██████████| 1/1 [00:00<00:00,  2.44it/s]

  0%|          | 0/1 [00:00<?, ?it/s]
100%|██████████| 1/1 [00:00<00:00,  3.41it/s]
100%|██████████| 1/1 [00:00<00:00,  3.40it/s]

  0%|          | 0/1 [00:00<?, ?it/s]
100%|██████████| 1/1 [00:00<00:00,  2.74it/s]
100%|██████████| 1/1 [00:00<00:00,  2.74it/s]

  0%|          | 0/1 [00:00<?, ?it/s]
100%|██████████| 1/1 [00:01<00:00,  1.72s/it]
100%|██████████| 1/1 [00:01<00:00,  1.72s/it]

  0%|          | 0/1 [00:00<?, ?it/s]
100%|██████████| 1/1 [00:00<00:00,  3.18it/s]
100%|██████████| 1/1 [00:00<00:00,  3.18it/s]

  0%|          | 0/1 [00:00<?, ?it/s]
100%|██████████| 1/1 [00:00<00:00,  3.01it/s]
100%|██████████| 1/1 [00:00<00:00,  3.00it/s]

  0%|          | 0/1 [00:00<?, ?it/s]
100%|██████████| 1/1 [00:00<00:00,  3.61it/s]
100%|██████████| 1/1 [00:00<00:00,  3.61it/s]

  0%|          | 0/1 [00:00<?, ?it/s]
100%|██████████| 1/1 [00:00<00:00,  3.14it/s]
100%|██████████| 1/1 [00:00<00:00,  3.13it/s]

  0%|          | 0/1 [00:00<?, ?it/s]
100%|██████████| 1/1 [00:00<00:00,  3.42it/s]
100%|██████████| 1/1 [00:00<00:00,  3.42it/s]

  0%|          | 0/1 [00:00<?, ?it/s]
100%|██████████| 1/1 [00:00<00:00,  3.45it/s]
100%|██████████| 1/1 [00:00<00:00,  3.45it/s]

  0%|          | 0/1 [00:00<?, ?it/s]
100%|██████████| 1/1 [00:00<00:00,  3.15it/s]
100%|██████████| 1/1 [00:00<00:00,  3.15it/s]

  0%|          | 0/1 [00:00<?, ?it/s]
100%|██████████| 1/1 [00:00<00:00,  3.10it/s]
100%|██████████| 1/1 [00:00<00:00,  3.10it/s]

  0%|          | 0/1 [00:00<?, ?it/s]
100%|██████████| 1/1 [00:00<00:00,  1.08it/s]
100%|██████████| 1/1 [00:00<00:00,  1.08it/s]

  0%|          | 0/1 [00:00<?, ?it/s]
100%|██████████| 1/1 [00:00<00:00,  3.28it/s]
100%|██████████| 1/1 [00:00<00:00,  3.28it/s]

  0%|          | 0/1 [00:00<?, ?it/s]
100%|██████████| 1/1 [00:00<00:00,  3.29it/s]
100%|██████████| 1/1 [00:00<00:00,  3.29it/s]

  0%|          | 0/1 [00:00<?, ?it/s]
100%|██████████| 1/1 [00:00<00:00,  3.42it/s]
100%|██████████| 1/1 [00:00<00:00,  3.42it/s]

  0%|          | 0/1 [00:00<?, ?it/s]
100%|██████████| 1/1 [00:00<00:00,  2.77it/s]
100%|██████████| 1/1 [00:00<00:00,  2.77it/s]

  0%|          | 0/1 [00:00<?, ?it/s]
100%|██████████| 1/1 [00:00<00:00,  3.52it/s]
100%|██████████| 1/1 [00:00<00:00,  3.51it/s]

  0%|          | 0/1 [00:00<?, ?it/s]
100%|██████████| 1/1 [00:00<00:00,  2.85it/s]
100%|██████████| 1/1 [00:00<00:00,  2.84it/s]

  0%|          | 0/1 [00:00<?, ?it/s]
100%|██████████| 1/1 [00:00<00:00,  3.36it/s]
100%|██████████| 1/1 [00:00<00:00,  3.36it/s]

  0%|          | 0/1 [00:00<?, ?it/s]
100%|██████████| 1/1 [00:00<00:00,  3.07it/s]
100%|██████████| 1/1 [00:00<00:00,  3.07it/s]

  0%|          | 0/1 [00:00<?, ?it/s]
100%|██████████| 1/1 [00:00<00:00,  3.42it/s]
100%|██████████| 1/1 [00:00<00:00,  3.42it/s]

  0%|          | 0/1 [00:00<?, ?it/s]
100%|██████████| 1/1 [00:00<00:00,  3.22it/s]
100%|██████████| 1/1 [00:00<00:00,  3.22it/s]

  0%|          | 0/1 [00:00<?, ?it/s]
100%|██████████| 1/1 [00:00<00:00,  3.45it/s]
100%|██████████| 1/1 [00:00<00:00,  3.44it/s]

  0%|          | 0/1 [00:00<?, ?it/s]
100%|██████████| 1/1 [00:00<00:00,  3.53it/s]
100%|██████████| 1/1 [00:00<00:00,  3.53it/s]

  0%|          | 0/1 [00:00<?, ?it/s]
100%|██████████| 1/1 [00:00<00:00,  3.59it/s]
100%|██████████| 1/1 [00:00<00:00,  3.59it/s]

  0%|          | 0/1 [00:00<?, ?it/s]
100%|██████████| 1/1 [00:00<00:00,  3.55it/s]
100%|██████████| 1/1 [00:00<00:00,  3.54it/s]

  0%|          | 0/1 [00:00<?, ?it/s]
100%|██████████| 1/1 [00:00<00:00,  3.54it/s]
100%|██████████| 1/1 [00:00<00:00,  3.54it/s]

  0%|          | 0/1 [00:00<?, ?it/s]
100%|██████████| 1/1 [00:00<00:00,  1.56it/s]
100%|██████████| 1/1 [00:00<00:00,  1.56it/s]

  0%|          | 0/1 [00:00<?, ?it/s]
100%|██████████| 1/1 [00:00<00:00,  2.84it/s]
100%|██████████| 1/1 [00:00<00:00,  2.84it/s]

  0%|          | 0/1 [00:00<?, ?it/s]
100%|██████████| 1/1 [00:00<00:00,  2.55it/s]
100%|██████████| 1/1 [00:00<00:00,  2.55it/s]

  0%|          | 0/1 [00:00<?, ?it/s]
100%|██████████| 1/1 [00:02<00:00,  2.26s/it]
100%|██████████| 1/1 [00:02<00:00,  2.26s/it]

  0%|          | 0/1 [00:00<?, ?it/s]
100%|██████████| 1/1 [00:00<00:00,  2.59it/s]
100%|██████████| 1/1 [00:00<00:00,  2.59it/s]

  0%|          | 0/1 [00:00<?, ?it/s]
100%|██████████| 1/1 [00:00<00:00,  2.30it/s]
100%|██████████| 1/1 [00:00<00:00,  2.30it/s]

  0%|          | 0/1 [00:00<?, ?it/s]
100%|██████████| 1/1 [00:00<00:00,  2.08it/s]
100%|██████████| 1/1 [00:00<00:00,  2.08it/s]

  0%|          | 0/1 [00:00<?, ?it/s]
100%|██████████| 1/1 [00:00<00:00,  2.55it/s]
100%|██████████| 1/1 [00:00<00:00,  2.55it/s]

  0%|          | 0/1 [00:00<?, ?it/s]
100%|██████████| 1/1 [00:00<00:00,  2.45it/s]
100%|██████████| 1/1 [00:00<00:00,  2.45it/s]

  0%|          | 0/1 [00:00<?, ?it/s]
100%|██████████| 1/1 [00:00<00:00,  2.48it/s]
100%|██████████| 1/1 [00:00<00:00,  2.48it/s]

  0%|          | 0/1 [00:00<?, ?it/s]
100%|██████████| 1/1 [00:00<00:00,  1.92it/s]
100%|██████████| 1/1 [00:00<00:00,  1.92it/s]

  0%|          | 0/1 [00:00<?, ?it/s]
100%|██████████| 1/1 [00:00<00:00,  3.12it/s]
100%|██████████| 1/1 [00:00<00:00,  3.12it/s]

  0%|          | 0/1 [00:00<?, ?it/s]
100%|██████████| 1/1 [00:00<00:00,  3.16it/s]
100%|██████████| 1/1 [00:00<00:00,  3.16it/s]

  0%|          | 0/1 [00:00<?, ?it/s]
100%|██████████| 1/1 [00:00<00:00,  3.10it/s]
100%|██████████| 1/1 [00:00<00:00,  3.10it/s]

  0%|          | 0/1 [00:00<?, ?it/s]
100%|██████████| 1/1 [00:00<00:00,  2.92it/s]
100%|██████████| 1/1 [00:00<00:00,  2.92it/s]

  0%|          | 0/1 [00:00<?, ?it/s]
100%|██████████| 1/1 [00:00<00:00,  3.18it/s]
100%|██████████| 1/1 [00:00<00:00,  3.18it/s]

  0%|          | 0/1 [00:00<?, ?it/s]
100%|██████████| 1/1 [00:00<00:00,  2.65it/s]
100%|██████████| 1/1 [00:00<00:00,  2.65it/s]

  0%|          | 0/1 [00:00<?, ?it/s]
100%|██████████| 1/1 [00:00<00:00,  3.00it/s]
100%|██████████| 1/1 [00:00<00:00,  2.99it/s]

  0%|          | 0/1 [00:00<?, ?it/s]
100%|██████████| 1/1 [00:00<00:00,  2.88it/s]
100%|██████████| 1/1 [00:00<00:00,  2.88it/s]

  0%|          | 0/1 [00:00<?, ?it/s]
100%|██████████| 1/1 [00:00<00:00,  2.94it/s]
100%|██████████| 1/1 [00:00<00:00,  2.94it/s]

  0%|          | 0/1 [00:00<?, ?it/s]
100%|██████████| 1/1 [00:00<00:00,  3.28it/s]
100%|██████████| 1/1 [00:00<00:00,  3.28it/s]

  0%|          | 0/1 [00:00<?, ?it/s]
100%|██████████| 1/1 [00:00<00:00,  2.94it/s]
100%|██████████| 1/1 [00:00<00:00,  2.94it/s]

  0%|          | 0/1 [00:00<?, ?it/s]
100%|██████████| 1/1 [00:00<00:00,  1.00it/s]
100%|██████████| 1/1 [00:00<00:00,  1.00it/s]

  0%|          | 0/1 [00:00<?, ?it/s]
100%|██████████| 1/1 [00:00<00:00,  3.18it/s]
100%|██████████| 1/1 [00:00<00:00,  3.18it/s]

  0%|          | 0/1 [00:00<?, ?it/s]
100%|██████████| 1/1 [00:00<00:00,  3.22it/s]
100%|██████████| 1/1 [00:00<00:00,  3.21it/s]

  0%|          | 0/1 [00:00<?, ?it/s]
100%|██████████| 1/1 [00:00<00:00,  3.02it/s]
100%|██████████| 1/1 [00:00<00:00,  3.02it/s]

  0%|          | 0/1 [00:00<?, ?it/s]
100%|██████████| 1/1 [00:00<00:00,  3.28it/s]
100%|██████████| 1/1 [00:00<00:00,  3.28it/s]

  0%|          | 0/1 [00:00<?, ?it/s]
100%|██████████| 1/1 [00:00<00:00,  3.04it/s]
100%|██████████| 1/1 [00:00<00:00,  3.03it/s]

  0%|          | 0/1 [00:00<?, ?it/s]
100%|██████████| 1/1 [00:00<00:00,  3.15it/s]
100%|██████████| 1/1 [00:00<00:00,  3.15it/s]

  0%|          | 0/1 [00:00<?, ?it/s]
100%|██████████| 1/1 [00:00<00:00,  3.19it/s]
100%|██████████| 1/1 [00:00<00:00,  3.19it/s]

  0%|          | 0/1 [00:00<?, ?it/s]
100%|██████████| 1/1 [00:00<00:00,  3.10it/s]
100%|██████████| 1/1 [00:00<00:00,  3.10it/s]

  0%|          | 0/1 [00:00<?, ?it/s]
100%|██████████| 1/1 [00:00<00:00,  1.37it/s]
100%|██████████| 1/1 [00:00<00:00,  1.37it/s]

  0%|          | 0/1 [00:00<?, ?it/s]
100%|██████████| 1/1 [00:00<00:00,  3.19it/s]
100%|██████████| 1/1 [00:00<00:00,  3.18it/s]

  0%|          | 0/1 [00:00<?, ?it/s]
100%|██████████| 1/1 [00:00<00:00,  3.31it/s]
100%|██████████| 1/1 [00:00<00:00,  3.30it/s]

  0%|          | 0/1 [00:00<?, ?it/s]
100%|██████████| 1/1 [00:00<00:00,  3.52it/s]
100%|██████████| 1/1 [00:00<00:00,  3.52it/s]

  0%|          | 0/1 [00:00<?, ?it/s]
100%|██████████| 1/1 [00:00<00:00,  3.13it/s]
100%|██████████| 1/1 [00:00<00:00,  3.13it/s]

  0%|          | 0/1 [00:00<?, ?it/s]
100%|██████████| 1/1 [00:00<00:00,  3.31it/s]
100%|██████████| 1/1 [00:00<00:00,  3.31it/s]

  0%|          | 0/1 [00:00<?, ?it/s]
100%|██████████| 1/1 [00:00<00:00,  3.15it/s]
100%|██████████| 1/1 [00:00<00:00,  3.15it/s]

  0%|          | 0/1 [00:00<?, ?it/s]
100%|██████████| 1/1 [00:00<00:00,  3.39it/s]
100%|██████████| 1/1 [00:00<00:00,  3.39it/s]

  0%|          | 0/1 [00:00<?, ?it/s]
100%|██████████| 1/1 [00:00<00:00,  3.17it/s]
100%|██████████| 1/1 [00:00<00:00,  3.17it/s]

  0%|          | 0/1 [00:00<?, ?it/s]
100%|██████████| 1/1 [00:00<00:00,  3.35it/s]
100%|██████████| 1/1 [00:00<00:00,  3.34it/s]

  0%|          | 0/1 [00:00<?, ?it/s]
100%|██████████| 1/1 [00:00<00:00,  3.24it/s]
100%|██████████| 1/1 [00:00<00:00,  3.24it/s]

  0%|          | 0/1 [00:00<?, ?it/s]
100%|██████████| 1/1 [00:00<00:00,  3.15it/s]
100%|██████████| 1/1 [00:00<00:00,  3.15it/s]

  0%|          | 0/1 [00:00<?, ?it/s]
100%|██████████| 1/1 [00:00<00:00,  1.39it/s]
100%|██████████| 1/1 [00:00<00:00,  1.39it/s]

  0%|          | 0/1 [00:00<?, ?it/s]
100%|██████████| 1/1 [00:00<00:00,  3.48it/s]
100%|██████████| 1/1 [00:00<00:00,  3.47it/s]

  0%|          | 0/1 [00:00<?, ?it/s]
100%|██████████| 1/1 [00:00<00:00,  3.59it/s]
100%|██████████| 1/1 [00:00<00:00,  3.59it/s]

  0%|          | 0/1 [00:00<?, ?it/s]
100%|██████████| 1/1 [00:00<00:00,  3.24it/s]
100%|██████████| 1/1 [00:00<00:00,  3.23it/s]

  0%|          | 0/1 [00:00<?, ?it/s]
100%|██████████| 1/1 [00:00<00:00,  3.46it/s]
100%|██████████| 1/1 [00:00<00:00,  3.45it/s]

  0%|          | 0/1 [00:00<?, ?it/s]
100%|██████████| 1/1 [00:00<00:00,  3.50it/s]
100%|██████████| 1/1 [00:00<00:00,  3.50it/s]

  0%|          | 0/1 [00:00<?, ?it/s]
100%|██████████| 1/1 [00:00<00:00,  3.64it/s]
100%|██████████| 1/1 [00:00<00:00,  3.64it/s]

  0%|          | 0/1 [00:00<?, ?it/s]
100%|██████████| 1/1 [00:00<00:00,  3.10it/s]
100%|██████████| 1/1 [00:00<00:00,  3.10it/s]

  0%|          | 0/1 [00:00<?, ?it/s]
100%|██████████| 1/1 [00:00<00:00,  3.25it/s]
100%|██████████| 1/1 [00:00<00:00,  3.25it/s]

  0%|          | 0/1 [00:00<?, ?it/s]
100%|██████████| 1/1 [00:00<00:00,  3.40it/s]
100%|██████████| 1/1 [00:00<00:00,  3.40it/s]

  0%|          | 0/1 [00:00<?, ?it/s]
100%|██████████| 1/1 [00:00<00:00,  3.05it/s]
100%|██████████| 1/1 [00:00<00:00,  3.04it/s]

  0%|          | 0/1 [00:00<?, ?it/s]
100%|██████████| 1/1 [00:00<00:00,  3.36it/s]
100%|██████████| 1/1 [00:00<00:00,  3.36it/s]

  0%|          | 0/1 [00:00<?, ?it/s]
100%|██████████| 1/1 [00:00<00:00,  1.22it/s]
100%|██████████| 1/1 [00:00<00:00,  1.22it/s]

  0%|          | 0/1 [00:00<?, ?it/s]
100%|██████████| 1/1 [00:00<00:00,  3.24it/s]
100%|██████████| 1/1 [00:00<00:00,  3.24it/s]

  0%|          | 0/1 [00:00<?, ?it/s]
100%|██████████| 1/1 [00:00<00:00,  3.45it/s]
100%|██████████| 1/1 [00:00<00:00,  3.44it/s]

  0%|          | 0/1 [00:00<?, ?it/s]
100%|██████████| 1/1 [00:00<00:00,  3.52it/s]
100%|██████████| 1/1 [00:00<00:00,  3.52it/s]

  0%|          | 0/1 [00:00<?, ?it/s]
100%|██████████| 1/1 [00:00<00:00,  3.00it/s]
100%|██████████| 1/1 [00:00<00:00,  3.00it/s]

  0%|          | 0/1 [00:00<?, ?it/s]
100%|██████████| 1/1 [00:00<00:00,  3.62it/s]
100%|██████████| 1/1 [00:00<00:00,  3.62it/s]

  0%|          | 0/1 [00:00<?, ?it/s]
100%|██████████| 1/1 [00:00<00:00,  3.00it/s]
100%|██████████| 1/1 [00:00<00:00,  3.00it/s]

  0%|          | 0/1 [00:00<?, ?it/s]
100%|██████████| 1/1 [00:00<00:00,  3.28it/s]
100%|██████████| 1/1 [00:00<00:00,  3.28it/s]

  0%|          | 0/1 [00:00<?, ?it/s]
100%|██████████| 1/1 [00:00<00:00,  2.84it/s]
100%|██████████| 1/1 [00:00<00:00,  2.83it/s]

  0%|          | 0/1 [00:00<?, ?it/s]
100%|██████████| 1/1 [00:00<00:00,  3.17it/s]
100%|██████████| 1/1 [00:00<00:00,  3.16it/s]

  0%|          | 0/1 [00:00<?, ?it/s]
100%|██████████| 1/1 [00:00<00:00,  2.81it/s]
100%|██████████| 1/1 [00:00<00:00,  2.81it/s]

  0%|          | 0/1 [00:00<?, ?it/s]
100%|██████████| 1/1 [00:00<00:00,  3.12it/s]
100%|██████████| 1/1 [00:00<00:00,  3.11it/s]

  0%|          | 0/1 [00:00<?, ?it/s]
100%|██████████| 1/1 [00:00<00:00,  3.18it/s]
100%|██████████| 1/1 [00:00<00:00,  3.17it/s]

  0%|          | 0/1 [00:00<?, ?it/s]
100%|██████████| 1/1 [00:00<00:00,  3.25it/s]
100%|██████████| 1/1 [00:00<00:00,  3.25it/s]

  0%|          | 0/1 [00:00<?, ?it/s]
100%|██████████| 1/1 [00:00<00:00,  2.97it/s]
100%|██████████| 1/1 [00:00<00:00,  2.96it/s]

  0%|          | 0/1 [00:00<?, ?it/s]
100%|██████████| 1/1 [00:00<00:00,  1.68it/s]
100%|██████████| 1/1 [00:00<00:00,  1.68it/s]

  0%|          | 0/1 [00:00<?, ?it/s]
100%|██████████| 1/1 [00:00<00:00,  2.62it/s]
100%|██████████| 1/1 [00:00<00:00,  2.61it/s]

  0%|          | 0/1 [00:00<?, ?it/s]
100%|██████████| 1/1 [00:00<00:00,  1.66it/s]
100%|██████████| 1/1 [00:00<00:00,  1.66it/s]

  0%|          | 0/1 [00:00<?, ?it/s]
100%|██████████| 1/1 [00:00<00:00,  2.79it/s]
100%|██████████| 1/1 [00:00<00:00,  2.78it/s]

  0%|          | 0/1 [00:00<?, ?it/s]
100%|██████████| 1/1 [00:00<00:00,  1.80it/s]
100%|██████████| 1/1 [00:00<00:00,  1.80it/s]

  0%|          | 0/1 [00:00<?, ?it/s]
100%|██████████| 1/1 [00:00<00:00,  2.46it/s]
100%|██████████| 1/1 [00:00<00:00,  2.46it/s]

  0%|          | 0/1 [00:00<?, ?it/s]
100%|██████████| 1/1 [00:00<00:00,  1.83it/s]
100%|██████████| 1/1 [00:00<00:00,  1.83it/s]

  0%|          | 0/1 [00:00<?, ?it/s]
100%|██████████| 1/1 [00:00<00:00,  2.44it/s]
100%|██████████| 1/1 [00:00<00:00,  2.44it/s]

  0%|          | 0/1 [00:00<?, ?it/s]
100%|██████████| 1/1 [00:00<00:00,  2.42it/s]
100%|██████████| 1/1 [00:00<00:00,  2.42it/s]

  0%|          | 0/1 [00:00<?, ?it/s]
100%|██████████| 1/1 [00:00<00:00,  2.24it/s]
100%|██████████| 1/1 [00:00<00:00,  2.24it/s]

  0%|          | 0/1 [00:00<?, ?it/s]
100%|██████████| 1/1 [00:00<00:00,  2.15it/s]
100%|██████████| 1/1 [00:00<00:00,  2.15it/s]

  0%|          | 0/1 [00:00<?, ?it/s]
100%|██████████| 1/1 [00:00<00:00,  1.75it/s]
100%|██████████| 1/1 [00:00<00:00,  1.74it/s]

  0%|          | 0/1 [00:00<?, ?it/s]
100%|██████████| 1/1 [00:00<00:00,  2.58it/s]
100%|██████████| 1/1 [00:00<00:00,  2.57it/s]

  0%|          | 0/1 [00:00<?, ?it/s]
100%|██████████| 1/1 [00:00<00:00,  2.69it/s]
100%|██████████| 1/1 [00:00<00:00,  2.69it/s]

  0%|          | 0/1 [00:00<?, ?it/s]
100%|██████████| 1/1 [00:00<00:00,  1.73it/s]
100%|██████████| 1/1 [00:00<00:00,  1.73it/s]

  0%|          | 0/1 [00:00<?, ?it/s]
100%|██████████| 1/1 [00:00<00:00,  2.65it/s]
100%|██████████| 1/1 [00:00<00:00,  2.65it/s]

  0%|          | 0/1 [00:00<?, ?it/s]
100%|██████████| 1/1 [00:00<00:00,  1.60it/s]
100%|██████████| 1/1 [00:00<00:00,  1.60it/s]

  0%|          | 0/1 [00:00<?, ?it/s]
100%|██████████| 1/1 [00:00<00:00,  2.55it/s]
100%|██████████| 1/1 [00:00<00:00,  2.55it/s]

  0%|          | 0/1 [00:00<?, ?it/s]
100%|██████████| 1/1 [00:00<00:00,  1.56it/s]
100%|██████████| 1/1 [00:00<00:00,  1.56it/s]

  0%|          | 0/1 [00:00<?, ?it/s]
100%|██████████| 1/1 [00:00<00:00,  2.56it/s]
100%|██████████| 1/1 [00:00<00:00,  2.55it/s]

  0%|          | 0/1 [00:00<?, ?it/s]
100%|██████████| 1/1 [00:00<00:00,  2.69it/s]
100%|██████████| 1/1 [00:00<00:00,  2.68it/s]

  0%|          | 0/1 [00:00<?, ?it/s]
100%|██████████| 1/1 [00:00<00:00,  2.85it/s]
100%|██████████| 1/1 [00:00<00:00,  2.85it/s]

  0%|          | 0/1 [00:00<?, ?it/s]
100%|██████████| 1/1 [00:00<00:00,  1.65it/s]
100%|██████████| 1/1 [00:00<00:00,  1.64it/s]

  0%|          | 0/1 [00:00<?, ?it/s]
100%|██████████| 1/1 [00:00<00:00,  2.46it/s]
100%|██████████| 1/1 [00:00<00:00,  2.45it/s]

  0%|          | 0/1 [00:00<?, ?it/s]
100%|██████████| 1/1 [00:00<00:00,  3.04it/s]
100%|██████████| 1/1 [00:00<00:00,  3.03it/s]

  0%|          | 0/1 [00:00<?, ?it/s]
100%|██████████| 1/1 [00:00<00:00,  2.45it/s]
100%|██████████| 1/1 [00:00<00:00,  2.44it/s]

  0%|          | 0/1 [00:00<?, ?it/s]
100%|██████████| 1/1 [00:00<00:00,  1.75it/s]
100%|██████████| 1/1 [00:00<00:00,  1.75it/s]

  0%|          | 0/1 [00:00<?, ?it/s]
100%|██████████| 1/1 [00:00<00:00,  2.04it/s]
100%|██████████| 1/1 [00:00<00:00,  2.03it/s]

  0%|          | 0/1 [00:00<?, ?it/s]
100%|██████████| 1/1 [00:00<00:00,  1.91it/s]
100%|██████████| 1/1 [00:00<00:00,  1.91it/s]

  0%|          | 0/1 [00:00<?, ?it/s]
100%|██████████| 1/1 [00:00<00:00,  2.81it/s]
100%|██████████| 1/1 [00:00<00:00,  2.81it/s]

  0%|          | 0/1 [00:00<?, ?it/s]
100%|██████████| 1/1 [00:00<00:00,  2.45it/s]
100%|██████████| 1/1 [00:00<00:00,  2.45it/s]

  0%|          | 0/1 [00:00<?, ?it/s]
100%|██████████| 1/1 [00:00<00:00,  2.00it/s]
100%|██████████| 1/1 [00:00<00:00,  2.00it/s]

  0%|          | 0/1 [00:00<?, ?it/s]
100%|██████████| 1/1 [00:00<00:00,  2.88it/s]
100%|██████████| 1/1 [00:00<00:00,  2.88it/s]

  0%|          | 0/1 [00:00<?, ?it/s]
100%|██████████| 1/1 [00:00<00:00,  2.26it/s]
100%|██████████| 1/1 [00:00<00:00,  2.25it/s]

  0%|          | 0/1 [00:00<?, ?it/s]
100%|██████████| 1/1 [00:00<00:00,  2.16it/s]
100%|██████████| 1/1 [00:00<00:00,  2.16it/s]

  0%|          | 0/1 [00:00<?, ?it/s]
100%|██████████| 1/1 [00:00<00:00,  2.94it/s]
100%|██████████| 1/1 [00:00<00:00,  2.93it/s]

  0%|          | 0/1 [00:00<?, ?it/s]
100%|██████████| 1/1 [00:00<00:00,  2.44it/s]
100%|██████████| 1/1 [00:00<00:00,  2.44it/s]

  0%|          | 0/1 [00:00<?, ?it/s]
100%|██████████| 1/1 [00:00<00:00,  1.78it/s]
100%|██████████| 1/1 [00:00<00:00,  1.78it/s]

  0%|          | 0/1 [00:00<?, ?it/s]
100%|██████████| 1/1 [00:00<00:00,  2.45it/s]
100%|██████████| 1/1 [00:00<00:00,  2.45it/s]

  0%|          | 0/1 [00:00<?, ?it/s]
100%|██████████| 1/1 [00:00<00:00,  2.66it/s]
100%|██████████| 1/1 [00:00<00:00,  2.66it/s]

  0%|          | 0/1 [00:00<?, ?it/s]
100%|██████████| 1/1 [00:00<00:00,  2.03it/s]
100%|██████████| 1/1 [00:00<00:00,  2.03it/s]

  0%|          | 0/1 [00:00<?, ?it/s]
100%|██████████| 1/1 [00:00<00:00,  2.80it/s]
100%|██████████| 1/1 [00:00<00:00,  2.80it/s]

  0%|          | 0/1 [00:00<?, ?it/s]
100%|██████████| 1/1 [00:00<00:00,  1.83it/s]
100%|██████████| 1/1 [00:00<00:00,  1.83it/s]

  0%|          | 0/1 [00:00<?, ?it/s]
100%|██████████| 1/1 [00:00<00:00,  2.27it/s]
100%|██████████| 1/1 [00:00<00:00,  2.27it/s]

  0%|          | 0/1 [00:00<?, ?it/s]
100%|██████████| 1/1 [00:00<00:00,  2.11it/s]
100%|██████████| 1/1 [00:00<00:00,  2.11it/s]

  0%|          | 0/1 [00:00<?, ?it/s]
100%|██████████| 1/1 [00:00<00:00,  2.65it/s]
100%|██████████| 1/1 [00:00<00:00,  2.65it/s]

  0%|          | 0/1 [00:00<?, ?it/s]
100%|██████████| 1/1 [00:00<00:00,  2.50it/s]
100%|██████████| 1/1 [00:00<00:00,  2.50it/s]

  0%|          | 0/1 [00:00<?, ?it/s]
100%|██████████| 1/1 [00:00<00:00,  2.10it/s]
100%|██████████| 1/1 [00:00<00:00,  2.10it/s]

  0%|          | 0/1 [00:00<?, ?it/s]
100%|██████████| 1/1 [00:00<00:00,  2.70it/s]
100%|██████████| 1/1 [00:00<00:00,  2.70it/s]

  0%|          | 0/1 [00:00<?, ?it/s]
100%|██████████| 1/1 [00:00<00:00,  2.48it/s]
100%|██████████| 1/1 [00:00<00:00,  2.48it/s]

  0%|          | 0/1 [00:00<?, ?it/s]
100%|██████████| 1/1 [00:00<00:00,  2.12it/s]
100%|██████████| 1/1 [00:00<00:00,  2.12it/s]

  0%|          | 0/1 [00:00<?, ?it/s]
100%|██████████| 1/1 [00:00<00:00,  2.73it/s]
100%|██████████| 1/1 [00:00<00:00,  2.73it/s]

  0%|          | 0/1 [00:00<?, ?it/s]
100%|██████████| 1/1 [00:00<00:00,  2.67it/s]
100%|██████████| 1/1 [00:00<00:00,  2.67it/s]

  0%|          | 0/1 [00:00<?, ?it/s]
100%|██████████| 1/1 [00:00<00:00,  1.91it/s]
100%|██████████| 1/1 [00:00<00:00,  1.91it/s]

  0%|          | 0/1 [00:00<?, ?it/s]
100%|██████████| 1/1 [00:00<00:00,  3.39it/s]
100%|██████████| 1/1 [00:00<00:00,  3.38it/s]

  0%|          | 0/1 [00:00<?, ?it/s]
100%|██████████| 1/1 [00:00<00:00,  2.46it/s]
100%|██████████| 1/1 [00:00<00:00,  2.46it/s]

  0%|          | 0/1 [00:00<?, ?it/s]
100%|██████████| 1/1 [00:00<00:00,  2.74it/s]
100%|██████████| 1/1 [00:00<00:00,  2.73it/s]

  0%|          | 0/1 [00:00<?, ?it/s]
100%|██████████| 1/1 [00:00<00:00,  2.53it/s]
100%|██████████| 1/1 [00:00<00:00,  2.53it/s]

  0%|          | 0/1 [00:00<?, ?it/s]
100%|██████████| 1/1 [00:00<00:00,  2.64it/s]
100%|██████████| 1/1 [00:00<00:00,  2.64it/s]

  0%|          | 0/1 [00:00<?, ?it/s]
100%|██████████| 1/1 [00:00<00:00,  3.10it/s]
100%|██████████| 1/1 [00:00<00:00,  3.09it/s]

  0%|          | 0/1 [00:00<?, ?it/s]
100%|██████████| 1/1 [00:00<00:00,  2.67it/s]
100%|██████████| 1/1 [00:00<00:00,  2.67it/s]

  0%|          | 0/1 [00:00<?, ?it/s]
100%|██████████| 1/1 [00:00<00:00,  3.23it/s]
100%|██████████| 1/1 [00:00<00:00,  3.23it/s]

  0%|          | 0/1 [00:00<?, ?it/s]
100%|██████████| 1/1 [00:00<00:00,  3.41it/s]
100%|██████████| 1/1 [00:00<00:00,  3.40it/s]

  0%|          | 0/1 [00:00<?, ?it/s]
100%|██████████| 1/1 [00:00<00:00,  2.98it/s]
100%|██████████| 1/1 [00:00<00:00,  2.98it/s]

  0%|          | 0/1 [00:00<?, ?it/s]
100%|██████████| 1/1 [00:00<00:00,  3.19it/s]
100%|██████████| 1/1 [00:00<00:00,  3.19it/s]

  0%|          | 0/1 [00:00<?, ?it/s]
100%|██████████| 1/1 [00:00<00:00,  2.85it/s]
100%|██████████| 1/1 [00:00<00:00,  2.85it/s]

  0%|          | 0/1 [00:00<?, ?it/s]
100%|██████████| 1/1 [00:00<00:00,  2.74it/s]
100%|██████████| 1/1 [00:00<00:00,  2.74it/s]

  0%|          | 0/1 [00:00<?, ?it/s]
100%|██████████| 1/1 [00:00<00:00,  3.27it/s]
100%|██████████| 1/1 [00:00<00:00,  3.26it/s]

  0%|          | 0/1 [00:00<?, ?it/s]
100%|██████████| 1/1 [00:00<00:00,  3.48it/s]
100%|██████████| 1/1 [00:00<00:00,  3.48it/s]

  0%|          | 0/1 [00:00<?, ?it/s]
100%|██████████| 1/1 [00:00<00:00,  2.88it/s]
100%|██████████| 1/1 [00:00<00:00,  2.88it/s]

  0%|          | 0/1 [00:00<?, ?it/s]
100%|██████████| 1/1 [00:00<00:00,  2.97it/s]
100%|██████████| 1/1 [00:00<00:00,  2.97it/s]

  0%|          | 0/1 [00:00<?, ?it/s]
100%|██████████| 1/1 [00:00<00:00,  3.07it/s]
100%|██████████| 1/1 [00:00<00:00,  3.07it/s]

  0%|          | 0/1 [00:00<?, ?it/s]
100%|██████████| 1/1 [00:00<00:00,  2.94it/s]
100%|██████████| 1/1 [00:00<00:00,  2.93it/s]

  0%|          | 0/1 [00:00<?, ?it/s]
100%|██████████| 1/1 [00:00<00:00,  1.06it/s]
100%|██████████| 1/1 [00:00<00:00,  1.06it/s]

  0%|          | 0/1 [00:00<?, ?it/s]
100%|██████████| 1/1 [00:00<00:00,  2.59it/s]
100%|██████████| 1/1 [00:00<00:00,  2.58it/s]

  0%|          | 0/1 [00:00<?, ?it/s]
100%|██████████| 1/1 [00:00<00:00,  3.01it/s]
100%|██████████| 1/1 [00:00<00:00,  3.01it/s]

  0%|          | 0/1 [00:00<?, ?it/s]
100%|██████████| 1/1 [00:00<00:00,  3.31it/s]
100%|██████████| 1/1 [00:00<00:00,  3.31it/s]

  0%|          | 0/1 [00:00<?, ?it/s]
100%|██████████| 1/1 [00:00<00:00,  3.55it/s]
100%|██████████| 1/1 [00:00<00:00,  3.55it/s]

  0%|          | 0/1 [00:00<?, ?it/s]
100%|██████████| 1/1 [00:00<00:00,  2.91it/s]
100%|██████████| 1/1 [00:00<00:00,  2.91it/s]

  0%|          | 0/1 [00:00<?, ?it/s]
100%|██████████| 1/1 [00:00<00:00,  3.49it/s]
100%|██████████| 1/1 [00:00<00:00,  3.48it/s]

  0%|          | 0/1 [00:00<?, ?it/s]
100%|██████████| 1/1 [00:00<00:00,  3.37it/s]
100%|██████████| 1/1 [00:00<00:00,  3.37it/s]

  0%|          | 0/1 [00:00<?, ?it/s]
100%|██████████| 1/1 [00:00<00:00,  3.06it/s]
100%|██████████| 1/1 [00:00<00:00,  3.06it/s]

  0%|          | 0/1 [00:00<?, ?it/s]
100%|██████████| 1/1 [00:00<00:00,  2.82it/s]
100%|██████████| 1/1 [00:00<00:00,  2.82it/s]

  0%|          | 0/1 [00:00<?, ?it/s]
100%|██████████| 1/1 [00:00<00:00,  2.99it/s]
100%|██████████| 1/1 [00:00<00:00,  2.99it/s]

  0%|          | 0/1 [00:00<?, ?it/s]
100%|██████████| 1/1 [00:00<00:00,  3.66it/s]
100%|██████████| 1/1 [00:00<00:00,  3.66it/s]

  0%|          | 0/1 [00:00<?, ?it/s]
100%|██████████| 1/1 [00:00<00:00,  1.47it/s]
100%|██████████| 1/1 [00:00<00:00,  1.47it/s]

  0%|          | 0/1 [00:00<?, ?it/s]
100%|██████████| 1/1 [00:00<00:00,  2.87it/s]
100%|██████████| 1/1 [00:00<00:00,  2.86it/s]

  0%|          | 0/1 [00:00<?, ?it/s]
100%|██████████| 1/1 [00:00<00:00,  2.48it/s]
100%|██████████| 1/1 [00:00<00:00,  2.47it/s]

  0%|          | 0/1 [00:00<?, ?it/s]
100%|██████████| 1/1 [00:00<00:00,  2.90it/s]
100%|██████████| 1/1 [00:00<00:00,  2.90it/s]

  0%|          | 0/1 [00:00<?, ?it/s]
100%|██████████| 1/1 [00:00<00:00,  2.49it/s]
100%|██████████| 1/1 [00:00<00:00,  2.49it/s]

  0%|          | 0/1 [00:00<?, ?it/s]
100%|██████████| 1/1 [00:00<00:00,  2.81it/s]
100%|██████████| 1/1 [00:00<00:00,  2.81it/s]

  0%|          | 0/1 [00:00<?, ?it/s]
100%|██████████| 1/1 [00:00<00:00,  2.57it/s]
100%|██████████| 1/1 [00:00<00:00,  2.57it/s]

  0%|          | 0/1 [00:00<?, ?it/s]
100%|██████████| 1/1 [00:00<00:00,  2.72it/s]
100%|██████████| 1/1 [00:00<00:00,  2.72it/s]

  0%|          | 0/1 [00:00<?, ?it/s]
100%|██████████| 1/1 [00:00<00:00,  2.89it/s]
100%|██████████| 1/1 [00:00<00:00,  2.89it/s]

  0%|          | 0/1 [00:00<?, ?it/s]
100%|██████████| 1/1 [00:00<00:00,  2.57it/s]
100%|██████████| 1/1 [00:00<00:00,  2.57it/s]

  0%|          | 0/1 [00:00<?, ?it/s]
100%|██████████| 1/1 [00:00<00:00,  2.95it/s]
100%|██████████| 1/1 [00:00<00:00,  2.95it/s]

  0%|          | 0/1 [00:00<?, ?it/s]
100%|██████████| 1/1 [00:00<00:00,  2.74it/s]
100%|██████████| 1/1 [00:00<00:00,  2.74it/s]

  0%|          | 0/1 [00:00<?, ?it/s]
100%|██████████| 1/1 [00:01<00:00,  1.31s/it]
100%|██████████| 1/1 [00:01<00:00,  1.31s/it]

  0%|          | 0/1 [00:00<?, ?it/s]
100%|██████████| 1/1 [00:01<00:00,  1.83s/it]
100%|██████████| 1/1 [00:01<00:00,  1.83s/it]

  0%|          | 0/1 [00:00<?, ?it/s]
100%|██████████| 1/1 [00:00<00:00,  3.05it/s]
100%|██████████| 1/1 [00:00<00:00,  3.05it/s]

  0%|          | 0/1 [00:00<?, ?it/s]
100%|██████████| 1/1 [00:00<00:00,  3.13it/s]
100%|██████████| 1/1 [00:00<00:00,  3.13it/s]

  0%|          | 0/1 [00:00<?, ?it/s]
100%|██████████| 1/1 [00:00<00:00,  2.84it/s]
100%|██████████| 1/1 [00:00<00:00,  2.84it/s]

  0%|          | 0/1 [00:00<?, ?it/s]
100%|██████████| 1/1 [00:00<00:00,  2.95it/s]
100%|██████████| 1/1 [00:00<00:00,  2.95it/s]

  0%|          | 0/1 [00:00<?, ?it/s]
100%|██████████| 1/1 [00:00<00:00,  3.00it/s]
100%|██████████| 1/1 [00:00<00:00,  3.00it/s]

  0%|          | 0/1 [00:00<?, ?it/s]
100%|██████████| 1/1 [00:00<00:00,  1.46it/s]
100%|██████████| 1/1 [00:00<00:00,  1.46it/s]

  0%|          | 0/1 [00:00<?, ?it/s]
100%|██████████| 1/1 [00:00<00:00,  3.48it/s]
100%|██████████| 1/1 [00:00<00:00,  3.48it/s]

  0%|          | 0/1 [00:00<?, ?it/s]
100%|██████████| 1/1 [00:00<00:00,  2.62it/s]
100%|██████████| 1/1 [00:00<00:00,  2.62it/s]

  0%|          | 0/1 [00:00<?, ?it/s]
100%|██████████| 1/1 [00:00<00:00,  3.31it/s]
100%|██████████| 1/1 [00:00<00:00,  3.30it/s]

  0%|          | 0/1 [00:00<?, ?it/s]
100%|██████████| 1/1 [00:00<00:00,  3.20it/s]
100%|██████████| 1/1 [00:00<00:00,  3.20it/s]

  0%|          | 0/1 [00:00<?, ?it/s]
100%|██████████| 1/1 [00:00<00:00,  3.43it/s]
100%|██████████| 1/1 [00:00<00:00,  3.43it/s]

  0%|          | 0/1 [00:00<?, ?it/s]
100%|██████████| 1/1 [00:00<00:00,  3.01it/s]
100%|██████████| 1/1 [00:00<00:00,  3.01it/s]

  0%|          | 0/1 [00:00<?, ?it/s]
100%|██████████| 1/1 [00:00<00:00,  3.45it/s]
100%|██████████| 1/1 [00:00<00:00,  3.45it/s]

  0%|          | 0/1 [00:00<?, ?it/s]
100%|██████████| 1/1 [00:00<00:00,  2.54it/s]
100%|██████████| 1/1 [00:00<00:00,  2.53it/s]

  0%|          | 0/1 [00:00<?, ?it/s]
100%|██████████| 1/1 [00:00<00:00,  2.88it/s]
100%|██████████| 1/1 [00:00<00:00,  2.88it/s]

  0%|          | 0/1 [00:00<?, ?it/s]
100%|██████████| 1/1 [00:00<00:00,  2.63it/s]
100%|██████████| 1/1 [00:00<00:00,  2.63it/s]

  0%|          | 0/1 [00:00<?, ?it/s]
100%|██████████| 1/1 [00:00<00:00,  3.30it/s]
100%|██████████| 1/1 [00:00<00:00,  3.30it/s]

  0%|          | 0/1 [00:00<?, ?it/s]
100%|██████████| 1/1 [00:00<00:00,  2.41it/s]
100%|██████████| 1/1 [00:00<00:00,  2.41it/s]

  0%|          | 0/1 [00:00<?, ?it/s]
100%|██████████| 1/1 [00:00<00:00,  3.45it/s]
100%|██████████| 1/1 [00:00<00:00,  3.44it/s]

  0%|          | 0/1 [00:00<?, ?it/s]
100%|██████████| 1/1 [00:00<00:00,  2.90it/s]
100%|██████████| 1/1 [00:00<00:00,  2.90it/s]

  0%|          | 0/1 [00:00<?, ?it/s]
100%|██████████| 1/1 [00:00<00:00,  3.28it/s]
100%|██████████| 1/1 [00:00<00:00,  3.28it/s]

  0%|          | 0/1 [00:00<?, ?it/s]
100%|██████████| 1/1 [00:00<00:00,  2.24it/s]
100%|██████████| 1/1 [00:00<00:00,  2.23it/s]

  0%|          | 0/1 [00:00<?, ?it/s]
100%|██████████| 1/1 [00:00<00:00,  2.74it/s]
100%|██████████| 1/1 [00:00<00:00,  2.74it/s]

  0%|          | 0/1 [00:00<?, ?it/s]
100%|██████████| 1/1 [00:00<00:00,  2.68it/s]
100%|██████████| 1/1 [00:00<00:00,  2.68it/s]

  0%|          | 0/1 [00:00<?, ?it/s]
100%|██████████| 1/1 [00:00<00:00,  2.58it/s]
100%|██████████| 1/1 [00:00<00:00,  2.58it/s]

  0%|          | 0/1 [00:00<?, ?it/s]
100%|██████████| 1/1 [00:00<00:00,  3.22it/s]
100%|██████████| 1/1 [00:00<00:00,  3.21it/s]

  0%|          | 0/1 [00:00<?, ?it/s]
100%|██████████| 1/1 [00:00<00:00,  3.21it/s]
100%|██████████| 1/1 [00:00<00:00,  3.21it/s]

  0%|          | 0/1 [00:00<?, ?it/s]
100%|██████████| 1/1 [00:00<00:00,  2.62it/s]
100%|██████████| 1/1 [00:00<00:00,  2.62it/s]

  0%|          | 0/1 [00:00<?, ?it/s]
100%|██████████| 1/1 [00:00<00:00,  2.82it/s]
100%|██████████| 1/1 [00:00<00:00,  2.82it/s]

  0%|          | 0/1 [00:00<?, ?it/s]
100%|██████████| 1/1 [00:00<00:00,  2.73it/s]
100%|██████████| 1/1 [00:00<00:00,  2.73it/s]

  0%|          | 0/1 [00:00<?, ?it/s]
100%|██████████| 1/1 [00:00<00:00,  2.68it/s]
100%|██████████| 1/1 [00:00<00:00,  2.67it/s]

  0%|          | 0/1 [00:00<?, ?it/s]
100%|██████████| 1/1 [00:00<00:00,  1.42it/s]
100%|██████████| 1/1 [00:00<00:00,  1.42it/s]

  0%|          | 0/1 [00:00<?, ?it/s]
100%|██████████| 1/1 [00:00<00:00,  2.37it/s]
100%|██████████| 1/1 [00:00<00:00,  2.37it/s]

  0%|          | 0/1 [00:00<?, ?it/s]
100%|██████████| 1/1 [00:02<00:00,  2.01s/it]
100%|██████████| 1/1 [00:02<00:00,  2.01s/it]

  0%|          | 0/1 [00:00<?, ?it/s]
100%|██████████| 1/1 [00:00<00:00,  1.65it/s]
100%|██████████| 1/1 [00:00<00:00,  1.65it/s]

  0%|          | 0/1 [00:00<?, ?it/s]
100%|██████████| 1/1 [00:00<00:00,  3.31it/s]
100%|██████████| 1/1 [00:00<00:00,  3.31it/s]

  0%|          | 0/1 [00:00<?, ?it/s]
100%|██████████| 1/1 [00:00<00:00,  2.11it/s]
100%|██████████| 1/1 [00:00<00:00,  2.11it/s]

  0%|          | 0/1 [00:00<?, ?it/s]
100%|██████████| 1/1 [00:00<00:00,  2.84it/s]
100%|██████████| 1/1 [00:00<00:00,  2.84it/s]

  0%|          | 0/1 [00:00<?, ?it/s]
100%|██████████| 1/1 [00:00<00:00,  1.92it/s]
100%|██████████| 1/1 [00:00<00:00,  1.92it/s]

  0%|          | 0/1 [00:00<?, ?it/s]
100%|██████████| 1/1 [00:00<00:00,  1.07it/s]
100%|██████████| 1/1 [00:00<00:00,  1.07it/s]

  0%|          | 0/1 [00:00<?, ?it/s]
100%|██████████| 1/1 [00:00<00:00,  2.50it/s]
100%|██████████| 1/1 [00:00<00:00,  2.50it/s]

  0%|          | 0/1 [00:00<?, ?it/s]
100%|██████████| 1/1 [00:00<00:00,  2.79it/s]
100%|██████████| 1/1 [00:00<00:00,  2.79it/s]

  0%|          | 0/1 [00:00<?, ?it/s]
100%|██████████| 1/1 [00:00<00:00,  2.43it/s]
100%|██████████| 1/1 [00:00<00:00,  2.43it/s]

  0%|          | 0/1 [00:00<?, ?it/s]
100%|██████████| 1/1 [00:00<00:00,  1.85it/s]
100%|██████████| 1/1 [00:00<00:00,  1.85it/s]

  0%|          | 0/1 [00:00<?, ?it/s]
100%|██████████| 1/1 [00:00<00:00,  2.55it/s]
100%|██████████| 1/1 [00:00<00:00,  2.55it/s]

  0%|          | 0/1 [00:00<?, ?it/s]
100%|██████████| 1/1 [00:00<00:00,  2.65it/s]
100%|██████████| 1/1 [00:00<00:00,  2.65it/s]

  0%|          | 0/1 [00:00<?, ?it/s]
100%|██████████| 1/1 [00:00<00:00,  2.91it/s]
100%|██████████| 1/1 [00:00<00:00,  2.91it/s]

  0%|          | 0/1 [00:00<?, ?it/s]
100%|██████████| 1/1 [00:00<00:00,  3.01it/s]
100%|██████████| 1/1 [00:00<00:00,  3.01it/s]

  0%|          | 0/1 [00:00<?, ?it/s]
100%|██████████| 1/1 [00:00<00:00,  3.11it/s]
100%|██████████| 1/1 [00:00<00:00,  3.11it/s]

  0%|          | 0/1 [00:00<?, ?it/s]
100%|██████████| 1/1 [00:00<00:00,  3.13it/s]
100%|██████████| 1/1 [00:00<00:00,  3.12it/s]

  0%|          | 0/1 [00:00<?, ?it/s]
100%|██████████| 1/1 [00:00<00:00,  2.72it/s]
100%|██████████| 1/1 [00:00<00:00,  2.72it/s]

  0%|          | 0/1 [00:00<?, ?it/s]
100%|██████████| 1/1 [00:00<00:00,  1.99it/s]
100%|██████████| 1/1 [00:00<00:00,  1.99it/s]

  0%|          | 0/1 [00:00<?, ?it/s]
100%|██████████| 1/1 [00:00<00:00,  2.88it/s]
100%|██████████| 1/1 [00:00<00:00,  2.88it/s]

  0%|          | 0/1 [00:00<?, ?it/s]
100%|██████████| 1/1 [00:00<00:00,  3.16it/s]
100%|██████████| 1/1 [00:00<00:00,  3.15it/s]

  0%|          | 0/1 [00:00<?, ?it/s]
100%|██████████| 1/1 [00:00<00:00,  3.08it/s]
100%|██████████| 1/1 [00:00<00:00,  3.07it/s]

  0%|          | 0/1 [00:00<?, ?it/s]
100%|██████████| 1/1 [00:00<00:00,  2.97it/s]
100%|██████████| 1/1 [00:00<00:00,  2.97it/s]

  0%|          | 0/1 [00:00<?, ?it/s]
100%|██████████| 1/1 [00:00<00:00,  3.42it/s]
100%|██████████| 1/1 [00:00<00:00,  3.41it/s]

  0%|          | 0/1 [00:00<?, ?it/s]
100%|██████████| 1/1 [00:00<00:00,  2.32it/s]
100%|██████████| 1/1 [00:00<00:00,  2.32it/s]

  0%|          | 0/1 [00:00<?, ?it/s]
100%|██████████| 1/1 [00:01<00:00,  1.09s/it]
100%|██████████| 1/1 [00:01<00:00,  1.09s/it]

  0%|          | 0/1 [00:00<?, ?it/s]
100%|██████████| 1/1 [00:00<00:00,  2.70it/s]
100%|██████████| 1/1 [00:00<00:00,  2.70it/s]

  0%|          | 0/1 [00:00<?, ?it/s]
100%|██████████| 1/1 [00:00<00:00,  1.80it/s]
100%|██████████| 1/1 [00:00<00:00,  1.80it/s]

  0%|          | 0/1 [00:00<?, ?it/s]
100%|██████████| 1/1 [00:00<00:00,  2.10it/s]
100%|██████████| 1/1 [00:00<00:00,  2.10it/s]

  0%|          | 0/1 [00:00<?, ?it/s]
100%|██████████| 1/1 [00:00<00:00,  2.77it/s]
100%|██████████| 1/1 [00:00<00:00,  2.77it/s]

  0%|          | 0/1 [00:00<?, ?it/s]
100%|██████████| 1/1 [00:00<00:00,  3.37it/s]
100%|██████████| 1/1 [00:00<00:00,  3.37it/s]

  0%|          | 0/1 [00:00<?, ?it/s]
100%|██████████| 1/1 [00:00<00:00,  4.18it/s]
100%|██████████| 1/1 [00:00<00:00,  4.17it/s]

  0%|          | 0/1 [00:00<?, ?it/s]
100%|██████████| 1/1 [00:00<00:00,  4.18it/s]
100%|██████████| 1/1 [00:00<00:00,  4.18it/s]

  0%|          | 0/1 [00:00<?, ?it/s]
100%|██████████| 1/1 [00:00<00:00,  4.37it/s]
100%|██████████| 1/1 [00:00<00:00,  4.37it/s]

  0%|          | 0/1 [00:00<?, ?it/s]
100%|██████████| 1/1 [00:00<00:00,  4.34it/s]
100%|██████████| 1/1 [00:00<00:00,  4.33it/s]

  0%|          | 0/1 [00:00<?, ?it/s]
100%|██████████| 1/1 [00:00<00:00,  4.64it/s]
100%|██████████| 1/1 [00:00<00:00,  4.64it/s]

  0%|          | 0/1 [00:00<?, ?it/s]
100%|██████████| 1/1 [00:00<00:00,  4.32it/s]
100%|██████████| 1/1 [00:00<00:00,  4.31it/s]

  0%|          | 0/1 [00:00<?, ?it/s]
100%|██████████| 1/1 [00:00<00:00,  4.21it/s]
100%|██████████| 1/1 [00:00<00:00,  4.21it/s]

  0%|          | 0/1 [00:00<?, ?it/s]
100%|██████████| 1/1 [00:00<00:00,  4.55it/s]
100%|██████████| 1/1 [00:00<00:00,  4.54it/s]

  0%|          | 0/1 [00:00<?, ?it/s]
100%|██████████| 1/1 [00:00<00:00,  4.22it/s]
100%|██████████| 1/1 [00:00<00:00,  4.21it/s]

  0%|          | 0/1 [00:00<?, ?it/s]
100%|██████████| 1/1 [00:00<00:00,  4.18it/s]
100%|██████████| 1/1 [00:00<00:00,  4.18it/s]

  0%|          | 0/1 [00:00<?, ?it/s]
100%|██████████| 1/1 [00:00<00:00,  4.63it/s]
100%|██████████| 1/1 [00:00<00:00,  4.62it/s]

  0%|          | 0/1 [00:00<?, ?it/s]
100%|██████████| 1/1 [00:00<00:00,  4.37it/s]
100%|██████████| 1/1 [00:00<00:00,  4.37it/s]

  0%|          | 0/1 [00:00<?, ?it/s]
100%|██████████| 1/1 [00:00<00:00,  4.40it/s]
100%|██████████| 1/1 [00:00<00:00,  4.40it/s]

  0%|          | 0/1 [00:00<?, ?it/s]
100%|██████████| 1/1 [00:00<00:00,  4.34it/s]
100%|██████████| 1/1 [00:00<00:00,  4.33it/s]

  0%|          | 0/1 [00:00<?, ?it/s]
100%|██████████| 1/1 [00:00<00:00,  4.38it/s]
100%|██████████| 1/1 [00:00<00:00,  4.37it/s]

  0%|          | 0/1 [00:00<?, ?it/s]
100%|██████████| 1/1 [00:00<00:00,  4.39it/s]
100%|██████████| 1/1 [00:00<00:00,  4.39it/s]

  0%|          | 0/1 [00:00<?, ?it/s]
100%|██████████| 1/1 [00:00<00:00,  4.86it/s]
100%|██████████| 1/1 [00:00<00:00,  4.86it/s]

  0%|          | 0/1 [00:00<?, ?it/s]
100%|██████████| 1/1 [00:00<00:00,  4.87it/s]
100%|██████████| 1/1 [00:00<00:00,  4.86it/s]

  0%|          | 0/1 [00:00<?, ?it/s]
100%|██████████| 1/1 [00:00<00:00,  4.87it/s]
100%|██████████| 1/1 [00:00<00:00,  4.86it/s]

  0%|          | 0/1 [00:00<?, ?it/s]
100%|██████████| 1/1 [00:00<00:00,  4.95it/s]
100%|██████████| 1/1 [00:00<00:00,  4.95it/s]

  0%|          | 0/1 [00:00<?, ?it/s]
100%|██████████| 1/1 [00:00<00:00,  4.98it/s]
100%|██████████| 1/1 [00:00<00:00,  4.97it/s]

  0%|          | 0/1 [00:00<?, ?it/s]
100%|██████████| 1/1 [00:00<00:00,  4.80it/s]
100%|██████████| 1/1 [00:00<00:00,  4.80it/s]

  0%|          | 0/1 [00:00<?, ?it/s]
100%|██████████| 1/1 [00:00<00:00,  5.26it/s]
100%|██████████| 1/1 [00:00<00:00,  5.25it/s]

  0%|          | 0/1 [00:00<?, ?it/s]
100%|██████████| 1/1 [00:00<00:00,  5.28it/s]
100%|██████████| 1/1 [00:00<00:00,  5.28it/s]

  0%|          | 0/1 [00:00<?, ?it/s]
100%|██████████| 1/1 [00:00<00:00,  5.27it/s]
100%|██████████| 1/1 [00:00<00:00,  5.26it/s]

  0%|          | 0/1 [00:00<?, ?it/s]
100%|██████████| 1/1 [00:00<00:00,  5.25it/s]
100%|██████████| 1/1 [00:00<00:00,  5.25it/s]

  0%|          | 0/1 [00:00<?, ?it/s]
100%|██████████| 1/1 [00:00<00:00,  5.26it/s]
100%|██████████| 1/1 [00:00<00:00,  5.26it/s]

  0%|          | 0/1 [00:00<?, ?it/s]
100%|██████████| 1/1 [00:00<00:00,  4.46it/s]
100%|██████████| 1/1 [00:00<00:00,  4.45it/s]

  0%|          | 0/1 [00:00<?, ?it/s]
100%|██████████| 1/1 [00:00<00:00,  4.45it/s]
100%|██████████| 1/1 [00:00<00:00,  4.44it/s]

  0%|          | 0/1 [00:00<?, ?it/s]
100%|██████████| 1/1 [00:00<00:00,  4.41it/s]
100%|██████████| 1/1 [00:00<00:00,  4.40it/s]

  0%|          | 0/1 [00:00<?, ?it/s]
100%|██████████| 1/1 [00:00<00:00,  5.17it/s]
100%|██████████| 1/1 [00:00<00:00,  5.17it/s]

  0%|          | 0/1 [00:00<?, ?it/s]
100%|██████████| 1/1 [00:00<00:00,  5.27it/s]
100%|██████████| 1/1 [00:00<00:00,  5.27it/s]

  0%|          | 0/1 [00:00<?, ?it/s]
100%|██████████| 1/1 [00:00<00:00,  5.11it/s]
100%|██████████| 1/1 [00:00<00:00,  5.11it/s]

  0%|          | 0/1 [00:00<?, ?it/s]
100%|██████████| 1/1 [00:00<00:00,  5.09it/s]
100%|██████████| 1/1 [00:00<00:00,  5.08it/s]

  0%|          | 0/1 [00:00<?, ?it/s]
100%|██████████| 1/1 [00:00<00:00,  5.17it/s]
100%|██████████| 1/1 [00:00<00:00,  5.17it/s]

  0%|          | 0/1 [00:00<?, ?it/s]
100%|██████████| 1/1 [00:00<00:00,  5.18it/s]
100%|██████████| 1/1 [00:00<00:00,  5.18it/s]

  0%|          | 0/1 [00:00<?, ?it/s]
100%|██████████| 1/1 [00:00<00:00,  5.06it/s]
100%|██████████| 1/1 [00:00<00:00,  5.06it/s]

  0%|          | 0/1 [00:00<?, ?it/s]
100%|██████████| 1/1 [00:00<00:00,  4.79it/s]
100%|██████████| 1/1 [00:00<00:00,  4.79it/s]

  0%|          | 0/1 [00:00<?, ?it/s]
100%|██████████| 1/1 [00:00<00:00,  5.23it/s]
100%|██████████| 1/1 [00:00<00:00,  5.23it/s]

  0%|          | 0/1 [00:00<?, ?it/s]
100%|██████████| 1/1 [00:00<00:00,  5.17it/s]
100%|██████████| 1/1 [00:00<00:00,  5.16it/s]

  0%|          | 0/1 [00:00<?, ?it/s]
100%|██████████| 1/1 [00:00<00:00,  4.60it/s]
100%|██████████| 1/1 [00:00<00:00,  4.60it/s]

  0%|          | 0/1 [00:00<?, ?it/s]
100%|██████████| 1/1 [00:00<00:00,  4.70it/s]
100%|██████████| 1/1 [00:00<00:00,  4.70it/s]

  0%|          | 0/1 [00:00<?, ?it/s]
100%|██████████| 1/1 [00:00<00:00,  4.96it/s]
100%|██████████| 1/1 [00:00<00:00,  4.96it/s]

  0%|          | 0/1 [00:00<?, ?it/s]
100%|██████████| 1/1 [00:00<00:00,  5.31it/s]
100%|██████████| 1/1 [00:00<00:00,  5.30it/s]

  0%|          | 0/1 [00:00<?, ?it/s]
100%|██████████| 1/1 [00:00<00:00,  5.31it/s]
100%|██████████| 1/1 [00:00<00:00,  5.31it/s]

  0%|          | 0/1 [00:00<?, ?it/s]
100%|██████████| 1/1 [00:00<00:00,  5.27it/s]
100%|██████████| 1/1 [00:00<00:00,  5.27it/s]

  0%|          | 0/1 [00:00<?, ?it/s]
100%|██████████| 1/1 [00:00<00:00,  5.28it/s]
100%|██████████| 1/1 [00:00<00:00,  5.27it/s]

  0%|          | 0/1 [00:00<?, ?it/s]
100%|██████████| 1/1 [00:00<00:00,  4.86it/s]
100%|██████████| 1/1 [00:00<00:00,  4.85it/s]

  0%|          | 0/1 [00:00<?, ?it/s]
100%|██████████| 1/1 [00:00<00:00,  4.90it/s]
100%|██████████| 1/1 [00:00<00:00,  4.89it/s]

  0%|          | 0/1 [00:00<?, ?it/s]
100%|██████████| 1/1 [00:00<00:00,  4.87it/s]
100%|██████████| 1/1 [00:00<00:00,  4.86it/s]

  0%|          | 0/1 [00:00<?, ?it/s]
100%|██████████| 1/1 [00:00<00:00,  5.15it/s]
100%|██████████| 1/1 [00:00<00:00,  5.15it/s]

  0%|          | 0/1 [00:00<?, ?it/s]
100%|██████████| 1/1 [00:00<00:00,  5.02it/s]
100%|██████████| 1/1 [00:00<00:00,  5.02it/s]

  0%|          | 0/1 [00:00<?, ?it/s]
100%|██████████| 1/1 [00:00<00:00,  4.49it/s]
100%|██████████| 1/1 [00:00<00:00,  4.49it/s]

  0%|          | 0/1 [00:00<?, ?it/s]
100%|██████████| 1/1 [00:00<00:00,  5.27it/s]
100%|██████████| 1/1 [00:00<00:00,  5.27it/s]

  0%|          | 0/1 [00:00<?, ?it/s]
100%|██████████| 1/1 [00:00<00:00,  5.29it/s]
100%|██████████| 1/1 [00:00<00:00,  5.29it/s]

  0%|          | 0/1 [00:00<?, ?it/s]
100%|██████████| 1/1 [00:00<00:00,  5.22it/s]
100%|██████████| 1/1 [00:00<00:00,  5.22it/s]

  0%|          | 0/1 [00:00<?, ?it/s]
100%|██████████| 1/1 [00:00<00:00,  5.22it/s]
100%|██████████| 1/1 [00:00<00:00,  5.21it/s]

  0%|          | 0/1 [00:00<?, ?it/s]
100%|██████████| 1/1 [00:00<00:00,  5.22it/s]
100%|██████████| 1/1 [00:00<00:00,  5.21it/s]

  0%|          | 0/1 [00:00<?, ?it/s]
100%|██████████| 1/1 [00:00<00:00,  5.15it/s]
100%|██████████| 1/1 [00:00<00:00,  5.15it/s]

  0%|          | 0/1 [00:00<?, ?it/s]
100%|██████████| 1/1 [00:00<00:00,  4.85it/s]
100%|██████████| 1/1 [00:00<00:00,  4.84it/s]

  0%|          | 0/1 [00:00<?, ?it/s]
100%|██████████| 1/1 [00:00<00:00,  4.24it/s]
100%|██████████| 1/1 [00:00<00:00,  4.24it/s]

  0%|          | 0/1 [00:00<?, ?it/s]
100%|██████████| 1/1 [00:00<00:00,  4.35it/s]
100%|██████████| 1/1 [00:00<00:00,  4.35it/s]

  0%|          | 0/1 [00:00<?, ?it/s]
100%|██████████| 1/1 [00:00<00:00,  5.06it/s]
100%|██████████| 1/1 [00:00<00:00,  5.05it/s]

  0%|          | 0/1 [00:00<?, ?it/s]
100%|██████████| 1/1 [00:00<00:00,  5.42it/s]
100%|██████████| 1/1 [00:00<00:00,  5.41it/s]

  0%|          | 0/1 [00:00<?, ?it/s]
100%|██████████| 1/1 [00:00<00:00,  5.51it/s]
100%|██████████| 1/1 [00:00<00:00,  5.51it/s]

  0%|          | 0/1 [00:00<?, ?it/s]
100%|██████████| 1/1 [00:00<00:00,  5.50it/s]
100%|██████████| 1/1 [00:00<00:00,  5.49it/s]

  0%|          | 0/1 [00:00<?, ?it/s]
100%|██████████| 1/1 [00:00<00:00,  5.47it/s]
100%|██████████| 1/1 [00:00<00:00,  5.47it/s]

  0%|          | 0/1 [00:00<?, ?it/s]
100%|██████████| 1/1 [00:00<00:00,  5.51it/s]
100%|██████████| 1/1 [00:00<00:00,  5.51it/s]

  0%|          | 0/1 [00:00<?, ?it/s]
100%|██████████| 1/1 [00:00<00:00,  5.48it/s]
100%|██████████| 1/1 [00:00<00:00,  5.47it/s]

  0%|          | 0/1 [00:00<?, ?it/s]
100%|██████████| 1/1 [00:00<00:00,  5.18it/s]
100%|██████████| 1/1 [00:00<00:00,  5.17it/s]

  0%|          | 0/1 [00:00<?, ?it/s]
100%|██████████| 1/1 [00:00<00:00,  4.90it/s]
100%|██████████| 1/1 [00:00<00:00,  4.89it/s]

  0%|          | 0/1 [00:00<?, ?it/s]
100%|██████████| 1/1 [00:00<00:00,  5.09it/s]
100%|██████████| 1/1 [00:00<00:00,  5.09it/s]

  0%|          | 0/1 [00:00<?, ?it/s]
100%|██████████| 1/1 [00:00<00:00,  5.24it/s]
100%|██████████| 1/1 [00:00<00:00,  5.24it/s]

  0%|          | 0/1 [00:00<?, ?it/s]
100%|██████████| 1/1 [00:00<00:00,  5.01it/s]
100%|██████████| 1/1 [00:00<00:00,  5.01it/s]

  0%|          | 0/1 [00:00<?, ?it/s]
100%|██████████| 1/1 [00:00<00:00,  4.78it/s]
100%|██████████| 1/1 [00:00<00:00,  4.77it/s]

  0%|          | 0/1 [00:00<?, ?it/s]
100%|██████████| 1/1 [00:00<00:00,  4.77it/s]
100%|██████████| 1/1 [00:00<00:00,  4.76it/s]

  0%|          | 0/1 [00:00<?, ?it/s]
100%|██████████| 1/1 [00:00<00:00,  2.37it/s]
100%|██████████| 1/1 [00:00<00:00,  2.37it/s]

  0%|          | 0/1 [00:00<?, ?it/s]
100%|██████████| 1/1 [00:00<00:00,  3.02it/s]
100%|██████████| 1/1 [00:00<00:00,  3.02it/s]

  0%|          | 0/1 [00:00<?, ?it/s]
100%|██████████| 1/1 [00:00<00:00,  4.24it/s]
100%|██████████| 1/1 [00:00<00:00,  4.23it/s]

  0%|          | 0/1 [00:00<?, ?it/s]
100%|██████████| 1/1 [00:00<00:00,  3.98it/s]
100%|██████████| 1/1 [00:00<00:00,  3.98it/s]

  0%|          | 0/1 [00:00<?, ?it/s]
100%|██████████| 1/1 [00:00<00:00,  4.60it/s]
100%|██████████| 1/1 [00:00<00:00,  4.59it/s]

  0%|          | 0/1 [00:00<?, ?it/s]
100%|██████████| 1/1 [00:00<00:00,  3.84it/s]
100%|██████████| 1/1 [00:00<00:00,  3.84it/s]

  0%|          | 0/1 [00:00<?, ?it/s]
100%|██████████| 1/1 [00:00<00:00,  2.50it/s]
100%|██████████| 1/1 [00:00<00:00,  2.50it/s]

  0%|          | 0/1 [00:00<?, ?it/s]
100%|██████████| 1/1 [00:00<00:00,  3.58it/s]
100%|██████████| 1/1 [00:00<00:00,  3.58it/s]

  0%|          | 0/1 [00:00<?, ?it/s]
100%|██████████| 1/1 [00:00<00:00,  2.54it/s]
100%|██████████| 1/1 [00:00<00:00,  2.53it/s]

  0%|          | 0/1 [00:00<?, ?it/s]
100%|██████████| 1/1 [00:00<00:00,  3.76it/s]
100%|██████████| 1/1 [00:00<00:00,  3.75it/s]

  0%|          | 0/1 [00:00<?, ?it/s]
100%|██████████| 1/1 [00:00<00:00,  3.79it/s]
100%|██████████| 1/1 [00:00<00:00,  3.79it/s]

  0%|          | 0/1 [00:00<?, ?it/s]
100%|██████████| 1/1 [00:00<00:00,  2.16it/s]
100%|██████████| 1/1 [00:00<00:00,  2.15it/s]

  0%|          | 0/1 [00:00<?, ?it/s]
100%|██████████| 1/1 [00:00<00:00,  3.55it/s]
100%|██████████| 1/1 [00:00<00:00,  3.55it/s]

  0%|          | 0/1 [00:00<?, ?it/s]
100%|██████████| 1/1 [00:00<00:00,  3.91it/s]
100%|██████████| 1/1 [00:00<00:00,  3.90it/s]

  0%|          | 0/1 [00:00<?, ?it/s]
100%|██████████| 1/1 [00:00<00:00,  4.09it/s]
100%|██████████| 1/1 [00:00<00:00,  4.08it/s]

  0%|          | 0/1 [00:00<?, ?it/s]
100%|██████████| 1/1 [00:00<00:00,  4.76it/s]
100%|██████████| 1/1 [00:00<00:00,  4.76it/s]

  0%|          | 0/1 [00:00<?, ?it/s]
100%|██████████| 1/1 [00:00<00:00,  2.74it/s]
100%|██████████| 1/1 [00:00<00:00,  2.73it/s]

  0%|          | 0/1 [00:00<?, ?it/s]
100%|██████████| 1/1 [00:00<00:00,  3.77it/s]
100%|██████████| 1/1 [00:00<00:00,  3.76it/s]

  0%|          | 0/1 [00:00<?, ?it/s]
100%|██████████| 1/1 [00:00<00:00,  3.61it/s]
100%|██████████| 1/1 [00:00<00:00,  3.61it/s]

  0%|          | 0/1 [00:00<?, ?it/s]
100%|██████████| 1/1 [00:00<00:00,  4.45it/s]
100%|██████████| 1/1 [00:00<00:00,  4.45it/s]

  0%|          | 0/1 [00:00<?, ?it/s]
100%|██████████| 1/1 [00:00<00:00,  2.34it/s]
100%|██████████| 1/1 [00:00<00:00,  2.34it/s]

  0%|          | 0/1 [00:00<?, ?it/s]
100%|██████████| 1/1 [00:00<00:00,  3.72it/s]
100%|██████████| 1/1 [00:00<00:00,  3.72it/s]

  0%|          | 0/1 [00:00<?, ?it/s]
100%|██████████| 1/1 [00:00<00:00,  4.01it/s]
100%|██████████| 1/1 [00:00<00:00,  4.01it/s]

  0%|          | 0/1 [00:00<?, ?it/s]
100%|██████████| 1/1 [00:00<00:00,  3.94it/s]
100%|██████████| 1/1 [00:00<00:00,  3.94it/s]

  0%|          | 0/1 [00:00<?, ?it/s]
100%|██████████| 1/1 [00:00<00:00,  2.30it/s]
100%|██████████| 1/1 [00:00<00:00,  2.30it/s]

  0%|          | 0/1 [00:00<?, ?it/s]
100%|██████████| 1/1 [00:00<00:00,  3.90it/s]
100%|██████████| 1/1 [00:00<00:00,  3.89it/s]

  0%|          | 0/1 [00:00<?, ?it/s]
100%|██████████| 1/1 [00:00<00:00,  3.85it/s]
100%|██████████| 1/1 [00:00<00:00,  3.85it/s]

  0%|          | 0/1 [00:00<?, ?it/s]
100%|██████████| 1/1 [00:00<00:00,  3.87it/s]
100%|██████████| 1/1 [00:00<00:00,  3.87it/s]

  0%|          | 0/1 [00:00<?, ?it/s]
100%|██████████| 1/1 [00:00<00:00,  3.67it/s]
100%|██████████| 1/1 [00:00<00:00,  3.66it/s]

  0%|          | 0/1 [00:00<?, ?it/s]
100%|██████████| 1/1 [00:00<00:00,  2.29it/s]
100%|██████████| 1/1 [00:00<00:00,  2.29it/s]

  0%|          | 0/1 [00:00<?, ?it/s]
100%|██████████| 1/1 [00:00<00:00,  3.80it/s]
100%|██████████| 1/1 [00:00<00:00,  3.80it/s]

  0%|          | 0/1 [00:00<?, ?it/s]
100%|██████████| 1/1 [00:00<00:00,  3.78it/s]
100%|██████████| 1/1 [00:00<00:00,  3.78it/s]

  0%|          | 0/1 [00:00<?, ?it/s]
100%|██████████| 1/1 [00:00<00:00,  2.61it/s]
100%|██████████| 1/1 [00:00<00:00,  2.60it/s]

  0%|          | 0/1 [00:00<?, ?it/s]
100%|██████████| 1/1 [00:00<00:00,  4.06it/s]
100%|██████████| 1/1 [00:00<00:00,  4.06it/s]

  0%|          | 0/1 [00:00<?, ?it/s]
100%|██████████| 1/1 [00:00<00:00,  3.92it/s]
100%|██████████| 1/1 [00:00<00:00,  3.91it/s]

  0%|          | 0/1 [00:00<?, ?it/s]
100%|██████████| 1/1 [00:00<00:00,  2.13it/s]
100%|██████████| 1/1 [00:00<00:00,  2.13it/s]

  0%|          | 0/1 [00:00<?, ?it/s]
100%|██████████| 1/1 [00:00<00:00,  2.64it/s]
100%|██████████| 1/1 [00:00<00:00,  2.64it/s]

  0%|          | 0/1 [00:00<?, ?it/s]
100%|██████████| 1/1 [00:00<00:00,  3.67it/s]
100%|██████████| 1/1 [00:00<00:00,  3.66it/s]

  0%|          | 0/1 [00:00<?, ?it/s]
100%|██████████| 1/1 [00:00<00:00,  3.60it/s]
100%|██████████| 1/1 [00:00<00:00,  3.60it/s]

  0%|          | 0/1 [00:00<?, ?it/s]
100%|██████████| 1/1 [00:00<00:00,  3.94it/s]
100%|██████████| 1/1 [00:00<00:00,  3.94it/s]

  0%|          | 0/1 [00:00<?, ?it/s]
100%|██████████| 1/1 [00:00<00:00,  3.92it/s]
100%|██████████| 1/1 [00:00<00:00,  3.92it/s]

  0%|          | 0/1 [00:00<?, ?it/s]
100%|██████████| 1/1 [00:00<00:00,  4.63it/s]
100%|██████████| 1/1 [00:00<00:00,  4.63it/s]

  0%|          | 0/1 [00:00<?, ?it/s]
100%|██████████| 1/1 [00:00<00:00,  4.79it/s]
100%|██████████| 1/1 [00:00<00:00,  4.78it/s]

  0%|          | 0/1 [00:00<?, ?it/s]
100%|██████████| 1/1 [00:00<00:00,  4.72it/s]
100%|██████████| 1/1 [00:00<00:00,  4.71it/s]

  0%|          | 0/1 [00:00<?, ?it/s]
100%|██████████| 1/1 [00:00<00:00,  4.88it/s]
100%|██████████| 1/1 [00:00<00:00,  4.87it/s]

  0%|          | 0/1 [00:00<?, ?it/s]
100%|██████████| 1/1 [00:00<00:00,  5.00it/s]
100%|██████████| 1/1 [00:00<00:00,  5.00it/s]

  0%|          | 0/1 [00:00<?, ?it/s]
100%|██████████| 1/1 [00:00<00:00,  4.85it/s]
100%|██████████| 1/1 [00:00<00:00,  4.84it/s]

  0%|          | 0/1 [00:00<?, ?it/s]
100%|██████████| 1/1 [00:00<00:00,  5.03it/s]
100%|██████████| 1/1 [00:00<00:00,  5.02it/s]

  0%|          | 0/1 [00:00<?, ?it/s]
100%|██████████| 1/1 [00:00<00:00,  5.10it/s]
100%|██████████| 1/1 [00:00<00:00,  5.09it/s]

  0%|          | 0/1 [00:00<?, ?it/s]
100%|██████████| 1/1 [00:00<00:00,  5.18it/s]
100%|██████████| 1/1 [00:00<00:00,  5.17it/s]

  0%|          | 0/1 [00:00<?, ?it/s]
100%|██████████| 1/1 [00:00<00:00,  5.13it/s]
100%|██████████| 1/1 [00:00<00:00,  5.13it/s]

  0%|          | 0/1 [00:00<?, ?it/s]
100%|██████████| 1/1 [00:00<00:00,  5.15it/s]
100%|██████████| 1/1 [00:00<00:00,  5.14it/s]

  0%|          | 0/1 [00:00<?, ?it/s]
100%|██████████| 1/1 [00:00<00:00,  5.10it/s]
100%|██████████| 1/1 [00:00<00:00,  5.10it/s]

  0%|          | 0/1 [00:00<?, ?it/s]
100%|██████████| 1/1 [00:00<00:00,  4.81it/s]
100%|██████████| 1/1 [00:00<00:00,  4.81it/s]

  0%|          | 0/1 [00:00<?, ?it/s]
100%|██████████| 1/1 [00:00<00:00,  4.81it/s]
100%|██████████| 1/1 [00:00<00:00,  4.80it/s]

  0%|          | 0/1 [00:00<?, ?it/s]
100%|██████████| 1/1 [00:00<00:00,  4.81it/s]
100%|██████████| 1/1 [00:00<00:00,  4.81it/s]

  0%|          | 0/1 [00:00<?, ?it/s]
100%|██████████| 1/1 [00:00<00:00,  4.90it/s]
100%|██████████| 1/1 [00:00<00:00,  4.89it/s]

  0%|          | 0/1 [00:00<?, ?it/s]
100%|██████████| 1/1 [00:00<00:00,  4.54it/s]
100%|██████████| 1/1 [00:00<00:00,  4.53it/s]

  0%|          | 0/1 [00:00<?, ?it/s]
100%|██████████| 1/1 [00:00<00:00,  4.67it/s]
100%|██████████| 1/1 [00:00<00:00,  4.67it/s]

  0%|          | 0/1 [00:00<?, ?it/s]
100%|██████████| 1/1 [00:00<00:00,  4.48it/s]
100%|██████████| 1/1 [00:00<00:00,  4.47it/s]

  0%|          | 0/1 [00:00<?, ?it/s]
100%|██████████| 1/1 [00:00<00:00,  4.42it/s]
100%|██████████| 1/1 [00:00<00:00,  4.42it/s]

  0%|          | 0/1 [00:00<?, ?it/s]
100%|██████████| 1/1 [00:00<00:00,  4.80it/s]
100%|██████████| 1/1 [00:00<00:00,  4.79it/s]

  0%|          | 0/1 [00:00<?, ?it/s]
100%|██████████| 1/1 [00:00<00:00,  4.99it/s]
100%|██████████| 1/1 [00:00<00:00,  4.98it/s]

  0%|          | 0/1 [00:00<?, ?it/s]
100%|██████████| 1/1 [00:00<00:00,  4.92it/s]
100%|██████████| 1/1 [00:00<00:00,  4.91it/s]

  0%|          | 0/1 [00:00<?, ?it/s]
100%|██████████| 1/1 [00:00<00:00,  4.56it/s]
100%|██████████| 1/1 [00:00<00:00,  4.55it/s]

  0%|          | 0/1 [00:00<?, ?it/s]
100%|██████████| 1/1 [00:00<00:00,  4.38it/s]
100%|██████████| 1/1 [00:00<00:00,  4.38it/s]

  0%|          | 0/1 [00:00<?, ?it/s]
100%|██████████| 1/1 [00:00<00:00,  4.90it/s]
100%|██████████| 1/1 [00:00<00:00,  4.90it/s]

  0%|          | 0/1 [00:00<?, ?it/s]
100%|██████████| 1/1 [00:00<00:00,  4.58it/s]
100%|██████████| 1/1 [00:00<00:00,  4.58it/s]

  0%|          | 0/1 [00:00<?, ?it/s]
100%|██████████| 1/1 [00:00<00:00,  1.53it/s]
100%|██████████| 1/1 [00:00<00:00,  1.53it/s]

  0%|          | 0/1 [00:00<?, ?it/s]
100%|██████████| 1/1 [00:00<00:00,  4.01it/s]
100%|██████████| 1/1 [00:00<00:00,  4.01it/s]

  0%|          | 0/1 [00:00<?, ?it/s]
100%|██████████| 1/1 [00:00<00:00,  4.51it/s]
100%|██████████| 1/1 [00:00<00:00,  4.51it/s]

  0%|          | 0/1 [00:00<?, ?it/s]
100%|██████████| 1/1 [00:00<00:00,  4.32it/s]
100%|██████████| 1/1 [00:00<00:00,  4.32it/s]

  0%|          | 0/1 [00:00<?, ?it/s]
100%|██████████| 1/1 [00:00<00:00,  4.18it/s]
100%|██████████| 1/1 [00:00<00:00,  4.18it/s]

  0%|          | 0/1 [00:00<?, ?it/s]
100%|██████████| 1/1 [00:00<00:00,  4.24it/s]
100%|██████████| 1/1 [00:00<00:00,  4.24it/s]

  0%|          | 0/1 [00:00<?, ?it/s]
100%|██████████| 1/1 [00:00<00:00,  4.17it/s]
100%|██████████| 1/1 [00:00<00:00,  4.16it/s]

  0%|          | 0/1 [00:00<?, ?it/s]
100%|██████████| 1/1 [00:00<00:00,  3.95it/s]
100%|██████████| 1/1 [00:00<00:00,  3.95it/s]

  0%|          | 0/1 [00:00<?, ?it/s]
100%|██████████| 1/1 [00:00<00:00,  3.21it/s]
100%|██████████| 1/1 [00:00<00:00,  3.20it/s]

  0%|          | 0/1 [00:00<?, ?it/s]
100%|██████████| 1/1 [00:00<00:00,  4.02it/s]
100%|██████████| 1/1 [00:00<00:00,  4.01it/s]

  0%|          | 0/1 [00:00<?, ?it/s]
100%|██████████| 1/1 [00:00<00:00,  3.97it/s]
100%|██████████| 1/1 [00:00<00:00,  3.97it/s]

  0%|          | 0/1 [00:00<?, ?it/s]
100%|██████████| 1/1 [00:00<00:00,  4.14it/s]
100%|██████████| 1/1 [00:00<00:00,  4.13it/s]

  0%|          | 0/1 [00:00<?, ?it/s]
100%|██████████| 1/1 [00:00<00:00,  3.95it/s]
100%|██████████| 1/1 [00:00<00:00,  3.95it/s]

  0%|          | 0/1 [00:00<?, ?it/s]
100%|██████████| 1/1 [00:00<00:00,  4.55it/s]
100%|██████████| 1/1 [00:00<00:00,  4.54it/s]

  0%|          | 0/1 [00:00<?, ?it/s]
100%|██████████| 1/1 [00:00<00:00,  4.38it/s]
100%|██████████| 1/1 [00:00<00:00,  4.37it/s]

  0%|          | 0/1 [00:00<?, ?it/s]
100%|██████████| 1/1 [00:00<00:00,  4.36it/s]
100%|██████████| 1/1 [00:00<00:00,  4.35it/s]

  0%|          | 0/1 [00:00<?, ?it/s]
100%|██████████| 1/1 [00:00<00:00,  4.45it/s]
100%|██████████| 1/1 [00:00<00:00,  4.45it/s]

  0%|          | 0/1 [00:00<?, ?it/s]
100%|██████████| 1/1 [00:00<00:00,  4.29it/s]
100%|██████████| 1/1 [00:00<00:00,  4.29it/s]

  0%|          | 0/1 [00:00<?, ?it/s]
100%|██████████| 1/1 [00:00<00:00,  4.56it/s]
100%|██████████| 1/1 [00:00<00:00,  4.55it/s]

  0%|          | 0/1 [00:00<?, ?it/s]
100%|██████████| 1/1 [00:00<00:00,  4.54it/s]
100%|██████████| 1/1 [00:00<00:00,  4.53it/s]

  0%|          | 0/1 [00:00<?, ?it/s]
100%|██████████| 1/1 [00:00<00:00,  4.49it/s]
100%|██████████| 1/1 [00:00<00:00,  4.48it/s]

  0%|          | 0/1 [00:00<?, ?it/s]
100%|██████████| 1/1 [00:00<00:00,  2.11it/s]
100%|██████████| 1/1 [00:00<00:00,  2.11it/s]

  0%|          | 0/1 [00:00<?, ?it/s]
100%|██████████| 1/1 [00:00<00:00,  4.65it/s]
100%|██████████| 1/1 [00:00<00:00,  4.64it/s]

  0%|          | 0/1 [00:00<?, ?it/s]
100%|██████████| 1/1 [00:00<00:00,  4.93it/s]
100%|██████████| 1/1 [00:00<00:00,  4.92it/s]

  0%|          | 0/1 [00:00<?, ?it/s]
100%|██████████| 1/1 [00:00<00:00,  4.86it/s]
100%|██████████| 1/1 [00:00<00:00,  4.86it/s]

  0%|          | 0/1 [00:00<?, ?it/s]
100%|██████████| 1/1 [00:00<00:00,  5.03it/s]
100%|██████████| 1/1 [00:00<00:00,  5.03it/s]

  0%|          | 0/1 [00:00<?, ?it/s]
100%|██████████| 1/1 [00:00<00:00,  5.24it/s]
100%|██████████| 1/1 [00:00<00:00,  5.24it/s]

  0%|          | 0/1 [00:00<?, ?it/s]
100%|██████████| 1/1 [00:00<00:00,  5.34it/s]
100%|██████████| 1/1 [00:00<00:00,  5.34it/s]

  0%|          | 0/1 [00:00<?, ?it/s]
100%|██████████| 1/1 [00:00<00:00,  4.99it/s]
100%|██████████| 1/1 [00:00<00:00,  4.98it/s]

  0%|          | 0/1 [00:00<?, ?it/s]
100%|██████████| 1/1 [00:00<00:00,  4.77it/s]
100%|██████████| 1/1 [00:00<00:00,  4.76it/s]

  0%|          | 0/1 [00:00<?, ?it/s]
100%|██████████| 1/1 [00:00<00:00,  5.14it/s]
100%|██████████| 1/1 [00:00<00:00,  5.14it/s]

  0%|          | 0/1 [00:00<?, ?it/s]
100%|██████████| 1/1 [00:00<00:00,  5.23it/s]
100%|██████████| 1/1 [00:00<00:00,  5.23it/s]

  0%|          | 0/1 [00:00<?, ?it/s]
100%|██████████| 1/1 [00:00<00:00,  5.15it/s]
100%|██████████| 1/1 [00:00<00:00,  5.15it/s]

  0%|          | 0/1 [00:00<?, ?it/s]
100%|██████████| 1/1 [00:00<00:00,  4.69it/s]
100%|██████████| 1/1 [00:00<00:00,  4.69it/s]

  0%|          | 0/1 [00:00<?, ?it/s]
100%|██████████| 1/1 [00:00<00:00,  4.98it/s]
100%|██████████| 1/1 [00:00<00:00,  4.97it/s]

  0%|          | 0/1 [00:00<?, ?it/s]
100%|██████████| 1/1 [00:00<00:00,  5.04it/s]
100%|██████████| 1/1 [00:00<00:00,  5.03it/s]

  0%|          | 0/1 [00:00<?, ?it/s]
100%|██████████| 1/1 [00:00<00:00,  5.04it/s]
100%|██████████| 1/1 [00:00<00:00,  5.03it/s]

  0%|          | 0/1 [00:00<?, ?it/s]
100%|██████████| 1/1 [00:00<00:00,  4.87it/s]
100%|██████████| 1/1 [00:00<00:00,  4.87it/s]

  0%|          | 0/1 [00:00<?, ?it/s]
100%|██████████| 1/1 [00:00<00:00,  5.29it/s]
100%|██████████| 1/1 [00:00<00:00,  5.28it/s]

  0%|          | 0/1 [00:00<?, ?it/s]
100%|██████████| 1/1 [00:00<00:00,  5.15it/s]
100%|██████████| 1/1 [00:00<00:00,  5.14it/s]

  0%|          | 0/1 [00:00<?, ?it/s]
100%|██████████| 1/1 [00:00<00:00,  5.42it/s]
100%|██████████| 1/1 [00:00<00:00,  5.41it/s]

  0%|          | 0/1 [00:00<?, ?it/s]
100%|██████████| 1/1 [00:00<00:00,  4.63it/s]
100%|██████████| 1/1 [00:00<00:00,  4.62it/s]

  0%|          | 0/1 [00:00<?, ?it/s]
100%|██████████| 1/1 [00:00<00:00,  5.36it/s]
100%|██████████| 1/1 [00:00<00:00,  5.35it/s]

  0%|          | 0/1 [00:00<?, ?it/s]
100%|██████████| 1/1 [00:00<00:00,  5.40it/s]
100%|██████████| 1/1 [00:00<00:00,  5.40it/s]

  0%|          | 0/1 [00:00<?, ?it/s]
100%|██████████| 1/1 [00:00<00:00,  5.39it/s]
100%|██████████| 1/1 [00:00<00:00,  5.39it/s]

  0%|          | 0/1 [00:00<?, ?it/s]
100%|██████████| 1/1 [00:00<00:00,  5.44it/s]
100%|██████████| 1/1 [00:00<00:00,  5.43it/s]

  0%|          | 0/1 [00:00<?, ?it/s]
100%|██████████| 1/1 [00:00<00:00,  5.45it/s]
100%|██████████| 1/1 [00:00<00:00,  5.45it/s]

  0%|          | 0/1 [00:00<?, ?it/s]
100%|██████████| 1/1 [00:00<00:00,  5.39it/s]
100%|██████████| 1/1 [00:00<00:00,  5.38it/s]

  0%|          | 0/1 [00:00<?, ?it/s]
100%|██████████| 1/1 [00:00<00:00,  2.99it/s]
100%|██████████| 1/1 [00:00<00:00,  2.99it/s]

  0%|          | 0/1 [00:00<?, ?it/s]
100%|██████████| 1/1 [00:00<00:00,  5.09it/s]
100%|██████████| 1/1 [00:00<00:00,  5.08it/s]

  0%|          | 0/1 [00:00<?, ?it/s]
100%|██████████| 1/1 [00:00<00:00,  5.10it/s]
100%|██████████| 1/1 [00:00<00:00,  5.09it/s]

  0%|          | 0/1 [00:00<?, ?it/s]
100%|██████████| 1/1 [00:00<00:00,  5.26it/s]
100%|██████████| 1/1 [00:00<00:00,  5.25it/s]

  0%|          | 0/1 [00:00<?, ?it/s]
100%|██████████| 1/1 [00:00<00:00,  5.27it/s]
100%|██████████| 1/1 [00:00<00:00,  5.27it/s]

  0%|          | 0/1 [00:00<?, ?it/s]
100%|██████████| 1/1 [00:00<00:00,  5.28it/s]
100%|██████████| 1/1 [00:00<00:00,  5.27it/s]

  0%|          | 0/1 [00:00<?, ?it/s]
100%|██████████| 1/1 [00:00<00:00,  5.26it/s]
100%|██████████| 1/1 [00:00<00:00,  5.25it/s]

  0%|          | 0/1 [00:00<?, ?it/s]
100%|██████████| 1/1 [00:00<00:00,  5.21it/s]
100%|██████████| 1/1 [00:00<00:00,  5.21it/s]

  0%|          | 0/1 [00:00<?, ?it/s]
100%|██████████| 1/1 [00:00<00:00,  4.84it/s]
100%|██████████| 1/1 [00:00<00:00,  4.83it/s]

  0%|          | 0/1 [00:00<?, ?it/s]
100%|██████████| 1/1 [00:00<00:00,  4.66it/s]
100%|██████████| 1/1 [00:00<00:00,  4.65it/s]

  0%|          | 0/1 [00:00<?, ?it/s]
100%|██████████| 1/1 [00:00<00:00,  4.99it/s]
100%|██████████| 1/1 [00:00<00:00,  4.99it/s]

  0%|          | 0/1 [00:00<?, ?it/s]
100%|██████████| 1/1 [00:00<00:00,  4.88it/s]
100%|██████████| 1/1 [00:00<00:00,  4.87it/s]

  0%|          | 0/1 [00:00<?, ?it/s]
100%|██████████| 1/1 [00:00<00:00,  4.76it/s]
100%|██████████| 1/1 [00:00<00:00,  4.76it/s]

  0%|          | 0/1 [00:00<?, ?it/s]
100%|██████████| 1/1 [00:00<00:00,  4.63it/s]
100%|██████████| 1/1 [00:00<00:00,  4.63it/s]

  0%|          | 0/1 [00:00<?, ?it/s]
100%|██████████| 1/1 [00:00<00:00,  5.02it/s]
100%|██████████| 1/1 [00:00<00:00,  5.01it/s]

  0%|          | 0/1 [00:00<?, ?it/s]
100%|██████████| 1/1 [00:00<00:00,  4.95it/s]
100%|██████████| 1/1 [00:00<00:00,  4.95it/s]

  0%|          | 0/1 [00:00<?, ?it/s]
100%|██████████| 1/1 [00:00<00:00,  4.92it/s]
100%|██████████| 1/1 [00:00<00:00,  4.91it/s]

  0%|          | 0/1 [00:00<?, ?it/s]
100%|██████████| 1/1 [00:00<00:00,  5.08it/s]
100%|██████████| 1/1 [00:00<00:00,  5.07it/s]

  0%|          | 0/1 [00:00<?, ?it/s]
100%|██████████| 1/1 [00:00<00:00,  4.56it/s]
100%|██████████| 1/1 [00:00<00:00,  4.56it/s]

  0%|          | 0/1 [00:00<?, ?it/s]
100%|██████████| 1/1 [00:00<00:00,  4.74it/s]
100%|██████████| 1/1 [00:00<00:00,  4.74it/s]

  0%|          | 0/1 [00:00<?, ?it/s]
100%|██████████| 1/1 [00:00<00:00,  4.34it/s]
100%|██████████| 1/1 [00:00<00:00,  4.34it/s]

  0%|          | 0/1 [00:00<?, ?it/s]
100%|██████████| 1/1 [00:00<00:00,  3.94it/s]
100%|██████████| 1/1 [00:00<00:00,  3.94it/s]

  0%|          | 0/1 [00:00<?, ?it/s]
100%|██████████| 1/1 [00:00<00:00,  4.37it/s]
100%|██████████| 1/1 [00:00<00:00,  4.37it/s]

  0%|          | 0/1 [00:00<?, ?it/s]
100%|██████████| 1/1 [00:00<00:00,  4.20it/s]
100%|██████████| 1/1 [00:00<00:00,  4.19it/s]

  0%|          | 0/1 [00:00<?, ?it/s]
100%|██████████| 1/1 [00:00<00:00,  3.83it/s]
100%|██████████| 1/1 [00:00<00:00,  3.82it/s]

  0%|          | 0/1 [00:00<?, ?it/s]
100%|██████████| 1/1 [00:00<00:00,  3.98it/s]
100%|██████████| 1/1 [00:00<00:00,  3.98it/s]

  0%|          | 0/1 [00:00<?, ?it/s]
100%|██████████| 1/1 [00:00<00:00,  4.31it/s]
100%|██████████| 1/1 [00:00<00:00,  4.30it/s]

  0%|          | 0/1 [00:00<?, ?it/s]
100%|██████████| 1/1 [00:00<00:00,  2.64it/s]
100%|██████████| 1/1 [00:00<00:00,  2.64it/s]

  0%|          | 0/1 [00:00<?, ?it/s]
100%|██████████| 1/1 [00:00<00:00,  4.20it/s]
100%|██████████| 1/1 [00:00<00:00,  4.19it/s]

  0%|          | 0/1 [00:00<?, ?it/s]
100%|██████████| 1/1 [00:00<00:00,  4.63it/s]
100%|██████████| 1/1 [00:00<00:00,  4.62it/s]

  0%|          | 0/1 [00:00<?, ?it/s]
100%|██████████| 1/1 [00:00<00:00,  4.70it/s]
100%|██████████| 1/1 [00:00<00:00,  4.69it/s]

  0%|          | 0/1 [00:00<?, ?it/s]
100%|██████████| 1/1 [00:00<00:00,  4.87it/s]
100%|██████████| 1/1 [00:00<00:00,  4.86it/s]

  0%|          | 0/1 [00:00<?, ?it/s]
100%|██████████| 1/1 [00:00<00:00,  4.69it/s]
100%|██████████| 1/1 [00:00<00:00,  4.69it/s]

  0%|          | 0/1 [00:00<?, ?it/s]
100%|██████████| 1/1 [00:00<00:00,  4.93it/s]
100%|██████████| 1/1 [00:00<00:00,  4.92it/s]

  0%|          | 0/1 [00:00<?, ?it/s]
100%|██████████| 1/1 [00:00<00:00,  4.94it/s]
100%|██████████| 1/1 [00:00<00:00,  4.93it/s]

  0%|          | 0/1 [00:00<?, ?it/s]
100%|██████████| 1/1 [00:00<00:00,  4.83it/s]
100%|██████████| 1/1 [00:00<00:00,  4.82it/s]

  0%|          | 0/1 [00:00<?, ?it/s]
100%|██████████| 1/1 [00:00<00:00,  5.01it/s]
100%|██████████| 1/1 [00:00<00:00,  5.01it/s]

  0%|          | 0/1 [00:00<?, ?it/s]
100%|██████████| 1/1 [00:00<00:00,  4.96it/s]
100%|██████████| 1/1 [00:00<00:00,  4.96it/s]

  0%|          | 0/1 [00:00<?, ?it/s]
100%|██████████| 1/1 [00:00<00:00,  4.96it/s]
100%|██████████| 1/1 [00:00<00:00,  4.95it/s]

  0%|          | 0/1 [00:00<?, ?it/s]
100%|██████████| 1/1 [00:00<00:00,  5.06it/s]
100%|██████████| 1/1 [00:00<00:00,  5.06it/s]

  0%|          | 0/1 [00:00<?, ?it/s]
100%|██████████| 1/1 [00:00<00:00,  5.09it/s]
100%|██████████| 1/1 [00:00<00:00,  5.09it/s]

  0%|          | 0/1 [00:00<?, ?it/s]
100%|██████████| 1/1 [00:00<00:00,  5.12it/s]
100%|██████████| 1/1 [00:00<00:00,  5.11it/s]

  0%|          | 0/1 [00:00<?, ?it/s]
100%|██████████| 1/1 [00:00<00:00,  5.02it/s]
100%|██████████| 1/1 [00:00<00:00,  5.02it/s]

  0%|          | 0/1 [00:00<?, ?it/s]
100%|██████████| 1/1 [00:00<00:00,  5.07it/s]
100%|██████████| 1/1 [00:00<00:00,  5.07it/s]

  0%|          | 0/1 [00:00<?, ?it/s]
100%|██████████| 1/1 [00:00<00:00,  5.10it/s]
100%|██████████| 1/1 [00:00<00:00,  5.09it/s]

  0%|          | 0/1 [00:00<?, ?it/s]
100%|██████████| 1/1 [00:00<00:00,  5.02it/s]
100%|██████████| 1/1 [00:00<00:00,  5.02it/s]

  0%|          | 0/1 [00:00<?, ?it/s]
100%|██████████| 1/1 [00:00<00:00,  5.05it/s]
100%|██████████| 1/1 [00:00<00:00,  5.05it/s]

  0%|          | 0/1 [00:00<?, ?it/s]
100%|██████████| 1/1 [00:00<00:00,  5.09it/s]
100%|██████████| 1/1 [00:00<00:00,  5.08it/s]

  0%|          | 0/1 [00:00<?, ?it/s]
100%|██████████| 1/1 [00:00<00:00,  5.05it/s]
100%|██████████| 1/1 [00:00<00:00,  5.05it/s]

  0%|          | 0/1 [00:00<?, ?it/s]
100%|██████████| 1/1 [00:00<00:00,  5.23it/s]
100%|██████████| 1/1 [00:00<00:00,  5.23it/s]

  0%|          | 0/1 [00:00<?, ?it/s]
100%|██████████| 1/1 [00:00<00:00,  5.11it/s]
100%|██████████| 1/1 [00:00<00:00,  5.10it/s]

  0%|          | 0/1 [00:00<?, ?it/s]
100%|██████████| 1/1 [00:00<00:00,  3.21it/s]
100%|██████████| 1/1 [00:00<00:00,  3.21it/s]

  0%|          | 0/1 [00:00<?, ?it/s]
100%|██████████| 1/1 [00:00<00:00,  4.66it/s]
100%|██████████| 1/1 [00:00<00:00,  4.65it/s]

  0%|          | 0/1 [00:00<?, ?it/s]
100%|██████████| 1/1 [00:00<00:00,  4.82it/s]
100%|██████████| 1/1 [00:00<00:00,  4.82it/s]

  0%|          | 0/1 [00:00<?, ?it/s]
100%|██████████| 1/1 [00:00<00:00,  5.51it/s]
100%|██████████| 1/1 [00:00<00:00,  5.50it/s]

  0%|          | 0/1 [00:00<?, ?it/s]
100%|██████████| 1/1 [00:00<00:00,  5.58it/s]
100%|██████████| 1/1 [00:00<00:00,  5.57it/s]

  0%|          | 0/1 [00:00<?, ?it/s]
100%|██████████| 1/1 [00:00<00:00,  5.15it/s]
100%|██████████| 1/1 [00:00<00:00,  5.14it/s]

  0%|          | 0/1 [00:00<?, ?it/s]
100%|██████████| 1/1 [00:00<00:00,  5.14it/s]
100%|██████████| 1/1 [00:00<00:00,  5.14it/s]

  0%|          | 0/1 [00:00<?, ?it/s]
100%|██████████| 1/1 [00:00<00:00,  5.13it/s]
100%|██████████| 1/1 [00:00<00:00,  5.12it/s]

  0%|          | 0/1 [00:00<?, ?it/s]
100%|██████████| 1/1 [00:00<00:00,  5.16it/s]
100%|██████████| 1/1 [00:00<00:00,  5.16it/s]

  0%|          | 0/1 [00:00<?, ?it/s]
100%|██████████| 1/1 [00:00<00:00,  4.95it/s]
100%|██████████| 1/1 [00:00<00:00,  4.95it/s]

  0%|          | 0/1 [00:00<?, ?it/s]
100%|██████████| 1/1 [00:00<00:00,  4.85it/s]
100%|██████████| 1/1 [00:00<00:00,  4.84it/s]

  0%|          | 0/1 [00:00<?, ?it/s]
100%|██████████| 1/1 [00:00<00:00,  4.56it/s]
100%|██████████| 1/1 [00:00<00:00,  4.55it/s]

  0%|          | 0/1 [00:00<?, ?it/s]
100%|██████████| 1/1 [00:00<00:00,  5.02it/s]
100%|██████████| 1/1 [00:00<00:00,  5.01it/s]

  0%|          | 0/1 [00:00<?, ?it/s]
100%|██████████| 1/1 [00:00<00:00,  4.87it/s]
100%|██████████| 1/1 [00:00<00:00,  4.86it/s]

  0%|          | 0/1 [00:00<?, ?it/s]
100%|██████████| 1/1 [00:00<00:00,  5.18it/s]
100%|██████████| 1/1 [00:00<00:00,  5.18it/s]

  0%|          | 0/1 [00:00<?, ?it/s]
100%|██████████| 1/1 [00:00<00:00,  5.08it/s]
100%|██████████| 1/1 [00:00<00:00,  5.07it/s]

  0%|          | 0/1 [00:00<?, ?it/s]
100%|██████████| 1/1 [00:00<00:00,  5.11it/s]
100%|██████████| 1/1 [00:00<00:00,  5.10it/s]

  0%|          | 0/1 [00:00<?, ?it/s]
100%|██████████| 1/1 [00:00<00:00,  5.04it/s]
100%|██████████| 1/1 [00:00<00:00,  5.04it/s]

  0%|          | 0/1 [00:00<?, ?it/s]
100%|██████████| 1/1 [00:00<00:00,  4.99it/s]
100%|██████████| 1/1 [00:00<00:00,  4.98it/s]

  0%|          | 0/1 [00:00<?, ?it/s]
100%|██████████| 1/1 [00:00<00:00,  4.88it/s]
100%|██████████| 1/1 [00:00<00:00,  4.87it/s]

  0%|          | 0/1 [00:00<?, ?it/s]
100%|██████████| 1/1 [00:00<00:00,  4.89it/s]
100%|██████████| 1/1 [00:00<00:00,  4.89it/s]

  0%|          | 0/1 [00:00<?, ?it/s]
100%|██████████| 1/1 [00:00<00:00,  4.84it/s]
100%|██████████| 1/1 [00:00<00:00,  4.84it/s]

  0%|          | 0/1 [00:00<?, ?it/s]
100%|██████████| 1/1 [00:00<00:00,  4.88it/s]
100%|██████████| 1/1 [00:00<00:00,  4.87it/s]

  0%|          | 0/1 [00:00<?, ?it/s]
100%|██████████| 1/1 [00:00<00:00,  4.83it/s]
100%|██████████| 1/1 [00:00<00:00,  4.83it/s]

  0%|          | 0/1 [00:00<?, ?it/s]
100%|██████████| 1/1 [00:00<00:00,  5.02it/s]
100%|██████████| 1/1 [00:00<00:00,  5.02it/s]

  0%|          | 0/1 [00:00<?, ?it/s]
100%|██████████| 1/1 [00:00<00:00,  5.09it/s]
100%|██████████| 1/1 [00:00<00:00,  5.08it/s]

  0%|          | 0/1 [00:00<?, ?it/s]
100%|██████████| 1/1 [00:00<00:00,  4.93it/s]
100%|██████████| 1/1 [00:00<00:00,  4.93it/s]

  0%|          | 0/1 [00:00<?, ?it/s]
100%|██████████| 1/1 [00:00<00:00,  4.86it/s]
100%|██████████| 1/1 [00:00<00:00,  4.85it/s]

  0%|          | 0/1 [00:00<?, ?it/s]
100%|██████████| 1/1 [00:00<00:00,  3.62it/s]
100%|██████████| 1/1 [00:00<00:00,  3.62it/s]

  0%|          | 0/1 [00:00<?, ?it/s]
100%|██████████| 1/1 [00:00<00:00,  5.31it/s]
100%|██████████| 1/1 [00:00<00:00,  5.30it/s]

  0%|          | 0/1 [00:00<?, ?it/s]
100%|██████████| 1/1 [00:00<00:00,  5.09it/s]
100%|██████████| 1/1 [00:00<00:00,  5.08it/s]

  0%|          | 0/1 [00:00<?, ?it/s]
100%|██████████| 1/1 [00:00<00:00,  4.86it/s]
100%|██████████| 1/1 [00:00<00:00,  4.86it/s]

  0%|          | 0/1 [00:00<?, ?it/s]
100%|██████████| 1/1 [00:00<00:00,  4.86it/s]
100%|██████████| 1/1 [00:00<00:00,  4.86it/s]

  0%|          | 0/1 [00:00<?, ?it/s]
100%|██████████| 1/1 [00:00<00:00,  4.85it/s]
100%|██████████| 1/1 [00:00<00:00,  4.85it/s]

  0%|          | 0/1 [00:00<?, ?it/s]
100%|██████████| 1/1 [00:00<00:00,  4.72it/s]
100%|██████████| 1/1 [00:00<00:00,  4.71it/s]

  0%|          | 0/1 [00:00<?, ?it/s]
100%|██████████| 1/1 [00:00<00:00,  4.66it/s]
100%|██████████| 1/1 [00:00<00:00,  4.65it/s]

  0%|          | 0/1 [00:00<?, ?it/s]
100%|██████████| 1/1 [00:00<00:00,  4.98it/s]
100%|██████████| 1/1 [00:00<00:00,  4.97it/s]

  0%|          | 0/1 [00:00<?, ?it/s]
100%|██████████| 1/1 [00:00<00:00,  4.69it/s]
100%|██████████| 1/1 [00:00<00:00,  4.69it/s]

  0%|          | 0/1 [00:00<?, ?it/s]
100%|██████████| 1/1 [00:00<00:00,  4.15it/s]
100%|██████████| 1/1 [00:00<00:00,  4.14it/s]

  0%|          | 0/1 [00:00<?, ?it/s]
100%|██████████| 1/1 [00:00<00:00,  4.93it/s]
100%|██████████| 1/1 [00:00<00:00,  4.92it/s]

  0%|          | 0/1 [00:00<?, ?it/s]
100%|██████████| 1/1 [00:00<00:00,  4.70it/s]
100%|██████████| 1/1 [00:00<00:00,  4.69it/s]

  0%|          | 0/1 [00:00<?, ?it/s]
100%|██████████| 1/1 [00:00<00:00,  4.75it/s]
100%|██████████| 1/1 [00:00<00:00,  4.75it/s]

  0%|          | 0/1 [00:00<?, ?it/s]
100%|██████████| 1/1 [00:00<00:00,  5.29it/s]
100%|██████████| 1/1 [00:00<00:00,  5.29it/s]

  0%|          | 0/1 [00:00<?, ?it/s]
100%|██████████| 1/1 [00:00<00:00,  5.39it/s]
100%|██████████| 1/1 [00:00<00:00,  5.38it/s]

  0%|          | 0/1 [00:00<?, ?it/s]
100%|██████████| 1/1 [00:00<00:00,  5.39it/s]
100%|██████████| 1/1 [00:00<00:00,  5.39it/s]

  0%|          | 0/1 [00:00<?, ?it/s]
100%|██████████| 1/1 [00:00<00:00,  5.35it/s]
100%|██████████| 1/1 [00:00<00:00,  5.34it/s]

  0%|          | 0/1 [00:00<?, ?it/s]
100%|██████████| 1/1 [00:00<00:00,  5.38it/s]
100%|██████████| 1/1 [00:00<00:00,  5.37it/s]

  0%|          | 0/1 [00:00<?, ?it/s]
100%|██████████| 1/1 [00:00<00:00,  5.35it/s]
100%|██████████| 1/1 [00:00<00:00,  5.35it/s]

  0%|          | 0/1 [00:00<?, ?it/s]
100%|██████████| 1/1 [00:00<00:00,  5.28it/s]
100%|██████████| 1/1 [00:00<00:00,  5.28it/s]

  0%|          | 0/1 [00:00<?, ?it/s]
100%|██████████| 1/1 [00:00<00:00,  5.40it/s]
100%|██████████| 1/1 [00:00<00:00,  5.39it/s]

  0%|          | 0/1 [00:00<?, ?it/s]
100%|██████████| 1/1 [00:00<00:00,  5.44it/s]
100%|██████████| 1/1 [00:00<00:00,  5.44it/s]

  0%|          | 0/1 [00:00<?, ?it/s]
100%|██████████| 1/1 [00:00<00:00,  5.37it/s]
100%|██████████| 1/1 [00:00<00:00,  5.37it/s]

  0%|          | 0/1 [00:00<?, ?it/s]
100%|██████████| 1/1 [00:00<00:00,  5.33it/s]
100%|██████████| 1/1 [00:00<00:00,  5.32it/s]

  0%|          | 0/1 [00:00<?, ?it/s]
100%|██████████| 1/1 [00:00<00:00,  5.34it/s]
100%|██████████| 1/1 [00:00<00:00,  5.33it/s]

  0%|          | 0/1 [00:00<?, ?it/s]
100%|██████████| 1/1 [00:00<00:00,  4.94it/s]
100%|██████████| 1/1 [00:00<00:00,  4.94it/s]

  0%|          | 0/1 [00:00<?, ?it/s]
100%|██████████| 1/1 [00:00<00:00,  1.63it/s]
100%|██████████| 1/1 [00:00<00:00,  1.62it/s]

  0%|          | 0/1 [00:00<?, ?it/s]
100%|██████████| 1/1 [00:00<00:00,  3.87it/s]
100%|██████████| 1/1 [00:00<00:00,  3.87it/s]

  0%|          | 0/1 [00:00<?, ?it/s]
100%|██████████| 1/1 [00:00<00:00,  3.81it/s]
100%|██████████| 1/1 [00:00<00:00,  3.81it/s]

  0%|          | 0/1 [00:00<?, ?it/s]
100%|██████████| 1/1 [00:00<00:00,  3.19it/s]
100%|██████████| 1/1 [00:00<00:00,  3.19it/s]

  0%|          | 0/1 [00:00<?, ?it/s]
100%|██████████| 1/1 [00:00<00:00,  3.95it/s]
100%|██████████| 1/1 [00:00<00:00,  3.94it/s]

  0%|          | 0/1 [00:00<?, ?it/s]
100%|██████████| 1/1 [00:00<00:00,  4.03it/s]
100%|██████████| 1/1 [00:00<00:00,  4.03it/s]

  0%|          | 0/1 [00:00<?, ?it/s]
100%|██████████| 1/1 [00:00<00:00,  3.92it/s]
100%|██████████| 1/1 [00:00<00:00,  3.92it/s]

  0%|          | 0/1 [00:00<?, ?it/s]
100%|██████████| 1/1 [00:00<00:00,  4.08it/s]
100%|██████████| 1/1 [00:00<00:00,  4.08it/s]

  0%|          | 0/1 [00:00<?, ?it/s]
100%|██████████| 1/1 [00:00<00:00,  4.28it/s]
100%|██████████| 1/1 [00:00<00:00,  4.28it/s]

  0%|          | 0/1 [00:00<?, ?it/s]
100%|██████████| 1/1 [00:00<00:00,  3.51it/s]
100%|██████████| 1/1 [00:00<00:00,  3.50it/s]

  0%|          | 0/1 [00:00<?, ?it/s]
100%|██████████| 1/1 [00:00<00:00,  2.33it/s]
100%|██████████| 1/1 [00:00<00:00,  2.33it/s]

  0%|          | 0/1 [00:00<?, ?it/s]
100%|██████████| 1/1 [00:00<00:00,  3.89it/s]
100%|██████████| 1/1 [00:00<00:00,  3.89it/s]

  0%|          | 0/1 [00:00<?, ?it/s]
100%|██████████| 1/1 [00:00<00:00,  3.97it/s]
100%|██████████| 1/1 [00:00<00:00,  3.96it/s]

  0%|          | 0/1 [00:00<?, ?it/s]
100%|██████████| 1/1 [00:00<00:00,  4.10it/s]
100%|██████████| 1/1 [00:00<00:00,  4.09it/s]

  0%|          | 0/1 [00:00<?, ?it/s]
100%|██████████| 1/1 [00:00<00:00,  4.07it/s]
100%|██████████| 1/1 [00:00<00:00,  4.07it/s]

  0%|          | 0/1 [00:00<?, ?it/s]
100%|██████████| 1/1 [00:00<00:00,  4.48it/s]
100%|██████████| 1/1 [00:00<00:00,  4.48it/s]

  0%|          | 0/1 [00:00<?, ?it/s]
100%|██████████| 1/1 [00:00<00:00,  3.84it/s]
100%|██████████| 1/1 [00:00<00:00,  3.84it/s]

  0%|          | 0/1 [00:00<?, ?it/s]
100%|██████████| 1/1 [00:00<00:00,  3.24it/s]
100%|██████████| 1/1 [00:00<00:00,  3.24it/s]

  0%|          | 0/1 [00:00<?, ?it/s]
100%|██████████| 1/1 [00:00<00:00,  3.78it/s]
100%|██████████| 1/1 [00:00<00:00,  3.77it/s]

  0%|          | 0/1 [00:00<?, ?it/s]
100%|██████████| 1/1 [00:00<00:00,  4.27it/s]
100%|██████████| 1/1 [00:00<00:00,  4.26it/s]

  0%|          | 0/1 [00:00<?, ?it/s]
100%|██████████| 1/1 [00:00<00:00,  3.96it/s]
100%|██████████| 1/1 [00:00<00:00,  3.96it/s]

  0%|          | 0/1 [00:00<?, ?it/s]
100%|██████████| 1/1 [00:00<00:00,  2.51it/s]
100%|██████████| 1/1 [00:00<00:00,  2.51it/s]

  0%|          | 0/1 [00:00<?, ?it/s]
100%|██████████| 1/1 [00:00<00:00,  4.44it/s]
100%|██████████| 1/1 [00:00<00:00,  4.43it/s]

  0%|          | 0/1 [00:00<?, ?it/s]
100%|██████████| 1/1 [00:00<00:00,  4.90it/s]
100%|██████████| 1/1 [00:00<00:00,  4.89it/s]

  0%|          | 0/1 [00:00<?, ?it/s]
100%|██████████| 1/1 [00:00<00:00,  4.53it/s]
100%|██████████| 1/1 [00:00<00:00,  4.53it/s]

  0%|          | 0/1 [00:00<?, ?it/s]
100%|██████████| 1/1 [00:00<00:00,  4.43it/s]
100%|██████████| 1/1 [00:00<00:00,  4.42it/s]

  0%|          | 0/1 [00:00<?, ?it/s]
100%|██████████| 1/1 [00:00<00:00,  4.35it/s]
100%|██████████| 1/1 [00:00<00:00,  4.34it/s]

  0%|          | 0/1 [00:00<?, ?it/s]
100%|██████████| 1/1 [00:00<00:00,  4.89it/s]
100%|██████████| 1/1 [00:00<00:00,  4.88it/s]

  0%|          | 0/1 [00:00<?, ?it/s]
100%|██████████| 1/1 [00:00<00:00,  4.91it/s]
100%|██████████| 1/1 [00:00<00:00,  4.90it/s]

  0%|          | 0/1 [00:00<?, ?it/s]
100%|██████████| 1/1 [00:00<00:00,  4.94it/s]
100%|██████████| 1/1 [00:00<00:00,  4.93it/s]

  0%|          | 0/1 [00:00<?, ?it/s]
100%|██████████| 1/1 [00:00<00:00,  4.93it/s]
100%|██████████| 1/1 [00:00<00:00,  4.92it/s]

  0%|          | 0/1 [00:00<?, ?it/s]
100%|██████████| 1/1 [00:00<00:00,  4.91it/s]
100%|██████████| 1/1 [00:00<00:00,  4.90it/s]

  0%|          | 0/1 [00:00<?, ?it/s]
100%|██████████| 1/1 [00:00<00:00,  4.90it/s]
100%|██████████| 1/1 [00:00<00:00,  4.89it/s]

  0%|          | 0/1 [00:00<?, ?it/s]
100%|██████████| 1/1 [00:00<00:00,  4.89it/s]
100%|██████████| 1/1 [00:00<00:00,  4.89it/s]

  0%|          | 0/1 [00:00<?, ?it/s]
100%|██████████| 1/1 [00:00<00:00,  4.85it/s]
100%|██████████| 1/1 [00:00<00:00,  4.85it/s]

  0%|          | 0/1 [00:00<?, ?it/s]
100%|██████████| 1/1 [00:00<00:00,  4.83it/s]
100%|██████████| 1/1 [00:00<00:00,  4.82it/s]

  0%|          | 0/1 [00:00<?, ?it/s]
100%|██████████| 1/1 [00:00<00:00,  4.95it/s]
100%|██████████| 1/1 [00:00<00:00,  4.94it/s]

  0%|          | 0/1 [00:00<?, ?it/s]
100%|██████████| 1/1 [00:00<00:00,  4.87it/s]
100%|██████████| 1/1 [00:00<00:00,  4.87it/s]

  0%|          | 0/1 [00:00<?, ?it/s]
100%|██████████| 1/1 [00:00<00:00,  4.59it/s]
100%|██████████| 1/1 [00:00<00:00,  4.58it/s]

  0%|          | 0/1 [00:00<?, ?it/s]
100%|██████████| 1/1 [00:00<00:00,  4.63it/s]
100%|██████████| 1/1 [00:00<00:00,  4.63it/s]

  0%|          | 0/1 [00:00<?, ?it/s]
100%|██████████| 1/1 [00:00<00:00,  4.42it/s]
100%|██████████| 1/1 [00:00<00:00,  4.42it/s]

  0%|          | 0/1 [00:00<?, ?it/s]
100%|██████████| 1/1 [00:00<00:00,  4.36it/s]
100%|██████████| 1/1 [00:00<00:00,  4.36it/s]

  0%|          | 0/1 [00:00<?, ?it/s]
100%|██████████| 1/1 [00:00<00:00,  4.38it/s]
100%|██████████| 1/1 [00:00<00:00,  4.38it/s]

  0%|          | 0/1 [00:00<?, ?it/s]
100%|██████████| 1/1 [00:00<00:00,  4.91it/s]
100%|██████████| 1/1 [00:00<00:00,  4.90it/s]

  0%|          | 0/1 [00:00<?, ?it/s]
100%|██████████| 1/1 [00:00<00:00,  4.92it/s]
100%|██████████| 1/1 [00:00<00:00,  4.91it/s]

  0%|          | 0/1 [00:00<?, ?it/s]
100%|██████████| 1/1 [00:00<00:00,  2.89it/s]
100%|██████████| 1/1 [00:00<00:00,  2.89it/s]

  0%|          | 0/1 [00:00<?, ?it/s]
100%|██████████| 1/1 [00:00<00:00,  4.90it/s]
100%|██████████| 1/1 [00:00<00:00,  4.89it/s]

  0%|          | 0/1 [00:00<?, ?it/s]
100%|██████████| 1/1 [00:00<00:00,  4.95it/s]
100%|██████████| 1/1 [00:00<00:00,  4.95it/s]

  0%|          | 0/1 [00:00<?, ?it/s]
100%|██████████| 1/1 [00:00<00:00,  4.94it/s]
100%|██████████| 1/1 [00:00<00:00,  4.93it/s]

  0%|          | 0/1 [00:00<?, ?it/s]
100%|██████████| 1/1 [00:00<00:00,  4.95it/s]
100%|██████████| 1/1 [00:00<00:00,  4.94it/s]

  0%|          | 0/1 [00:00<?, ?it/s]
100%|██████████| 1/1 [00:00<00:00,  4.36it/s]
100%|██████████| 1/1 [00:00<00:00,  4.35it/s]

  0%|          | 0/1 [00:00<?, ?it/s]
100%|██████████| 1/1 [00:00<00:00,  4.27it/s]
100%|██████████| 1/1 [00:00<00:00,  4.27it/s]

  0%|          | 0/1 [00:00<?, ?it/s]
100%|██████████| 1/1 [00:00<00:00,  4.27it/s]
100%|██████████| 1/1 [00:00<00:00,  4.27it/s]

  0%|          | 0/1 [00:00<?, ?it/s]
100%|██████████| 1/1 [00:00<00:00,  4.50it/s]
100%|██████████| 1/1 [00:00<00:00,  4.49it/s]

  0%|          | 0/1 [00:00<?, ?it/s]
100%|██████████| 1/1 [00:00<00:00,  4.90it/s]
100%|██████████| 1/1 [00:00<00:00,  4.89it/s]

  0%|          | 0/1 [00:00<?, ?it/s]
100%|██████████| 1/1 [00:00<00:00,  4.33it/s]
100%|██████████| 1/1 [00:00<00:00,  4.33it/s]

  0%|          | 0/1 [00:00<?, ?it/s]
100%|██████████| 1/1 [00:00<00:00,  4.16it/s]
100%|██████████| 1/1 [00:00<00:00,  4.15it/s]

  0%|          | 0/1 [00:00<?, ?it/s]
100%|██████████| 1/1 [00:00<00:00,  5.11it/s]
100%|██████████| 1/1 [00:00<00:00,  5.11it/s]

  0%|          | 0/1 [00:00<?, ?it/s]
100%|██████████| 1/1 [00:00<00:00,  5.14it/s]
100%|██████████| 1/1 [00:00<00:00,  5.13it/s]

  0%|          | 0/1 [00:00<?, ?it/s]
100%|██████████| 1/1 [00:00<00:00,  5.16it/s]
100%|██████████| 1/1 [00:00<00:00,  5.15it/s]

  0%|          | 0/1 [00:00<?, ?it/s]
100%|██████████| 1/1 [00:00<00:00,  5.21it/s]
100%|██████████| 1/1 [00:00<00:00,  5.20it/s]

  0%|          | 0/1 [00:00<?, ?it/s]
100%|██████████| 1/1 [00:00<00:00,  5.18it/s]
100%|██████████| 1/1 [00:00<00:00,  5.17it/s]

  0%|          | 0/1 [00:00<?, ?it/s]
100%|██████████| 1/1 [00:00<00:00,  5.15it/s]
100%|██████████| 1/1 [00:00<00:00,  5.15it/s]

  0%|          | 0/1 [00:00<?, ?it/s]
100%|██████████| 1/1 [00:00<00:00,  5.20it/s]
100%|██████████| 1/1 [00:00<00:00,  5.19it/s]

  0%|          | 0/1 [00:00<?, ?it/s]
100%|██████████| 1/1 [00:00<00:00,  5.17it/s]
100%|██████████| 1/1 [00:00<00:00,  5.16it/s]

  0%|          | 0/1 [00:00<?, ?it/s]
100%|██████████| 1/1 [00:00<00:00,  5.18it/s]
100%|██████████| 1/1 [00:00<00:00,  5.17it/s]

  0%|          | 0/1 [00:00<?, ?it/s]
100%|██████████| 1/1 [00:00<00:00,  5.17it/s]
100%|██████████| 1/1 [00:00<00:00,  5.16it/s]

  0%|          | 0/1 [00:00<?, ?it/s]
100%|██████████| 1/1 [00:00<00:00,  5.17it/s]
100%|██████████| 1/1 [00:00<00:00,  5.16it/s]

  0%|          | 0/1 [00:00<?, ?it/s]
100%|██████████| 1/1 [00:00<00:00,  5.18it/s]
100%|██████████| 1/1 [00:00<00:00,  5.17it/s]

  0%|          | 0/1 [00:00<?, ?it/s]
100%|██████████| 1/1 [00:00<00:00,  5.18it/s]
100%|██████████| 1/1 [00:00<00:00,  5.17it/s]

  0%|          | 0/1 [00:00<?, ?it/s]
100%|██████████| 1/1 [00:00<00:00,  5.23it/s]
100%|██████████| 1/1 [00:00<00:00,  5.23it/s]

  0%|          | 0/1 [00:00<?, ?it/s]
100%|██████████| 1/1 [00:00<00:00,  5.35it/s]
100%|██████████| 1/1 [00:00<00:00,  5.35it/s]

  0%|          | 0/1 [00:00<?, ?it/s]
100%|██████████| 1/1 [00:00<00:00,  3.01it/s]
100%|██████████| 1/1 [00:00<00:00,  3.01it/s]

  0%|          | 0/1 [00:00<?, ?it/s]
100%|██████████| 1/1 [00:00<00:00,  5.25it/s]
100%|██████████| 1/1 [00:00<00:00,  5.24it/s]

  0%|          | 0/1 [00:00<?, ?it/s]
100%|██████████| 1/1 [00:00<00:00,  5.31it/s]
100%|██████████| 1/1 [00:00<00:00,  5.31it/s]

  0%|          | 0/1 [00:00<?, ?it/s]
100%|██████████| 1/1 [00:00<00:00,  5.16it/s]
100%|██████████| 1/1 [00:00<00:00,  5.16it/s]

  0%|          | 0/1 [00:00<?, ?it/s]
100%|██████████| 1/1 [00:00<00:00,  4.53it/s]
100%|██████████| 1/1 [00:00<00:00,  4.53it/s]

  0%|          | 0/1 [00:00<?, ?it/s]
100%|██████████| 1/1 [00:00<00:00,  4.95it/s]
100%|██████████| 1/1 [00:00<00:00,  4.95it/s]

  0%|          | 0/1 [00:00<?, ?it/s]
100%|██████████| 1/1 [00:00<00:00,  5.41it/s]
100%|██████████| 1/1 [00:00<00:00,  5.40it/s]

  0%|          | 0/1 [00:00<?, ?it/s]
100%|██████████| 1/1 [00:00<00:00,  4.62it/s]
100%|██████████| 1/1 [00:00<00:00,  4.62it/s]

  0%|          | 0/1 [00:00<?, ?it/s]
100%|██████████| 1/1 [00:00<00:00,  4.83it/s]
100%|██████████| 1/1 [00:00<00:00,  4.82it/s]

  0%|          | 0/1 [00:00<?, ?it/s]
100%|██████████| 1/1 [00:00<00:00,  4.33it/s]
100%|██████████| 1/1 [00:00<00:00,  4.32it/s]

  0%|          | 0/1 [00:00<?, ?it/s]
100%|██████████| 1/1 [00:00<00:00,  5.23it/s]
100%|██████████| 1/1 [00:00<00:00,  5.22it/s]

  0%|          | 0/1 [00:00<?, ?it/s]
100%|██████████| 1/1 [00:00<00:00,  5.03it/s]
100%|██████████| 1/1 [00:00<00:00,  5.03it/s]

  0%|          | 0/1 [00:00<?, ?it/s]
100%|██████████| 1/1 [00:00<00:00,  5.44it/s]
100%|██████████| 1/1 [00:00<00:00,  5.43it/s]

  0%|          | 0/1 [00:00<?, ?it/s]
100%|██████████| 1/1 [00:00<00:00,  5.46it/s]
100%|██████████| 1/1 [00:00<00:00,  5.45it/s]

  0%|          | 0/1 [00:00<?, ?it/s]
100%|██████████| 1/1 [00:00<00:00,  5.45it/s]
100%|██████████| 1/1 [00:00<00:00,  5.45it/s]

  0%|          | 0/1 [00:00<?, ?it/s]
100%|██████████| 1/1 [00:00<00:00,  5.49it/s]
100%|██████████| 1/1 [00:00<00:00,  5.49it/s]

  0%|          | 0/1 [00:00<?, ?it/s]
100%|██████████| 1/1 [00:00<00:00,  5.46it/s]
100%|██████████| 1/1 [00:00<00:00,  5.45it/s]

  0%|          | 0/1 [00:00<?, ?it/s]
100%|██████████| 1/1 [00:00<00:00,  5.43it/s]
100%|██████████| 1/1 [00:00<00:00,  5.43it/s]

  0%|          | 0/1 [00:00<?, ?it/s]
100%|██████████| 1/1 [00:00<00:00,  5.47it/s]
100%|██████████| 1/1 [00:00<00:00,  5.46it/s]

  0%|          | 0/1 [00:00<?, ?it/s]
100%|██████████| 1/1 [00:00<00:00,  5.47it/s]
100%|██████████| 1/1 [00:00<00:00,  5.46it/s]

  0%|          | 0/1 [00:00<?, ?it/s]
100%|██████████| 1/1 [00:00<00:00,  5.44it/s]
100%|██████████| 1/1 [00:00<00:00,  5.43it/s]

  0%|          | 0/1 [00:00<?, ?it/s]
100%|██████████| 1/1 [00:00<00:00,  5.51it/s]
100%|██████████| 1/1 [00:00<00:00,  5.51it/s]

  0%|          | 0/1 [00:00<?, ?it/s]
100%|██████████| 1/1 [00:00<00:00,  5.46it/s]
100%|██████████| 1/1 [00:00<00:00,  5.46it/s]

  0%|          | 0/1 [00:00<?, ?it/s]
100%|██████████| 1/1 [00:00<00:00,  5.45it/s]
100%|██████████| 1/1 [00:00<00:00,  5.44it/s]

  0%|          | 0/1 [00:00<?, ?it/s]
100%|██████████| 1/1 [00:00<00:00,  5.43it/s]
100%|██████████| 1/1 [00:00<00:00,  5.42it/s]

  0%|          | 0/1 [00:00<?, ?it/s]
100%|██████████| 1/1 [00:00<00:00,  5.28it/s]
100%|██████████| 1/1 [00:00<00:00,  5.27it/s]

  0%|          | 0/1 [00:00<?, ?it/s]
100%|██████████| 1/1 [00:00<00:00,  5.08it/s]
100%|██████████| 1/1 [00:00<00:00,  5.08it/s]

  0%|          | 0/1 [00:00<?, ?it/s]
100%|██████████| 1/1 [00:00<00:00,  5.38it/s]
100%|██████████| 1/1 [00:00<00:00,  5.38it/s]

  0%|          | 0/1 [00:00<?, ?it/s]
100%|██████████| 1/1 [00:00<00:00,  5.32it/s]
100%|██████████| 1/1 [00:00<00:00,  5.32it/s]

  0%|          | 0/1 [00:00<?, ?it/s]
100%|██████████| 1/1 [00:00<00:00,  5.35it/s]
100%|██████████| 1/1 [00:00<00:00,  5.35it/s]

  0%|          | 0/1 [00:00<?, ?it/s]
100%|██████████| 1/1 [00:00<00:00,  2.95it/s]
100%|██████████| 1/1 [00:00<00:00,  2.95it/s]

  0%|          | 0/1 [00:00<?, ?it/s]
100%|██████████| 1/1 [00:00<00:00,  5.47it/s]
100%|██████████| 1/1 [00:00<00:00,  5.47it/s]

  0%|          | 0/1 [00:00<?, ?it/s]
100%|██████████| 1/1 [00:00<00:00,  5.08it/s]
100%|██████████| 1/1 [00:00<00:00,  5.07it/s]

  0%|          | 0/1 [00:00<?, ?it/s]
100%|██████████| 1/1 [00:00<00:00,  4.83it/s]
100%|██████████| 1/1 [00:00<00:00,  4.82it/s]

  0%|          | 0/1 [00:00<?, ?it/s]
100%|██████████| 1/1 [00:00<00:00,  5.12it/s]
100%|██████████| 1/1 [00:00<00:00,  5.11it/s]

  0%|          | 0/1 [00:00<?, ?it/s]
100%|██████████| 1/1 [00:00<00:00,  5.22it/s]
100%|██████████| 1/1 [00:00<00:00,  5.21it/s]

  0%|          | 0/1 [00:00<?, ?it/s]
100%|██████████| 1/1 [00:00<00:00,  4.73it/s]
100%|██████████| 1/1 [00:00<00:00,  4.72it/s]

  0%|          | 0/1 [00:00<?, ?it/s]
100%|██████████| 1/1 [00:00<00:00,  5.25it/s]
100%|██████████| 1/1 [00:00<00:00,  5.24it/s]

  0%|          | 0/1 [00:00<?, ?it/s]
100%|██████████| 1/1 [00:00<00:00,  5.25it/s]
100%|██████████| 1/1 [00:00<00:00,  5.24it/s]

  0%|          | 0/1 [00:00<?, ?it/s]
100%|██████████| 1/1 [00:00<00:00,  5.21it/s]
100%|██████████| 1/1 [00:00<00:00,  5.20it/s]

  0%|          | 0/1 [00:00<?, ?it/s]
100%|██████████| 1/1 [00:00<00:00,  4.93it/s]
100%|██████████| 1/1 [00:00<00:00,  4.93it/s]

  0%|          | 0/1 [00:00<?, ?it/s]
100%|██████████| 1/1 [00:00<00:00,  5.51it/s]
100%|██████████| 1/1 [00:00<00:00,  5.51it/s]

  0%|          | 0/1 [00:00<?, ?it/s]
100%|██████████| 1/1 [00:00<00:00,  5.53it/s]
100%|██████████| 1/1 [00:00<00:00,  5.52it/s]

  0%|          | 0/1 [00:00<?, ?it/s]
100%|██████████| 1/1 [00:00<00:00,  5.54it/s]
100%|██████████| 1/1 [00:00<00:00,  5.53it/s]

  0%|          | 0/1 [00:00<?, ?it/s]
100%|██████████| 1/1 [00:00<00:00,  5.46it/s]
100%|██████████| 1/1 [00:00<00:00,  5.45it/s]

  0%|          | 0/1 [00:00<?, ?it/s]
100%|██████████| 1/1 [00:00<00:00,  5.46it/s]
100%|██████████| 1/1 [00:00<00:00,  5.45it/s]

  0%|          | 0/1 [00:00<?, ?it/s]
100%|██████████| 1/1 [00:00<00:00,  5.49it/s]
100%|██████████| 1/1 [00:00<00:00,  5.48it/s]

  0%|          | 0/1 [00:00<?, ?it/s]
100%|██████████| 1/1 [00:00<00:00,  5.47it/s]
100%|██████████| 1/1 [00:00<00:00,  5.47it/s]

  0%|          | 0/1 [00:00<?, ?it/s]
100%|██████████| 1/1 [00:00<00:00,  5.53it/s]
100%|██████████| 1/1 [00:00<00:00,  5.53it/s]

  0%|          | 0/1 [00:00<?, ?it/s]
100%|██████████| 1/1 [00:00<00:00,  5.43it/s]
100%|██████████| 1/1 [00:00<00:00,  5.43it/s]

  0%|          | 0/1 [00:00<?, ?it/s]
100%|██████████| 1/1 [00:00<00:00,  5.43it/s]
100%|██████████| 1/1 [00:00<00:00,  5.43it/s]

  0%|          | 0/1 [00:00<?, ?it/s]
100%|██████████| 1/1 [00:00<00:00,  5.52it/s]
100%|██████████| 1/1 [00:00<00:00,  5.51it/s]

  0%|          | 0/1 [00:00<?, ?it/s]
100%|██████████| 1/1 [00:00<00:00,  5.56it/s]
100%|██████████| 1/1 [00:00<00:00,  5.55it/s]

  0%|          | 0/1 [00:00<?, ?it/s]
100%|██████████| 1/1 [00:00<00:00,  5.49it/s]
100%|██████████| 1/1 [00:00<00:00,  5.49it/s]

  0%|          | 0/1 [00:00<?, ?it/s]
100%|██████████| 1/1 [00:00<00:00,  5.50it/s]
100%|██████████| 1/1 [00:00<00:00,  5.49it/s]

  0%|          | 0/1 [00:00<?, ?it/s]
100%|██████████| 1/1 [00:00<00:00,  5.51it/s]
100%|██████████| 1/1 [00:00<00:00,  5.51it/s]

  0%|          | 0/1 [00:00<?, ?it/s]
100%|██████████| 1/1 [00:00<00:00,  4.36it/s]
100%|██████████| 1/1 [00:00<00:00,  4.36it/s]

  0%|          | 0/1 [00:00<?, ?it/s]
100%|██████████| 1/1 [00:00<00:00,  4.05it/s]
100%|██████████| 1/1 [00:00<00:00,  4.04it/s]

  0%|          | 0/1 [00:00<?, ?it/s]
100%|██████████| 1/1 [00:00<00:00,  4.08it/s]
100%|██████████| 1/1 [00:00<00:00,  4.07it/s]

  0%|          | 0/1 [00:00<?, ?it/s]
100%|██████████| 1/1 [00:00<00:00,  4.74it/s]
100%|██████████| 1/1 [00:00<00:00,  4.73it/s]

  0%|          | 0/1 [00:00<?, ?it/s]
100%|██████████| 1/1 [00:00<00:00,  5.05it/s]
100%|██████████| 1/1 [00:00<00:00,  5.05it/s]

  0%|          | 0/1 [00:00<?, ?it/s]
100%|██████████| 1/1 [00:00<00:00,  4.59it/s]
100%|██████████| 1/1 [00:00<00:00,  4.59it/s]

  0%|          | 0/1 [00:00<?, ?it/s]
100%|██████████| 1/1 [00:00<00:00,  4.39it/s]
100%|██████████| 1/1 [00:00<00:00,  4.39it/s]

  0%|          | 0/1 [00:00<?, ?it/s]
100%|██████████| 1/1 [00:00<00:00,  4.54it/s]
100%|██████████| 1/1 [00:00<00:00,  4.54it/s]

  0%|          | 0/1 [00:00<?, ?it/s]
100%|██████████| 1/1 [00:00<00:00,  4.34it/s]
100%|██████████| 1/1 [00:00<00:00,  4.34it/s]

  0%|          | 0/1 [00:00<?, ?it/s]
100%|██████████| 1/1 [00:00<00:00,  4.65it/s]
100%|██████████| 1/1 [00:00<00:00,  4.64it/s]

  0%|          | 0/1 [00:00<?, ?it/s]
100%|██████████| 1/1 [00:00<00:00,  4.70it/s]
100%|██████████| 1/1 [00:00<00:00,  4.70it/s]

  0%|          | 0/1 [00:00<?, ?it/s]
100%|██████████| 1/1 [00:00<00:00,  5.24it/s]
100%|██████████| 1/1 [00:00<00:00,  5.23it/s]

  0%|          | 0/1 [00:00<?, ?it/s]
100%|██████████| 1/1 [00:00<00:00,  5.35it/s]
100%|██████████| 1/1 [00:00<00:00,  5.34it/s]

  0%|          | 0/1 [00:00<?, ?it/s]
100%|██████████| 1/1 [00:00<00:00,  5.48it/s]
100%|██████████| 1/1 [00:00<00:00,  5.47it/s]

  0%|          | 0/1 [00:00<?, ?it/s]
100%|██████████| 1/1 [00:00<00:00,  5.51it/s]
100%|██████████| 1/1 [00:00<00:00,  5.50it/s]

  0%|          | 0/1 [00:00<?, ?it/s]
100%|██████████| 1/1 [00:00<00:00,  5.36it/s]
100%|██████████| 1/1 [00:00<00:00,  5.35it/s]

  0%|          | 0/1 [00:00<?, ?it/s]
100%|██████████| 1/1 [00:00<00:00,  4.48it/s]
100%|██████████| 1/1 [00:00<00:00,  4.48it/s]

  0%|          | 0/1 [00:00<?, ?it/s]
100%|██████████| 1/1 [00:00<00:00,  4.36it/s]
100%|██████████| 1/1 [00:00<00:00,  4.36it/s]

  0%|          | 0/1 [00:00<?, ?it/s]
100%|██████████| 1/1 [00:00<00:00,  5.02it/s]
100%|██████████| 1/1 [00:00<00:00,  5.02it/s]

  0%|          | 0/1 [00:00<?, ?it/s]
100%|██████████| 1/1 [00:00<00:00,  4.96it/s]
100%|██████████| 1/1 [00:00<00:00,  4.95it/s]

  0%|          | 0/1 [00:00<?, ?it/s]
100%|██████████| 1/1 [00:00<00:00,  4.81it/s]
100%|██████████| 1/1 [00:00<00:00,  4.81it/s]

  0%|          | 0/1 [00:00<?, ?it/s]
100%|██████████| 1/1 [00:00<00:00,  5.20it/s]
100%|██████████| 1/1 [00:00<00:00,  5.20it/s]

  0%|          | 0/1 [00:00<?, ?it/s]
100%|██████████| 1/1 [00:00<00:00,  5.19it/s]
100%|██████████| 1/1 [00:00<00:00,  5.18it/s]

  0%|          | 0/1 [00:00<?, ?it/s]
100%|██████████| 1/1 [00:00<00:00,  5.17it/s]
100%|██████████| 1/1 [00:00<00:00,  5.17it/s]

  0%|          | 0/1 [00:00<?, ?it/s]
100%|██████████| 1/1 [00:00<00:00,  5.20it/s]
100%|██████████| 1/1 [00:00<00:00,  5.19it/s]

  0%|          | 0/1 [00:00<?, ?it/s]
100%|██████████| 1/1 [00:00<00:00,  5.18it/s]
100%|██████████| 1/1 [00:00<00:00,  5.17it/s]

  0%|          | 0/1 [00:00<?, ?it/s]
100%|██████████| 1/1 [00:00<00:00,  5.24it/s]
100%|██████████| 1/1 [00:00<00:00,  5.23it/s]

  0%|          | 0/1 [00:00<?, ?it/s]
100%|██████████| 1/1 [00:00<00:00,  5.17it/s]
100%|██████████| 1/1 [00:00<00:00,  5.17it/s]

  0%|          | 0/1 [00:00<?, ?it/s]
100%|██████████| 1/1 [00:00<00:00,  5.20it/s]
100%|██████████| 1/1 [00:00<00:00,  5.20it/s]

  0%|          | 0/1 [00:00<?, ?it/s]
100%|██████████| 1/1 [00:00<00:00,  4.84it/s]
100%|██████████| 1/1 [00:00<00:00,  4.84it/s]

  0%|          | 0/1 [00:00<?, ?it/s]
100%|██████████| 1/1 [00:00<00:00,  4.20it/s]
100%|██████████| 1/1 [00:00<00:00,  4.19it/s]

  0%|          | 0/1 [00:00<?, ?it/s]
100%|██████████| 1/1 [00:00<00:00,  4.46it/s]
100%|██████████| 1/1 [00:00<00:00,  4.46it/s]

  0%|          | 0/1 [00:00<?, ?it/s]
100%|██████████| 1/1 [00:00<00:00,  4.56it/s]
100%|██████████| 1/1 [00:00<00:00,  4.56it/s]

  0%|          | 0/1 [00:00<?, ?it/s]
100%|██████████| 1/1 [00:00<00:00,  5.17it/s]
100%|██████████| 1/1 [00:00<00:00,  5.16it/s]

  0%|          | 0/1 [00:00<?, ?it/s]
100%|██████████| 1/1 [00:00<00:00,  5.19it/s]
100%|██████████| 1/1 [00:00<00:00,  5.19it/s]

  0%|          | 0/1 [00:00<?, ?it/s]
100%|██████████| 1/1 [00:00<00:00,  5.13it/s]
100%|██████████| 1/1 [00:00<00:00,  5.13it/s]

  0%|          | 0/1 [00:00<?, ?it/s]
100%|██████████| 1/1 [00:00<00:00,  4.81it/s]
100%|██████████| 1/1 [00:00<00:00,  4.81it/s]

  0%|          | 0/1 [00:00<?, ?it/s]
100%|██████████| 1/1 [00:00<00:00,  5.00it/s]
100%|██████████| 1/1 [00:00<00:00,  4.99it/s]

  0%|          | 0/1 [00:00<?, ?it/s]
100%|██████████| 1/1 [00:00<00:00,  4.84it/s]
100%|██████████| 1/1 [00:00<00:00,  4.84it/s]

  0%|          | 0/1 [00:00<?, ?it/s]
100%|██████████| 1/1 [00:00<00:00,  5.09it/s]
100%|██████████| 1/1 [00:00<00:00,  5.08it/s]

  0%|          | 0/1 [00:00<?, ?it/s]
100%|██████████| 1/1 [00:00<00:00,  4.97it/s]
100%|██████████| 1/1 [00:00<00:00,  4.96it/s]

  0%|          | 0/1 [00:00<?, ?it/s]
100%|██████████| 1/1 [00:00<00:00,  3.81it/s]
100%|██████████| 1/1 [00:00<00:00,  3.81it/s]

  0%|          | 0/1 [00:00<?, ?it/s]
100%|██████████| 1/1 [00:00<00:00,  4.45it/s]
100%|██████████| 1/1 [00:00<00:00,  4.44it/s]

  0%|          | 0/1 [00:00<?, ?it/s]
100%|██████████| 1/1 [00:00<00:00,  4.51it/s]
100%|██████████| 1/1 [00:00<00:00,  4.50it/s]

  0%|          | 0/1 [00:00<?, ?it/s]
100%|██████████| 1/1 [00:00<00:00,  4.77it/s]
100%|██████████| 1/1 [00:00<00:00,  4.76it/s]

  0%|          | 0/1 [00:00<?, ?it/s]
100%|██████████| 1/1 [00:00<00:00,  4.31it/s]
100%|██████████| 1/1 [00:00<00:00,  4.31it/s]

  0%|          | 0/1 [00:00<?, ?it/s]
100%|██████████| 1/1 [00:00<00:00,  4.48it/s]
100%|██████████| 1/1 [00:00<00:00,  4.47it/s]

  0%|          | 0/1 [00:00<?, ?it/s]
100%|██████████| 1/1 [00:00<00:00,  4.52it/s]
100%|██████████| 1/1 [00:00<00:00,  4.51it/s]

  0%|          | 0/1 [00:00<?, ?it/s]
100%|██████████| 1/1 [00:00<00:00,  4.38it/s]
100%|██████████| 1/1 [00:00<00:00,  4.38it/s]

  0%|          | 0/1 [00:00<?, ?it/s]
100%|██████████| 1/1 [00:00<00:00,  4.40it/s]
100%|██████████| 1/1 [00:00<00:00,  4.39it/s]

  0%|          | 0/1 [00:00<?, ?it/s]
100%|██████████| 1/1 [00:00<00:00,  4.25it/s]
100%|██████████| 1/1 [00:00<00:00,  4.25it/s]

  0%|          | 0/1 [00:00<?, ?it/s]
100%|██████████| 1/1 [00:00<00:00,  4.41it/s]
100%|██████████| 1/1 [00:00<00:00,  4.41it/s]

  0%|          | 0/1 [00:00<?, ?it/s]
100%|██████████| 1/1 [00:00<00:00,  4.54it/s]
100%|██████████| 1/1 [00:00<00:00,  4.54it/s]

  0%|          | 0/1 [00:00<?, ?it/s]
100%|██████████| 1/1 [00:00<00:00,  4.45it/s]
100%|██████████| 1/1 [00:00<00:00,  4.45it/s]

  0%|          | 0/1 [00:00<?, ?it/s]
100%|██████████| 1/1 [00:00<00:00,  4.27it/s]
100%|██████████| 1/1 [00:00<00:00,  4.27it/s]

  0%|          | 0/1 [00:00<?, ?it/s]
100%|██████████| 1/1 [00:00<00:00,  4.38it/s]
100%|██████████| 1/1 [00:00<00:00,  4.38it/s]

  0%|          | 0/1 [00:00<?, ?it/s]
100%|██████████| 1/1 [00:00<00:00,  4.76it/s]
100%|██████████| 1/1 [00:00<00:00,  4.76it/s]

  0%|          | 0/1 [00:00<?, ?it/s]
100%|██████████| 1/1 [00:00<00:00,  4.69it/s]
100%|██████████| 1/1 [00:00<00:00,  4.68it/s]

  0%|          | 0/1 [00:00<?, ?it/s]
100%|██████████| 1/1 [00:00<00:00,  4.81it/s]
100%|██████████| 1/1 [00:00<00:00,  4.80it/s]

  0%|          | 0/1 [00:00<?, ?it/s]
100%|██████████| 1/1 [00:00<00:00,  4.66it/s]
100%|██████████| 1/1 [00:00<00:00,  4.66it/s]

  0%|          | 0/1 [00:00<?, ?it/s]
100%|██████████| 1/1 [00:00<00:00,  4.75it/s]
100%|██████████| 1/1 [00:00<00:00,  4.75it/s]

  0%|          | 0/1 [00:00<?, ?it/s]
100%|██████████| 1/1 [00:00<00:00,  4.80it/s]
100%|██████████| 1/1 [00:00<00:00,  4.80it/s]

  0%|          | 0/1 [00:00<?, ?it/s]
100%|██████████| 1/1 [00:00<00:00,  4.38it/s]
100%|██████████| 1/1 [00:00<00:00,  4.38it/s]

  0%|          | 0/1 [00:00<?, ?it/s]
100%|██████████| 1/1 [00:00<00:00,  4.48it/s]
100%|██████████| 1/1 [00:00<00:00,  4.48it/s]

  0%|          | 0/1 [00:00<?, ?it/s]
100%|██████████| 1/1 [00:00<00:00,  4.51it/s]
100%|██████████| 1/1 [00:00<00:00,  4.51it/s]

  0%|          | 0/1 [00:00<?, ?it/s]
100%|██████████| 1/1 [00:00<00:00,  4.78it/s]
100%|██████████| 1/1 [00:00<00:00,  4.77it/s]

  0%|          | 0/1 [00:00<?, ?it/s]
100%|██████████| 1/1 [00:00<00:00,  4.45it/s]
100%|██████████| 1/1 [00:00<00:00,  4.45it/s]

  0%|          | 0/1 [00:00<?, ?it/s]
100%|██████████| 1/1 [00:00<00:00,  4.31it/s]
100%|██████████| 1/1 [00:00<00:00,  4.30it/s]

  0%|          | 0/1 [00:00<?, ?it/s]
100%|██████████| 1/1 [00:00<00:00,  3.93it/s]
100%|██████████| 1/1 [00:00<00:00,  3.93it/s]

  0%|          | 0/1 [00:00<?, ?it/s]
100%|██████████| 1/1 [00:00<00:00,  4.64it/s]
100%|██████████| 1/1 [00:00<00:00,  4.63it/s]

  0%|          | 0/1 [00:00<?, ?it/s]
100%|██████████| 1/1 [00:00<00:00,  4.96it/s]
100%|██████████| 1/1 [00:00<00:00,  4.95it/s]

  0%|          | 0/1 [00:00<?, ?it/s]
100%|██████████| 1/1 [00:00<00:00,  4.97it/s]
100%|██████████| 1/1 [00:00<00:00,  4.97it/s]

  0%|          | 0/1 [00:00<?, ?it/s]
100%|██████████| 1/1 [00:00<00:00,  4.90it/s]
100%|██████████| 1/1 [00:00<00:00,  4.89it/s]

  0%|          | 0/1 [00:00<?, ?it/s]
100%|██████████| 1/1 [00:00<00:00,  4.94it/s]
100%|██████████| 1/1 [00:00<00:00,  4.93it/s]

  0%|          | 0/1 [00:00<?, ?it/s]
100%|██████████| 1/1 [00:00<00:00,  4.87it/s]
100%|██████████| 1/1 [00:00<00:00,  4.86it/s]

  0%|          | 0/1 [00:00<?, ?it/s]
100%|██████████| 1/1 [00:00<00:00,  4.87it/s]
100%|██████████| 1/1 [00:00<00:00,  4.86it/s]

  0%|          | 0/1 [00:00<?, ?it/s]
100%|██████████| 1/1 [00:00<00:00,  4.79it/s]
100%|██████████| 1/1 [00:00<00:00,  4.79it/s]

  0%|          | 0/1 [00:00<?, ?it/s]
100%|██████████| 1/1 [00:00<00:00,  4.64it/s]
100%|██████████| 1/1 [00:00<00:00,  4.64it/s]

  0%|          | 0/1 [00:00<?, ?it/s]
100%|██████████| 1/1 [00:00<00:00,  4.93it/s]
100%|██████████| 1/1 [00:00<00:00,  4.92it/s]

  0%|          | 0/1 [00:00<?, ?it/s]
100%|██████████| 1/1 [00:00<00:00,  4.96it/s]
100%|██████████| 1/1 [00:00<00:00,  4.95it/s]

  0%|          | 0/1 [00:00<?, ?it/s]
100%|██████████| 1/1 [00:00<00:00,  4.67it/s]
100%|██████████| 1/1 [00:00<00:00,  4.67it/s]

  0%|          | 0/1 [00:00<?, ?it/s]
100%|██████████| 1/1 [00:00<00:00,  4.58it/s]
100%|██████████| 1/1 [00:00<00:00,  4.57it/s]

  0%|          | 0/1 [00:00<?, ?it/s]
100%|██████████| 1/1 [00:00<00:00,  4.24it/s]
100%|██████████| 1/1 [00:00<00:00,  4.24it/s]

  0%|          | 0/1 [00:00<?, ?it/s]
100%|██████████| 1/1 [00:00<00:00,  4.37it/s]
100%|██████████| 1/1 [00:00<00:00,  4.37it/s]

  0%|          | 0/1 [00:00<?, ?it/s]
100%|██████████| 1/1 [00:00<00:00,  4.30it/s]
100%|██████████| 1/1 [00:00<00:00,  4.30it/s]

  0%|          | 0/1 [00:00<?, ?it/s]
100%|██████████| 1/1 [00:00<00:00,  4.47it/s]
100%|██████████| 1/1 [00:00<00:00,  4.46it/s]

  0%|          | 0/1 [00:00<?, ?it/s]
100%|██████████| 1/1 [00:00<00:00,  4.75it/s]
100%|██████████| 1/1 [00:00<00:00,  4.75it/s]

  0%|          | 0/1 [00:00<?, ?it/s]
100%|██████████| 1/1 [00:00<00:00,  4.44it/s]
100%|██████████| 1/1 [00:00<00:00,  4.43it/s]

  0%|          | 0/1 [00:00<?, ?it/s]
100%|██████████| 1/1 [00:00<00:00,  1.70it/s]
100%|██████████| 1/1 [00:00<00:00,  1.70it/s]

  0%|          | 0/1 [00:00<?, ?it/s]
100%|██████████| 1/1 [00:00<00:00,  3.58it/s]
100%|██████████| 1/1 [00:00<00:00,  3.58it/s]

  0%|          | 0/1 [00:00<?, ?it/s]
100%|██████████| 1/1 [00:00<00:00,  4.21it/s]
100%|██████████| 1/1 [00:00<00:00,  4.21it/s]

  0%|          | 0/1 [00:00<?, ?it/s]
100%|██████████| 1/1 [00:00<00:00,  1.88it/s]
100%|██████████| 1/1 [00:00<00:00,  1.88it/s]

  0%|          | 0/1 [00:00<?, ?it/s]
100%|██████████| 1/1 [00:00<00:00,  3.68it/s]
100%|██████████| 1/1 [00:00<00:00,  3.68it/s]

  0%|          | 0/1 [00:00<?, ?it/s]
100%|██████████| 1/1 [00:00<00:00,  3.94it/s]
100%|██████████| 1/1 [00:00<00:00,  3.94it/s]

  0%|          | 0/1 [00:00<?, ?it/s]
100%|██████████| 1/1 [00:00<00:00,  2.21it/s]
100%|██████████| 1/1 [00:00<00:00,  2.21it/s]

  0%|          | 0/1 [00:00<?, ?it/s]
100%|██████████| 1/1 [00:00<00:00,  2.81it/s]
100%|██████████| 1/1 [00:00<00:00,  2.81it/s]

  0%|          | 0/1 [00:00<?, ?it/s]
100%|██████████| 1/1 [00:00<00:00,  3.62it/s]
100%|██████████| 1/1 [00:00<00:00,  3.62it/s]

  0%|          | 0/1 [00:00<?, ?it/s]
100%|██████████| 1/1 [00:00<00:00,  2.77it/s]
100%|██████████| 1/1 [00:00<00:00,  2.77it/s]

  0%|          | 0/1 [00:00<?, ?it/s]
100%|██████████| 1/1 [00:00<00:00,  3.55it/s]
100%|██████████| 1/1 [00:00<00:00,  3.55it/s]

  0%|          | 0/1 [00:00<?, ?it/s]
100%|██████████| 1/1 [00:00<00:00,  1.97it/s]
100%|██████████| 1/1 [00:00<00:00,  1.97it/s]

  0%|          | 0/1 [00:00<?, ?it/s]
100%|██████████| 1/1 [00:00<00:00,  3.45it/s]
100%|██████████| 1/1 [00:00<00:00,  3.45it/s]

  0%|          | 0/1 [00:00<?, ?it/s]
100%|██████████| 1/1 [00:00<00:00,  3.19it/s]
100%|██████████| 1/1 [00:00<00:00,  3.19it/s]

  0%|          | 0/1 [00:00<?, ?it/s]
100%|██████████| 1/1 [00:00<00:00,  1.84it/s]
100%|██████████| 1/1 [00:00<00:00,  1.84it/s]

  0%|          | 0/1 [00:00<?, ?it/s]
100%|██████████| 1/1 [00:00<00:00,  3.41it/s]
100%|██████████| 1/1 [00:00<00:00,  3.41it/s]

  0%|          | 0/1 [00:00<?, ?it/s]
100%|██████████| 1/1 [00:00<00:00,  3.80it/s]
100%|██████████| 1/1 [00:00<00:00,  3.80it/s]

  0%|          | 0/1 [00:00<?, ?it/s]
100%|██████████| 1/1 [00:00<00:00,  1.70it/s]
100%|██████████| 1/1 [00:00<00:00,  1.70it/s]

  0%|          | 0/1 [00:00<?, ?it/s]
100%|██████████| 1/1 [00:00<00:00,  3.46it/s]
100%|██████████| 1/1 [00:00<00:00,  3.46it/s]

  0%|          | 0/1 [00:00<?, ?it/s]
100%|██████████| 1/1 [00:00<00:00,  4.04it/s]
100%|██████████| 1/1 [00:00<00:00,  4.04it/s]

  0%|          | 0/1 [00:00<?, ?it/s]
100%|██████████| 1/1 [00:00<00:00,  2.11it/s]
100%|██████████| 1/1 [00:00<00:00,  2.11it/s]

  0%|          | 0/1 [00:00<?, ?it/s]
100%|██████████| 1/1 [00:00<00:00,  3.11it/s]
100%|██████████| 1/1 [00:00<00:00,  3.11it/s]

  0%|          | 0/1 [00:00<?, ?it/s]
100%|██████████| 1/1 [00:00<00:00,  2.46it/s]
100%|██████████| 1/1 [00:00<00:00,  2.46it/s]

  0%|          | 0/1 [00:00<?, ?it/s]
100%|██████████| 1/1 [00:00<00:00,  3.25it/s]
100%|██████████| 1/1 [00:00<00:00,  3.25it/s]

  0%|          | 0/1 [00:00<?, ?it/s]
100%|██████████| 1/1 [00:00<00:00,  4.04it/s]
100%|██████████| 1/1 [00:00<00:00,  4.04it/s]

  0%|          | 0/1 [00:00<?, ?it/s]
100%|██████████| 1/1 [00:00<00:00,  3.56it/s]
100%|██████████| 1/1 [00:00<00:00,  3.56it/s]

  0%|          | 0/1 [00:00<?, ?it/s]
100%|██████████| 1/1 [00:00<00:00,  2.11it/s]
100%|██████████| 1/1 [00:00<00:00,  2.11it/s]

  0%|          | 0/1 [00:00<?, ?it/s]
100%|██████████| 1/1 [00:00<00:00,  3.72it/s]
100%|██████████| 1/1 [00:00<00:00,  3.72it/s]

  0%|          | 0/1 [00:00<?, ?it/s]
100%|██████████| 1/1 [00:00<00:00,  1.69it/s]
100%|██████████| 1/1 [00:00<00:00,  1.69it/s]

  0%|          | 0/1 [00:00<?, ?it/s]
100%|██████████| 1/1 [00:00<00:00,  3.48it/s]
100%|██████████| 1/1 [00:00<00:00,  3.48it/s]

  0%|          | 0/1 [00:00<?, ?it/s]
100%|██████████| 1/1 [00:00<00:00,  3.49it/s]
100%|██████████| 1/1 [00:00<00:00,  3.49it/s]

  0%|          | 0/1 [00:00<?, ?it/s]
100%|██████████| 1/1 [00:00<00:00,  3.67it/s]
100%|██████████| 1/1 [00:00<00:00,  3.67it/s]

  0%|          | 0/1 [00:00<?, ?it/s]
100%|██████████| 1/1 [00:00<00:00,  4.48it/s]
100%|██████████| 1/1 [00:00<00:00,  4.48it/s]

  0%|          | 0/1 [00:00<?, ?it/s]
100%|██████████| 1/1 [00:00<00:00,  2.23it/s]
100%|██████████| 1/1 [00:00<00:00,  2.23it/s]

  0%|          | 0/1 [00:00<?, ?it/s]
100%|██████████| 1/1 [00:00<00:00,  4.07it/s]
100%|██████████| 1/1 [00:00<00:00,  4.06it/s]

  0%|          | 0/1 [00:00<?, ?it/s]
100%|██████████| 1/1 [00:00<00:00,  3.56it/s]
100%|██████████| 1/1 [00:00<00:00,  3.56it/s]

  0%|          | 0/1 [00:00<?, ?it/s]
100%|██████████| 1/1 [00:00<00:00,  2.40it/s]
100%|██████████| 1/1 [00:00<00:00,  2.40it/s]

  0%|          | 0/1 [00:00<?, ?it/s]
100%|██████████| 1/1 [00:00<00:00,  4.19it/s]
100%|██████████| 1/1 [00:00<00:00,  4.18it/s]

  0%|          | 0/1 [00:00<?, ?it/s]
100%|██████████| 1/1 [00:00<00:00,  3.06it/s]
100%|██████████| 1/1 [00:00<00:00,  3.05it/s]

  0%|          | 0/1 [00:00<?, ?it/s]
100%|██████████| 1/1 [00:00<00:00,  3.49it/s]
100%|██████████| 1/1 [00:00<00:00,  3.49it/s]

  0%|          | 0/1 [00:00<?, ?it/s]
100%|██████████| 1/1 [00:00<00:00,  2.09it/s]
100%|██████████| 1/1 [00:00<00:00,  2.09it/s]

  0%|          | 0/1 [00:00<?, ?it/s]
100%|██████████| 1/1 [00:00<00:00,  3.77it/s]
100%|██████████| 1/1 [00:00<00:00,  3.76it/s]

  0%|          | 0/1 [00:00<?, ?it/s]
100%|██████████| 1/1 [00:00<00:00,  2.93it/s]
100%|██████████| 1/1 [00:00<00:00,  2.93it/s]

  0%|          | 0/1 [00:00<?, ?it/s]
100%|██████████| 1/1 [00:00<00:00,  1.85it/s]
100%|██████████| 1/1 [00:00<00:00,  1.84it/s]

  0%|          | 0/1 [00:00<?, ?it/s]
100%|██████████| 1/1 [00:00<00:00,  4.15it/s]
100%|██████████| 1/1 [00:00<00:00,  4.15it/s]

  0%|          | 0/1 [00:00<?, ?it/s]
100%|██████████| 1/1 [00:00<00:00,  4.34it/s]
100%|██████████| 1/1 [00:00<00:00,  4.34it/s]

  0%|          | 0/1 [00:00<?, ?it/s]
100%|██████████| 1/1 [00:00<00:00,  2.47it/s]
100%|██████████| 1/1 [00:00<00:00,  2.47it/s]

  0%|          | 0/1 [00:00<?, ?it/s]
100%|██████████| 1/1 [00:00<00:00,  3.91it/s]
100%|██████████| 1/1 [00:00<00:00,  3.90it/s]

  0%|          | 0/1 [00:00<?, ?it/s]
100%|██████████| 1/1 [00:00<00:00,  3.80it/s]
100%|██████████| 1/1 [00:00<00:00,  3.80it/s]

  0%|          | 0/1 [00:00<?, ?it/s]
100%|██████████| 1/1 [00:00<00:00,  2.43it/s]
100%|██████████| 1/1 [00:00<00:00,  2.43it/s]

  0%|          | 0/1 [00:00<?, ?it/s]
100%|██████████| 1/1 [00:00<00:00,  4.32it/s]
100%|██████████| 1/1 [00:00<00:00,  4.31it/s]

  0%|          | 0/1 [00:00<?, ?it/s]
100%|██████████| 1/1 [00:00<00:00,  3.94it/s]
100%|██████████| 1/1 [00:00<00:00,  3.93it/s]

  0%|          | 0/1 [00:00<?, ?it/s]
100%|██████████| 1/1 [00:00<00:00,  3.45it/s]
100%|██████████| 1/1 [00:00<00:00,  3.45it/s]

  0%|          | 0/1 [00:00<?, ?it/s]
100%|██████████| 1/1 [00:00<00:00,  4.21it/s]
100%|██████████| 1/1 [00:00<00:00,  4.21it/s]

  0%|          | 0/1 [00:00<?, ?it/s]
100%|██████████| 1/1 [00:00<00:00,  2.86it/s]
100%|██████████| 1/1 [00:00<00:00,  2.85it/s]

  0%|          | 0/1 [00:00<?, ?it/s]
100%|██████████| 1/1 [00:00<00:00,  2.87it/s]
100%|██████████| 1/1 [00:00<00:00,  2.87it/s]

  0%|          | 0/1 [00:00<?, ?it/s]
100%|██████████| 1/1 [00:00<00:00,  2.52it/s]
100%|██████████| 1/1 [00:00<00:00,  2.52it/s]

  0%|          | 0/1 [00:00<?, ?it/s]
100%|██████████| 1/1 [00:00<00:00,  3.19it/s]
100%|██████████| 1/1 [00:00<00:00,  3.19it/s]

  0%|          | 0/1 [00:00<?, ?it/s]
100%|██████████| 1/1 [00:00<00:00,  3.40it/s]
100%|██████████| 1/1 [00:00<00:00,  3.40it/s]

  0%|          | 0/1 [00:00<?, ?it/s]
100%|██████████| 1/1 [00:00<00:00,  3.88it/s]
100%|██████████| 1/1 [00:00<00:00,  3.88it/s]

  0%|          | 0/1 [00:00<?, ?it/s]
100%|██████████| 1/1 [00:00<00:00,  2.03it/s]
100%|██████████| 1/1 [00:00<00:00,  2.03it/s]

  0%|          | 0/1 [00:00<?, ?it/s]
100%|██████████| 1/1 [00:00<00:00,  2.31it/s]
100%|██████████| 1/1 [00:00<00:00,  2.31it/s]

  0%|          | 0/1 [00:00<?, ?it/s]
100%|██████████| 1/1 [00:00<00:00,  3.72it/s]
100%|██████████| 1/1 [00:00<00:00,  3.72it/s]

  0%|          | 0/1 [00:00<?, ?it/s]
100%|██████████| 1/1 [00:00<00:00,  3.62it/s]
100%|██████████| 1/1 [00:00<00:00,  3.62it/s]

  0%|          | 0/1 [00:00<?, ?it/s]
100%|██████████| 1/1 [00:00<00:00,  2.44it/s]
100%|██████████| 1/1 [00:00<00:00,  2.44it/s]

  0%|          | 0/1 [00:00<?, ?it/s]
100%|██████████| 1/1 [00:00<00:00,  2.90it/s]
100%|██████████| 1/1 [00:00<00:00,  2.89it/s]

  0%|          | 0/1 [00:00<?, ?it/s]
100%|██████████| 1/1 [00:00<00:00,  3.39it/s]
100%|██████████| 1/1 [00:00<00:00,  3.39it/s]

  0%|          | 0/1 [00:00<?, ?it/s]
100%|██████████| 1/1 [00:00<00:00,  4.04it/s]
100%|██████████| 1/1 [00:00<00:00,  4.03it/s]

  0%|          | 0/1 [00:00<?, ?it/s]
100%|██████████| 1/1 [00:00<00:00,  2.36it/s]
100%|██████████| 1/1 [00:00<00:00,  2.36it/s]

  0%|          | 0/1 [00:00<?, ?it/s]
100%|██████████| 1/1 [00:00<00:00,  3.62it/s]
100%|██████████| 1/1 [00:00<00:00,  3.62it/s]

  0%|          | 0/1 [00:00<?, ?it/s]
100%|██████████| 1/1 [00:00<00:00,  3.04it/s]
100%|██████████| 1/1 [00:00<00:00,  3.04it/s]

  0%|          | 0/1 [00:00<?, ?it/s]
100%|██████████| 1/1 [00:00<00:00,  2.32it/s]
100%|██████████| 1/1 [00:00<00:00,  2.32it/s]

  0%|          | 0/1 [00:00<?, ?it/s]
100%|██████████| 1/1 [00:00<00:00,  4.03it/s]
100%|██████████| 1/1 [00:00<00:00,  4.02it/s]

  0%|          | 0/1 [00:00<?, ?it/s]
100%|██████████| 1/1 [00:00<00:00,  3.80it/s]
100%|██████████| 1/1 [00:00<00:00,  3.79it/s]

  0%|          | 0/1 [00:00<?, ?it/s]
100%|██████████| 1/1 [00:00<00:00,  3.34it/s]
100%|██████████| 1/1 [00:00<00:00,  3.34it/s]

  0%|          | 0/1 [00:00<?, ?it/s]
100%|██████████| 1/1 [00:00<00:00,  3.74it/s]
100%|██████████| 1/1 [00:00<00:00,  3.73it/s]

  0%|          | 0/1 [00:00<?, ?it/s]
100%|██████████| 1/1 [00:00<00:00,  3.82it/s]
100%|██████████| 1/1 [00:00<00:00,  3.82it/s]

  0%|          | 0/1 [00:00<?, ?it/s]
100%|██████████| 1/1 [00:00<00:00,  3.95it/s]
100%|██████████| 1/1 [00:00<00:00,  3.95it/s]

  0%|          | 0/1 [00:00<?, ?it/s]
100%|██████████| 1/1 [00:00<00:00,  4.04it/s]
100%|██████████| 1/1 [00:00<00:00,  4.03it/s]

  0%|          | 0/1 [00:00<?, ?it/s]
100%|██████████| 1/1 [00:00<00:00,  3.34it/s]
100%|██████████| 1/1 [00:00<00:00,  3.33it/s]

  0%|          | 0/1 [00:00<?, ?it/s]
100%|██████████| 1/1 [00:00<00:00,  3.46it/s]
100%|██████████| 1/1 [00:00<00:00,  3.46it/s]

  0%|          | 0/1 [00:00<?, ?it/s]
100%|██████████| 1/1 [00:00<00:00,  3.37it/s]
100%|██████████| 1/1 [00:00<00:00,  3.37it/s]

  0%|          | 0/1 [00:00<?, ?it/s]
100%|██████████| 1/1 [00:00<00:00,  1.27it/s]
100%|██████████| 1/1 [00:00<00:00,  1.27it/s]

  0%|          | 0/1 [00:00<?, ?it/s]
100%|██████████| 1/1 [00:00<00:00,  4.25it/s]
100%|██████████| 1/1 [00:00<00:00,  4.24it/s]

  0%|          | 0/1 [00:00<?, ?it/s]
100%|██████████| 1/1 [00:00<00:00,  3.62it/s]
100%|██████████| 1/1 [00:00<00:00,  3.61it/s]

  0%|          | 0/1 [00:00<?, ?it/s]
100%|██████████| 1/1 [00:00<00:00,  3.30it/s]
100%|██████████| 1/1 [00:00<00:00,  3.30it/s]

  0%|          | 0/1 [00:00<?, ?it/s]
100%|██████████| 1/1 [00:00<00:00,  3.83it/s]
100%|██████████| 1/1 [00:00<00:00,  3.83it/s]

  0%|          | 0/1 [00:00<?, ?it/s]
100%|██████████| 1/1 [00:00<00:00,  3.99it/s]
100%|██████████| 1/1 [00:00<00:00,  3.99it/s]

  0%|          | 0/1 [00:00<?, ?it/s]
100%|██████████| 1/1 [00:00<00:00,  2.50it/s]
100%|██████████| 1/1 [00:00<00:00,  2.49it/s]

  0%|          | 0/1 [00:00<?, ?it/s]
100%|██████████| 1/1 [00:00<00:00,  3.65it/s]
100%|██████████| 1/1 [00:00<00:00,  3.65it/s]

  0%|          | 0/1 [00:00<?, ?it/s]
100%|██████████| 1/1 [00:00<00:00,  4.08it/s]
100%|██████████| 1/1 [00:00<00:00,  4.08it/s]

  0%|          | 0/1 [00:00<?, ?it/s]
100%|██████████| 1/1 [00:00<00:00,  4.05it/s]
100%|██████████| 1/1 [00:00<00:00,  4.04it/s]

  0%|          | 0/1 [00:00<?, ?it/s]
100%|██████████| 1/1 [00:00<00:00,  3.64it/s]
100%|██████████| 1/1 [00:00<00:00,  3.64it/s]

  0%|          | 0/1 [00:00<?, ?it/s]
100%|██████████| 1/1 [00:00<00:00,  3.80it/s]
100%|██████████| 1/1 [00:00<00:00,  3.80it/s]

  0%|          | 0/1 [00:00<?, ?it/s]
100%|██████████| 1/1 [00:00<00:00,  3.81it/s]
100%|██████████| 1/1 [00:00<00:00,  3.81it/s]

  0%|          | 0/1 [00:00<?, ?it/s]
100%|██████████| 1/1 [00:00<00:00,  3.94it/s]
100%|██████████| 1/1 [00:00<00:00,  3.94it/s]

  0%|          | 0/1 [00:00<?, ?it/s]
100%|██████████| 1/1 [00:00<00:00,  3.39it/s]
100%|██████████| 1/1 [00:00<00:00,  3.39it/s]

  0%|          | 0/1 [00:00<?, ?it/s]
100%|██████████| 1/1 [00:00<00:00,  3.65it/s]
100%|██████████| 1/1 [00:00<00:00,  3.64it/s]

  0%|          | 0/1 [00:00<?, ?it/s]
100%|██████████| 1/1 [00:00<00:00,  2.64it/s]
100%|██████████| 1/1 [00:00<00:00,  2.63it/s]

  0%|          | 0/1 [00:00<?, ?it/s]
100%|██████████| 1/1 [00:00<00:00,  3.85it/s]
100%|██████████| 1/1 [00:00<00:00,  3.84it/s]

  0%|          | 0/1 [00:00<?, ?it/s]
100%|██████████| 1/1 [00:00<00:00,  2.29it/s]
100%|██████████| 1/1 [00:00<00:00,  2.28it/s]

  0%|          | 0/1 [00:00<?, ?it/s]
100%|██████████| 1/1 [00:00<00:00,  4.29it/s]
100%|██████████| 1/1 [00:00<00:00,  4.29it/s]

  0%|          | 0/1 [00:00<?, ?it/s]
100%|██████████| 1/1 [00:00<00:00,  2.16it/s]
100%|██████████| 1/1 [00:00<00:00,  2.16it/s]

  0%|          | 0/1 [00:00<?, ?it/s]
100%|██████████| 1/1 [00:00<00:00,  1.15it/s]
100%|██████████| 1/1 [00:00<00:00,  1.15it/s]

  0%|          | 0/1 [00:00<?, ?it/s]
100%|██████████| 1/1 [00:00<00:00,  2.88it/s]
100%|██████████| 1/1 [00:00<00:00,  2.88it/s]

  0%|          | 0/1 [00:00<?, ?it/s]
100%|██████████| 1/1 [00:01<00:00,  1.20s/it]
100%|██████████| 1/1 [00:01<00:00,  1.20s/it]

  0%|          | 0/1 [00:00<?, ?it/s]
100%|██████████| 1/1 [00:00<00:00,  3.57it/s]
100%|██████████| 1/1 [00:00<00:00,  3.57it/s]

  0%|          | 0/1 [00:00<?, ?it/s]
100%|██████████| 1/1 [00:00<00:00,  3.69it/s]
100%|██████████| 1/1 [00:00<00:00,  3.69it/s]

  0%|          | 0/1 [00:00<?, ?it/s]
100%|██████████| 1/1 [00:00<00:00,  2.54it/s]
100%|██████████| 1/1 [00:00<00:00,  2.53it/s]

  0%|          | 0/1 [00:00<?, ?it/s]
100%|██████████| 1/1 [00:00<00:00,  3.98it/s]
100%|██████████| 1/1 [00:00<00:00,  3.98it/s]

  0%|          | 0/1 [00:00<?, ?it/s]
100%|██████████| 1/1 [00:00<00:00,  2.66it/s]
100%|██████████| 1/1 [00:00<00:00,  2.66it/s]

  0%|          | 0/1 [00:00<?, ?it/s]
100%|██████████| 1/1 [00:00<00:00,  1.05it/s]
100%|██████████| 1/1 [00:00<00:00,  1.05it/s]

  0%|          | 0/1 [00:00<?, ?it/s]
100%|██████████| 1/1 [00:00<00:00,  2.77it/s]
100%|██████████| 1/1 [00:00<00:00,  2.77it/s]

  0%|          | 0/1 [00:00<?, ?it/s]
100%|██████████| 1/1 [00:00<00:00,  1.95it/s]
100%|██████████| 1/1 [00:00<00:00,  1.95it/s]

  0%|          | 0/1 [00:00<?, ?it/s]
100%|██████████| 1/1 [00:00<00:00,  3.55it/s]
100%|██████████| 1/1 [00:00<00:00,  3.54it/s]

  0%|          | 0/1 [00:00<?, ?it/s]
100%|██████████| 1/1 [00:00<00:00,  3.69it/s]
100%|██████████| 1/1 [00:00<00:00,  3.69it/s]

  0%|          | 0/1 [00:00<?, ?it/s]
100%|██████████| 1/1 [00:00<00:00,  3.73it/s]
100%|██████████| 1/1 [00:00<00:00,  3.73it/s]

  0%|          | 0/1 [00:00<?, ?it/s]
100%|██████████| 1/1 [00:00<00:00,  3.85it/s]
100%|██████████| 1/1 [00:00<00:00,  3.85it/s]

  0%|          | 0/1 [00:00<?, ?it/s]
100%|██████████| 1/1 [00:00<00:00,  4.36it/s]
100%|██████████| 1/1 [00:00<00:00,  4.35it/s]

  0%|          | 0/1 [00:00<?, ?it/s]
100%|██████████| 1/1 [00:00<00:00,  4.17it/s]
100%|██████████| 1/1 [00:00<00:00,  4.16it/s]

  0%|          | 0/1 [00:00<?, ?it/s]
100%|██████████| 1/1 [00:00<00:00,  3.88it/s]
100%|██████████| 1/1 [00:00<00:00,  3.88it/s]

  0%|          | 0/1 [00:00<?, ?it/s]
100%|██████████| 1/1 [00:00<00:00,  3.85it/s]
100%|██████████| 1/1 [00:00<00:00,  3.85it/s]

  0%|          | 0/1 [00:00<?, ?it/s]
100%|██████████| 1/1 [00:00<00:00,  3.81it/s]
100%|██████████| 1/1 [00:00<00:00,  3.81it/s]

  0%|          | 0/1 [00:00<?, ?it/s]
100%|██████████| 1/1 [00:00<00:00,  3.97it/s]
100%|██████████| 1/1 [00:00<00:00,  3.97it/s]

  0%|          | 0/1 [00:00<?, ?it/s]
100%|██████████| 1/1 [00:00<00:00,  3.96it/s]
100%|██████████| 1/1 [00:00<00:00,  3.96it/s]

  0%|          | 0/1 [00:00<?, ?it/s]
100%|██████████| 1/1 [00:00<00:00,  3.95it/s]
100%|██████████| 1/1 [00:00<00:00,  3.95it/s]

  0%|          | 0/1 [00:00<?, ?it/s]
100%|██████████| 1/1 [00:00<00:00,  3.74it/s]
100%|██████████| 1/1 [00:00<00:00,  3.74it/s]

  0%|          | 0/1 [00:00<?, ?it/s]
100%|██████████| 1/1 [00:00<00:00,  3.90it/s]
100%|██████████| 1/1 [00:00<00:00,  3.90it/s]

  0%|          | 0/1 [00:00<?, ?it/s]
100%|██████████| 1/1 [00:00<00:00,  4.32it/s]
100%|██████████| 1/1 [00:00<00:00,  4.32it/s]

  0%|          | 0/1 [00:00<?, ?it/s]
100%|██████████| 1/1 [00:00<00:00,  4.42it/s]
100%|██████████| 1/1 [00:00<00:00,  4.41it/s]

  0%|          | 0/1 [00:00<?, ?it/s]
100%|██████████| 1/1 [00:00<00:00,  4.55it/s]
100%|██████████| 1/1 [00:00<00:00,  4.54it/s]

  0%|          | 0/1 [00:00<?, ?it/s]
100%|██████████| 1/1 [00:00<00:00,  4.51it/s]
100%|██████████| 1/1 [00:00<00:00,  4.50it/s]

  0%|          | 0/1 [00:00<?, ?it/s]
100%|██████████| 1/1 [00:00<00:00,  4.10it/s]
100%|██████████| 1/1 [00:00<00:00,  4.09it/s]

  0%|          | 0/1 [00:00<?, ?it/s]
100%|██████████| 1/1 [00:00<00:00,  3.89it/s]
100%|██████████| 1/1 [00:00<00:00,  3.88it/s]

  0%|          | 0/1 [00:00<?, ?it/s]
100%|██████████| 1/1 [00:00<00:00,  4.44it/s]
100%|██████████| 1/1 [00:00<00:00,  4.43it/s]

  0%|          | 0/1 [00:00<?, ?it/s]
100%|██████████| 1/1 [00:00<00:00,  4.41it/s]
100%|██████████| 1/1 [00:00<00:00,  4.41it/s]

  0%|          | 0/1 [00:00<?, ?it/s]
100%|██████████| 1/1 [00:00<00:00,  4.27it/s]
100%|██████████| 1/1 [00:00<00:00,  4.27it/s]

  0%|          | 0/1 [00:00<?, ?it/s]
100%|██████████| 1/1 [00:00<00:00,  4.17it/s]
100%|██████████| 1/1 [00:00<00:00,  4.17it/s]

  0%|          | 0/1 [00:00<?, ?it/s]
100%|██████████| 1/1 [00:00<00:00,  4.63it/s]
100%|██████████| 1/1 [00:00<00:00,  4.62it/s]

  0%|          | 0/1 [00:00<?, ?it/s]
100%|██████████| 1/1 [00:00<00:00,  3.10it/s]
100%|██████████| 1/1 [00:00<00:00,  3.09it/s]

  0%|          | 0/1 [00:00<?, ?it/s]
100%|██████████| 1/1 [00:00<00:00,  3.78it/s]
100%|██████████| 1/1 [00:00<00:00,  3.78it/s]

  0%|          | 0/1 [00:00<?, ?it/s]
100%|██████████| 1/1 [00:00<00:00,  4.46it/s]
100%|██████████| 1/1 [00:00<00:00,  4.45it/s]

  0%|          | 0/1 [00:00<?, ?it/s]
100%|██████████| 1/1 [00:00<00:00,  4.13it/s]
100%|██████████| 1/1 [00:00<00:00,  4.13it/s]

  0%|          | 0/1 [00:00<?, ?it/s]
100%|██████████| 1/1 [00:00<00:00,  4.14it/s]
100%|██████████| 1/1 [00:00<00:00,  4.13it/s]

  0%|          | 0/1 [00:00<?, ?it/s]
100%|██████████| 1/1 [00:00<00:00,  4.43it/s]
100%|██████████| 1/1 [00:00<00:00,  4.43it/s]

  0%|          | 0/1 [00:00<?, ?it/s]
100%|██████████| 1/1 [00:00<00:00,  4.25it/s]
100%|██████████| 1/1 [00:00<00:00,  4.24it/s]

  0%|          | 0/1 [00:00<?, ?it/s]
100%|██████████| 1/1 [00:00<00:00,  4.21it/s]
100%|██████████| 1/1 [00:00<00:00,  4.21it/s]

  0%|          | 0/1 [00:00<?, ?it/s]
100%|██████████| 1/1 [00:00<00:00,  4.05it/s]
100%|██████████| 1/1 [00:00<00:00,  4.04it/s]

  0%|          | 0/1 [00:00<?, ?it/s]
100%|██████████| 1/1 [00:00<00:00,  3.96it/s]
100%|██████████| 1/1 [00:00<00:00,  3.95it/s]

  0%|          | 0/1 [00:00<?, ?it/s]
100%|██████████| 1/1 [00:00<00:00,  3.88it/s]
100%|██████████| 1/1 [00:00<00:00,  3.87it/s]

  0%|          | 0/1 [00:00<?, ?it/s]
100%|██████████| 1/1 [00:00<00:00,  4.33it/s]
100%|██████████| 1/1 [00:00<00:00,  4.33it/s]

  0%|          | 0/1 [00:00<?, ?it/s]
100%|██████████| 1/1 [00:00<00:00,  4.38it/s]
100%|██████████| 1/1 [00:00<00:00,  4.38it/s]

  0%|          | 0/1 [00:00<?, ?it/s]
100%|██████████| 1/1 [00:00<00:00,  3.86it/s]
100%|██████████| 1/1 [00:00<00:00,  3.85it/s]

  0%|          | 0/1 [00:00<?, ?it/s]
100%|██████████| 1/1 [00:00<00:00,  4.09it/s]
100%|██████████| 1/1 [00:00<00:00,  4.09it/s]

  0%|          | 0/1 [00:00<?, ?it/s]
100%|██████████| 1/1 [00:00<00:00,  4.14it/s]
100%|██████████| 1/1 [00:00<00:00,  4.13it/s]

  0%|          | 0/1 [00:00<?, ?it/s]
100%|██████████| 1/1 [00:00<00:00,  4.48it/s]
100%|██████████| 1/1 [00:00<00:00,  4.48it/s]

  0%|          | 0/1 [00:00<?, ?it/s]
100%|██████████| 1/1 [00:00<00:00,  4.48it/s]
100%|██████████| 1/1 [00:00<00:00,  4.48it/s]

  0%|          | 0/1 [00:00<?, ?it/s]
100%|██████████| 1/1 [00:00<00:00,  4.39it/s]
100%|██████████| 1/1 [00:00<00:00,  4.39it/s]

  0%|          | 0/1 [00:00<?, ?it/s]
100%|██████████| 1/1 [00:00<00:00,  4.55it/s]
100%|██████████| 1/1 [00:00<00:00,  4.55it/s]

  0%|          | 0/1 [00:00<?, ?it/s]
100%|██████████| 1/1 [00:00<00:00,  4.54it/s]
100%|██████████| 1/1 [00:00<00:00,  4.54it/s]

  0%|          | 0/1 [00:00<?, ?it/s]
100%|██████████| 1/1 [00:00<00:00,  4.28it/s]
100%|██████████| 1/1 [00:00<00:00,  4.28it/s]

  0%|          | 0/1 [00:00<?, ?it/s]
100%|██████████| 1/1 [00:00<00:00,  4.16it/s]
100%|██████████| 1/1 [00:00<00:00,  4.16it/s]

  0%|          | 0/1 [00:00<?, ?it/s]
100%|██████████| 1/1 [00:00<00:00,  4.24it/s]
100%|██████████| 1/1 [00:00<00:00,  4.23it/s]

  0%|          | 0/1 [00:00<?, ?it/s]
100%|██████████| 1/1 [00:00<00:00,  3.97it/s]
100%|██████████| 1/1 [00:00<00:00,  3.97it/s]

  0%|          | 0/1 [00:00<?, ?it/s]
100%|██████████| 1/1 [00:00<00:00,  4.19it/s]
100%|██████████| 1/1 [00:00<00:00,  4.19it/s]

  0%|          | 0/1 [00:00<?, ?it/s]
100%|██████████| 1/1 [00:00<00:00,  3.94it/s]
100%|██████████| 1/1 [00:00<00:00,  3.93it/s]

  0%|          | 0/1 [00:00<?, ?it/s]
100%|██████████| 1/1 [00:00<00:00,  4.35it/s]
100%|██████████| 1/1 [00:00<00:00,  4.35it/s]

  0%|          | 0/1 [00:00<?, ?it/s]
100%|██████████| 1/1 [00:00<00:00,  4.44it/s]
100%|██████████| 1/1 [00:00<00:00,  4.44it/s]

  0%|          | 0/1 [00:00<?, ?it/s]
100%|██████████| 1/1 [00:00<00:00,  4.21it/s]
100%|██████████| 1/1 [00:00<00:00,  4.20it/s]

  0%|          | 0/1 [00:00<?, ?it/s]
100%|██████████| 1/1 [00:00<00:00,  4.49it/s]
100%|██████████| 1/1 [00:00<00:00,  4.49it/s]

  0%|          | 0/1 [00:00<?, ?it/s]
100%|██████████| 1/1 [00:00<00:00,  4.34it/s]
100%|██████████| 1/1 [00:00<00:00,  4.34it/s]

  0%|          | 0/1 [00:00<?, ?it/s]
100%|██████████| 1/1 [00:00<00:00,  4.68it/s]
100%|██████████| 1/1 [00:00<00:00,  4.68it/s]

  0%|          | 0/1 [00:00<?, ?it/s]
100%|██████████| 1/1 [00:00<00:00,  4.61it/s]
100%|██████████| 1/1 [00:00<00:00,  4.60it/s]

  0%|          | 0/1 [00:00<?, ?it/s]
100%|██████████| 1/1 [00:00<00:00,  4.24it/s]
100%|██████████| 1/1 [00:00<00:00,  4.23it/s]

  0%|          | 0/1 [00:00<?, ?it/s]
100%|██████████| 1/1 [00:00<00:00,  4.40it/s]
100%|██████████| 1/1 [00:00<00:00,  4.39it/s]

  0%|          | 0/1 [00:00<?, ?it/s]
100%|██████████| 1/1 [00:00<00:00,  4.75it/s]
100%|██████████| 1/1 [00:00<00:00,  4.74it/s]

  0%|          | 0/1 [00:00<?, ?it/s]
100%|██████████| 1/1 [00:00<00:00,  4.69it/s]
100%|██████████| 1/1 [00:00<00:00,  4.69it/s]

  0%|          | 0/1 [00:00<?, ?it/s]
100%|██████████| 1/1 [00:00<00:00,  4.67it/s]
100%|██████████| 1/1 [00:00<00:00,  4.67it/s]

  0%|          | 0/1 [00:00<?, ?it/s]
100%|██████████| 1/1 [00:00<00:00,  4.62it/s]
100%|██████████| 1/1 [00:00<00:00,  4.62it/s]

  0%|          | 0/1 [00:00<?, ?it/s]
100%|██████████| 1/1 [00:00<00:00,  4.58it/s]
100%|██████████| 1/1 [00:00<00:00,  4.58it/s]

  0%|          | 0/1 [00:00<?, ?it/s]
100%|██████████| 1/1 [00:00<00:00,  3.97it/s]
100%|██████████| 1/1 [00:00<00:00,  3.97it/s]

  0%|          | 0/1 [00:00<?, ?it/s]
100%|██████████| 1/1 [00:00<00:00,  4.13it/s]
100%|██████████| 1/1 [00:00<00:00,  4.13it/s]

  0%|          | 0/1 [00:00<?, ?it/s]
100%|██████████| 1/1 [00:00<00:00,  4.17it/s]
100%|██████████| 1/1 [00:00<00:00,  4.17it/s]

  0%|          | 0/1 [00:00<?, ?it/s]
100%|██████████| 1/1 [00:00<00:00,  4.40it/s]
100%|██████████| 1/1 [00:00<00:00,  4.39it/s]

  0%|          | 0/1 [00:00<?, ?it/s]
100%|██████████| 1/1 [00:00<00:00,  4.60it/s]
100%|██████████| 1/1 [00:00<00:00,  4.60it/s]

  0%|          | 0/1 [00:00<?, ?it/s]
100%|██████████| 1/1 [00:00<00:00,  4.56it/s]
100%|██████████| 1/1 [00:00<00:00,  4.55it/s]

  0%|          | 0/1 [00:00<?, ?it/s]
100%|██████████| 1/1 [00:00<00:00,  4.48it/s]
100%|██████████| 1/1 [00:00<00:00,  4.48it/s]

  0%|          | 0/1 [00:00<?, ?it/s]
100%|██████████| 1/1 [00:00<00:00,  3.56it/s]
100%|██████████| 1/1 [00:00<00:00,  3.55it/s]

  0%|          | 0/1 [00:00<?, ?it/s]
100%|██████████| 1/1 [00:00<00:00,  3.63it/s]
100%|██████████| 1/1 [00:00<00:00,  3.63it/s]

  0%|          | 0/1 [00:00<?, ?it/s]
100%|██████████| 1/1 [00:00<00:00,  4.08it/s]
100%|██████████| 1/1 [00:00<00:00,  4.07it/s]

  0%|          | 0/1 [00:00<?, ?it/s]
100%|██████████| 1/1 [00:00<00:00,  4.19it/s]
100%|██████████| 1/1 [00:00<00:00,  4.19it/s]

  0%|          | 0/1 [00:00<?, ?it/s]
100%|██████████| 1/1 [00:00<00:00,  3.77it/s]
100%|██████████| 1/1 [00:00<00:00,  3.77it/s]

  0%|          | 0/1 [00:00<?, ?it/s]
100%|██████████| 1/1 [00:00<00:00,  1.96it/s]
100%|██████████| 1/1 [00:00<00:00,  1.96it/s]

  0%|          | 0/1 [00:00<?, ?it/s]
100%|██████████| 1/1 [00:00<00:00,  3.19it/s]
100%|██████████| 1/1 [00:00<00:00,  3.19it/s]

  0%|          | 0/1 [00:00<?, ?it/s]
100%|██████████| 1/1 [00:00<00:00,  3.54it/s]
100%|██████████| 1/1 [00:00<00:00,  3.53it/s]

  0%|          | 0/1 [00:00<?, ?it/s]
100%|██████████| 1/1 [00:00<00:00,  3.46it/s]
100%|██████████| 1/1 [00:00<00:00,  3.45it/s]

  0%|          | 0/1 [00:00<?, ?it/s]
100%|██████████| 1/1 [00:00<00:00,  3.35it/s]
100%|██████████| 1/1 [00:00<00:00,  3.34it/s]

  0%|          | 0/1 [00:00<?, ?it/s]
100%|██████████| 1/1 [00:00<00:00,  3.74it/s]
100%|██████████| 1/1 [00:00<00:00,  3.74it/s]

  0%|          | 0/1 [00:00<?, ?it/s]
100%|██████████| 1/1 [00:00<00:00,  3.64it/s]
100%|██████████| 1/1 [00:00<00:00,  3.64it/s]

  0%|          | 0/1 [00:00<?, ?it/s]
100%|██████████| 1/1 [00:00<00:00,  3.93it/s]
100%|██████████| 1/1 [00:00<00:00,  3.93it/s]

  0%|          | 0/1 [00:00<?, ?it/s]
100%|██████████| 1/1 [00:00<00:00,  3.62it/s]
100%|██████████| 1/1 [00:00<00:00,  3.62it/s]

  0%|          | 0/1 [00:00<?, ?it/s]
100%|██████████| 1/1 [00:00<00:00,  3.83it/s]
100%|██████████| 1/1 [00:00<00:00,  3.83it/s]

  0%|          | 0/1 [00:00<?, ?it/s]
100%|██████████| 1/1 [00:00<00:00,  3.98it/s]
100%|██████████| 1/1 [00:00<00:00,  3.98it/s]

  0%|          | 0/1 [00:00<?, ?it/s]
100%|██████████| 1/1 [00:00<00:00,  4.19it/s]
100%|██████████| 1/1 [00:00<00:00,  4.19it/s]

  0%|          | 0/1 [00:00<?, ?it/s]
100%|██████████| 1/1 [00:00<00:00,  4.06it/s]
100%|██████████| 1/1 [00:00<00:00,  4.06it/s]

  0%|          | 0/1 [00:00<?, ?it/s]
100%|██████████| 1/1 [00:00<00:00,  4.42it/s]
100%|██████████| 1/1 [00:00<00:00,  4.41it/s]

  0%|          | 0/1 [00:00<?, ?it/s]
100%|██████████| 1/1 [00:00<00:00,  3.94it/s]
100%|██████████| 1/1 [00:00<00:00,  3.93it/s]

  0%|          | 0/1 [00:00<?, ?it/s]
100%|██████████| 1/1 [00:00<00:00,  1.44it/s]
100%|██████████| 1/1 [00:00<00:00,  1.44it/s]

  0%|          | 0/1 [00:00<?, ?it/s]
100%|██████████| 1/1 [00:00<00:00,  3.49it/s]
100%|██████████| 1/1 [00:00<00:00,  3.49it/s]

  0%|          | 0/1 [00:00<?, ?it/s]
100%|██████████| 1/1 [00:00<00:00,  3.67it/s]
100%|██████████| 1/1 [00:00<00:00,  3.67it/s]

  0%|          | 0/1 [00:00<?, ?it/s]
100%|██████████| 1/1 [00:00<00:00,  3.77it/s]
100%|██████████| 1/1 [00:00<00:00,  3.77it/s]

  0%|          | 0/1 [00:00<?, ?it/s]
100%|██████████| 1/1 [00:00<00:00,  3.69it/s]
100%|██████████| 1/1 [00:00<00:00,  3.69it/s]

  0%|          | 0/1 [00:00<?, ?it/s]
100%|██████████| 1/1 [00:00<00:00,  3.80it/s]
100%|██████████| 1/1 [00:00<00:00,  3.79it/s]

  0%|          | 0/1 [00:00<?, ?it/s]
100%|██████████| 1/1 [00:00<00:00,  3.56it/s]
100%|██████████| 1/1 [00:00<00:00,  3.55it/s]

  0%|          | 0/1 [00:00<?, ?it/s]
100%|██████████| 1/1 [00:00<00:00,  3.31it/s]
100%|██████████| 1/1 [00:00<00:00,  3.30it/s]

  0%|          | 0/1 [00:00<?, ?it/s]
100%|██████████| 1/1 [00:00<00:00,  3.59it/s]
100%|██████████| 1/1 [00:00<00:00,  3.59it/s]

  0%|          | 0/1 [00:00<?, ?it/s]
100%|██████████| 1/1 [00:00<00:00,  3.61it/s]
100%|██████████| 1/1 [00:00<00:00,  3.61it/s]

  0%|          | 0/1 [00:00<?, ?it/s]
100%|██████████| 1/1 [00:00<00:00,  3.83it/s]
100%|██████████| 1/1 [00:00<00:00,  3.82it/s]

  0%|          | 0/1 [00:00<?, ?it/s]
100%|██████████| 1/1 [00:00<00:00,  3.95it/s]
100%|██████████| 1/1 [00:00<00:00,  3.95it/s]

  0%|          | 0/1 [00:00<?, ?it/s]
100%|██████████| 1/1 [00:00<00:00,  4.11it/s]
100%|██████████| 1/1 [00:00<00:00,  4.11it/s]

  0%|          | 0/1 [00:00<?, ?it/s]
100%|██████████| 1/1 [00:00<00:00,  4.04it/s]
100%|██████████| 1/1 [00:00<00:00,  4.04it/s]

  0%|          | 0/1 [00:00<?, ?it/s]
100%|██████████| 1/1 [00:00<00:00,  3.80it/s]
100%|██████████| 1/1 [00:00<00:00,  3.80it/s]

  0%|          | 0/1 [00:00<?, ?it/s]
100%|██████████| 1/1 [00:00<00:00,  3.78it/s]
100%|██████████| 1/1 [00:00<00:00,  3.77it/s]

  0%|          | 0/1 [00:00<?, ?it/s]
100%|██████████| 1/1 [00:00<00:00,  4.02it/s]
100%|██████████| 1/1 [00:00<00:00,  4.02it/s]

  0%|          | 0/1 [00:00<?, ?it/s]
100%|██████████| 1/1 [00:00<00:00,  3.83it/s]
100%|██████████| 1/1 [00:00<00:00,  3.83it/s]

  0%|          | 0/1 [00:00<?, ?it/s]
100%|██████████| 1/1 [00:00<00:00,  4.12it/s]
100%|██████████| 1/1 [00:00<00:00,  4.12it/s]

  0%|          | 0/1 [00:00<?, ?it/s]
100%|██████████| 1/1 [00:00<00:00,  4.13it/s]
100%|██████████| 1/1 [00:00<00:00,  4.12it/s]

  0%|          | 0/1 [00:00<?, ?it/s]
100%|██████████| 1/1 [00:00<00:00,  3.71it/s]
100%|██████████| 1/1 [00:00<00:00,  3.70it/s]

  0%|          | 0/1 [00:00<?, ?it/s]
100%|██████████| 1/1 [00:00<00:00,  3.56it/s]
100%|██████████| 1/1 [00:00<00:00,  3.56it/s]

  0%|          | 0/1 [00:00<?, ?it/s]
100%|██████████| 1/1 [00:00<00:00,  3.65it/s]
100%|██████████| 1/1 [00:00<00:00,  3.65it/s]

  0%|          | 0/1 [00:00<?, ?it/s]
100%|██████████| 1/1 [00:00<00:00,  4.17it/s]
100%|██████████| 1/1 [00:00<00:00,  4.16it/s]

  0%|          | 0/1 [00:00<?, ?it/s]
100%|██████████| 1/1 [00:00<00:00,  3.88it/s]
100%|██████████| 1/1 [00:00<00:00,  3.87it/s]

  0%|          | 0/1 [00:00<?, ?it/s]
100%|██████████| 1/1 [00:00<00:00,  3.06it/s]
100%|██████████| 1/1 [00:00<00:00,  3.05it/s]

  0%|          | 0/1 [00:00<?, ?it/s]
100%|██████████| 1/1 [00:00<00:00,  3.72it/s]
100%|██████████| 1/1 [00:00<00:00,  3.72it/s]

  0%|          | 0/1 [00:00<?, ?it/s]
100%|██████████| 1/1 [00:00<00:00,  4.10it/s]
100%|██████████| 1/1 [00:00<00:00,  4.09it/s]

  0%|          | 0/1 [00:00<?, ?it/s]
100%|██████████| 1/1 [00:00<00:00,  3.68it/s]
100%|██████████| 1/1 [00:00<00:00,  3.67it/s]

  0%|          | 0/1 [00:00<?, ?it/s]
100%|██████████| 1/1 [00:00<00:00,  4.13it/s]
100%|██████████| 1/1 [00:00<00:00,  4.12it/s]

  0%|          | 0/1 [00:00<?, ?it/s]
100%|██████████| 1/1 [00:00<00:00,  4.14it/s]
100%|██████████| 1/1 [00:00<00:00,  4.14it/s]

  0%|          | 0/1 [00:00<?, ?it/s]
100%|██████████| 1/1 [00:00<00:00,  3.76it/s]
100%|██████████| 1/1 [00:00<00:00,  3.75it/s]

  0%|          | 0/1 [00:00<?, ?it/s]
100%|██████████| 1/1 [00:00<00:00,  3.78it/s]
100%|██████████| 1/1 [00:00<00:00,  3.77it/s]

  0%|          | 0/1 [00:00<?, ?it/s]
100%|██████████| 1/1 [00:00<00:00,  4.07it/s]
100%|██████████| 1/1 [00:00<00:00,  4.07it/s]

  0%|          | 0/1 [00:00<?, ?it/s]
100%|██████████| 1/1 [00:00<00:00,  4.14it/s]
100%|██████████| 1/1 [00:00<00:00,  4.13it/s]

  0%|          | 0/1 [00:00<?, ?it/s]
100%|██████████| 1/1 [00:00<00:00,  4.17it/s]
100%|██████████| 1/1 [00:00<00:00,  4.16it/s]

  0%|          | 0/1 [00:00<?, ?it/s]
100%|██████████| 1/1 [00:00<00:00,  4.10it/s]
100%|██████████| 1/1 [00:00<00:00,  4.09it/s]

  0%|          | 0/1 [00:00<?, ?it/s]
100%|██████████| 1/1 [00:00<00:00,  4.13it/s]
100%|██████████| 1/1 [00:00<00:00,  4.13it/s]

  0%|          | 0/1 [00:00<?, ?it/s]
100%|██████████| 1/1 [00:00<00:00,  4.07it/s]
100%|██████████| 1/1 [00:00<00:00,  4.06it/s]

  0%|          | 0/1 [00:00<?, ?it/s]
100%|██████████| 1/1 [00:00<00:00,  3.71it/s]
100%|██████████| 1/1 [00:00<00:00,  3.70it/s]

  0%|          | 0/1 [00:00<?, ?it/s]
100%|██████████| 1/1 [00:00<00:00,  4.07it/s]
100%|██████████| 1/1 [00:00<00:00,  4.07it/s]

  0%|          | 0/1 [00:00<?, ?it/s]
100%|██████████| 1/1 [00:00<00:00,  4.15it/s]
100%|██████████| 1/1 [00:00<00:00,  4.15it/s]

  0%|          | 0/1 [00:00<?, ?it/s]
100%|██████████| 1/1 [00:00<00:00,  4.12it/s]
100%|██████████| 1/1 [00:00<00:00,  4.11it/s]

  0%|          | 0/1 [00:00<?, ?it/s]
100%|██████████| 1/1 [00:00<00:00,  4.22it/s]
100%|██████████| 1/1 [00:00<00:00,  4.21it/s]

  0%|          | 0/1 [00:00<?, ?it/s]
100%|██████████| 1/1 [00:00<00:00,  4.18it/s]
100%|██████████| 1/1 [00:00<00:00,  4.17it/s]

  0%|          | 0/1 [00:00<?, ?it/s]
100%|██████████| 1/1 [00:00<00:00,  3.59it/s]
100%|██████████| 1/1 [00:00<00:00,  3.59it/s]

  0%|          | 0/1 [00:00<?, ?it/s]
100%|██████████| 1/1 [00:00<00:00,  1.83it/s]
100%|██████████| 1/1 [00:00<00:00,  1.83it/s]

  0%|          | 0/1 [00:00<?, ?it/s]
100%|██████████| 1/1 [00:00<00:00,  3.44it/s]
100%|██████████| 1/1 [00:00<00:00,  3.44it/s]

  0%|          | 0/1 [00:00<?, ?it/s]
100%|██████████| 1/1 [00:00<00:00,  4.06it/s]
100%|██████████| 1/1 [00:00<00:00,  4.06it/s]

  0%|          | 0/1 [00:00<?, ?it/s]
100%|██████████| 1/1 [00:00<00:00,  4.09it/s]
100%|██████████| 1/1 [00:00<00:00,  4.08it/s]

  0%|          | 0/1 [00:00<?, ?it/s]
100%|██████████| 1/1 [00:00<00:00,  3.87it/s]
100%|██████████| 1/1 [00:00<00:00,  3.87it/s]

  0%|          | 0/1 [00:00<?, ?it/s]
100%|██████████| 1/1 [00:00<00:00,  4.12it/s]
100%|██████████| 1/1 [00:00<00:00,  4.11it/s]

  0%|          | 0/1 [00:00<?, ?it/s]
100%|██████████| 1/1 [00:00<00:00,  3.62it/s]
100%|██████████| 1/1 [00:00<00:00,  3.61it/s]

  0%|          | 0/1 [00:00<?, ?it/s]
100%|██████████| 1/1 [00:00<00:00,  3.32it/s]
100%|██████████| 1/1 [00:00<00:00,  3.31it/s]

  0%|          | 0/1 [00:00<?, ?it/s]
100%|██████████| 1/1 [00:00<00:00,  3.36it/s]
100%|██████████| 1/1 [00:00<00:00,  3.36it/s]

  0%|          | 0/1 [00:00<?, ?it/s]
100%|██████████| 1/1 [00:00<00:00,  3.72it/s]
100%|██████████| 1/1 [00:00<00:00,  3.72it/s]

  0%|          | 0/1 [00:00<?, ?it/s]
100%|██████████| 1/1 [00:00<00:00,  3.82it/s]
100%|██████████| 1/1 [00:00<00:00,  3.81it/s]

  0%|          | 0/1 [00:00<?, ?it/s]
100%|██████████| 1/1 [00:00<00:00,  3.71it/s]
100%|██████████| 1/1 [00:00<00:00,  3.71it/s]

  0%|          | 0/1 [00:00<?, ?it/s]
100%|██████████| 1/1 [00:00<00:00,  3.92it/s]
100%|██████████| 1/1 [00:00<00:00,  3.91it/s]

  0%|          | 0/1 [00:00<?, ?it/s]
100%|██████████| 1/1 [00:00<00:00,  3.97it/s]
100%|██████████| 1/1 [00:00<00:00,  3.97it/s]

  0%|          | 0/1 [00:00<?, ?it/s]
100%|██████████| 1/1 [00:00<00:00,  3.96it/s]
100%|██████████| 1/1 [00:00<00:00,  3.96it/s]

  0%|          | 0/1 [00:00<?, ?it/s]
100%|██████████| 1/1 [00:00<00:00,  3.95it/s]
100%|██████████| 1/1 [00:00<00:00,  3.95it/s]

  0%|          | 0/1 [00:00<?, ?it/s]
100%|██████████| 1/1 [00:00<00:00,  4.00it/s]
100%|██████████| 1/1 [00:00<00:00,  4.00it/s]

  0%|          | 0/1 [00:00<?, ?it/s]
100%|██████████| 1/1 [00:00<00:00,  3.98it/s]
100%|██████████| 1/1 [00:00<00:00,  3.98it/s]

  0%|          | 0/1 [00:00<?, ?it/s]
100%|██████████| 1/1 [00:00<00:00,  3.83it/s]
100%|██████████| 1/1 [00:00<00:00,  3.82it/s]

  0%|          | 0/1 [00:00<?, ?it/s]
100%|██████████| 1/1 [00:00<00:00,  3.77it/s]
100%|██████████| 1/1 [00:00<00:00,  3.77it/s]

  0%|          | 0/1 [00:00<?, ?it/s]
100%|██████████| 1/1 [00:00<00:00,  3.96it/s]
100%|██████████| 1/1 [00:00<00:00,  3.96it/s]

  0%|          | 0/1 [00:00<?, ?it/s]
100%|██████████| 1/1 [00:00<00:00,  3.86it/s]
100%|██████████| 1/1 [00:00<00:00,  3.86it/s]

  0%|          | 0/1 [00:00<?, ?it/s]
100%|██████████| 1/1 [00:00<00:00,  3.79it/s]
100%|██████████| 1/1 [00:00<00:00,  3.78it/s]

  0%|          | 0/1 [00:00<?, ?it/s]
100%|██████████| 1/1 [00:00<00:00,  3.89it/s]
100%|██████████| 1/1 [00:00<00:00,  3.89it/s]

  0%|          | 0/1 [00:00<?, ?it/s]
100%|██████████| 1/1 [00:00<00:00,  3.79it/s]
100%|██████████| 1/1 [00:00<00:00,  3.78it/s]

  0%|          | 0/1 [00:00<?, ?it/s]
100%|██████████| 1/1 [00:00<00:00,  3.89it/s]
100%|██████████| 1/1 [00:00<00:00,  3.89it/s]

  0%|          | 0/1 [00:00<?, ?it/s]
100%|██████████| 1/1 [00:00<00:00,  3.97it/s]
100%|██████████| 1/1 [00:00<00:00,  3.97it/s]

  0%|          | 0/1 [00:00<?, ?it/s]
100%|██████████| 1/1 [00:00<00:00,  3.77it/s]
100%|██████████| 1/1 [00:00<00:00,  3.77it/s]

  0%|          | 0/1 [00:00<?, ?it/s]
100%|██████████| 1/1 [00:00<00:00,  3.72it/s]
100%|██████████| 1/1 [00:00<00:00,  3.72it/s]

  0%|          | 0/1 [00:00<?, ?it/s]
100%|██████████| 1/1 [00:00<00:00,  3.72it/s]
100%|██████████| 1/1 [00:00<00:00,  3.72it/s]

  0%|          | 0/1 [00:00<?, ?it/s]
100%|██████████| 1/1 [00:00<00:00,  3.65it/s]
100%|██████████| 1/1 [00:00<00:00,  3.65it/s]

  0%|          | 0/1 [00:00<?, ?it/s]
100%|██████████| 1/1 [00:00<00:00,  3.52it/s]
100%|██████████| 1/1 [00:00<00:00,  3.51it/s]

  0%|          | 0/1 [00:00<?, ?it/s]
100%|██████████| 1/1 [00:00<00:00,  3.93it/s]
100%|██████████| 1/1 [00:00<00:00,  3.92it/s]

  0%|          | 0/1 [00:00<?, ?it/s]
100%|██████████| 1/1 [00:00<00:00,  3.95it/s]
100%|██████████| 1/1 [00:00<00:00,  3.95it/s]

  0%|          | 0/1 [00:00<?, ?it/s]
100%|██████████| 1/1 [00:00<00:00,  3.54it/s]
100%|██████████| 1/1 [00:00<00:00,  3.54it/s]

  0%|          | 0/1 [00:00<?, ?it/s]
100%|██████████| 1/1 [00:00<00:00,  1.91it/s]
100%|██████████| 1/1 [00:00<00:00,  1.91it/s]

  0%|          | 0/1 [00:00<?, ?it/s]
100%|██████████| 1/1 [00:00<00:00,  3.85it/s]
100%|██████████| 1/1 [00:00<00:00,  3.84it/s]

  0%|          | 0/1 [00:00<?, ?it/s]
100%|██████████| 1/1 [00:00<00:00,  3.51it/s]
100%|██████████| 1/1 [00:00<00:00,  3.51it/s]

  0%|          | 0/1 [00:00<?, ?it/s]
100%|██████████| 1/1 [00:00<00:00,  3.38it/s]
100%|██████████| 1/1 [00:00<00:00,  3.37it/s]

  0%|          | 0/1 [00:00<?, ?it/s]
100%|██████████| 1/1 [00:00<00:00,  3.64it/s]
100%|██████████| 1/1 [00:00<00:00,  3.63it/s]

  0%|          | 0/1 [00:00<?, ?it/s]
100%|██████████| 1/1 [00:00<00:00,  3.69it/s]
100%|██████████| 1/1 [00:00<00:00,  3.69it/s]

  0%|          | 0/1 [00:00<?, ?it/s]
100%|██████████| 1/1 [00:00<00:00,  3.66it/s]
100%|██████████| 1/1 [00:00<00:00,  3.66it/s]

  0%|          | 0/1 [00:00<?, ?it/s]
100%|██████████| 1/1 [00:00<00:00,  3.44it/s]
100%|██████████| 1/1 [00:00<00:00,  3.44it/s]

  0%|          | 0/1 [00:00<?, ?it/s]
100%|██████████| 1/1 [00:00<00:00,  4.26it/s]
100%|██████████| 1/1 [00:00<00:00,  4.25it/s]

  0%|          | 0/1 [00:00<?, ?it/s]
100%|██████████| 1/1 [00:00<00:00,  4.28it/s]
100%|██████████| 1/1 [00:00<00:00,  4.27it/s]

  0%|          | 0/1 [00:00<?, ?it/s]
100%|██████████| 1/1 [00:00<00:00,  4.14it/s]
100%|██████████| 1/1 [00:00<00:00,  4.13it/s]

  0%|          | 0/1 [00:00<?, ?it/s]
100%|██████████| 1/1 [00:00<00:00,  3.95it/s]
100%|██████████| 1/1 [00:00<00:00,  3.95it/s]

  0%|          | 0/1 [00:00<?, ?it/s]
100%|██████████| 1/1 [00:00<00:00,  3.99it/s]
100%|██████████| 1/1 [00:00<00:00,  3.99it/s]

  0%|          | 0/1 [00:00<?, ?it/s]
100%|██████████| 1/1 [00:00<00:00,  3.89it/s]
100%|██████████| 1/1 [00:00<00:00,  3.89it/s]

  0%|          | 0/1 [00:00<?, ?it/s]
100%|██████████| 1/1 [00:00<00:00,  3.87it/s]
100%|██████████| 1/1 [00:00<00:00,  3.86it/s]

  0%|          | 0/1 [00:00<?, ?it/s]
100%|██████████| 1/1 [00:00<00:00,  3.22it/s]
100%|██████████| 1/1 [00:00<00:00,  3.22it/s]

  0%|          | 0/1 [00:00<?, ?it/s]
100%|██████████| 1/1 [00:00<00:00,  2.95it/s]
100%|██████████| 1/1 [00:00<00:00,  2.95it/s]

  0%|          | 0/1 [00:00<?, ?it/s]
100%|██████████| 1/1 [00:00<00:00,  3.54it/s]
100%|██████████| 1/1 [00:00<00:00,  3.54it/s]

  0%|          | 0/1 [00:00<?, ?it/s]
100%|██████████| 1/1 [00:00<00:00,  4.04it/s]
100%|██████████| 1/1 [00:00<00:00,  4.03it/s]

  0%|          | 0/1 [00:00<?, ?it/s]
100%|██████████| 1/1 [00:00<00:00,  4.14it/s]
100%|██████████| 1/1 [00:00<00:00,  4.14it/s]

  0%|          | 0/1 [00:00<?, ?it/s]
100%|██████████| 1/1 [00:00<00:00,  4.01it/s]
100%|██████████| 1/1 [00:00<00:00,  4.01it/s]

  0%|          | 0/1 [00:00<?, ?it/s]
100%|██████████| 1/1 [00:00<00:00,  3.95it/s]
100%|██████████| 1/1 [00:00<00:00,  3.95it/s]

  0%|          | 0/1 [00:00<?, ?it/s]
100%|██████████| 1/1 [00:00<00:00,  3.78it/s]
100%|██████████| 1/1 [00:00<00:00,  3.77it/s]

  0%|          | 0/1 [00:00<?, ?it/s]
100%|██████████| 1/1 [00:00<00:00,  3.75it/s]
100%|██████████| 1/1 [00:00<00:00,  3.74it/s]

  0%|          | 0/1 [00:00<?, ?it/s]
100%|██████████| 1/1 [00:00<00:00,  3.94it/s]
100%|██████████| 1/1 [00:00<00:00,  3.93it/s]

  0%|          | 0/1 [00:00<?, ?it/s]
100%|██████████| 1/1 [00:00<00:00,  4.15it/s]
100%|██████████| 1/1 [00:00<00:00,  4.14it/s]

  0%|          | 0/1 [00:00<?, ?it/s]
100%|██████████| 1/1 [00:00<00:00,  3.92it/s]
100%|██████████| 1/1 [00:00<00:00,  3.91it/s]

  0%|          | 0/1 [00:00<?, ?it/s]
100%|██████████| 1/1 [00:00<00:00,  3.60it/s]
100%|██████████| 1/1 [00:00<00:00,  3.60it/s]

  0%|          | 0/1 [00:00<?, ?it/s]
100%|██████████| 1/1 [00:00<00:00,  3.64it/s]
100%|██████████| 1/1 [00:00<00:00,  3.64it/s]

  0%|          | 0/1 [00:00<?, ?it/s]
100%|██████████| 1/1 [00:00<00:00,  3.63it/s]
100%|██████████| 1/1 [00:00<00:00,  3.63it/s]

  0%|          | 0/1 [00:00<?, ?it/s]
100%|██████████| 1/1 [00:00<00:00,  3.60it/s]
100%|██████████| 1/1 [00:00<00:00,  3.60it/s]

  0%|          | 0/1 [00:00<?, ?it/s]
100%|██████████| 1/1 [00:00<00:00,  3.29it/s]
100%|██████████| 1/1 [00:00<00:00,  3.29it/s]

  0%|          | 0/1 [00:00<?, ?it/s]
100%|██████████| 1/1 [00:00<00:00,  3.45it/s]
100%|██████████| 1/1 [00:00<00:00,  3.44it/s]

  0%|          | 0/1 [00:00<?, ?it/s]
100%|██████████| 1/1 [00:00<00:00,  3.67it/s]
100%|██████████| 1/1 [00:00<00:00,  3.67it/s]

  0%|          | 0/1 [00:00<?, ?it/s]
100%|██████████| 1/1 [00:00<00:00,  3.94it/s]
100%|██████████| 1/1 [00:00<00:00,  3.93it/s]

  0%|          | 0/1 [00:00<?, ?it/s]
100%|██████████| 1/1 [00:00<00:00,  3.66it/s]
100%|██████████| 1/1 [00:00<00:00,  3.65it/s]

  0%|          | 0/1 [00:00<?, ?it/s]
100%|██████████| 1/1 [00:00<00:00,  3.90it/s]
100%|██████████| 1/1 [00:00<00:00,  3.90it/s]

  0%|          | 0/1 [00:00<?, ?it/s]
100%|██████████| 1/1 [00:00<00:00,  3.87it/s]
100%|██████████| 1/1 [00:00<00:00,  3.86it/s]

  0%|          | 0/1 [00:00<?, ?it/s]
100%|██████████| 1/1 [00:00<00:00,  3.96it/s]
100%|██████████| 1/1 [00:00<00:00,  3.95it/s]

  0%|          | 0/1 [00:00<?, ?it/s]
100%|██████████| 1/1 [00:00<00:00,  3.57it/s]
100%|██████████| 1/1 [00:00<00:00,  3.57it/s]

  0%|          | 0/1 [00:00<?, ?it/s]
100%|██████████| 1/1 [00:00<00:00,  3.58it/s]
100%|██████████| 1/1 [00:00<00:00,  3.58it/s]

  0%|          | 0/1 [00:00<?, ?it/s]
100%|██████████| 1/1 [00:00<00:00,  4.02it/s]
100%|██████████| 1/1 [00:00<00:00,  4.01it/s]

  0%|          | 0/1 [00:00<?, ?it/s]
100%|██████████| 1/1 [00:00<00:00,  3.96it/s]
100%|██████████| 1/1 [00:00<00:00,  3.96it/s]

  0%|          | 0/1 [00:00<?, ?it/s]
100%|██████████| 1/1 [00:00<00:00,  3.94it/s]
100%|██████████| 1/1 [00:00<00:00,  3.93it/s]

  0%|          | 0/1 [00:00<?, ?it/s]
100%|██████████| 1/1 [00:00<00:00,  3.93it/s]
100%|██████████| 1/1 [00:00<00:00,  3.92it/s]

  0%|          | 0/1 [00:00<?, ?it/s]
100%|██████████| 1/1 [00:00<00:00,  4.03it/s]
100%|██████████| 1/1 [00:00<00:00,  4.02it/s]

  0%|          | 0/1 [00:00<?, ?it/s]
100%|██████████| 1/1 [00:00<00:00,  3.84it/s]
100%|██████████| 1/1 [00:00<00:00,  3.83it/s]

  0%|          | 0/1 [00:00<?, ?it/s]
100%|██████████| 1/1 [00:00<00:00,  3.95it/s]
100%|██████████| 1/1 [00:00<00:00,  3.95it/s]

  0%|          | 0/1 [00:00<?, ?it/s]
100%|██████████| 1/1 [00:00<00:00,  3.95it/s]
100%|██████████| 1/1 [00:00<00:00,  3.95it/s]

  0%|          | 0/1 [00:00<?, ?it/s]
100%|██████████| 1/1 [00:00<00:00,  4.09it/s]
100%|██████████| 1/1 [00:00<00:00,  4.08it/s]

  0%|          | 0/1 [00:00<?, ?it/s]
100%|██████████| 1/1 [00:00<00:00,  3.92it/s]
100%|██████████| 1/1 [00:00<00:00,  3.91it/s]

  0%|          | 0/1 [00:00<?, ?it/s]
100%|██████████| 1/1 [00:00<00:00,  3.94it/s]
100%|██████████| 1/1 [00:00<00:00,  3.93it/s]

  0%|          | 0/1 [00:00<?, ?it/s]
100%|██████████| 1/1 [00:00<00:00,  4.02it/s]
100%|██████████| 1/1 [00:00<00:00,  4.02it/s]

  0%|          | 0/1 [00:00<?, ?it/s]
100%|██████████| 1/1 [00:00<00:00,  3.96it/s]
100%|██████████| 1/1 [00:00<00:00,  3.96it/s]

  0%|          | 0/1 [00:00<?, ?it/s]
100%|██████████| 1/1 [00:00<00:00,  3.88it/s]
100%|██████████| 1/1 [00:00<00:00,  3.87it/s]

  0%|          | 0/1 [00:00<?, ?it/s]
100%|██████████| 1/1 [00:00<00:00,  4.07it/s]
100%|██████████| 1/1 [00:00<00:00,  4.07it/s]

  0%|          | 0/1 [00:00<?, ?it/s]
100%|██████████| 1/1 [00:00<00:00,  4.08it/s]
100%|██████████| 1/1 [00:00<00:00,  4.07it/s]

  0%|          | 0/1 [00:00<?, ?it/s]
100%|██████████| 1/1 [00:00<00:00,  4.05it/s]
100%|██████████| 1/1 [00:00<00:00,  4.05it/s]

  0%|          | 0/1 [00:00<?, ?it/s]
100%|██████████| 1/1 [00:00<00:00,  4.01it/s]
100%|██████████| 1/1 [00:00<00:00,  4.00it/s]

  0%|          | 0/1 [00:00<?, ?it/s]
100%|██████████| 1/1 [00:00<00:00,  3.78it/s]
100%|██████████| 1/1 [00:00<00:00,  3.77it/s]

  0%|          | 0/1 [00:00<?, ?it/s]
100%|██████████| 1/1 [00:00<00:00,  4.01it/s]
100%|██████████| 1/1 [00:00<00:00,  4.01it/s]

  0%|          | 0/1 [00:00<?, ?it/s]
100%|██████████| 1/1 [00:00<00:00,  4.06it/s]
100%|██████████| 1/1 [00:00<00:00,  4.05it/s]

  0%|          | 0/1 [00:00<?, ?it/s]
100%|██████████| 1/1 [00:00<00:00,  3.96it/s]
100%|██████████| 1/1 [00:00<00:00,  3.95it/s]

  0%|          | 0/1 [00:00<?, ?it/s]
100%|██████████| 1/1 [00:00<00:00,  3.98it/s]
100%|██████████| 1/1 [00:00<00:00,  3.97it/s]

  0%|          | 0/1 [00:00<?, ?it/s]
100%|██████████| 1/1 [00:00<00:00,  4.02it/s]
100%|██████████| 1/1 [00:00<00:00,  4.01it/s]

  0%|          | 0/1 [00:00<?, ?it/s]
100%|██████████| 1/1 [00:00<00:00,  3.98it/s]
100%|██████████| 1/1 [00:00<00:00,  3.97it/s]

  0%|          | 0/1 [00:00<?, ?it/s]
100%|██████████| 1/1 [00:00<00:00,  3.78it/s]
100%|██████████| 1/1 [00:00<00:00,  3.78it/s]

  0%|          | 0/1 [00:00<?, ?it/s]
100%|██████████| 1/1 [00:00<00:00,  3.72it/s]
100%|██████████| 1/1 [00:00<00:00,  3.71it/s]

  0%|          | 0/1 [00:00<?, ?it/s]
100%|██████████| 1/1 [00:00<00:00,  4.04it/s]
100%|██████████| 1/1 [00:00<00:00,  4.04it/s]

  0%|          | 0/1 [00:00<?, ?it/s]
100%|██████████| 1/1 [00:00<00:00,  3.98it/s]
100%|██████████| 1/1 [00:00<00:00,  3.98it/s]

  0%|          | 0/1 [00:00<?, ?it/s]
100%|██████████| 1/1 [00:00<00:00,  3.98it/s]
100%|██████████| 1/1 [00:00<00:00,  3.97it/s]

  0%|          | 0/1 [00:00<?, ?it/s]
100%|██████████| 1/1 [00:00<00:00,  3.90it/s]
100%|██████████| 1/1 [00:00<00:00,  3.90it/s]

  0%|          | 0/1 [00:00<?, ?it/s]
100%|██████████| 1/1 [00:00<00:00,  3.99it/s]
100%|██████████| 1/1 [00:00<00:00,  3.99it/s]

  0%|          | 0/1 [00:00<?, ?it/s]
100%|██████████| 1/1 [00:00<00:00,  4.03it/s]
100%|██████████| 1/1 [00:00<00:00,  4.02it/s]

  0%|          | 0/1 [00:00<?, ?it/s]
100%|██████████| 1/1 [00:00<00:00,  3.67it/s]
100%|██████████| 1/1 [00:00<00:00,  3.66it/s]

  0%|          | 0/1 [00:00<?, ?it/s]
100%|██████████| 1/1 [00:00<00:00,  3.69it/s]
100%|██████████| 1/1 [00:00<00:00,  3.69it/s]

  0%|          | 0/1 [00:00<?, ?it/s]
100%|██████████| 1/1 [00:00<00:00,  4.00it/s]
100%|██████████| 1/1 [00:00<00:00,  3.99it/s]

  0%|          | 0/1 [00:00<?, ?it/s]
100%|██████████| 1/1 [00:00<00:00,  4.08it/s]
100%|██████████| 1/1 [00:00<00:00,  4.07it/s]

  0%|          | 0/1 [00:00<?, ?it/s]
100%|██████████| 1/1 [00:00<00:00,  4.05it/s]
100%|██████████| 1/1 [00:00<00:00,  4.04it/s]

  0%|          | 0/1 [00:00<?, ?it/s]
100%|██████████| 1/1 [00:00<00:00,  3.98it/s]
100%|██████████| 1/1 [00:00<00:00,  3.97it/s]

  0%|          | 0/1 [00:00<?, ?it/s]
100%|██████████| 1/1 [00:00<00:00,  3.94it/s]
100%|██████████| 1/1 [00:00<00:00,  3.94it/s]

  0%|          | 0/1 [00:00<?, ?it/s]
100%|██████████| 1/1 [00:00<00:00,  3.65it/s]
100%|██████████| 1/1 [00:00<00:00,  3.65it/s]

  0%|          | 0/1 [00:00<?, ?it/s]
100%|██████████| 1/1 [00:00<00:00,  3.70it/s]
100%|██████████| 1/1 [00:00<00:00,  3.69it/s]

  0%|          | 0/1 [00:00<?, ?it/s]
100%|██████████| 1/1 [00:00<00:00,  3.59it/s]
100%|██████████| 1/1 [00:00<00:00,  3.58it/s]

  0%|          | 0/1 [00:00<?, ?it/s]
100%|██████████| 1/1 [00:00<00:00,  3.56it/s]
100%|██████████| 1/1 [00:00<00:00,  3.55it/s]

  0%|          | 0/1 [00:00<?, ?it/s]
100%|██████████| 1/1 [00:00<00:00,  4.30it/s]
100%|██████████| 1/1 [00:00<00:00,  4.29it/s]

  0%|          | 0/1 [00:00<?, ?it/s]
100%|██████████| 1/1 [00:00<00:00,  4.12it/s]
100%|██████████| 1/1 [00:00<00:00,  4.12it/s]

  0%|          | 0/1 [00:00<?, ?it/s]
100%|██████████| 1/1 [00:00<00:00,  4.27it/s]
100%|██████████| 1/1 [00:00<00:00,  4.26it/s]

  0%|          | 0/1 [00:00<?, ?it/s]
100%|██████████| 1/1 [00:00<00:00,  4.29it/s]
100%|██████████| 1/1 [00:00<00:00,  4.28it/s]

  0%|          | 0/1 [00:00<?, ?it/s]
100%|██████████| 1/1 [00:00<00:00,  4.32it/s]
100%|██████████| 1/1 [00:00<00:00,  4.31it/s]

  0%|          | 0/1 [00:00<?, ?it/s]
100%|██████████| 1/1 [00:00<00:00,  4.34it/s]
100%|██████████| 1/1 [00:00<00:00,  4.33it/s]

  0%|          | 0/1 [00:00<?, ?it/s]
100%|██████████| 1/1 [00:00<00:00,  3.74it/s]
100%|██████████| 1/1 [00:00<00:00,  3.74it/s]

  0%|          | 0/1 [00:00<?, ?it/s]
100%|██████████| 1/1 [00:00<00:00,  3.95it/s]
100%|██████████| 1/1 [00:00<00:00,  3.95it/s]

  0%|          | 0/1 [00:00<?, ?it/s]
100%|██████████| 1/1 [00:00<00:00,  4.37it/s]
100%|██████████| 1/1 [00:00<00:00,  4.37it/s]

  0%|          | 0/1 [00:00<?, ?it/s]
100%|██████████| 1/1 [00:00<00:00,  3.97it/s]
100%|██████████| 1/1 [00:00<00:00,  3.96it/s]

  0%|          | 0/1 [00:00<?, ?it/s]
100%|██████████| 1/1 [00:00<00:00,  3.75it/s]
100%|██████████| 1/1 [00:00<00:00,  3.74it/s]

  0%|          | 0/1 [00:00<?, ?it/s]
100%|██████████| 1/1 [00:00<00:00,  3.84it/s]
100%|██████████| 1/1 [00:00<00:00,  3.83it/s]

  0%|          | 0/1 [00:00<?, ?it/s]
100%|██████████| 1/1 [00:00<00:00,  3.87it/s]
100%|██████████| 1/1 [00:00<00:00,  3.86it/s]

  0%|          | 0/1 [00:00<?, ?it/s]
100%|██████████| 1/1 [00:00<00:00,  3.90it/s]
100%|██████████| 1/1 [00:00<00:00,  3.90it/s]

  0%|          | 0/1 [00:00<?, ?it/s]
100%|██████████| 1/1 [00:00<00:00,  4.47it/s]
100%|██████████| 1/1 [00:00<00:00,  4.47it/s]

  0%|          | 0/1 [00:00<?, ?it/s]
100%|██████████| 1/1 [00:00<00:00,  4.16it/s]
100%|██████████| 1/1 [00:00<00:00,  4.15it/s]

  0%|          | 0/1 [00:00<?, ?it/s]
100%|██████████| 1/1 [00:00<00:00,  4.39it/s]
100%|██████████| 1/1 [00:00<00:00,  4.39it/s]

  0%|          | 0/1 [00:00<?, ?it/s]
100%|██████████| 1/1 [00:00<00:00,  4.05it/s]
100%|██████████| 1/1 [00:00<00:00,  4.05it/s]

  0%|          | 0/1 [00:00<?, ?it/s]
100%|██████████| 1/1 [00:00<00:00,  4.16it/s]
100%|██████████| 1/1 [00:00<00:00,  4.16it/s]

  0%|          | 0/1 [00:00<?, ?it/s]
100%|██████████| 1/1 [00:00<00:00,  4.39it/s]
100%|██████████| 1/1 [00:00<00:00,  4.39it/s]

  0%|          | 0/1 [00:00<?, ?it/s]
100%|██████████| 1/1 [00:00<00:00,  4.44it/s]
100%|██████████| 1/1 [00:00<00:00,  4.43it/s]

  0%|          | 0/1 [00:00<?, ?it/s]
100%|██████████| 1/1 [00:00<00:00,  4.43it/s]
100%|██████████| 1/1 [00:00<00:00,  4.42it/s]

  0%|          | 0/1 [00:00<?, ?it/s]
100%|██████████| 1/1 [00:00<00:00,  4.06it/s]
100%|██████████| 1/1 [00:00<00:00,  4.06it/s]

  0%|          | 0/1 [00:00<?, ?it/s]
100%|██████████| 1/1 [00:00<00:00,  4.31it/s]
100%|██████████| 1/1 [00:00<00:00,  4.31it/s]

  0%|          | 0/1 [00:00<?, ?it/s]
100%|██████████| 1/1 [00:00<00:00,  4.27it/s]
100%|██████████| 1/1 [00:00<00:00,  4.27it/s]

  0%|          | 0/1 [00:00<?, ?it/s]
100%|██████████| 1/1 [00:00<00:00,  2.54it/s]
100%|██████████| 1/1 [00:00<00:00,  2.54it/s]

  0%|          | 0/1 [00:00<?, ?it/s]
100%|██████████| 1/1 [00:00<00:00,  4.34it/s]
100%|██████████| 1/1 [00:00<00:00,  4.34it/s]

  0%|          | 0/1 [00:00<?, ?it/s]
100%|██████████| 1/1 [00:00<00:00,  4.21it/s]
100%|██████████| 1/1 [00:00<00:00,  4.20it/s]

  0%|          | 0/1 [00:00<?, ?it/s]
100%|██████████| 1/1 [00:00<00:00,  4.37it/s]
100%|██████████| 1/1 [00:00<00:00,  4.37it/s]

  0%|          | 0/1 [00:00<?, ?it/s]
100%|██████████| 1/1 [00:00<00:00,  4.38it/s]
100%|██████████| 1/1 [00:00<00:00,  4.38it/s]

  0%|          | 0/1 [00:00<?, ?it/s]
100%|██████████| 1/1 [00:00<00:00,  4.35it/s]
100%|██████████| 1/1 [00:00<00:00,  4.34it/s]

  0%|          | 0/1 [00:00<?, ?it/s]
100%|██████████| 1/1 [00:00<00:00,  4.24it/s]
100%|██████████| 1/1 [00:00<00:00,  4.23it/s]

  0%|          | 0/1 [00:00<?, ?it/s]
100%|██████████| 1/1 [00:00<00:00,  4.40it/s]
100%|██████████| 1/1 [00:00<00:00,  4.39it/s]

  0%|          | 0/1 [00:00<?, ?it/s]
100%|██████████| 1/1 [00:00<00:00,  4.44it/s]
100%|██████████| 1/1 [00:00<00:00,  4.44it/s]

  0%|          | 0/1 [00:00<?, ?it/s]
100%|██████████| 1/1 [00:00<00:00,  4.30it/s]
100%|██████████| 1/1 [00:00<00:00,  4.29it/s]

  0%|          | 0/1 [00:00<?, ?it/s]
100%|██████████| 1/1 [00:00<00:00,  3.81it/s]
100%|██████████| 1/1 [00:00<00:00,  3.80it/s]

  0%|          | 0/1 [00:00<?, ?it/s]
100%|██████████| 1/1 [00:00<00:00,  4.44it/s]
100%|██████████| 1/1 [00:00<00:00,  4.43it/s]

  0%|          | 0/1 [00:00<?, ?it/s]
100%|██████████| 1/1 [00:00<00:00,  4.43it/s]
100%|██████████| 1/1 [00:00<00:00,  4.43it/s]

  0%|          | 0/1 [00:00<?, ?it/s]
100%|██████████| 1/1 [00:00<00:00,  4.42it/s]
100%|██████████| 1/1 [00:00<00:00,  4.41it/s]

  0%|          | 0/1 [00:00<?, ?it/s]
100%|██████████| 1/1 [00:00<00:00,  3.81it/s]
100%|██████████| 1/1 [00:00<00:00,  3.80it/s]

  0%|          | 0/1 [00:00<?, ?it/s]
100%|██████████| 1/1 [00:00<00:00,  3.98it/s]
100%|██████████| 1/1 [00:00<00:00,  3.98it/s]

  0%|          | 0/1 [00:00<?, ?it/s]
100%|██████████| 1/1 [00:00<00:00,  4.22it/s]
100%|██████████| 1/1 [00:00<00:00,  4.22it/s]

  0%|          | 0/1 [00:00<?, ?it/s]
100%|██████████| 1/1 [00:00<00:00,  4.48it/s]
100%|██████████| 1/1 [00:00<00:00,  4.47it/s]

  0%|          | 0/1 [00:00<?, ?it/s]
100%|██████████| 1/1 [00:00<00:00,  4.41it/s]
100%|██████████| 1/1 [00:00<00:00,  4.41it/s]

  0%|          | 0/1 [00:00<?, ?it/s]
100%|██████████| 1/1 [00:00<00:00,  4.42it/s]
100%|██████████| 1/1 [00:00<00:00,  4.41it/s]

  0%|          | 0/1 [00:00<?, ?it/s]
100%|██████████| 1/1 [00:00<00:00,  4.44it/s]
100%|██████████| 1/1 [00:00<00:00,  4.43it/s]

  0%|          | 0/1 [00:00<?, ?it/s]
100%|██████████| 1/1 [00:00<00:00,  3.32it/s]
100%|██████████| 1/1 [00:00<00:00,  3.32it/s]

  0%|          | 0/1 [00:00<?, ?it/s]
100%|██████████| 1/1 [00:00<00:00,  3.78it/s]
100%|██████████| 1/1 [00:00<00:00,  3.78it/s]

  0%|          | 0/1 [00:00<?, ?it/s]
100%|██████████| 1/1 [00:00<00:00,  2.29it/s]
100%|██████████| 1/1 [00:00<00:00,  2.29it/s]

  0%|          | 0/1 [00:00<?, ?it/s]
100%|██████████| 1/1 [00:00<00:00,  3.18it/s]
100%|██████████| 1/1 [00:00<00:00,  3.18it/s]

  0%|          | 0/1 [00:00<?, ?it/s]
100%|██████████| 1/1 [00:00<00:00,  3.13it/s]
100%|██████████| 1/1 [00:00<00:00,  3.13it/s]

  0%|          | 0/1 [00:00<?, ?it/s]
100%|██████████| 1/1 [00:00<00:00,  3.22it/s]
100%|██████████| 1/1 [00:00<00:00,  3.22it/s]

  0%|          | 0/1 [00:00<?, ?it/s]
100%|██████████| 1/1 [00:00<00:00,  1.69it/s]
100%|██████████| 1/1 [00:00<00:00,  1.69it/s]

  0%|          | 0/1 [00:00<?, ?it/s]
100%|██████████| 1/1 [00:00<00:00,  3.23it/s]
100%|██████████| 1/1 [00:00<00:00,  3.23it/s]

  0%|          | 0/1 [00:00<?, ?it/s]
100%|██████████| 1/1 [00:00<00:00,  3.21it/s]
100%|██████████| 1/1 [00:00<00:00,  3.21it/s]

  0%|          | 0/1 [00:00<?, ?it/s]
100%|██████████| 1/1 [00:00<00:00,  3.15it/s]
100%|██████████| 1/1 [00:00<00:00,  3.14it/s]

  0%|          | 0/1 [00:00<?, ?it/s]
100%|██████████| 1/1 [00:00<00:00,  3.18it/s]
100%|██████████| 1/1 [00:00<00:00,  3.18it/s]

  0%|          | 0/1 [00:00<?, ?it/s]
100%|██████████| 1/1 [00:00<00:00,  3.02it/s]
100%|██████████| 1/1 [00:00<00:00,  3.02it/s]

  0%|          | 0/1 [00:00<?, ?it/s]
100%|██████████| 1/1 [00:00<00:00,  3.17it/s]
100%|██████████| 1/1 [00:00<00:00,  3.16it/s]

  0%|          | 0/1 [00:00<?, ?it/s]
100%|██████████| 1/1 [00:00<00:00,  3.11it/s]
100%|██████████| 1/1 [00:00<00:00,  3.11it/s]

  0%|          | 0/1 [00:00<?, ?it/s]
100%|██████████| 1/1 [00:00<00:00,  2.76it/s]
100%|██████████| 1/1 [00:00<00:00,  2.76it/s]

  0%|          | 0/1 [00:00<?, ?it/s]
100%|██████████| 1/1 [00:00<00:00,  3.19it/s]
100%|██████████| 1/1 [00:00<00:00,  3.19it/s]

  0%|          | 0/1 [00:00<?, ?it/s]
100%|██████████| 1/1 [00:00<00:00,  3.07it/s]
100%|██████████| 1/1 [00:00<00:00,  3.07it/s]

  0%|          | 0/1 [00:00<?, ?it/s]
100%|██████████| 1/1 [00:00<00:00,  3.10it/s]
100%|██████████| 1/1 [00:00<00:00,  3.09it/s]

  0%|          | 0/1 [00:00<?, ?it/s]
100%|██████████| 1/1 [00:00<00:00,  3.20it/s]
100%|██████████| 1/1 [00:00<00:00,  3.20it/s]

  0%|          | 0/1 [00:00<?, ?it/s]
100%|██████████| 1/1 [00:00<00:00,  3.23it/s]
100%|██████████| 1/1 [00:00<00:00,  3.23it/s]

  0%|          | 0/1 [00:00<?, ?it/s]
100%|██████████| 1/1 [00:00<00:00,  3.17it/s]
100%|██████████| 1/1 [00:00<00:00,  3.17it/s]

  0%|          | 0/1 [00:00<?, ?it/s]
100%|██████████| 1/1 [00:00<00:00,  3.12it/s]
100%|██████████| 1/1 [00:00<00:00,  3.11it/s]

  0%|          | 0/1 [00:00<?, ?it/s]
100%|██████████| 1/1 [00:00<00:00,  3.26it/s]
100%|██████████| 1/1 [00:00<00:00,  3.26it/s]

  0%|          | 0/1 [00:00<?, ?it/s]
100%|██████████| 1/1 [00:00<00:00,  3.16it/s]
100%|██████████| 1/1 [00:00<00:00,  3.16it/s]

  0%|          | 0/1 [00:00<?, ?it/s]
100%|██████████| 1/1 [00:00<00:00,  1.68it/s]
100%|██████████| 1/1 [00:00<00:00,  1.68it/s]

  0%|          | 0/1 [00:00<?, ?it/s]
100%|██████████| 1/1 [00:00<00:00,  3.25it/s]
100%|██████████| 1/1 [00:00<00:00,  3.25it/s]

  0%|          | 0/1 [00:00<?, ?it/s]
100%|██████████| 1/1 [00:00<00:00,  3.12it/s]
100%|██████████| 1/1 [00:00<00:00,  3.12it/s]

  0%|          | 0/1 [00:00<?, ?it/s]
100%|██████████| 1/1 [00:00<00:00,  3.03it/s]
100%|██████████| 1/1 [00:00<00:00,  3.03it/s]

  0%|          | 0/1 [00:00<?, ?it/s]
100%|██████████| 1/1 [00:00<00:00,  3.26it/s]
100%|██████████| 1/1 [00:00<00:00,  3.26it/s]

  0%|          | 0/1 [00:00<?, ?it/s]
100%|██████████| 1/1 [00:00<00:00,  3.16it/s]
100%|██████████| 1/1 [00:00<00:00,  3.16it/s]

  0%|          | 0/1 [00:00<?, ?it/s]
100%|██████████| 1/1 [00:00<00:00,  2.87it/s]
100%|██████████| 1/1 [00:00<00:00,  2.86it/s]

  0%|          | 0/1 [00:00<?, ?it/s]
100%|██████████| 1/1 [00:00<00:00,  3.19it/s]
100%|██████████| 1/1 [00:00<00:00,  3.19it/s]

  0%|          | 0/1 [00:00<?, ?it/s]
100%|██████████| 1/1 [00:00<00:00,  3.32it/s]
100%|██████████| 1/1 [00:00<00:00,  3.32it/s]

  0%|          | 0/1 [00:00<?, ?it/s]
100%|██████████| 1/1 [00:00<00:00,  3.27it/s]
100%|██████████| 1/1 [00:00<00:00,  3.27it/s]

  0%|          | 0/1 [00:00<?, ?it/s]
100%|██████████| 1/1 [00:00<00:00,  3.13it/s]
100%|██████████| 1/1 [00:00<00:00,  3.13it/s]

  0%|          | 0/1 [00:00<?, ?it/s]
100%|██████████| 1/1 [00:00<00:00,  2.90it/s]
100%|██████████| 1/1 [00:00<00:00,  2.90it/s]

  0%|          | 0/1 [00:00<?, ?it/s]
100%|██████████| 1/1 [00:00<00:00,  3.32it/s]
100%|██████████| 1/1 [00:00<00:00,  3.31it/s]

  0%|          | 0/1 [00:00<?, ?it/s]
100%|██████████| 1/1 [00:00<00:00,  3.23it/s]
100%|██████████| 1/1 [00:00<00:00,  3.23it/s]

  0%|          | 0/1 [00:00<?, ?it/s]
100%|██████████| 1/1 [00:00<00:00,  3.29it/s]
100%|██████████| 1/1 [00:00<00:00,  3.29it/s]

  0%|          | 0/1 [00:00<?, ?it/s]
100%|██████████| 1/1 [00:00<00:00,  3.25it/s]
100%|██████████| 1/1 [00:00<00:00,  3.25it/s]

  0%|          | 0/1 [00:00<?, ?it/s]
100%|██████████| 1/1 [00:00<00:00,  3.33it/s]
100%|██████████| 1/1 [00:00<00:00,  3.32it/s]

  0%|          | 0/1 [00:00<?, ?it/s]
100%|██████████| 1/1 [00:00<00:00,  3.14it/s]
100%|██████████| 1/1 [00:00<00:00,  3.13it/s]

  0%|          | 0/1 [00:00<?, ?it/s]
100%|██████████| 1/1 [00:00<00:00,  3.20it/s]
100%|██████████| 1/1 [00:00<00:00,  3.20it/s]

  0%|          | 0/1 [00:00<?, ?it/s]
100%|██████████| 1/1 [00:00<00:00,  3.12it/s]
100%|██████████| 1/1 [00:00<00:00,  3.12it/s]

  0%|          | 0/1 [00:00<?, ?it/s]
100%|██████████| 1/1 [00:00<00:00,  3.04it/s]
100%|██████████| 1/1 [00:00<00:00,  3.04it/s]

  0%|          | 0/1 [00:00<?, ?it/s]
100%|██████████| 1/1 [00:00<00:00,  1.83it/s]
100%|██████████| 1/1 [00:00<00:00,  1.83it/s]

  0%|          | 0/1 [00:00<?, ?it/s]
100%|██████████| 1/1 [00:00<00:00,  3.25it/s]
100%|██████████| 1/1 [00:00<00:00,  3.25it/s]

  0%|          | 0/1 [00:00<?, ?it/s]
100%|██████████| 1/1 [00:00<00:00,  3.28it/s]
100%|██████████| 1/1 [00:00<00:00,  3.28it/s]

  0%|          | 0/1 [00:00<?, ?it/s]
100%|██████████| 1/1 [00:00<00:00,  3.16it/s]
100%|██████████| 1/1 [00:00<00:00,  3.16it/s]

  0%|          | 0/1 [00:00<?, ?it/s]
100%|██████████| 1/1 [00:00<00:00,  3.09it/s]
100%|██████████| 1/1 [00:00<00:00,  3.09it/s]

  0%|          | 0/1 [00:00<?, ?it/s]
100%|██████████| 1/1 [00:00<00:00,  3.32it/s]
100%|██████████| 1/1 [00:00<00:00,  3.32it/s]

  0%|          | 0/1 [00:00<?, ?it/s]
100%|██████████| 1/1 [00:00<00:00,  3.37it/s]
100%|██████████| 1/1 [00:00<00:00,  3.37it/s]

  0%|          | 0/1 [00:00<?, ?it/s]
100%|██████████| 1/1 [00:00<00:00,  3.36it/s]
100%|██████████| 1/1 [00:00<00:00,  3.35it/s]

  0%|          | 0/1 [00:00<?, ?it/s]
100%|██████████| 1/1 [00:00<00:00,  3.32it/s]
100%|██████████| 1/1 [00:00<00:00,  3.31it/s]

  0%|          | 0/1 [00:00<?, ?it/s]
100%|██████████| 1/1 [00:00<00:00,  3.37it/s]
100%|██████████| 1/1 [00:00<00:00,  3.37it/s]

  0%|          | 0/1 [00:00<?, ?it/s]
100%|██████████| 1/1 [00:00<00:00,  3.42it/s]
100%|██████████| 1/1 [00:00<00:00,  3.41it/s]

  0%|          | 0/1 [00:00<?, ?it/s]
100%|██████████| 1/1 [00:00<00:00,  3.33it/s]
100%|██████████| 1/1 [00:00<00:00,  3.33it/s]

  0%|          | 0/1 [00:00<?, ?it/s]
100%|██████████| 1/1 [00:00<00:00,  3.39it/s]
100%|██████████| 1/1 [00:00<00:00,  3.39it/s]

  0%|          | 0/1 [00:00<?, ?it/s]
100%|██████████| 1/1 [00:00<00:00,  3.42it/s]
100%|██████████| 1/1 [00:00<00:00,  3.42it/s]

  0%|          | 0/1 [00:00<?, ?it/s]
100%|██████████| 1/1 [00:00<00:00,  3.38it/s]
100%|██████████| 1/1 [00:00<00:00,  3.38it/s]

  0%|          | 0/1 [00:00<?, ?it/s]
100%|██████████| 1/1 [00:00<00:00,  3.13it/s]
100%|██████████| 1/1 [00:00<00:00,  3.13it/s]

  0%|          | 0/1 [00:00<?, ?it/s]
100%|██████████| 1/1 [00:00<00:00,  3.14it/s]
100%|██████████| 1/1 [00:00<00:00,  3.14it/s]

  0%|          | 0/1 [00:00<?, ?it/s]
100%|██████████| 1/1 [00:00<00:00,  3.33it/s]
100%|██████████| 1/1 [00:00<00:00,  3.33it/s]

  0%|          | 0/1 [00:00<?, ?it/s]
100%|██████████| 1/1 [00:00<00:00,  3.39it/s]
100%|██████████| 1/1 [00:00<00:00,  3.39it/s]

  0%|          | 0/1 [00:00<?, ?it/s]
100%|██████████| 1/1 [00:00<00:00,  3.42it/s]
100%|██████████| 1/1 [00:00<00:00,  3.42it/s]

  0%|          | 0/1 [00:00<?, ?it/s]
100%|██████████| 1/1 [00:00<00:00,  3.38it/s]
100%|██████████| 1/1 [00:00<00:00,  3.38it/s]

  0%|          | 0/1 [00:00<?, ?it/s]
100%|██████████| 1/1 [00:00<00:00,  1.79it/s]
100%|██████████| 1/1 [00:00<00:00,  1.79it/s]

  0%|          | 0/1 [00:00<?, ?it/s]
100%|██████████| 1/1 [00:00<00:00,  3.44it/s]
100%|██████████| 1/1 [00:00<00:00,  3.44it/s]

  0%|          | 0/1 [00:00<?, ?it/s]
100%|██████████| 1/1 [00:00<00:00,  3.38it/s]
100%|██████████| 1/1 [00:00<00:00,  3.37it/s]

  0%|          | 0/1 [00:00<?, ?it/s]
100%|██████████| 1/1 [00:00<00:00,  3.22it/s]
100%|██████████| 1/1 [00:00<00:00,  3.22it/s]

  0%|          | 0/1 [00:00<?, ?it/s]
100%|██████████| 1/1 [00:00<00:00,  3.42it/s]
100%|██████████| 1/1 [00:00<00:00,  3.42it/s]

  0%|          | 0/1 [00:00<?, ?it/s]
100%|██████████| 1/1 [00:00<00:00,  3.23it/s]
100%|██████████| 1/1 [00:00<00:00,  3.23it/s]

  0%|          | 0/1 [00:00<?, ?it/s]
100%|██████████| 1/1 [00:00<00:00,  3.42it/s]
100%|██████████| 1/1 [00:00<00:00,  3.42it/s]

  0%|          | 0/1 [00:00<?, ?it/s]
100%|██████████| 1/1 [00:00<00:00,  3.36it/s]
100%|██████████| 1/1 [00:00<00:00,  3.36it/s]

  0%|          | 0/1 [00:00<?, ?it/s]
100%|██████████| 1/1 [00:00<00:00,  3.25it/s]
100%|██████████| 1/1 [00:00<00:00,  3.25it/s]

  0%|          | 0/1 [00:00<?, ?it/s]
100%|██████████| 1/1 [00:00<00:00,  3.42it/s]
100%|██████████| 1/1 [00:00<00:00,  3.42it/s]

  0%|          | 0/1 [00:00<?, ?it/s]
100%|██████████| 1/1 [00:00<00:00,  3.45it/s]
100%|██████████| 1/1 [00:00<00:00,  3.45it/s]

  0%|          | 0/1 [00:00<?, ?it/s]
100%|██████████| 1/1 [00:00<00:00,  3.29it/s]
100%|██████████| 1/1 [00:00<00:00,  3.29it/s]

  0%|          | 0/1 [00:00<?, ?it/s]
100%|██████████| 1/1 [00:00<00:00,  3.40it/s]
100%|██████████| 1/1 [00:00<00:00,  3.39it/s]

  0%|          | 0/1 [00:00<?, ?it/s]
100%|██████████| 1/1 [00:00<00:00,  3.41it/s]
100%|██████████| 1/1 [00:00<00:00,  3.41it/s]

  0%|          | 0/1 [00:00<?, ?it/s]
100%|██████████| 1/1 [00:00<00:00,  3.40it/s]
100%|██████████| 1/1 [00:00<00:00,  3.40it/s]

  0%|          | 0/1 [00:00<?, ?it/s]
100%|██████████| 1/1 [00:00<00:00,  3.38it/s]
100%|██████████| 1/1 [00:00<00:00,  3.38it/s]

  0%|          | 0/1 [00:00<?, ?it/s]
100%|██████████| 1/1 [00:00<00:00,  3.39it/s]
100%|██████████| 1/1 [00:00<00:00,  3.39it/s]

  0%|          | 0/1 [00:00<?, ?it/s]
100%|██████████| 1/1 [00:00<00:00,  3.38it/s]
100%|██████████| 1/1 [00:00<00:00,  3.38it/s]

  0%|          | 0/1 [00:00<?, ?it/s]
100%|██████████| 1/1 [00:00<00:00,  2.08it/s]
100%|██████████| 1/1 [00:00<00:00,  2.08it/s]

  0%|          | 0/1 [00:00<?, ?it/s]
100%|██████████| 1/1 [00:00<00:00,  3.37it/s]
100%|██████████| 1/1 [00:00<00:00,  3.37it/s]

  0%|          | 0/1 [00:00<?, ?it/s]
100%|██████████| 1/1 [00:00<00:00,  3.36it/s]
100%|██████████| 1/1 [00:00<00:00,  3.36it/s]

  0%|          | 0/1 [00:00<?, ?it/s]
100%|██████████| 1/1 [00:00<00:00,  3.12it/s]
100%|██████████| 1/1 [00:00<00:00,  3.11it/s]

  0%|          | 0/1 [00:00<?, ?it/s]
100%|██████████| 1/1 [00:00<00:00,  3.34it/s]
100%|██████████| 1/1 [00:00<00:00,  3.34it/s]

  0%|          | 0/1 [00:00<?, ?it/s]
100%|██████████| 1/1 [00:00<00:00,  3.16it/s]
100%|██████████| 1/1 [00:00<00:00,  3.16it/s]

  0%|          | 0/1 [00:00<?, ?it/s]
100%|██████████| 1/1 [00:00<00:00,  3.00it/s]
100%|██████████| 1/1 [00:00<00:00,  3.00it/s]

  0%|          | 0/1 [00:00<?, ?it/s]
100%|██████████| 1/1 [00:00<00:00,  3.18it/s]
100%|██████████| 1/1 [00:00<00:00,  3.17it/s]

  0%|          | 0/1 [00:00<?, ?it/s]
100%|██████████| 1/1 [00:00<00:00,  3.16it/s]
100%|██████████| 1/1 [00:00<00:00,  3.15it/s]

  0%|          | 0/1 [00:00<?, ?it/s]
100%|██████████| 1/1 [00:00<00:00,  3.01it/s]
100%|██████████| 1/1 [00:00<00:00,  3.01it/s]

  0%|          | 0/1 [00:00<?, ?it/s]
100%|██████████| 1/1 [00:00<00:00,  3.42it/s]
100%|██████████| 1/1 [00:00<00:00,  3.42it/s]

  0%|          | 0/1 [00:00<?, ?it/s]
100%|██████████| 1/1 [00:00<00:00,  2.40it/s]
100%|██████████| 1/1 [00:00<00:00,  2.39it/s]

  0%|          | 0/1 [00:00<?, ?it/s]
100%|██████████| 1/1 [00:00<00:00,  2.73it/s]
100%|██████████| 1/1 [00:00<00:00,  2.73it/s]

  0%|          | 0/1 [00:00<?, ?it/s]
100%|██████████| 1/1 [00:00<00:00,  2.75it/s]
100%|██████████| 1/1 [00:00<00:00,  2.75it/s]

  0%|          | 0/1 [00:00<?, ?it/s]
100%|██████████| 1/1 [00:00<00:00,  2.52it/s]
100%|██████████| 1/1 [00:00<00:00,  2.52it/s]

  0%|          | 0/1 [00:00<?, ?it/s]
100%|██████████| 1/1 [00:00<00:00,  2.77it/s]
100%|██████████| 1/1 [00:00<00:00,  2.77it/s]

  0%|          | 0/1 [00:00<?, ?it/s]
100%|██████████| 1/1 [00:00<00:00,  2.81it/s]
100%|██████████| 1/1 [00:00<00:00,  2.81it/s]

  0%|          | 0/1 [00:00<?, ?it/s]
100%|██████████| 1/1 [00:00<00:00,  2.87it/s]
100%|██████████| 1/1 [00:00<00:00,  2.87it/s]

  0%|          | 0/1 [00:00<?, ?it/s]
100%|██████████| 1/1 [00:00<00:00,  2.58it/s]
100%|██████████| 1/1 [00:00<00:00,  2.58it/s]

  0%|          | 0/1 [00:00<?, ?it/s]
100%|██████████| 1/1 [00:00<00:00,  2.38it/s]
100%|██████████| 1/1 [00:00<00:00,  2.38it/s]

  0%|          | 0/1 [00:00<?, ?it/s]
100%|██████████| 1/1 [00:00<00:00,  2.68it/s]
100%|██████████| 1/1 [00:00<00:00,  2.68it/s]

  0%|          | 0/1 [00:00<?, ?it/s]
100%|██████████| 1/1 [00:00<00:00,  3.02it/s]
100%|██████████| 1/1 [00:00<00:00,  3.02it/s]

  0%|          | 0/1 [00:00<?, ?it/s]
100%|██████████| 1/1 [00:00<00:00,  1.76it/s]
100%|██████████| 1/1 [00:00<00:00,  1.76it/s]

  0%|          | 0/1 [00:00<?, ?it/s]
100%|██████████| 1/1 [00:00<00:00,  2.44it/s]
100%|██████████| 1/1 [00:00<00:00,  2.43it/s]

  0%|          | 0/1 [00:00<?, ?it/s]
100%|██████████| 1/1 [00:00<00:00,  1.98it/s]
100%|██████████| 1/1 [00:00<00:00,  1.98it/s]

  0%|          | 0/1 [00:00<?, ?it/s]
100%|██████████| 1/1 [00:00<00:00,  3.04it/s]
100%|██████████| 1/1 [00:00<00:00,  3.04it/s]

  0%|          | 0/1 [00:00<?, ?it/s]
100%|██████████| 1/1 [00:00<00:00,  3.15it/s]
100%|██████████| 1/1 [00:00<00:00,  3.15it/s]

  0%|          | 0/1 [00:00<?, ?it/s]
100%|██████████| 1/1 [00:00<00:00,  3.06it/s]
100%|██████████| 1/1 [00:00<00:00,  3.06it/s]

  0%|          | 0/1 [00:00<?, ?it/s]
100%|██████████| 1/1 [00:00<00:00,  2.93it/s]
100%|██████████| 1/1 [00:00<00:00,  2.93it/s]

  0%|          | 0/1 [00:00<?, ?it/s]
100%|██████████| 1/1 [00:00<00:00,  3.02it/s]
100%|██████████| 1/1 [00:00<00:00,  3.02it/s]

  0%|          | 0/1 [00:00<?, ?it/s]
100%|██████████| 1/1 [00:00<00:00,  2.88it/s]
100%|██████████| 1/1 [00:00<00:00,  2.88it/s]

  0%|          | 0/1 [00:00<?, ?it/s]
100%|██████████| 1/1 [00:00<00:00,  3.01it/s]
100%|██████████| 1/1 [00:00<00:00,  3.01it/s]

  0%|          | 0/1 [00:00<?, ?it/s]
100%|██████████| 1/1 [00:00<00:00,  3.13it/s]
100%|██████████| 1/1 [00:00<00:00,  3.12it/s]

  0%|          | 0/1 [00:00<?, ?it/s]
100%|██████████| 1/1 [00:00<00:00,  2.98it/s]
100%|██████████| 1/1 [00:00<00:00,  2.98it/s]

  0%|          | 0/1 [00:00<?, ?it/s]
100%|██████████| 1/1 [00:00<00:00,  3.06it/s]
100%|██████████| 1/1 [00:00<00:00,  3.06it/s]

  0%|          | 0/1 [00:00<?, ?it/s]
100%|██████████| 1/1 [00:00<00:00,  3.14it/s]
100%|██████████| 1/1 [00:00<00:00,  3.13it/s]

  0%|          | 0/1 [00:00<?, ?it/s]
100%|██████████| 1/1 [00:00<00:00,  3.01it/s]
100%|██████████| 1/1 [00:00<00:00,  3.01it/s]

  0%|          | 0/1 [00:00<?, ?it/s]
100%|██████████| 1/1 [00:00<00:00,  1.68it/s]
100%|██████████| 1/1 [00:00<00:00,  1.68it/s]

  0%|          | 0/1 [00:00<?, ?it/s]
100%|██████████| 1/1 [00:00<00:00,  3.03it/s]
100%|██████████| 1/1 [00:00<00:00,  3.02it/s]

  0%|          | 0/1 [00:00<?, ?it/s]
100%|██████████| 1/1 [00:00<00:00,  3.03it/s]
100%|██████████| 1/1 [00:00<00:00,  3.03it/s]

  0%|          | 0/1 [00:00<?, ?it/s]
100%|██████████| 1/1 [00:00<00:00,  3.18it/s]
100%|██████████| 1/1 [00:00<00:00,  3.18it/s]

  0%|          | 0/1 [00:00<?, ?it/s]
100%|██████████| 1/1 [00:00<00:00,  2.98it/s]
100%|██████████| 1/1 [00:00<00:00,  2.98it/s]

  0%|          | 0/1 [00:00<?, ?it/s]
100%|██████████| 1/1 [00:00<00:00,  2.98it/s]
100%|██████████| 1/1 [00:00<00:00,  2.98it/s]

  0%|          | 0/1 [00:00<?, ?it/s]
100%|██████████| 1/1 [00:00<00:00,  3.10it/s]
100%|██████████| 1/1 [00:00<00:00,  3.10it/s]

  0%|          | 0/1 [00:00<?, ?it/s]
100%|██████████| 1/1 [00:00<00:00,  2.99it/s]
100%|██████████| 1/1 [00:00<00:00,  2.99it/s]

  0%|          | 0/1 [00:00<?, ?it/s]
100%|██████████| 1/1 [00:00<00:00,  3.14it/s]
100%|██████████| 1/1 [00:00<00:00,  3.13it/s]

  0%|          | 0/1 [00:00<?, ?it/s]
100%|██████████| 1/1 [00:00<00:00,  2.85it/s]
100%|██████████| 1/1 [00:00<00:00,  2.84it/s]

  0%|          | 0/1 [00:00<?, ?it/s]
100%|██████████| 1/1 [00:00<00:00,  3.20it/s]
100%|██████████| 1/1 [00:00<00:00,  3.20it/s]

  0%|          | 0/1 [00:00<?, ?it/s]
100%|██████████| 1/1 [00:00<00:00,  2.92it/s]
100%|██████████| 1/1 [00:00<00:00,  2.91it/s]

  0%|          | 0/1 [00:00<?, ?it/s]
100%|██████████| 1/1 [00:00<00:00,  3.16it/s]
100%|██████████| 1/1 [00:00<00:00,  3.16it/s]

  0%|          | 0/1 [00:00<?, ?it/s]
100%|██████████| 1/1 [00:00<00:00,  3.17it/s]
100%|██████████| 1/1 [00:00<00:00,  3.17it/s]

  0%|          | 0/1 [00:00<?, ?it/s]
100%|██████████| 1/1 [00:00<00:00,  3.25it/s]
100%|██████████| 1/1 [00:00<00:00,  3.24it/s]

  0%|          | 0/1 [00:00<?, ?it/s]
100%|██████████| 1/1 [00:00<00:00,  3.17it/s]
100%|██████████| 1/1 [00:00<00:00,  3.17it/s]

  0%|          | 0/1 [00:00<?, ?it/s]
100%|██████████| 1/1 [00:00<00:00,  3.11it/s]
100%|██████████| 1/1 [00:00<00:00,  3.10it/s]

  0%|          | 0/1 [00:00<?, ?it/s]
100%|██████████| 1/1 [00:00<00:00,  3.10it/s]
100%|██████████| 1/1 [00:00<00:00,  3.10it/s]

  0%|          | 0/1 [00:00<?, ?it/s]
100%|██████████| 1/1 [00:00<00:00,  3.01it/s]
100%|██████████| 1/1 [00:00<00:00,  3.01it/s]

  0%|          | 0/1 [00:00<?, ?it/s]
100%|██████████| 1/1 [00:00<00:00,  2.94it/s]
100%|██████████| 1/1 [00:00<00:00,  2.94it/s]

  0%|          | 0/1 [00:00<?, ?it/s]
100%|██████████| 1/1 [00:00<00:00,  3.09it/s]
100%|██████████| 1/1 [00:00<00:00,  3.09it/s]

  0%|          | 0/1 [00:00<?, ?it/s]
100%|██████████| 1/1 [00:00<00:00,  1.68it/s]
100%|██████████| 1/1 [00:00<00:00,  1.67it/s]

  0%|          | 0/1 [00:00<?, ?it/s]
100%|██████████| 1/1 [00:00<00:00,  2.77it/s]
100%|██████████| 1/1 [00:00<00:00,  2.77it/s]

  0%|          | 0/1 [00:00<?, ?it/s]
100%|██████████| 1/1 [00:00<00:00,  2.65it/s]
100%|██████████| 1/1 [00:00<00:00,  2.65it/s]

  0%|          | 0/1 [00:00<?, ?it/s]
100%|██████████| 1/1 [00:00<00:00,  3.13it/s]
100%|██████████| 1/1 [00:00<00:00,  3.12it/s]

  0%|          | 0/1 [00:00<?, ?it/s]
100%|██████████| 1/1 [00:00<00:00,  2.85it/s]
100%|██████████| 1/1 [00:00<00:00,  2.85it/s]

  0%|          | 0/1 [00:00<?, ?it/s]
100%|██████████| 1/1 [00:00<00:00,  2.80it/s]
100%|██████████| 1/1 [00:00<00:00,  2.80it/s]

  0%|          | 0/1 [00:00<?, ?it/s]
100%|██████████| 1/1 [00:00<00:00,  2.67it/s]
100%|██████████| 1/1 [00:00<00:00,  2.67it/s]

  0%|          | 0/1 [00:00<?, ?it/s]
100%|██████████| 1/1 [00:00<00:00,  3.02it/s]
100%|██████████| 1/1 [00:00<00:00,  3.02it/s]

  0%|          | 0/1 [00:00<?, ?it/s]
100%|██████████| 1/1 [00:00<00:00,  2.49it/s]
100%|██████████| 1/1 [00:00<00:00,  2.48it/s]

  0%|          | 0/1 [00:00<?, ?it/s]
100%|██████████| 1/1 [00:00<00:00,  3.16it/s]
100%|██████████| 1/1 [00:00<00:00,  3.16it/s]

  0%|          | 0/1 [00:00<?, ?it/s]
100%|██████████| 1/1 [00:00<00:00,  2.35it/s]
100%|██████████| 1/1 [00:00<00:00,  2.35it/s]

  0%|          | 0/1 [00:00<?, ?it/s]
100%|██████████| 1/1 [00:00<00:00,  1.95it/s]
100%|██████████| 1/1 [00:00<00:00,  1.95it/s]

  0%|          | 0/1 [00:00<?, ?it/s]
100%|██████████| 1/1 [00:00<00:00,  2.24it/s]
100%|██████████| 1/1 [00:00<00:00,  2.23it/s]

  0%|          | 0/1 [00:00<?, ?it/s]
100%|██████████| 1/1 [00:00<00:00,  2.18it/s]
100%|██████████| 1/1 [00:00<00:00,  2.17it/s]

  0%|          | 0/1 [00:00<?, ?it/s]
100%|██████████| 1/1 [00:00<00:00,  2.75it/s]
100%|██████████| 1/1 [00:00<00:00,  2.75it/s]

  0%|          | 0/1 [00:00<?, ?it/s]
100%|██████████| 1/1 [00:00<00:00,  1.94it/s]
100%|██████████| 1/1 [00:00<00:00,  1.94it/s]

  0%|          | 0/1 [00:00<?, ?it/s]
100%|██████████| 1/1 [00:01<00:00,  1.28s/it]
100%|██████████| 1/1 [00:01<00:00,  1.28s/it]

  0%|          | 0/1 [00:00<?, ?it/s]
100%|██████████| 1/1 [00:00<00:00,  1.10it/s]
100%|██████████| 1/1 [00:00<00:00,  1.10it/s]

  0%|          | 0/1 [00:00<?, ?it/s]
100%|██████████| 1/1 [00:00<00:00,  2.12it/s]
100%|██████████| 1/1 [00:00<00:00,  2.12it/s]

  0%|          | 0/1 [00:00<?, ?it/s]
100%|██████████| 1/1 [00:00<00:00,  1.93it/s]
100%|██████████| 1/1 [00:00<00:00,  1.93it/s]

  0%|          | 0/1 [00:00<?, ?it/s]
100%|██████████| 1/1 [00:00<00:00,  1.01it/s]
100%|██████████| 1/1 [00:00<00:00,  1.01it/s]

  0%|          | 0/1 [00:00<?, ?it/s]
100%|██████████| 1/1 [00:20<00:00, 20.14s/it]
100%|██████████| 1/1 [00:20<00:00, 20.14s/it]

  0%|          | 0/1 [00:00<?, ?it/s]
100%|██████████| 1/1 [00:00<00:00,  2.32it/s]
100%|██████████| 1/1 [00:00<00:00,  2.32it/s]

  0%|          | 0/1 [00:00<?, ?it/s]
100%|██████████| 1/1 [00:07<00:00,  7.40s/it]
100%|██████████| 1/1 [00:07<00:00,  7.40s/it]

  0%|          | 0/1 [00:00<?, ?it/s]
100%|██████████| 1/1 [00:00<00:00,  2.71it/s]
100%|██████████| 1/1 [00:00<00:00,  2.71it/s]

  0%|          | 0/1 [00:00<?, ?it/s]
100%|██████████| 1/1 [00:00<00:00,  1.13it/s]
100%|██████████| 1/1 [00:00<00:00,  1.13it/s]

  0%|          | 0/1 [00:00<?, ?it/s]
100%|██████████| 1/1 [00:00<00:00,  1.99it/s]
100%|██████████| 1/1 [00:00<00:00,  1.99it/s]

  0%|          | 0/1 [00:00<?, ?it/s]
100%|██████████| 1/1 [00:00<00:00,  2.14it/s]
100%|██████████| 1/1 [00:00<00:00,  2.14it/s]

  0%|          | 0/1 [00:00<?, ?it/s]
100%|██████████| 1/1 [00:00<00:00,  2.01it/s]
100%|██████████| 1/1 [00:00<00:00,  2.01it/s]

  0%|          | 0/1 [00:00<?, ?it/s]
100%|██████████| 1/1 [00:00<00:00,  1.97it/s]
100%|██████████| 1/1 [00:00<00:00,  1.97it/s]

  0%|          | 0/1 [00:00<?, ?it/s]
100%|██████████| 1/1 [00:00<00:00,  2.92it/s]
100%|██████████| 1/1 [00:00<00:00,  2.92it/s]

  0%|          | 0/1 [00:00<?, ?it/s]
100%|██████████| 1/1 [00:00<00:00,  2.94it/s]
100%|██████████| 1/1 [00:00<00:00,  2.94it/s]

  0%|          | 0/1 [00:00<?, ?it/s]
100%|██████████| 1/1 [00:00<00:00,  2.96it/s]
100%|██████████| 1/1 [00:00<00:00,  2.95it/s]

  0%|          | 0/1 [00:00<?, ?it/s]
100%|██████████| 1/1 [00:00<00:00,  2.71it/s]
100%|██████████| 1/1 [00:00<00:00,  2.71it/s]

  0%|          | 0/1 [00:00<?, ?it/s]
100%|██████████| 1/1 [00:00<00:00,  2.76it/s]
100%|██████████| 1/1 [00:00<00:00,  2.76it/s]

  0%|          | 0/1 [00:00<?, ?it/s]
100%|██████████| 1/1 [00:00<00:00,  2.62it/s]
100%|██████████| 1/1 [00:00<00:00,  2.62it/s]

  0%|          | 0/1 [00:00<?, ?it/s]
100%|██████████| 1/1 [00:00<00:00,  2.53it/s]
100%|██████████| 1/1 [00:00<00:00,  2.53it/s]

  0%|          | 0/1 [00:00<?, ?it/s]
100%|██████████| 1/1 [00:00<00:00,  2.67it/s]
100%|██████████| 1/1 [00:00<00:00,  2.67it/s]

  0%|          | 0/1 [00:00<?, ?it/s]
100%|██████████| 1/1 [00:00<00:00,  2.95it/s]
100%|██████████| 1/1 [00:00<00:00,  2.95it/s]

  0%|          | 0/1 [00:00<?, ?it/s]
100%|██████████| 1/1 [00:00<00:00,  3.33it/s]
100%|██████████| 1/1 [00:00<00:00,  3.33it/s]

  0%|          | 0/1 [00:00<?, ?it/s]
100%|██████████| 1/1 [00:00<00:00,  3.07it/s]
100%|██████████| 1/1 [00:00<00:00,  3.07it/s]

  0%|          | 0/1 [00:00<?, ?it/s]
100%|██████████| 1/1 [00:00<00:00,  3.01it/s]
100%|██████████| 1/1 [00:00<00:00,  3.01it/s]

  0%|          | 0/1 [00:00<?, ?it/s]
100%|██████████| 1/1 [00:00<00:00,  3.14it/s]
100%|██████████| 1/1 [00:00<00:00,  3.14it/s]

  0%|          | 0/1 [00:00<?, ?it/s]
100%|██████████| 1/1 [00:00<00:00,  3.12it/s]
100%|██████████| 1/1 [00:00<00:00,  3.12it/s]

  0%|          | 0/1 [00:00<?, ?it/s]
100%|██████████| 1/1 [00:00<00:00,  3.01it/s]
100%|██████████| 1/1 [00:00<00:00,  3.01it/s]

  0%|          | 0/1 [00:00<?, ?it/s]
100%|██████████| 1/1 [00:00<00:00,  3.26it/s]
100%|██████████| 1/1 [00:00<00:00,  3.26it/s]

  0%|          | 0/1 [00:00<?, ?it/s]
100%|██████████| 1/1 [00:00<00:00,  2.59it/s]
100%|██████████| 1/1 [00:00<00:00,  2.58it/s]

  0%|          | 0/1 [00:00<?, ?it/s]
100%|██████████| 1/1 [00:00<00:00,  2.82it/s]
100%|██████████| 1/1 [00:00<00:00,  2.82it/s]

  0%|          | 0/1 [00:00<?, ?it/s]
100%|██████████| 1/1 [00:00<00:00,  3.04it/s]
100%|██████████| 1/1 [00:00<00:00,  3.04it/s]

  0%|          | 0/1 [00:00<?, ?it/s]
100%|██████████| 1/1 [00:00<00:00,  2.97it/s]
100%|██████████| 1/1 [00:00<00:00,  2.97it/s]

  0%|          | 0/1 [00:00<?, ?it/s]
100%|██████████| 1/1 [00:00<00:00,  3.04it/s]
100%|██████████| 1/1 [00:00<00:00,  3.03it/s]

  0%|          | 0/1 [00:00<?, ?it/s]
100%|██████████| 1/1 [00:00<00:00,  2.91it/s]
100%|██████████| 1/1 [00:00<00:00,  2.90it/s]

  0%|          | 0/1 [00:00<?, ?it/s]
100%|██████████| 1/1 [00:00<00:00,  3.20it/s]
100%|██████████| 1/1 [00:00<00:00,  3.20it/s]

  0%|          | 0/1 [00:00<?, ?it/s]
100%|██████████| 1/1 [00:00<00:00,  2.97it/s]
100%|██████████| 1/1 [00:00<00:00,  2.97it/s]

  0%|          | 0/1 [00:00<?, ?it/s]
100%|██████████| 1/1 [00:00<00:00,  2.69it/s]
100%|██████████| 1/1 [00:00<00:00,  2.69it/s]

  0%|          | 0/1 [00:00<?, ?it/s]
100%|██████████| 1/1 [00:00<00:00,  2.89it/s]
100%|██████████| 1/1 [00:00<00:00,  2.89it/s]

  0%|          | 0/1 [00:00<?, ?it/s]
100%|██████████| 1/1 [00:00<00:00,  3.01it/s]
100%|██████████| 1/1 [00:00<00:00,  3.01it/s]

  0%|          | 0/1 [00:00<?, ?it/s]
100%|██████████| 1/1 [00:00<00:00,  2.87it/s]
100%|██████████| 1/1 [00:00<00:00,  2.86it/s]

  0%|          | 0/1 [00:00<?, ?it/s]
100%|██████████| 1/1 [00:00<00:00,  2.82it/s]
100%|██████████| 1/1 [00:00<00:00,  2.82it/s]

  0%|          | 0/1 [00:00<?, ?it/s]
100%|██████████| 1/1 [00:00<00:00,  2.78it/s]
100%|██████████| 1/1 [00:00<00:00,  2.78it/s]

  0%|          | 0/1 [00:00<?, ?it/s]
100%|██████████| 1/1 [00:00<00:00,  3.16it/s]
100%|██████████| 1/1 [00:00<00:00,  3.16it/s]

  0%|          | 0/1 [00:00<?, ?it/s]
100%|██████████| 1/1 [00:00<00:00,  3.11it/s]
100%|██████████| 1/1 [00:00<00:00,  3.11it/s]

  0%|          | 0/1 [00:00<?, ?it/s]
100%|██████████| 1/1 [00:00<00:00,  2.90it/s]
100%|██████████| 1/1 [00:00<00:00,  2.90it/s]

  0%|          | 0/1 [00:00<?, ?it/s]
100%|██████████| 1/1 [00:00<00:00,  3.00it/s]
100%|██████████| 1/1 [00:00<00:00,  3.00it/s]

  0%|          | 0/1 [00:00<?, ?it/s]
100%|██████████| 1/1 [00:00<00:00,  2.80it/s]
100%|██████████| 1/1 [00:00<00:00,  2.80it/s]

  0%|          | 0/1 [00:00<?, ?it/s]
100%|██████████| 1/1 [00:00<00:00,  2.68it/s]
100%|██████████| 1/1 [00:00<00:00,  2.68it/s]

  0%|          | 0/1 [00:00<?, ?it/s]
100%|██████████| 1/1 [00:00<00:00,  2.92it/s]
100%|██████████| 1/1 [00:00<00:00,  2.91it/s]

  0%|          | 0/1 [00:00<?, ?it/s]
100%|██████████| 1/1 [00:00<00:00,  2.98it/s]
100%|██████████| 1/1 [00:00<00:00,  2.98it/s]

  0%|          | 0/1 [00:00<?, ?it/s]
100%|██████████| 1/1 [00:00<00:00,  2.90it/s]
100%|██████████| 1/1 [00:00<00:00,  2.90it/s]

  0%|          | 0/1 [00:00<?, ?it/s]
100%|██████████| 1/1 [00:00<00:00,  2.95it/s]
100%|██████████| 1/1 [00:00<00:00,  2.95it/s]

  0%|          | 0/1 [00:00<?, ?it/s]
100%|██████████| 1/1 [00:00<00:00,  2.88it/s]
100%|██████████| 1/1 [00:00<00:00,  2.88it/s]

  0%|          | 0/1 [00:00<?, ?it/s]
100%|██████████| 1/1 [00:00<00:00,  3.25it/s]
100%|██████████| 1/1 [00:00<00:00,  3.25it/s]

  0%|          | 0/1 [00:00<?, ?it/s]
100%|██████████| 1/1 [00:00<00:00,  3.29it/s]
100%|██████████| 1/1 [00:00<00:00,  3.29it/s]

  0%|          | 0/1 [00:00<?, ?it/s]
100%|██████████| 1/1 [00:00<00:00,  3.24it/s]
100%|██████████| 1/1 [00:00<00:00,  3.24it/s]

  0%|          | 0/1 [00:00<?, ?it/s]
100%|██████████| 1/1 [00:00<00:00,  3.23it/s]
100%|██████████| 1/1 [00:00<00:00,  3.22it/s]

  0%|          | 0/1 [00:00<?, ?it/s]
100%|██████████| 1/1 [00:00<00:00,  3.35it/s]
100%|██████████| 1/1 [00:00<00:00,  3.35it/s]

  0%|          | 0/1 [00:00<?, ?it/s]
100%|██████████| 1/1 [00:00<00:00,  3.29it/s]
100%|██████████| 1/1 [00:00<00:00,  3.29it/s]

  0%|          | 0/1 [00:00<?, ?it/s]
100%|██████████| 1/1 [00:00<00:00,  3.21it/s]
100%|██████████| 1/1 [00:00<00:00,  3.20it/s]

  0%|          | 0/1 [00:00<?, ?it/s]
100%|██████████| 1/1 [00:00<00:00,  3.26it/s]
100%|██████████| 1/1 [00:00<00:00,  3.25it/s]

  0%|          | 0/1 [00:00<?, ?it/s]
100%|██████████| 1/1 [00:00<00:00,  3.00it/s]
100%|██████████| 1/1 [00:00<00:00,  3.00it/s]

  0%|          | 0/1 [00:00<?, ?it/s]
100%|██████████| 1/1 [00:00<00:00,  3.15it/s]
100%|██████████| 1/1 [00:00<00:00,  3.15it/s]

  0%|          | 0/1 [00:00<?, ?it/s]
100%|██████████| 1/1 [00:00<00:00,  3.09it/s]
100%|██████████| 1/1 [00:00<00:00,  3.09it/s]

  0%|          | 0/1 [00:00<?, ?it/s]
100%|██████████| 1/1 [00:00<00:00,  3.03it/s]
100%|██████████| 1/1 [00:00<00:00,  3.03it/s]

  0%|          | 0/1 [00:00<?, ?it/s]
100%|██████████| 1/1 [00:00<00:00,  3.10it/s]
100%|██████████| 1/1 [00:00<00:00,  3.09it/s]

  0%|          | 0/1 [00:00<?, ?it/s]
100%|██████████| 1/1 [00:00<00:00,  2.98it/s]
100%|██████████| 1/1 [00:00<00:00,  2.97it/s]

  0%|          | 0/1 [00:00<?, ?it/s]
100%|██████████| 1/1 [00:00<00:00,  1.47it/s]
100%|██████████| 1/1 [00:00<00:00,  1.47it/s]

  0%|          | 0/1 [00:00<?, ?it/s]
100%|██████████| 1/1 [00:00<00:00,  2.90it/s]
100%|██████████| 1/1 [00:00<00:00,  2.90it/s]

  0%|          | 0/1 [00:00<?, ?it/s]
100%|██████████| 1/1 [00:00<00:00,  2.37it/s]
100%|██████████| 1/1 [00:00<00:00,  2.37it/s]

  0%|          | 0/1 [00:00<?, ?it/s]
100%|██████████| 1/1 [00:00<00:00,  1.12it/s]
100%|██████████| 1/1 [00:00<00:00,  1.12it/s]

  0%|          | 0/1 [00:00<?, ?it/s]
100%|██████████| 1/1 [00:00<00:00,  2.58it/s]
100%|██████████| 1/1 [00:00<00:00,  2.58it/s]

  0%|          | 0/1 [00:00<?, ?it/s]
100%|██████████| 1/1 [00:00<00:00,  2.60it/s]
100%|██████████| 1/1 [00:00<00:00,  2.60it/s]

  0%|          | 0/1 [00:00<?, ?it/s]
100%|██████████| 1/1 [00:00<00:00,  2.12it/s]
100%|██████████| 1/1 [00:00<00:00,  2.11it/s]

  0%|          | 0/1 [00:00<?, ?it/s]
100%|██████████| 1/1 [00:00<00:00,  2.15it/s]
100%|██████████| 1/1 [00:00<00:00,  2.15it/s]

  0%|          | 0/1 [00:00<?, ?it/s]
100%|██████████| 1/1 [00:00<00:00,  2.40it/s]
100%|██████████| 1/1 [00:00<00:00,  2.40it/s]

  0%|          | 0/1 [00:00<?, ?it/s]
100%|██████████| 1/1 [00:00<00:00,  2.61it/s]
100%|██████████| 1/1 [00:00<00:00,  2.61it/s]

  0%|          | 0/1 [00:00<?, ?it/s]
100%|██████████| 1/1 [00:00<00:00,  2.98it/s]
100%|██████████| 1/1 [00:00<00:00,  2.97it/s]

  0%|          | 0/1 [00:00<?, ?it/s]
100%|██████████| 1/1 [00:00<00:00,  3.12it/s]
100%|██████████| 1/1 [00:00<00:00,  3.12it/s]

  0%|          | 0/1 [00:00<?, ?it/s]
100%|██████████| 1/1 [00:00<00:00,  2.72it/s]
100%|██████████| 1/1 [00:00<00:00,  2.71it/s]

  0%|          | 0/1 [00:00<?, ?it/s]
100%|██████████| 1/1 [00:00<00:00,  2.55it/s]
100%|██████████| 1/1 [00:00<00:00,  2.55it/s]

  0%|          | 0/1 [00:00<?, ?it/s]
100%|██████████| 1/1 [00:00<00:00,  3.00it/s]
100%|██████████| 1/1 [00:00<00:00,  3.00it/s]

  0%|          | 0/1 [00:00<?, ?it/s]
100%|██████████| 1/1 [00:00<00:00,  1.62it/s]
100%|██████████| 1/1 [00:00<00:00,  1.62it/s]

  0%|          | 0/1 [00:00<?, ?it/s]
100%|██████████| 1/1 [00:00<00:00,  3.36it/s]
100%|██████████| 1/1 [00:00<00:00,  3.36it/s]

  0%|          | 0/1 [00:00<?, ?it/s]
100%|██████████| 1/1 [00:00<00:00,  3.30it/s]
100%|██████████| 1/1 [00:00<00:00,  3.30it/s]

  0%|          | 0/1 [00:00<?, ?it/s]
100%|██████████| 1/1 [00:00<00:00,  3.07it/s]
100%|██████████| 1/1 [00:00<00:00,  3.07it/s]

  0%|          | 0/1 [00:00<?, ?it/s]
100%|██████████| 1/1 [00:00<00:00,  2.94it/s]
100%|██████████| 1/1 [00:00<00:00,  2.94it/s]

  0%|          | 0/1 [00:00<?, ?it/s]
100%|██████████| 1/1 [00:00<00:00,  3.11it/s]
100%|██████████| 1/1 [00:00<00:00,  3.11it/s]

  0%|          | 0/1 [00:00<?, ?it/s]
100%|██████████| 1/1 [00:00<00:00,  2.95it/s]
100%|██████████| 1/1 [00:00<00:00,  2.95it/s]

  0%|          | 0/1 [00:00<?, ?it/s]
100%|██████████| 1/1 [00:00<00:00,  3.00it/s]
100%|██████████| 1/1 [00:00<00:00,  3.00it/s]

  0%|          | 0/1 [00:00<?, ?it/s]
100%|██████████| 1/1 [00:00<00:00,  3.09it/s]
100%|██████████| 1/1 [00:00<00:00,  3.09it/s]

  0%|          | 0/1 [00:00<?, ?it/s]
100%|██████████| 1/1 [00:00<00:00,  3.32it/s]
100%|██████████| 1/1 [00:00<00:00,  3.31it/s]

  0%|          | 0/1 [00:00<?, ?it/s]
100%|██████████| 1/1 [00:00<00:00,  3.04it/s]
100%|██████████| 1/1 [00:00<00:00,  3.04it/s]

  0%|          | 0/1 [00:00<?, ?it/s]
100%|██████████| 1/1 [00:00<00:00,  3.32it/s]
100%|██████████| 1/1 [00:00<00:00,  3.31it/s]

  0%|          | 0/1 [00:00<?, ?it/s]
100%|██████████| 1/1 [00:00<00:00,  3.34it/s]
100%|██████████| 1/1 [00:00<00:00,  3.34it/s]

  0%|          | 0/1 [00:00<?, ?it/s]
100%|██████████| 1/1 [00:00<00:00,  3.35it/s]
100%|██████████| 1/1 [00:00<00:00,  3.34it/s]

  0%|          | 0/1 [00:00<?, ?it/s]
100%|██████████| 1/1 [00:00<00:00,  3.29it/s]
100%|██████████| 1/1 [00:00<00:00,  3.29it/s]

  0%|          | 0/1 [00:00<?, ?it/s]
100%|██████████| 1/1 [00:00<00:00,  2.95it/s]
100%|██████████| 1/1 [00:00<00:00,  2.95it/s]

  0%|          | 0/1 [00:00<?, ?it/s]
100%|██████████| 1/1 [00:00<00:00,  3.00it/s]
100%|██████████| 1/1 [00:00<00:00,  2.99it/s]

  0%|          | 0/1 [00:00<?, ?it/s]
100%|██████████| 1/1 [00:00<00:00,  3.19it/s]
100%|██████████| 1/1 [00:00<00:00,  3.19it/s]

  0%|          | 0/1 [00:00<?, ?it/s]
100%|██████████| 1/1 [00:00<00:00,  3.25it/s]
100%|██████████| 1/1 [00:00<00:00,  3.25it/s]

  0%|          | 0/1 [00:00<?, ?it/s]
100%|██████████| 1/1 [00:00<00:00,  3.22it/s]
100%|██████████| 1/1 [00:00<00:00,  3.22it/s]

  0%|          | 0/1 [00:00<?, ?it/s]
100%|██████████| 1/1 [00:00<00:00,  3.32it/s]
100%|██████████| 1/1 [00:00<00:00,  3.32it/s]

  0%|          | 0/1 [00:00<?, ?it/s]
100%|██████████| 1/1 [00:00<00:00,  1.78it/s]
100%|██████████| 1/1 [00:00<00:00,  1.78it/s]

  0%|          | 0/1 [00:00<?, ?it/s]
100%|██████████| 1/1 [00:00<00:00,  3.18it/s]
100%|██████████| 1/1 [00:00<00:00,  3.17it/s]

  0%|          | 0/1 [00:00<?, ?it/s]
100%|██████████| 1/1 [00:00<00:00,  3.32it/s]
100%|██████████| 1/1 [00:00<00:00,  3.32it/s]

  0%|          | 0/1 [00:00<?, ?it/s]
100%|██████████| 1/1 [00:00<00:00,  3.29it/s]
100%|██████████| 1/1 [00:00<00:00,  3.29it/s]

  0%|          | 0/1 [00:00<?, ?it/s]
100%|██████████| 1/1 [00:00<00:00,  3.02it/s]
100%|██████████| 1/1 [00:00<00:00,  3.02it/s]

  0%|          | 0/1 [00:00<?, ?it/s]
100%|██████████| 1/1 [00:00<00:00,  3.30it/s]
100%|██████████| 1/1 [00:00<00:00,  3.29it/s]

  0%|          | 0/1 [00:00<?, ?it/s]
100%|██████████| 1/1 [00:00<00:00,  3.27it/s]
100%|██████████| 1/1 [00:00<00:00,  3.27it/s]

  0%|          | 0/1 [00:00<?, ?it/s]
100%|██████████| 1/1 [00:00<00:00,  3.28it/s]
100%|██████████| 1/1 [00:00<00:00,  3.28it/s]

  0%|          | 0/1 [00:00<?, ?it/s]
100%|██████████| 1/1 [00:00<00:00,  3.16it/s]
100%|██████████| 1/1 [00:00<00:00,  3.16it/s]

  0%|          | 0/1 [00:00<?, ?it/s]
100%|██████████| 1/1 [00:00<00:00,  2.96it/s]
100%|██████████| 1/1 [00:00<00:00,  2.95it/s]

  0%|          | 0/1 [00:00<?, ?it/s]
100%|██████████| 1/1 [00:00<00:00,  2.63it/s]
100%|██████████| 1/1 [00:00<00:00,  2.62it/s]

  0%|          | 0/1 [00:00<?, ?it/s]
100%|██████████| 1/1 [00:00<00:00,  1.43it/s]
100%|██████████| 1/1 [00:00<00:00,  1.43it/s]

  0%|          | 0/1 [00:00<?, ?it/s]
100%|██████████| 1/1 [00:00<00:00,  2.67it/s]
100%|██████████| 1/1 [00:00<00:00,  2.67it/s]

  0%|          | 0/1 [00:00<?, ?it/s]
100%|██████████| 1/1 [00:00<00:00,  2.97it/s]
100%|██████████| 1/1 [00:00<00:00,  2.97it/s]

  0%|          | 0/1 [00:00<?, ?it/s]
100%|██████████| 1/1 [00:00<00:00,  1.47it/s]
100%|██████████| 1/1 [00:00<00:00,  1.47it/s]

  0%|          | 0/1 [00:00<?, ?it/s]
100%|██████████| 1/1 [00:01<00:00,  1.04s/it]
100%|██████████| 1/1 [00:01<00:00,  1.04s/it]

  0%|          | 0/1 [00:00<?, ?it/s]
100%|██████████| 1/1 [00:00<00:00,  2.64it/s]
100%|██████████| 1/1 [00:00<00:00,  2.64it/s]

  0%|          | 0/1 [00:00<?, ?it/s]
100%|██████████| 1/1 [00:00<00:00,  2.20it/s]
100%|██████████| 1/1 [00:00<00:00,  2.20it/s]

  0%|          | 0/1 [00:00<?, ?it/s]
100%|██████████| 1/1 [00:00<00:00,  1.55it/s]
100%|██████████| 1/1 [00:00<00:00,  1.55it/s]

  0%|          | 0/1 [00:00<?, ?it/s]
100%|██████████| 1/1 [00:00<00:00,  2.42it/s]
100%|██████████| 1/1 [00:00<00:00,  2.42it/s]

  0%|          | 0/1 [00:00<?, ?it/s]
100%|██████████| 1/1 [00:00<00:00,  2.43it/s]
100%|██████████| 1/1 [00:00<00:00,  2.43it/s]

  0%|          | 0/1 [00:00<?, ?it/s]
100%|██████████| 1/1 [00:00<00:00,  2.49it/s]
100%|██████████| 1/1 [00:00<00:00,  2.48it/s]

  0%|          | 0/1 [00:00<?, ?it/s]
100%|██████████| 1/1 [00:00<00:00,  2.99it/s]
100%|██████████| 1/1 [00:00<00:00,  2.99it/s]

  0%|          | 0/1 [00:00<?, ?it/s]
100%|██████████| 1/1 [00:00<00:00,  3.15it/s]
100%|██████████| 1/1 [00:00<00:00,  3.15it/s]

  0%|          | 0/1 [00:00<?, ?it/s]
100%|██████████| 1/1 [00:00<00:00,  2.40it/s]
100%|██████████| 1/1 [00:00<00:00,  2.40it/s]

  0%|          | 0/1 [00:00<?, ?it/s]
100%|██████████| 1/1 [00:00<00:00,  2.24it/s]
100%|██████████| 1/1 [00:00<00:00,  2.24it/s]

  0%|          | 0/1 [00:00<?, ?it/s]
100%|██████████| 1/1 [00:00<00:00,  2.86it/s]
100%|██████████| 1/1 [00:00<00:00,  2.86it/s]

  0%|          | 0/1 [00:00<?, ?it/s]
100%|██████████| 1/1 [00:00<00:00,  2.14it/s]
100%|██████████| 1/1 [00:00<00:00,  2.14it/s]

  0%|          | 0/1 [00:00<?, ?it/s]
100%|██████████| 1/1 [00:00<00:00,  2.70it/s]
100%|██████████| 1/1 [00:00<00:00,  2.70it/s]

  0%|          | 0/1 [00:00<?, ?it/s]
100%|██████████| 1/1 [00:00<00:00,  2.90it/s]
100%|██████████| 1/1 [00:00<00:00,  2.90it/s]

  0%|          | 0/1 [00:00<?, ?it/s]
100%|██████████| 1/1 [00:00<00:00,  2.75it/s]
100%|██████████| 1/1 [00:00<00:00,  2.75it/s]

  0%|          | 0/1 [00:00<?, ?it/s]
100%|██████████| 1/1 [00:00<00:00,  2.80it/s]
100%|██████████| 1/1 [00:00<00:00,  2.80it/s]

  0%|          | 0/1 [00:00<?, ?it/s]
100%|██████████| 1/1 [00:00<00:00,  2.63it/s]
100%|██████████| 1/1 [00:00<00:00,  2.63it/s]

  0%|          | 0/1 [00:00<?, ?it/s]
100%|██████████| 1/1 [00:00<00:00,  1.43it/s]
100%|██████████| 1/1 [00:00<00:00,  1.43it/s]

  0%|          | 0/1 [00:00<?, ?it/s]
100%|██████████| 1/1 [00:00<00:00,  3.15it/s]
100%|██████████| 1/1 [00:00<00:00,  3.14it/s]

  0%|          | 0/1 [00:00<?, ?it/s]
100%|██████████| 1/1 [00:00<00:00,  2.78it/s]
100%|██████████| 1/1 [00:00<00:00,  2.78it/s]

  0%|          | 0/1 [00:00<?, ?it/s]
100%|██████████| 1/1 [00:00<00:00,  2.81it/s]
100%|██████████| 1/1 [00:00<00:00,  2.81it/s]

  0%|          | 0/1 [00:00<?, ?it/s]
100%|██████████| 1/1 [00:00<00:00,  3.01it/s]
100%|██████████| 1/1 [00:00<00:00,  3.01it/s]

  0%|          | 0/1 [00:00<?, ?it/s]
100%|██████████| 1/1 [00:00<00:00,  2.79it/s]
100%|██████████| 1/1 [00:00<00:00,  2.79it/s]

  0%|          | 0/1 [00:00<?, ?it/s]
100%|██████████| 1/1 [00:00<00:00,  2.87it/s]
100%|██████████| 1/1 [00:00<00:00,  2.87it/s]

  0%|          | 0/1 [00:00<?, ?it/s]
100%|██████████| 1/1 [00:00<00:00,  2.77it/s]
100%|██████████| 1/1 [00:00<00:00,  2.77it/s]

  0%|          | 0/1 [00:00<?, ?it/s]
100%|██████████| 1/1 [00:00<00:00,  1.32it/s]
100%|██████████| 1/1 [00:00<00:00,  1.32it/s]

  0%|          | 0/1 [00:00<?, ?it/s]
100%|██████████| 1/1 [00:00<00:00,  2.54it/s]
100%|██████████| 1/1 [00:00<00:00,  2.53it/s]

  0%|          | 0/1 [00:00<?, ?it/s]
100%|██████████| 1/1 [00:00<00:00,  2.69it/s]
100%|██████████| 1/1 [00:00<00:00,  2.69it/s]

  0%|          | 0/1 [00:00<?, ?it/s]
100%|██████████| 1/1 [00:00<00:00,  3.06it/s]
100%|██████████| 1/1 [00:00<00:00,  3.06it/s]

  0%|          | 0/1 [00:00<?, ?it/s]
100%|██████████| 1/1 [00:00<00:00,  2.97it/s]
100%|██████████| 1/1 [00:00<00:00,  2.97it/s]

  0%|          | 0/1 [00:00<?, ?it/s]
100%|██████████| 1/1 [00:00<00:00,  2.91it/s]
100%|██████████| 1/1 [00:00<00:00,  2.91it/s]

  0%|          | 0/1 [00:00<?, ?it/s]
100%|██████████| 1/1 [00:00<00:00,  3.00it/s]
100%|██████████| 1/1 [00:00<00:00,  2.99it/s]

  0%|          | 0/1 [00:00<?, ?it/s]
100%|██████████| 1/1 [00:00<00:00,  1.99it/s]
100%|██████████| 1/1 [00:00<00:00,  1.99it/s]

  0%|          | 0/1 [00:00<?, ?it/s]
100%|██████████| 1/1 [00:00<00:00,  3.12it/s]
100%|██████████| 1/1 [00:00<00:00,  3.11it/s]

  0%|          | 0/1 [00:00<?, ?it/s]
100%|██████████| 1/1 [00:00<00:00,  2.39it/s]
100%|██████████| 1/1 [00:00<00:00,  2.39it/s]

  0%|          | 0/1 [00:00<?, ?it/s]
100%|██████████| 1/1 [00:00<00:00,  2.68it/s]
100%|██████████| 1/1 [00:00<00:00,  2.68it/s]

  0%|          | 0/1 [00:00<?, ?it/s]
100%|██████████| 1/1 [00:00<00:00,  2.34it/s]
100%|██████████| 1/1 [00:00<00:00,  2.34it/s]

  0%|          | 0/1 [00:00<?, ?it/s]
100%|██████████| 1/1 [00:00<00:00,  2.99it/s]
100%|██████████| 1/1 [00:00<00:00,  2.99it/s]

  0%|          | 0/1 [00:00<?, ?it/s]
100%|██████████| 1/1 [00:00<00:00,  2.75it/s]
100%|██████████| 1/1 [00:00<00:00,  2.75it/s]

  0%|          | 0/1 [00:00<?, ?it/s]
100%|██████████| 1/1 [00:00<00:00,  2.73it/s]
100%|██████████| 1/1 [00:00<00:00,  2.73it/s]

  0%|          | 0/1 [00:00<?, ?it/s]
100%|██████████| 1/1 [00:00<00:00,  2.97it/s]
100%|██████████| 1/1 [00:00<00:00,  2.96it/s]

  0%|          | 0/1 [00:00<?, ?it/s]
100%|██████████| 1/1 [00:00<00:00,  3.18it/s]
100%|██████████| 1/1 [00:00<00:00,  3.18it/s]

  0%|          | 0/1 [00:00<?, ?it/s]
100%|██████████| 1/1 [00:00<00:00,  2.92it/s]
100%|██████████| 1/1 [00:00<00:00,  2.91it/s]

  0%|          | 0/1 [00:00<?, ?it/s]
100%|██████████| 1/1 [00:00<00:00,  3.13it/s]
100%|██████████| 1/1 [00:00<00:00,  3.13it/s]

  0%|          | 0/1 [00:00<?, ?it/s]
100%|██████████| 1/1 [00:00<00:00,  3.11it/s]
100%|██████████| 1/1 [00:00<00:00,  3.11it/s]

  0%|          | 0/1 [00:00<?, ?it/s]
100%|██████████| 1/1 [00:00<00:00,  3.00it/s]
100%|██████████| 1/1 [00:00<00:00,  3.00it/s]

  0%|          | 0/1 [00:00<?, ?it/s]
100%|██████████| 1/1 [00:00<00:00,  2.98it/s]
100%|██████████| 1/1 [00:00<00:00,  2.98it/s]

  0%|          | 0/1 [00:00<?, ?it/s]
100%|██████████| 1/1 [00:00<00:00,  3.27it/s]
100%|██████████| 1/1 [00:00<00:00,  3.27it/s]

  0%|          | 0/1 [00:00<?, ?it/s]
100%|██████████| 1/1 [00:00<00:00,  3.19it/s]
100%|██████████| 1/1 [00:00<00:00,  3.19it/s]

  0%|          | 0/1 [00:00<?, ?it/s]
100%|██████████| 1/1 [00:00<00:00,  3.01it/s]
100%|██████████| 1/1 [00:00<00:00,  3.01it/s]

  0%|          | 0/1 [00:00<?, ?it/s]
100%|██████████| 1/1 [00:00<00:00,  2.55it/s]
100%|██████████| 1/1 [00:00<00:00,  2.55it/s]

  0%|          | 0/1 [00:00<?, ?it/s]
100%|██████████| 1/1 [00:00<00:00,  2.92it/s]
100%|██████████| 1/1 [00:00<00:00,  2.92it/s]

  0%|          | 0/1 [00:00<?, ?it/s]
100%|██████████| 1/1 [00:00<00:00,  3.34it/s]
100%|██████████| 1/1 [00:00<00:00,  3.34it/s]

  0%|          | 0/1 [00:00<?, ?it/s]
100%|██████████| 1/1 [00:00<00:00,  3.31it/s]
100%|██████████| 1/1 [00:00<00:00,  3.31it/s]

  0%|          | 0/1 [00:00<?, ?it/s]
100%|██████████| 1/1 [00:00<00:00,  3.29it/s]
100%|██████████| 1/1 [00:00<00:00,  3.29it/s]

  0%|          | 0/1 [00:00<?, ?it/s]
100%|██████████| 1/1 [00:00<00:00,  3.25it/s]
100%|██████████| 1/1 [00:00<00:00,  3.25it/s]

  0%|          | 0/1 [00:00<?, ?it/s]
100%|██████████| 1/1 [00:00<00:00,  3.37it/s]
100%|██████████| 1/1 [00:00<00:00,  3.36it/s]

  0%|          | 0/1 [00:00<?, ?it/s]
100%|██████████| 1/1 [00:00<00:00,  2.81it/s]
100%|██████████| 1/1 [00:00<00:00,  2.81it/s]

  0%|          | 0/1 [00:00<?, ?it/s]
100%|██████████| 1/1 [00:00<00:00,  2.71it/s]
100%|██████████| 1/1 [00:00<00:00,  2.71it/s]

  0%|          | 0/1 [00:00<?, ?it/s]
100%|██████████| 1/1 [00:00<00:00,  2.78it/s]
100%|██████████| 1/1 [00:00<00:00,  2.78it/s]

  0%|          | 0/1 [00:00<?, ?it/s]
100%|██████████| 1/1 [00:00<00:00,  2.84it/s]
100%|██████████| 1/1 [00:00<00:00,  2.84it/s]

  0%|          | 0/1 [00:00<?, ?it/s]
100%|██████████| 1/1 [00:00<00:00,  2.90it/s]
100%|██████████| 1/1 [00:00<00:00,  2.89it/s]

  0%|          | 0/1 [00:00<?, ?it/s]
100%|██████████| 1/1 [00:00<00:00,  2.85it/s]
100%|██████████| 1/1 [00:00<00:00,  2.85it/s]

  0%|          | 0/1 [00:00<?, ?it/s]
100%|██████████| 1/1 [00:00<00:00,  2.85it/s]
100%|██████████| 1/1 [00:00<00:00,  2.85it/s]

  0%|          | 0/1 [00:00<?, ?it/s]
100%|██████████| 1/1 [00:00<00:00,  2.94it/s]
100%|██████████| 1/1 [00:00<00:00,  2.94it/s]

  0%|          | 0/1 [00:00<?, ?it/s]
100%|██████████| 1/1 [00:00<00:00,  2.86it/s]
100%|██████████| 1/1 [00:00<00:00,  2.86it/s]

  0%|          | 0/1 [00:00<?, ?it/s]
100%|██████████| 1/1 [00:00<00:00,  2.96it/s]
100%|██████████| 1/1 [00:00<00:00,  2.96it/s]

  0%|          | 0/1 [00:00<?, ?it/s]
100%|██████████| 1/1 [00:00<00:00,  2.85it/s]
100%|██████████| 1/1 [00:00<00:00,  2.85it/s]

  0%|          | 0/1 [00:00<?, ?it/s]
100%|██████████| 1/1 [00:00<00:00,  2.65it/s]
100%|██████████| 1/1 [00:00<00:00,  2.65it/s]

  0%|          | 0/1 [00:00<?, ?it/s]
100%|██████████| 1/1 [00:00<00:00,  2.67it/s]
100%|██████████| 1/1 [00:00<00:00,  2.67it/s]

  0%|          | 0/1 [00:00<?, ?it/s]
100%|██████████| 1/1 [00:00<00:00,  3.04it/s]
100%|██████████| 1/1 [00:00<00:00,  3.04it/s]

  0%|          | 0/1 [00:00<?, ?it/s]
100%|██████████| 1/1 [00:00<00:00,  3.03it/s]
100%|██████████| 1/1 [00:00<00:00,  3.03it/s]

  0%|          | 0/1 [00:00<?, ?it/s]
100%|██████████| 1/1 [00:00<00:00,  3.05it/s]
100%|██████████| 1/1 [00:00<00:00,  3.04it/s]

  0%|          | 0/1 [00:00<?, ?it/s]
100%|██████████| 1/1 [00:00<00:00,  2.59it/s]
100%|██████████| 1/1 [00:00<00:00,  2.58it/s]

  0%|          | 0/1 [00:00<?, ?it/s]
100%|██████████| 1/1 [00:00<00:00,  2.90it/s]
100%|██████████| 1/1 [00:00<00:00,  2.90it/s]

  0%|          | 0/1 [00:00<?, ?it/s]
100%|██████████| 1/1 [00:00<00:00,  2.67it/s]
100%|██████████| 1/1 [00:00<00:00,  2.67it/s]

  0%|          | 0/1 [00:00<?, ?it/s]
100%|██████████| 1/1 [00:00<00:00,  3.06it/s]
100%|██████████| 1/1 [00:00<00:00,  3.06it/s]

  0%|          | 0/1 [00:00<?, ?it/s]
100%|██████████| 1/1 [00:00<00:00,  2.82it/s]
100%|██████████| 1/1 [00:00<00:00,  2.82it/s]

  0%|          | 0/1 [00:00<?, ?it/s]
100%|██████████| 1/1 [00:00<00:00,  2.97it/s]
100%|██████████| 1/1 [00:00<00:00,  2.97it/s]

  0%|          | 0/1 [00:00<?, ?it/s]
100%|██████████| 1/1 [00:00<00:00,  3.04it/s]
100%|██████████| 1/1 [00:00<00:00,  3.04it/s]

  0%|          | 0/1 [00:00<?, ?it/s]
100%|██████████| 1/1 [00:00<00:00,  2.51it/s]
100%|██████████| 1/1 [00:00<00:00,  2.51it/s]

  0%|          | 0/1 [00:00<?, ?it/s]
100%|██████████| 1/1 [00:00<00:00,  2.71it/s]
100%|██████████| 1/1 [00:00<00:00,  2.71it/s]

  0%|          | 0/1 [00:00<?, ?it/s]
100%|██████████| 1/1 [00:00<00:00,  2.82it/s]
100%|██████████| 1/1 [00:00<00:00,  2.81it/s]

  0%|          | 0/1 [00:00<?, ?it/s]
100%|██████████| 1/1 [00:00<00:00,  2.83it/s]
100%|██████████| 1/1 [00:00<00:00,  2.83it/s]

  0%|          | 0/1 [00:00<?, ?it/s]
100%|██████████| 1/1 [00:00<00:00,  2.82it/s]
100%|██████████| 1/1 [00:00<00:00,  2.82it/s]

  0%|          | 0/1 [00:00<?, ?it/s]
100%|██████████| 1/1 [00:00<00:00,  2.75it/s]
100%|██████████| 1/1 [00:00<00:00,  2.75it/s]

  0%|          | 0/1 [00:00<?, ?it/s]
100%|██████████| 1/1 [00:00<00:00,  3.08it/s]
100%|██████████| 1/1 [00:00<00:00,  3.07it/s]

  0%|          | 0/1 [00:00<?, ?it/s]
100%|██████████| 1/1 [00:00<00:00,  3.07it/s]
100%|██████████| 1/1 [00:00<00:00,  3.07it/s]

  0%|          | 0/1 [00:00<?, ?it/s]
100%|██████████| 1/1 [00:00<00:00,  2.80it/s]
100%|██████████| 1/1 [00:00<00:00,  2.80it/s]

  0%|          | 0/1 [00:00<?, ?it/s]
100%|██████████| 1/1 [00:00<00:00,  2.89it/s]
100%|██████████| 1/1 [00:00<00:00,  2.89it/s]

  0%|          | 0/1 [00:00<?, ?it/s]
100%|██████████| 1/1 [00:00<00:00,  2.33it/s]
100%|██████████| 1/1 [00:00<00:00,  2.32it/s]

  0%|          | 0/1 [00:00<?, ?it/s]
100%|██████████| 1/1 [00:00<00:00,  2.83it/s]
100%|██████████| 1/1 [00:00<00:00,  2.82it/s]

  0%|          | 0/1 [00:00<?, ?it/s]
100%|██████████| 1/1 [00:00<00:00,  2.96it/s]
100%|██████████| 1/1 [00:00<00:00,  2.96it/s]

  0%|          | 0/1 [00:00<?, ?it/s]
100%|██████████| 1/1 [00:00<00:00,  2.96it/s]
100%|██████████| 1/1 [00:00<00:00,  2.96it/s]

  0%|          | 0/1 [00:00<?, ?it/s]
100%|██████████| 1/1 [00:00<00:00,  2.98it/s]
100%|██████████| 1/1 [00:00<00:00,  2.97it/s]

  0%|          | 0/1 [00:00<?, ?it/s]
100%|██████████| 1/1 [00:00<00:00,  3.02it/s]
100%|██████████| 1/1 [00:00<00:00,  3.01it/s]

  0%|          | 0/1 [00:00<?, ?it/s]
100%|██████████| 1/1 [00:00<00:00,  3.08it/s]
100%|██████████| 1/1 [00:00<00:00,  3.08it/s]

  0%|          | 0/1 [00:00<?, ?it/s]
100%|██████████| 1/1 [00:00<00:00,  3.10it/s]
100%|██████████| 1/1 [00:00<00:00,  3.10it/s]

  0%|          | 0/1 [00:00<?, ?it/s]
100%|██████████| 1/1 [00:00<00:00,  3.04it/s]
100%|██████████| 1/1 [00:00<00:00,  3.04it/s]

  0%|          | 0/1 [00:00<?, ?it/s]
100%|██████████| 1/1 [00:00<00:00,  2.90it/s]
100%|██████████| 1/1 [00:00<00:00,  2.90it/s]

  0%|          | 0/1 [00:00<?, ?it/s]
100%|██████████| 1/1 [00:00<00:00,  2.99it/s]
100%|██████████| 1/1 [00:00<00:00,  2.99it/s]

  0%|          | 0/1 [00:00<?, ?it/s]
100%|██████████| 1/1 [00:00<00:00,  3.12it/s]
100%|██████████| 1/1 [00:00<00:00,  3.12it/s]

  0%|          | 0/1 [00:00<?, ?it/s]
100%|██████████| 1/1 [00:00<00:00,  2.93it/s]
100%|██████████| 1/1 [00:00<00:00,  2.92it/s]

  0%|          | 0/1 [00:00<?, ?it/s]
100%|██████████| 1/1 [00:00<00:00,  3.28it/s]
100%|██████████| 1/1 [00:00<00:00,  3.28it/s]

  0%|          | 0/1 [00:00<?, ?it/s]
100%|██████████| 1/1 [00:00<00:00,  3.07it/s]
100%|██████████| 1/1 [00:00<00:00,  3.07it/s]

  0%|          | 0/1 [00:00<?, ?it/s]
100%|██████████| 1/1 [00:00<00:00,  3.09it/s]
100%|██████████| 1/1 [00:00<00:00,  3.09it/s]

  0%|          | 0/1 [00:00<?, ?it/s]
100%|██████████| 1/1 [00:00<00:00,  3.26it/s]
100%|██████████| 1/1 [00:00<00:00,  3.25it/s]

  0%|          | 0/1 [00:00<?, ?it/s]
100%|██████████| 1/1 [00:00<00:00,  3.22it/s]
100%|██████████| 1/1 [00:00<00:00,  3.22it/s]

  0%|          | 0/1 [00:00<?, ?it/s]
100%|██████████| 1/1 [00:00<00:00,  3.09it/s]
100%|██████████| 1/1 [00:00<00:00,  3.09it/s]

  0%|          | 0/1 [00:00<?, ?it/s]
100%|██████████| 1/1 [00:00<00:00,  3.11it/s]
100%|██████████| 1/1 [00:00<00:00,  3.11it/s]

  0%|          | 0/1 [00:00<?, ?it/s]
100%|██████████| 1/1 [00:00<00:00,  3.26it/s]
100%|██████████| 1/1 [00:00<00:00,  3.26it/s]

  0%|          | 0/1 [00:00<?, ?it/s]
100%|██████████| 1/1 [00:00<00:00,  2.58it/s]
100%|██████████| 1/1 [00:00<00:00,  2.58it/s]

  0%|          | 0/1 [00:00<?, ?it/s]
100%|██████████| 1/1 [00:00<00:00,  2.72it/s]
100%|██████████| 1/1 [00:00<00:00,  2.72it/s]

  0%|          | 0/1 [00:00<?, ?it/s]
100%|██████████| 1/1 [00:00<00:00,  1.85it/s]
100%|██████████| 1/1 [00:00<00:00,  1.85it/s]

  0%|          | 0/1 [00:00<?, ?it/s]
100%|██████████| 1/1 [00:00<00:00,  2.85it/s]
100%|██████████| 1/1 [00:00<00:00,  2.85it/s]

  0%|          | 0/1 [00:00<?, ?it/s]
100%|██████████| 1/1 [00:00<00:00,  2.33it/s]
100%|██████████| 1/1 [00:00<00:00,  2.32it/s]

  0%|          | 0/1 [00:00<?, ?it/s]
100%|██████████| 1/1 [00:00<00:00,  3.08it/s]
100%|██████████| 1/1 [00:00<00:00,  3.08it/s]

  0%|          | 0/1 [00:00<?, ?it/s]
100%|██████████| 1/1 [00:00<00:00,  2.55it/s]
100%|██████████| 1/1 [00:00<00:00,  2.55it/s]

  0%|          | 0/1 [00:00<?, ?it/s]
100%|██████████| 1/1 [00:00<00:00,  2.56it/s]
100%|██████████| 1/1 [00:00<00:00,  2.56it/s]

  0%|          | 0/1 [00:00<?, ?it/s]
100%|██████████| 1/1 [00:00<00:00,  2.70it/s]
100%|██████████| 1/1 [00:00<00:00,  2.70it/s]

  0%|          | 0/1 [00:00<?, ?it/s]
100%|██████████| 1/1 [00:00<00:00,  2.94it/s]
100%|██████████| 1/1 [00:00<00:00,  2.94it/s]

  0%|          | 0/1 [00:00<?, ?it/s]
100%|██████████| 1/1 [00:00<00:00,  2.46it/s]
100%|██████████| 1/1 [00:00<00:00,  2.46it/s]

  0%|          | 0/1 [00:00<?, ?it/s]
100%|██████████| 1/1 [00:00<00:00,  3.19it/s]
100%|██████████| 1/1 [00:00<00:00,  3.18it/s]

  0%|          | 0/1 [00:00<?, ?it/s]
100%|██████████| 1/1 [00:00<00:00,  2.62it/s]
100%|██████████| 1/1 [00:00<00:00,  2.62it/s]

  0%|          | 0/1 [00:00<?, ?it/s]
100%|██████████| 1/1 [00:00<00:00,  2.66it/s]
100%|██████████| 1/1 [00:00<00:00,  2.66it/s]

  0%|          | 0/1 [00:00<?, ?it/s]
100%|██████████| 1/1 [00:00<00:00,  2.72it/s]
100%|██████████| 1/1 [00:00<00:00,  2.72it/s]

  0%|          | 0/1 [00:00<?, ?it/s]
100%|██████████| 1/1 [00:00<00:00,  2.89it/s]
100%|██████████| 1/1 [00:00<00:00,  2.89it/s]

  0%|          | 0/1 [00:00<?, ?it/s]
100%|██████████| 1/1 [00:00<00:00,  2.87it/s]
100%|██████████| 1/1 [00:00<00:00,  2.87it/s]

  0%|          | 0/1 [00:00<?, ?it/s]
100%|██████████| 1/1 [00:00<00:00,  3.06it/s]
100%|██████████| 1/1 [00:00<00:00,  3.06it/s]

  0%|          | 0/1 [00:00<?, ?it/s]
100%|██████████| 1/1 [00:00<00:00,  3.00it/s]
100%|██████████| 1/1 [00:00<00:00,  2.99it/s]

  0%|          | 0/1 [00:00<?, ?it/s]
100%|██████████| 1/1 [00:00<00:00,  2.81it/s]
100%|██████████| 1/1 [00:00<00:00,  2.81it/s]

  0%|          | 0/1 [00:00<?, ?it/s]
100%|██████████| 1/1 [00:00<00:00,  3.01it/s]
100%|██████████| 1/1 [00:00<00:00,  3.01it/s]

  0%|          | 0/1 [00:00<?, ?it/s]
100%|██████████| 1/1 [00:00<00:00,  3.03it/s]
100%|██████████| 1/1 [00:00<00:00,  3.03it/s]

  0%|          | 0/1 [00:00<?, ?it/s]
100%|██████████| 1/1 [00:00<00:00,  3.22it/s]
100%|██████████| 1/1 [00:00<00:00,  3.22it/s]

  0%|          | 0/1 [00:00<?, ?it/s]
100%|██████████| 1/1 [00:00<00:00,  3.05it/s]
100%|██████████| 1/1 [00:00<00:00,  3.05it/s]

  0%|          | 0/1 [00:00<?, ?it/s]
100%|██████████| 1/1 [00:00<00:00,  3.16it/s]
100%|██████████| 1/1 [00:00<00:00,  3.16it/s]

  0%|          | 0/1 [00:00<?, ?it/s]
100%|██████████| 1/1 [00:00<00:00,  3.20it/s]
100%|██████████| 1/1 [00:00<00:00,  3.20it/s]

  0%|          | 0/1 [00:00<?, ?it/s]
100%|██████████| 1/1 [00:00<00:00,  3.00it/s]
100%|██████████| 1/1 [00:00<00:00,  2.99it/s]

  0%|          | 0/1 [00:00<?, ?it/s]
100%|██████████| 1/1 [00:00<00:00,  2.98it/s]
100%|██████████| 1/1 [00:00<00:00,  2.98it/s]

  0%|          | 0/1 [00:00<?, ?it/s]
100%|██████████| 1/1 [00:00<00:00,  2.92it/s]
100%|██████████| 1/1 [00:00<00:00,  2.92it/s]

  0%|          | 0/1 [00:00<?, ?it/s]
100%|██████████| 1/1 [00:00<00:00,  3.27it/s]
100%|██████████| 1/1 [00:00<00:00,  3.27it/s]

  0%|          | 0/1 [00:00<?, ?it/s]
100%|██████████| 1/1 [00:00<00:00,  3.08it/s]
100%|██████████| 1/1 [00:00<00:00,  3.07it/s]

  0%|          | 0/1 [00:00<?, ?it/s]
100%|██████████| 1/1 [00:00<00:00,  3.00it/s]
100%|██████████| 1/1 [00:00<00:00,  3.00it/s]

  0%|          | 0/1 [00:00<?, ?it/s]
100%|██████████| 1/1 [00:00<00:00,  2.95it/s]
100%|██████████| 1/1 [00:00<00:00,  2.94it/s]

  0%|          | 0/1 [00:00<?, ?it/s]
100%|██████████| 1/1 [00:00<00:00,  2.83it/s]
100%|██████████| 1/1 [00:00<00:00,  2.83it/s]

  0%|          | 0/1 [00:00<?, ?it/s]
100%|██████████| 1/1 [00:00<00:00,  2.98it/s]
100%|██████████| 1/1 [00:00<00:00,  2.98it/s]

  0%|          | 0/1 [00:00<?, ?it/s]
100%|██████████| 1/1 [00:00<00:00,  3.14it/s]
100%|██████████| 1/1 [00:00<00:00,  3.13it/s]

  0%|          | 0/1 [00:00<?, ?it/s]
100%|██████████| 1/1 [00:00<00:00,  2.90it/s]
100%|██████████| 1/1 [00:00<00:00,  2.90it/s]

  0%|          | 0/1 [00:00<?, ?it/s]
100%|██████████| 1/1 [00:00<00:00,  2.92it/s]
100%|██████████| 1/1 [00:00<00:00,  2.92it/s]

  0%|          | 0/1 [00:00<?, ?it/s]
100%|██████████| 1/1 [00:00<00:00,  3.12it/s]
100%|██████████| 1/1 [00:00<00:00,  3.12it/s]

  0%|          | 0/1 [00:00<?, ?it/s]
100%|██████████| 1/1 [00:00<00:00,  3.04it/s]
100%|██████████| 1/1 [00:00<00:00,  3.04it/s]

  0%|          | 0/1 [00:00<?, ?it/s]
100%|██████████| 1/1 [00:00<00:00,  3.09it/s]
100%|██████████| 1/1 [00:00<00:00,  3.09it/s]

  0%|          | 0/1 [00:00<?, ?it/s]
100%|██████████| 1/1 [00:00<00:00,  3.09it/s]
100%|██████████| 1/1 [00:00<00:00,  3.09it/s]

  0%|          | 0/1 [00:00<?, ?it/s]
100%|██████████| 1/1 [00:00<00:00,  2.81it/s]
100%|██████████| 1/1 [00:00<00:00,  2.81it/s]

  0%|          | 0/1 [00:00<?, ?it/s]
100%|██████████| 1/1 [00:00<00:00,  3.16it/s]
100%|██████████| 1/1 [00:00<00:00,  3.16it/s]

  0%|          | 0/1 [00:00<?, ?it/s]
100%|██████████| 1/1 [00:00<00:00,  3.01it/s]
100%|██████████| 1/1 [00:00<00:00,  3.00it/s]

  0%|          | 0/1 [00:00<?, ?it/s]
100%|██████████| 1/1 [00:00<00:00,  2.91it/s]
100%|██████████| 1/1 [00:00<00:00,  2.90it/s]

  0%|          | 0/1 [00:00<?, ?it/s]
100%|██████████| 1/1 [00:00<00:00,  3.17it/s]
100%|██████████| 1/1 [00:00<00:00,  3.17it/s]

  0%|          | 0/1 [00:00<?, ?it/s]
100%|██████████| 1/1 [00:00<00:00,  3.20it/s]
100%|██████████| 1/1 [00:00<00:00,  3.20it/s]

  0%|          | 0/1 [00:00<?, ?it/s]
100%|██████████| 1/1 [00:00<00:00,  3.10it/s]
100%|██████████| 1/1 [00:00<00:00,  3.10it/s]

  0%|          | 0/1 [00:00<?, ?it/s]
100%|██████████| 1/1 [00:00<00:00,  3.09it/s]
100%|██████████| 1/1 [00:00<00:00,  3.09it/s]

  0%|          | 0/1 [00:00<?, ?it/s]
100%|██████████| 1/1 [00:00<00:00,  3.19it/s]
100%|██████████| 1/1 [00:00<00:00,  3.19it/s]

  0%|          | 0/1 [00:00<?, ?it/s]
100%|██████████| 1/1 [00:00<00:00,  3.09it/s]
100%|██████████| 1/1 [00:00<00:00,  3.09it/s]

  0%|          | 0/1 [00:00<?, ?it/s]
100%|██████████| 1/1 [00:00<00:00,  3.17it/s]
100%|██████████| 1/1 [00:00<00:00,  3.17it/s]

  0%|          | 0/1 [00:00<?, ?it/s]
100%|██████████| 1/1 [00:00<00:00,  3.17it/s]
100%|██████████| 1/1 [00:00<00:00,  3.17it/s]

  0%|          | 0/1 [00:00<?, ?it/s]
100%|██████████| 1/1 [00:00<00:00,  2.92it/s]
100%|██████████| 1/1 [00:00<00:00,  2.92it/s]

  0%|          | 0/1 [00:00<?, ?it/s]
100%|██████████| 1/1 [00:00<00:00,  2.71it/s]
100%|██████████| 1/1 [00:00<00:00,  2.71it/s]

  0%|          | 0/1 [00:00<?, ?it/s]
100%|██████████| 1/1 [00:00<00:00,  3.04it/s]
100%|██████████| 1/1 [00:00<00:00,  3.04it/s]

  0%|          | 0/1 [00:00<?, ?it/s]
100%|██████████| 1/1 [00:00<00:00,  3.30it/s]
100%|██████████| 1/1 [00:00<00:00,  3.30it/s]

  0%|          | 0/1 [00:00<?, ?it/s]
100%|██████████| 1/1 [00:00<00:00,  2.81it/s]
100%|██████████| 1/1 [00:00<00:00,  2.81it/s]

  0%|          | 0/1 [00:00<?, ?it/s]
100%|██████████| 1/1 [00:00<00:00,  3.27it/s]
100%|██████████| 1/1 [00:00<00:00,  3.26it/s]

  0%|          | 0/1 [00:00<?, ?it/s]
100%|██████████| 1/1 [00:00<00:00,  3.05it/s]
100%|██████████| 1/1 [00:00<00:00,  3.05it/s]

  0%|          | 0/1 [00:00<?, ?it/s]
100%|██████████| 1/1 [00:00<00:00,  3.08it/s]
100%|██████████| 1/1 [00:00<00:00,  3.08it/s]

  0%|          | 0/1 [00:00<?, ?it/s]
100%|██████████| 1/1 [00:00<00:00,  3.20it/s]
100%|██████████| 1/1 [00:00<00:00,  3.20it/s]

  0%|          | 0/1 [00:00<?, ?it/s]
100%|██████████| 1/1 [00:00<00:00,  3.16it/s]
100%|██████████| 1/1 [00:00<00:00,  3.15it/s]

  0%|          | 0/1 [00:00<?, ?it/s]
100%|██████████| 1/1 [00:00<00:00,  3.34it/s]
100%|██████████| 1/1 [00:00<00:00,  3.33it/s]

  0%|          | 0/1 [00:00<?, ?it/s]
100%|██████████| 1/1 [00:00<00:00,  3.42it/s]
100%|██████████| 1/1 [00:00<00:00,  3.42it/s]

  0%|          | 0/1 [00:00<?, ?it/s]
100%|██████████| 1/1 [00:00<00:00,  3.40it/s]
100%|██████████| 1/1 [00:00<00:00,  3.39it/s]

  0%|          | 0/1 [00:00<?, ?it/s]
100%|██████████| 1/1 [00:00<00:00,  3.53it/s]
100%|██████████| 1/1 [00:00<00:00,  3.53it/s]

  0%|          | 0/1 [00:00<?, ?it/s]
100%|██████████| 1/1 [00:00<00:00,  3.57it/s]
100%|██████████| 1/1 [00:00<00:00,  3.57it/s]

  0%|          | 0/1 [00:00<?, ?it/s]
100%|██████████| 1/1 [00:00<00:00,  3.59it/s]
100%|██████████| 1/1 [00:00<00:00,  3.59it/s]

  0%|          | 0/1 [00:00<?, ?it/s]
100%|██████████| 1/1 [00:00<00:00,  3.64it/s]
100%|██████████| 1/1 [00:00<00:00,  3.64it/s]

  0%|          | 0/1 [00:00<?, ?it/s]
100%|██████████| 1/1 [00:00<00:00,  3.65it/s]
100%|██████████| 1/1 [00:00<00:00,  3.65it/s]

  0%|          | 0/1 [00:00<?, ?it/s]
100%|██████████| 1/1 [00:00<00:00,  3.71it/s]
100%|██████████| 1/1 [00:00<00:00,  3.71it/s]

  0%|          | 0/1 [00:00<?, ?it/s]
100%|██████████| 1/1 [00:00<00:00,  3.42it/s]
100%|██████████| 1/1 [00:00<00:00,  3.42it/s]

  0%|          | 0/1 [00:00<?, ?it/s]
100%|██████████| 1/1 [00:00<00:00,  3.27it/s]
100%|██████████| 1/1 [00:00<00:00,  3.27it/s]

  0%|          | 0/1 [00:00<?, ?it/s]
100%|██████████| 1/1 [00:00<00:00,  2.98it/s]
100%|██████████| 1/1 [00:00<00:00,  2.98it/s]

  0%|          | 0/1 [00:00<?, ?it/s]
100%|██████████| 1/1 [00:00<00:00,  2.94it/s]
100%|██████████| 1/1 [00:00<00:00,  2.94it/s]

  0%|          | 0/1 [00:00<?, ?it/s]
100%|██████████| 1/1 [00:00<00:00,  3.34it/s]
100%|██████████| 1/1 [00:00<00:00,  3.34it/s]

  0%|          | 0/1 [00:00<?, ?it/s]
100%|██████████| 1/1 [00:00<00:00,  3.00it/s]
100%|██████████| 1/1 [00:00<00:00,  3.00it/s]

  0%|          | 0/1 [00:00<?, ?it/s]
100%|██████████| 1/1 [00:00<00:00,  3.18it/s]
100%|██████████| 1/1 [00:00<00:00,  3.18it/s]

  0%|          | 0/1 [00:00<?, ?it/s]
100%|██████████| 1/1 [00:00<00:00,  3.98it/s]
100%|██████████| 1/1 [00:00<00:00,  3.98it/s]

  0%|          | 0/1 [00:00<?, ?it/s]
100%|██████████| 1/1 [00:00<00:00,  3.97it/s]
100%|██████████| 1/1 [00:00<00:00,  3.97it/s]

  0%|          | 0/1 [00:00<?, ?it/s]
100%|██████████| 1/1 [00:00<00:00,  4.59it/s]
100%|██████████| 1/1 [00:00<00:00,  4.59it/s]

  0%|          | 0/1 [00:00<?, ?it/s]
100%|██████████| 1/1 [00:00<00:00,  4.95it/s]
100%|██████████| 1/1 [00:00<00:00,  4.94it/s]

  0%|          | 0/1 [00:00<?, ?it/s]
100%|██████████| 1/1 [00:00<00:00,  5.21it/s]
100%|██████████| 1/1 [00:00<00:00,  5.20it/s]

  0%|          | 0/1 [00:00<?, ?it/s]
100%|██████████| 1/1 [00:00<00:00,  4.72it/s]
100%|██████████| 1/1 [00:00<00:00,  4.72it/s]

  0%|          | 0/1 [00:00<?, ?it/s]
100%|██████████| 1/1 [00:00<00:00,  4.71it/s]
100%|██████████| 1/1 [00:00<00:00,  4.71it/s]

  0%|          | 0/1 [00:00<?, ?it/s]
100%|██████████| 1/1 [00:00<00:00,  4.50it/s]
100%|██████████| 1/1 [00:00<00:00,  4.50it/s]

  0%|          | 0/1 [00:00<?, ?it/s]
100%|██████████| 1/1 [00:00<00:00,  4.65it/s]
100%|██████████| 1/1 [00:00<00:00,  4.65it/s]

  0%|          | 0/1 [00:00<?, ?it/s]
100%|██████████| 1/1 [00:00<00:00,  4.74it/s]
100%|██████████| 1/1 [00:00<00:00,  4.74it/s]

  0%|          | 0/1 [00:00<?, ?it/s]
100%|██████████| 1/1 [00:00<00:00,  4.62it/s]
100%|██████████| 1/1 [00:00<00:00,  4.62it/s]

  0%|          | 0/1 [00:00<?, ?it/s]
100%|██████████| 1/1 [00:00<00:00,  2.18it/s]
100%|██████████| 1/1 [00:00<00:00,  2.18it/s]

  0%|          | 0/1 [00:00<?, ?it/s]
100%|██████████| 1/1 [00:00<00:00,  3.73it/s]
100%|██████████| 1/1 [00:00<00:00,  3.73it/s]

  0%|          | 0/1 [00:00<?, ?it/s]
100%|██████████| 1/1 [00:00<00:00,  2.25it/s]
100%|██████████| 1/1 [00:00<00:00,  2.25it/s]

  0%|          | 0/1 [00:00<?, ?it/s]
100%|██████████| 1/1 [00:00<00:00,  3.53it/s]
100%|██████████| 1/1 [00:00<00:00,  3.53it/s]

  0%|          | 0/1 [00:00<?, ?it/s]
100%|██████████| 1/1 [00:00<00:00,  2.09it/s]
100%|██████████| 1/1 [00:00<00:00,  2.09it/s]

  0%|          | 0/1 [00:00<?, ?it/s]
100%|██████████| 1/1 [00:00<00:00,  3.81it/s]
100%|██████████| 1/1 [00:00<00:00,  3.81it/s]

  0%|          | 0/1 [00:00<?, ?it/s]
100%|██████████| 1/1 [00:00<00:00,  1.47it/s]
100%|██████████| 1/1 [00:00<00:00,  1.47it/s]

  0%|          | 0/1 [00:00<?, ?it/s]
100%|██████████| 1/1 [00:00<00:00,  3.72it/s]
100%|██████████| 1/1 [00:00<00:00,  3.71it/s]

  0%|          | 0/1 [00:00<?, ?it/s]
100%|██████████| 1/1 [00:00<00:00,  1.94it/s]
100%|██████████| 1/1 [00:00<00:00,  1.94it/s]

  0%|          | 0/1 [00:00<?, ?it/s]
100%|██████████| 1/1 [00:00<00:00,  4.40it/s]
100%|██████████| 1/1 [00:00<00:00,  4.40it/s]

  0%|          | 0/1 [00:00<?, ?it/s]
100%|██████████| 1/1 [00:00<00:00,  3.69it/s]
100%|██████████| 1/1 [00:00<00:00,  3.68it/s]

  0%|          | 0/1 [00:00<?, ?it/s]
100%|██████████| 1/1 [00:00<00:00,  3.86it/s]
100%|██████████| 1/1 [00:00<00:00,  3.85it/s]

  0%|          | 0/1 [00:00<?, ?it/s]
100%|██████████| 1/1 [00:00<00:00,  3.59it/s]
100%|██████████| 1/1 [00:00<00:00,  3.58it/s]

  0%|          | 0/1 [00:00<?, ?it/s]
100%|██████████| 1/1 [00:00<00:00,  4.02it/s]
100%|██████████| 1/1 [00:00<00:00,  4.01it/s]

  0%|          | 0/1 [00:00<?, ?it/s]
100%|██████████| 1/1 [00:00<00:00,  4.17it/s]
100%|██████████| 1/1 [00:00<00:00,  4.17it/s]

  0%|          | 0/1 [00:00<?, ?it/s]
100%|██████████| 1/1 [00:00<00:00,  4.01it/s]
100%|██████████| 1/1 [00:00<00:00,  4.01it/s]

  0%|          | 0/1 [00:00<?, ?it/s]
100%|██████████| 1/1 [00:00<00:00,  4.70it/s]
100%|██████████| 1/1 [00:00<00:00,  4.70it/s]

  0%|          | 0/1 [00:00<?, ?it/s]
100%|██████████| 1/1 [00:00<00:00,  4.35it/s]
100%|██████████| 1/1 [00:00<00:00,  4.34it/s]

  0%|          | 0/1 [00:00<?, ?it/s]
100%|██████████| 1/1 [00:00<00:00,  4.39it/s]
100%|██████████| 1/1 [00:00<00:00,  4.39it/s]

  0%|          | 0/1 [00:00<?, ?it/s]
100%|██████████| 1/1 [00:00<00:00,  4.90it/s]
100%|██████████| 1/1 [00:00<00:00,  4.90it/s]

  0%|          | 0/1 [00:00<?, ?it/s]
100%|██████████| 1/1 [00:00<00:00,  4.77it/s]
100%|██████████| 1/1 [00:00<00:00,  4.77it/s]

  0%|          | 0/1 [00:00<?, ?it/s]
100%|██████████| 1/1 [00:00<00:00,  4.87it/s]
100%|██████████| 1/1 [00:00<00:00,  4.86it/s]

  0%|          | 0/1 [00:00<?, ?it/s]
100%|██████████| 1/1 [00:00<00:00,  4.91it/s]
100%|██████████| 1/1 [00:00<00:00,  4.91it/s]

  0%|          | 0/1 [00:00<?, ?it/s]
100%|██████████| 1/1 [00:00<00:00,  4.91it/s]
100%|██████████| 1/1 [00:00<00:00,  4.90it/s]

  0%|          | 0/1 [00:00<?, ?it/s]
100%|██████████| 1/1 [00:00<00:00,  4.44it/s]
100%|██████████| 1/1 [00:00<00:00,  4.43it/s]

  0%|          | 0/1 [00:00<?, ?it/s]
100%|██████████| 1/1 [00:00<00:00,  4.24it/s]
100%|██████████| 1/1 [00:00<00:00,  4.23it/s]

  0%|          | 0/1 [00:00<?, ?it/s]
100%|██████████| 1/1 [00:00<00:00,  4.58it/s]
100%|██████████| 1/1 [00:00<00:00,  4.58it/s]

  0%|          | 0/1 [00:00<?, ?it/s]
100%|██████████| 1/1 [00:00<00:00,  4.51it/s]
100%|██████████| 1/1 [00:00<00:00,  4.50it/s]

  0%|          | 0/1 [00:00<?, ?it/s]
100%|██████████| 1/1 [00:00<00:00,  4.31it/s]
100%|██████████| 1/1 [00:00<00:00,  4.30it/s]

  0%|          | 0/1 [00:00<?, ?it/s]
100%|██████████| 1/1 [00:00<00:00,  5.03it/s]
100%|██████████| 1/1 [00:00<00:00,  5.03it/s]

  0%|          | 0/1 [00:00<?, ?it/s]
100%|██████████| 1/1 [00:00<00:00,  4.77it/s]
100%|██████████| 1/1 [00:00<00:00,  4.76it/s]

  0%|          | 0/1 [00:00<?, ?it/s]
100%|██████████| 1/1 [00:00<00:00,  5.33it/s]
100%|██████████| 1/1 [00:00<00:00,  5.32it/s]

  0%|          | 0/1 [00:00<?, ?it/s]
100%|██████████| 1/1 [00:00<00:00,  5.29it/s]
100%|██████████| 1/1 [00:00<00:00,  5.28it/s]

  0%|          | 0/1 [00:00<?, ?it/s]
100%|██████████| 1/1 [00:00<00:00,  5.21it/s]
100%|██████████| 1/1 [00:00<00:00,  5.20it/s]

  0%|          | 0/1 [00:00<?, ?it/s]
100%|██████████| 1/1 [00:00<00:00,  5.27it/s]
100%|██████████| 1/1 [00:00<00:00,  5.26it/s]

  0%|          | 0/1 [00:00<?, ?it/s]
100%|██████████| 1/1 [00:00<00:00,  5.24it/s]
100%|██████████| 1/1 [00:00<00:00,  5.23it/s]

  0%|          | 0/1 [00:00<?, ?it/s]
100%|██████████| 1/1 [00:00<00:00,  5.08it/s]
100%|██████████| 1/1 [00:00<00:00,  5.08it/s]

  0%|          | 0/1 [00:00<?, ?it/s]
100%|██████████| 1/1 [00:00<00:00,  4.59it/s]
100%|██████████| 1/1 [00:00<00:00,  4.58it/s]

  0%|          | 0/1 [00:00<?, ?it/s]
100%|██████████| 1/1 [00:00<00:00,  4.31it/s]
100%|██████████| 1/1 [00:00<00:00,  4.31it/s]

  0%|          | 0/1 [00:00<?, ?it/s]
100%|██████████| 1/1 [00:00<00:00,  4.61it/s]
100%|██████████| 1/1 [00:00<00:00,  4.61it/s]

  0%|          | 0/1 [00:00<?, ?it/s]
100%|██████████| 1/1 [00:00<00:00,  5.37it/s]
100%|██████████| 1/1 [00:00<00:00,  5.37it/s]

  0%|          | 0/1 [00:00<?, ?it/s]
100%|██████████| 1/1 [00:00<00:00,  5.27it/s]
100%|██████████| 1/1 [00:00<00:00,  5.27it/s]

  0%|          | 0/1 [00:00<?, ?it/s]
100%|██████████| 1/1 [00:00<00:00,  5.38it/s]
100%|██████████| 1/1 [00:00<00:00,  5.37it/s]

  0%|          | 0/1 [00:00<?, ?it/s]
100%|██████████| 1/1 [00:00<00:00,  5.30it/s]
100%|██████████| 1/1 [00:00<00:00,  5.30it/s]

  0%|          | 0/1 [00:00<?, ?it/s]
100%|██████████| 1/1 [00:00<00:00,  3.09it/s]
100%|██████████| 1/1 [00:00<00:00,  3.09it/s]

  0%|          | 0/1 [00:00<?, ?it/s]
100%|██████████| 1/1 [00:00<00:00,  3.81it/s]
100%|██████████| 1/1 [00:00<00:00,  3.81it/s]

  0%|          | 0/1 [00:00<?, ?it/s]
100%|██████████| 1/1 [00:00<00:00,  3.76it/s]
100%|██████████| 1/1 [00:00<00:00,  3.75it/s]

  0%|          | 0/1 [00:00<?, ?it/s]
100%|██████████| 1/1 [00:00<00:00,  4.77it/s]
100%|██████████| 1/1 [00:00<00:00,  4.77it/s]

  0%|          | 0/1 [00:00<?, ?it/s]
100%|██████████| 1/1 [00:00<00:00,  4.63it/s]
100%|██████████| 1/1 [00:00<00:00,  4.62it/s]

  0%|          | 0/1 [00:00<?, ?it/s]
100%|██████████| 1/1 [00:00<00:00,  4.38it/s]
100%|██████████| 1/1 [00:00<00:00,  4.38it/s]

  0%|          | 0/1 [00:00<?, ?it/s]
100%|██████████| 1/1 [00:00<00:00,  4.80it/s]
100%|██████████| 1/1 [00:00<00:00,  4.79it/s]

  0%|          | 0/1 [00:00<?, ?it/s]
100%|██████████| 1/1 [00:00<00:00,  4.75it/s]
100%|██████████| 1/1 [00:00<00:00,  4.74it/s]

  0%|          | 0/1 [00:00<?, ?it/s]
100%|██████████| 1/1 [00:00<00:00,  4.74it/s]
100%|██████████| 1/1 [00:00<00:00,  4.74it/s]

  0%|          | 0/1 [00:00<?, ?it/s]
100%|██████████| 1/1 [00:00<00:00,  4.58it/s]
100%|██████████| 1/1 [00:00<00:00,  4.58it/s]

  0%|          | 0/1 [00:00<?, ?it/s]
100%|██████████| 1/1 [00:00<00:00,  4.76it/s]
100%|██████████| 1/1 [00:00<00:00,  4.76it/s]

  0%|          | 0/1 [00:00<?, ?it/s]
100%|██████████| 1/1 [00:00<00:00,  4.84it/s]
100%|██████████| 1/1 [00:00<00:00,  4.84it/s]

  0%|          | 0/1 [00:00<?, ?it/s]
100%|██████████| 1/1 [00:00<00:00,  4.48it/s]
100%|██████████| 1/1 [00:00<00:00,  4.48it/s]

  0%|          | 0/1 [00:00<?, ?it/s]
100%|██████████| 1/1 [00:00<00:00,  4.70it/s]
100%|██████████| 1/1 [00:00<00:00,  4.69it/s]

  0%|          | 0/1 [00:00<?, ?it/s]
100%|██████████| 1/1 [00:00<00:00,  4.90it/s]
100%|██████████| 1/1 [00:00<00:00,  4.90it/s]

  0%|          | 0/1 [00:00<?, ?it/s]
100%|██████████| 1/1 [00:00<00:00,  4.02it/s]
100%|██████████| 1/1 [00:00<00:00,  4.01it/s]

  0%|          | 0/1 [00:00<?, ?it/s]
100%|██████████| 1/1 [00:00<00:00,  3.49it/s]
100%|██████████| 1/1 [00:00<00:00,  3.48it/s]

  0%|          | 0/1 [00:00<?, ?it/s]
100%|██████████| 1/1 [00:00<00:00,  3.95it/s]
100%|██████████| 1/1 [00:00<00:00,  3.95it/s]

  0%|          | 0/1 [00:00<?, ?it/s]
100%|██████████| 1/1 [00:00<00:00,  4.12it/s]
100%|██████████| 1/1 [00:00<00:00,  4.12it/s]

  0%|          | 0/1 [00:00<?, ?it/s]
100%|██████████| 1/1 [00:00<00:00,  4.08it/s]
100%|██████████| 1/1 [00:00<00:00,  4.07it/s]

  0%|          | 0/1 [00:00<?, ?it/s]
100%|██████████| 1/1 [00:00<00:00,  4.20it/s]
100%|██████████| 1/1 [00:00<00:00,  4.19it/s]

  0%|          | 0/1 [00:00<?, ?it/s]
100%|██████████| 1/1 [00:00<00:00,  4.48it/s]
100%|██████████| 1/1 [00:00<00:00,  4.48it/s]

  0%|          | 0/1 [00:00<?, ?it/s]
100%|██████████| 1/1 [00:00<00:00,  4.77it/s]
100%|██████████| 1/1 [00:00<00:00,  4.77it/s]

  0%|          | 0/1 [00:00<?, ?it/s]
100%|██████████| 1/1 [00:00<00:00,  4.57it/s]
100%|██████████| 1/1 [00:00<00:00,  4.57it/s]

  0%|          | 0/1 [00:00<?, ?it/s]
100%|██████████| 1/1 [00:00<00:00,  3.70it/s]
100%|██████████| 1/1 [00:00<00:00,  3.69it/s]

  0%|          | 0/1 [00:00<?, ?it/s]
100%|██████████| 1/1 [00:00<00:00,  3.43it/s]
100%|██████████| 1/1 [00:00<00:00,  3.43it/s]

  0%|          | 0/1 [00:00<?, ?it/s]
100%|██████████| 1/1 [00:00<00:00,  4.17it/s]
100%|██████████| 1/1 [00:00<00:00,  4.17it/s]

  0%|          | 0/1 [00:00<?, ?it/s]
100%|██████████| 1/1 [00:00<00:00,  4.80it/s]
100%|██████████| 1/1 [00:00<00:00,  4.80it/s]

  0%|          | 0/1 [00:00<?, ?it/s]
100%|██████████| 1/1 [00:00<00:00,  4.59it/s]
100%|██████████| 1/1 [00:00<00:00,  4.58it/s]

  0%|          | 0/1 [00:00<?, ?it/s]
100%|██████████| 1/1 [00:00<00:00,  4.56it/s]
100%|██████████| 1/1 [00:00<00:00,  4.56it/s]

  0%|          | 0/1 [00:00<?, ?it/s]
100%|██████████| 1/1 [00:00<00:00,  4.58it/s]
100%|██████████| 1/1 [00:00<00:00,  4.57it/s]

  0%|          | 0/1 [00:00<?, ?it/s]
100%|██████████| 1/1 [00:00<00:00,  4.32it/s]
100%|██████████| 1/1 [00:00<00:00,  4.31it/s]

  0%|          | 0/1 [00:00<?, ?it/s]
100%|██████████| 1/1 [00:00<00:00,  5.08it/s]
100%|██████████| 1/1 [00:00<00:00,  5.08it/s]

  0%|          | 0/1 [00:00<?, ?it/s]
100%|██████████| 1/1 [00:00<00:00,  4.69it/s]
100%|██████████| 1/1 [00:00<00:00,  4.69it/s]

  0%|          | 0/1 [00:00<?, ?it/s]
100%|██████████| 1/1 [00:00<00:00,  5.10it/s]
100%|██████████| 1/1 [00:00<00:00,  5.10it/s]

  0%|          | 0/1 [00:00<?, ?it/s]
100%|██████████| 1/1 [00:00<00:00,  4.97it/s]
100%|██████████| 1/1 [00:00<00:00,  4.97it/s]

  0%|          | 0/1 [00:00<?, ?it/s]
100%|██████████| 1/1 [00:00<00:00,  4.99it/s]
100%|██████████| 1/1 [00:00<00:00,  4.98it/s]

  0%|          | 0/1 [00:00<?, ?it/s]
100%|██████████| 1/1 [00:00<00:00,  4.86it/s]
100%|██████████| 1/1 [00:00<00:00,  4.85it/s]

  0%|          | 0/1 [00:00<?, ?it/s]
100%|██████████| 1/1 [00:00<00:00,  3.96it/s]
100%|██████████| 1/1 [00:00<00:00,  3.96it/s]

  0%|          | 0/1 [00:00<?, ?it/s]
100%|██████████| 1/1 [00:00<00:00,  4.94it/s]
100%|██████████| 1/1 [00:00<00:00,  4.94it/s]

  0%|          | 0/1 [00:00<?, ?it/s]
100%|██████████| 1/1 [00:00<00:00,  4.91it/s]
100%|██████████| 1/1 [00:00<00:00,  4.90it/s]

  0%|          | 0/1 [00:00<?, ?it/s]
100%|██████████| 1/1 [00:00<00:00,  4.46it/s]
100%|██████████| 1/1 [00:00<00:00,  4.46it/s]

  0%|          | 0/1 [00:00<?, ?it/s]
100%|██████████| 1/1 [00:00<00:00,  4.03it/s]
100%|██████████| 1/1 [00:00<00:00,  4.03it/s]

  0%|          | 0/1 [00:00<?, ?it/s]
100%|██████████| 1/1 [00:00<00:00,  3.80it/s]
100%|██████████| 1/1 [00:00<00:00,  3.79it/s]

  0%|          | 0/1 [00:00<?, ?it/s]
100%|██████████| 1/1 [00:00<00:00,  4.11it/s]
100%|██████████| 1/1 [00:00<00:00,  4.11it/s]

  0%|          | 0/1 [00:00<?, ?it/s]
100%|██████████| 1/1 [00:00<00:00,  4.38it/s]
100%|██████████| 1/1 [00:00<00:00,  4.38it/s]

  0%|          | 0/1 [00:00<?, ?it/s]
100%|██████████| 1/1 [00:00<00:00,  4.20it/s]
100%|██████████| 1/1 [00:00<00:00,  4.20it/s]

  0%|          | 0/1 [00:00<?, ?it/s]
100%|██████████| 1/1 [00:00<00:00,  5.02it/s]
100%|██████████| 1/1 [00:00<00:00,  5.02it/s]

  0%|          | 0/1 [00:00<?, ?it/s]
100%|██████████| 1/1 [00:00<00:00,  4.77it/s]
100%|██████████| 1/1 [00:00<00:00,  4.77it/s]

  0%|          | 0/1 [00:00<?, ?it/s]
100%|██████████| 1/1 [00:00<00:00,  4.48it/s]
100%|██████████| 1/1 [00:00<00:00,  4.48it/s]

  0%|          | 0/1 [00:00<?, ?it/s]
100%|██████████| 1/1 [00:00<00:00,  4.19it/s]
100%|██████████| 1/1 [00:00<00:00,  4.19it/s]

  0%|          | 0/1 [00:00<?, ?it/s]
100%|██████████| 1/1 [00:00<00:00,  4.38it/s]
100%|██████████| 1/1 [00:00<00:00,  4.37it/s]

  0%|          | 0/1 [00:00<?, ?it/s]
100%|██████████| 1/1 [00:00<00:00,  4.53it/s]
100%|██████████| 1/1 [00:00<00:00,  4.52it/s]

  0%|          | 0/1 [00:00<?, ?it/s]
100%|██████████| 1/1 [00:00<00:00,  4.79it/s]
100%|██████████| 1/1 [00:00<00:00,  4.79it/s]

  0%|          | 0/1 [00:00<?, ?it/s]
100%|██████████| 1/1 [00:00<00:00,  4.33it/s]
100%|██████████| 1/1 [00:00<00:00,  4.33it/s]

  0%|          | 0/1 [00:00<?, ?it/s]
100%|██████████| 1/1 [00:00<00:00,  4.65it/s]
100%|██████████| 1/1 [00:00<00:00,  4.65it/s]

  0%|          | 0/1 [00:00<?, ?it/s]
100%|██████████| 1/1 [00:00<00:00,  4.63it/s]
100%|██████████| 1/1 [00:00<00:00,  4.62it/s]

  0%|          | 0/1 [00:00<?, ?it/s]
100%|██████████| 1/1 [00:00<00:00,  4.52it/s]
100%|██████████| 1/1 [00:00<00:00,  4.52it/s]

  0%|          | 0/1 [00:00<?, ?it/s]
100%|██████████| 1/1 [00:00<00:00,  4.18it/s]
100%|██████████| 1/1 [00:00<00:00,  4.18it/s]

  0%|          | 0/1 [00:00<?, ?it/s]
100%|██████████| 1/1 [00:00<00:00,  4.80it/s]
100%|██████████| 1/1 [00:00<00:00,  4.80it/s]

  0%|          | 0/1 [00:00<?, ?it/s]
100%|██████████| 1/1 [00:00<00:00,  4.59it/s]
100%|██████████| 1/1 [00:00<00:00,  4.58it/s]

  0%|          | 0/1 [00:00<?, ?it/s]
100%|██████████| 1/1 [00:00<00:00,  4.46it/s]
100%|██████████| 1/1 [00:00<00:00,  4.45it/s]

  0%|          | 0/1 [00:00<?, ?it/s]
100%|██████████| 1/1 [00:00<00:00,  4.66it/s]
100%|██████████| 1/1 [00:00<00:00,  4.66it/s]

  0%|          | 0/1 [00:00<?, ?it/s]
100%|██████████| 1/1 [00:00<00:00,  4.17it/s]
100%|██████████| 1/1 [00:00<00:00,  4.17it/s]

  0%|          | 0/1 [00:00<?, ?it/s]
100%|██████████| 1/1 [00:00<00:00,  4.60it/s]
100%|██████████| 1/1 [00:00<00:00,  4.59it/s]

  0%|          | 0/1 [00:00<?, ?it/s]
100%|██████████| 1/1 [00:00<00:00,  4.57it/s]
100%|██████████| 1/1 [00:00<00:00,  4.56it/s]

  0%|          | 0/1 [00:00<?, ?it/s]
100%|██████████| 1/1 [00:00<00:00,  4.38it/s]
100%|██████████| 1/1 [00:00<00:00,  4.37it/s]

  0%|          | 0/1 [00:00<?, ?it/s]
100%|██████████| 1/1 [00:00<00:00,  4.54it/s]
100%|██████████| 1/1 [00:00<00:00,  4.54it/s]

  0%|          | 0/1 [00:00<?, ?it/s]
100%|██████████| 1/1 [00:00<00:00,  4.39it/s]
100%|██████████| 1/1 [00:00<00:00,  4.39it/s]

  0%|          | 0/1 [00:00<?, ?it/s]
100%|██████████| 1/1 [00:00<00:00,  4.06it/s]
100%|██████████| 1/1 [00:00<00:00,  4.06it/s]

  0%|          | 0/1 [00:00<?, ?it/s]
100%|██████████| 1/1 [00:00<00:00,  4.99it/s]
100%|██████████| 1/1 [00:00<00:00,  4.98it/s]

  0%|          | 0/1 [00:00<?, ?it/s]
100%|██████████| 1/1 [00:00<00:00,  4.91it/s]
100%|██████████| 1/1 [00:00<00:00,  4.91it/s]

  0%|          | 0/1 [00:00<?, ?it/s]
100%|██████████| 1/1 [00:00<00:00,  4.89it/s]
100%|██████████| 1/1 [00:00<00:00,  4.88it/s]

  0%|          | 0/1 [00:00<?, ?it/s]
100%|██████████| 1/1 [00:00<00:00,  4.63it/s]
100%|██████████| 1/1 [00:00<00:00,  4.62it/s]

  0%|          | 0/1 [00:00<?, ?it/s]
100%|██████████| 1/1 [00:00<00:00,  3.52it/s]
100%|██████████| 1/1 [00:00<00:00,  3.52it/s]

  0%|          | 0/1 [00:00<?, ?it/s]
100%|██████████| 1/1 [00:00<00:00,  3.98it/s]
100%|██████████| 1/1 [00:00<00:00,  3.98it/s]

  0%|          | 0/1 [00:00<?, ?it/s]
100%|██████████| 1/1 [00:00<00:00,  3.78it/s]
100%|██████████| 1/1 [00:00<00:00,  3.78it/s]

  0%|          | 0/1 [00:00<?, ?it/s]
100%|██████████| 1/1 [00:00<00:00,  4.29it/s]
100%|██████████| 1/1 [00:00<00:00,  4.29it/s]

  0%|          | 0/1 [00:00<?, ?it/s]
100%|██████████| 1/1 [00:00<00:00,  4.13it/s]
100%|██████████| 1/1 [00:00<00:00,  4.13it/s]

  0%|          | 0/1 [00:00<?, ?it/s]
100%|██████████| 1/1 [00:00<00:00,  4.31it/s]
100%|██████████| 1/1 [00:00<00:00,  4.30it/s]

  0%|          | 0/1 [00:00<?, ?it/s]
100%|██████████| 1/1 [00:00<00:00,  4.46it/s]
100%|██████████| 1/1 [00:00<00:00,  4.46it/s]

  0%|          | 0/1 [00:00<?, ?it/s]
100%|██████████| 1/1 [00:00<00:00,  4.18it/s]
100%|██████████| 1/1 [00:00<00:00,  4.17it/s]

  0%|          | 0/1 [00:00<?, ?it/s]
100%|██████████| 1/1 [00:00<00:00,  4.17it/s]
100%|██████████| 1/1 [00:00<00:00,  4.17it/s]

  0%|          | 0/1 [00:00<?, ?it/s]
100%|██████████| 1/1 [00:00<00:00,  4.65it/s]
100%|██████████| 1/1 [00:00<00:00,  4.64it/s]

  0%|          | 0/1 [00:00<?, ?it/s]
100%|██████████| 1/1 [00:00<00:00,  4.77it/s]
100%|██████████| 1/1 [00:00<00:00,  4.76it/s]

  0%|          | 0/1 [00:00<?, ?it/s]
100%|██████████| 1/1 [00:00<00:00,  4.08it/s]
100%|██████████| 1/1 [00:00<00:00,  4.07it/s]

  0%|          | 0/1 [00:00<?, ?it/s]
100%|██████████| 1/1 [00:00<00:00,  4.10it/s]
100%|██████████| 1/1 [00:00<00:00,  4.09it/s]

  0%|          | 0/1 [00:00<?, ?it/s]
100%|██████████| 1/1 [00:00<00:00,  4.66it/s]
100%|██████████| 1/1 [00:00<00:00,  4.65it/s]

  0%|          | 0/1 [00:00<?, ?it/s]
100%|██████████| 1/1 [00:00<00:00,  4.30it/s]
100%|██████████| 1/1 [00:00<00:00,  4.30it/s]

  0%|          | 0/1 [00:00<?, ?it/s]
100%|██████████| 1/1 [00:00<00:00,  4.34it/s]
100%|██████████| 1/1 [00:00<00:00,  4.33it/s]

  0%|          | 0/1 [00:00<?, ?it/s]
100%|██████████| 1/1 [00:00<00:00,  4.79it/s]
100%|██████████| 1/1 [00:00<00:00,  4.78it/s]

  0%|          | 0/1 [00:00<?, ?it/s]
100%|██████████| 1/1 [00:00<00:00,  4.32it/s]
100%|██████████| 1/1 [00:00<00:00,  4.32it/s]

  0%|          | 0/1 [00:00<?, ?it/s]
100%|██████████| 1/1 [00:00<00:00,  4.99it/s]
100%|██████████| 1/1 [00:00<00:00,  4.98it/s]

  0%|          | 0/1 [00:00<?, ?it/s]
100%|██████████| 1/1 [00:00<00:00,  4.66it/s]
100%|██████████| 1/1 [00:00<00:00,  4.66it/s]

  0%|          | 0/1 [00:00<?, ?it/s]
100%|██████████| 1/1 [00:00<00:00,  4.87it/s]
100%|██████████| 1/1 [00:00<00:00,  4.87it/s]

  0%|          | 0/1 [00:00<?, ?it/s]
100%|██████████| 1/1 [00:00<00:00,  4.95it/s]
100%|██████████| 1/1 [00:00<00:00,  4.95it/s]

  0%|          | 0/1 [00:00<?, ?it/s]
100%|██████████| 1/1 [00:00<00:00,  4.77it/s]
100%|██████████| 1/1 [00:00<00:00,  4.77it/s]

  0%|          | 0/1 [00:00<?, ?it/s]
100%|██████████| 1/1 [00:00<00:00,  5.12it/s]
100%|██████████| 1/1 [00:00<00:00,  5.11it/s]

  0%|          | 0/1 [00:00<?, ?it/s]
100%|██████████| 1/1 [00:00<00:00,  5.21it/s]
100%|██████████| 1/1 [00:00<00:00,  5.20it/s]

  0%|          | 0/1 [00:00<?, ?it/s]
100%|██████████| 1/1 [00:00<00:00,  5.01it/s]
100%|██████████| 1/1 [00:00<00:00,  5.00it/s]

  0%|          | 0/1 [00:00<?, ?it/s]
100%|██████████| 1/1 [00:00<00:00,  4.87it/s]
100%|██████████| 1/1 [00:00<00:00,  4.86it/s]

  0%|          | 0/1 [00:00<?, ?it/s]
100%|██████████| 1/1 [00:00<00:00,  4.64it/s]
100%|██████████| 1/1 [00:00<00:00,  4.64it/s]

  0%|          | 0/1 [00:00<?, ?it/s]
100%|██████████| 1/1 [00:00<00:00,  4.93it/s]
100%|██████████| 1/1 [00:00<00:00,  4.93it/s]

  0%|          | 0/1 [00:00<?, ?it/s]
100%|██████████| 1/1 [00:00<00:00,  5.00it/s]
100%|██████████| 1/1 [00:00<00:00,  5.00it/s]

  0%|          | 0/1 [00:00<?, ?it/s]
100%|██████████| 1/1 [00:00<00:00,  4.89it/s]
100%|██████████| 1/1 [00:00<00:00,  4.89it/s]

  0%|          | 0/1 [00:00<?, ?it/s]
100%|██████████| 1/1 [00:00<00:00,  4.58it/s]
100%|██████████| 1/1 [00:00<00:00,  4.58it/s]

  0%|          | 0/1 [00:00<?, ?it/s]
100%|██████████| 1/1 [00:00<00:00,  5.21it/s]
100%|██████████| 1/1 [00:00<00:00,  5.20it/s]

  0%|          | 0/1 [00:00<?, ?it/s]
100%|██████████| 1/1 [00:00<00:00,  5.15it/s]
100%|██████████| 1/1 [00:00<00:00,  5.14it/s]

  0%|          | 0/1 [00:00<?, ?it/s]
100%|██████████| 1/1 [00:00<00:00,  5.13it/s]
100%|██████████| 1/1 [00:00<00:00,  5.13it/s]

  0%|          | 0/1 [00:00<?, ?it/s]
100%|██████████| 1/1 [00:00<00:00,  5.17it/s]
100%|██████████| 1/1 [00:00<00:00,  5.17it/s]

  0%|          | 0/1 [00:00<?, ?it/s]
100%|██████████| 1/1 [00:00<00:00,  5.20it/s]
100%|██████████| 1/1 [00:00<00:00,  5.19it/s]

  0%|          | 0/1 [00:00<?, ?it/s]
100%|██████████| 1/1 [00:00<00:00,  5.15it/s]
100%|██████████| 1/1 [00:00<00:00,  5.15it/s]

  0%|          | 0/1 [00:00<?, ?it/s]
100%|██████████| 1/1 [00:00<00:00,  4.65it/s]
100%|██████████| 1/1 [00:00<00:00,  4.64it/s]

  0%|          | 0/1 [00:00<?, ?it/s]
100%|██████████| 1/1 [00:00<00:00,  3.59it/s]
100%|██████████| 1/1 [00:00<00:00,  3.59it/s]

  0%|          | 0/1 [00:00<?, ?it/s]
100%|██████████| 1/1 [00:00<00:00,  1.95it/s]
100%|██████████| 1/1 [00:00<00:00,  1.95it/s]

  0%|          | 0/1 [00:00<?, ?it/s]
100%|██████████| 1/1 [00:00<00:00,  3.97it/s]
100%|██████████| 1/1 [00:00<00:00,  3.96it/s]

  0%|          | 0/1 [00:00<?, ?it/s]
100%|██████████| 1/1 [00:00<00:00,  3.49it/s]
100%|██████████| 1/1 [00:00<00:00,  3.49it/s]

  0%|          | 0/1 [00:00<?, ?it/s]
100%|██████████| 1/1 [00:00<00:00,  3.65it/s]
100%|██████████| 1/1 [00:00<00:00,  3.65it/s]

  0%|          | 0/1 [00:00<?, ?it/s]
100%|██████████| 1/1 [00:00<00:00,  4.27it/s]
100%|██████████| 1/1 [00:00<00:00,  4.27it/s]

  0%|          | 0/1 [00:00<?, ?it/s]
100%|██████████| 1/1 [00:00<00:00,  2.05it/s]
100%|██████████| 1/1 [00:00<00:00,  2.05it/s]

  0%|          | 0/1 [00:00<?, ?it/s]
100%|██████████| 1/1 [00:00<00:00,  2.01it/s]
100%|██████████| 1/1 [00:00<00:00,  2.01it/s]

  0%|          | 0/1 [00:00<?, ?it/s]
100%|██████████| 1/1 [00:00<00:00,  4.44it/s]
100%|██████████| 1/1 [00:00<00:00,  4.44it/s]

  0%|          | 0/1 [00:00<?, ?it/s]
100%|██████████| 1/1 [00:00<00:00,  3.63it/s]
100%|██████████| 1/1 [00:00<00:00,  3.62it/s]

  0%|          | 0/1 [00:00<?, ?it/s]
100%|██████████| 1/1 [00:00<00:00,  3.84it/s]
100%|██████████| 1/1 [00:00<00:00,  3.83it/s]

  0%|          | 0/1 [00:00<?, ?it/s]
100%|██████████| 1/1 [00:00<00:00,  1.60it/s]
100%|██████████| 1/1 [00:00<00:00,  1.60it/s]

  0%|          | 0/1 [00:00<?, ?it/s]
100%|██████████| 1/1 [00:00<00:00,  3.65it/s]
100%|██████████| 1/1 [00:00<00:00,  3.64it/s]

  0%|          | 0/1 [00:00<?, ?it/s]
100%|██████████| 1/1 [00:00<00:00,  3.64it/s]
100%|██████████| 1/1 [00:00<00:00,  3.63it/s]

  0%|          | 0/1 [00:00<?, ?it/s]
100%|██████████| 1/1 [00:00<00:00,  3.83it/s]
100%|██████████| 1/1 [00:00<00:00,  3.83it/s]

  0%|          | 0/1 [00:00<?, ?it/s]
100%|██████████| 1/1 [00:00<00:00,  3.34it/s]
100%|██████████| 1/1 [00:00<00:00,  3.34it/s]

  0%|          | 0/1 [00:00<?, ?it/s]
100%|██████████| 1/1 [00:00<00:00,  3.16it/s]
100%|██████████| 1/1 [00:00<00:00,  3.16it/s]

  0%|          | 0/1 [00:00<?, ?it/s]
100%|██████████| 1/1 [00:00<00:00,  3.57it/s]
100%|██████████| 1/1 [00:00<00:00,  3.57it/s]

  0%|          | 0/1 [00:00<?, ?it/s]
100%|██████████| 1/1 [00:00<00:00,  2.76it/s]
100%|██████████| 1/1 [00:00<00:00,  2.75it/s]

  0%|          | 0/1 [00:00<?, ?it/s]
100%|██████████| 1/1 [00:00<00:00,  3.73it/s]
100%|██████████| 1/1 [00:00<00:00,  3.72it/s]

  0%|          | 0/1 [00:00<?, ?it/s]
100%|██████████| 1/1 [00:00<00:00,  3.65it/s]
100%|██████████| 1/1 [00:00<00:00,  3.64it/s]

  0%|          | 0/1 [00:00<?, ?it/s]
100%|██████████| 1/1 [00:00<00:00,  4.15it/s]
100%|██████████| 1/1 [00:00<00:00,  4.15it/s]

  0%|          | 0/1 [00:00<?, ?it/s]
100%|██████████| 1/1 [00:00<00:00,  4.34it/s]
100%|██████████| 1/1 [00:00<00:00,  4.34it/s]

  0%|          | 0/1 [00:00<?, ?it/s]
100%|██████████| 1/1 [00:00<00:00,  1.47it/s]
100%|██████████| 1/1 [00:00<00:00,  1.47it/s]

  0%|          | 0/1 [00:00<?, ?it/s]
100%|██████████| 1/1 [00:00<00:00,  3.85it/s]
100%|██████████| 1/1 [00:00<00:00,  3.85it/s]

  0%|          | 0/1 [00:00<?, ?it/s]
100%|██████████| 1/1 [00:00<00:00,  3.83it/s]
100%|██████████| 1/1 [00:00<00:00,  3.83it/s]

  0%|          | 0/1 [00:00<?, ?it/s]
100%|██████████| 1/1 [00:00<00:00,  4.03it/s]
100%|██████████| 1/1 [00:00<00:00,  4.02it/s]

  0%|          | 0/1 [00:00<?, ?it/s]
100%|██████████| 1/1 [00:00<00:00,  4.19it/s]
100%|██████████| 1/1 [00:00<00:00,  4.18it/s]

  0%|          | 0/1 [00:00<?, ?it/s]
100%|██████████| 1/1 [00:00<00:00,  4.45it/s]
100%|██████████| 1/1 [00:00<00:00,  4.45it/s]

  0%|          | 0/1 [00:00<?, ?it/s]
100%|██████████| 1/1 [00:00<00:00,  4.57it/s]
100%|██████████| 1/1 [00:00<00:00,  4.57it/s]

  0%|          | 0/1 [00:00<?, ?it/s]
100%|██████████| 1/1 [00:00<00:00,  4.54it/s]
100%|██████████| 1/1 [00:00<00:00,  4.54it/s]

  0%|          | 0/1 [00:00<?, ?it/s]
100%|██████████| 1/1 [00:00<00:00,  2.79it/s]
100%|██████████| 1/1 [00:00<00:00,  2.79it/s]

  0%|          | 0/1 [00:00<?, ?it/s]
100%|██████████| 1/1 [00:00<00:00,  4.37it/s]
100%|██████████| 1/1 [00:00<00:00,  4.37it/s]

  0%|          | 0/1 [00:00<?, ?it/s]
100%|██████████| 1/1 [00:00<00:00,  3.76it/s]
100%|██████████| 1/1 [00:00<00:00,  3.76it/s]

  0%|          | 0/1 [00:00<?, ?it/s]
100%|██████████| 1/1 [00:00<00:00,  4.55it/s]
100%|██████████| 1/1 [00:00<00:00,  4.54it/s]

  0%|          | 0/1 [00:00<?, ?it/s]
100%|██████████| 1/1 [00:00<00:00,  2.16it/s]
100%|██████████| 1/1 [00:00<00:00,  2.16it/s]

  0%|          | 0/1 [00:00<?, ?it/s]
100%|██████████| 1/1 [00:00<00:00,  3.80it/s]
100%|██████████| 1/1 [00:00<00:00,  3.80it/s]

  0%|          | 0/1 [00:00<?, ?it/s]
100%|██████████| 1/1 [00:00<00:00,  3.70it/s]
100%|██████████| 1/1 [00:00<00:00,  3.70it/s]

  0%|          | 0/1 [00:00<?, ?it/s]
100%|██████████| 1/1 [00:00<00:00,  1.65it/s]
100%|██████████| 1/1 [00:00<00:00,  1.65it/s]

  0%|          | 0/1 [00:00<?, ?it/s]
100%|██████████| 1/1 [00:00<00:00,  3.12it/s]
100%|██████████| 1/1 [00:00<00:00,  3.12it/s]

  0%|          | 0/1 [00:00<?, ?it/s]
100%|██████████| 1/1 [00:00<00:00,  3.41it/s]
100%|██████████| 1/1 [00:00<00:00,  3.41it/s]

  0%|          | 0/1 [00:00<?, ?it/s]
100%|██████████| 1/1 [00:00<00:00,  4.69it/s]
100%|██████████| 1/1 [00:00<00:00,  4.68it/s]

  0%|          | 0/1 [00:00<?, ?it/s]
100%|██████████| 1/1 [00:00<00:00,  2.07it/s]
100%|██████████| 1/1 [00:00<00:00,  2.07it/s]

  0%|          | 0/1 [00:00<?, ?it/s]
100%|██████████| 1/1 [00:00<00:00,  3.19it/s]
100%|██████████| 1/1 [00:00<00:00,  3.19it/s]

  0%|          | 0/1 [00:00<?, ?it/s]
100%|██████████| 1/1 [00:00<00:00,  3.20it/s]
100%|██████████| 1/1 [00:00<00:00,  3.19it/s]

  0%|          | 0/1 [00:00<?, ?it/s]
100%|██████████| 1/1 [00:00<00:00,  3.62it/s]
100%|██████████| 1/1 [00:00<00:00,  3.62it/s]

  0%|          | 0/1 [00:00<?, ?it/s]
100%|██████████| 1/1 [00:00<00:00,  2.18it/s]
100%|██████████| 1/1 [00:00<00:00,  2.18it/s]

  0%|          | 0/1 [00:00<?, ?it/s]
100%|██████████| 1/1 [00:00<00:00,  3.64it/s]
100%|██████████| 1/1 [00:00<00:00,  3.64it/s]

  0%|          | 0/1 [00:00<?, ?it/s]
100%|██████████| 1/1 [00:01<00:00,  1.07s/it]
100%|██████████| 1/1 [00:01<00:00,  1.07s/it]

  0%|          | 0/1 [00:00<?, ?it/s]
100%|██████████| 1/1 [00:00<00:00,  1.38it/s]
100%|██████████| 1/1 [00:00<00:00,  1.38it/s]

  0%|          | 0/1 [00:00<?, ?it/s]
100%|██████████| 1/1 [00:00<00:00,  3.17it/s]
100%|██████████| 1/1 [00:00<00:00,  3.17it/s]

  0%|          | 0/1 [00:00<?, ?it/s]
100%|██████████| 1/1 [00:00<00:00,  1.33it/s]
100%|██████████| 1/1 [00:00<00:00,  1.33it/s]

  0%|          | 0/1 [00:00<?, ?it/s]
100%|██████████| 1/1 [00:00<00:00,  3.83it/s]
100%|██████████| 1/1 [00:00<00:00,  3.82it/s]

  0%|          | 0/1 [00:00<?, ?it/s]
100%|██████████| 1/1 [00:01<00:00,  1.32s/it]
100%|██████████| 1/1 [00:01<00:00,  1.32s/it]

  0%|          | 0/1 [00:00<?, ?it/s]
100%|██████████| 1/1 [00:00<00:00,  4.05it/s]
100%|██████████| 1/1 [00:00<00:00,  4.05it/s]

  0%|          | 0/1 [00:00<?, ?it/s]
100%|██████████| 1/1 [00:00<00:00,  3.35it/s]
100%|██████████| 1/1 [00:00<00:00,  3.35it/s]

  0%|          | 0/1 [00:00<?, ?it/s]
100%|██████████| 1/1 [00:00<00:00,  1.02it/s]
100%|██████████| 1/1 [00:00<00:00,  1.02it/s]

  0%|          | 0/1 [00:00<?, ?it/s]
100%|██████████| 1/1 [00:00<00:00,  1.75it/s]
100%|██████████| 1/1 [00:00<00:00,  1.75it/s]

  0%|          | 0/1 [00:00<?, ?it/s]
100%|██████████| 1/1 [00:00<00:00,  3.30it/s]
100%|██████████| 1/1 [00:00<00:00,  3.30it/s]

  0%|          | 0/1 [00:00<?, ?it/s]
100%|██████████| 1/1 [00:00<00:00,  1.04it/s]
100%|██████████| 1/1 [00:00<00:00,  1.04it/s]

  0%|          | 0/1 [00:00<?, ?it/s]
100%|██████████| 1/1 [00:00<00:00,  2.55it/s]
100%|██████████| 1/1 [00:00<00:00,  2.54it/s]

  0%|          | 0/1 [00:00<?, ?it/s]
100%|██████████| 1/1 [00:01<00:00,  1.24s/it]
100%|██████████| 1/1 [00:01<00:00,  1.24s/it]

  0%|          | 0/1 [00:00<?, ?it/s]
100%|██████████| 1/1 [00:00<00:00,  3.57it/s]
100%|██████████| 1/1 [00:00<00:00,  3.56it/s]

  0%|          | 0/1 [00:00<?, ?it/s]
100%|██████████| 1/1 [00:01<00:00,  1.10s/it]
100%|██████████| 1/1 [00:01<00:00,  1.10s/it]

  0%|          | 0/1 [00:00<?, ?it/s]
100%|██████████| 1/1 [00:00<00:00,  4.18it/s]
100%|██████████| 1/1 [00:00<00:00,  4.18it/s]

  0%|          | 0/1 [00:00<?, ?it/s]
100%|██████████| 1/1 [00:00<00:00,  2.96it/s]
100%|██████████| 1/1 [00:00<00:00,  2.95it/s]

  0%|          | 0/1 [00:00<?, ?it/s]
100%|██████████| 1/1 [00:00<00:00,  2.37it/s]
100%|██████████| 1/1 [00:00<00:00,  2.36it/s]

  0%|          | 0/1 [00:00<?, ?it/s]
100%|██████████| 1/1 [00:00<00:00,  4.49it/s]
100%|██████████| 1/1 [00:00<00:00,  4.49it/s]

  0%|          | 0/1 [00:00<?, ?it/s]
100%|██████████| 1/1 [00:00<00:00,  4.25it/s]
100%|██████████| 1/1 [00:00<00:00,  4.24it/s]

  0%|          | 0/1 [00:00<?, ?it/s]
100%|██████████| 1/1 [00:00<00:00,  3.71it/s]
100%|██████████| 1/1 [00:00<00:00,  3.71it/s]

  0%|          | 0/1 [00:00<?, ?it/s]
100%|██████████| 1/1 [00:00<00:00,  3.81it/s]
100%|██████████| 1/1 [00:00<00:00,  3.81it/s]

  0%|          | 0/1 [00:00<?, ?it/s]
100%|██████████| 1/1 [00:00<00:00,  4.33it/s]
100%|██████████| 1/1 [00:00<00:00,  4.32it/s]

  0%|          | 0/1 [00:00<?, ?it/s]
100%|██████████| 1/1 [00:00<00:00,  4.77it/s]
100%|██████████| 1/1 [00:00<00:00,  4.77it/s]

  0%|          | 0/1 [00:00<?, ?it/s]
100%|██████████| 1/1 [00:00<00:00,  4.63it/s]
100%|██████████| 1/1 [00:00<00:00,  4.62it/s]

  0%|          | 0/1 [00:00<?, ?it/s]
100%|██████████| 1/1 [00:00<00:00,  4.41it/s]
100%|██████████| 1/1 [00:00<00:00,  4.41it/s]

  0%|          | 0/1 [00:00<?, ?it/s]
100%|██████████| 1/1 [00:00<00:00,  4.43it/s]
100%|██████████| 1/1 [00:00<00:00,  4.42it/s]

  0%|          | 0/1 [00:00<?, ?it/s]
100%|██████████| 1/1 [00:00<00:00,  3.97it/s]
100%|██████████| 1/1 [00:00<00:00,  3.96it/s]

  0%|          | 0/1 [00:00<?, ?it/s]
100%|██████████| 1/1 [00:00<00:00,  4.12it/s]
100%|██████████| 1/1 [00:00<00:00,  4.12it/s]

  0%|          | 0/1 [00:00<?, ?it/s]
100%|██████████| 1/1 [00:00<00:00,  4.27it/s]
100%|██████████| 1/1 [00:00<00:00,  4.27it/s]

  0%|          | 0/1 [00:00<?, ?it/s]
100%|██████████| 1/1 [00:00<00:00,  4.46it/s]
100%|██████████| 1/1 [00:00<00:00,  4.45it/s]

  0%|          | 0/1 [00:00<?, ?it/s]
100%|██████████| 1/1 [00:00<00:00,  4.09it/s]
100%|██████████| 1/1 [00:00<00:00,  4.09it/s]

  0%|          | 0/1 [00:00<?, ?it/s]
100%|██████████| 1/1 [00:00<00:00,  4.23it/s]
100%|██████████| 1/1 [00:00<00:00,  4.23it/s]

  0%|          | 0/1 [00:00<?, ?it/s]
100%|██████████| 1/1 [00:00<00:00,  2.62it/s]
100%|██████████| 1/1 [00:00<00:00,  2.62it/s]

  0%|          | 0/1 [00:00<?, ?it/s]
100%|██████████| 1/1 [00:00<00:00,  4.54it/s]
100%|██████████| 1/1 [00:00<00:00,  4.54it/s]

  0%|          | 0/1 [00:00<?, ?it/s]
100%|██████████| 1/1 [00:00<00:00,  4.71it/s]
100%|██████████| 1/1 [00:00<00:00,  4.70it/s]

  0%|          | 0/1 [00:00<?, ?it/s]
100%|██████████| 1/1 [00:00<00:00,  3.57it/s]
100%|██████████| 1/1 [00:00<00:00,  3.56it/s]

  0%|          | 0/1 [00:00<?, ?it/s]
100%|██████████| 1/1 [00:00<00:00,  4.27it/s]
100%|██████████| 1/1 [00:00<00:00,  4.27it/s]

  0%|          | 0/1 [00:00<?, ?it/s]
100%|██████████| 1/1 [00:00<00:00,  3.80it/s]
100%|██████████| 1/1 [00:00<00:00,  3.80it/s]

  0%|          | 0/1 [00:00<?, ?it/s]
100%|██████████| 1/1 [00:00<00:00,  4.24it/s]
100%|██████████| 1/1 [00:00<00:00,  4.24it/s]

  0%|          | 0/1 [00:00<?, ?it/s]
100%|██████████| 1/1 [00:00<00:00,  4.22it/s]
100%|██████████| 1/1 [00:00<00:00,  4.22it/s]

  0%|          | 0/1 [00:00<?, ?it/s]
100%|██████████| 1/1 [00:00<00:00,  4.44it/s]
100%|██████████| 1/1 [00:00<00:00,  4.44it/s]

  0%|          | 0/1 [00:00<?, ?it/s]
100%|██████████| 1/1 [00:00<00:00,  4.54it/s]
100%|██████████| 1/1 [00:00<00:00,  4.53it/s]

  0%|          | 0/1 [00:00<?, ?it/s]
100%|██████████| 1/1 [00:00<00:00,  4.48it/s]
100%|██████████| 1/1 [00:00<00:00,  4.47it/s]

  0%|          | 0/1 [00:00<?, ?it/s]
100%|██████████| 1/1 [00:00<00:00,  4.52it/s]
100%|██████████| 1/1 [00:00<00:00,  4.51it/s]

  0%|          | 0/1 [00:00<?, ?it/s]
100%|██████████| 1/1 [00:00<00:00,  4.26it/s]
100%|██████████| 1/1 [00:00<00:00,  4.26it/s]

  0%|          | 0/1 [00:00<?, ?it/s]
100%|██████████| 1/1 [00:00<00:00,  4.47it/s]
100%|██████████| 1/1 [00:00<00:00,  4.47it/s]

  0%|          | 0/1 [00:00<?, ?it/s]
100%|██████████| 1/1 [00:00<00:00,  4.39it/s]
100%|██████████| 1/1 [00:00<00:00,  4.38it/s]

  0%|          | 0/1 [00:00<?, ?it/s]
100%|██████████| 1/1 [00:00<00:00,  4.55it/s]
100%|██████████| 1/1 [00:00<00:00,  4.55it/s]

  0%|          | 0/1 [00:00<?, ?it/s]
100%|██████████| 1/1 [00:00<00:00,  4.72it/s]
100%|██████████| 1/1 [00:00<00:00,  4.72it/s]

  0%|          | 0/1 [00:00<?, ?it/s]
100%|██████████| 1/1 [00:00<00:00,  4.67it/s]
100%|██████████| 1/1 [00:00<00:00,  4.66it/s]

  0%|          | 0/1 [00:00<?, ?it/s]
100%|██████████| 1/1 [00:00<00:00,  4.58it/s]
100%|██████████| 1/1 [00:00<00:00,  4.58it/s]

  0%|          | 0/1 [00:00<?, ?it/s]
100%|██████████| 1/1 [00:00<00:00,  4.43it/s]
100%|██████████| 1/1 [00:00<00:00,  4.42it/s]

  0%|          | 0/1 [00:00<?, ?it/s]
100%|██████████| 1/1 [00:00<00:00,  4.40it/s]
100%|██████████| 1/1 [00:00<00:00,  4.40it/s]

  0%|          | 0/1 [00:00<?, ?it/s]
100%|██████████| 1/1 [00:00<00:00,  2.31it/s]
100%|██████████| 1/1 [00:00<00:00,  2.31it/s]

  0%|          | 0/1 [00:00<?, ?it/s]
100%|██████████| 1/1 [00:00<00:00,  1.68it/s]
100%|██████████| 1/1 [00:00<00:00,  1.68it/s]

  0%|          | 0/1 [00:00<?, ?it/s]
100%|██████████| 1/1 [00:00<00:00,  2.88it/s]
100%|██████████| 1/1 [00:00<00:00,  2.88it/s]

  0%|          | 0/1 [00:00<?, ?it/s]
100%|██████████| 1/1 [00:00<00:00,  3.51it/s]
100%|██████████| 1/1 [00:00<00:00,  3.51it/s]

  0%|          | 0/1 [00:00<?, ?it/s]
100%|██████████| 1/1 [00:00<00:00,  2.54it/s]
100%|██████████| 1/1 [00:00<00:00,  2.54it/s]

  0%|          | 0/1 [00:00<?, ?it/s]
100%|██████████| 1/1 [00:00<00:00,  3.55it/s]
100%|██████████| 1/1 [00:00<00:00,  3.55it/s]

  0%|          | 0/1 [00:00<?, ?it/s]
100%|██████████| 1/1 [00:00<00:00,  1.81it/s]
100%|██████████| 1/1 [00:00<00:00,  1.81it/s]

  0%|          | 0/1 [00:00<?, ?it/s]
100%|██████████| 1/1 [00:00<00:00,  2.93it/s]
100%|██████████| 1/1 [00:00<00:00,  2.93it/s]

  0%|          | 0/1 [00:00<?, ?it/s]
100%|██████████| 1/1 [00:00<00:00,  3.05it/s]
100%|██████████| 1/1 [00:00<00:00,  3.05it/s]

  0%|          | 0/1 [00:00<?, ?it/s]
100%|██████████| 1/1 [00:00<00:00,  4.18it/s]
100%|██████████| 1/1 [00:00<00:00,  4.18it/s]

  0%|          | 0/1 [00:00<?, ?it/s]
100%|██████████| 1/1 [00:00<00:00,  2.74it/s]
100%|██████████| 1/1 [00:00<00:00,  2.73it/s]

  0%|          | 0/1 [00:00<?, ?it/s]
100%|██████████| 1/1 [00:00<00:00,  2.56it/s]
100%|██████████| 1/1 [00:00<00:00,  2.55it/s]

  0%|          | 0/1 [00:00<?, ?it/s]
100%|██████████| 1/1 [00:00<00:00,  4.21it/s]
100%|██████████| 1/1 [00:00<00:00,  4.20it/s]

  0%|          | 0/1 [00:00<?, ?it/s]
100%|██████████| 1/1 [00:00<00:00,  2.75it/s]
100%|██████████| 1/1 [00:00<00:00,  2.75it/s]

  0%|          | 0/1 [00:00<?, ?it/s]
100%|██████████| 1/1 [00:00<00:00,  3.84it/s]
100%|██████████| 1/1 [00:00<00:00,  3.83it/s]

  0%|          | 0/1 [00:00<?, ?it/s]
100%|██████████| 1/1 [00:00<00:00,  4.09it/s]
100%|██████████| 1/1 [00:00<00:00,  4.09it/s]

  0%|          | 0/1 [00:00<?, ?it/s]
100%|██████████| 1/1 [00:00<00:00,  2.44it/s]
100%|██████████| 1/1 [00:00<00:00,  2.44it/s]

  0%|          | 0/1 [00:00<?, ?it/s]
100%|██████████| 1/1 [00:00<00:00,  1.93it/s]
100%|██████████| 1/1 [00:00<00:00,  1.93it/s]

  0%|          | 0/1 [00:00<?, ?it/s]
100%|██████████| 1/1 [00:00<00:00,  3.54it/s]
100%|██████████| 1/1 [00:00<00:00,  3.53it/s]

  0%|          | 0/1 [00:00<?, ?it/s]
100%|██████████| 1/1 [00:00<00:00,  3.25it/s]
100%|██████████| 1/1 [00:00<00:00,  3.24it/s]

  0%|          | 0/1 [00:00<?, ?it/s]
100%|██████████| 1/1 [00:00<00:00,  3.69it/s]
100%|██████████| 1/1 [00:00<00:00,  3.69it/s]

  0%|          | 0/1 [00:00<?, ?it/s]
100%|██████████| 1/1 [00:00<00:00,  4.11it/s]
100%|██████████| 1/1 [00:00<00:00,  4.11it/s]

  0%|          | 0/1 [00:00<?, ?it/s]
100%|██████████| 1/1 [00:00<00:00,  2.98it/s]
100%|██████████| 1/1 [00:00<00:00,  2.98it/s]

  0%|          | 0/1 [00:00<?, ?it/s]
100%|██████████| 1/1 [00:00<00:00,  3.86it/s]
100%|██████████| 1/1 [00:00<00:00,  3.86it/s]

  0%|          | 0/1 [00:00<?, ?it/s]
100%|██████████| 1/1 [00:00<00:00,  4.00it/s]
100%|██████████| 1/1 [00:00<00:00,  4.00it/s]

  0%|          | 0/1 [00:00<?, ?it/s]
100%|██████████| 1/1 [00:00<00:00,  4.31it/s]
100%|██████████| 1/1 [00:00<00:00,  4.31it/s]

  0%|          | 0/1 [00:00<?, ?it/s]
100%|██████████| 1/1 [00:00<00:00,  4.61it/s]
100%|██████████| 1/1 [00:00<00:00,  4.60it/s]

  0%|          | 0/1 [00:00<?, ?it/s]
100%|██████████| 1/1 [00:00<00:00,  4.75it/s]
100%|██████████| 1/1 [00:00<00:00,  4.74it/s]

  0%|          | 0/1 [00:00<?, ?it/s]
100%|██████████| 1/1 [00:00<00:00,  4.37it/s]
100%|██████████| 1/1 [00:00<00:00,  4.36it/s]

  0%|          | 0/1 [00:00<?, ?it/s]
100%|██████████| 1/1 [00:00<00:00,  4.24it/s]
100%|██████████| 1/1 [00:00<00:00,  4.23it/s]

  0%|          | 0/1 [00:00<?, ?it/s]
100%|██████████| 1/1 [00:00<00:00,  4.01it/s]
100%|██████████| 1/1 [00:00<00:00,  4.01it/s]

  0%|          | 0/1 [00:00<?, ?it/s]
100%|██████████| 1/1 [00:00<00:00,  3.16it/s]
100%|██████████| 1/1 [00:00<00:00,  3.15it/s]

  0%|          | 0/1 [00:00<?, ?it/s]
100%|██████████| 1/1 [00:00<00:00,  3.90it/s]
100%|██████████| 1/1 [00:00<00:00,  3.90it/s]

  0%|          | 0/1 [00:00<?, ?it/s]
100%|██████████| 1/1 [00:00<00:00,  3.99it/s]
100%|██████████| 1/1 [00:00<00:00,  3.98it/s]

  0%|          | 0/1 [00:00<?, ?it/s]
100%|██████████| 1/1 [00:00<00:00,  4.71it/s]
100%|██████████| 1/1 [00:00<00:00,  4.70it/s]

  0%|          | 0/1 [00:00<?, ?it/s]
100%|██████████| 1/1 [00:00<00:00,  4.80it/s]
100%|██████████| 1/1 [00:00<00:00,  4.79it/s]

  0%|          | 0/1 [00:00<?, ?it/s]
100%|██████████| 1/1 [00:00<00:00,  4.33it/s]
100%|██████████| 1/1 [00:00<00:00,  4.32it/s]

  0%|          | 0/1 [00:00<?, ?it/s]
100%|██████████| 1/1 [00:00<00:00,  3.93it/s]
100%|██████████| 1/1 [00:00<00:00,  3.93it/s]

  0%|          | 0/1 [00:00<?, ?it/s]
100%|██████████| 1/1 [00:00<00:00,  3.91it/s]
100%|██████████| 1/1 [00:00<00:00,  3.90it/s]

  0%|          | 0/1 [00:00<?, ?it/s]
100%|██████████| 1/1 [00:00<00:00,  4.24it/s]
100%|██████████| 1/1 [00:00<00:00,  4.24it/s]

  0%|          | 0/1 [00:00<?, ?it/s]
100%|██████████| 1/1 [00:00<00:00,  4.44it/s]
100%|██████████| 1/1 [00:00<00:00,  4.43it/s]

  0%|          | 0/1 [00:00<?, ?it/s]
100%|██████████| 1/1 [00:00<00:00,  4.24it/s]
100%|██████████| 1/1 [00:00<00:00,  4.24it/s]

  0%|          | 0/1 [00:00<?, ?it/s]
100%|██████████| 1/1 [00:00<00:00,  4.40it/s]
100%|██████████| 1/1 [00:00<00:00,  4.40it/s]

  0%|          | 0/1 [00:00<?, ?it/s]
100%|██████████| 1/1 [00:00<00:00,  4.27it/s]
100%|██████████| 1/1 [00:00<00:00,  4.27it/s]

  0%|          | 0/1 [00:00<?, ?it/s]
100%|██████████| 1/1 [00:00<00:00,  3.32it/s]
100%|██████████| 1/1 [00:00<00:00,  3.32it/s]

  0%|          | 0/1 [00:00<?, ?it/s]
100%|██████████| 1/1 [00:00<00:00,  4.02it/s]
100%|██████████| 1/1 [00:00<00:00,  4.02it/s]

  0%|          | 0/1 [00:00<?, ?it/s]
100%|██████████| 1/1 [00:00<00:00,  3.31it/s]
100%|██████████| 1/1 [00:00<00:00,  3.30it/s]

  0%|          | 0/1 [00:00<?, ?it/s]
100%|██████████| 1/1 [00:00<00:00,  3.48it/s]
100%|██████████| 1/1 [00:00<00:00,  3.48it/s]

  0%|          | 0/1 [00:00<?, ?it/s]
100%|██████████| 1/1 [00:00<00:00,  3.92it/s]
100%|██████████| 1/1 [00:00<00:00,  3.92it/s]

  0%|          | 0/1 [00:00<?, ?it/s]
100%|██████████| 1/1 [00:00<00:00,  4.06it/s]
100%|██████████| 1/1 [00:00<00:00,  4.05it/s]

  0%|          | 0/1 [00:00<?, ?it/s]
100%|██████████| 1/1 [00:00<00:00,  2.71it/s]
100%|██████████| 1/1 [00:00<00:00,  2.71it/s]

  0%|          | 0/1 [00:00<?, ?it/s]
100%|██████████| 1/1 [00:00<00:00,  1.44it/s]
100%|██████████| 1/1 [00:00<00:00,  1.44it/s]

  0%|          | 0/1 [00:00<?, ?it/s]
100%|██████████| 1/1 [00:00<00:00,  4.08it/s]
100%|██████████| 1/1 [00:00<00:00,  4.07it/s]

  0%|          | 0/1 [00:00<?, ?it/s]
100%|██████████| 1/1 [00:00<00:00,  4.77it/s]
100%|██████████| 1/1 [00:00<00:00,  4.77it/s]

  0%|          | 0/1 [00:00<?, ?it/s]
100%|██████████| 1/1 [00:00<00:00,  4.00it/s]
100%|██████████| 1/1 [00:00<00:00,  3.99it/s]

  0%|          | 0/1 [00:00<?, ?it/s]
100%|██████████| 1/1 [00:00<00:00,  4.74it/s]
100%|██████████| 1/1 [00:00<00:00,  4.73it/s]

  0%|          | 0/1 [00:00<?, ?it/s]
100%|██████████| 1/1 [00:00<00:00,  4.14it/s]
100%|██████████| 1/1 [00:00<00:00,  4.14it/s]

  0%|          | 0/1 [00:00<?, ?it/s]
100%|██████████| 1/1 [00:00<00:00,  4.57it/s]
100%|██████████| 1/1 [00:00<00:00,  4.57it/s]

  0%|          | 0/1 [00:00<?, ?it/s]
100%|██████████| 1/1 [00:00<00:00,  2.71it/s]
100%|██████████| 1/1 [00:00<00:00,  2.70it/s]

  0%|          | 0/1 [00:00<?, ?it/s]
100%|██████████| 1/1 [00:00<00:00,  3.59it/s]
100%|██████████| 1/1 [00:00<00:00,  3.58it/s]

  0%|          | 0/1 [00:00<?, ?it/s]
100%|██████████| 1/1 [00:00<00:00,  4.07it/s]
100%|██████████| 1/1 [00:00<00:00,  4.06it/s]

  0%|          | 0/1 [00:00<?, ?it/s]
100%|██████████| 1/1 [00:00<00:00,  4.19it/s]
100%|██████████| 1/1 [00:00<00:00,  4.18it/s]

  0%|          | 0/1 [00:00<?, ?it/s]
100%|██████████| 1/1 [00:00<00:00,  4.52it/s]
100%|██████████| 1/1 [00:00<00:00,  4.52it/s]

  0%|          | 0/1 [00:00<?, ?it/s]
100%|██████████| 1/1 [00:00<00:00,  4.07it/s]
100%|██████████| 1/1 [00:00<00:00,  4.06it/s]

  0%|          | 0/1 [00:00<?, ?it/s]
100%|██████████| 1/1 [00:00<00:00,  4.05it/s]
100%|██████████| 1/1 [00:00<00:00,  4.05it/s]

  0%|          | 0/1 [00:00<?, ?it/s]
100%|██████████| 1/1 [00:00<00:00,  4.71it/s]
100%|██████████| 1/1 [00:00<00:00,  4.70it/s]

  0%|          | 0/1 [00:00<?, ?it/s]
100%|██████████| 1/1 [00:00<00:00,  5.04it/s]
100%|██████████| 1/1 [00:00<00:00,  5.03it/s]

  0%|          | 0/1 [00:00<?, ?it/s]
100%|██████████| 1/1 [00:00<00:00,  5.03it/s]
100%|██████████| 1/1 [00:00<00:00,  5.03it/s]

  0%|          | 0/1 [00:00<?, ?it/s]
100%|██████████| 1/1 [00:00<00:00,  5.03it/s]
100%|██████████| 1/1 [00:00<00:00,  5.03it/s]

  0%|          | 0/1 [00:00<?, ?it/s]
100%|██████████| 1/1 [00:00<00:00,  5.02it/s]
100%|██████████| 1/1 [00:00<00:00,  5.01it/s]

  0%|          | 0/1 [00:00<?, ?it/s]
100%|██████████| 1/1 [00:00<00:00,  4.77it/s]
100%|██████████| 1/1 [00:00<00:00,  4.77it/s]

  0%|          | 0/1 [00:00<?, ?it/s]
100%|██████████| 1/1 [00:00<00:00,  5.15it/s]
100%|██████████| 1/1 [00:00<00:00,  5.15it/s]

  0%|          | 0/1 [00:00<?, ?it/s]
100%|██████████| 1/1 [00:00<00:00,  5.04it/s]
100%|██████████| 1/1 [00:00<00:00,  5.03it/s]

  0%|          | 0/1 [00:00<?, ?it/s]
100%|██████████| 1/1 [00:00<00:00,  4.52it/s]
100%|██████████| 1/1 [00:00<00:00,  4.52it/s]

  0%|          | 0/1 [00:00<?, ?it/s]
100%|██████████| 1/1 [00:00<00:00,  4.48it/s]
100%|██████████| 1/1 [00:00<00:00,  4.47it/s]

  0%|          | 0/1 [00:00<?, ?it/s]
100%|██████████| 1/1 [00:00<00:00,  4.44it/s]
100%|██████████| 1/1 [00:00<00:00,  4.43it/s]

  0%|          | 0/1 [00:00<?, ?it/s]
100%|██████████| 1/1 [00:00<00:00,  5.47it/s]
100%|██████████| 1/1 [00:00<00:00,  5.47it/s]

  0%|          | 0/1 [00:00<?, ?it/s]
100%|██████████| 1/1 [00:00<00:00,  5.47it/s]
100%|██████████| 1/1 [00:00<00:00,  5.47it/s]

  0%|          | 0/1 [00:00<?, ?it/s]
100%|██████████| 1/1 [00:00<00:00,  5.31it/s]
100%|██████████| 1/1 [00:00<00:00,  5.30it/s]

  0%|          | 0/1 [00:00<?, ?it/s]
100%|██████████| 1/1 [00:00<00:00,  5.49it/s]
100%|██████████| 1/1 [00:00<00:00,  5.48it/s]

  0%|          | 0/1 [00:00<?, ?it/s]
100%|██████████| 1/1 [00:00<00:00,  5.43it/s]
100%|██████████| 1/1 [00:00<00:00,  5.43it/s]

  0%|          | 0/1 [00:00<?, ?it/s]
100%|██████████| 1/1 [00:00<00:00,  5.35it/s]
100%|██████████| 1/1 [00:00<00:00,  5.34it/s]

  0%|          | 0/1 [00:00<?, ?it/s]
100%|██████████| 1/1 [00:00<00:00,  5.13it/s]
100%|██████████| 1/1 [00:00<00:00,  5.12it/s]

  0%|          | 0/1 [00:00<?, ?it/s]
100%|██████████| 1/1 [00:00<00:00,  5.60it/s]
100%|██████████| 1/1 [00:00<00:00,  5.59it/s]

  0%|          | 0/1 [00:00<?, ?it/s]
100%|██████████| 1/1 [00:00<00:00,  5.57it/s]
100%|██████████| 1/1 [00:00<00:00,  5.57it/s]

  0%|          | 0/1 [00:00<?, ?it/s]
100%|██████████| 1/1 [00:00<00:00,  5.49it/s]
100%|██████████| 1/1 [00:00<00:00,  5.48it/s]

  0%|          | 0/1 [00:00<?, ?it/s]
100%|██████████| 1/1 [00:00<00:00,  5.34it/s]
100%|██████████| 1/1 [00:00<00:00,  5.33it/s]

  0%|          | 0/1 [00:00<?, ?it/s]
100%|██████████| 1/1 [00:00<00:00,  5.34it/s]
100%|██████████| 1/1 [00:00<00:00,  5.33it/s]

  0%|          | 0/1 [00:00<?, ?it/s]
100%|██████████| 1/1 [00:00<00:00,  3.98it/s]
100%|██████████| 1/1 [00:00<00:00,  3.98it/s]

  0%|          | 0/1 [00:00<?, ?it/s]
100%|██████████| 1/1 [00:00<00:00,  3.75it/s]
100%|██████████| 1/1 [00:00<00:00,  3.75it/s]

  0%|          | 0/1 [00:00<?, ?it/s]
100%|██████████| 1/1 [00:00<00:00,  4.13it/s]
100%|██████████| 1/1 [00:00<00:00,  4.12it/s]

  0%|          | 0/1 [00:00<?, ?it/s]
100%|██████████| 1/1 [00:00<00:00,  2.51it/s]
100%|██████████| 1/1 [00:00<00:00,  2.51it/s]

  0%|          | 0/1 [00:00<?, ?it/s]
100%|██████████| 1/1 [00:00<00:00,  4.12it/s]
100%|██████████| 1/1 [00:00<00:00,  4.12it/s]

  0%|          | 0/1 [00:00<?, ?it/s]
100%|██████████| 1/1 [00:00<00:00,  4.88it/s]
100%|██████████| 1/1 [00:00<00:00,  4.88it/s]

  0%|          | 0/1 [00:00<?, ?it/s]
100%|██████████| 1/1 [00:00<00:00,  3.53it/s]
100%|██████████| 1/1 [00:00<00:00,  3.52it/s]

  0%|          | 0/1 [00:00<?, ?it/s]
100%|██████████| 1/1 [00:00<00:00,  4.03it/s]
100%|██████████| 1/1 [00:00<00:00,  4.03it/s]

  0%|          | 0/1 [00:00<?, ?it/s]
100%|██████████| 1/1 [00:00<00:00,  3.85it/s]
100%|██████████| 1/1 [00:00<00:00,  3.85it/s]

  0%|          | 0/1 [00:00<?, ?it/s]
100%|██████████| 1/1 [00:00<00:00,  4.35it/s]
100%|██████████| 1/1 [00:00<00:00,  4.35it/s]

  0%|          | 0/1 [00:00<?, ?it/s]
100%|██████████| 1/1 [00:00<00:00,  4.26it/s]
100%|██████████| 1/1 [00:00<00:00,  4.25it/s]

  0%|          | 0/1 [00:00<?, ?it/s]
100%|██████████| 1/1 [00:00<00:00,  4.56it/s]
100%|██████████| 1/1 [00:00<00:00,  4.55it/s]

  0%|          | 0/1 [00:00<?, ?it/s]
100%|██████████| 1/1 [00:00<00:00,  3.92it/s]
100%|██████████| 1/1 [00:00<00:00,  3.92it/s]

  0%|          | 0/1 [00:00<?, ?it/s]
100%|██████████| 1/1 [00:00<00:00,  3.87it/s]
100%|██████████| 1/1 [00:00<00:00,  3.87it/s]

  0%|          | 0/1 [00:00<?, ?it/s]
100%|██████████| 1/1 [00:00<00:00,  3.52it/s]
100%|██████████| 1/1 [00:00<00:00,  3.52it/s]

  0%|          | 0/1 [00:00<?, ?it/s]
100%|██████████| 1/1 [00:00<00:00,  3.96it/s]
100%|██████████| 1/1 [00:00<00:00,  3.95it/s]

  0%|          | 0/1 [00:00<?, ?it/s]
100%|██████████| 1/1 [00:00<00:00,  3.64it/s]
100%|██████████| 1/1 [00:00<00:00,  3.63it/s]

  0%|          | 0/1 [00:00<?, ?it/s]
100%|██████████| 1/1 [00:00<00:00,  3.88it/s]
100%|██████████| 1/1 [00:00<00:00,  3.88it/s]

  0%|          | 0/1 [00:00<?, ?it/s]
100%|██████████| 1/1 [00:00<00:00,  3.95it/s]
100%|██████████| 1/1 [00:00<00:00,  3.94it/s]

  0%|          | 0/1 [00:00<?, ?it/s]
100%|██████████| 1/1 [00:00<00:00,  4.26it/s]
100%|██████████| 1/1 [00:00<00:00,  4.25it/s]

  0%|          | 0/1 [00:00<?, ?it/s]
100%|██████████| 1/1 [00:00<00:00,  4.03it/s]
100%|██████████| 1/1 [00:00<00:00,  4.03it/s]

  0%|          | 0/1 [00:00<?, ?it/s]
100%|██████████| 1/1 [00:00<00:00,  3.88it/s]
100%|██████████| 1/1 [00:00<00:00,  3.87it/s]

  0%|          | 0/1 [00:00<?, ?it/s]
100%|██████████| 1/1 [00:00<00:00,  3.94it/s]
100%|██████████| 1/1 [00:00<00:00,  3.94it/s]

  0%|          | 0/1 [00:00<?, ?it/s]
100%|██████████| 1/1 [00:00<00:00,  4.07it/s]
100%|██████████| 1/1 [00:00<00:00,  4.07it/s]

  0%|          | 0/1 [00:00<?, ?it/s]
100%|██████████| 1/1 [00:00<00:00,  4.82it/s]
100%|██████████| 1/1 [00:00<00:00,  4.81it/s]

  0%|          | 0/1 [00:00<?, ?it/s]
100%|██████████| 1/1 [00:00<00:00,  4.31it/s]
100%|██████████| 1/1 [00:00<00:00,  4.31it/s]

  0%|          | 0/1 [00:00<?, ?it/s]
100%|██████████| 1/1 [00:00<00:00,  4.06it/s]
100%|██████████| 1/1 [00:00<00:00,  4.05it/s]

  0%|          | 0/1 [00:00<?, ?it/s]
100%|██████████| 1/1 [00:00<00:00,  4.44it/s]
100%|██████████| 1/1 [00:00<00:00,  4.44it/s]

  0%|          | 0/1 [00:00<?, ?it/s]
100%|██████████| 1/1 [00:00<00:00,  4.38it/s]
100%|██████████| 1/1 [00:00<00:00,  4.37it/s]

  0%|          | 0/1 [00:00<?, ?it/s]
100%|██████████| 1/1 [00:00<00:00,  4.19it/s]
100%|██████████| 1/1 [00:00<00:00,  4.19it/s]

  0%|          | 0/1 [00:00<?, ?it/s]
100%|██████████| 1/1 [00:00<00:00,  3.98it/s]
100%|██████████| 1/1 [00:00<00:00,  3.98it/s]

  0%|          | 0/1 [00:00<?, ?it/s]
100%|██████████| 1/1 [00:00<00:00,  3.93it/s]
100%|██████████| 1/1 [00:00<00:00,  3.92it/s]

  0%|          | 0/1 [00:00<?, ?it/s]
100%|██████████| 1/1 [00:00<00:00,  4.22it/s]
100%|██████████| 1/1 [00:00<00:00,  4.22it/s]

  0%|          | 0/1 [00:00<?, ?it/s]
100%|██████████| 1/1 [00:00<00:00,  2.58it/s]
100%|██████████| 1/1 [00:00<00:00,  2.58it/s]

  0%|          | 0/1 [00:00<?, ?it/s]
100%|██████████| 1/1 [00:00<00:00,  4.81it/s]
100%|██████████| 1/1 [00:00<00:00,  4.80it/s]

  0%|          | 0/1 [00:00<?, ?it/s]
100%|██████████| 1/1 [00:00<00:00,  4.48it/s]
100%|██████████| 1/1 [00:00<00:00,  4.47it/s]

  0%|          | 0/1 [00:00<?, ?it/s]
100%|██████████| 1/1 [00:00<00:00,  1.58it/s]
100%|██████████| 1/1 [00:00<00:00,  1.58it/s]

  0%|          | 0/1 [00:00<?, ?it/s]
100%|██████████| 1/1 [00:01<00:00,  1.04s/it]
100%|██████████| 1/1 [00:01<00:00,  1.04s/it]

  0%|          | 0/1 [00:00<?, ?it/s]
100%|██████████| 1/1 [00:00<00:00,  3.56it/s]
100%|██████████| 1/1 [00:00<00:00,  3.56it/s]

  0%|          | 0/1 [00:00<?, ?it/s]
100%|██████████| 1/1 [00:00<00:00,  3.45it/s]
100%|██████████| 1/1 [00:00<00:00,  3.45it/s]

  0%|          | 0/1 [00:00<?, ?it/s]
100%|██████████| 1/1 [00:00<00:00,  4.04it/s]
100%|██████████| 1/1 [00:00<00:00,  4.02it/s]

  0%|          | 0/1 [00:00<?, ?it/s]
100%|██████████| 1/1 [00:00<00:00,  2.95it/s]
100%|██████████| 1/1 [00:00<00:00,  2.95it/s]

  0%|          | 0/1 [00:00<?, ?it/s]
100%|██████████| 1/1 [00:00<00:00,  2.72it/s]
100%|██████████| 1/1 [00:00<00:00,  2.71it/s]

  0%|          | 0/1 [00:00<?, ?it/s]
100%|██████████| 1/1 [00:00<00:00,  3.94it/s]
100%|██████████| 1/1 [00:00<00:00,  3.94it/s]

  0%|          | 0/1 [00:00<?, ?it/s]
100%|██████████| 1/1 [00:00<00:00,  4.48it/s]
100%|██████████| 1/1 [00:00<00:00,  4.47it/s]

  0%|          | 0/1 [00:00<?, ?it/s]
100%|██████████| 1/1 [00:00<00:00,  4.42it/s]
100%|██████████| 1/1 [00:00<00:00,  4.42it/s]

  0%|          | 0/1 [00:00<?, ?it/s]
100%|██████████| 1/1 [00:00<00:00,  4.14it/s]
100%|██████████| 1/1 [00:00<00:00,  4.13it/s]

  0%|          | 0/1 [00:00<?, ?it/s]
100%|██████████| 1/1 [00:00<00:00,  4.92it/s]
100%|██████████| 1/1 [00:00<00:00,  4.91it/s]

  0%|          | 0/1 [00:00<?, ?it/s]
100%|██████████| 1/1 [00:00<00:00,  4.76it/s]
100%|██████████| 1/1 [00:00<00:00,  4.75it/s]

  0%|          | 0/1 [00:00<?, ?it/s]
100%|██████████| 1/1 [00:00<00:00,  5.07it/s]
100%|██████████| 1/1 [00:00<00:00,  5.06it/s]

  0%|          | 0/1 [00:00<?, ?it/s]
100%|██████████| 1/1 [00:00<00:00,  5.01it/s]
100%|██████████| 1/1 [00:00<00:00,  5.01it/s]

  0%|          | 0/1 [00:00<?, ?it/s]
100%|██████████| 1/1 [00:00<00:00,  4.68it/s]
100%|██████████| 1/1 [00:00<00:00,  4.68it/s]

  0%|          | 0/1 [00:00<?, ?it/s]
100%|██████████| 1/1 [00:00<00:00,  4.33it/s]
100%|██████████| 1/1 [00:00<00:00,  4.32it/s]

  0%|          | 0/1 [00:00<?, ?it/s]
100%|██████████| 1/1 [00:00<00:00,  4.79it/s]
100%|██████████| 1/1 [00:00<00:00,  4.79it/s]

  0%|          | 0/1 [00:00<?, ?it/s]
100%|██████████| 1/1 [00:00<00:00,  4.68it/s]
100%|██████████| 1/1 [00:00<00:00,  4.68it/s]

  0%|          | 0/1 [00:00<?, ?it/s]
100%|██████████| 1/1 [00:00<00:00,  5.05it/s]
100%|██████████| 1/1 [00:00<00:00,  5.04it/s]

  0%|          | 0/1 [00:00<?, ?it/s]
100%|██████████| 1/1 [00:00<00:00,  5.15it/s]
100%|██████████| 1/1 [00:00<00:00,  5.14it/s]

  0%|          | 0/1 [00:00<?, ?it/s]
100%|██████████| 1/1 [00:00<00:00,  2.93it/s]
100%|██████████| 1/1 [00:00<00:00,  2.93it/s]

  0%|          | 0/1 [00:00<?, ?it/s]
100%|██████████| 1/1 [00:00<00:00,  4.75it/s]
100%|██████████| 1/1 [00:00<00:00,  4.75it/s]

  0%|          | 0/1 [00:00<?, ?it/s]
100%|██████████| 1/1 [00:00<00:00,  4.99it/s]
100%|██████████| 1/1 [00:00<00:00,  4.98it/s]

  0%|          | 0/1 [00:00<?, ?it/s]
100%|██████████| 1/1 [00:00<00:00,  5.02it/s]
100%|██████████| 1/1 [00:00<00:00,  5.01it/s]

  0%|          | 0/1 [00:00<?, ?it/s]
100%|██████████| 1/1 [00:00<00:00,  5.00it/s]
100%|██████████| 1/1 [00:00<00:00,  5.00it/s]

  0%|          | 0/1 [00:00<?, ?it/s]
100%|██████████| 1/1 [00:00<00:00,  5.04it/s]
100%|██████████| 1/1 [00:00<00:00,  5.04it/s]

  0%|          | 0/1 [00:00<?, ?it/s]
100%|██████████| 1/1 [00:00<00:00,  4.85it/s]
100%|██████████| 1/1 [00:00<00:00,  4.84it/s]

  0%|          | 0/1 [00:00<?, ?it/s]
100%|██████████| 1/1 [00:00<00:00,  5.26it/s]
100%|██████████| 1/1 [00:00<00:00,  5.25it/s]

  0%|          | 0/1 [00:00<?, ?it/s]
100%|██████████| 1/1 [00:00<00:00,  5.23it/s]
100%|██████████| 1/1 [00:00<00:00,  5.23it/s]

  0%|          | 0/1 [00:00<?, ?it/s]
100%|██████████| 1/1 [00:00<00:00,  5.25it/s]
100%|██████████| 1/1 [00:00<00:00,  5.25it/s]

  0%|          | 0/1 [00:00<?, ?it/s]
100%|██████████| 1/1 [00:00<00:00,  5.24it/s]
100%|██████████| 1/1 [00:00<00:00,  5.24it/s]

  0%|          | 0/1 [00:00<?, ?it/s]
100%|██████████| 1/1 [00:00<00:00,  5.19it/s]
100%|██████████| 1/1 [00:00<00:00,  5.18it/s]

  0%|          | 0/1 [00:00<?, ?it/s]
100%|██████████| 1/1 [00:00<00:00,  5.21it/s]
100%|██████████| 1/1 [00:00<00:00,  5.21it/s]

  0%|          | 0/1 [00:00<?, ?it/s]
100%|██████████| 1/1 [00:00<00:00,  5.26it/s]
100%|██████████| 1/1 [00:00<00:00,  5.25it/s]

  0%|          | 0/1 [00:00<?, ?it/s]
100%|██████████| 1/1 [00:00<00:00,  5.15it/s]
100%|██████████| 1/1 [00:00<00:00,  5.14it/s]

  0%|          | 0/1 [00:00<?, ?it/s]
100%|██████████| 1/1 [00:00<00:00,  5.17it/s]
100%|██████████| 1/1 [00:00<00:00,  5.16it/s]

  0%|          | 0/1 [00:00<?, ?it/s]
100%|██████████| 1/1 [00:00<00:00,  5.18it/s]
100%|██████████| 1/1 [00:00<00:00,  5.17it/s]

  0%|          | 0/1 [00:00<?, ?it/s]
100%|██████████| 1/1 [00:00<00:00,  4.87it/s]
100%|██████████| 1/1 [00:00<00:00,  4.86it/s]

  0%|          | 0/1 [00:00<?, ?it/s]
100%|██████████| 1/1 [00:00<00:00,  5.22it/s]
100%|██████████| 1/1 [00:00<00:00,  5.21it/s]

  0%|          | 0/1 [00:00<?, ?it/s]
100%|██████████| 1/1 [00:00<00:00,  5.22it/s]
100%|██████████| 1/1 [00:00<00:00,  5.21it/s]

  0%|          | 0/1 [00:00<?, ?it/s]
100%|██████████| 1/1 [00:00<00:00,  5.18it/s]
100%|██████████| 1/1 [00:00<00:00,  5.17it/s]

  0%|          | 0/1 [00:00<?, ?it/s]
100%|██████████| 1/1 [00:00<00:00,  5.05it/s]
100%|██████████| 1/1 [00:00<00:00,  5.05it/s]

  0%|          | 0/1 [00:00<?, ?it/s]
100%|██████████| 1/1 [00:00<00:00,  4.74it/s]
100%|██████████| 1/1 [00:00<00:00,  4.74it/s]

  0%|          | 0/1 [00:00<?, ?it/s]
100%|██████████| 1/1 [00:00<00:00,  4.96it/s]
100%|██████████| 1/1 [00:00<00:00,  4.96it/s]

  0%|          | 0/1 [00:00<?, ?it/s]
100%|██████████| 1/1 [00:00<00:00,  4.87it/s]
100%|██████████| 1/1 [00:00<00:00,  4.87it/s]

  0%|          | 0/1 [00:00<?, ?it/s]
100%|██████████| 1/1 [00:00<00:00,  5.21it/s]
100%|██████████| 1/1 [00:00<00:00,  5.21it/s]

  0%|          | 0/1 [00:00<?, ?it/s]
100%|██████████| 1/1 [00:00<00:00,  4.03it/s]
100%|██████████| 1/1 [00:00<00:00,  4.03it/s]

  0%|          | 0/1 [00:00<?, ?it/s]
100%|██████████| 1/1 [00:00<00:00,  2.64it/s]
100%|██████████| 1/1 [00:00<00:00,  2.64it/s]

  0%|          | 0/1 [00:00<?, ?it/s]
100%|██████████| 1/1 [00:00<00:00,  4.18it/s]
100%|██████████| 1/1 [00:00<00:00,  4.18it/s]

  0%|          | 0/1 [00:00<?, ?it/s]
100%|██████████| 1/1 [00:00<00:00,  3.21it/s]
100%|██████████| 1/1 [00:00<00:00,  3.21it/s]

  0%|          | 0/1 [00:00<?, ?it/s]
100%|██████████| 1/1 [00:00<00:00,  1.87it/s]
100%|██████████| 1/1 [00:00<00:00,  1.87it/s]

  0%|          | 0/1 [00:00<?, ?it/s]
100%|██████████| 1/1 [00:00<00:00,  3.62it/s]
100%|██████████| 1/1 [00:00<00:00,  3.61it/s]

  0%|          | 0/1 [00:00<?, ?it/s]
100%|██████████| 1/1 [00:00<00:00,  3.62it/s]
100%|██████████| 1/1 [00:00<00:00,  3.62it/s]

  0%|          | 0/1 [00:00<?, ?it/s]
100%|██████████| 1/1 [00:00<00:00,  3.48it/s]
100%|██████████| 1/1 [00:00<00:00,  3.48it/s]

  0%|          | 0/1 [00:00<?, ?it/s]
100%|██████████| 1/1 [00:00<00:00,  3.96it/s]
100%|██████████| 1/1 [00:00<00:00,  3.96it/s]

  0%|          | 0/1 [00:00<?, ?it/s]
100%|██████████| 1/1 [00:00<00:00,  4.05it/s]
100%|██████████| 1/1 [00:00<00:00,  4.05it/s]

  0%|          | 0/1 [00:00<?, ?it/s]
100%|██████████| 1/1 [00:00<00:00,  4.16it/s]
100%|██████████| 1/1 [00:00<00:00,  4.15it/s]

  0%|          | 0/1 [00:00<?, ?it/s]
100%|██████████| 1/1 [00:00<00:00,  4.28it/s]
100%|██████████| 1/1 [00:00<00:00,  4.27it/s]

  0%|          | 0/1 [00:00<?, ?it/s]
100%|██████████| 1/1 [00:00<00:00,  4.16it/s]
100%|██████████| 1/1 [00:00<00:00,  4.15it/s]

  0%|          | 0/1 [00:00<?, ?it/s]
100%|██████████| 1/1 [00:00<00:00,  4.38it/s]
100%|██████████| 1/1 [00:00<00:00,  4.38it/s]

  0%|          | 0/1 [00:00<?, ?it/s]
100%|██████████| 1/1 [00:00<00:00,  4.06it/s]
100%|██████████| 1/1 [00:00<00:00,  4.05it/s]

  0%|          | 0/1 [00:00<?, ?it/s]
100%|██████████| 1/1 [00:00<00:00,  4.54it/s]
100%|██████████| 1/1 [00:00<00:00,  4.53it/s]

  0%|          | 0/1 [00:00<?, ?it/s]
100%|██████████| 1/1 [00:00<00:00,  4.22it/s]
100%|██████████| 1/1 [00:00<00:00,  4.22it/s]

  0%|          | 0/1 [00:00<?, ?it/s]
100%|██████████| 1/1 [00:00<00:00,  4.56it/s]
100%|██████████| 1/1 [00:00<00:00,  4.55it/s]

  0%|          | 0/1 [00:00<?, ?it/s]
100%|██████████| 1/1 [00:00<00:00,  3.89it/s]
100%|██████████| 1/1 [00:00<00:00,  3.89it/s]

  0%|          | 0/1 [00:00<?, ?it/s]
100%|██████████| 1/1 [00:00<00:00,  4.10it/s]
100%|██████████| 1/1 [00:00<00:00,  4.09it/s]

  0%|          | 0/1 [00:00<?, ?it/s]
100%|██████████| 1/1 [00:00<00:00,  4.42it/s]
100%|██████████| 1/1 [00:00<00:00,  4.42it/s]

  0%|          | 0/1 [00:00<?, ?it/s]
100%|██████████| 1/1 [00:00<00:00,  4.64it/s]
100%|██████████| 1/1 [00:00<00:00,  4.63it/s]

  0%|          | 0/1 [00:00<?, ?it/s]
100%|██████████| 1/1 [00:00<00:00,  4.20it/s]
100%|██████████| 1/1 [00:00<00:00,  4.19it/s]

  0%|          | 0/1 [00:00<?, ?it/s]
100%|██████████| 1/1 [00:00<00:00,  4.37it/s]
100%|██████████| 1/1 [00:00<00:00,  4.36it/s]

  0%|          | 0/1 [00:00<?, ?it/s]
100%|██████████| 1/1 [00:00<00:00,  4.73it/s]
100%|██████████| 1/1 [00:00<00:00,  4.72it/s]

  0%|          | 0/1 [00:00<?, ?it/s]
100%|██████████| 1/1 [00:00<00:00,  3.38it/s]
100%|██████████| 1/1 [00:00<00:00,  3.38it/s]

  0%|          | 0/1 [00:00<?, ?it/s]
100%|██████████| 1/1 [00:00<00:00,  2.33it/s]
100%|██████████| 1/1 [00:00<00:00,  2.33it/s]

  0%|          | 0/1 [00:00<?, ?it/s]
100%|██████████| 1/1 [00:00<00:00,  3.28it/s]
100%|██████████| 1/1 [00:00<00:00,  3.28it/s]

  0%|          | 0/1 [00:00<?, ?it/s]
100%|██████████| 1/1 [00:00<00:00,  3.74it/s]
100%|██████████| 1/1 [00:00<00:00,  3.74it/s]

  0%|          | 0/1 [00:00<?, ?it/s]
100%|██████████| 1/1 [00:00<00:00,  3.66it/s]
100%|██████████| 1/1 [00:00<00:00,  3.65it/s]

  0%|          | 0/1 [00:00<?, ?it/s]
100%|██████████| 1/1 [00:00<00:00,  2.88it/s]
100%|██████████| 1/1 [00:00<00:00,  2.87it/s]

  0%|          | 0/1 [00:00<?, ?it/s]
100%|██████████| 1/1 [00:00<00:00,  2.61it/s]
100%|██████████| 1/1 [00:00<00:00,  2.60it/s]

  0%|          | 0/1 [00:00<?, ?it/s]
100%|██████████| 1/1 [00:00<00:00,  3.23it/s]
100%|██████████| 1/1 [00:00<00:00,  3.22it/s]

  0%|          | 0/1 [00:00<?, ?it/s]
100%|██████████| 1/1 [00:00<00:00,  3.62it/s]
100%|██████████| 1/1 [00:00<00:00,  3.61it/s]

  0%|          | 0/1 [00:00<?, ?it/s]
100%|██████████| 1/1 [00:00<00:00,  3.34it/s]
100%|██████████| 1/1 [00:00<00:00,  3.34it/s]

  0%|          | 0/1 [00:00<?, ?it/s]
100%|██████████| 1/1 [00:00<00:00,  3.17it/s]
100%|██████████| 1/1 [00:00<00:00,  3.17it/s]

  0%|          | 0/1 [00:00<?, ?it/s]
100%|██████████| 1/1 [00:00<00:00,  3.25it/s]
100%|██████████| 1/1 [00:00<00:00,  3.24it/s]

  0%|          | 0/1 [00:00<?, ?it/s]
100%|██████████| 1/1 [00:00<00:00,  3.52it/s]
100%|██████████| 1/1 [00:00<00:00,  3.51it/s]

  0%|          | 0/1 [00:00<?, ?it/s]
100%|██████████| 1/1 [00:00<00:00,  3.40it/s]
100%|██████████| 1/1 [00:00<00:00,  3.40it/s]

  0%|          | 0/1 [00:00<?, ?it/s]
100%|██████████| 1/1 [00:00<00:00,  3.32it/s]
100%|██████████| 1/1 [00:00<00:00,  3.32it/s]

  0%|          | 0/1 [00:00<?, ?it/s]
100%|██████████| 1/1 [00:00<00:00,  3.27it/s]
100%|██████████| 1/1 [00:00<00:00,  3.27it/s]

  0%|          | 0/1 [00:00<?, ?it/s]
100%|██████████| 1/1 [00:00<00:00,  3.23it/s]
100%|██████████| 1/1 [00:00<00:00,  3.22it/s]

  0%|          | 0/1 [00:00<?, ?it/s]
100%|██████████| 1/1 [00:00<00:00,  3.20it/s]
100%|██████████| 1/1 [00:00<00:00,  3.20it/s]

  0%|          | 0/1 [00:00<?, ?it/s]
100%|██████████| 1/1 [00:00<00:00,  3.23it/s]
100%|██████████| 1/1 [00:00<00:00,  3.22it/s]

  0%|          | 0/1 [00:00<?, ?it/s]
100%|██████████| 1/1 [00:00<00:00,  3.34it/s]
100%|██████████| 1/1 [00:00<00:00,  3.34it/s]

  0%|          | 0/1 [00:00<?, ?it/s]
100%|██████████| 1/1 [00:00<00:00,  3.35it/s]
100%|██████████| 1/1 [00:00<00:00,  3.35it/s]

  0%|          | 0/1 [00:00<?, ?it/s]
100%|██████████| 1/1 [00:00<00:00,  3.40it/s]
100%|██████████| 1/1 [00:00<00:00,  3.40it/s]

  0%|          | 0/1 [00:00<?, ?it/s]
100%|██████████| 1/1 [00:00<00:00,  3.42it/s]
100%|██████████| 1/1 [00:00<00:00,  3.42it/s]

  0%|          | 0/1 [00:00<?, ?it/s]
100%|██████████| 1/1 [00:00<00:00,  3.42it/s]
100%|██████████| 1/1 [00:00<00:00,  3.42it/s]

  0%|          | 0/1 [00:00<?, ?it/s]
100%|██████████| 1/1 [00:00<00:00,  3.43it/s]
100%|██████████| 1/1 [00:00<00:00,  3.43it/s]

  0%|          | 0/1 [00:00<?, ?it/s]
100%|██████████| 1/1 [00:00<00:00,  3.39it/s]
100%|██████████| 1/1 [00:00<00:00,  3.38it/s]

  0%|          | 0/1 [00:00<?, ?it/s]
100%|██████████| 1/1 [00:00<00:00,  3.28it/s]
100%|██████████| 1/1 [00:00<00:00,  3.27it/s]

  0%|          | 0/1 [00:00<?, ?it/s]
100%|██████████| 1/1 [00:00<00:00,  3.48it/s]
100%|██████████| 1/1 [00:00<00:00,  3.48it/s]

  0%|          | 0/1 [00:00<?, ?it/s]
100%|██████████| 1/1 [00:00<00:00,  3.46it/s]
100%|██████████| 1/1 [00:00<00:00,  3.45it/s]

  0%|          | 0/1 [00:00<?, ?it/s]
100%|██████████| 1/1 [00:00<00:00,  3.44it/s]
100%|██████████| 1/1 [00:00<00:00,  3.43it/s]

  0%|          | 0/1 [00:00<?, ?it/s]
100%|██████████| 1/1 [00:00<00:00,  3.14it/s]
100%|██████████| 1/1 [00:00<00:00,  3.14it/s]

  0%|          | 0/1 [00:00<?, ?it/s]
100%|██████████| 1/1 [00:00<00:00,  3.57it/s]
100%|██████████| 1/1 [00:00<00:00,  3.57it/s]

  0%|          | 0/1 [00:00<?, ?it/s]
100%|██████████| 1/1 [00:00<00:00,  3.20it/s]
100%|██████████| 1/1 [00:00<00:00,  3.20it/s]

  0%|          | 0/1 [00:00<?, ?it/s]
100%|██████████| 1/1 [00:00<00:00,  1.68it/s]
100%|██████████| 1/1 [00:00<00:00,  1.68it/s]

  0%|          | 0/1 [00:00<?, ?it/s]
100%|██████████| 1/1 [00:00<00:00,  2.99it/s]
100%|██████████| 1/1 [00:00<00:00,  2.99it/s]

  0%|          | 0/1 [00:00<?, ?it/s]
100%|██████████| 1/1 [00:00<00:00,  2.89it/s]
100%|██████████| 1/1 [00:00<00:00,  2.88it/s]

  0%|          | 0/1 [00:00<?, ?it/s]
100%|██████████| 1/1 [00:00<00:00,  3.33it/s]
100%|██████████| 1/1 [00:00<00:00,  3.32it/s]

  0%|          | 0/1 [00:00<?, ?it/s]
100%|██████████| 1/1 [00:00<00:00,  1.99it/s]
100%|██████████| 1/1 [00:00<00:00,  1.99it/s]

  0%|          | 0/1 [00:00<?, ?it/s]
100%|██████████| 1/1 [00:00<00:00,  2.92it/s]
100%|██████████| 1/1 [00:00<00:00,  2.92it/s]

  0%|          | 0/1 [00:00<?, ?it/s]
100%|██████████| 1/1 [00:00<00:00,  2.84it/s]
100%|██████████| 1/1 [00:00<00:00,  2.83it/s]

  0%|          | 0/1 [00:00<?, ?it/s]
100%|██████████| 1/1 [00:00<00:00,  2.20it/s]
100%|██████████| 1/1 [00:00<00:00,  2.20it/s]

  0%|          | 0/1 [00:00<?, ?it/s]
100%|██████████| 1/1 [00:00<00:00,  2.49it/s]
100%|██████████| 1/1 [00:00<00:00,  2.49it/s]

  0%|          | 0/1 [00:00<?, ?it/s]
100%|██████████| 1/1 [00:00<00:00,  2.94it/s]
100%|██████████| 1/1 [00:00<00:00,  2.93it/s]

  0%|          | 0/1 [00:00<?, ?it/s]
100%|██████████| 1/1 [00:00<00:00,  1.86it/s]
100%|██████████| 1/1 [00:00<00:00,  1.86it/s]

  0%|          | 0/1 [00:00<?, ?it/s]
100%|██████████| 1/1 [00:00<00:00,  1.95it/s]
100%|██████████| 1/1 [00:00<00:00,  1.95it/s]

  0%|          | 0/1 [00:00<?, ?it/s]
100%|██████████| 1/1 [00:00<00:00,  3.01it/s]
100%|██████████| 1/1 [00:00<00:00,  3.01it/s]

  0%|          | 0/1 [00:00<?, ?it/s]
100%|██████████| 1/1 [00:00<00:00,  2.32it/s]
100%|██████████| 1/1 [00:00<00:00,  2.32it/s]

  0%|          | 0/1 [00:00<?, ?it/s]
100%|██████████| 1/1 [00:00<00:00,  2.57it/s]
100%|██████████| 1/1 [00:00<00:00,  2.57it/s]

  0%|          | 0/1 [00:00<?, ?it/s]
100%|██████████| 1/1 [00:00<00:00,  3.19it/s]
100%|██████████| 1/1 [00:00<00:00,  3.19it/s]

  0%|          | 0/1 [00:00<?, ?it/s]
100%|██████████| 1/1 [00:00<00:00,  3.39it/s]
100%|██████████| 1/1 [00:00<00:00,  3.39it/s]

  0%|          | 0/1 [00:00<?, ?it/s]
100%|██████████| 1/1 [00:00<00:00,  3.21it/s]
100%|██████████| 1/1 [00:00<00:00,  3.21it/s]

  0%|          | 0/1 [00:00<?, ?it/s]
100%|██████████| 1/1 [00:00<00:00,  3.57it/s]
100%|██████████| 1/1 [00:00<00:00,  3.56it/s]

  0%|          | 0/1 [00:00<?, ?it/s]
100%|██████████| 1/1 [00:00<00:00,  3.40it/s]
100%|██████████| 1/1 [00:00<00:00,  3.40it/s]

  0%|          | 0/1 [00:00<?, ?it/s]
100%|██████████| 1/1 [00:00<00:00,  3.24it/s]
100%|██████████| 1/1 [00:00<00:00,  3.24it/s]

  0%|          | 0/1 [00:00<?, ?it/s]
100%|██████████| 1/1 [00:00<00:00,  3.32it/s]
100%|██████████| 1/1 [00:00<00:00,  3.31it/s]

  0%|          | 0/1 [00:00<?, ?it/s]
100%|██████████| 1/1 [00:00<00:00,  3.64it/s]
100%|██████████| 1/1 [00:00<00:00,  3.64it/s]

  0%|          | 0/1 [00:00<?, ?it/s]
100%|██████████| 1/1 [00:00<00:00,  3.37it/s]
100%|██████████| 1/1 [00:00<00:00,  3.37it/s]

  0%|          | 0/1 [00:00<?, ?it/s]
100%|██████████| 1/1 [00:00<00:00,  3.48it/s]
100%|██████████| 1/1 [00:00<00:00,  3.48it/s]

  0%|          | 0/1 [00:00<?, ?it/s]
100%|██████████| 1/1 [00:00<00:00,  3.48it/s]
100%|██████████| 1/1 [00:00<00:00,  3.48it/s]

  0%|          | 0/1 [00:00<?, ?it/s]
100%|██████████| 1/1 [00:00<00:00,  3.19it/s]
100%|██████████| 1/1 [00:00<00:00,  3.18it/s]

  0%|          | 0/1 [00:00<?, ?it/s]
100%|██████████| 1/1 [00:00<00:00,  2.11it/s]
100%|██████████| 1/1 [00:00<00:00,  2.11it/s]

  0%|          | 0/1 [00:00<?, ?it/s]
100%|██████████| 1/1 [00:00<00:00,  2.80it/s]
100%|██████████| 1/1 [00:00<00:00,  2.79it/s]

  0%|          | 0/1 [00:00<?, ?it/s]
100%|██████████| 1/1 [00:00<00:00,  2.69it/s]
100%|██████████| 1/1 [00:00<00:00,  2.69it/s]

  0%|          | 0/1 [00:00<?, ?it/s]
100%|██████████| 1/1 [00:00<00:00,  2.05it/s]
100%|██████████| 1/1 [00:00<00:00,  2.05it/s]

  0%|          | 0/1 [00:00<?, ?it/s]
100%|██████████| 1/1 [00:00<00:00,  2.73it/s]
100%|██████████| 1/1 [00:00<00:00,  2.73it/s]

  0%|          | 0/1 [00:00<?, ?it/s]
100%|██████████| 1/1 [00:00<00:00,  2.12it/s]
100%|██████████| 1/1 [00:00<00:00,  2.12it/s]

  0%|          | 0/1 [00:00<?, ?it/s]
100%|██████████| 1/1 [00:00<00:00,  2.02it/s]
100%|██████████| 1/1 [00:00<00:00,  2.02it/s]

  0%|          | 0/1 [00:00<?, ?it/s]
100%|██████████| 1/1 [00:00<00:00,  2.29it/s]
100%|██████████| 1/1 [00:00<00:00,  2.29it/s]

  0%|          | 0/1 [00:00<?, ?it/s]
100%|██████████| 1/1 [00:00<00:00,  2.53it/s]
100%|██████████| 1/1 [00:00<00:00,  2.53it/s]

  0%|          | 0/1 [00:00<?, ?it/s]
100%|██████████| 1/1 [00:00<00:00,  1.70it/s]
100%|██████████| 1/1 [00:00<00:00,  1.70it/s]

  0%|          | 0/1 [00:00<?, ?it/s]
100%|██████████| 1/1 [00:00<00:00,  2.35it/s]
100%|██████████| 1/1 [00:00<00:00,  2.35it/s]

  0%|          | 0/1 [00:00<?, ?it/s]
100%|██████████| 1/1 [00:00<00:00,  3.07it/s]
100%|██████████| 1/1 [00:00<00:00,  3.07it/s]

  0%|          | 0/1 [00:00<?, ?it/s]
100%|██████████| 1/1 [00:00<00:00,  1.82it/s]
100%|██████████| 1/1 [00:00<00:00,  1.82it/s]

  0%|          | 0/1 [00:00<?, ?it/s]
100%|██████████| 1/1 [00:00<00:00,  1.77it/s]
100%|██████████| 1/1 [00:00<00:00,  1.77it/s]

  0%|          | 0/1 [00:00<?, ?it/s]
100%|██████████| 1/1 [00:00<00:00,  2.31it/s]
100%|██████████| 1/1 [00:00<00:00,  2.31it/s]

  0%|          | 0/1 [00:00<?, ?it/s]
100%|██████████| 1/1 [00:00<00:00,  2.91it/s]
100%|██████████| 1/1 [00:00<00:00,  2.91it/s]

  0%|          | 0/1 [00:00<?, ?it/s]
100%|██████████| 1/1 [00:00<00:00,  1.81it/s]
100%|██████████| 1/1 [00:00<00:00,  1.81it/s]

  0%|          | 0/1 [00:00<?, ?it/s]
100%|██████████| 1/1 [00:00<00:00,  2.90it/s]
100%|██████████| 1/1 [00:00<00:00,  2.90it/s]

  0%|          | 0/1 [00:00<?, ?it/s]
100%|██████████| 1/1 [00:00<00:00,  3.15it/s]
100%|██████████| 1/1 [00:00<00:00,  3.15it/s]

  0%|          | 0/1 [00:00<?, ?it/s]
100%|██████████| 1/1 [00:00<00:00,  2.77it/s]
100%|██████████| 1/1 [00:00<00:00,  2.76it/s]

  0%|          | 0/1 [00:00<?, ?it/s]
100%|██████████| 1/1 [00:00<00:00,  2.43it/s]
100%|██████████| 1/1 [00:00<00:00,  2.43it/s]

  0%|          | 0/1 [00:00<?, ?it/s]
100%|██████████| 1/1 [00:00<00:00,  2.67it/s]
100%|██████████| 1/1 [00:00<00:00,  2.67it/s]

  0%|          | 0/1 [00:00<?, ?it/s]
100%|██████████| 1/1 [00:00<00:00,  2.89it/s]
100%|██████████| 1/1 [00:00<00:00,  2.89it/s]

  0%|          | 0/1 [00:00<?, ?it/s]
100%|██████████| 1/1 [00:00<00:00,  1.80it/s]
100%|██████████| 1/1 [00:00<00:00,  1.80it/s]

  0%|          | 0/1 [00:00<?, ?it/s]
100%|██████████| 1/1 [00:00<00:00,  3.03it/s]
100%|██████████| 1/1 [00:00<00:00,  3.02it/s]

  0%|          | 0/1 [00:00<?, ?it/s]
100%|██████████| 1/1 [00:00<00:00,  2.09it/s]
100%|██████████| 1/1 [00:00<00:00,  2.08it/s]

  0%|          | 0/1 [00:00<?, ?it/s]
100%|██████████| 1/1 [00:00<00:00,  2.28it/s]
100%|██████████| 1/1 [00:00<00:00,  2.28it/s]

  0%|          | 0/1 [00:00<?, ?it/s]
100%|██████████| 1/1 [00:00<00:00,  2.86it/s]
100%|██████████| 1/1 [00:00<00:00,  2.86it/s]

  0%|          | 0/1 [00:00<?, ?it/s]
100%|██████████| 1/1 [00:00<00:00,  2.85it/s]
100%|██████████| 1/1 [00:00<00:00,  2.84it/s]

  0%|          | 0/1 [00:00<?, ?it/s]
100%|██████████| 1/1 [00:00<00:00,  3.09it/s]
100%|██████████| 1/1 [00:00<00:00,  3.08it/s]

  0%|          | 0/1 [00:00<?, ?it/s]
100%|██████████| 1/1 [00:00<00:00,  3.31it/s]
100%|██████████| 1/1 [00:00<00:00,  3.31it/s]

  0%|          | 0/1 [00:00<?, ?it/s]
100%|██████████| 1/1 [00:00<00:00,  3.38it/s]
100%|██████████| 1/1 [00:00<00:00,  3.38it/s]

  0%|          | 0/1 [00:00<?, ?it/s]
100%|██████████| 1/1 [00:00<00:00,  3.60it/s]
100%|██████████| 1/1 [00:00<00:00,  3.60it/s]

  0%|          | 0/1 [00:00<?, ?it/s]
100%|██████████| 1/1 [00:00<00:00,  3.47it/s]
100%|██████████| 1/1 [00:00<00:00,  3.46it/s]

  0%|          | 0/1 [00:00<?, ?it/s]
100%|██████████| 1/1 [00:00<00:00,  3.00it/s]
100%|██████████| 1/1 [00:00<00:00,  3.00it/s]

  0%|          | 0/1 [00:00<?, ?it/s]
100%|██████████| 1/1 [00:00<00:00,  3.14it/s]
100%|██████████| 1/1 [00:00<00:00,  3.14it/s]

  0%|          | 0/1 [00:00<?, ?it/s]
100%|██████████| 1/1 [00:00<00:00,  3.41it/s]
100%|██████████| 1/1 [00:00<00:00,  3.41it/s]

  0%|          | 0/1 [00:00<?, ?it/s]
100%|██████████| 1/1 [00:00<00:00,  3.33it/s]
100%|██████████| 1/1 [00:00<00:00,  3.33it/s]

  0%|          | 0/1 [00:00<?, ?it/s]
100%|██████████| 1/1 [00:00<00:00,  3.23it/s]
100%|██████████| 1/1 [00:00<00:00,  3.23it/s]

  0%|          | 0/1 [00:00<?, ?it/s]
100%|██████████| 1/1 [00:00<00:00,  3.64it/s]
100%|██████████| 1/1 [00:00<00:00,  3.63it/s]

  0%|          | 0/1 [00:00<?, ?it/s]
100%|██████████| 1/1 [00:00<00:00,  3.64it/s]
100%|██████████| 1/1 [00:00<00:00,  3.64it/s]

  0%|          | 0/1 [00:00<?, ?it/s]
100%|██████████| 1/1 [00:00<00:00,  3.70it/s]
100%|██████████| 1/1 [00:00<00:00,  3.69it/s]

  0%|          | 0/1 [00:00<?, ?it/s]
100%|██████████| 1/1 [00:00<00:00,  3.68it/s]
100%|██████████| 1/1 [00:00<00:00,  3.68it/s]

  0%|          | 0/1 [00:00<?, ?it/s]
100%|██████████| 1/1 [00:00<00:00,  3.72it/s]
100%|██████████| 1/1 [00:00<00:00,  3.72it/s]

  0%|          | 0/1 [00:00<?, ?it/s]
100%|██████████| 1/1 [00:00<00:00,  3.43it/s]
100%|██████████| 1/1 [00:00<00:00,  3.43it/s]

  0%|          | 0/1 [00:00<?, ?it/s]
100%|██████████| 1/1 [00:00<00:00,  3.45it/s]
100%|██████████| 1/1 [00:00<00:00,  3.45it/s]

  0%|          | 0/1 [00:00<?, ?it/s]
100%|██████████| 1/1 [00:00<00:00,  3.57it/s]
100%|██████████| 1/1 [00:00<00:00,  3.57it/s]

  0%|          | 0/1 [00:00<?, ?it/s]
100%|██████████| 1/1 [00:00<00:00,  3.33it/s]
100%|██████████| 1/1 [00:00<00:00,  3.33it/s]

  0%|          | 0/1 [00:00<?, ?it/s]
100%|██████████| 1/1 [00:00<00:00,  3.47it/s]
100%|██████████| 1/1 [00:00<00:00,  3.46it/s]

  0%|          | 0/1 [00:00<?, ?it/s]
100%|██████████| 1/1 [00:00<00:00,  3.08it/s]
100%|██████████| 1/1 [00:00<00:00,  3.08it/s]

  0%|          | 0/1 [00:00<?, ?it/s]
100%|██████████| 1/1 [00:00<00:00,  2.19it/s]
100%|██████████| 1/1 [00:00<00:00,  2.19it/s]

  0%|          | 0/1 [00:00<?, ?it/s]
100%|██████████| 1/1 [00:00<00:00,  3.15it/s]
100%|██████████| 1/1 [00:00<00:00,  3.15it/s]

  0%|          | 0/1 [00:00<?, ?it/s]
100%|██████████| 1/1 [00:00<00:00,  1.92it/s]
100%|██████████| 1/1 [00:00<00:00,  1.92it/s]

  0%|          | 0/1 [00:00<?, ?it/s]
100%|██████████| 1/1 [00:00<00:00,  3.13it/s]
100%|██████████| 1/1 [00:00<00:00,  3.13it/s]

  0%|          | 0/1 [00:00<?, ?it/s]
100%|██████████| 1/1 [00:00<00:00,  2.92it/s]
100%|██████████| 1/1 [00:00<00:00,  2.92it/s]

  0%|          | 0/1 [00:00<?, ?it/s]
100%|██████████| 1/1 [00:00<00:00,  3.12it/s]
100%|██████████| 1/1 [00:00<00:00,  3.12it/s]

  0%|          | 0/1 [00:00<?, ?it/s]
100%|██████████| 1/1 [00:00<00:00,  3.19it/s]
100%|██████████| 1/1 [00:00<00:00,  3.19it/s]

  0%|          | 0/1 [00:00<?, ?it/s]
100%|██████████| 1/1 [00:00<00:00,  3.11it/s]
100%|██████████| 1/1 [00:00<00:00,  3.10it/s]

  0%|          | 0/1 [00:00<?, ?it/s]
100%|██████████| 1/1 [00:00<00:00,  3.09it/s]
100%|██████████| 1/1 [00:00<00:00,  3.09it/s]

  0%|          | 0/1 [00:00<?, ?it/s]
100%|██████████| 1/1 [00:00<00:00,  3.10it/s]
100%|██████████| 1/1 [00:00<00:00,  3.10it/s]

  0%|          | 0/1 [00:00<?, ?it/s]
100%|██████████| 1/1 [00:00<00:00,  3.01it/s]
100%|██████████| 1/1 [00:00<00:00,  3.01it/s]

  0%|          | 0/1 [00:00<?, ?it/s]
100%|██████████| 1/1 [00:00<00:00,  3.35it/s]
100%|██████████| 1/1 [00:00<00:00,  3.34it/s]

  0%|          | 0/1 [00:00<?, ?it/s]
100%|██████████| 1/1 [00:00<00:00,  3.21it/s]
100%|██████████| 1/1 [00:00<00:00,  3.20it/s]

  0%|          | 0/1 [00:00<?, ?it/s]
100%|██████████| 1/1 [00:00<00:00,  3.13it/s]
100%|██████████| 1/1 [00:00<00:00,  3.13it/s]

  0%|          | 0/1 [00:00<?, ?it/s]
100%|██████████| 1/1 [00:00<00:00,  2.87it/s]
100%|██████████| 1/1 [00:00<00:00,  2.87it/s]

  0%|          | 0/1 [00:00<?, ?it/s]
100%|██████████| 1/1 [00:00<00:00,  3.15it/s]
100%|██████████| 1/1 [00:00<00:00,  3.14it/s]

  0%|          | 0/1 [00:00<?, ?it/s]
100%|██████████| 1/1 [00:00<00:00,  3.07it/s]
100%|██████████| 1/1 [00:00<00:00,  3.06it/s]

  0%|          | 0/1 [00:00<?, ?it/s]
100%|██████████| 1/1 [00:00<00:00,  3.14it/s]
100%|██████████| 1/1 [00:00<00:00,  3.14it/s]

  0%|          | 0/1 [00:00<?, ?it/s]
100%|██████████| 1/1 [00:00<00:00,  3.02it/s]
100%|██████████| 1/1 [00:00<00:00,  3.02it/s]

  0%|          | 0/1 [00:00<?, ?it/s]
100%|██████████| 1/1 [00:00<00:00,  3.07it/s]
100%|██████████| 1/1 [00:00<00:00,  3.07it/s]

  0%|          | 0/1 [00:00<?, ?it/s]
100%|██████████| 1/1 [00:00<00:00,  3.05it/s]
100%|██████████| 1/1 [00:00<00:00,  3.04it/s]

  0%|          | 0/1 [00:00<?, ?it/s]
100%|██████████| 1/1 [00:00<00:00,  2.93it/s]
100%|██████████| 1/1 [00:00<00:00,  2.93it/s]

  0%|          | 0/1 [00:00<?, ?it/s]
100%|██████████| 1/1 [00:00<00:00,  3.11it/s]
100%|██████████| 1/1 [00:00<00:00,  3.11it/s]

  0%|          | 0/1 [00:00<?, ?it/s]
100%|██████████| 1/1 [00:00<00:00,  1.96it/s]
100%|██████████| 1/1 [00:00<00:00,  1.95it/s]

  0%|          | 0/1 [00:00<?, ?it/s]
100%|██████████| 1/1 [00:00<00:00,  3.40it/s]
100%|██████████| 1/1 [00:00<00:00,  3.40it/s]

  0%|          | 0/1 [00:00<?, ?it/s]
100%|██████████| 1/1 [00:00<00:00,  3.50it/s]
100%|██████████| 1/1 [00:00<00:00,  3.50it/s]

  0%|          | 0/1 [00:00<?, ?it/s]
100%|██████████| 1/1 [00:00<00:00,  3.47it/s]
100%|██████████| 1/1 [00:00<00:00,  3.46it/s]

  0%|          | 0/1 [00:00<?, ?it/s]
100%|██████████| 1/1 [00:00<00:00,  3.59it/s]
100%|██████████| 1/1 [00:00<00:00,  3.59it/s]

  0%|          | 0/1 [00:00<?, ?it/s]
100%|██████████| 1/1 [00:00<00:00,  3.63it/s]
100%|██████████| 1/1 [00:00<00:00,  3.63it/s]

  0%|          | 0/1 [00:00<?, ?it/s]
100%|██████████| 1/1 [00:00<00:00,  3.65it/s]
100%|██████████| 1/1 [00:00<00:00,  3.65it/s]

  0%|          | 0/1 [00:00<?, ?it/s]
100%|██████████| 1/1 [00:00<00:00,  3.53it/s]
100%|██████████| 1/1 [00:00<00:00,  3.52it/s]

  0%|          | 0/1 [00:00<?, ?it/s]
100%|██████████| 1/1 [00:00<00:00,  3.65it/s]
100%|██████████| 1/1 [00:00<00:00,  3.64it/s]

  0%|          | 0/1 [00:00<?, ?it/s]
100%|██████████| 1/1 [00:00<00:00,  3.68it/s]
100%|██████████| 1/1 [00:00<00:00,  3.67it/s]

  0%|          | 0/1 [00:00<?, ?it/s]
100%|██████████| 1/1 [00:00<00:00,  3.63it/s]
100%|██████████| 1/1 [00:00<00:00,  3.63it/s]

  0%|          | 0/1 [00:00<?, ?it/s]
100%|██████████| 1/1 [00:00<00:00,  3.58it/s]
100%|██████████| 1/1 [00:00<00:00,  3.57it/s]

  0%|          | 0/1 [00:00<?, ?it/s]
100%|██████████| 1/1 [00:00<00:00,  3.54it/s]
100%|██████████| 1/1 [00:00<00:00,  3.53it/s]

  0%|          | 0/1 [00:00<?, ?it/s]
100%|██████████| 1/1 [00:00<00:00,  3.62it/s]
100%|██████████| 1/1 [00:00<00:00,  3.61it/s]

  0%|          | 0/1 [00:00<?, ?it/s]
100%|██████████| 1/1 [00:00<00:00,  3.59it/s]
100%|██████████| 1/1 [00:00<00:00,  3.58it/s]

  0%|          | 0/1 [00:00<?, ?it/s]
100%|██████████| 1/1 [00:00<00:00,  3.57it/s]
100%|██████████| 1/1 [00:00<00:00,  3.56it/s]

  0%|          | 0/1 [00:00<?, ?it/s]
100%|██████████| 1/1 [00:00<00:00,  3.45it/s]
100%|██████████| 1/1 [00:00<00:00,  3.45it/s]

  0%|          | 0/1 [00:00<?, ?it/s]
100%|██████████| 1/1 [00:00<00:00,  3.46it/s]
100%|██████████| 1/1 [00:00<00:00,  3.46it/s]

  0%|          | 0/1 [00:00<?, ?it/s]
100%|██████████| 1/1 [00:00<00:00,  3.44it/s]
100%|██████████| 1/1 [00:00<00:00,  3.44it/s]

  0%|          | 0/1 [00:00<?, ?it/s]
100%|██████████| 1/1 [00:00<00:00,  3.34it/s]
100%|██████████| 1/1 [00:00<00:00,  3.33it/s]

  0%|          | 0/1 [00:00<?, ?it/s]
100%|██████████| 1/1 [00:00<00:00,  3.57it/s]
100%|██████████| 1/1 [00:00<00:00,  3.57it/s]

  0%|          | 0/1 [00:00<?, ?it/s]
100%|██████████| 1/1 [00:00<00:00,  3.33it/s]
100%|██████████| 1/1 [00:00<00:00,  3.32it/s]

  0%|          | 0/1 [00:00<?, ?it/s]
100%|██████████| 1/1 [00:00<00:00,  3.17it/s]
100%|██████████| 1/1 [00:00<00:00,  3.17it/s]

  0%|          | 0/1 [00:00<?, ?it/s]
100%|██████████| 1/1 [00:00<00:00,  3.13it/s]
100%|██████████| 1/1 [00:00<00:00,  3.13it/s]

  0%|          | 0/1 [00:00<?, ?it/s]
100%|██████████| 1/1 [00:00<00:00,  2.16it/s]
100%|██████████| 1/1 [00:00<00:00,  2.16it/s]

  0%|          | 0/1 [00:00<?, ?it/s]
100%|██████████| 1/1 [00:00<00:00,  3.14it/s]
100%|██████████| 1/1 [00:00<00:00,  3.14it/s]

  0%|          | 0/1 [00:00<?, ?it/s]
100%|██████████| 1/1 [00:00<00:00,  3.34it/s]
100%|██████████| 1/1 [00:00<00:00,  3.34it/s]

  0%|          | 0/1 [00:00<?, ?it/s]
100%|██████████| 1/1 [00:00<00:00,  2.86it/s]
100%|██████████| 1/1 [00:00<00:00,  2.85it/s]

  0%|          | 0/1 [00:00<?, ?it/s]
100%|██████████| 1/1 [00:00<00:00,  3.70it/s]
100%|██████████| 1/1 [00:00<00:00,  3.70it/s]

  0%|          | 0/1 [00:00<?, ?it/s]
100%|██████████| 1/1 [00:00<00:00,  3.57it/s]
100%|██████████| 1/1 [00:00<00:00,  3.57it/s]

  0%|          | 0/1 [00:00<?, ?it/s]
100%|██████████| 1/1 [00:00<00:00,  3.71it/s]
100%|██████████| 1/1 [00:00<00:00,  3.70it/s]

  0%|          | 0/1 [00:00<?, ?it/s]
100%|██████████| 1/1 [00:00<00:00,  3.52it/s]
100%|██████████| 1/1 [00:00<00:00,  3.52it/s]

  0%|          | 0/1 [00:00<?, ?it/s]
100%|██████████| 1/1 [00:00<00:00,  3.73it/s]
100%|██████████| 1/1 [00:00<00:00,  3.73it/s]

  0%|          | 0/1 [00:00<?, ?it/s]
100%|██████████| 1/1 [00:00<00:00,  3.67it/s]
100%|██████████| 1/1 [00:00<00:00,  3.66it/s]

  0%|          | 0/1 [00:00<?, ?it/s]
100%|██████████| 1/1 [00:00<00:00,  3.56it/s]
100%|██████████| 1/1 [00:00<00:00,  3.55it/s]

  0%|          | 0/1 [00:00<?, ?it/s]
100%|██████████| 1/1 [00:00<00:00,  3.72it/s]
100%|██████████| 1/1 [00:00<00:00,  3.72it/s]

  0%|          | 0/1 [00:00<?, ?it/s]
100%|██████████| 1/1 [00:00<00:00,  3.67it/s]
100%|██████████| 1/1 [00:00<00:00,  3.67it/s]

  0%|          | 0/1 [00:00<?, ?it/s]
100%|██████████| 1/1 [00:00<00:00,  3.51it/s]
100%|██████████| 1/1 [00:00<00:00,  3.50it/s]

  0%|          | 0/1 [00:00<?, ?it/s]
100%|██████████| 1/1 [00:00<00:00,  3.68it/s]
100%|██████████| 1/1 [00:00<00:00,  3.67it/s]

  0%|          | 0/1 [00:00<?, ?it/s]
100%|██████████| 1/1 [00:00<00:00,  3.68it/s]
100%|██████████| 1/1 [00:00<00:00,  3.67it/s]

  0%|          | 0/1 [00:00<?, ?it/s]
100%|██████████| 1/1 [00:00<00:00,  3.44it/s]
100%|██████████| 1/1 [00:00<00:00,  3.43it/s]

  0%|          | 0/1 [00:00<?, ?it/s]
100%|██████████| 1/1 [00:00<00:00,  3.60it/s]
100%|██████████| 1/1 [00:00<00:00,  3.60it/s]

  0%|          | 0/1 [00:00<?, ?it/s]
100%|██████████| 1/1 [00:00<00:00,  3.79it/s]
100%|██████████| 1/1 [00:00<00:00,  3.78it/s]

  0%|          | 0/1 [00:00<?, ?it/s]
100%|██████████| 1/1 [00:00<00:00,  3.67it/s]
100%|██████████| 1/1 [00:00<00:00,  3.67it/s]

  0%|          | 0/1 [00:00<?, ?it/s]
100%|██████████| 1/1 [00:00<00:00,  3.64it/s]
100%|██████████| 1/1 [00:00<00:00,  3.63it/s]

  0%|          | 0/1 [00:00<?, ?it/s]
100%|██████████| 1/1 [00:00<00:00,  3.81it/s]
100%|██████████| 1/1 [00:00<00:00,  3.81it/s]

  0%|          | 0/1 [00:00<?, ?it/s]
100%|██████████| 1/1 [00:00<00:00,  3.73it/s]
100%|██████████| 1/1 [00:00<00:00,  3.73it/s]

  0%|          | 0/1 [00:00<?, ?it/s]
100%|██████████| 1/1 [00:00<00:00,  3.71it/s]
100%|██████████| 1/1 [00:00<00:00,  3.71it/s]

  0%|          | 0/1 [00:00<?, ?it/s]
100%|██████████| 1/1 [00:00<00:00,  3.73it/s]
100%|██████████| 1/1 [00:00<00:00,  3.73it/s]

  0%|          | 0/1 [00:00<?, ?it/s]
100%|██████████| 1/1 [00:00<00:00,  3.56it/s]
100%|██████████| 1/1 [00:00<00:00,  3.55it/s]

  0%|          | 0/1 [00:00<?, ?it/s]
100%|██████████| 1/1 [00:00<00:00,  3.74it/s]
100%|██████████| 1/1 [00:00<00:00,  3.74it/s]

  0%|          | 0/1 [00:00<?, ?it/s]
100%|██████████| 1/1 [00:00<00:00,  1.92it/s]
100%|██████████| 1/1 [00:00<00:00,  1.92it/s]

  0%|          | 0/1 [00:00<?, ?it/s]
100%|██████████| 1/1 [00:00<00:00,  3.77it/s]
100%|██████████| 1/1 [00:00<00:00,  3.77it/s]

  0%|          | 0/1 [00:00<?, ?it/s]
100%|██████████| 1/1 [00:00<00:00,  3.53it/s]
100%|██████████| 1/1 [00:00<00:00,  3.53it/s]

  0%|          | 0/1 [00:00<?, ?it/s]
100%|██████████| 1/1 [00:00<00:00,  3.39it/s]
100%|██████████| 1/1 [00:00<00:00,  3.39it/s]

  0%|          | 0/1 [00:00<?, ?it/s]
100%|██████████| 1/1 [00:00<00:00,  3.56it/s]
100%|██████████| 1/1 [00:00<00:00,  3.56it/s]

  0%|          | 0/1 [00:00<?, ?it/s]
100%|██████████| 1/1 [00:00<00:00,  3.63it/s]
100%|██████████| 1/1 [00:00<00:00,  3.63it/s]

  0%|          | 0/1 [00:00<?, ?it/s]
100%|██████████| 1/1 [00:00<00:00,  3.57it/s]
100%|██████████| 1/1 [00:00<00:00,  3.57it/s]

  0%|          | 0/1 [00:00<?, ?it/s]
100%|██████████| 1/1 [00:00<00:00,  3.58it/s]
100%|██████████| 1/1 [00:00<00:00,  3.58it/s]

  0%|          | 0/1 [00:00<?, ?it/s]
100%|██████████| 1/1 [00:00<00:00,  3.74it/s]
100%|██████████| 1/1 [00:00<00:00,  3.74it/s]

  0%|          | 0/1 [00:00<?, ?it/s]
100%|██████████| 1/1 [00:00<00:00,  2.47it/s]
100%|██████████| 1/1 [00:00<00:00,  2.47it/s]

  0%|          | 0/1 [00:00<?, ?it/s]
100%|██████████| 1/1 [00:00<00:00,  2.19it/s]
100%|██████████| 1/1 [00:00<00:00,  2.19it/s]

  0%|          | 0/1 [00:00<?, ?it/s]
100%|██████████| 1/1 [00:00<00:00,  2.88it/s]
100%|██████████| 1/1 [00:00<00:00,  2.88it/s]

  0%|          | 0/1 [00:00<?, ?it/s]
100%|██████████| 1/1 [00:00<00:00,  2.80it/s]
100%|██████████| 1/1 [00:00<00:00,  2.80it/s]

  0%|          | 0/1 [00:00<?, ?it/s]
100%|██████████| 1/1 [00:00<00:00,  2.96it/s]
100%|██████████| 1/1 [00:00<00:00,  2.95it/s]

  0%|          | 0/1 [00:00<?, ?it/s]
100%|██████████| 1/1 [00:00<00:00,  2.63it/s]
100%|██████████| 1/1 [00:00<00:00,  2.63it/s]

  0%|          | 0/1 [00:00<?, ?it/s]
100%|██████████| 1/1 [00:00<00:00,  2.81it/s]
100%|██████████| 1/1 [00:00<00:00,  2.81it/s]

  0%|          | 0/1 [00:00<?, ?it/s]
100%|██████████| 1/1 [00:00<00:00,  2.80it/s]
100%|██████████| 1/1 [00:00<00:00,  2.79it/s]

  0%|          | 0/1 [00:00<?, ?it/s]
100%|██████████| 1/1 [00:00<00:00,  2.88it/s]
100%|██████████| 1/1 [00:00<00:00,  2.88it/s]

  0%|          | 0/1 [00:00<?, ?it/s]
100%|██████████| 1/1 [00:00<00:00,  3.00it/s]
100%|██████████| 1/1 [00:00<00:00,  3.00it/s]

  0%|          | 0/1 [00:00<?, ?it/s]
100%|██████████| 1/1 [00:00<00:00,  3.16it/s]
100%|██████████| 1/1 [00:00<00:00,  3.16it/s]

  0%|          | 0/1 [00:00<?, ?it/s]
100%|██████████| 1/1 [00:00<00:00,  3.29it/s]
100%|██████████| 1/1 [00:00<00:00,  3.29it/s]

  0%|          | 0/1 [00:00<?, ?it/s]
100%|██████████| 1/1 [00:00<00:00,  2.56it/s]
100%|██████████| 1/1 [00:00<00:00,  2.56it/s]

  0%|          | 0/1 [00:00<?, ?it/s]
100%|██████████| 1/1 [00:00<00:00,  3.54it/s]
100%|██████████| 1/1 [00:00<00:00,  3.54it/s]

  0%|          | 0/1 [00:00<?, ?it/s]
100%|██████████| 1/1 [00:00<00:00,  3.74it/s]
100%|██████████| 1/1 [00:00<00:00,  3.73it/s]

  0%|          | 0/1 [00:00<?, ?it/s]
100%|██████████| 1/1 [00:00<00:00,  2.52it/s]
100%|██████████| 1/1 [00:00<00:00,  2.51it/s]

  0%|          | 0/1 [00:00<?, ?it/s]
100%|██████████| 1/1 [00:00<00:00,  3.57it/s]
100%|██████████| 1/1 [00:00<00:00,  3.56it/s]

  0%|          | 0/1 [00:00<?, ?it/s]
100%|██████████| 1/1 [00:00<00:00,  3.93it/s]
100%|██████████| 1/1 [00:00<00:00,  3.92it/s]

  0%|          | 0/1 [00:00<?, ?it/s]
100%|██████████| 1/1 [00:00<00:00,  3.75it/s]
100%|██████████| 1/1 [00:00<00:00,  3.75it/s]

  0%|          | 0/1 [00:00<?, ?it/s]
100%|██████████| 1/1 [00:00<00:00,  3.95it/s]
100%|██████████| 1/1 [00:00<00:00,  3.95it/s]

  0%|          | 0/1 [00:00<?, ?it/s]
100%|██████████| 1/1 [00:00<00:00,  3.90it/s]
100%|██████████| 1/1 [00:00<00:00,  3.90it/s]

  0%|          | 0/1 [00:00<?, ?it/s]
100%|██████████| 1/1 [00:00<00:00,  3.94it/s]
100%|██████████| 1/1 [00:00<00:00,  3.94it/s]

  0%|          | 0/1 [00:00<?, ?it/s]
100%|██████████| 1/1 [00:00<00:00,  3.67it/s]
100%|██████████| 1/1 [00:00<00:00,  3.67it/s]

  0%|          | 0/1 [00:00<?, ?it/s]
100%|██████████| 1/1 [00:00<00:00,  3.48it/s]
100%|██████████| 1/1 [00:00<00:00,  3.48it/s]

  0%|          | 0/1 [00:00<?, ?it/s]
100%|██████████| 1/1 [00:00<00:00,  1.98it/s]
100%|██████████| 1/1 [00:00<00:00,  1.97it/s]

  0%|          | 0/1 [00:00<?, ?it/s]
100%|██████████| 1/1 [00:00<00:00,  2.96it/s]
100%|██████████| 1/1 [00:00<00:00,  2.96it/s]

  0%|          | 0/1 [00:00<?, ?it/s]
100%|██████████| 1/1 [00:00<00:00,  2.85it/s]
100%|██████████| 1/1 [00:00<00:00,  2.85it/s]

  0%|          | 0/1 [00:00<?, ?it/s]
100%|██████████| 1/1 [00:00<00:00,  2.75it/s]
100%|██████████| 1/1 [00:00<00:00,  2.75it/s]

  0%|          | 0/1 [00:00<?, ?it/s]
100%|██████████| 1/1 [00:00<00:00,  2.75it/s]
100%|██████████| 1/1 [00:00<00:00,  2.75it/s]

  0%|          | 0/1 [00:00<?, ?it/s]
100%|██████████| 1/1 [00:00<00:00,  2.72it/s]
100%|██████████| 1/1 [00:00<00:00,  2.72it/s]

  0%|          | 0/1 [00:00<?, ?it/s]
100%|██████████| 1/1 [00:00<00:00,  3.00it/s]
100%|██████████| 1/1 [00:00<00:00,  3.00it/s]

  0%|          | 0/1 [00:00<?, ?it/s]
100%|██████████| 1/1 [00:00<00:00,  1.53it/s]
100%|██████████| 1/1 [00:00<00:00,  1.53it/s]

  0%|          | 0/1 [00:00<?, ?it/s]
100%|██████████| 1/1 [00:00<00:00,  2.64it/s]
100%|██████████| 1/1 [00:00<00:00,  2.64it/s]

  0%|          | 0/1 [00:00<?, ?it/s]
100%|██████████| 1/1 [00:00<00:00,  2.86it/s]
100%|██████████| 1/1 [00:00<00:00,  2.86it/s]

  0%|          | 0/1 [00:00<?, ?it/s]
100%|██████████| 1/1 [00:00<00:00,  1.29it/s]
100%|██████████| 1/1 [00:00<00:00,  1.29it/s]

  0%|          | 0/1 [00:00<?, ?it/s]
100%|██████████| 1/1 [00:00<00:00,  2.95it/s]
100%|██████████| 1/1 [00:00<00:00,  2.94it/s]

  0%|          | 0/1 [00:00<?, ?it/s]
100%|██████████| 1/1 [00:00<00:00,  1.95it/s]
100%|██████████| 1/1 [00:00<00:00,  1.95it/s]

  0%|          | 0/1 [00:00<?, ?it/s]
100%|██████████| 1/1 [00:00<00:00,  2.31it/s]
100%|██████████| 1/1 [00:00<00:00,  2.31it/s]

  0%|          | 0/1 [00:00<?, ?it/s]
100%|██████████| 1/1 [00:00<00:00,  2.10it/s]
100%|██████████| 1/1 [00:00<00:00,  2.10it/s]

  0%|          | 0/1 [00:00<?, ?it/s]
100%|██████████| 1/1 [00:00<00:00,  2.85it/s]
100%|██████████| 1/1 [00:00<00:00,  2.84it/s]

  0%|          | 0/1 [00:00<?, ?it/s]
100%|██████████| 1/1 [00:00<00:00,  3.08it/s]
100%|██████████| 1/1 [00:00<00:00,  3.08it/s]

  0%|          | 0/1 [00:00<?, ?it/s]
100%|██████████| 1/1 [00:00<00:00,  2.65it/s]
100%|██████████| 1/1 [00:00<00:00,  2.65it/s]

  0%|          | 0/1 [00:00<?, ?it/s]
100%|██████████| 1/1 [00:00<00:00,  1.83it/s]
100%|██████████| 1/1 [00:00<00:00,  1.83it/s]

  0%|          | 0/1 [00:00<?, ?it/s]
100%|██████████| 1/1 [00:00<00:00,  3.22it/s]
100%|██████████| 1/1 [00:00<00:00,  3.22it/s]

  0%|          | 0/1 [00:00<?, ?it/s]
100%|██████████| 1/1 [00:00<00:00,  3.13it/s]
100%|██████████| 1/1 [00:00<00:00,  3.13it/s]

  0%|          | 0/1 [00:00<?, ?it/s]
100%|██████████| 1/1 [00:00<00:00,  2.94it/s]
100%|██████████| 1/1 [00:00<00:00,  2.93it/s]

  0%|          | 0/1 [00:00<?, ?it/s]
100%|██████████| 1/1 [00:00<00:00,  3.09it/s]
100%|██████████| 1/1 [00:00<00:00,  3.09it/s]

  0%|          | 0/1 [00:00<?, ?it/s]
100%|██████████| 1/1 [00:00<00:00,  3.02it/s]
100%|██████████| 1/1 [00:00<00:00,  3.02it/s]

  0%|          | 0/1 [00:00<?, ?it/s]
100%|██████████| 1/1 [00:00<00:00,  1.86it/s]
100%|██████████| 1/1 [00:00<00:00,  1.86it/s]

  0%|          | 0/1 [00:00<?, ?it/s]
100%|██████████| 1/1 [00:00<00:00,  2.90it/s]
100%|██████████| 1/1 [00:00<00:00,  2.90it/s]

  0%|          | 0/1 [00:00<?, ?it/s]
100%|██████████| 1/1 [00:00<00:00,  3.49it/s]
100%|██████████| 1/1 [00:00<00:00,  3.49it/s]

  0%|          | 0/1 [00:00<?, ?it/s]
100%|██████████| 1/1 [00:00<00:00,  3.16it/s]
100%|██████████| 1/1 [00:00<00:00,  3.16it/s]

  0%|          | 0/1 [00:00<?, ?it/s]
100%|██████████| 1/1 [00:00<00:00,  2.98it/s]
100%|██████████| 1/1 [00:00<00:00,  2.97it/s]

  0%|          | 0/1 [00:00<?, ?it/s]
100%|██████████| 1/1 [00:00<00:00,  3.19it/s]
100%|██████████| 1/1 [00:00<00:00,  3.19it/s]

  0%|          | 0/1 [00:00<?, ?it/s]
100%|██████████| 1/1 [00:00<00:00,  3.51it/s]
100%|██████████| 1/1 [00:00<00:00,  3.51it/s]

  0%|          | 0/1 [00:00<?, ?it/s]
100%|██████████| 1/1 [00:00<00:00,  3.23it/s]
100%|██████████| 1/1 [00:00<00:00,  3.22it/s]

  0%|          | 0/1 [00:00<?, ?it/s]
100%|██████████| 1/1 [00:00<00:00,  3.56it/s]
100%|██████████| 1/1 [00:00<00:00,  3.56it/s]

  0%|          | 0/1 [00:00<?, ?it/s]
100%|██████████| 1/1 [00:00<00:00,  3.41it/s]
100%|██████████| 1/1 [00:00<00:00,  3.41it/s]

  0%|          | 0/1 [00:00<?, ?it/s]
100%|██████████| 1/1 [00:00<00:00,  3.36it/s]
100%|██████████| 1/1 [00:00<00:00,  3.36it/s]

  0%|          | 0/1 [00:00<?, ?it/s]
100%|██████████| 1/1 [00:00<00:00,  3.10it/s]
100%|██████████| 1/1 [00:00<00:00,  3.09it/s]

  0%|          | 0/1 [00:00<?, ?it/s]
100%|██████████| 1/1 [00:00<00:00,  3.39it/s]
100%|██████████| 1/1 [00:00<00:00,  3.39it/s]

  0%|          | 0/1 [00:00<?, ?it/s]
100%|██████████| 1/1 [00:00<00:00,  3.54it/s]
100%|██████████| 1/1 [00:00<00:00,  3.54it/s]

  0%|          | 0/1 [00:00<?, ?it/s]
100%|██████████| 1/1 [00:00<00:00,  3.49it/s]
100%|██████████| 1/1 [00:00<00:00,  3.48it/s]

  0%|          | 0/1 [00:00<?, ?it/s]
100%|██████████| 1/1 [00:00<00:00,  3.44it/s]
100%|██████████| 1/1 [00:00<00:00,  3.44it/s]

  0%|          | 0/1 [00:00<?, ?it/s]
100%|██████████| 1/1 [00:00<00:00,  3.66it/s]
100%|██████████| 1/1 [00:00<00:00,  3.66it/s]

  0%|          | 0/1 [00:00<?, ?it/s]
100%|██████████| 1/1 [00:00<00:00,  3.68it/s]
100%|██████████| 1/1 [00:00<00:00,  3.68it/s]

  0%|          | 0/1 [00:00<?, ?it/s]
100%|██████████| 1/1 [00:00<00:00,  3.66it/s]
100%|██████████| 1/1 [00:00<00:00,  3.66it/s]

  0%|          | 0/1 [00:00<?, ?it/s]
100%|██████████| 1/1 [00:00<00:00,  3.61it/s]
100%|██████████| 1/1 [00:00<00:00,  3.61it/s]

  0%|          | 0/1 [00:00<?, ?it/s]
100%|██████████| 1/1 [00:00<00:00,  3.57it/s]
100%|██████████| 1/1 [00:00<00:00,  3.57it/s]

  0%|          | 0/1 [00:00<?, ?it/s]
100%|██████████| 1/1 [00:00<00:00,  3.60it/s]
100%|██████████| 1/1 [00:00<00:00,  3.59it/s]

  0%|          | 0/1 [00:00<?, ?it/s]
100%|██████████| 1/1 [00:00<00:00,  3.42it/s]
100%|██████████| 1/1 [00:00<00:00,  3.42it/s]

  0%|          | 0/1 [00:00<?, ?it/s]
100%|██████████| 1/1 [00:00<00:00,  3.37it/s]
100%|██████████| 1/1 [00:00<00:00,  3.36it/s]

  0%|          | 0/1 [00:00<?, ?it/s]
100%|██████████| 1/1 [00:00<00:00,  3.58it/s]
100%|██████████| 1/1 [00:00<00:00,  3.58it/s]

  0%|          | 0/1 [00:00<?, ?it/s]
100%|██████████| 1/1 [00:00<00:00,  3.64it/s]
100%|██████████| 1/1 [00:00<00:00,  3.63it/s]

  0%|          | 0/1 [00:00<?, ?it/s]
100%|██████████| 1/1 [00:00<00:00,  3.56it/s]
100%|██████████| 1/1 [00:00<00:00,  3.56it/s]

  0%|          | 0/1 [00:00<?, ?it/s]
100%|██████████| 1/1 [00:00<00:00,  3.63it/s]
100%|██████████| 1/1 [00:00<00:00,  3.62it/s]

  0%|          | 0/1 [00:00<?, ?it/s]
100%|██████████| 1/1 [00:00<00:00,  3.57it/s]
100%|██████████| 1/1 [00:00<00:00,  3.57it/s]

  0%|          | 0/1 [00:00<?, ?it/s]
100%|██████████| 1/1 [00:00<00:00,  3.61it/s]
100%|██████████| 1/1 [00:00<00:00,  3.61it/s]

  0%|          | 0/1 [00:00<?, ?it/s]
100%|██████████| 1/1 [00:00<00:00,  3.59it/s]
100%|██████████| 1/1 [00:00<00:00,  3.58it/s]

  0%|          | 0/1 [00:00<?, ?it/s]
100%|██████████| 1/1 [00:00<00:00,  3.54it/s]
100%|██████████| 1/1 [00:00<00:00,  3.54it/s]

  0%|          | 0/1 [00:00<?, ?it/s]
100%|██████████| 1/1 [00:00<00:00,  3.47it/s]
100%|██████████| 1/1 [00:00<00:00,  3.47it/s]

  0%|          | 0/1 [00:00<?, ?it/s]
100%|██████████| 1/1 [00:00<00:00,  3.61it/s]
100%|██████████| 1/1 [00:00<00:00,  3.61it/s]

  0%|          | 0/1 [00:00<?, ?it/s]
100%|██████████| 1/1 [00:00<00:00,  3.37it/s]
100%|██████████| 1/1 [00:00<00:00,  3.36it/s]

  0%|          | 0/1 [00:00<?, ?it/s]
100%|██████████| 1/1 [00:00<00:00,  3.62it/s]
100%|██████████| 1/1 [00:00<00:00,  3.61it/s]

  0%|          | 0/1 [00:00<?, ?it/s]
100%|██████████| 1/1 [00:00<00:00,  3.42it/s]
100%|██████████| 1/1 [00:00<00:00,  3.41it/s]

  0%|          | 0/1 [00:00<?, ?it/s]
100%|██████████| 1/1 [00:00<00:00,  3.46it/s]
100%|██████████| 1/1 [00:00<00:00,  3.45it/s]

  0%|          | 0/1 [00:00<?, ?it/s]
100%|██████████| 1/1 [00:00<00:00,  3.58it/s]
100%|██████████| 1/1 [00:00<00:00,  3.58it/s]

  0%|          | 0/1 [00:00<?, ?it/s]
100%|██████████| 1/1 [00:00<00:00,  3.27it/s]
100%|██████████| 1/1 [00:00<00:00,  3.27it/s]

  0%|          | 0/1 [00:00<?, ?it/s]
100%|██████████| 1/1 [00:00<00:00,  3.56it/s]
100%|██████████| 1/1 [00:00<00:00,  3.56it/s]

  0%|          | 0/1 [00:00<?, ?it/s]
100%|██████████| 1/1 [00:00<00:00,  3.52it/s]
100%|██████████| 1/1 [00:00<00:00,  3.52it/s]

  0%|          | 0/1 [00:00<?, ?it/s]
100%|██████████| 1/1 [00:00<00:00,  2.02it/s]
100%|██████████| 1/1 [00:00<00:00,  2.01it/s]

  0%|          | 0/1 [00:00<?, ?it/s]
100%|██████████| 1/1 [00:00<00:00,  3.11it/s]
100%|██████████| 1/1 [00:00<00:00,  3.11it/s]

  0%|          | 0/1 [00:00<?, ?it/s]
100%|██████████| 1/1 [00:00<00:00,  3.32it/s]
100%|██████████| 1/1 [00:00<00:00,  3.32it/s]

  0%|          | 0/1 [00:00<?, ?it/s]
100%|██████████| 1/1 [00:00<00:00,  2.23it/s]
100%|██████████| 1/1 [00:00<00:00,  2.23it/s]

  0%|          | 0/1 [00:00<?, ?it/s]
100%|██████████| 1/1 [00:00<00:00,  2.08it/s]
100%|██████████| 1/1 [00:00<00:00,  2.08it/s]

  0%|          | 0/1 [00:00<?, ?it/s]
100%|██████████| 1/1 [00:00<00:00,  2.97it/s]
100%|██████████| 1/1 [00:00<00:00,  2.97it/s]

  0%|          | 0/1 [00:00<?, ?it/s]
100%|██████████| 1/1 [00:00<00:00,  2.29it/s]
100%|██████████| 1/1 [00:00<00:00,  2.29it/s]

  0%|          | 0/1 [00:00<?, ?it/s]
100%|██████████| 1/1 [00:00<00:00,  2.26it/s]
100%|██████████| 1/1 [00:00<00:00,  2.26it/s]

  0%|          | 0/1 [00:00<?, ?it/s]
100%|██████████| 1/1 [00:00<00:00,  3.32it/s]
100%|██████████| 1/1 [00:00<00:00,  3.31it/s]

  0%|          | 0/1 [00:00<?, ?it/s]
100%|██████████| 1/1 [00:00<00:00,  2.51it/s]
100%|██████████| 1/1 [00:00<00:00,  2.51it/s]

  0%|          | 0/1 [00:00<?, ?it/s]
100%|██████████| 1/1 [00:00<00:00,  2.16it/s]
100%|██████████| 1/1 [00:00<00:00,  2.16it/s]

  0%|          | 0/1 [00:00<?, ?it/s]
100%|██████████| 1/1 [00:00<00:00,  2.81it/s]
100%|██████████| 1/1 [00:00<00:00,  2.81it/s]

  0%|          | 0/1 [00:00<?, ?it/s]
100%|██████████| 1/1 [00:00<00:00,  2.60it/s]
100%|██████████| 1/1 [00:00<00:00,  2.60it/s]

  0%|          | 0/1 [00:00<?, ?it/s]
100%|██████████| 1/1 [00:00<00:00,  3.05it/s]
100%|██████████| 1/1 [00:00<00:00,  3.05it/s]

  0%|          | 0/1 [00:00<?, ?it/s]
100%|██████████| 1/1 [00:00<00:00,  1.45it/s]
100%|██████████| 1/1 [00:00<00:00,  1.45it/s]

  0%|          | 0/1 [00:00<?, ?it/s]
100%|██████████| 1/1 [00:00<00:00,  2.97it/s]
100%|██████████| 1/1 [00:00<00:00,  2.96it/s]

  0%|          | 0/1 [00:00<?, ?it/s]
100%|██████████| 1/1 [00:00<00:00,  2.48it/s]
100%|██████████| 1/1 [00:00<00:00,  2.47it/s]

  0%|          | 0/1 [00:00<?, ?it/s]
100%|██████████| 1/1 [00:00<00:00,  2.81it/s]
100%|██████████| 1/1 [00:00<00:00,  2.81it/s]

  0%|          | 0/1 [00:00<?, ?it/s]
100%|██████████| 1/1 [00:00<00:00,  3.02it/s]
100%|██████████| 1/1 [00:00<00:00,  3.02it/s]

  0%|          | 0/1 [00:00<?, ?it/s]
100%|██████████| 1/1 [00:00<00:00,  3.31it/s]
100%|██████████| 1/1 [00:00<00:00,  3.30it/s]

  0%|          | 0/1 [00:00<?, ?it/s]
100%|██████████| 1/1 [00:00<00:00,  2.40it/s]
100%|██████████| 1/1 [00:00<00:00,  2.40it/s]

  0%|          | 0/1 [00:00<?, ?it/s]
100%|██████████| 1/1 [00:00<00:00,  1.96it/s]
100%|██████████| 1/1 [00:00<00:00,  1.96it/s]

  0%|          | 0/1 [00:00<?, ?it/s]
100%|██████████| 1/1 [00:00<00:00,  3.50it/s]
100%|██████████| 1/1 [00:00<00:00,  3.50it/s]

  0%|          | 0/1 [00:00<?, ?it/s]
100%|██████████| 1/1 [00:01<00:00,  1.16s/it]
100%|██████████| 1/1 [00:01<00:00,  1.16s/it]

  0%|          | 0/1 [00:00<?, ?it/s]
100%|██████████| 1/1 [00:00<00:00,  2.55it/s]
100%|██████████| 1/1 [00:00<00:00,  2.55it/s]

  0%|          | 0/1 [00:00<?, ?it/s]
100%|██████████| 1/1 [00:01<00:00,  1.04s/it]
100%|██████████| 1/1 [00:01<00:00,  1.04s/it]

  0%|          | 0/1 [00:00<?, ?it/s]
100%|██████████| 1/1 [00:00<00:00,  1.16it/s]
100%|██████████| 1/1 [00:00<00:00,  1.16it/s]

  0%|          | 0/1 [00:00<?, ?it/s]
100%|██████████| 1/1 [00:01<00:00,  1.11s/it]
100%|██████████| 1/1 [00:01<00:00,  1.11s/it]

  0%|          | 0/1 [00:00<?, ?it/s]
100%|██████████| 1/1 [00:00<00:00,  2.85it/s]
100%|██████████| 1/1 [00:00<00:00,  2.85it/s]

  0%|          | 0/1 [00:00<?, ?it/s]
100%|██████████| 1/1 [00:00<00:00,  3.01it/s]
100%|██████████| 1/1 [00:00<00:00,  3.01it/s]

  0%|          | 0/1 [00:00<?, ?it/s]
100%|██████████| 1/1 [00:01<00:00,  1.10s/it]
100%|██████████| 1/1 [00:01<00:00,  1.10s/it]

  0%|          | 0/1 [00:00<?, ?it/s]
100%|██████████| 1/1 [00:00<00:00,  3.17it/s]
100%|██████████| 1/1 [00:00<00:00,  3.17it/s]

  0%|          | 0/1 [00:00<?, ?it/s]
100%|██████████| 1/1 [00:00<00:00,  2.73it/s]
100%|██████████| 1/1 [00:00<00:00,  2.73it/s]

  0%|          | 0/1 [00:00<?, ?it/s]
100%|██████████| 1/1 [00:00<00:00,  1.92it/s]
100%|██████████| 1/1 [00:00<00:00,  1.91it/s]

  0%|          | 0/1 [00:00<?, ?it/s]
100%|██████████| 1/1 [00:00<00:00,  2.27it/s]
100%|██████████| 1/1 [00:00<00:00,  2.27it/s]

  0%|          | 0/1 [00:00<?, ?it/s]
100%|██████████| 1/1 [00:00<00:00,  2.30it/s]
100%|██████████| 1/1 [00:00<00:00,  2.30it/s]

  0%|          | 0/1 [00:00<?, ?it/s]
100%|██████████| 1/1 [00:00<00:00,  1.31it/s]
100%|██████████| 1/1 [00:00<00:00,  1.31it/s]

  0%|          | 0/1 [00:00<?, ?it/s]
100%|██████████| 1/1 [00:00<00:00,  2.56it/s]
100%|██████████| 1/1 [00:00<00:00,  2.56it/s]

  0%|          | 0/1 [00:00<?, ?it/s]
100%|██████████| 1/1 [00:00<00:00,  2.03it/s]
100%|██████████| 1/1 [00:00<00:00,  2.03it/s]

  0%|          | 0/1 [00:00<?, ?it/s]
100%|██████████| 1/1 [00:00<00:00,  2.75it/s]
100%|██████████| 1/1 [00:00<00:00,  2.75it/s]

  0%|          | 0/1 [00:00<?, ?it/s]
100%|██████████| 1/1 [00:00<00:00,  1.17it/s]
100%|██████████| 1/1 [00:00<00:00,  1.17it/s]

  0%|          | 0/1 [00:00<?, ?it/s]
100%|██████████| 1/1 [00:00<00:00,  2.18it/s]
100%|██████████| 1/1 [00:00<00:00,  2.18it/s]

  0%|          | 0/1 [00:00<?, ?it/s]
100%|██████████| 1/1 [00:00<00:00,  1.20it/s]
100%|██████████| 1/1 [00:00<00:00,  1.20it/s]

  0%|          | 0/1 [00:00<?, ?it/s]
100%|██████████| 1/1 [00:00<00:00,  2.25it/s]
100%|██████████| 1/1 [00:00<00:00,  2.24it/s]

  0%|          | 0/1 [00:00<?, ?it/s]
100%|██████████| 1/1 [00:00<00:00,  1.65it/s]
100%|██████████| 1/1 [00:00<00:00,  1.65it/s]

  0%|          | 0/1 [00:00<?, ?it/s]
100%|██████████| 1/1 [00:00<00:00,  3.34it/s]
100%|██████████| 1/1 [00:00<00:00,  3.34it/s]

  0%|          | 0/1 [00:00<?, ?it/s]
100%|██████████| 1/1 [00:00<00:00,  2.76it/s]
100%|██████████| 1/1 [00:00<00:00,  2.76it/s]

  0%|          | 0/1 [00:00<?, ?it/s]
100%|██████████| 1/1 [00:00<00:00,  3.15it/s]
100%|██████████| 1/1 [00:00<00:00,  3.15it/s]

  0%|          | 0/1 [00:00<?, ?it/s]
100%|██████████| 1/1 [00:00<00:00,  1.56it/s]
100%|██████████| 1/1 [00:00<00:00,  1.56it/s]

  0%|          | 0/1 [00:00<?, ?it/s]
100%|██████████| 1/1 [00:00<00:00,  2.62it/s]
100%|██████████| 1/1 [00:00<00:00,  2.62it/s]

  0%|          | 0/1 [00:00<?, ?it/s]
100%|██████████| 1/1 [00:00<00:00,  2.91it/s]
100%|██████████| 1/1 [00:00<00:00,  2.91it/s]

  0%|          | 0/1 [00:00<?, ?it/s]
100%|██████████| 1/1 [00:00<00:00,  2.82it/s]
100%|██████████| 1/1 [00:00<00:00,  2.82it/s]

  0%|          | 0/1 [00:00<?, ?it/s]
100%|██████████| 1/1 [00:00<00:00,  3.07it/s]
100%|██████████| 1/1 [00:00<00:00,  3.07it/s]

  0%|          | 0/1 [00:00<?, ?it/s]
100%|██████████| 1/1 [00:00<00:00,  3.18it/s]
100%|██████████| 1/1 [00:00<00:00,  3.18it/s]

  0%|          | 0/1 [00:00<?, ?it/s]
100%|██████████| 1/1 [00:00<00:00,  2.99it/s]
100%|██████████| 1/1 [00:00<00:00,  2.99it/s]

  0%|          | 0/1 [00:00<?, ?it/s]
100%|██████████| 1/1 [00:00<00:00,  3.05it/s]
100%|██████████| 1/1 [00:00<00:00,  3.04it/s]

  0%|          | 0/1 [00:00<?, ?it/s]
100%|██████████| 1/1 [00:00<00:00,  3.00it/s]
100%|██████████| 1/1 [00:00<00:00,  3.00it/s]

  0%|          | 0/1 [00:00<?, ?it/s]
100%|██████████| 1/1 [00:00<00:00,  3.21it/s]
100%|██████████| 1/1 [00:00<00:00,  3.21it/s]

  0%|          | 0/1 [00:00<?, ?it/s]
100%|██████████| 1/1 [00:00<00:00,  3.13it/s]
100%|██████████| 1/1 [00:00<00:00,  3.12it/s]

  0%|          | 0/1 [00:00<?, ?it/s]
100%|██████████| 1/1 [00:00<00:00,  3.51it/s]
100%|██████████| 1/1 [00:00<00:00,  3.51it/s]

  0%|          | 0/1 [00:00<?, ?it/s]
100%|██████████| 1/1 [00:00<00:00,  3.50it/s]
100%|██████████| 1/1 [00:00<00:00,  3.50it/s]

  0%|          | 0/1 [00:00<?, ?it/s]
100%|██████████| 1/1 [00:00<00:00,  3.59it/s]
100%|██████████| 1/1 [00:00<00:00,  3.59it/s]

  0%|          | 0/1 [00:00<?, ?it/s]
100%|██████████| 1/1 [00:00<00:00,  3.61it/s]
100%|██████████| 1/1 [00:00<00:00,  3.61it/s]

  0%|          | 0/1 [00:00<?, ?it/s]
100%|██████████| 1/1 [00:00<00:00,  3.63it/s]
100%|██████████| 1/1 [00:00<00:00,  3.63it/s]

  0%|          | 0/1 [00:00<?, ?it/s]
100%|██████████| 1/1 [00:00<00:00,  3.57it/s]
100%|██████████| 1/1 [00:00<00:00,  3.56it/s]

  0%|          | 0/1 [00:00<?, ?it/s]
100%|██████████| 1/1 [00:00<00:00,  3.65it/s]
100%|██████████| 1/1 [00:00<00:00,  3.65it/s]

  0%|          | 0/1 [00:00<?, ?it/s]
100%|██████████| 1/1 [00:00<00:00,  3.50it/s]
100%|██████████| 1/1 [00:00<00:00,  3.49it/s]

  0%|          | 0/1 [00:00<?, ?it/s]
100%|██████████| 1/1 [00:00<00:00,  3.62it/s]
100%|██████████| 1/1 [00:00<00:00,  3.62it/s]

  0%|          | 0/1 [00:00<?, ?it/s]
100%|██████████| 1/1 [00:00<00:00,  3.59it/s]
100%|██████████| 1/1 [00:00<00:00,  3.59it/s]

  0%|          | 0/1 [00:00<?, ?it/s]
100%|██████████| 1/1 [00:00<00:00,  3.81it/s]
100%|██████████| 1/1 [00:00<00:00,  3.81it/s]

  0%|          | 0/1 [00:00<?, ?it/s]
100%|██████████| 1/1 [00:00<00:00,  3.40it/s]
100%|██████████| 1/1 [00:00<00:00,  3.40it/s]

  0%|          | 0/1 [00:00<?, ?it/s]
100%|██████████| 1/1 [00:00<00:00,  3.20it/s]
100%|██████████| 1/1 [00:00<00:00,  3.19it/s]

  0%|          | 0/1 [00:00<?, ?it/s]
100%|██████████| 1/1 [00:00<00:00,  2.93it/s]
100%|██████████| 1/1 [00:00<00:00,  2.93it/s]

  0%|          | 0/1 [00:00<?, ?it/s]
100%|██████████| 1/1 [00:00<00:00,  3.12it/s]
100%|██████████| 1/1 [00:00<00:00,  3.12it/s]

  0%|          | 0/1 [00:00<?, ?it/s]
100%|██████████| 1/1 [00:00<00:00,  1.39it/s]
100%|██████████| 1/1 [00:00<00:00,  1.39it/s]

  0%|          | 0/1 [00:00<?, ?it/s]
100%|██████████| 1/1 [00:00<00:00,  2.89it/s]
100%|██████████| 1/1 [00:00<00:00,  2.89it/s]

  0%|          | 0/1 [00:00<?, ?it/s]
100%|██████████| 1/1 [00:00<00:00,  2.90it/s]
100%|██████████| 1/1 [00:00<00:00,  2.90it/s]

  0%|          | 0/1 [00:00<?, ?it/s]
100%|██████████| 1/1 [00:00<00:00,  2.62it/s]
100%|██████████| 1/1 [00:00<00:00,  2.62it/s]

  0%|          | 0/1 [00:00<?, ?it/s]
100%|██████████| 1/1 [00:00<00:00,  2.46it/s]
100%|██████████| 1/1 [00:00<00:00,  2.46it/s]

  0%|          | 0/1 [00:00<?, ?it/s]
100%|██████████| 1/1 [00:00<00:00,  2.21it/s]
100%|██████████| 1/1 [00:00<00:00,  2.21it/s]

  0%|          | 0/1 [00:00<?, ?it/s]
100%|██████████| 1/1 [00:00<00:00,  2.66it/s]
100%|██████████| 1/1 [00:00<00:00,  2.66it/s]

  0%|          | 0/1 [00:00<?, ?it/s]
100%|██████████| 1/1 [00:00<00:00,  2.71it/s]
100%|██████████| 1/1 [00:00<00:00,  2.71it/s]

  0%|          | 0/1 [00:00<?, ?it/s]
100%|██████████| 1/1 [00:00<00:00,  2.79it/s]
100%|██████████| 1/1 [00:00<00:00,  2.79it/s]

  0%|          | 0/1 [00:00<?, ?it/s]
100%|██████████| 1/1 [00:00<00:00,  3.23it/s]
100%|██████████| 1/1 [00:00<00:00,  3.23it/s]

  0%|          | 0/1 [00:00<?, ?it/s]
100%|██████████| 1/1 [00:00<00:00,  3.15it/s]
100%|██████████| 1/1 [00:00<00:00,  3.14it/s]

  0%|          | 0/1 [00:00<?, ?it/s]
100%|██████████| 1/1 [00:00<00:00,  3.32it/s]
100%|██████████| 1/1 [00:00<00:00,  3.32it/s]

  0%|          | 0/1 [00:00<?, ?it/s]
100%|██████████| 1/1 [00:00<00:00,  3.18it/s]
100%|██████████| 1/1 [00:00<00:00,  3.18it/s]

  0%|          | 0/1 [00:00<?, ?it/s]
100%|██████████| 1/1 [00:00<00:00,  3.58it/s]
100%|██████████| 1/1 [00:00<00:00,  3.58it/s]

  0%|          | 0/1 [00:00<?, ?it/s]
100%|██████████| 1/1 [00:00<00:00,  3.30it/s]
100%|██████████| 1/1 [00:00<00:00,  3.29it/s]

  0%|          | 0/1 [00:00<?, ?it/s]
100%|██████████| 1/1 [00:00<00:00,  2.94it/s]
100%|██████████| 1/1 [00:00<00:00,  2.94it/s]

  0%|          | 0/1 [00:00<?, ?it/s]
100%|██████████| 1/1 [00:00<00:00,  3.11it/s]
100%|██████████| 1/1 [00:00<00:00,  3.11it/s]

  0%|          | 0/1 [00:00<?, ?it/s]
100%|██████████| 1/1 [00:00<00:00,  3.23it/s]
100%|██████████| 1/1 [00:00<00:00,  3.23it/s]

  0%|          | 0/1 [00:00<?, ?it/s]
100%|██████████| 1/1 [00:00<00:00,  3.24it/s]
100%|██████████| 1/1 [00:00<00:00,  3.23it/s]

  0%|          | 0/1 [00:00<?, ?it/s]
100%|██████████| 1/1 [00:00<00:00,  2.71it/s]
100%|██████████| 1/1 [00:00<00:00,  2.71it/s]

  0%|          | 0/1 [00:00<?, ?it/s]
100%|██████████| 1/1 [00:00<00:00,  3.26it/s]
100%|██████████| 1/1 [00:00<00:00,  3.26it/s]

  0%|          | 0/1 [00:00<?, ?it/s]
100%|██████████| 1/1 [00:00<00:00,  3.34it/s]
100%|██████████| 1/1 [00:00<00:00,  3.33it/s]

  0%|          | 0/1 [00:00<?, ?it/s]
100%|██████████| 1/1 [00:00<00:00,  3.30it/s]
100%|██████████| 1/1 [00:00<00:00,  3.30it/s]

  0%|          | 0/1 [00:00<?, ?it/s]
100%|██████████| 1/1 [00:00<00:00,  3.30it/s]
100%|██████████| 1/1 [00:00<00:00,  3.30it/s]

  0%|          | 0/1 [00:00<?, ?it/s]
100%|██████████| 1/1 [00:00<00:00,  3.28it/s]
100%|██████████| 1/1 [00:00<00:00,  3.28it/s]

  0%|          | 0/1 [00:00<?, ?it/s]
100%|██████████| 1/1 [00:00<00:00,  3.29it/s]
100%|██████████| 1/1 [00:00<00:00,  3.29it/s]

  0%|          | 0/1 [00:00<?, ?it/s]
100%|██████████| 1/1 [00:00<00:00,  3.09it/s]
100%|██████████| 1/1 [00:00<00:00,  3.09it/s]

  0%|          | 0/1 [00:00<?, ?it/s]
100%|██████████| 1/1 [00:00<00:00,  3.36it/s]
100%|██████████| 1/1 [00:00<00:00,  3.36it/s]

  0%|          | 0/1 [00:00<?, ?it/s]
100%|██████████| 1/1 [00:00<00:00,  3.26it/s]
100%|██████████| 1/1 [00:00<00:00,  3.26it/s]

  0%|          | 0/1 [00:00<?, ?it/s]
100%|██████████| 1/1 [00:00<00:00,  3.29it/s]
100%|██████████| 1/1 [00:00<00:00,  3.29it/s]

  0%|          | 0/1 [00:00<?, ?it/s]
100%|██████████| 1/1 [00:00<00:00,  3.20it/s]
100%|██████████| 1/1 [00:00<00:00,  3.20it/s]

  0%|          | 0/1 [00:00<?, ?it/s]
100%|██████████| 1/1 [00:00<00:00,  3.27it/s]
100%|██████████| 1/1 [00:00<00:00,  3.27it/s]

  0%|          | 0/1 [00:00<?, ?it/s]
100%|██████████| 1/1 [00:00<00:00,  2.99it/s]
100%|██████████| 1/1 [00:00<00:00,  2.98it/s]

  0%|          | 0/1 [00:00<?, ?it/s]
100%|██████████| 1/1 [00:00<00:00,  3.34it/s]
100%|██████████| 1/1 [00:00<00:00,  3.34it/s]

  0%|          | 0/1 [00:00<?, ?it/s]
100%|██████████| 1/1 [00:00<00:00,  2.94it/s]
100%|██████████| 1/1 [00:00<00:00,  2.94it/s]

  0%|          | 0/1 [00:00<?, ?it/s]
100%|██████████| 1/1 [00:00<00:00,  2.97it/s]
100%|██████████| 1/1 [00:00<00:00,  2.97it/s]

  0%|          | 0/1 [00:00<?, ?it/s]
100%|██████████| 1/1 [00:00<00:00,  3.29it/s]
100%|██████████| 1/1 [00:00<00:00,  3.29it/s]

  0%|          | 0/1 [00:00<?, ?it/s]
100%|██████████| 1/1 [00:00<00:00,  3.20it/s]
100%|██████████| 1/1 [00:00<00:00,  3.20it/s]

  0%|          | 0/1 [00:00<?, ?it/s]
100%|██████████| 1/1 [00:00<00:00,  2.75it/s]
100%|██████████| 1/1 [00:00<00:00,  2.75it/s]

  0%|          | 0/1 [00:00<?, ?it/s]
100%|██████████| 1/1 [00:00<00:00,  3.03it/s]
100%|██████████| 1/1 [00:00<00:00,  3.03it/s]

  0%|          | 0/1 [00:00<?, ?it/s]
100%|██████████| 1/1 [00:00<00:00,  2.72it/s]
100%|██████████| 1/1 [00:00<00:00,  2.72it/s]

  0%|          | 0/1 [00:00<?, ?it/s]
100%|██████████| 1/1 [00:00<00:00,  3.16it/s]
100%|██████████| 1/1 [00:00<00:00,  3.16it/s]

  0%|          | 0/1 [00:00<?, ?it/s]
100%|██████████| 1/1 [00:00<00:00,  3.06it/s]
100%|██████████| 1/1 [00:00<00:00,  3.05it/s]

  0%|          | 0/1 [00:00<?, ?it/s]
100%|██████████| 1/1 [00:00<00:00,  3.21it/s]
100%|██████████| 1/1 [00:00<00:00,  3.21it/s]

  0%|          | 0/1 [00:00<?, ?it/s]
100%|██████████| 1/1 [00:00<00:00,  3.09it/s]
100%|██████████| 1/1 [00:00<00:00,  3.08it/s]

  0%|          | 0/1 [00:00<?, ?it/s]
100%|██████████| 1/1 [00:00<00:00,  3.24it/s]
100%|██████████| 1/1 [00:00<00:00,  3.23it/s]

  0%|          | 0/1 [00:00<?, ?it/s]
100%|██████████| 1/1 [00:00<00:00,  2.90it/s]
100%|██████████| 1/1 [00:00<00:00,  2.90it/s]

  0%|          | 0/1 [00:00<?, ?it/s]
100%|██████████| 1/1 [00:00<00:00,  2.52it/s]
100%|██████████| 1/1 [00:00<00:00,  2.52it/s]

  0%|          | 0/1 [00:00<?, ?it/s]
100%|██████████| 1/1 [00:00<00:00,  2.97it/s]
100%|██████████| 1/1 [00:00<00:00,  2.97it/s]

  0%|          | 0/1 [00:00<?, ?it/s]
100%|██████████| 1/1 [00:00<00:00,  3.12it/s]
100%|██████████| 1/1 [00:00<00:00,  3.12it/s]

  0%|          | 0/1 [00:00<?, ?it/s]
100%|██████████| 1/1 [00:00<00:00,  2.59it/s]
100%|██████████| 1/1 [00:00<00:00,  2.59it/s]

  0%|          | 0/1 [00:00<?, ?it/s]
100%|██████████| 1/1 [00:00<00:00,  2.83it/s]
100%|██████████| 1/1 [00:00<00:00,  2.83it/s]

  0%|          | 0/1 [00:00<?, ?it/s]
100%|██████████| 1/1 [00:00<00:00,  3.10it/s]
100%|██████████| 1/1 [00:00<00:00,  3.10it/s]

  0%|          | 0/1 [00:00<?, ?it/s]
100%|██████████| 1/1 [00:00<00:00,  3.23it/s]
100%|██████████| 1/1 [00:00<00:00,  3.22it/s]

  0%|          | 0/1 [00:00<?, ?it/s]
100%|██████████| 1/1 [00:00<00:00,  3.28it/s]
100%|██████████| 1/1 [00:00<00:00,  3.28it/s]

  0%|          | 0/1 [00:00<?, ?it/s]
100%|██████████| 1/1 [00:00<00:00,  2.20it/s]
100%|██████████| 1/1 [00:00<00:00,  2.20it/s]

  0%|          | 0/1 [00:00<?, ?it/s]
100%|██████████| 1/1 [00:00<00:00,  2.76it/s]
100%|██████████| 1/1 [00:00<00:00,  2.76it/s]

  0%|          | 0/1 [00:00<?, ?it/s]
100%|██████████| 1/1 [00:00<00:00,  2.90it/s]
100%|██████████| 1/1 [00:00<00:00,  2.90it/s]

  0%|          | 0/1 [00:00<?, ?it/s]
100%|██████████| 1/1 [00:00<00:00,  3.23it/s]
100%|██████████| 1/1 [00:00<00:00,  3.22it/s]

  0%|          | 0/1 [00:00<?, ?it/s]
100%|██████████| 1/1 [00:00<00:00,  2.66it/s]
100%|██████████| 1/1 [00:00<00:00,  2.66it/s]

  0%|          | 0/1 [00:00<?, ?it/s]
100%|██████████| 1/1 [00:00<00:00,  2.96it/s]
100%|██████████| 1/1 [00:00<00:00,  2.96it/s]

  0%|          | 0/1 [00:00<?, ?it/s]
100%|██████████| 1/1 [00:00<00:00,  2.98it/s]
100%|██████████| 1/1 [00:00<00:00,  2.97it/s]

  0%|          | 0/1 [00:00<?, ?it/s]
100%|██████████| 1/1 [00:00<00:00,  3.18it/s]
100%|██████████| 1/1 [00:00<00:00,  3.18it/s]

  0%|          | 0/1 [00:00<?, ?it/s]
100%|██████████| 1/1 [00:00<00:00,  3.53it/s]
100%|██████████| 1/1 [00:00<00:00,  3.52it/s]

  0%|          | 0/1 [00:00<?, ?it/s]
100%|██████████| 1/1 [00:00<00:00,  3.52it/s]
100%|██████████| 1/1 [00:00<00:00,  3.51it/s]

  0%|          | 0/1 [00:00<?, ?it/s]
100%|██████████| 1/1 [00:00<00:00,  3.50it/s]
100%|██████████| 1/1 [00:00<00:00,  3.50it/s]

  0%|          | 0/1 [00:00<?, ?it/s]
100%|██████████| 1/1 [00:00<00:00,  3.33it/s]
100%|██████████| 1/1 [00:00<00:00,  3.33it/s]

  0%|          | 0/1 [00:00<?, ?it/s]
100%|██████████| 1/1 [00:00<00:00,  3.22it/s]
100%|██████████| 1/1 [00:00<00:00,  3.22it/s]

  0%|          | 0/1 [00:00<?, ?it/s]
100%|██████████| 1/1 [00:00<00:00,  3.40it/s]
100%|██████████| 1/1 [00:00<00:00,  3.39it/s]

  0%|          | 0/1 [00:00<?, ?it/s]
100%|██████████| 1/1 [00:00<00:00,  3.58it/s]
100%|██████████| 1/1 [00:00<00:00,  3.58it/s]

  0%|          | 0/1 [00:00<?, ?it/s]
100%|██████████| 1/1 [00:00<00:00,  3.19it/s]
100%|██████████| 1/1 [00:00<00:00,  3.19it/s]

  0%|          | 0/1 [00:00<?, ?it/s]
100%|██████████| 1/1 [00:00<00:00,  3.30it/s]
100%|██████████| 1/1 [00:00<00:00,  3.30it/s]

  0%|          | 0/1 [00:00<?, ?it/s]
100%|██████████| 1/1 [00:00<00:00,  3.29it/s]
100%|██████████| 1/1 [00:00<00:00,  3.29it/s]

  0%|          | 0/1 [00:00<?, ?it/s]
100%|██████████| 1/1 [00:00<00:00,  2.14it/s]
100%|██████████| 1/1 [00:00<00:00,  2.13it/s]

  0%|          | 0/1 [00:00<?, ?it/s]
100%|██████████| 1/1 [00:00<00:00,  2.77it/s]
100%|██████████| 1/1 [00:00<00:00,  2.77it/s]

  0%|          | 0/1 [00:00<?, ?it/s]
100%|██████████| 1/1 [00:00<00:00,  2.11it/s]
100%|██████████| 1/1 [00:00<00:00,  2.11it/s]

  0%|          | 0/1 [00:00<?, ?it/s]
100%|██████████| 1/1 [00:00<00:00,  2.79it/s]
100%|██████████| 1/1 [00:00<00:00,  2.79it/s]

  0%|          | 0/1 [00:00<?, ?it/s]
100%|██████████| 1/1 [00:00<00:00,  2.88it/s]
100%|██████████| 1/1 [00:00<00:00,  2.88it/s]

  0%|          | 0/1 [00:00<?, ?it/s]
100%|██████████| 1/1 [00:00<00:00,  2.12it/s]
100%|██████████| 1/1 [00:00<00:00,  2.12it/s]

  0%|          | 0/1 [00:00<?, ?it/s]
100%|██████████| 1/1 [00:00<00:00,  2.85it/s]
100%|██████████| 1/1 [00:00<00:00,  2.84it/s]

  0%|          | 0/1 [00:00<?, ?it/s]
100%|██████████| 1/1 [00:00<00:00,  2.94it/s]
100%|██████████| 1/1 [00:00<00:00,  2.94it/s]

  0%|          | 0/1 [00:00<?, ?it/s]
100%|██████████| 1/1 [00:00<00:00,  1.91it/s]
100%|██████████| 1/1 [00:00<00:00,  1.91it/s]

  0%|          | 0/1 [00:00<?, ?it/s]
100%|██████████| 1/1 [00:00<00:00,  3.21it/s]
100%|██████████| 1/1 [00:00<00:00,  3.20it/s]

  0%|          | 0/1 [00:00<?, ?it/s]
100%|██████████| 1/1 [00:00<00:00,  3.37it/s]
100%|██████████| 1/1 [00:00<00:00,  3.37it/s]

  0%|          | 0/1 [00:00<?, ?it/s]
100%|██████████| 1/1 [00:00<00:00,  1.57it/s]
100%|██████████| 1/1 [00:00<00:00,  1.57it/s]

  0%|          | 0/1 [00:00<?, ?it/s]
100%|██████████| 1/1 [00:00<00:00,  2.59it/s]
100%|██████████| 1/1 [00:00<00:00,  2.58it/s]

  0%|          | 0/1 [00:00<?, ?it/s]
100%|██████████| 1/1 [00:00<00:00,  2.96it/s]
100%|██████████| 1/1 [00:00<00:00,  2.95it/s]

  0%|          | 0/1 [00:00<?, ?it/s]
100%|██████████| 1/1 [00:00<00:00,  3.06it/s]
100%|██████████| 1/1 [00:00<00:00,  3.06it/s]

  0%|          | 0/1 [00:00<?, ?it/s]
100%|██████████| 1/1 [00:00<00:00,  3.06it/s]
100%|██████████| 1/1 [00:00<00:00,  3.06it/s]

  0%|          | 0/1 [00:00<?, ?it/s]
100%|██████████| 1/1 [00:00<00:00,  3.01it/s]
100%|██████████| 1/1 [00:00<00:00,  3.01it/s]

  0%|          | 0/1 [00:00<?, ?it/s]
100%|██████████| 1/1 [00:00<00:00,  3.02it/s]
100%|██████████| 1/1 [00:00<00:00,  3.02it/s]

  0%|          | 0/1 [00:00<?, ?it/s]
100%|██████████| 1/1 [00:00<00:00,  3.02it/s]
100%|██████████| 1/1 [00:00<00:00,  3.01it/s]

  0%|          | 0/1 [00:00<?, ?it/s]
100%|██████████| 1/1 [00:00<00:00,  3.01it/s]
100%|██████████| 1/1 [00:00<00:00,  3.01it/s]

  0%|          | 0/1 [00:00<?, ?it/s]
100%|██████████| 1/1 [00:00<00:00,  2.91it/s]
100%|██████████| 1/1 [00:00<00:00,  2.90it/s]

  0%|          | 0/1 [00:00<?, ?it/s]
100%|██████████| 1/1 [00:00<00:00,  3.02it/s]
100%|██████████| 1/1 [00:00<00:00,  3.01it/s]

  0%|          | 0/1 [00:00<?, ?it/s]
100%|██████████| 1/1 [00:00<00:00,  3.16it/s]
100%|██████████| 1/1 [00:00<00:00,  3.16it/s]

  0%|          | 0/1 [00:00<?, ?it/s]
100%|██████████| 1/1 [00:00<00:00,  1.91it/s]
100%|██████████| 1/1 [00:00<00:00,  1.91it/s]

  0%|          | 0/1 [00:00<?, ?it/s]
100%|██████████| 1/1 [00:00<00:00,  2.46it/s]
100%|██████████| 1/1 [00:00<00:00,  2.46it/s]

  0%|          | 0/1 [00:00<?, ?it/s]
100%|██████████| 1/1 [00:00<00:00,  2.81it/s]
100%|██████████| 1/1 [00:00<00:00,  2.80it/s]

  0%|          | 0/1 [00:00<?, ?it/s]
100%|██████████| 1/1 [00:00<00:00,  2.54it/s]
100%|██████████| 1/1 [00:00<00:00,  2.54it/s]

  0%|          | 0/1 [00:00<?, ?it/s]
100%|██████████| 1/1 [00:00<00:00,  2.23it/s]
100%|██████████| 1/1 [00:00<00:00,  2.23it/s]

  0%|          | 0/1 [00:00<?, ?it/s]
100%|██████████| 1/1 [00:00<00:00,  2.90it/s]
100%|██████████| 1/1 [00:00<00:00,  2.90it/s]

  0%|          | 0/1 [00:00<?, ?it/s]
100%|██████████| 1/1 [00:00<00:00,  2.57it/s]
100%|██████████| 1/1 [00:00<00:00,  2.57it/s]

  0%|          | 0/1 [00:00<?, ?it/s]
100%|██████████| 1/1 [00:00<00:00,  2.71it/s]
100%|██████████| 1/1 [00:00<00:00,  2.70it/s]

  0%|          | 0/1 [00:00<?, ?it/s]
100%|██████████| 1/1 [00:00<00:00,  2.94it/s]
100%|██████████| 1/1 [00:00<00:00,  2.94it/s]

  0%|          | 0/1 [00:00<?, ?it/s]
100%|██████████| 1/1 [00:00<00:00,  2.85it/s]
100%|██████████| 1/1 [00:00<00:00,  2.85it/s]

  0%|          | 0/1 [00:00<?, ?it/s]
100%|██████████| 1/1 [00:00<00:00,  3.30it/s]
100%|██████████| 1/1 [00:00<00:00,  3.30it/s]

  0%|          | 0/1 [00:00<?, ?it/s]
100%|██████████| 1/1 [00:00<00:00,  3.27it/s]
100%|██████████| 1/1 [00:00<00:00,  3.27it/s]

  0%|          | 0/1 [00:00<?, ?it/s]
100%|██████████| 1/1 [00:00<00:00,  3.17it/s]
100%|██████████| 1/1 [00:00<00:00,  3.17it/s]

  0%|          | 0/1 [00:00<?, ?it/s]
100%|██████████| 1/1 [00:00<00:00,  3.13it/s]
100%|██████████| 1/1 [00:00<00:00,  3.12it/s]

  0%|          | 0/1 [00:00<?, ?it/s]
100%|██████████| 1/1 [00:00<00:00,  3.30it/s]
100%|██████████| 1/1 [00:00<00:00,  3.30it/s]

  0%|          | 0/1 [00:00<?, ?it/s]
100%|██████████| 1/1 [00:00<00:00,  3.05it/s]
100%|██████████| 1/1 [00:00<00:00,  3.05it/s]

  0%|          | 0/1 [00:00<?, ?it/s]
100%|██████████| 1/1 [00:00<00:00,  2.18it/s]
100%|██████████| 1/1 [00:00<00:00,  2.18it/s]

  0%|          | 0/1 [00:00<?, ?it/s]
100%|██████████| 1/1 [00:00<00:00,  3.53it/s]
100%|██████████| 1/1 [00:00<00:00,  3.52it/s]

  0%|          | 0/1 [00:00<?, ?it/s]
100%|██████████| 1/1 [00:00<00:00,  4.40it/s]
100%|██████████| 1/1 [00:00<00:00,  4.40it/s]

  0%|          | 0/1 [00:00<?, ?it/s]
100%|██████████| 1/1 [00:00<00:00,  4.20it/s]
100%|██████████| 1/1 [00:00<00:00,  4.19it/s]

  0%|          | 0/1 [00:00<?, ?it/s]
100%|██████████| 1/1 [00:00<00:00,  4.24it/s]
100%|██████████| 1/1 [00:00<00:00,  4.23it/s]

  0%|          | 0/1 [00:00<?, ?it/s]
100%|██████████| 1/1 [00:00<00:00,  3.81it/s]
100%|██████████| 1/1 [00:00<00:00,  3.80it/s]

  0%|          | 0/1 [00:00<?, ?it/s]
100%|██████████| 1/1 [00:00<00:00,  3.39it/s]
100%|██████████| 1/1 [00:00<00:00,  3.39it/s]

  0%|          | 0/1 [00:00<?, ?it/s]
100%|██████████| 1/1 [00:00<00:00,  4.15it/s]
100%|██████████| 1/1 [00:00<00:00,  4.15it/s]

  0%|          | 0/1 [00:00<?, ?it/s]
100%|██████████| 1/1 [00:00<00:00,  4.04it/s]
100%|██████████| 1/1 [00:00<00:00,  4.03it/s]

  0%|          | 0/1 [00:00<?, ?it/s]
100%|██████████| 1/1 [00:00<00:00,  4.47it/s]
100%|██████████| 1/1 [00:00<00:00,  4.47it/s]

  0%|          | 0/1 [00:00<?, ?it/s]
100%|██████████| 1/1 [00:00<00:00,  4.31it/s]
100%|██████████| 1/1 [00:00<00:00,  4.30it/s]

  0%|          | 0/1 [00:00<?, ?it/s]
100%|██████████| 1/1 [00:00<00:00,  4.30it/s]
100%|██████████| 1/1 [00:00<00:00,  4.30it/s]

  0%|          | 0/1 [00:00<?, ?it/s]
100%|██████████| 1/1 [00:00<00:00,  4.22it/s]
100%|██████████| 1/1 [00:00<00:00,  4.21it/s]

  0%|          | 0/1 [00:00<?, ?it/s]
100%|██████████| 1/1 [00:00<00:00,  4.19it/s]
100%|██████████| 1/1 [00:00<00:00,  4.19it/s]

  0%|          | 0/1 [00:00<?, ?it/s]
100%|██████████| 1/1 [00:00<00:00,  4.30it/s]
100%|██████████| 1/1 [00:00<00:00,  4.29it/s]

  0%|          | 0/1 [00:00<?, ?it/s]
100%|██████████| 1/1 [00:00<00:00,  4.35it/s]
100%|██████████| 1/1 [00:00<00:00,  4.35it/s]

  0%|          | 0/1 [00:00<?, ?it/s]
100%|██████████| 1/1 [00:00<00:00,  4.46it/s]
100%|██████████| 1/1 [00:00<00:00,  4.46it/s]

  0%|          | 0/1 [00:00<?, ?it/s]
100%|██████████| 1/1 [00:00<00:00,  4.88it/s]
100%|██████████| 1/1 [00:00<00:00,  4.88it/s]

  0%|          | 0/1 [00:00<?, ?it/s]
100%|██████████| 1/1 [00:00<00:00,  4.37it/s]
100%|██████████| 1/1 [00:00<00:00,  4.36it/s]

  0%|          | 0/1 [00:00<?, ?it/s]
100%|██████████| 1/1 [00:00<00:00,  4.38it/s]
100%|██████████| 1/1 [00:00<00:00,  4.37it/s]

  0%|          | 0/1 [00:00<?, ?it/s]
100%|██████████| 1/1 [00:00<00:00,  4.44it/s]
100%|██████████| 1/1 [00:00<00:00,  4.43it/s]

  0%|          | 0/1 [00:00<?, ?it/s]
100%|██████████| 1/1 [00:00<00:00,  4.91it/s]
100%|██████████| 1/1 [00:00<00:00,  4.91it/s]

  0%|          | 0/1 [00:00<?, ?it/s]
100%|██████████| 1/1 [00:00<00:00,  4.37it/s]
100%|██████████| 1/1 [00:00<00:00,  4.37it/s]

  0%|          | 0/1 [00:00<?, ?it/s]
100%|██████████| 1/1 [00:00<00:00,  5.22it/s]
100%|██████████| 1/1 [00:00<00:00,  5.21it/s]

  0%|          | 0/1 [00:00<?, ?it/s]
100%|██████████| 1/1 [00:00<00:00,  5.25it/s]
100%|██████████| 1/1 [00:00<00:00,  5.24it/s]

  0%|          | 0/1 [00:00<?, ?it/s]
100%|██████████| 1/1 [00:00<00:00,  5.21it/s]
100%|██████████| 1/1 [00:00<00:00,  5.20it/s]

  0%|          | 0/1 [00:00<?, ?it/s]
100%|██████████| 1/1 [00:00<00:00,  5.17it/s]
100%|██████████| 1/1 [00:00<00:00,  5.16it/s]

  0%|          | 0/1 [00:00<?, ?it/s]
100%|██████████| 1/1 [00:00<00:00,  5.00it/s]
100%|██████████| 1/1 [00:00<00:00,  5.00it/s]

  0%|          | 0/1 [00:00<?, ?it/s]
100%|██████████| 1/1 [00:00<00:00,  5.02it/s]
100%|██████████| 1/1 [00:00<00:00,  5.02it/s]

  0%|          | 0/1 [00:00<?, ?it/s]
100%|██████████| 1/1 [00:00<00:00,  5.32it/s]
100%|██████████| 1/1 [00:00<00:00,  5.32it/s]

  0%|          | 0/1 [00:00<?, ?it/s]
100%|██████████| 1/1 [00:00<00:00,  5.30it/s]
100%|██████████| 1/1 [00:00<00:00,  5.29it/s]

  0%|          | 0/1 [00:00<?, ?it/s]
100%|██████████| 1/1 [00:00<00:00,  5.12it/s]
100%|██████████| 1/1 [00:00<00:00,  5.11it/s]

  0%|          | 0/1 [00:00<?, ?it/s]
100%|██████████| 1/1 [00:00<00:00,  4.69it/s]
100%|██████████| 1/1 [00:00<00:00,  4.69it/s]

  0%|          | 0/1 [00:00<?, ?it/s]
100%|██████████| 1/1 [00:00<00:00,  4.48it/s]
100%|██████████| 1/1 [00:00<00:00,  4.47it/s]

  0%|          | 0/1 [00:00<?, ?it/s]
100%|██████████| 1/1 [00:00<00:00,  4.66it/s]
100%|██████████| 1/1 [00:00<00:00,  4.65it/s]

  0%|          | 0/1 [00:00<?, ?it/s]
100%|██████████| 1/1 [00:00<00:00,  5.06it/s]
100%|██████████| 1/1 [00:00<00:00,  5.06it/s]

  0%|          | 0/1 [00:00<?, ?it/s]
100%|██████████| 1/1 [00:00<00:00,  4.75it/s]
100%|██████████| 1/1 [00:00<00:00,  4.74it/s]

  0%|          | 0/1 [00:00<?, ?it/s]
100%|██████████| 1/1 [00:00<00:00,  5.27it/s]
100%|██████████| 1/1 [00:00<00:00,  5.26it/s]

  0%|          | 0/1 [00:00<?, ?it/s]
100%|██████████| 1/1 [00:00<00:00,  5.29it/s]
100%|██████████| 1/1 [00:00<00:00,  5.28it/s]

  0%|          | 0/1 [00:00<?, ?it/s]
100%|██████████| 1/1 [00:00<00:00,  5.39it/s]
100%|██████████| 1/1 [00:00<00:00,  5.39it/s]

  0%|          | 0/1 [00:00<?, ?it/s]
100%|██████████| 1/1 [00:00<00:00,  5.35it/s]
100%|██████████| 1/1 [00:00<00:00,  5.34it/s]

  0%|          | 0/1 [00:00<?, ?it/s]
100%|██████████| 1/1 [00:00<00:00,  5.33it/s]
100%|██████████| 1/1 [00:00<00:00,  5.32it/s]

  0%|          | 0/1 [00:00<?, ?it/s]
100%|██████████| 1/1 [00:00<00:00,  5.30it/s]
100%|██████████| 1/1 [00:00<00:00,  5.30it/s]

  0%|          | 0/1 [00:00<?, ?it/s]
100%|██████████| 1/1 [00:00<00:00,  4.70it/s]
100%|██████████| 1/1 [00:00<00:00,  4.70it/s]

  0%|          | 0/1 [00:00<?, ?it/s]
100%|██████████| 1/1 [00:00<00:00,  4.73it/s]
100%|██████████| 1/1 [00:00<00:00,  4.72it/s]

  0%|          | 0/1 [00:00<?, ?it/s]
100%|██████████| 1/1 [00:00<00:00,  4.61it/s]
100%|██████████| 1/1 [00:00<00:00,  4.61it/s]

  0%|          | 0/1 [00:00<?, ?it/s]
100%|██████████| 1/1 [00:00<00:00,  4.65it/s]
100%|██████████| 1/1 [00:00<00:00,  4.64it/s]

  0%|          | 0/1 [00:00<?, ?it/s]
100%|██████████| 1/1 [00:00<00:00,  4.59it/s]
100%|██████████| 1/1 [00:00<00:00,  4.59it/s]

  0%|          | 0/1 [00:00<?, ?it/s]
100%|██████████| 1/1 [00:00<00:00,  4.96it/s]
100%|██████████| 1/1 [00:00<00:00,  4.96it/s]

  0%|          | 0/1 [00:00<?, ?it/s]
100%|██████████| 1/1 [00:00<00:00,  5.00it/s]
100%|██████████| 1/1 [00:00<00:00,  5.00it/s]

  0%|          | 0/1 [00:00<?, ?it/s]
100%|██████████| 1/1 [00:00<00:00,  4.98it/s]
100%|██████████| 1/1 [00:00<00:00,  4.97it/s]

  0%|          | 0/1 [00:00<?, ?it/s]
100%|██████████| 1/1 [00:00<00:00,  4.21it/s]
100%|██████████| 1/1 [00:00<00:00,  4.20it/s]

  0%|          | 0/1 [00:00<?, ?it/s]
100%|██████████| 1/1 [00:00<00:00,  3.63it/s]
100%|██████████| 1/1 [00:00<00:00,  3.63it/s]

  0%|          | 0/1 [00:00<?, ?it/s]
100%|██████████| 1/1 [00:00<00:00,  4.20it/s]
100%|██████████| 1/1 [00:00<00:00,  4.20it/s]

  0%|          | 0/1 [00:00<?, ?it/s]
100%|██████████| 1/1 [00:00<00:00,  5.03it/s]
100%|██████████| 1/1 [00:00<00:00,  5.03it/s]

  0%|          | 0/1 [00:00<?, ?it/s]
100%|██████████| 1/1 [00:00<00:00,  4.95it/s]
100%|██████████| 1/1 [00:00<00:00,  4.94it/s]

  0%|          | 0/1 [00:00<?, ?it/s]
100%|██████████| 1/1 [00:00<00:00,  4.99it/s]
100%|██████████| 1/1 [00:00<00:00,  4.98it/s]

  0%|          | 0/1 [00:00<?, ?it/s]
100%|██████████| 1/1 [00:00<00:00,  5.04it/s]
100%|██████████| 1/1 [00:00<00:00,  5.03it/s]

  0%|          | 0/1 [00:00<?, ?it/s]
100%|██████████| 1/1 [00:00<00:00,  4.63it/s]
100%|██████████| 1/1 [00:00<00:00,  4.63it/s]

  0%|          | 0/1 [00:00<?, ?it/s]
100%|██████████| 1/1 [00:00<00:00,  4.97it/s]
100%|██████████| 1/1 [00:00<00:00,  4.96it/s]

  0%|          | 0/1 [00:00<?, ?it/s]
100%|██████████| 1/1 [00:00<00:00,  5.05it/s]
100%|██████████| 1/1 [00:00<00:00,  5.04it/s]

  0%|          | 0/1 [00:00<?, ?it/s]
100%|██████████| 1/1 [00:00<00:00,  5.28it/s]
100%|██████████| 1/1 [00:00<00:00,  5.27it/s]

  0%|          | 0/1 [00:00<?, ?it/s]
100%|██████████| 1/1 [00:00<00:00,  4.43it/s]
100%|██████████| 1/1 [00:00<00:00,  4.43it/s]

  0%|          | 0/1 [00:00<?, ?it/s]
100%|██████████| 1/1 [00:00<00:00,  4.51it/s]
100%|██████████| 1/1 [00:00<00:00,  4.50it/s]

  0%|          | 0/1 [00:00<?, ?it/s]
100%|██████████| 1/1 [00:00<00:00,  4.69it/s]
100%|██████████| 1/1 [00:00<00:00,  4.68it/s]

  0%|          | 0/1 [00:00<?, ?it/s]
100%|██████████| 1/1 [00:00<00:00,  2.91it/s]
100%|██████████| 1/1 [00:00<00:00,  2.91it/s]

  0%|          | 0/1 [00:00<?, ?it/s]
100%|██████████| 1/1 [00:00<00:00,  4.21it/s]
100%|██████████| 1/1 [00:00<00:00,  4.21it/s]

  0%|          | 0/1 [00:00<?, ?it/s]
100%|██████████| 1/1 [00:00<00:00,  3.97it/s]
100%|██████████| 1/1 [00:00<00:00,  3.97it/s]

  0%|          | 0/1 [00:00<?, ?it/s]
100%|██████████| 1/1 [00:00<00:00,  3.81it/s]
100%|██████████| 1/1 [00:00<00:00,  3.80it/s]

  0%|          | 0/1 [00:00<?, ?it/s]
100%|██████████| 1/1 [00:00<00:00,  4.04it/s]
100%|██████████| 1/1 [00:00<00:00,  4.04it/s]

  0%|          | 0/1 [00:00<?, ?it/s]
100%|██████████| 1/1 [00:00<00:00,  2.74it/s]
100%|██████████| 1/1 [00:00<00:00,  2.74it/s]

  0%|          | 0/1 [00:00<?, ?it/s]
100%|██████████| 1/1 [00:00<00:00,  5.07it/s]
100%|██████████| 1/1 [00:00<00:00,  5.06it/s]

  0%|          | 0/1 [00:00<?, ?it/s]
100%|██████████| 1/1 [00:00<00:00,  4.98it/s]
100%|██████████| 1/1 [00:00<00:00,  4.97it/s]

  0%|          | 0/1 [00:00<?, ?it/s]
100%|██████████| 1/1 [00:00<00:00,  5.15it/s]
100%|██████████| 1/1 [00:00<00:00,  5.14it/s]

  0%|          | 0/1 [00:00<?, ?it/s]
100%|██████████| 1/1 [00:00<00:00,  4.44it/s]
100%|██████████| 1/1 [00:00<00:00,  4.43it/s]

  0%|          | 0/1 [00:00<?, ?it/s]
100%|██████████| 1/1 [00:00<00:00,  4.17it/s]
100%|██████████| 1/1 [00:00<00:00,  4.16it/s]

  0%|          | 0/1 [00:00<?, ?it/s]
100%|██████████| 1/1 [00:00<00:00,  4.95it/s]
100%|██████████| 1/1 [00:00<00:00,  4.95it/s]

  0%|          | 0/1 [00:00<?, ?it/s]
100%|██████████| 1/1 [00:00<00:00,  5.17it/s]
100%|██████████| 1/1 [00:00<00:00,  5.16it/s]

  0%|          | 0/1 [00:00<?, ?it/s]
100%|██████████| 1/1 [00:00<00:00,  5.19it/s]
100%|██████████| 1/1 [00:00<00:00,  5.18it/s]

  0%|          | 0/1 [00:00<?, ?it/s]
100%|██████████| 1/1 [00:00<00:00,  5.06it/s]
100%|██████████| 1/1 [00:00<00:00,  5.05it/s]

  0%|          | 0/1 [00:00<?, ?it/s]
100%|██████████| 1/1 [00:00<00:00,  4.38it/s]
100%|██████████| 1/1 [00:00<00:00,  4.38it/s]

  0%|          | 0/1 [00:00<?, ?it/s]
100%|██████████| 1/1 [00:00<00:00,  4.86it/s]
100%|██████████| 1/1 [00:00<00:00,  4.86it/s]

  0%|          | 0/1 [00:00<?, ?it/s]
100%|██████████| 1/1 [00:00<00:00,  5.17it/s]
100%|██████████| 1/1 [00:00<00:00,  5.16it/s]

  0%|          | 0/1 [00:00<?, ?it/s]
100%|██████████| 1/1 [00:00<00:00,  5.18it/s]
100%|██████████| 1/1 [00:00<00:00,  5.17it/s]

  0%|          | 0/1 [00:00<?, ?it/s]
100%|██████████| 1/1 [00:00<00:00,  5.23it/s]
100%|██████████| 1/1 [00:00<00:00,  5.23it/s]

  0%|          | 0/1 [00:00<?, ?it/s]
100%|██████████| 1/1 [00:00<00:00,  5.17it/s]
100%|██████████| 1/1 [00:00<00:00,  5.17it/s]

  0%|          | 0/1 [00:00<?, ?it/s]
100%|██████████| 1/1 [00:00<00:00,  5.07it/s]
100%|██████████| 1/1 [00:00<00:00,  5.06it/s]

  0%|          | 0/1 [00:00<?, ?it/s]
100%|██████████| 1/1 [00:00<00:00,  4.86it/s]
100%|██████████| 1/1 [00:00<00:00,  4.85it/s]

  0%|          | 0/1 [00:00<?, ?it/s]
100%|██████████| 1/1 [00:00<00:00,  4.94it/s]
100%|██████████| 1/1 [00:00<00:00,  4.93it/s]

  0%|          | 0/1 [00:00<?, ?it/s]
100%|██████████| 1/1 [00:00<00:00,  5.16it/s]
100%|██████████| 1/1 [00:00<00:00,  5.15it/s]

  0%|          | 0/1 [00:00<?, ?it/s]
100%|██████████| 1/1 [00:00<00:00,  5.04it/s]
100%|██████████| 1/1 [00:00<00:00,  5.03it/s]

  0%|          | 0/1 [00:00<?, ?it/s]
100%|██████████| 1/1 [00:00<00:00,  5.01it/s]
100%|██████████| 1/1 [00:00<00:00,  5.01it/s]

  0%|          | 0/1 [00:00<?, ?it/s]
100%|██████████| 1/1 [00:00<00:00,  4.82it/s]
100%|██████████| 1/1 [00:00<00:00,  4.82it/s]

  0%|          | 0/1 [00:00<?, ?it/s]
100%|██████████| 1/1 [00:00<00:00,  4.08it/s]
100%|██████████| 1/1 [00:00<00:00,  4.08it/s]

  0%|          | 0/1 [00:00<?, ?it/s]
100%|██████████| 1/1 [00:00<00:00,  4.48it/s]
100%|██████████| 1/1 [00:00<00:00,  4.47it/s]

  0%|          | 0/1 [00:00<?, ?it/s]
100%|██████████| 1/1 [00:00<00:00,  4.46it/s]
100%|██████████| 1/1 [00:00<00:00,  4.45it/s]

  0%|          | 0/1 [00:00<?, ?it/s]
100%|██████████| 1/1 [00:00<00:00,  4.63it/s]
100%|██████████| 1/1 [00:00<00:00,  4.62it/s]

  0%|          | 0/1 [00:00<?, ?it/s]
100%|██████████| 1/1 [00:00<00:00,  5.14it/s]
100%|██████████| 1/1 [00:00<00:00,  5.14it/s]

  0%|          | 0/1 [00:00<?, ?it/s]
100%|██████████| 1/1 [00:00<00:00,  5.18it/s]
100%|██████████| 1/1 [00:00<00:00,  5.17it/s]

  0%|          | 0/1 [00:00<?, ?it/s]
100%|██████████| 1/1 [00:00<00:00,  5.16it/s]
100%|██████████| 1/1 [00:00<00:00,  5.15it/s]

  0%|          | 0/1 [00:00<?, ?it/s]
100%|██████████| 1/1 [00:00<00:00,  5.16it/s]
100%|██████████| 1/1 [00:00<00:00,  5.16it/s]

  0%|          | 0/1 [00:00<?, ?it/s]
100%|██████████| 1/1 [00:00<00:00,  5.19it/s]
100%|██████████| 1/1 [00:00<00:00,  5.19it/s]

  0%|          | 0/1 [00:00<?, ?it/s]
100%|██████████| 1/1 [00:00<00:00,  5.23it/s]
100%|██████████| 1/1 [00:00<00:00,  5.23it/s]

  0%|          | 0/1 [00:00<?, ?it/s]
100%|██████████| 1/1 [00:00<00:00,  5.16it/s]
100%|██████████| 1/1 [00:00<00:00,  5.16it/s]

  0%|          | 0/1 [00:00<?, ?it/s]
100%|██████████| 1/1 [00:00<00:00,  5.24it/s]
100%|██████████| 1/1 [00:00<00:00,  5.23it/s]

  0%|          | 0/1 [00:00<?, ?it/s]
100%|██████████| 1/1 [00:00<00:00,  4.94it/s]
100%|██████████| 1/1 [00:00<00:00,  4.94it/s]

  0%|          | 0/1 [00:00<?, ?it/s]
100%|██████████| 1/1 [00:00<00:00,  2.99it/s]
100%|██████████| 1/1 [00:00<00:00,  2.99it/s]

  0%|          | 0/1 [00:00<?, ?it/s]
100%|██████████| 1/1 [00:00<00:00,  5.23it/s]
100%|██████████| 1/1 [00:00<00:00,  5.22it/s]

  0%|          | 0/1 [00:00<?, ?it/s]
100%|██████████| 1/1 [00:00<00:00,  5.17it/s]
100%|██████████| 1/1 [00:00<00:00,  5.16it/s]

  0%|          | 0/1 [00:00<?, ?it/s]
100%|██████████| 1/1 [00:00<00:00,  4.95it/s]
100%|██████████| 1/1 [00:00<00:00,  4.94it/s]

  0%|          | 0/1 [00:00<?, ?it/s]
100%|██████████| 1/1 [00:00<00:00,  4.86it/s]
100%|██████████| 1/1 [00:00<00:00,  4.85it/s]

  0%|          | 0/1 [00:00<?, ?it/s]
100%|██████████| 1/1 [00:00<00:00,  5.12it/s]
100%|██████████| 1/1 [00:00<00:00,  5.12it/s]

  0%|          | 0/1 [00:00<?, ?it/s]
100%|██████████| 1/1 [00:00<00:00,  5.13it/s]
100%|██████████| 1/1 [00:00<00:00,  5.12it/s]

  0%|          | 0/1 [00:00<?, ?it/s]
100%|██████████| 1/1 [00:00<00:00,  5.00it/s]
100%|██████████| 1/1 [00:00<00:00,  4.99it/s]

  0%|          | 0/1 [00:00<?, ?it/s]
100%|██████████| 1/1 [00:00<00:00,  4.45it/s]
100%|██████████| 1/1 [00:00<00:00,  4.45it/s]

  0%|          | 0/1 [00:00<?, ?it/s]
100%|██████████| 1/1 [00:00<00:00,  4.50it/s]
100%|██████████| 1/1 [00:00<00:00,  4.50it/s]

  0%|          | 0/1 [00:00<?, ?it/s]
100%|██████████| 1/1 [00:00<00:00,  4.58it/s]
100%|██████████| 1/1 [00:00<00:00,  4.57it/s]

  0%|          | 0/1 [00:00<?, ?it/s]
100%|██████████| 1/1 [00:00<00:00,  4.60it/s]
100%|██████████| 1/1 [00:00<00:00,  4.59it/s]

  0%|          | 0/1 [00:00<?, ?it/s]
100%|██████████| 1/1 [00:00<00:00,  4.46it/s]
100%|██████████| 1/1 [00:00<00:00,  4.46it/s]

  0%|          | 0/1 [00:00<?, ?it/s]
100%|██████████| 1/1 [00:00<00:00,  4.46it/s]
100%|██████████| 1/1 [00:00<00:00,  4.45it/s]

  0%|          | 0/1 [00:00<?, ?it/s]
100%|██████████| 1/1 [00:00<00:00,  4.40it/s]
100%|██████████| 1/1 [00:00<00:00,  4.40it/s]

  0%|          | 0/1 [00:00<?, ?it/s]
100%|██████████| 1/1 [00:00<00:00,  4.15it/s]
100%|██████████| 1/1 [00:00<00:00,  4.15it/s]

  0%|          | 0/1 [00:00<?, ?it/s]
100%|██████████| 1/1 [00:00<00:00,  4.37it/s]
100%|██████████| 1/1 [00:00<00:00,  4.37it/s]

  0%|          | 0/1 [00:00<?, ?it/s]
100%|██████████| 1/1 [00:00<00:00,  5.14it/s]
100%|██████████| 1/1 [00:00<00:00,  5.13it/s]

  0%|          | 0/1 [00:00<?, ?it/s]
100%|██████████| 1/1 [00:00<00:00,  5.06it/s]
100%|██████████| 1/1 [00:00<00:00,  5.05it/s]

  0%|          | 0/1 [00:00<?, ?it/s]
100%|██████████| 1/1 [00:00<00:00,  5.25it/s]
100%|██████████| 1/1 [00:00<00:00,  5.25it/s]

  0%|          | 0/1 [00:00<?, ?it/s]
100%|██████████| 1/1 [00:00<00:00,  5.21it/s]
100%|██████████| 1/1 [00:00<00:00,  5.20it/s]

  0%|          | 0/1 [00:00<?, ?it/s]
100%|██████████| 1/1 [00:00<00:00,  4.78it/s]
100%|██████████| 1/1 [00:00<00:00,  4.77it/s]

  0%|          | 0/1 [00:00<?, ?it/s]
100%|██████████| 1/1 [00:00<00:00,  4.51it/s]
100%|██████████| 1/1 [00:00<00:00,  4.50it/s]

  0%|          | 0/1 [00:00<?, ?it/s]
100%|██████████| 1/1 [00:00<00:00,  4.38it/s]
100%|██████████| 1/1 [00:00<00:00,  4.37it/s]

  0%|          | 0/1 [00:00<?, ?it/s]
100%|██████████| 1/1 [00:00<00:00,  4.59it/s]
100%|██████████| 1/1 [00:00<00:00,  4.59it/s]

  0%|          | 0/1 [00:00<?, ?it/s]
100%|██████████| 1/1 [00:00<00:00,  4.31it/s]
100%|██████████| 1/1 [00:00<00:00,  4.31it/s]

  0%|          | 0/1 [00:00<?, ?it/s]
100%|██████████| 1/1 [00:00<00:00,  4.29it/s]
100%|██████████| 1/1 [00:00<00:00,  4.28it/s]

  0%|          | 0/1 [00:00<?, ?it/s]
100%|██████████| 1/1 [00:00<00:00,  3.55it/s]
100%|██████████| 1/1 [00:00<00:00,  3.55it/s]

  0%|          | 0/1 [00:00<?, ?it/s]
100%|██████████| 1/1 [00:00<00:00,  4.13it/s]
100%|██████████| 1/1 [00:00<00:00,  4.12it/s]

  0%|          | 0/1 [00:00<?, ?it/s]
100%|██████████| 1/1 [00:00<00:00,  4.41it/s]
100%|██████████| 1/1 [00:00<00:00,  4.41it/s]

  0%|          | 0/1 [00:00<?, ?it/s]
100%|██████████| 1/1 [00:00<00:00,  4.37it/s]
100%|██████████| 1/1 [00:00<00:00,  4.36it/s]

  0%|          | 0/1 [00:00<?, ?it/s]
100%|██████████| 1/1 [00:00<00:00,  4.37it/s]
100%|██████████| 1/1 [00:00<00:00,  4.36it/s]

  0%|          | 0/1 [00:00<?, ?it/s]
100%|██████████| 1/1 [00:00<00:00,  4.40it/s]
100%|██████████| 1/1 [00:00<00:00,  4.40it/s]

  0%|          | 0/1 [00:00<?, ?it/s]
100%|██████████| 1/1 [00:00<00:00,  3.67it/s]
100%|██████████| 1/1 [00:00<00:00,  3.66it/s]

  0%|          | 0/1 [00:00<?, ?it/s]
100%|██████████| 1/1 [00:00<00:00,  5.18it/s]
100%|██████████| 1/1 [00:00<00:00,  5.18it/s]

  0%|          | 0/1 [00:00<?, ?it/s]
100%|██████████| 1/1 [00:00<00:00,  4.52it/s]
100%|██████████| 1/1 [00:00<00:00,  4.52it/s]

  0%|          | 0/1 [00:00<?, ?it/s]
100%|██████████| 1/1 [00:00<00:00,  1.58it/s]
100%|██████████| 1/1 [00:00<00:00,  1.58it/s]

  0%|          | 0/1 [00:00<?, ?it/s]
100%|██████████| 1/1 [00:00<00:00,  4.20it/s]
100%|██████████| 1/1 [00:00<00:00,  4.19it/s]

  0%|          | 0/1 [00:00<?, ?it/s]
100%|██████████| 1/1 [00:00<00:00,  3.72it/s]
100%|██████████| 1/1 [00:00<00:00,  3.71it/s]

  0%|          | 0/1 [00:00<?, ?it/s]
100%|██████████| 1/1 [00:00<00:00,  3.89it/s]
100%|██████████| 1/1 [00:00<00:00,  3.89it/s]

  0%|          | 0/1 [00:00<?, ?it/s]
100%|██████████| 1/1 [00:00<00:00,  2.06it/s]
100%|██████████| 1/1 [00:00<00:00,  2.05it/s]

  0%|          | 0/1 [00:00<?, ?it/s]
100%|██████████| 1/1 [00:00<00:00,  4.09it/s]
100%|██████████| 1/1 [00:00<00:00,  4.09it/s]

  0%|          | 0/1 [00:00<?, ?it/s]
100%|██████████| 1/1 [00:00<00:00,  1.92it/s]
100%|██████████| 1/1 [00:00<00:00,  1.91it/s]

  0%|          | 0/1 [00:00<?, ?it/s]
100%|██████████| 1/1 [00:00<00:00,  3.69it/s]
100%|██████████| 1/1 [00:00<00:00,  3.68it/s]

  0%|          | 0/1 [00:00<?, ?it/s]
100%|██████████| 1/1 [00:00<00:00,  3.56it/s]
100%|██████████| 1/1 [00:00<00:00,  3.56it/s]

  0%|          | 0/1 [00:00<?, ?it/s]
100%|██████████| 1/1 [00:00<00:00,  4.63it/s]
100%|██████████| 1/1 [00:00<00:00,  4.63it/s]

  0%|          | 0/1 [00:00<?, ?it/s]
100%|██████████| 1/1 [00:00<00:00,  4.11it/s]
100%|██████████| 1/1 [00:00<00:00,  4.10it/s]

  0%|          | 0/1 [00:00<?, ?it/s]
100%|██████████| 1/1 [00:00<00:00,  3.66it/s]
100%|██████████| 1/1 [00:00<00:00,  3.66it/s]

  0%|          | 0/1 [00:00<?, ?it/s]
100%|██████████| 1/1 [00:00<00:00,  3.85it/s]
100%|██████████| 1/1 [00:00<00:00,  3.84it/s]

  0%|          | 0/1 [00:00<?, ?it/s]
100%|██████████| 1/1 [00:00<00:00,  4.29it/s]
100%|██████████| 1/1 [00:00<00:00,  4.28it/s]

  0%|          | 0/1 [00:00<?, ?it/s]
100%|██████████| 1/1 [00:00<00:00,  4.51it/s]
100%|██████████| 1/1 [00:00<00:00,  4.51it/s]

  0%|          | 0/1 [00:00<?, ?it/s]
100%|██████████| 1/1 [00:00<00:00,  5.17it/s]
100%|██████████| 1/1 [00:00<00:00,  5.16it/s]

  0%|          | 0/1 [00:00<?, ?it/s]
100%|██████████| 1/1 [00:00<00:00,  3.67it/s]
100%|██████████| 1/1 [00:00<00:00,  3.66it/s]

  0%|          | 0/1 [00:00<?, ?it/s]
100%|██████████| 1/1 [00:00<00:00,  3.17it/s]
100%|██████████| 1/1 [00:00<00:00,  3.16it/s]

  0%|          | 0/1 [00:00<?, ?it/s]
100%|██████████| 1/1 [00:00<00:00,  3.58it/s]
100%|██████████| 1/1 [00:00<00:00,  3.58it/s]

  0%|          | 0/1 [00:00<?, ?it/s]
100%|██████████| 1/1 [00:00<00:00,  4.13it/s]
100%|██████████| 1/1 [00:00<00:00,  4.12it/s]

  0%|          | 0/1 [00:00<?, ?it/s]
100%|██████████| 1/1 [00:00<00:00,  3.49it/s]
100%|██████████| 1/1 [00:00<00:00,  3.49it/s]

  0%|          | 0/1 [00:00<?, ?it/s]
100%|██████████| 1/1 [00:00<00:00,  3.93it/s]
100%|██████████| 1/1 [00:00<00:00,  3.92it/s]

  0%|          | 0/1 [00:00<?, ?it/s]
100%|██████████| 1/1 [00:00<00:00,  3.01it/s]
100%|██████████| 1/1 [00:00<00:00,  3.00it/s]

  0%|          | 0/1 [00:00<?, ?it/s]
100%|██████████| 1/1 [00:00<00:00,  3.90it/s]
100%|██████████| 1/1 [00:00<00:00,  3.90it/s]

  0%|          | 0/1 [00:00<?, ?it/s]
100%|██████████| 1/1 [00:00<00:00,  2.03it/s]
100%|██████████| 1/1 [00:00<00:00,  2.03it/s]

  0%|          | 0/1 [00:00<?, ?it/s]
100%|██████████| 1/1 [00:00<00:00,  4.56it/s]
100%|██████████| 1/1 [00:00<00:00,  4.56it/s]

  0%|          | 0/1 [00:00<?, ?it/s]
100%|██████████| 1/1 [00:00<00:00,  4.84it/s]
100%|██████████| 1/1 [00:00<00:00,  4.83it/s]

  0%|          | 0/1 [00:00<?, ?it/s]
100%|██████████| 1/1 [00:00<00:00,  5.18it/s]
100%|██████████| 1/1 [00:00<00:00,  5.17it/s]

  0%|          | 0/1 [00:00<?, ?it/s]
100%|██████████| 1/1 [00:00<00:00,  4.81it/s]
100%|██████████| 1/1 [00:00<00:00,  4.81it/s]

  0%|          | 0/1 [00:00<?, ?it/s]
100%|██████████| 1/1 [00:00<00:00,  3.30it/s]
100%|██████████| 1/1 [00:00<00:00,  3.29it/s]

  0%|          | 0/1 [00:00<?, ?it/s]
100%|██████████| 1/1 [00:00<00:00,  2.87it/s]
100%|██████████| 1/1 [00:00<00:00,  2.87it/s]

  0%|          | 0/1 [00:00<?, ?it/s]
100%|██████████| 1/1 [00:00<00:00,  4.82it/s]
100%|██████████| 1/1 [00:00<00:00,  4.81it/s]

  0%|          | 0/1 [00:00<?, ?it/s]
100%|██████████| 1/1 [00:00<00:00,  4.21it/s]
100%|██████████| 1/1 [00:00<00:00,  4.21it/s]

  0%|          | 0/1 [00:00<?, ?it/s]
100%|██████████| 1/1 [00:00<00:00,  3.79it/s]
100%|██████████| 1/1 [00:00<00:00,  3.78it/s]

  0%|          | 0/1 [00:00<?, ?it/s]
100%|██████████| 1/1 [00:00<00:00,  4.31it/s]
100%|██████████| 1/1 [00:00<00:00,  4.30it/s]

  0%|          | 0/1 [00:00<?, ?it/s]
100%|██████████| 1/1 [00:00<00:00,  4.02it/s]
100%|██████████| 1/1 [00:00<00:00,  4.02it/s]

  0%|          | 0/1 [00:00<?, ?it/s]
100%|██████████| 1/1 [00:00<00:00,  3.50it/s]
100%|██████████| 1/1 [00:00<00:00,  3.49it/s]

  0%|          | 0/1 [00:00<?, ?it/s]
100%|██████████| 1/1 [00:00<00:00,  4.81it/s]
100%|██████████| 1/1 [00:00<00:00,  4.80it/s]

  0%|          | 0/1 [00:00<?, ?it/s]
100%|██████████| 1/1 [00:00<00:00,  5.22it/s]
100%|██████████| 1/1 [00:00<00:00,  5.21it/s]

  0%|          | 0/1 [00:00<?, ?it/s]
100%|██████████| 1/1 [00:00<00:00,  4.47it/s]
100%|██████████| 1/1 [00:00<00:00,  4.47it/s]

  0%|          | 0/1 [00:00<?, ?it/s]
100%|██████████| 1/1 [00:00<00:00,  4.03it/s]
100%|██████████| 1/1 [00:00<00:00,  4.03it/s]

  0%|          | 0/1 [00:00<?, ?it/s]
100%|██████████| 1/1 [00:00<00:00,  3.78it/s]
100%|██████████| 1/1 [00:00<00:00,  3.78it/s]

  0%|          | 0/1 [00:00<?, ?it/s]
100%|██████████| 1/1 [00:00<00:00,  4.28it/s]
100%|██████████| 1/1 [00:00<00:00,  4.27it/s]

  0%|          | 0/1 [00:00<?, ?it/s]
100%|██████████| 1/1 [00:00<00:00,  4.49it/s]
100%|██████████| 1/1 [00:00<00:00,  4.48it/s]

  0%|          | 0/1 [00:00<?, ?it/s]
100%|██████████| 1/1 [00:00<00:00,  3.71it/s]
100%|██████████| 1/1 [00:00<00:00,  3.71it/s]

  0%|          | 0/1 [00:00<?, ?it/s]
100%|██████████| 1/1 [00:00<00:00,  3.82it/s]
100%|██████████| 1/1 [00:00<00:00,  3.82it/s]

  0%|          | 0/1 [00:00<?, ?it/s]
100%|██████████| 1/1 [00:00<00:00,  4.71it/s]
100%|██████████| 1/1 [00:00<00:00,  4.70it/s]

  0%|          | 0/1 [00:00<?, ?it/s]
100%|██████████| 1/1 [00:00<00:00,  4.79it/s]
100%|██████████| 1/1 [00:00<00:00,  4.79it/s]

  0%|          | 0/1 [00:00<?, ?it/s]
100%|██████████| 1/1 [00:00<00:00,  4.67it/s]
100%|██████████| 1/1 [00:00<00:00,  4.67it/s]

  0%|          | 0/1 [00:00<?, ?it/s]
100%|██████████| 1/1 [00:00<00:00,  3.11it/s]
100%|██████████| 1/1 [00:00<00:00,  3.10it/s]

  0%|          | 0/1 [00:00<?, ?it/s]
100%|██████████| 1/1 [00:00<00:00,  3.54it/s]
100%|██████████| 1/1 [00:00<00:00,  3.54it/s]

  0%|          | 0/1 [00:00<?, ?it/s]
100%|██████████| 1/1 [00:00<00:00,  3.79it/s]
100%|██████████| 1/1 [00:00<00:00,  3.78it/s]

  0%|          | 0/1 [00:00<?, ?it/s]
100%|██████████| 1/1 [00:00<00:00,  4.72it/s]
100%|██████████| 1/1 [00:00<00:00,  4.72it/s]

  0%|          | 0/1 [00:00<?, ?it/s]
100%|██████████| 1/1 [00:00<00:00,  2.57it/s]
100%|██████████| 1/1 [00:00<00:00,  2.57it/s]

  0%|          | 0/1 [00:00<?, ?it/s]
100%|██████████| 1/1 [00:00<00:00,  2.54it/s]
100%|██████████| 1/1 [00:00<00:00,  2.54it/s]

  0%|          | 0/1 [00:00<?, ?it/s]
100%|██████████| 1/1 [00:00<00:00,  4.95it/s]
100%|██████████| 1/1 [00:00<00:00,  4.94it/s]

  0%|          | 0/1 [00:00<?, ?it/s]
100%|██████████| 1/1 [00:00<00:00,  4.43it/s]
100%|██████████| 1/1 [00:00<00:00,  4.42it/s]

  0%|          | 0/1 [00:00<?, ?it/s]
100%|██████████| 1/1 [00:00<00:00,  5.10it/s]
100%|██████████| 1/1 [00:00<00:00,  5.10it/s]

  0%|          | 0/1 [00:00<?, ?it/s]
100%|██████████| 1/1 [00:00<00:00,  4.56it/s]
100%|██████████| 1/1 [00:00<00:00,  4.55it/s]

  0%|          | 0/1 [00:00<?, ?it/s]
100%|██████████| 1/1 [00:00<00:00,  5.02it/s]
100%|██████████| 1/1 [00:00<00:00,  5.01it/s]

  0%|          | 0/1 [00:00<?, ?it/s]
100%|██████████| 1/1 [00:00<00:00,  3.67it/s]
100%|██████████| 1/1 [00:00<00:00,  3.67it/s]

  0%|          | 0/1 [00:00<?, ?it/s]
100%|██████████| 1/1 [00:00<00:00,  4.12it/s]
100%|██████████| 1/1 [00:00<00:00,  4.12it/s]

  0%|          | 0/1 [00:00<?, ?it/s]
100%|██████████| 1/1 [00:00<00:00,  4.68it/s]
100%|██████████| 1/1 [00:00<00:00,  4.68it/s]

  0%|          | 0/1 [00:00<?, ?it/s]
100%|██████████| 1/1 [00:00<00:00,  4.21it/s]
100%|██████████| 1/1 [00:00<00:00,  4.21it/s]

  0%|          | 0/1 [00:00<?, ?it/s]
100%|██████████| 1/1 [00:00<00:00,  3.32it/s]
100%|██████████| 1/1 [00:00<00:00,  3.32it/s]

  0%|          | 0/1 [00:00<?, ?it/s]
100%|██████████| 1/1 [00:00<00:00,  4.32it/s]
100%|██████████| 1/1 [00:00<00:00,  4.31it/s]

  0%|          | 0/1 [00:00<?, ?it/s]
100%|██████████| 1/1 [00:00<00:00,  2.94it/s]
100%|██████████| 1/1 [00:00<00:00,  2.94it/s]

  0%|          | 0/1 [00:00<?, ?it/s]
100%|██████████| 1/1 [00:00<00:00,  3.81it/s]
100%|██████████| 1/1 [00:00<00:00,  3.81it/s]

  0%|          | 0/1 [00:00<?, ?it/s]
100%|██████████| 1/1 [00:00<00:00,  5.08it/s]
100%|██████████| 1/1 [00:00<00:00,  5.07it/s]

  0%|          | 0/1 [00:00<?, ?it/s]
100%|██████████| 1/1 [00:00<00:00,  4.38it/s]
100%|██████████| 1/1 [00:00<00:00,  4.38it/s]

  0%|          | 0/1 [00:00<?, ?it/s]
100%|██████████| 1/1 [00:00<00:00,  4.07it/s]
100%|██████████| 1/1 [00:00<00:00,  4.07it/s]

  0%|          | 0/1 [00:00<?, ?it/s]
100%|██████████| 1/1 [00:00<00:00,  4.26it/s]
100%|██████████| 1/1 [00:00<00:00,  4.26it/s]

  0%|          | 0/1 [00:00<?, ?it/s]
100%|██████████| 1/1 [00:00<00:00,  4.41it/s]
100%|██████████| 1/1 [00:00<00:00,  4.40it/s]

  0%|          | 0/1 [00:00<?, ?it/s]
100%|██████████| 1/1 [00:00<00:00,  4.25it/s]
100%|██████████| 1/1 [00:00<00:00,  4.24it/s]

  0%|          | 0/1 [00:00<?, ?it/s]
100%|██████████| 1/1 [00:00<00:00,  4.41it/s]
100%|██████████| 1/1 [00:00<00:00,  4.40it/s]

  0%|          | 0/1 [00:00<?, ?it/s]
100%|██████████| 1/1 [00:00<00:00,  4.75it/s]
100%|██████████| 1/1 [00:00<00:00,  4.74it/s]

  0%|          | 0/1 [00:00<?, ?it/s]
100%|██████████| 1/1 [00:00<00:00,  2.92it/s]
100%|██████████| 1/1 [00:00<00:00,  2.92it/s]

  0%|          | 0/1 [00:00<?, ?it/s]
100%|██████████| 1/1 [00:00<00:00,  3.91it/s]
100%|██████████| 1/1 [00:00<00:00,  3.91it/s]

  0%|          | 0/1 [00:00<?, ?it/s]
100%|██████████| 1/1 [00:00<00:00,  4.84it/s]
100%|██████████| 1/1 [00:00<00:00,  4.83it/s]

  0%|          | 0/1 [00:00<?, ?it/s]
100%|██████████| 1/1 [00:00<00:00,  5.06it/s]
100%|██████████| 1/1 [00:00<00:00,  5.05it/s]

  0%|          | 0/1 [00:00<?, ?it/s]
100%|██████████| 1/1 [00:00<00:00,  3.57it/s]
100%|██████████| 1/1 [00:00<00:00,  3.57it/s]

  0%|          | 0/1 [00:00<?, ?it/s]
100%|██████████| 1/1 [00:00<00:00,  4.81it/s]
100%|██████████| 1/1 [00:00<00:00,  4.81it/s]

  0%|          | 0/1 [00:00<?, ?it/s]
100%|██████████| 1/1 [00:00<00:00,  3.55it/s]
100%|██████████| 1/1 [00:00<00:00,  3.55it/s]

  0%|          | 0/1 [00:00<?, ?it/s]
100%|██████████| 1/1 [00:00<00:00,  2.87it/s]
100%|██████████| 1/1 [00:00<00:00,  2.87it/s]

  0%|          | 0/1 [00:00<?, ?it/s]
100%|██████████| 1/1 [00:00<00:00,  2.85it/s]
100%|██████████| 1/1 [00:00<00:00,  2.85it/s]

  0%|          | 0/1 [00:00<?, ?it/s]
100%|██████████| 1/1 [00:00<00:00,  4.16it/s]
100%|██████████| 1/1 [00:00<00:00,  4.16it/s]

  0%|          | 0/1 [00:00<?, ?it/s]
100%|██████████| 1/1 [00:00<00:00,  4.32it/s]
100%|██████████| 1/1 [00:00<00:00,  4.32it/s]

  0%|          | 0/1 [00:00<?, ?it/s]
100%|██████████| 1/1 [00:00<00:00,  4.46it/s]
100%|██████████| 1/1 [00:00<00:00,  4.46it/s]

  0%|          | 0/1 [00:00<?, ?it/s]
100%|██████████| 1/1 [00:00<00:00,  4.76it/s]
100%|██████████| 1/1 [00:00<00:00,  4.75it/s]

  0%|          | 0/1 [00:00<?, ?it/s]
100%|██████████| 1/1 [00:00<00:00,  4.32it/s]
100%|██████████| 1/1 [00:00<00:00,  4.31it/s]

  0%|          | 0/1 [00:00<?, ?it/s]
100%|██████████| 1/1 [00:00<00:00,  4.62it/s]
100%|██████████| 1/1 [00:00<00:00,  4.61it/s]

  0%|          | 0/1 [00:00<?, ?it/s]
100%|██████████| 1/1 [00:00<00:00,  3.78it/s]
100%|██████████| 1/1 [00:00<00:00,  3.78it/s]

  0%|          | 0/1 [00:00<?, ?it/s]
100%|██████████| 1/1 [00:00<00:00,  2.31it/s]
100%|██████████| 1/1 [00:00<00:00,  2.31it/s]

  0%|          | 0/1 [00:00<?, ?it/s]
100%|██████████| 1/1 [00:00<00:00,  4.35it/s]
100%|██████████| 1/1 [00:00<00:00,  4.35it/s]

  0%|          | 0/1 [00:00<?, ?it/s]
100%|██████████| 1/1 [00:00<00:00,  3.47it/s]
100%|██████████| 1/1 [00:00<00:00,  3.47it/s]

  0%|          | 0/1 [00:00<?, ?it/s]
100%|██████████| 1/1 [00:00<00:00,  4.16it/s]
100%|██████████| 1/1 [00:00<00:00,  4.16it/s]

  0%|          | 0/1 [00:00<?, ?it/s]
100%|██████████| 1/1 [00:00<00:00,  3.31it/s]
100%|██████████| 1/1 [00:00<00:00,  3.30it/s]

  0%|          | 0/1 [00:00<?, ?it/s]
100%|██████████| 1/1 [00:00<00:00,  3.16it/s]
100%|██████████| 1/1 [00:00<00:00,  3.15it/s]

  0%|          | 0/1 [00:00<?, ?it/s]
100%|██████████| 1/1 [00:00<00:00,  4.37it/s]
100%|██████████| 1/1 [00:00<00:00,  4.37it/s]

  0%|          | 0/1 [00:00<?, ?it/s]
100%|██████████| 1/1 [00:00<00:00,  4.01it/s]
100%|██████████| 1/1 [00:00<00:00,  4.01it/s]

  0%|          | 0/1 [00:00<?, ?it/s]
100%|██████████| 1/1 [00:00<00:00,  4.33it/s]
100%|██████████| 1/1 [00:00<00:00,  4.32it/s]

  0%|          | 0/1 [00:00<?, ?it/s]
100%|██████████| 1/1 [00:00<00:00,  4.51it/s]
100%|██████████| 1/1 [00:00<00:00,  4.51it/s]

  0%|          | 0/1 [00:00<?, ?it/s]
100%|██████████| 1/1 [00:00<00:00,  4.63it/s]
100%|██████████| 1/1 [00:00<00:00,  4.62it/s]

  0%|          | 0/1 [00:00<?, ?it/s]
100%|██████████| 1/1 [00:00<00:00,  3.45it/s]
100%|██████████| 1/1 [00:00<00:00,  3.45it/s]

  0%|          | 0/1 [00:00<?, ?it/s]
100%|██████████| 1/1 [00:00<00:00,  3.68it/s]
100%|██████████| 1/1 [00:00<00:00,  3.67it/s]

  0%|          | 0/1 [00:00<?, ?it/s]
100%|██████████| 1/1 [00:00<00:00,  4.01it/s]
100%|██████████| 1/1 [00:00<00:00,  4.01it/s]

  0%|          | 0/1 [00:00<?, ?it/s]
100%|██████████| 1/1 [00:00<00:00,  4.56it/s]
100%|██████████| 1/1 [00:00<00:00,  4.56it/s]

  0%|          | 0/1 [00:00<?, ?it/s]
100%|██████████| 1/1 [00:00<00:00,  3.97it/s]
100%|██████████| 1/1 [00:00<00:00,  3.96it/s]

  0%|          | 0/1 [00:00<?, ?it/s]
100%|██████████| 1/1 [00:00<00:00,  5.02it/s]
100%|██████████| 1/1 [00:00<00:00,  5.01it/s]

  0%|          | 0/1 [00:00<?, ?it/s]
100%|██████████| 1/1 [00:00<00:00,  3.52it/s]
100%|██████████| 1/1 [00:00<00:00,  3.52it/s]

  0%|          | 0/1 [00:00<?, ?it/s]
100%|██████████| 1/1 [00:00<00:00,  2.51it/s]
100%|██████████| 1/1 [00:00<00:00,  2.51it/s]

  0%|          | 0/1 [00:00<?, ?it/s]
100%|██████████| 1/1 [00:00<00:00,  3.91it/s]
100%|██████████| 1/1 [00:00<00:00,  3.90it/s]

  0%|          | 0/1 [00:00<?, ?it/s]
100%|██████████| 1/1 [00:00<00:00,  3.76it/s]
100%|██████████| 1/1 [00:00<00:00,  3.76it/s]

  0%|          | 0/1 [00:00<?, ?it/s]
100%|██████████| 1/1 [00:00<00:00,  4.53it/s]
100%|██████████| 1/1 [00:00<00:00,  4.52it/s]

  0%|          | 0/1 [00:00<?, ?it/s]
100%|██████████| 1/1 [00:00<00:00,  5.12it/s]
100%|██████████| 1/1 [00:00<00:00,  5.12it/s]

  0%|          | 0/1 [00:00<?, ?it/s]
100%|██████████| 1/1 [00:00<00:00,  3.51it/s]
100%|██████████| 1/1 [00:00<00:00,  3.51it/s]

  0%|          | 0/1 [00:00<?, ?it/s]
100%|██████████| 1/1 [00:00<00:00,  4.94it/s]
100%|██████████| 1/1 [00:00<00:00,  4.93it/s]

  0%|          | 0/1 [00:00<?, ?it/s]
100%|██████████| 1/1 [00:00<00:00,  5.46it/s]
100%|██████████| 1/1 [00:00<00:00,  5.45it/s]

  0%|          | 0/1 [00:00<?, ?it/s]
100%|██████████| 1/1 [00:00<00:00,  4.90it/s]
100%|██████████| 1/1 [00:00<00:00,  4.90it/s]

  0%|          | 0/1 [00:00<?, ?it/s]
100%|██████████| 1/1 [00:00<00:00,  2.95it/s]
100%|██████████| 1/1 [00:00<00:00,  2.95it/s]

  0%|          | 0/1 [00:00<?, ?it/s]
100%|██████████| 1/1 [00:00<00:00,  3.87it/s]
100%|██████████| 1/1 [00:00<00:00,  3.86it/s]

  0%|          | 0/1 [00:00<?, ?it/s]
100%|██████████| 1/1 [00:00<00:00,  4.71it/s]
100%|██████████| 1/1 [00:00<00:00,  4.71it/s]

  0%|          | 0/1 [00:00<?, ?it/s]
100%|██████████| 1/1 [00:00<00:00,  5.17it/s]
100%|██████████| 1/1 [00:00<00:00,  5.17it/s]

  0%|          | 0/1 [00:00<?, ?it/s]
100%|██████████| 1/1 [00:00<00:00,  4.08it/s]
100%|██████████| 1/1 [00:00<00:00,  4.08it/s]

  0%|          | 0/1 [00:00<?, ?it/s]
100%|██████████| 1/1 [00:00<00:00,  3.56it/s]
100%|██████████| 1/1 [00:00<00:00,  3.55it/s]

  0%|          | 0/1 [00:00<?, ?it/s]
100%|██████████| 1/1 [00:00<00:00,  4.40it/s]
100%|██████████| 1/1 [00:00<00:00,  4.39it/s]

  0%|          | 0/1 [00:00<?, ?it/s]
100%|██████████| 1/1 [00:00<00:00,  4.24it/s]
100%|██████████| 1/1 [00:00<00:00,  4.24it/s]

  0%|          | 0/1 [00:00<?, ?it/s]
100%|██████████| 1/1 [00:00<00:00,  4.59it/s]
100%|██████████| 1/1 [00:00<00:00,  4.59it/s]

  0%|          | 0/1 [00:00<?, ?it/s]
100%|██████████| 1/1 [00:00<00:00,  4.91it/s]
100%|██████████| 1/1 [00:00<00:00,  4.90it/s]

  0%|          | 0/1 [00:00<?, ?it/s]
100%|██████████| 1/1 [00:00<00:00,  4.51it/s]
100%|██████████| 1/1 [00:00<00:00,  4.51it/s]

  0%|          | 0/1 [00:00<?, ?it/s]
100%|██████████| 1/1 [00:00<00:00,  3.79it/s]
100%|██████████| 1/1 [00:00<00:00,  3.79it/s]

  0%|          | 0/1 [00:00<?, ?it/s]
100%|██████████| 1/1 [00:00<00:00,  4.11it/s]
100%|██████████| 1/1 [00:00<00:00,  4.10it/s]

  0%|          | 0/1 [00:00<?, ?it/s]
100%|██████████| 1/1 [00:00<00:00,  4.14it/s]
100%|██████████| 1/1 [00:00<00:00,  4.14it/s]

  0%|          | 0/1 [00:00<?, ?it/s]
100%|██████████| 1/1 [00:00<00:00,  4.25it/s]
100%|██████████| 1/1 [00:00<00:00,  4.24it/s]

  0%|          | 0/1 [00:00<?, ?it/s]
100%|██████████| 1/1 [00:00<00:00,  3.58it/s]
100%|██████████| 1/1 [00:00<00:00,  3.58it/s]

  0%|          | 0/1 [00:00<?, ?it/s]
100%|██████████| 1/1 [00:00<00:00,  4.67it/s]
100%|██████████| 1/1 [00:00<00:00,  4.67it/s]

  0%|          | 0/1 [00:00<?, ?it/s]
100%|██████████| 1/1 [00:00<00:00,  5.02it/s]
100%|██████████| 1/1 [00:00<00:00,  5.01it/s]

  0%|          | 0/1 [00:00<?, ?it/s]
100%|██████████| 1/1 [00:00<00:00,  4.56it/s]
100%|██████████| 1/1 [00:00<00:00,  4.56it/s]

  0%|          | 0/1 [00:00<?, ?it/s]
100%|██████████| 1/1 [00:00<00:00,  3.91it/s]
100%|██████████| 1/1 [00:00<00:00,  3.91it/s]

  0%|          | 0/1 [00:00<?, ?it/s]
100%|██████████| 1/1 [00:00<00:00,  4.57it/s]
100%|██████████| 1/1 [00:00<00:00,  4.57it/s]

  0%|          | 0/1 [00:00<?, ?it/s]
100%|██████████| 1/1 [00:00<00:00,  3.83it/s]
100%|██████████| 1/1 [00:00<00:00,  3.82it/s]

  0%|          | 0/1 [00:00<?, ?it/s]
100%|██████████| 1/1 [00:00<00:00,  4.38it/s]
100%|██████████| 1/1 [00:00<00:00,  4.38it/s]

  0%|          | 0/1 [00:00<?, ?it/s]
100%|██████████| 1/1 [00:00<00:00,  4.44it/s]
100%|██████████| 1/1 [00:00<00:00,  4.44it/s]

  0%|          | 0/1 [00:00<?, ?it/s]
100%|██████████| 1/1 [00:00<00:00,  3.37it/s]
100%|██████████| 1/1 [00:00<00:00,  3.36it/s]

  0%|          | 0/1 [00:00<?, ?it/s]
100%|██████████| 1/1 [00:00<00:00,  3.88it/s]
100%|██████████| 1/1 [00:00<00:00,  3.87it/s]

  0%|          | 0/1 [00:00<?, ?it/s]
100%|██████████| 1/1 [00:00<00:00,  2.46it/s]
100%|██████████| 1/1 [00:00<00:00,  2.45it/s]

  0%|          | 0/1 [00:00<?, ?it/s]
100%|██████████| 1/1 [00:00<00:00,  4.51it/s]
100%|██████████| 1/1 [00:00<00:00,  4.50it/s]

  0%|          | 0/1 [00:00<?, ?it/s]
100%|██████████| 1/1 [00:00<00:00,  3.76it/s]
100%|██████████| 1/1 [00:00<00:00,  3.76it/s]

  0%|          | 0/1 [00:00<?, ?it/s]
100%|██████████| 1/1 [00:00<00:00,  4.55it/s]
100%|██████████| 1/1 [00:00<00:00,  4.54it/s]

  0%|          | 0/1 [00:00<?, ?it/s]
100%|██████████| 1/1 [00:00<00:00,  4.53it/s]
100%|██████████| 1/1 [00:00<00:00,  4.53it/s]

  0%|          | 0/1 [00:00<?, ?it/s]
100%|██████████| 1/1 [00:00<00:00,  4.33it/s]
100%|██████████| 1/1 [00:00<00:00,  4.32it/s]

  0%|          | 0/1 [00:00<?, ?it/s]
100%|██████████| 1/1 [00:00<00:00,  4.80it/s]
100%|██████████| 1/1 [00:00<00:00,  4.80it/s]

  0%|          | 0/1 [00:00<?, ?it/s]
100%|██████████| 1/1 [00:00<00:00,  4.82it/s]
100%|██████████| 1/1 [00:00<00:00,  4.81it/s]

  0%|          | 0/1 [00:00<?, ?it/s]
100%|██████████| 1/1 [00:00<00:00,  4.37it/s]
100%|██████████| 1/1 [00:00<00:00,  4.37it/s]

  0%|          | 0/1 [00:00<?, ?it/s]
100%|██████████| 1/1 [00:00<00:00,  4.70it/s]
100%|██████████| 1/1 [00:00<00:00,  4.70it/s]

  0%|          | 0/1 [00:00<?, ?it/s]
100%|██████████| 1/1 [00:00<00:00,  5.35it/s]
100%|██████████| 1/1 [00:00<00:00,  5.35it/s]

  0%|          | 0/1 [00:00<?, ?it/s]
100%|██████████| 1/1 [00:00<00:00,  4.06it/s]
100%|██████████| 1/1 [00:00<00:00,  4.06it/s]

  0%|          | 0/1 [00:00<?, ?it/s]
100%|██████████| 1/1 [00:00<00:00,  4.76it/s]
100%|██████████| 1/1 [00:00<00:00,  4.75it/s]

  0%|          | 0/1 [00:00<?, ?it/s]
100%|██████████| 1/1 [00:00<00:00,  5.09it/s]
100%|██████████| 1/1 [00:00<00:00,  5.08it/s]

  0%|          | 0/1 [00:00<?, ?it/s]
100%|██████████| 1/1 [00:00<00:00,  5.18it/s]
100%|██████████| 1/1 [00:00<00:00,  5.17it/s]

  0%|          | 0/1 [00:00<?, ?it/s]
100%|██████████| 1/1 [00:00<00:00,  5.09it/s]
100%|██████████| 1/1 [00:00<00:00,  5.09it/s]

  0%|          | 0/1 [00:00<?, ?it/s]
100%|██████████| 1/1 [00:00<00:00,  4.89it/s]
100%|██████████| 1/1 [00:00<00:00,  4.88it/s]

  0%|          | 0/1 [00:00<?, ?it/s]
100%|██████████| 1/1 [00:00<00:00,  5.08it/s]
100%|██████████| 1/1 [00:00<00:00,  5.07it/s]

  0%|          | 0/1 [00:00<?, ?it/s]
100%|██████████| 1/1 [00:00<00:00,  4.98it/s]
100%|██████████| 1/1 [00:00<00:00,  4.97it/s]

  0%|          | 0/1 [00:00<?, ?it/s]
100%|██████████| 1/1 [00:00<00:00,  5.06it/s]
100%|██████████| 1/1 [00:00<00:00,  5.05it/s]

  0%|          | 0/1 [00:00<?, ?it/s]
100%|██████████| 1/1 [00:00<00:00,  4.98it/s]
100%|██████████| 1/1 [00:00<00:00,  4.97it/s]

  0%|          | 0/1 [00:00<?, ?it/s]
100%|██████████| 1/1 [00:00<00:00,  4.99it/s]
100%|██████████| 1/1 [00:00<00:00,  4.99it/s]

  0%|          | 0/1 [00:00<?, ?it/s]
100%|██████████| 1/1 [00:00<00:00,  4.24it/s]
100%|██████████| 1/1 [00:00<00:00,  4.24it/s]

  0%|          | 0/1 [00:00<?, ?it/s]
100%|██████████| 1/1 [00:00<00:00,  3.33it/s]
100%|██████████| 1/1 [00:00<00:00,  3.33it/s]

  0%|          | 0/1 [00:00<?, ?it/s]
100%|██████████| 1/1 [00:00<00:00,  2.35it/s]
100%|██████████| 1/1 [00:00<00:00,  2.34it/s]

  0%|          | 0/1 [00:00<?, ?it/s]
100%|██████████| 1/1 [00:00<00:00,  2.75it/s]
100%|██████████| 1/1 [00:00<00:00,  2.75it/s]

  0%|          | 0/1 [00:00<?, ?it/s]
100%|██████████| 1/1 [00:00<00:00,  3.11it/s]
100%|██████████| 1/1 [00:00<00:00,  3.10it/s]

  0%|          | 0/1 [00:00<?, ?it/s]
100%|██████████| 1/1 [00:00<00:00,  4.62it/s]
100%|██████████| 1/1 [00:00<00:00,  4.62it/s]

  0%|          | 0/1 [00:00<?, ?it/s]
100%|██████████| 1/1 [00:00<00:00,  3.77it/s]
100%|██████████| 1/1 [00:00<00:00,  3.76it/s]

  0%|          | 0/1 [00:00<?, ?it/s]
100%|██████████| 1/1 [00:00<00:00,  3.28it/s]
100%|██████████| 1/1 [00:00<00:00,  3.28it/s]

  0%|          | 0/1 [00:00<?, ?it/s]
100%|██████████| 1/1 [00:00<00:00,  2.60it/s]
100%|██████████| 1/1 [00:00<00:00,  2.60it/s]

  0%|          | 0/1 [00:00<?, ?it/s]
100%|██████████| 1/1 [00:00<00:00,  1.78it/s]
100%|██████████| 1/1 [00:00<00:00,  1.78it/s]

  0%|          | 0/1 [00:00<?, ?it/s]
100%|██████████| 1/1 [00:00<00:00,  2.96it/s]
100%|██████████| 1/1 [00:00<00:00,  2.96it/s]

  0%|          | 0/1 [00:00<?, ?it/s]
100%|██████████| 1/1 [00:00<00:00,  3.57it/s]
100%|██████████| 1/1 [00:00<00:00,  3.57it/s]

  0%|          | 0/1 [00:00<?, ?it/s]
100%|██████████| 1/1 [00:00<00:00,  4.25it/s]
100%|██████████| 1/1 [00:00<00:00,  4.24it/s]

  0%|          | 0/1 [00:00<?, ?it/s]
100%|██████████| 1/1 [00:00<00:00,  4.30it/s]
100%|██████████| 1/1 [00:00<00:00,  4.29it/s]

  0%|          | 0/1 [00:00<?, ?it/s]
100%|██████████| 1/1 [00:00<00:00,  4.66it/s]
100%|██████████| 1/1 [00:00<00:00,  4.65it/s]

  0%|          | 0/1 [00:00<?, ?it/s]
100%|██████████| 1/1 [00:00<00:00,  4.95it/s]
100%|██████████| 1/1 [00:00<00:00,  4.94it/s]

  0%|          | 0/1 [00:00<?, ?it/s]
100%|██████████| 1/1 [00:00<00:00,  2.20it/s]
100%|██████████| 1/1 [00:00<00:00,  2.20it/s]

  0%|          | 0/1 [00:00<?, ?it/s]
100%|██████████| 1/1 [00:00<00:00,  1.06it/s]
100%|██████████| 1/1 [00:00<00:00,  1.06it/s]

  0%|          | 0/1 [00:00<?, ?it/s]
100%|██████████| 1/1 [00:00<00:00,  3.39it/s]
100%|██████████| 1/1 [00:00<00:00,  3.39it/s]

  0%|          | 0/1 [00:00<?, ?it/s]
100%|██████████| 1/1 [00:00<00:00,  2.56it/s]
100%|██████████| 1/1 [00:00<00:00,  2.56it/s]

  0%|          | 0/1 [00:00<?, ?it/s]
100%|██████████| 1/1 [00:00<00:00,  1.30it/s]
100%|██████████| 1/1 [00:00<00:00,  1.30it/s]

  0%|          | 0/1 [00:00<?, ?it/s]
100%|██████████| 1/1 [00:01<00:00,  1.61s/it]
100%|██████████| 1/1 [00:01<00:00,  1.61s/it]

  0%|          | 0/1 [00:00<?, ?it/s]
100%|██████████| 1/1 [00:01<00:00,  1.96s/it]
100%|██████████| 1/1 [00:01<00:00,  1.96s/it]

  0%|          | 0/1 [00:00<?, ?it/s]
100%|██████████| 1/1 [00:00<00:00,  2.16it/s]
100%|██████████| 1/1 [00:00<00:00,  2.16it/s]

  0%|          | 0/1 [00:00<?, ?it/s]
100%|██████████| 1/1 [00:00<00:00,  3.71it/s]
100%|██████████| 1/1 [00:00<00:00,  3.71it/s]

  0%|          | 0/1 [00:00<?, ?it/s]
100%|██████████| 1/1 [00:00<00:00,  1.99it/s]
100%|██████████| 1/1 [00:00<00:00,  1.99it/s]

  0%|          | 0/1 [00:00<?, ?it/s]
100%|██████████| 1/1 [00:00<00:00,  1.34it/s]
100%|██████████| 1/1 [00:00<00:00,  1.34it/s]

  0%|          | 0/1 [00:00<?, ?it/s]
100%|██████████| 1/1 [00:00<00:00,  3.79it/s]
100%|██████████| 1/1 [00:00<00:00,  3.79it/s]

  0%|          | 0/1 [00:00<?, ?it/s]
100%|██████████| 1/1 [00:01<00:00,  1.36s/it]
100%|██████████| 1/1 [00:01<00:00,  1.36s/it]

  0%|          | 0/1 [00:00<?, ?it/s]
100%|██████████| 1/1 [00:00<00:00,  3.66it/s]
100%|██████████| 1/1 [00:00<00:00,  3.66it/s]

  0%|          | 0/1 [00:00<?, ?it/s]
100%|██████████| 1/1 [00:01<00:00,  1.29s/it]
100%|██████████| 1/1 [00:01<00:00,  1.29s/it]

  0%|          | 0/1 [00:00<?, ?it/s]
100%|██████████| 1/1 [00:00<00:00,  2.65it/s]
100%|██████████| 1/1 [00:00<00:00,  2.65it/s]

  0%|          | 0/1 [00:00<?, ?it/s]
100%|██████████| 1/1 [00:00<00:00,  4.23it/s]
100%|██████████| 1/1 [00:00<00:00,  4.23it/s]

  0%|          | 0/1 [00:00<?, ?it/s]
100%|██████████| 1/1 [00:00<00:00,  1.09it/s]
100%|██████████| 1/1 [00:00<00:00,  1.09it/s]

  0%|          | 0/1 [00:00<?, ?it/s]
100%|██████████| 1/1 [00:00<00:00,  4.41it/s]
100%|██████████| 1/1 [00:00<00:00,  4.40it/s]

  0%|          | 0/1 [00:00<?, ?it/s]
100%|██████████| 1/1 [00:00<00:00,  2.26it/s]
100%|██████████| 1/1 [00:00<00:00,  2.25it/s]

  0%|          | 0/1 [00:00<?, ?it/s]
100%|██████████| 1/1 [00:00<00:00,  4.45it/s]
100%|██████████| 1/1 [00:00<00:00,  4.44it/s]

  0%|          | 0/1 [00:00<?, ?it/s]
100%|██████████| 1/1 [00:00<00:00,  3.72it/s]
100%|██████████| 1/1 [00:00<00:00,  3.72it/s]

  0%|          | 0/1 [00:00<?, ?it/s]
100%|██████████| 1/1 [00:00<00:00,  2.51it/s]
100%|██████████| 1/1 [00:00<00:00,  2.50it/s]

  0%|          | 0/1 [00:00<?, ?it/s]
100%|██████████| 1/1 [00:00<00:00,  2.22it/s]
100%|██████████| 1/1 [00:00<00:00,  2.22it/s]

  0%|          | 0/1 [00:00<?, ?it/s]
100%|██████████| 1/1 [00:00<00:00,  4.49it/s]
100%|██████████| 1/1 [00:00<00:00,  4.49it/s]

  0%|          | 0/1 [00:00<?, ?it/s]
100%|██████████| 1/1 [00:00<00:00,  1.87it/s]
100%|██████████| 1/1 [00:00<00:00,  1.87it/s]

  0%|          | 0/1 [00:00<?, ?it/s]
100%|██████████| 1/1 [00:00<00:00,  3.77it/s]
100%|██████████| 1/1 [00:00<00:00,  3.76it/s]

  0%|          | 0/1 [00:00<?, ?it/s]
100%|██████████| 1/1 [00:00<00:00,  3.16it/s]
100%|██████████| 1/1 [00:00<00:00,  3.15it/s]

  0%|          | 0/1 [00:00<?, ?it/s]
100%|██████████| 1/1 [00:00<00:00,  3.59it/s]
100%|██████████| 1/1 [00:00<00:00,  3.59it/s]

  0%|          | 0/1 [00:00<?, ?it/s]
100%|██████████| 1/1 [00:00<00:00,  4.02it/s]
100%|██████████| 1/1 [00:00<00:00,  4.02it/s]

  0%|          | 0/1 [00:00<?, ?it/s]
100%|██████████| 1/1 [00:00<00:00,  4.57it/s]
100%|██████████| 1/1 [00:00<00:00,  4.57it/s]

  0%|          | 0/1 [00:00<?, ?it/s]
100%|██████████| 1/1 [00:00<00:00,  4.09it/s]
100%|██████████| 1/1 [00:00<00:00,  4.09it/s]

  0%|          | 0/1 [00:00<?, ?it/s]
100%|██████████| 1/1 [00:00<00:00,  4.22it/s]
100%|██████████| 1/1 [00:00<00:00,  4.21it/s]

  0%|          | 0/1 [00:00<?, ?it/s]
100%|██████████| 1/1 [00:00<00:00,  4.39it/s]
100%|██████████| 1/1 [00:00<00:00,  4.39it/s]

  0%|          | 0/1 [00:00<?, ?it/s]
100%|██████████| 1/1 [00:00<00:00,  4.92it/s]
100%|██████████| 1/1 [00:00<00:00,  4.92it/s]

  0%|          | 0/1 [00:00<?, ?it/s]
100%|██████████| 1/1 [00:00<00:00,  4.77it/s]
100%|██████████| 1/1 [00:00<00:00,  4.76it/s]

  0%|          | 0/1 [00:00<?, ?it/s]
100%|██████████| 1/1 [00:00<00:00,  4.51it/s]
100%|██████████| 1/1 [00:00<00:00,  4.50it/s]

  0%|          | 0/1 [00:00<?, ?it/s]
100%|██████████| 1/1 [00:00<00:00,  4.72it/s]
100%|██████████| 1/1 [00:00<00:00,  4.72it/s]

  0%|          | 0/1 [00:00<?, ?it/s]
100%|██████████| 1/1 [00:00<00:00,  4.49it/s]
100%|██████████| 1/1 [00:00<00:00,  4.48it/s]

  0%|          | 0/1 [00:00<?, ?it/s]
100%|██████████| 1/1 [00:00<00:00,  4.70it/s]
100%|██████████| 1/1 [00:00<00:00,  4.70it/s]

  0%|          | 0/1 [00:00<?, ?it/s]
100%|██████████| 1/1 [00:00<00:00,  4.32it/s]
100%|██████████| 1/1 [00:00<00:00,  4.31it/s]

  0%|          | 0/1 [00:00<?, ?it/s]
100%|██████████| 1/1 [00:00<00:00,  4.81it/s]
100%|██████████| 1/1 [00:00<00:00,  4.81it/s]

  0%|          | 0/1 [00:00<?, ?it/s]
100%|██████████| 1/1 [00:00<00:00,  4.65it/s]
100%|██████████| 1/1 [00:00<00:00,  4.64it/s]

  0%|          | 0/1 [00:00<?, ?it/s]
100%|██████████| 1/1 [00:00<00:00,  4.44it/s]
100%|██████████| 1/1 [00:00<00:00,  4.43it/s]

  0%|          | 0/1 [00:00<?, ?it/s]
100%|██████████| 1/1 [00:00<00:00,  4.39it/s]
100%|██████████| 1/1 [00:00<00:00,  4.38it/s]

  0%|          | 0/1 [00:00<?, ?it/s]
100%|██████████| 1/1 [00:00<00:00,  5.05it/s]
100%|██████████| 1/1 [00:00<00:00,  5.05it/s]

  0%|          | 0/1 [00:00<?, ?it/s]
100%|██████████| 1/1 [00:00<00:00,  4.64it/s]
100%|██████████| 1/1 [00:00<00:00,  4.64it/s]

  0%|          | 0/1 [00:00<?, ?it/s]
100%|██████████| 1/1 [00:00<00:00,  4.77it/s]
100%|██████████| 1/1 [00:00<00:00,  4.76it/s]

  0%|          | 0/1 [00:00<?, ?it/s]
100%|██████████| 1/1 [00:00<00:00,  4.51it/s]
100%|██████████| 1/1 [00:00<00:00,  4.50it/s]

  0%|          | 0/1 [00:00<?, ?it/s]
100%|██████████| 1/1 [00:00<00:00,  2.70it/s]
100%|██████████| 1/1 [00:00<00:00,  2.69it/s]

  0%|          | 0/1 [00:00<?, ?it/s]
100%|██████████| 1/1 [00:00<00:00,  3.15it/s]
100%|██████████| 1/1 [00:00<00:00,  3.15it/s]

  0%|          | 0/1 [00:00<?, ?it/s]
100%|██████████| 1/1 [00:00<00:00,  4.74it/s]
100%|██████████| 1/1 [00:00<00:00,  4.74it/s]

  0%|          | 0/1 [00:00<?, ?it/s]
100%|██████████| 1/1 [00:00<00:00,  3.95it/s]
100%|██████████| 1/1 [00:00<00:00,  3.95it/s]

  0%|          | 0/1 [00:00<?, ?it/s]
100%|██████████| 1/1 [00:00<00:00,  4.06it/s]
100%|██████████| 1/1 [00:00<00:00,  4.06it/s]

  0%|          | 0/1 [00:00<?, ?it/s]
100%|██████████| 1/1 [00:00<00:00,  4.56it/s]
100%|██████████| 1/1 [00:00<00:00,  4.56it/s]

  0%|          | 0/1 [00:00<?, ?it/s]
100%|██████████| 1/1 [00:00<00:00,  4.01it/s]
100%|██████████| 1/1 [00:00<00:00,  4.01it/s]

  0%|          | 0/1 [00:00<?, ?it/s]
100%|██████████| 1/1 [00:00<00:00,  4.53it/s]
100%|██████████| 1/1 [00:00<00:00,  4.53it/s]

  0%|          | 0/1 [00:00<?, ?it/s]
100%|██████████| 1/1 [00:00<00:00,  4.20it/s]
100%|██████████| 1/1 [00:00<00:00,  4.20it/s]

  0%|          | 0/1 [00:00<?, ?it/s]
100%|██████████| 1/1 [00:00<00:00,  4.30it/s]
100%|██████████| 1/1 [00:00<00:00,  4.30it/s]

  0%|          | 0/1 [00:00<?, ?it/s]
100%|██████████| 1/1 [00:00<00:00,  4.61it/s]
100%|██████████| 1/1 [00:00<00:00,  4.60it/s]

  0%|          | 0/1 [00:00<?, ?it/s]
100%|██████████| 1/1 [00:00<00:00,  4.31it/s]
100%|██████████| 1/1 [00:00<00:00,  4.30it/s]

  0%|          | 0/1 [00:00<?, ?it/s]
100%|██████████| 1/1 [00:00<00:00,  4.91it/s]
100%|██████████| 1/1 [00:00<00:00,  4.90it/s]

  0%|          | 0/1 [00:00<?, ?it/s]
100%|██████████| 1/1 [00:00<00:00,  4.51it/s]
100%|██████████| 1/1 [00:00<00:00,  4.51it/s]

  0%|          | 0/1 [00:00<?, ?it/s]
100%|██████████| 1/1 [00:00<00:00,  5.07it/s]
100%|██████████| 1/1 [00:00<00:00,  5.06it/s]

  0%|          | 0/1 [00:00<?, ?it/s]
100%|██████████| 1/1 [00:00<00:00,  4.66it/s]
100%|██████████| 1/1 [00:00<00:00,  4.66it/s]

  0%|          | 0/1 [00:00<?, ?it/s]
100%|██████████| 1/1 [00:00<00:00,  4.38it/s]
100%|██████████| 1/1 [00:00<00:00,  4.38it/s]

  0%|          | 0/1 [00:00<?, ?it/s]
100%|██████████| 1/1 [00:00<00:00,  4.62it/s]
100%|██████████| 1/1 [00:00<00:00,  4.62it/s]

  0%|          | 0/1 [00:00<?, ?it/s]
100%|██████████| 1/1 [00:00<00:00,  4.58it/s]
100%|██████████| 1/1 [00:00<00:00,  4.58it/s]

  0%|          | 0/1 [00:00<?, ?it/s]
100%|██████████| 1/1 [00:00<00:00,  4.56it/s]
100%|██████████| 1/1 [00:00<00:00,  4.55it/s]

  0%|          | 0/1 [00:00<?, ?it/s]
100%|██████████| 1/1 [00:00<00:00,  4.60it/s]
100%|██████████| 1/1 [00:00<00:00,  4.59it/s]

  0%|          | 0/1 [00:00<?, ?it/s]
100%|██████████| 1/1 [00:00<00:00,  4.33it/s]
100%|██████████| 1/1 [00:00<00:00,  4.33it/s]

  0%|          | 0/1 [00:00<?, ?it/s]
100%|██████████| 1/1 [00:00<00:00,  4.63it/s]
100%|██████████| 1/1 [00:00<00:00,  4.63it/s]

  0%|          | 0/1 [00:00<?, ?it/s]
100%|██████████| 1/1 [00:00<00:00,  4.21it/s]
100%|██████████| 1/1 [00:00<00:00,  4.21it/s]

  0%|          | 0/1 [00:00<?, ?it/s]
100%|██████████| 1/1 [00:00<00:00,  4.34it/s]
100%|██████████| 1/1 [00:00<00:00,  4.34it/s]

  0%|          | 0/1 [00:00<?, ?it/s]
100%|██████████| 1/1 [00:00<00:00,  4.56it/s]
100%|██████████| 1/1 [00:00<00:00,  4.55it/s]

  0%|          | 0/1 [00:00<?, ?it/s]
100%|██████████| 1/1 [00:00<00:00,  5.16it/s]
100%|██████████| 1/1 [00:00<00:00,  5.15it/s]

  0%|          | 0/1 [00:00<?, ?it/s]
100%|██████████| 1/1 [00:00<00:00,  4.94it/s]
100%|██████████| 1/1 [00:00<00:00,  4.94it/s]

  0%|          | 0/1 [00:00<?, ?it/s]
100%|██████████| 1/1 [00:00<00:00,  4.71it/s]
100%|██████████| 1/1 [00:00<00:00,  4.70it/s]

  0%|          | 0/1 [00:00<?, ?it/s]
100%|██████████| 1/1 [00:00<00:00,  4.61it/s]
100%|██████████| 1/1 [00:00<00:00,  4.60it/s]

  0%|          | 0/1 [00:00<?, ?it/s]
100%|██████████| 1/1 [00:00<00:00,  4.44it/s]
100%|██████████| 1/1 [00:00<00:00,  4.44it/s]

  0%|          | 0/1 [00:00<?, ?it/s]
100%|██████████| 1/1 [00:00<00:00,  4.45it/s]
100%|██████████| 1/1 [00:00<00:00,  4.45it/s]

  0%|          | 0/1 [00:00<?, ?it/s]
100%|██████████| 1/1 [00:00<00:00,  4.71it/s]
100%|██████████| 1/1 [00:00<00:00,  4.71it/s]

  0%|          | 0/1 [00:00<?, ?it/s]
100%|██████████| 1/1 [00:00<00:00,  4.72it/s]
100%|██████████| 1/1 [00:00<00:00,  4.71it/s]

  0%|          | 0/1 [00:00<?, ?it/s]
100%|██████████| 1/1 [00:00<00:00,  5.14it/s]
100%|██████████| 1/1 [00:00<00:00,  5.13it/s]

  0%|          | 0/1 [00:00<?, ?it/s]
100%|██████████| 1/1 [00:00<00:00,  5.45it/s]
100%|██████████| 1/1 [00:00<00:00,  5.44it/s]

  0%|          | 0/1 [00:00<?, ?it/s]
100%|██████████| 1/1 [00:00<00:00,  5.61it/s]
100%|██████████| 1/1 [00:00<00:00,  5.60it/s]

  0%|          | 0/1 [00:00<?, ?it/s]
100%|██████████| 1/1 [00:00<00:00,  5.37it/s]
100%|██████████| 1/1 [00:00<00:00,  5.37it/s]

  0%|          | 0/1 [00:00<?, ?it/s]
100%|██████████| 1/1 [00:00<00:00,  3.97it/s]
100%|██████████| 1/1 [00:00<00:00,  3.96it/s]

  0%|          | 0/1 [00:00<?, ?it/s]
100%|██████████| 1/1 [00:00<00:00,  4.68it/s]
100%|██████████| 1/1 [00:00<00:00,  4.68it/s]

  0%|          | 0/1 [00:00<?, ?it/s]
100%|██████████| 1/1 [00:00<00:00,  4.06it/s]
100%|██████████| 1/1 [00:00<00:00,  4.06it/s]

  0%|          | 0/1 [00:00<?, ?it/s]
100%|██████████| 1/1 [00:00<00:00,  4.25it/s]
100%|██████████| 1/1 [00:00<00:00,  4.25it/s]

  0%|          | 0/1 [00:00<?, ?it/s]
100%|██████████| 1/1 [00:00<00:00,  4.67it/s]
100%|██████████| 1/1 [00:00<00:00,  4.67it/s]

  0%|          | 0/1 [00:00<?, ?it/s]
100%|██████████| 1/1 [00:00<00:00,  4.67it/s]
100%|██████████| 1/1 [00:00<00:00,  4.66it/s]

  0%|          | 0/1 [00:00<?, ?it/s]
100%|██████████| 1/1 [00:00<00:00,  4.63it/s]
100%|██████████| 1/1 [00:00<00:00,  4.63it/s]

  0%|          | 0/1 [00:00<?, ?it/s]
100%|██████████| 1/1 [00:00<00:00,  5.18it/s]
100%|██████████| 1/1 [00:00<00:00,  5.18it/s]

  0%|          | 0/1 [00:00<?, ?it/s]
100%|██████████| 1/1 [00:00<00:00,  5.33it/s]
100%|██████████| 1/1 [00:00<00:00,  5.32it/s]

  0%|          | 0/1 [00:00<?, ?it/s]
100%|██████████| 1/1 [00:00<00:00,  5.25it/s]
100%|██████████| 1/1 [00:00<00:00,  5.24it/s]

  0%|          | 0/1 [00:00<?, ?it/s]
100%|██████████| 1/1 [00:00<00:00,  5.15it/s]
100%|██████████| 1/1 [00:00<00:00,  5.15it/s]

  0%|          | 0/1 [00:00<?, ?it/s]
100%|██████████| 1/1 [00:00<00:00,  3.09it/s]
100%|██████████| 1/1 [00:00<00:00,  3.09it/s]

  0%|          | 0/1 [00:00<?, ?it/s]
100%|██████████| 1/1 [00:00<00:00,  4.42it/s]
100%|██████████| 1/1 [00:00<00:00,  4.42it/s]

  0%|          | 0/1 [00:00<?, ?it/s]
100%|██████████| 1/1 [00:00<00:00,  4.25it/s]
100%|██████████| 1/1 [00:00<00:00,  4.25it/s]

  0%|          | 0/1 [00:00<?, ?it/s]
100%|██████████| 1/1 [00:00<00:00,  4.37it/s]
100%|██████████| 1/1 [00:00<00:00,  4.36it/s]

  0%|          | 0/1 [00:00<?, ?it/s]
100%|██████████| 1/1 [00:00<00:00,  4.45it/s]
100%|██████████| 1/1 [00:00<00:00,  4.45it/s]

  0%|          | 0/1 [00:00<?, ?it/s]
100%|██████████| 1/1 [00:00<00:00,  4.67it/s]
100%|██████████| 1/1 [00:00<00:00,  4.67it/s]

  0%|          | 0/1 [00:00<?, ?it/s]
100%|██████████| 1/1 [00:00<00:00,  4.95it/s]
100%|██████████| 1/1 [00:00<00:00,  4.94it/s]

  0%|          | 0/1 [00:00<?, ?it/s]
100%|██████████| 1/1 [00:00<00:00,  4.44it/s]
100%|██████████| 1/1 [00:00<00:00,  4.44it/s]

  0%|          | 0/1 [00:00<?, ?it/s]
100%|██████████| 1/1 [00:00<00:00,  4.59it/s]
100%|██████████| 1/1 [00:00<00:00,  4.58it/s]

  0%|          | 0/1 [00:00<?, ?it/s]
100%|██████████| 1/1 [00:00<00:00,  4.53it/s]
100%|██████████| 1/1 [00:00<00:00,  4.53it/s]

  0%|          | 0/1 [00:00<?, ?it/s]
100%|██████████| 1/1 [00:00<00:00,  4.56it/s]
100%|██████████| 1/1 [00:00<00:00,  4.55it/s]

  0%|          | 0/1 [00:00<?, ?it/s]
100%|██████████| 1/1 [00:00<00:00,  4.52it/s]
100%|██████████| 1/1 [00:00<00:00,  4.51it/s]

  0%|          | 0/1 [00:00<?, ?it/s]
100%|██████████| 1/1 [00:00<00:00,  4.73it/s]
100%|██████████| 1/1 [00:00<00:00,  4.72it/s]

  0%|          | 0/1 [00:00<?, ?it/s]
100%|██████████| 1/1 [00:00<00:00,  3.27it/s]
100%|██████████| 1/1 [00:00<00:00,  3.26it/s]

  0%|          | 0/1 [00:00<?, ?it/s]
100%|██████████| 1/1 [00:00<00:00,  4.81it/s]
100%|██████████| 1/1 [00:00<00:00,  4.80it/s]

  0%|          | 0/1 [00:00<?, ?it/s]
100%|██████████| 1/1 [00:00<00:00,  3.71it/s]
100%|██████████| 1/1 [00:00<00:00,  3.71it/s]

  0%|          | 0/1 [00:00<?, ?it/s]
100%|██████████| 1/1 [00:00<00:00,  1.66it/s]
100%|██████████| 1/1 [00:00<00:00,  1.65it/s]

  0%|          | 0/1 [00:00<?, ?it/s]
100%|██████████| 1/1 [00:00<00:00,  4.52it/s]
100%|██████████| 1/1 [00:00<00:00,  4.51it/s]

  0%|          | 0/1 [00:00<?, ?it/s]
100%|██████████| 1/1 [00:00<00:00,  4.07it/s]
100%|██████████| 1/1 [00:00<00:00,  4.06it/s]

  0%|          | 0/1 [00:00<?, ?it/s]
100%|██████████| 1/1 [00:00<00:00,  4.64it/s]
100%|██████████| 1/1 [00:00<00:00,  4.64it/s]

  0%|          | 0/1 [00:00<?, ?it/s]
100%|██████████| 1/1 [00:00<00:00,  5.00it/s]
100%|██████████| 1/1 [00:00<00:00,  4.99it/s]

  0%|          | 0/1 [00:00<?, ?it/s]
100%|██████████| 1/1 [00:00<00:00,  5.18it/s]
100%|██████████| 1/1 [00:00<00:00,  5.18it/s]

  0%|          | 0/1 [00:00<?, ?it/s]
100%|██████████| 1/1 [00:00<00:00,  5.24it/s]
100%|██████████| 1/1 [00:00<00:00,  5.24it/s]

  0%|          | 0/1 [00:00<?, ?it/s]
100%|██████████| 1/1 [00:00<00:00,  4.94it/s]
100%|██████████| 1/1 [00:00<00:00,  4.94it/s]

  0%|          | 0/1 [00:00<?, ?it/s]
100%|██████████| 1/1 [00:00<00:00,  4.68it/s]
100%|██████████| 1/1 [00:00<00:00,  4.68it/s]

  0%|          | 0/1 [00:00<?, ?it/s]
100%|██████████| 1/1 [00:00<00:00,  4.51it/s]
100%|██████████| 1/1 [00:00<00:00,  4.50it/s]

  0%|          | 0/1 [00:00<?, ?it/s]
100%|██████████| 1/1 [00:00<00:00,  1.83it/s]
100%|██████████| 1/1 [00:00<00:00,  1.83it/s]

  0%|          | 0/1 [00:00<?, ?it/s]
100%|██████████| 1/1 [00:00<00:00,  3.00it/s]
100%|██████████| 1/1 [00:00<00:00,  3.00it/s]

  0%|          | 0/1 [00:00<?, ?it/s]
100%|██████████| 1/1 [00:00<00:00,  1.50it/s]
100%|██████████| 1/1 [00:00<00:00,  1.50it/s]

  0%|          | 0/1 [00:00<?, ?it/s]
100%|██████████| 1/1 [00:00<00:00,  3.65it/s]
100%|██████████| 1/1 [00:00<00:00,  3.65it/s]

  0%|          | 0/1 [00:00<?, ?it/s]
100%|██████████| 1/1 [00:00<00:00,  3.01it/s]
100%|██████████| 1/1 [00:00<00:00,  3.01it/s]

  0%|          | 0/1 [00:00<?, ?it/s]
100%|██████████| 1/1 [00:00<00:00,  3.98it/s]
100%|██████████| 1/1 [00:00<00:00,  3.98it/s]

  0%|          | 0/1 [00:00<?, ?it/s]
100%|██████████| 1/1 [00:00<00:00,  3.78it/s]
100%|██████████| 1/1 [00:00<00:00,  3.77it/s]

  0%|          | 0/1 [00:00<?, ?it/s]
100%|██████████| 1/1 [00:00<00:00,  2.61it/s]
100%|██████████| 1/1 [00:00<00:00,  2.60it/s]

  0%|          | 0/1 [00:00<?, ?it/s]
100%|██████████| 1/1 [00:00<00:00,  1.84it/s]
100%|██████████| 1/1 [00:00<00:00,  1.84it/s]

  0%|          | 0/1 [00:00<?, ?it/s]
100%|██████████| 1/1 [00:00<00:00,  3.85it/s]
100%|██████████| 1/1 [00:00<00:00,  3.84it/s]

  0%|          | 0/1 [00:00<?, ?it/s]
100%|██████████| 1/1 [00:00<00:00,  2.59it/s]
100%|██████████| 1/1 [00:00<00:00,  2.59it/s]

  0%|          | 0/1 [00:00<?, ?it/s]
100%|██████████| 1/1 [00:00<00:00,  3.67it/s]
100%|██████████| 1/1 [00:00<00:00,  3.67it/s]

  0%|          | 0/1 [00:00<?, ?it/s]
100%|██████████| 1/1 [00:01<00:00,  1.94s/it]
100%|██████████| 1/1 [00:01<00:00,  1.94s/it]

  0%|          | 0/1 [00:00<?, ?it/s]
100%|██████████| 1/1 [00:01<00:00,  1.95s/it]
100%|██████████| 1/1 [00:01<00:00,  1.95s/it]

  0%|          | 0/1 [00:00<?, ?it/s]
100%|██████████| 1/1 [00:01<00:00,  1.36s/it]
100%|██████████| 1/1 [00:01<00:00,  1.36s/it]

  0%|          | 0/1 [00:00<?, ?it/s]
100%|██████████| 1/1 [00:00<00:00,  3.91it/s]
100%|██████████| 1/1 [00:00<00:00,  3.91it/s]

  0%|          | 0/1 [00:00<?, ?it/s]
100%|██████████| 1/1 [00:03<00:00,  3.91s/it]
100%|██████████| 1/1 [00:03<00:00,  3.91s/it]

  0%|          | 0/1 [00:00<?, ?it/s]
100%|██████████| 1/1 [00:00<00:00,  3.95it/s]
100%|██████████| 1/1 [00:00<00:00,  3.94it/s]

  0%|          | 0/1 [00:00<?, ?it/s]
100%|██████████| 1/1 [00:00<00:00,  3.10it/s]
100%|██████████| 1/1 [00:00<00:00,  3.09it/s]

  0%|          | 0/1 [00:00<?, ?it/s]
100%|██████████| 1/1 [00:00<00:00,  2.21it/s]
100%|██████████| 1/1 [00:00<00:00,  2.21it/s]

  0%|          | 0/1 [00:00<?, ?it/s]
100%|██████████| 1/1 [00:00<00:00,  1.77it/s]
100%|██████████| 1/1 [00:00<00:00,  1.77it/s]

  0%|          | 0/1 [00:00<?, ?it/s]
100%|██████████| 1/1 [00:00<00:00,  4.08it/s]
100%|██████████| 1/1 [00:00<00:00,  4.07it/s]

  0%|          | 0/1 [00:00<?, ?it/s]
100%|██████████| 1/1 [00:00<00:00,  3.98it/s]
100%|██████████| 1/1 [00:00<00:00,  3.97it/s]

  0%|          | 0/1 [00:00<?, ?it/s]
100%|██████████| 1/1 [00:00<00:00,  2.58it/s]
100%|██████████| 1/1 [00:00<00:00,  2.58it/s]

  0%|          | 0/1 [00:00<?, ?it/s]
100%|██████████| 1/1 [00:01<00:00,  1.30s/it]
100%|██████████| 1/1 [00:01<00:00,  1.30s/it]

  0%|          | 0/1 [00:00<?, ?it/s]
100%|██████████| 1/1 [00:00<00:00,  4.72it/s]
100%|██████████| 1/1 [00:00<00:00,  4.72it/s]

  0%|          | 0/1 [00:00<?, ?it/s]
100%|██████████| 1/1 [00:00<00:00,  3.07it/s]
100%|██████████| 1/1 [00:00<00:00,  3.07it/s]

  0%|          | 0/1 [00:00<?, ?it/s]
100%|██████████| 1/1 [00:00<00:00,  1.48it/s]
100%|██████████| 1/1 [00:00<00:00,  1.48it/s]

  0%|          | 0/1 [00:00<?, ?it/s]
100%|██████████| 1/1 [00:00<00:00,  2.83it/s]
100%|██████████| 1/1 [00:00<00:00,  2.83it/s]

  0%|          | 0/1 [00:00<?, ?it/s]
100%|██████████| 1/1 [00:00<00:00,  4.27it/s]
100%|██████████| 1/1 [00:00<00:00,  4.27it/s]

  0%|          | 0/1 [00:00<?, ?it/s]
100%|██████████| 1/1 [00:01<00:00,  1.26s/it]
100%|██████████| 1/1 [00:01<00:00,  1.26s/it]

  0%|          | 0/1 [00:00<?, ?it/s]
100%|██████████| 1/1 [00:00<00:00,  4.15it/s]
100%|██████████| 1/1 [00:00<00:00,  4.14it/s]

  0%|          | 0/1 [00:00<?, ?it/s]
100%|██████████| 1/1 [00:00<00:00,  4.60it/s]
100%|██████████| 1/1 [00:00<00:00,  4.59it/s]

  0%|          | 0/1 [00:00<?, ?it/s]
100%|██████████| 1/1 [00:00<00:00,  4.20it/s]
100%|██████████| 1/1 [00:00<00:00,  4.20it/s]

  0%|          | 0/1 [00:00<?, ?it/s]
100%|██████████| 1/1 [00:00<00:00,  4.65it/s]
100%|██████████| 1/1 [00:00<00:00,  4.65it/s]

  0%|          | 0/1 [00:00<?, ?it/s]
100%|██████████| 1/1 [00:00<00:00,  4.80it/s]
100%|██████████| 1/1 [00:00<00:00,  4.80it/s]

  0%|          | 0/1 [00:00<?, ?it/s]
100%|██████████| 1/1 [00:00<00:00,  3.87it/s]
100%|██████████| 1/1 [00:00<00:00,  3.86it/s]

  0%|          | 0/1 [00:00<?, ?it/s]
100%|██████████| 1/1 [00:00<00:00,  4.39it/s]
100%|██████████| 1/1 [00:00<00:00,  4.39it/s]

  0%|          | 0/1 [00:00<?, ?it/s]
100%|██████████| 1/1 [00:00<00:00,  4.45it/s]
100%|██████████| 1/1 [00:00<00:00,  4.44it/s]

  0%|          | 0/1 [00:00<?, ?it/s]
100%|██████████| 1/1 [00:00<00:00,  3.91it/s]
100%|██████████| 1/1 [00:00<00:00,  3.91it/s]

  0%|          | 0/1 [00:00<?, ?it/s]
100%|██████████| 1/1 [00:00<00:00,  4.78it/s]
100%|██████████| 1/1 [00:00<00:00,  4.77it/s]

  0%|          | 0/1 [00:00<?, ?it/s]
100%|██████████| 1/1 [00:00<00:00,  4.65it/s]
100%|██████████| 1/1 [00:00<00:00,  4.65it/s]

  0%|          | 0/1 [00:00<?, ?it/s]
100%|██████████| 1/1 [00:00<00:00,  4.70it/s]
100%|██████████| 1/1 [00:00<00:00,  4.70it/s]

  0%|          | 0/1 [00:00<?, ?it/s]
100%|██████████| 1/1 [00:00<00:00,  5.07it/s]
100%|██████████| 1/1 [00:00<00:00,  5.06it/s]

  0%|          | 0/1 [00:00<?, ?it/s]
100%|██████████| 1/1 [00:00<00:00,  5.12it/s]
100%|██████████| 1/1 [00:00<00:00,  5.11it/s]

  0%|          | 0/1 [00:00<?, ?it/s]
100%|██████████| 1/1 [00:00<00:00,  4.79it/s]
100%|██████████| 1/1 [00:00<00:00,  4.78it/s]

  0%|          | 0/1 [00:00<?, ?it/s]
100%|██████████| 1/1 [00:00<00:00,  4.66it/s]
100%|██████████| 1/1 [00:00<00:00,  4.65it/s]

  0%|          | 0/1 [00:00<?, ?it/s]
100%|██████████| 1/1 [00:00<00:00,  4.99it/s]
100%|██████████| 1/1 [00:00<00:00,  4.99it/s]

  0%|          | 0/1 [00:00<?, ?it/s]
100%|██████████| 1/1 [00:00<00:00,  4.63it/s]
100%|██████████| 1/1 [00:00<00:00,  4.63it/s]

  0%|          | 0/1 [00:00<?, ?it/s]
100%|██████████| 1/1 [00:00<00:00,  4.70it/s]
100%|██████████| 1/1 [00:00<00:00,  4.69it/s]

  0%|          | 0/1 [00:00<?, ?it/s]
100%|██████████| 1/1 [00:00<00:00,  4.52it/s]
100%|██████████| 1/1 [00:00<00:00,  4.51it/s]

  0%|          | 0/1 [00:00<?, ?it/s]
100%|██████████| 1/1 [00:00<00:00,  4.45it/s]
100%|██████████| 1/1 [00:00<00:00,  4.44it/s]

  0%|          | 0/1 [00:00<?, ?it/s]
100%|██████████| 1/1 [00:00<00:00,  4.35it/s]
100%|██████████| 1/1 [00:00<00:00,  4.35it/s]

  0%|          | 0/1 [00:00<?, ?it/s]
100%|██████████| 1/1 [00:00<00:00,  4.28it/s]
100%|██████████| 1/1 [00:00<00:00,  4.27it/s]

  0%|          | 0/1 [00:00<?, ?it/s]
100%|██████████| 1/1 [00:00<00:00,  4.15it/s]
100%|██████████| 1/1 [00:00<00:00,  4.15it/s]

  0%|          | 0/1 [00:00<?, ?it/s]
100%|██████████| 1/1 [00:00<00:00,  4.39it/s]
100%|██████████| 1/1 [00:00<00:00,  4.38it/s]

  0%|          | 0/1 [00:00<?, ?it/s]
100%|██████████| 1/1 [00:00<00:00,  4.55it/s]
100%|██████████| 1/1 [00:00<00:00,  4.54it/s]

  0%|          | 0/1 [00:00<?, ?it/s]
100%|██████████| 1/1 [00:00<00:00,  4.42it/s]
100%|██████████| 1/1 [00:00<00:00,  4.42it/s]

  0%|          | 0/1 [00:00<?, ?it/s]
100%|██████████| 1/1 [00:00<00:00,  5.01it/s]
100%|██████████| 1/1 [00:00<00:00,  5.00it/s]

  0%|          | 0/1 [00:00<?, ?it/s]
100%|██████████| 1/1 [00:00<00:00,  5.27it/s]
100%|██████████| 1/1 [00:00<00:00,  5.27it/s]

  0%|          | 0/1 [00:00<?, ?it/s]
100%|██████████| 1/1 [00:00<00:00,  4.87it/s]
100%|██████████| 1/1 [00:00<00:00,  4.87it/s]

  0%|          | 0/1 [00:00<?, ?it/s]
100%|██████████| 1/1 [00:00<00:00,  4.67it/s]
100%|██████████| 1/1 [00:00<00:00,  4.66it/s]

  0%|          | 0/1 [00:00<?, ?it/s]
100%|██████████| 1/1 [00:00<00:00,  4.78it/s]
100%|██████████| 1/1 [00:00<00:00,  4.78it/s]

  0%|          | 0/1 [00:00<?, ?it/s]
100%|██████████| 1/1 [00:00<00:00,  4.43it/s]
100%|██████████| 1/1 [00:00<00:00,  4.43it/s]

  0%|          | 0/1 [00:00<?, ?it/s]
100%|██████████| 1/1 [00:00<00:00,  4.35it/s]
100%|██████████| 1/1 [00:00<00:00,  4.34it/s]

  0%|          | 0/1 [00:00<?, ?it/s]
100%|██████████| 1/1 [00:00<00:00,  4.99it/s]
100%|██████████| 1/1 [00:00<00:00,  4.98it/s]

  0%|          | 0/1 [00:00<?, ?it/s]
100%|██████████| 1/1 [00:00<00:00,  5.40it/s]
100%|██████████| 1/1 [00:00<00:00,  5.39it/s]

  0%|          | 0/1 [00:00<?, ?it/s]
100%|██████████| 1/1 [00:00<00:00,  3.19it/s]
100%|██████████| 1/1 [00:00<00:00,  3.18it/s]

  0%|          | 0/1 [00:00<?, ?it/s]
100%|██████████| 1/1 [00:00<00:00,  4.95it/s]
100%|██████████| 1/1 [00:00<00:00,  4.95it/s]

  0%|          | 0/1 [00:00<?, ?it/s]
100%|██████████| 1/1 [00:00<00:00,  5.26it/s]
100%|██████████| 1/1 [00:00<00:00,  5.25it/s]

  0%|          | 0/1 [00:00<?, ?it/s]
100%|██████████| 1/1 [00:00<00:00,  5.31it/s]
100%|██████████| 1/1 [00:00<00:00,  5.31it/s]

  0%|          | 0/1 [00:00<?, ?it/s]
100%|██████████| 1/1 [00:00<00:00,  5.76it/s]
100%|██████████| 1/1 [00:00<00:00,  5.75it/s]

  0%|          | 0/1 [00:00<?, ?it/s]
100%|██████████| 1/1 [00:00<00:00,  5.47it/s]
100%|██████████| 1/1 [00:00<00:00,  5.47it/s]

  0%|          | 0/1 [00:00<?, ?it/s]
100%|██████████| 1/1 [00:00<00:00,  4.83it/s]
100%|██████████| 1/1 [00:00<00:00,  4.83it/s]

  0%|          | 0/1 [00:00<?, ?it/s]
100%|██████████| 1/1 [00:00<00:00,  4.91it/s]
100%|██████████| 1/1 [00:00<00:00,  4.91it/s]

  0%|          | 0/1 [00:00<?, ?it/s]
100%|██████████| 1/1 [00:00<00:00,  4.18it/s]
100%|██████████| 1/1 [00:00<00:00,  4.18it/s]

  0%|          | 0/1 [00:00<?, ?it/s]
100%|██████████| 1/1 [00:00<00:00,  4.78it/s]
100%|██████████| 1/1 [00:00<00:00,  4.77it/s]

  0%|          | 0/1 [00:00<?, ?it/s]
100%|██████████| 1/1 [00:00<00:00,  5.05it/s]
100%|██████████| 1/1 [00:00<00:00,  5.05it/s]

  0%|          | 0/1 [00:00<?, ?it/s]
100%|██████████| 1/1 [00:00<00:00,  4.89it/s]
100%|██████████| 1/1 [00:00<00:00,  4.89it/s]

  0%|          | 0/1 [00:00<?, ?it/s]
100%|██████████| 1/1 [00:00<00:00,  4.71it/s]
100%|██████████| 1/1 [00:00<00:00,  4.71it/s]

  0%|          | 0/1 [00:00<?, ?it/s]
100%|██████████| 1/1 [00:00<00:00,  4.79it/s]
100%|██████████| 1/1 [00:00<00:00,  4.79it/s]

  0%|          | 0/1 [00:00<?, ?it/s]
100%|██████████| 1/1 [00:00<00:00,  4.54it/s]
100%|██████████| 1/1 [00:00<00:00,  4.53it/s]

  0%|          | 0/1 [00:00<?, ?it/s]
100%|██████████| 1/1 [00:00<00:00,  5.24it/s]
100%|██████████| 1/1 [00:00<00:00,  5.24it/s]

  0%|          | 0/1 [00:00<?, ?it/s]
100%|██████████| 1/1 [00:00<00:00,  4.99it/s]
100%|██████████| 1/1 [00:00<00:00,  4.99it/s]

  0%|          | 0/1 [00:00<?, ?it/s]
100%|██████████| 1/1 [00:00<00:00,  5.78it/s]
100%|██████████| 1/1 [00:00<00:00,  5.78it/s]

  0%|          | 0/1 [00:00<?, ?it/s]
100%|██████████| 1/1 [00:00<00:00,  5.38it/s]
100%|██████████| 1/1 [00:00<00:00,  5.37it/s]

  0%|          | 0/1 [00:00<?, ?it/s]
100%|██████████| 1/1 [00:00<00:00,  5.03it/s]
100%|██████████| 1/1 [00:00<00:00,  5.03it/s]

  0%|          | 0/1 [00:00<?, ?it/s]
100%|██████████| 1/1 [00:00<00:00,  4.37it/s]
100%|██████████| 1/1 [00:00<00:00,  4.36it/s]

  0%|          | 0/1 [00:00<?, ?it/s]
100%|██████████| 1/1 [00:00<00:00,  4.31it/s]
100%|██████████| 1/1 [00:00<00:00,  4.31it/s]

  0%|          | 0/1 [00:00<?, ?it/s]
100%|██████████| 1/1 [00:00<00:00,  4.23it/s]
100%|██████████| 1/1 [00:00<00:00,  4.23it/s]

  0%|          | 0/1 [00:00<?, ?it/s]
100%|██████████| 1/1 [00:00<00:00,  4.72it/s]
100%|██████████| 1/1 [00:00<00:00,  4.72it/s]

  0%|          | 0/1 [00:00<?, ?it/s]
100%|██████████| 1/1 [00:00<00:00,  4.45it/s]
100%|██████████| 1/1 [00:00<00:00,  4.45it/s]

  0%|          | 0/1 [00:00<?, ?it/s]
100%|██████████| 1/1 [00:00<00:00,  4.54it/s]
100%|██████████| 1/1 [00:00<00:00,  4.54it/s]

  0%|          | 0/1 [00:00<?, ?it/s]
100%|██████████| 1/1 [00:00<00:00,  4.55it/s]
100%|██████████| 1/1 [00:00<00:00,  4.54it/s]

  0%|          | 0/1 [00:00<?, ?it/s]
100%|██████████| 1/1 [00:00<00:00,  4.70it/s]
100%|██████████| 1/1 [00:00<00:00,  4.69it/s]

  0%|          | 0/1 [00:00<?, ?it/s]
100%|██████████| 1/1 [00:00<00:00,  4.26it/s]
100%|██████████| 1/1 [00:00<00:00,  4.26it/s]

  0%|          | 0/1 [00:00<?, ?it/s]
100%|██████████| 1/1 [00:00<00:00,  4.75it/s]
100%|██████████| 1/1 [00:00<00:00,  4.75it/s]

  0%|          | 0/1 [00:00<?, ?it/s]
100%|██████████| 1/1 [00:00<00:00,  4.14it/s]
100%|██████████| 1/1 [00:00<00:00,  4.14it/s]

  0%|          | 0/1 [00:00<?, ?it/s]
100%|██████████| 1/1 [00:00<00:00,  4.59it/s]
100%|██████████| 1/1 [00:00<00:00,  4.59it/s]

  0%|          | 0/1 [00:00<?, ?it/s]
100%|██████████| 1/1 [00:00<00:00,  5.40it/s]
100%|██████████| 1/1 [00:00<00:00,  5.39it/s]

  0%|          | 0/1 [00:00<?, ?it/s]
100%|██████████| 1/1 [00:00<00:00,  4.85it/s]
100%|██████████| 1/1 [00:00<00:00,  4.85it/s]

  0%|          | 0/1 [00:00<?, ?it/s]
100%|██████████| 1/1 [00:00<00:00,  4.97it/s]
100%|██████████| 1/1 [00:00<00:00,  4.97it/s]

  0%|          | 0/1 [00:00<?, ?it/s]
100%|██████████| 1/1 [00:00<00:00,  4.92it/s]
100%|██████████| 1/1 [00:00<00:00,  4.91it/s]

  0%|          | 0/1 [00:00<?, ?it/s]
100%|██████████| 1/1 [00:00<00:00,  2.89it/s]
100%|██████████| 1/1 [00:00<00:00,  2.89it/s]

  0%|          | 0/1 [00:00<?, ?it/s]
100%|██████████| 1/1 [00:00<00:00,  4.84it/s]
100%|██████████| 1/1 [00:00<00:00,  4.84it/s]

  0%|          | 0/1 [00:00<?, ?it/s]
100%|██████████| 1/1 [00:00<00:00,  4.47it/s]
100%|██████████| 1/1 [00:00<00:00,  4.47it/s]

  0%|          | 0/1 [00:00<?, ?it/s]
100%|██████████| 1/1 [00:00<00:00,  4.51it/s]
100%|██████████| 1/1 [00:00<00:00,  4.50it/s]

  0%|          | 0/1 [00:00<?, ?it/s]
100%|██████████| 1/1 [00:00<00:00,  4.92it/s]
100%|██████████| 1/1 [00:00<00:00,  4.91it/s]

  0%|          | 0/1 [00:00<?, ?it/s]
100%|██████████| 1/1 [00:00<00:00,  5.13it/s]
100%|██████████| 1/1 [00:00<00:00,  5.12it/s]

  0%|          | 0/1 [00:00<?, ?it/s]
100%|██████████| 1/1 [00:00<00:00,  3.97it/s]
100%|██████████| 1/1 [00:00<00:00,  3.97it/s]

  0%|          | 0/1 [00:00<?, ?it/s]
100%|██████████| 1/1 [00:00<00:00,  4.67it/s]
100%|██████████| 1/1 [00:00<00:00,  4.67it/s]

  0%|          | 0/1 [00:00<?, ?it/s]
100%|██████████| 1/1 [00:00<00:00,  3.95it/s]
100%|██████████| 1/1 [00:00<00:00,  3.95it/s]

  0%|          | 0/1 [00:00<?, ?it/s]
100%|██████████| 1/1 [00:00<00:00,  4.11it/s]
100%|██████████| 1/1 [00:00<00:00,  4.10it/s]

  0%|          | 0/1 [00:00<?, ?it/s]
100%|██████████| 1/1 [00:00<00:00,  4.20it/s]
100%|██████████| 1/1 [00:00<00:00,  4.19it/s]

  0%|          | 0/1 [00:00<?, ?it/s]
100%|██████████| 1/1 [00:00<00:00,  4.66it/s]
100%|██████████| 1/1 [00:00<00:00,  4.65it/s]

  0%|          | 0/1 [00:00<?, ?it/s]
100%|██████████| 1/1 [00:00<00:00,  4.51it/s]
100%|██████████| 1/1 [00:00<00:00,  4.50it/s]

  0%|          | 0/1 [00:00<?, ?it/s]
100%|██████████| 1/1 [00:00<00:00,  4.37it/s]
100%|██████████| 1/1 [00:00<00:00,  4.36it/s]

  0%|          | 0/1 [00:00<?, ?it/s]
100%|██████████| 1/1 [00:00<00:00,  4.43it/s]
100%|██████████| 1/1 [00:00<00:00,  4.43it/s]

  0%|          | 0/1 [00:00<?, ?it/s]
100%|██████████| 1/1 [00:00<00:00,  4.74it/s]
100%|██████████| 1/1 [00:00<00:00,  4.73it/s]

  0%|          | 0/1 [00:00<?, ?it/s]
100%|██████████| 1/1 [00:00<00:00,  4.42it/s]
100%|██████████| 1/1 [00:00<00:00,  4.42it/s]

  0%|          | 0/1 [00:00<?, ?it/s]
100%|██████████| 1/1 [00:00<00:00,  4.89it/s]
100%|██████████| 1/1 [00:00<00:00,  4.88it/s]

  0%|          | 0/1 [00:00<?, ?it/s]
100%|██████████| 1/1 [00:00<00:00,  4.68it/s]
100%|██████████| 1/1 [00:00<00:00,  4.67it/s]

  0%|          | 0/1 [00:00<?, ?it/s]
100%|██████████| 1/1 [00:00<00:00,  4.70it/s]
100%|██████████| 1/1 [00:00<00:00,  4.70it/s]

  0%|          | 0/1 [00:00<?, ?it/s]
100%|██████████| 1/1 [00:00<00:00,  5.04it/s]
100%|██████████| 1/1 [00:00<00:00,  5.04it/s]

  0%|          | 0/1 [00:00<?, ?it/s]
100%|██████████| 1/1 [00:00<00:00,  4.89it/s]
100%|██████████| 1/1 [00:00<00:00,  4.88it/s]

  0%|          | 0/1 [00:00<?, ?it/s]
100%|██████████| 1/1 [00:00<00:00,  4.98it/s]
100%|██████████| 1/1 [00:00<00:00,  4.98it/s]

  0%|          | 0/1 [00:00<?, ?it/s]
100%|██████████| 1/1 [00:00<00:00,  5.96it/s]
100%|██████████| 1/1 [00:00<00:00,  5.96it/s]

  0%|          | 0/1 [00:00<?, ?it/s]
100%|██████████| 1/1 [00:00<00:00,  6.00it/s]
100%|██████████| 1/1 [00:00<00:00,  5.99it/s]

  0%|          | 0/1 [00:00<?, ?it/s]
100%|██████████| 1/1 [00:00<00:00,  5.64it/s]
100%|██████████| 1/1 [00:00<00:00,  5.63it/s]

  0%|          | 0/1 [00:00<?, ?it/s]
100%|██████████| 1/1 [00:00<00:00,  5.59it/s]
100%|██████████| 1/1 [00:00<00:00,  5.59it/s]

  0%|          | 0/1 [00:00<?, ?it/s]
100%|██████████| 1/1 [00:00<00:00,  5.62it/s]
100%|██████████| 1/1 [00:00<00:00,  5.62it/s]

  0%|          | 0/1 [00:00<?, ?it/s]
100%|██████████| 1/1 [00:00<00:00,  5.72it/s]
100%|██████████| 1/1 [00:00<00:00,  5.71it/s]

  0%|          | 0/1 [00:00<?, ?it/s]
100%|██████████| 1/1 [00:00<00:00,  5.76it/s]
100%|██████████| 1/1 [00:00<00:00,  5.75it/s]

  0%|          | 0/1 [00:00<?, ?it/s]
100%|██████████| 1/1 [00:00<00:00,  5.74it/s]
100%|██████████| 1/1 [00:00<00:00,  5.73it/s]

  0%|          | 0/1 [00:00<?, ?it/s]
100%|██████████| 1/1 [00:00<00:00,  5.73it/s]
100%|██████████| 1/1 [00:00<00:00,  5.72it/s]

  0%|          | 0/1 [00:00<?, ?it/s]
100%|██████████| 1/1 [00:00<00:00,  5.73it/s]
100%|██████████| 1/1 [00:00<00:00,  5.72it/s]

  0%|          | 0/1 [00:00<?, ?it/s]
100%|██████████| 1/1 [00:00<00:00,  5.73it/s]
100%|██████████| 1/1 [00:00<00:00,  5.72it/s]

  0%|          | 0/1 [00:00<?, ?it/s]
100%|██████████| 1/1 [00:00<00:00,  5.73it/s]
100%|██████████| 1/1 [00:00<00:00,  5.72it/s]

  0%|          | 0/1 [00:00<?, ?it/s]
100%|██████████| 1/1 [00:00<00:00,  5.13it/s]
100%|██████████| 1/1 [00:00<00:00,  5.12it/s]

  0%|          | 0/1 [00:00<?, ?it/s]
100%|██████████| 1/1 [00:00<00:00,  2.87it/s]
100%|██████████| 1/1 [00:00<00:00,  2.87it/s]

  0%|          | 0/1 [00:00<?, ?it/s]
100%|██████████| 1/1 [00:00<00:00,  5.76it/s]
100%|██████████| 1/1 [00:00<00:00,  5.75it/s]

  0%|          | 0/1 [00:00<?, ?it/s]
100%|██████████| 1/1 [00:00<00:00,  5.72it/s]
100%|██████████| 1/1 [00:00<00:00,  5.71it/s]

  0%|          | 0/1 [00:00<?, ?it/s]
100%|██████████| 1/1 [00:00<00:00,  4.91it/s]
100%|██████████| 1/1 [00:00<00:00,  4.91it/s]

  0%|          | 0/1 [00:00<?, ?it/s]
100%|██████████| 1/1 [00:00<00:00,  5.18it/s]
100%|██████████| 1/1 [00:00<00:00,  5.18it/s]

  0%|          | 0/1 [00:00<?, ?it/s]
100%|██████████| 1/1 [00:00<00:00,  5.63it/s]
100%|██████████| 1/1 [00:00<00:00,  5.63it/s]

  0%|          | 0/1 [00:00<?, ?it/s]
100%|██████████| 1/1 [00:00<00:00,  5.60it/s]
100%|██████████| 1/1 [00:00<00:00,  5.60it/s]

  0%|          | 0/1 [00:00<?, ?it/s]
100%|██████████| 1/1 [00:00<00:00,  5.57it/s]
100%|██████████| 1/1 [00:00<00:00,  5.56it/s]

  0%|          | 0/1 [00:00<?, ?it/s]
100%|██████████| 1/1 [00:00<00:00,  4.74it/s]
100%|██████████| 1/1 [00:00<00:00,  4.74it/s]

  0%|          | 0/1 [00:00<?, ?it/s]
100%|██████████| 1/1 [00:00<00:00,  4.47it/s]
100%|██████████| 1/1 [00:00<00:00,  4.47it/s]

  0%|          | 0/1 [00:00<?, ?it/s]
100%|██████████| 1/1 [00:00<00:00,  4.28it/s]
100%|██████████| 1/1 [00:00<00:00,  4.28it/s]

  0%|          | 0/1 [00:00<?, ?it/s]
100%|██████████| 1/1 [00:00<00:00,  4.66it/s]
100%|██████████| 1/1 [00:00<00:00,  4.65it/s]

  0%|          | 0/1 [00:00<?, ?it/s]
100%|██████████| 1/1 [00:00<00:00,  5.05it/s]
100%|██████████| 1/1 [00:00<00:00,  5.04it/s]

  0%|          | 0/1 [00:00<?, ?it/s]
100%|██████████| 1/1 [00:00<00:00,  4.66it/s]
100%|██████████| 1/1 [00:00<00:00,  4.65it/s]

  0%|          | 0/1 [00:00<?, ?it/s]
100%|██████████| 1/1 [00:00<00:00,  5.06it/s]
100%|██████████| 1/1 [00:00<00:00,  5.05it/s]

  0%|          | 0/1 [00:00<?, ?it/s]
100%|██████████| 1/1 [00:00<00:00,  4.61it/s]
100%|██████████| 1/1 [00:00<00:00,  4.61it/s]

  0%|          | 0/1 [00:00<?, ?it/s]
100%|██████████| 1/1 [00:00<00:00,  4.72it/s]
100%|██████████| 1/1 [00:00<00:00,  4.71it/s]

  0%|          | 0/1 [00:00<?, ?it/s]
100%|██████████| 1/1 [00:00<00:00,  5.05it/s]
100%|██████████| 1/1 [00:00<00:00,  5.05it/s]

  0%|          | 0/1 [00:00<?, ?it/s]
100%|██████████| 1/1 [00:00<00:00,  3.43it/s]
100%|██████████| 1/1 [00:00<00:00,  3.43it/s]

  0%|          | 0/1 [00:00<?, ?it/s]
100%|██████████| 1/1 [00:00<00:00,  4.35it/s]
100%|██████████| 1/1 [00:00<00:00,  4.35it/s]

  0%|          | 0/1 [00:00<?, ?it/s]
100%|██████████| 1/1 [00:00<00:00,  4.86it/s]
100%|██████████| 1/1 [00:00<00:00,  4.85it/s]

  0%|          | 0/1 [00:00<?, ?it/s]
100%|██████████| 1/1 [00:00<00:00,  4.33it/s]
100%|██████████| 1/1 [00:00<00:00,  4.32it/s]

  0%|          | 0/1 [00:00<?, ?it/s]
100%|██████████| 1/1 [00:00<00:00,  4.28it/s]
100%|██████████| 1/1 [00:00<00:00,  4.27it/s]

  0%|          | 0/1 [00:00<?, ?it/s]
100%|██████████| 1/1 [00:00<00:00,  4.16it/s]
100%|██████████| 1/1 [00:00<00:00,  4.15it/s]

  0%|          | 0/1 [00:00<?, ?it/s]
100%|██████████| 1/1 [00:00<00:00,  4.90it/s]
100%|██████████| 1/1 [00:00<00:00,  4.89it/s]

  0%|          | 0/1 [00:00<?, ?it/s]
100%|██████████| 1/1 [00:00<00:00,  4.34it/s]
100%|██████████| 1/1 [00:00<00:00,  4.34it/s]

  0%|          | 0/1 [00:00<?, ?it/s]
100%|██████████| 1/1 [00:00<00:00,  4.26it/s]
100%|██████████| 1/1 [00:00<00:00,  4.25it/s]

  0%|          | 0/1 [00:00<?, ?it/s]
100%|██████████| 1/1 [00:00<00:00,  4.68it/s]
100%|██████████| 1/1 [00:00<00:00,  4.68it/s]

  0%|          | 0/1 [00:00<?, ?it/s]
100%|██████████| 1/1 [00:00<00:00,  3.29it/s]
100%|██████████| 1/1 [00:00<00:00,  3.29it/s]

  0%|          | 0/1 [00:00<?, ?it/s]
100%|██████████| 1/1 [00:00<00:00,  4.27it/s]
100%|██████████| 1/1 [00:00<00:00,  4.27it/s]

  0%|          | 0/1 [00:00<?, ?it/s]
100%|██████████| 1/1 [00:00<00:00,  4.34it/s]
100%|██████████| 1/1 [00:00<00:00,  4.33it/s]

  0%|          | 0/1 [00:00<?, ?it/s]
100%|██████████| 1/1 [00:00<00:00,  4.12it/s]
100%|██████████| 1/1 [00:00<00:00,  4.11it/s]

  0%|          | 0/1 [00:00<?, ?it/s]
100%|██████████| 1/1 [00:00<00:00,  4.37it/s]
100%|██████████| 1/1 [00:00<00:00,  4.37it/s]

  0%|          | 0/1 [00:00<?, ?it/s]
100%|██████████| 1/1 [00:00<00:00,  3.34it/s]
100%|██████████| 1/1 [00:00<00:00,  3.34it/s]

  0%|          | 0/1 [00:00<?, ?it/s]
100%|██████████| 1/1 [00:00<00:00,  4.40it/s]
100%|██████████| 1/1 [00:00<00:00,  4.39it/s]

  0%|          | 0/1 [00:00<?, ?it/s]
100%|██████████| 1/1 [00:00<00:00,  4.67it/s]
100%|██████████| 1/1 [00:00<00:00,  4.67it/s]

  0%|          | 0/1 [00:00<?, ?it/s]
100%|██████████| 1/1 [00:00<00:00,  3.74it/s]
100%|██████████| 1/1 [00:00<00:00,  3.73it/s]

  0%|          | 0/1 [00:00<?, ?it/s]
100%|██████████| 1/1 [00:00<00:00,  4.78it/s]
100%|██████████| 1/1 [00:00<00:00,  4.77it/s]

  0%|          | 0/1 [00:00<?, ?it/s]
100%|██████████| 1/1 [00:00<00:00,  4.54it/s]
100%|██████████| 1/1 [00:00<00:00,  4.53it/s]

  0%|          | 0/1 [00:00<?, ?it/s]
100%|██████████| 1/1 [00:00<00:00,  4.53it/s]
100%|██████████| 1/1 [00:00<00:00,  4.52it/s]

  0%|          | 0/1 [00:00<?, ?it/s]
100%|██████████| 1/1 [00:00<00:00,  5.24it/s]
100%|██████████| 1/1 [00:00<00:00,  5.23it/s]

  0%|          | 0/1 [00:00<?, ?it/s]
100%|██████████| 1/1 [00:00<00:00,  5.19it/s]
100%|██████████| 1/1 [00:00<00:00,  5.18it/s]

  0%|          | 0/1 [00:00<?, ?it/s]
100%|██████████| 1/1 [00:00<00:00,  4.98it/s]
100%|██████████| 1/1 [00:00<00:00,  4.98it/s]

  0%|          | 0/1 [00:00<?, ?it/s]
100%|██████████| 1/1 [00:00<00:00,  2.12it/s]
100%|██████████| 1/1 [00:00<00:00,  2.12it/s]

  0%|          | 0/1 [00:00<?, ?it/s]
100%|██████████| 1/1 [00:00<00:00,  4.62it/s]
100%|██████████| 1/1 [00:00<00:00,  4.62it/s]

  0%|          | 0/1 [00:00<?, ?it/s]
100%|██████████| 1/1 [00:00<00:00,  2.93it/s]
100%|██████████| 1/1 [00:00<00:00,  2.93it/s]

  0%|          | 0/1 [00:00<?, ?it/s]
100%|██████████| 1/1 [00:00<00:00,  4.06it/s]
100%|██████████| 1/1 [00:00<00:00,  4.06it/s]

  0%|          | 0/1 [00:00<?, ?it/s]
100%|██████████| 1/1 [00:00<00:00,  4.41it/s]
100%|██████████| 1/1 [00:00<00:00,  4.41it/s]

  0%|          | 0/1 [00:00<?, ?it/s]
100%|██████████| 1/1 [00:00<00:00,  4.26it/s]
100%|██████████| 1/1 [00:00<00:00,  4.25it/s]

  0%|          | 0/1 [00:00<?, ?it/s]
100%|██████████| 1/1 [00:00<00:00,  4.07it/s]
100%|██████████| 1/1 [00:00<00:00,  4.07it/s]

  0%|          | 0/1 [00:00<?, ?it/s]
100%|██████████| 1/1 [00:00<00:00,  4.36it/s]
100%|██████████| 1/1 [00:00<00:00,  4.35it/s]

  0%|          | 0/1 [00:00<?, ?it/s]
100%|██████████| 1/1 [00:00<00:00,  4.13it/s]
100%|██████████| 1/1 [00:00<00:00,  4.12it/s]

  0%|          | 0/1 [00:00<?, ?it/s]
100%|██████████| 1/1 [00:00<00:00,  4.37it/s]
100%|██████████| 1/1 [00:00<00:00,  4.36it/s]

  0%|          | 0/1 [00:00<?, ?it/s]
100%|██████████| 1/1 [00:00<00:00,  4.34it/s]
100%|██████████| 1/1 [00:00<00:00,  4.33it/s]

  0%|          | 0/1 [00:00<?, ?it/s]
100%|██████████| 1/1 [00:00<00:00,  4.19it/s]
100%|██████████| 1/1 [00:00<00:00,  4.18it/s]

  0%|          | 0/1 [00:00<?, ?it/s]
100%|██████████| 1/1 [00:00<00:00,  4.33it/s]
100%|██████████| 1/1 [00:00<00:00,  4.33it/s]

  0%|          | 0/1 [00:00<?, ?it/s]
100%|██████████| 1/1 [00:00<00:00,  2.32it/s]
100%|██████████| 1/1 [00:00<00:00,  2.32it/s]

  0%|          | 0/1 [00:00<?, ?it/s]
100%|██████████| 1/1 [00:00<00:00,  4.25it/s]
100%|██████████| 1/1 [00:00<00:00,  4.24it/s]

  0%|          | 0/1 [00:00<?, ?it/s]
100%|██████████| 1/1 [00:00<00:00,  4.09it/s]
100%|██████████| 1/1 [00:00<00:00,  4.09it/s]

  0%|          | 0/1 [00:00<?, ?it/s]
100%|██████████| 1/1 [00:00<00:00,  5.07it/s]
100%|██████████| 1/1 [00:00<00:00,  5.06it/s]

  0%|          | 0/1 [00:00<?, ?it/s]
100%|██████████| 1/1 [00:00<00:00,  4.94it/s]
100%|██████████| 1/1 [00:00<00:00,  4.94it/s]

  0%|          | 0/1 [00:00<?, ?it/s]
100%|██████████| 1/1 [00:00<00:00,  5.14it/s]
100%|██████████| 1/1 [00:00<00:00,  5.14it/s]

  0%|          | 0/1 [00:00<?, ?it/s]
100%|██████████| 1/1 [00:00<00:00,  4.55it/s]
100%|██████████| 1/1 [00:00<00:00,  4.55it/s]

  0%|          | 0/1 [00:00<?, ?it/s]
100%|██████████| 1/1 [00:00<00:00,  3.83it/s]
100%|██████████| 1/1 [00:00<00:00,  3.83it/s]

  0%|          | 0/1 [00:00<?, ?it/s]
100%|██████████| 1/1 [00:00<00:00,  4.07it/s]
100%|██████████| 1/1 [00:00<00:00,  4.07it/s]

  0%|          | 0/1 [00:00<?, ?it/s]
100%|██████████| 1/1 [00:00<00:00,  4.40it/s]
100%|██████████| 1/1 [00:00<00:00,  4.39it/s]

  0%|          | 0/1 [00:00<?, ?it/s]
100%|██████████| 1/1 [00:00<00:00,  2.87it/s]
100%|██████████| 1/1 [00:00<00:00,  2.86it/s]

  0%|          | 0/1 [00:00<?, ?it/s]
100%|██████████| 1/1 [00:00<00:00,  4.76it/s]
100%|██████████| 1/1 [00:00<00:00,  4.75it/s]

  0%|          | 0/1 [00:00<?, ?it/s]
100%|██████████| 1/1 [00:00<00:00,  4.89it/s]
100%|██████████| 1/1 [00:00<00:00,  4.89it/s]

  0%|          | 0/1 [00:00<?, ?it/s]
100%|██████████| 1/1 [00:00<00:00,  4.61it/s]
100%|██████████| 1/1 [00:00<00:00,  4.60it/s]

  0%|          | 0/1 [00:00<?, ?it/s]
100%|██████████| 1/1 [00:00<00:00,  4.76it/s]
100%|██████████| 1/1 [00:00<00:00,  4.76it/s]

  0%|          | 0/1 [00:00<?, ?it/s]
100%|██████████| 1/1 [00:00<00:00,  4.96it/s]
100%|██████████| 1/1 [00:00<00:00,  4.95it/s]

  0%|          | 0/1 [00:00<?, ?it/s]
100%|██████████| 1/1 [00:00<00:00,  4.83it/s]
100%|██████████| 1/1 [00:00<00:00,  4.82it/s]

  0%|          | 0/1 [00:00<?, ?it/s]
100%|██████████| 1/1 [00:00<00:00,  5.11it/s]
100%|██████████| 1/1 [00:00<00:00,  5.10it/s]

  0%|          | 0/1 [00:00<?, ?it/s]
100%|██████████| 1/1 [00:00<00:00,  4.89it/s]
100%|██████████| 1/1 [00:00<00:00,  4.89it/s]

  0%|          | 0/1 [00:00<?, ?it/s]
100%|██████████| 1/1 [00:00<00:00,  5.20it/s]
100%|██████████| 1/1 [00:00<00:00,  5.20it/s]

  0%|          | 0/1 [00:00<?, ?it/s]
100%|██████████| 1/1 [00:00<00:00,  5.07it/s]
100%|██████████| 1/1 [00:00<00:00,  5.06it/s]

  0%|          | 0/1 [00:00<?, ?it/s]
100%|██████████| 1/1 [00:00<00:00,  4.96it/s]
100%|██████████| 1/1 [00:00<00:00,  4.96it/s]

  0%|          | 0/1 [00:00<?, ?it/s]
100%|██████████| 1/1 [00:00<00:00,  4.97it/s]
100%|██████████| 1/1 [00:00<00:00,  4.96it/s]

  0%|          | 0/1 [00:00<?, ?it/s]
100%|██████████| 1/1 [00:00<00:00,  5.41it/s]
100%|██████████| 1/1 [00:00<00:00,  5.40it/s]

  0%|          | 0/1 [00:00<?, ?it/s]
100%|██████████| 1/1 [00:00<00:00,  4.86it/s]
100%|██████████| 1/1 [00:00<00:00,  4.85it/s]

  0%|          | 0/1 [00:00<?, ?it/s]
100%|██████████| 1/1 [00:00<00:00,  5.59it/s]
100%|██████████| 1/1 [00:00<00:00,  5.58it/s]

  0%|          | 0/1 [00:00<?, ?it/s]
100%|██████████| 1/1 [00:00<00:00,  5.46it/s]
100%|██████████| 1/1 [00:00<00:00,  5.45it/s]

  0%|          | 0/1 [00:00<?, ?it/s]
100%|██████████| 1/1 [00:00<00:00,  5.48it/s]
100%|██████████| 1/1 [00:00<00:00,  5.47it/s]

  0%|          | 0/1 [00:00<?, ?it/s]
100%|██████████| 1/1 [00:00<00:00,  5.56it/s]
100%|██████████| 1/1 [00:00<00:00,  5.55it/s]

  0%|          | 0/1 [00:00<?, ?it/s]
100%|██████████| 1/1 [00:00<00:00,  5.49it/s]
100%|██████████| 1/1 [00:00<00:00,  5.48it/s]

  0%|          | 0/1 [00:00<?, ?it/s]
100%|██████████| 1/1 [00:00<00:00,  5.62it/s]
100%|██████████| 1/1 [00:00<00:00,  5.61it/s]

  0%|          | 0/1 [00:00<?, ?it/s]
100%|██████████| 1/1 [00:00<00:00,  5.48it/s]
100%|██████████| 1/1 [00:00<00:00,  5.47it/s]

  0%|          | 0/1 [00:00<?, ?it/s]
100%|██████████| 1/1 [00:00<00:00,  5.53it/s]
100%|██████████| 1/1 [00:00<00:00,  5.52it/s]

  0%|          | 0/1 [00:00<?, ?it/s]
100%|██████████| 1/1 [00:00<00:00,  5.51it/s]
100%|██████████| 1/1 [00:00<00:00,  5.51it/s]

  0%|          | 0/1 [00:00<?, ?it/s]
100%|██████████| 1/1 [00:00<00:00,  5.49it/s]
100%|██████████| 1/1 [00:00<00:00,  5.49it/s]

  0%|          | 0/1 [00:00<?, ?it/s]
100%|██████████| 1/1 [00:00<00:00,  5.05it/s]
100%|██████████| 1/1 [00:00<00:00,  5.05it/s]

  0%|          | 0/1 [00:00<?, ?it/s]
100%|██████████| 1/1 [00:00<00:00,  5.54it/s]
100%|██████████| 1/1 [00:00<00:00,  5.53it/s]

  0%|          | 0/1 [00:00<?, ?it/s]
100%|██████████| 1/1 [00:00<00:00,  5.41it/s]
100%|██████████| 1/1 [00:00<00:00,  5.40it/s]

  0%|          | 0/1 [00:00<?, ?it/s]
100%|██████████| 1/1 [00:00<00:00,  5.15it/s]
100%|██████████| 1/1 [00:00<00:00,  5.15it/s]

  0%|          | 0/1 [00:00<?, ?it/s]
100%|██████████| 1/1 [00:00<00:00,  5.19it/s]
100%|██████████| 1/1 [00:00<00:00,  5.18it/s]

  0%|          | 0/1 [00:00<?, ?it/s]
100%|██████████| 1/1 [00:00<00:00,  5.15it/s]
100%|██████████| 1/1 [00:00<00:00,  5.14it/s]

  0%|          | 0/1 [00:00<?, ?it/s]
100%|██████████| 1/1 [00:00<00:00,  5.08it/s]
100%|██████████| 1/1 [00:00<00:00,  5.08it/s]

  0%|          | 0/1 [00:00<?, ?it/s]
100%|██████████| 1/1 [00:00<00:00,  5.12it/s]
100%|██████████| 1/1 [00:00<00:00,  5.11it/s]

  0%|          | 0/1 [00:00<?, ?it/s]
100%|██████████| 1/1 [00:00<00:00,  5.12it/s]
100%|██████████| 1/1 [00:00<00:00,  5.12it/s]

  0%|          | 0/1 [00:00<?, ?it/s]
100%|██████████| 1/1 [00:00<00:00,  5.08it/s]
100%|██████████| 1/1 [00:00<00:00,  5.07it/s]

  0%|          | 0/1 [00:00<?, ?it/s]
100%|██████████| 1/1 [00:00<00:00,  5.58it/s]
100%|██████████| 1/1 [00:00<00:00,  5.57it/s]

  0%|          | 0/1 [00:00<?, ?it/s]
100%|██████████| 1/1 [00:00<00:00,  5.32it/s]
100%|██████████| 1/1 [00:00<00:00,  5.31it/s]

  0%|          | 0/1 [00:00<?, ?it/s]
100%|██████████| 1/1 [00:00<00:00,  5.66it/s]
100%|██████████| 1/1 [00:00<00:00,  5.66it/s]

  0%|          | 0/1 [00:00<?, ?it/s]
100%|██████████| 1/1 [00:00<00:00,  5.70it/s]
100%|██████████| 1/1 [00:00<00:00,  5.70it/s]

  0%|          | 0/1 [00:00<?, ?it/s]
100%|██████████| 1/1 [00:00<00:00,  3.91it/s]
100%|██████████| 1/1 [00:00<00:00,  3.90it/s]

  0%|          | 0/1 [00:00<?, ?it/s]
100%|██████████| 1/1 [00:00<00:00,  5.74it/s]
100%|██████████| 1/1 [00:00<00:00,  5.74it/s]

  0%|          | 0/1 [00:00<?, ?it/s]
100%|██████████| 1/1 [00:00<00:00,  5.75it/s]
100%|██████████| 1/1 [00:00<00:00,  5.75it/s]

  0%|          | 0/1 [00:00<?, ?it/s]
100%|██████████| 1/1 [00:00<00:00,  5.74it/s]
100%|██████████| 1/1 [00:00<00:00,  5.73it/s]

  0%|          | 0/1 [00:00<?, ?it/s]
100%|██████████| 1/1 [00:00<00:00,  5.70it/s]
100%|██████████| 1/1 [00:00<00:00,  5.70it/s]

  0%|          | 0/1 [00:00<?, ?it/s]
100%|██████████| 1/1 [00:00<00:00,  5.76it/s]
100%|██████████| 1/1 [00:00<00:00,  5.76it/s]

  0%|          | 0/1 [00:00<?, ?it/s]
100%|██████████| 1/1 [00:00<00:00,  5.78it/s]
100%|██████████| 1/1 [00:00<00:00,  5.78it/s]

  0%|          | 0/1 [00:00<?, ?it/s]
100%|██████████| 1/1 [00:00<00:00,  5.67it/s]
100%|██████████| 1/1 [00:00<00:00,  5.66it/s]

  0%|          | 0/1 [00:00<?, ?it/s]
100%|██████████| 1/1 [00:00<00:00,  5.67it/s]
100%|██████████| 1/1 [00:00<00:00,  5.67it/s]

  0%|          | 0/1 [00:00<?, ?it/s]
100%|██████████| 1/1 [00:00<00:00,  5.69it/s]
100%|██████████| 1/1 [00:00<00:00,  5.68it/s]

  0%|          | 0/1 [00:00<?, ?it/s]
100%|██████████| 1/1 [00:00<00:00,  5.66it/s]
100%|██████████| 1/1 [00:00<00:00,  5.65it/s]

  0%|          | 0/1 [00:00<?, ?it/s]
100%|██████████| 1/1 [00:00<00:00,  5.71it/s]
100%|██████████| 1/1 [00:00<00:00,  5.70it/s]

  0%|          | 0/1 [00:00<?, ?it/s]
100%|██████████| 1/1 [00:00<00:00,  5.69it/s]
100%|██████████| 1/1 [00:00<00:00,  5.69it/s]

  0%|          | 0/1 [00:00<?, ?it/s]
100%|██████████| 1/1 [00:00<00:00,  5.59it/s]
100%|██████████| 1/1 [00:00<00:00,  5.58it/s]

  0%|          | 0/1 [00:00<?, ?it/s]
100%|██████████| 1/1 [00:00<00:00,  5.63it/s]
100%|██████████| 1/1 [00:00<00:00,  5.62it/s]

  0%|          | 0/1 [00:00<?, ?it/s]
100%|██████████| 1/1 [00:00<00:00,  5.65it/s]
100%|██████████| 1/1 [00:00<00:00,  5.65it/s]

  0%|          | 0/1 [00:00<?, ?it/s]
100%|██████████| 1/1 [00:00<00:00,  5.46it/s]
100%|██████████| 1/1 [00:00<00:00,  5.45it/s]

  0%|          | 0/1 [00:00<?, ?it/s]
100%|██████████| 1/1 [00:00<00:00,  5.25it/s]
100%|██████████| 1/1 [00:00<00:00,  5.24it/s]

  0%|          | 0/1 [00:00<?, ?it/s]
100%|██████████| 1/1 [00:00<00:00,  5.14it/s]
100%|██████████| 1/1 [00:00<00:00,  5.14it/s]

  0%|          | 0/1 [00:00<?, ?it/s]
100%|██████████| 1/1 [00:00<00:00,  5.12it/s]
100%|██████████| 1/1 [00:00<00:00,  5.11it/s]

  0%|          | 0/1 [00:00<?, ?it/s]
100%|██████████| 1/1 [00:00<00:00,  5.16it/s]
100%|██████████| 1/1 [00:00<00:00,  5.15it/s]

  0%|          | 0/1 [00:00<?, ?it/s]
100%|██████████| 1/1 [00:00<00:00,  5.50it/s]
100%|██████████| 1/1 [00:00<00:00,  5.49it/s]

  0%|          | 0/1 [00:00<?, ?it/s]
100%|██████████| 1/1 [00:00<00:00,  5.37it/s]
100%|██████████| 1/1 [00:00<00:00,  5.36it/s]

  0%|          | 0/1 [00:00<?, ?it/s]
100%|██████████| 1/1 [00:00<00:00,  5.48it/s]
100%|██████████| 1/1 [00:00<00:00,  5.48it/s]

  0%|          | 0/1 [00:00<?, ?it/s]
100%|██████████| 1/1 [00:00<00:00,  4.66it/s]
100%|██████████| 1/1 [00:00<00:00,  4.66it/s]

  0%|          | 0/1 [00:00<?, ?it/s]
100%|██████████| 1/1 [00:00<00:00,  4.30it/s]
100%|██████████| 1/1 [00:00<00:00,  4.29it/s]

  0%|          | 0/1 [00:00<?, ?it/s]
100%|██████████| 1/1 [00:00<00:00,  2.89it/s]
100%|██████████| 1/1 [00:00<00:00,  2.88it/s]

  0%|          | 0/1 [00:00<?, ?it/s]
100%|██████████| 1/1 [00:00<00:00,  4.56it/s]
100%|██████████| 1/1 [00:00<00:00,  4.55it/s]

  0%|          | 0/1 [00:00<?, ?it/s]
100%|██████████| 1/1 [00:00<00:00,  4.36it/s]
100%|██████████| 1/1 [00:00<00:00,  4.35it/s]

  0%|          | 0/1 [00:00<?, ?it/s]
100%|██████████| 1/1 [00:00<00:00,  4.35it/s]
100%|██████████| 1/1 [00:00<00:00,  4.34it/s]

  0%|          | 0/1 [00:00<?, ?it/s]
100%|██████████| 1/1 [00:00<00:00,  4.34it/s]
100%|██████████| 1/1 [00:00<00:00,  4.33it/s]

  0%|          | 0/1 [00:00<?, ?it/s]
100%|██████████| 1/1 [00:00<00:00,  4.39it/s]
100%|██████████| 1/1 [00:00<00:00,  4.38it/s]

  0%|          | 0/1 [00:00<?, ?it/s]
100%|██████████| 1/1 [00:00<00:00,  4.03it/s]
100%|██████████| 1/1 [00:00<00:00,  4.02it/s]

  0%|          | 0/1 [00:00<?, ?it/s]
100%|██████████| 1/1 [00:00<00:00,  3.54it/s]
100%|██████████| 1/1 [00:00<00:00,  3.54it/s]

  0%|          | 0/1 [00:00<?, ?it/s]
100%|██████████| 1/1 [00:00<00:00,  4.31it/s]
100%|██████████| 1/1 [00:00<00:00,  4.30it/s]

  0%|          | 0/1 [00:00<?, ?it/s]
100%|██████████| 1/1 [00:00<00:00,  4.27it/s]
100%|██████████| 1/1 [00:00<00:00,  4.27it/s]

  0%|          | 0/1 [00:00<?, ?it/s]
100%|██████████| 1/1 [00:00<00:00,  4.89it/s]
100%|██████████| 1/1 [00:00<00:00,  4.88it/s]

  0%|          | 0/1 [00:00<?, ?it/s]
100%|██████████| 1/1 [00:00<00:00,  5.16it/s]
100%|██████████| 1/1 [00:00<00:00,  5.15it/s]

  0%|          | 0/1 [00:00<?, ?it/s]
100%|██████████| 1/1 [00:00<00:00,  4.48it/s]
100%|██████████| 1/1 [00:00<00:00,  4.47it/s]

  0%|          | 0/1 [00:00<?, ?it/s]
100%|██████████| 1/1 [00:00<00:00,  4.66it/s]
100%|██████████| 1/1 [00:00<00:00,  4.66it/s]

  0%|          | 0/1 [00:00<?, ?it/s]
100%|██████████| 1/1 [00:00<00:00,  4.99it/s]
100%|██████████| 1/1 [00:00<00:00,  4.99it/s]

  0%|          | 0/1 [00:00<?, ?it/s]
100%|██████████| 1/1 [00:00<00:00,  5.51it/s]
100%|██████████| 1/1 [00:00<00:00,  5.51it/s]

  0%|          | 0/1 [00:00<?, ?it/s]
100%|██████████| 1/1 [00:00<00:00,  5.64it/s]
100%|██████████| 1/1 [00:00<00:00,  5.64it/s]

  0%|          | 0/1 [00:00<?, ?it/s]
100%|██████████| 1/1 [00:00<00:00,  5.10it/s]
100%|██████████| 1/1 [00:00<00:00,  5.10it/s]

  0%|          | 0/1 [00:00<?, ?it/s]
100%|██████████| 1/1 [00:00<00:00,  4.48it/s]
100%|██████████| 1/1 [00:00<00:00,  4.47it/s]

  0%|          | 0/1 [00:00<?, ?it/s]
100%|██████████| 1/1 [00:00<00:00,  4.55it/s]
100%|██████████| 1/1 [00:00<00:00,  4.54it/s]

  0%|          | 0/1 [00:00<?, ?it/s]
100%|██████████| 1/1 [00:00<00:00,  4.91it/s]
100%|██████████| 1/1 [00:00<00:00,  4.91it/s]

  0%|          | 0/1 [00:00<?, ?it/s]
100%|██████████| 1/1 [00:00<00:00,  4.68it/s]
100%|██████████| 1/1 [00:00<00:00,  4.68it/s]

  0%|          | 0/1 [00:00<?, ?it/s]
100%|██████████| 1/1 [00:00<00:00,  4.54it/s]
100%|██████████| 1/1 [00:00<00:00,  4.53it/s]

  0%|          | 0/1 [00:00<?, ?it/s]
100%|██████████| 1/1 [00:00<00:00,  5.51it/s]
100%|██████████| 1/1 [00:00<00:00,  5.51it/s]

  0%|          | 0/1 [00:00<?, ?it/s]
100%|██████████| 1/1 [00:00<00:00,  5.00it/s]
100%|██████████| 1/1 [00:00<00:00,  5.00it/s]

  0%|          | 0/1 [00:00<?, ?it/s]
100%|██████████| 1/1 [00:00<00:00,  4.87it/s]
100%|██████████| 1/1 [00:00<00:00,  4.86it/s]

  0%|          | 0/1 [00:00<?, ?it/s]
100%|██████████| 1/1 [00:00<00:00,  5.32it/s]
100%|██████████| 1/1 [00:00<00:00,  5.31it/s]

  0%|          | 0/1 [00:00<?, ?it/s]
100%|██████████| 1/1 [00:00<00:00,  4.76it/s]
100%|██████████| 1/1 [00:00<00:00,  4.75it/s]

  0%|          | 0/1 [00:00<?, ?it/s]
100%|██████████| 1/1 [00:00<00:00,  4.01it/s]
100%|██████████| 1/1 [00:00<00:00,  4.00it/s]

  0%|          | 0/1 [00:00<?, ?it/s]
100%|██████████| 1/1 [00:00<00:00,  4.52it/s]
100%|██████████| 1/1 [00:00<00:00,  4.51it/s]

  0%|          | 0/1 [00:00<?, ?it/s]
100%|██████████| 1/1 [00:00<00:00,  4.70it/s]
100%|██████████| 1/1 [00:00<00:00,  4.70it/s]

  0%|          | 0/1 [00:00<?, ?it/s]
100%|██████████| 1/1 [00:00<00:00,  4.65it/s]
100%|██████████| 1/1 [00:00<00:00,  4.65it/s]

  0%|          | 0/1 [00:00<?, ?it/s]
100%|██████████| 1/1 [00:00<00:00,  5.45it/s]
100%|██████████| 1/1 [00:00<00:00,  5.44it/s]

  0%|          | 0/1 [00:00<?, ?it/s]
100%|██████████| 1/1 [00:00<00:00,  4.87it/s]
100%|██████████| 1/1 [00:00<00:00,  4.86it/s]

  0%|          | 0/1 [00:00<?, ?it/s]
100%|██████████| 1/1 [00:00<00:00,  4.95it/s]
100%|██████████| 1/1 [00:00<00:00,  4.95it/s]

  0%|          | 0/1 [00:00<?, ?it/s]
100%|██████████| 1/1 [00:00<00:00,  5.42it/s]
100%|██████████| 1/1 [00:00<00:00,  5.41it/s]

  0%|          | 0/1 [00:00<?, ?it/s]
100%|██████████| 1/1 [00:00<00:00,  5.42it/s]
100%|██████████| 1/1 [00:00<00:00,  5.41it/s]

  0%|          | 0/1 [00:00<?, ?it/s]
100%|██████████| 1/1 [00:00<00:00,  5.04it/s]
100%|██████████| 1/1 [00:00<00:00,  5.03it/s]

  0%|          | 0/1 [00:00<?, ?it/s]
100%|██████████| 1/1 [00:00<00:00,  4.78it/s]
100%|██████████| 1/1 [00:00<00:00,  4.77it/s]

  0%|          | 0/1 [00:00<?, ?it/s]
100%|██████████| 1/1 [00:00<00:00,  4.54it/s]
100%|██████████| 1/1 [00:00<00:00,  4.53it/s]

  0%|          | 0/1 [00:00<?, ?it/s]
100%|██████████| 1/1 [00:00<00:00,  4.75it/s]
100%|██████████| 1/1 [00:00<00:00,  4.75it/s]

  0%|          | 0/1 [00:00<?, ?it/s]
100%|██████████| 1/1 [00:00<00:00,  5.42it/s]
100%|██████████| 1/1 [00:00<00:00,  5.42it/s]

  0%|          | 0/1 [00:00<?, ?it/s]
100%|██████████| 1/1 [00:00<00:00,  5.47it/s]
100%|██████████| 1/1 [00:00<00:00,  5.46it/s]

  0%|          | 0/1 [00:00<?, ?it/s]
100%|██████████| 1/1 [00:00<00:00,  5.36it/s]
100%|██████████| 1/1 [00:00<00:00,  5.35it/s]

  0%|          | 0/1 [00:00<?, ?it/s]
100%|██████████| 1/1 [00:00<00:00,  5.29it/s]
100%|██████████| 1/1 [00:00<00:00,  5.29it/s]

  0%|          | 0/1 [00:00<?, ?it/s]
100%|██████████| 1/1 [00:00<00:00,  5.48it/s]
100%|██████████| 1/1 [00:00<00:00,  5.47it/s]

  0%|          | 0/1 [00:00<?, ?it/s]
100%|██████████| 1/1 [00:00<00:00,  4.85it/s]
100%|██████████| 1/1 [00:00<00:00,  4.84it/s]

  0%|          | 0/1 [00:00<?, ?it/s]
100%|██████████| 1/1 [00:00<00:00,  4.69it/s]
100%|██████████| 1/1 [00:00<00:00,  4.69it/s]

  0%|          | 0/1 [00:00<?, ?it/s]
100%|██████████| 1/1 [00:00<00:00,  5.38it/s]
100%|██████████| 1/1 [00:00<00:00,  5.38it/s]

  0%|          | 0/1 [00:00<?, ?it/s]
100%|██████████| 1/1 [00:00<00:00,  5.66it/s]
100%|██████████| 1/1 [00:00<00:00,  5.65it/s]

  0%|          | 0/1 [00:00<?, ?it/s]
100%|██████████| 1/1 [00:00<00:00,  5.63it/s]
100%|██████████| 1/1 [00:00<00:00,  5.62it/s]

  0%|          | 0/1 [00:00<?, ?it/s]
100%|██████████| 1/1 [00:00<00:00,  5.66it/s]
100%|██████████| 1/1 [00:00<00:00,  5.65it/s]

  0%|          | 0/1 [00:00<?, ?it/s]
100%|██████████| 1/1 [00:00<00:00,  5.10it/s]
100%|██████████| 1/1 [00:00<00:00,  5.09it/s]

  0%|          | 0/1 [00:00<?, ?it/s]
100%|██████████| 1/1 [00:00<00:00,  4.18it/s]
100%|██████████| 1/1 [00:00<00:00,  4.18it/s]

  0%|          | 0/1 [00:00<?, ?it/s]
100%|██████████| 1/1 [00:00<00:00,  5.25it/s]
100%|██████████| 1/1 [00:00<00:00,  5.24it/s]

  0%|          | 0/1 [00:00<?, ?it/s]
100%|██████████| 1/1 [00:00<00:00,  4.97it/s]
100%|██████████| 1/1 [00:00<00:00,  4.96it/s]

  0%|          | 0/1 [00:00<?, ?it/s]
100%|██████████| 1/1 [00:00<00:00,  4.94it/s]
100%|██████████| 1/1 [00:00<00:00,  4.94it/s]

  0%|          | 0/1 [00:00<?, ?it/s]
100%|██████████| 1/1 [00:00<00:00,  4.98it/s]
100%|██████████| 1/1 [00:00<00:00,  4.97it/s]

  0%|          | 0/1 [00:00<?, ?it/s]
100%|██████████| 1/1 [00:00<00:00,  4.90it/s]
100%|██████████| 1/1 [00:00<00:00,  4.89it/s]

  0%|          | 0/1 [00:00<?, ?it/s]
100%|██████████| 1/1 [00:00<00:00,  4.83it/s]
100%|██████████| 1/1 [00:00<00:00,  4.83it/s]

  0%|          | 0/1 [00:00<?, ?it/s]
100%|██████████| 1/1 [00:00<00:00,  5.55it/s]
100%|██████████| 1/1 [00:00<00:00,  5.54it/s]

  0%|          | 0/1 [00:00<?, ?it/s]
100%|██████████| 1/1 [00:00<00:00,  5.72it/s]
100%|██████████| 1/1 [00:00<00:00,  5.72it/s]

  0%|          | 0/1 [00:00<?, ?it/s]
100%|██████████| 1/1 [00:00<00:00,  5.91it/s]
100%|██████████| 1/1 [00:00<00:00,  5.90it/s]

  0%|          | 0/1 [00:00<?, ?it/s]
100%|██████████| 1/1 [00:00<00:00,  3.16it/s]
100%|██████████| 1/1 [00:00<00:00,  3.16it/s]

  0%|          | 0/1 [00:00<?, ?it/s]
100%|██████████| 1/1 [00:00<00:00,  4.49it/s]
100%|██████████| 1/1 [00:00<00:00,  4.49it/s]

  0%|          | 0/1 [00:00<?, ?it/s]
100%|██████████| 1/1 [00:00<00:00,  4.28it/s]
100%|██████████| 1/1 [00:00<00:00,  4.28it/s]

  0%|          | 0/1 [00:00<?, ?it/s]
100%|██████████| 1/1 [00:00<00:00,  4.69it/s]
100%|██████████| 1/1 [00:00<00:00,  4.69it/s]

  0%|          | 0/1 [00:00<?, ?it/s]
100%|██████████| 1/1 [00:00<00:00,  4.61it/s]
100%|██████████| 1/1 [00:00<00:00,  4.60it/s]

  0%|          | 0/1 [00:00<?, ?it/s]
100%|██████████| 1/1 [00:00<00:00,  4.48it/s]
100%|██████████| 1/1 [00:00<00:00,  4.47it/s]

  0%|          | 0/1 [00:00<?, ?it/s]
100%|██████████| 1/1 [00:00<00:00,  4.57it/s]
100%|██████████| 1/1 [00:00<00:00,  4.56it/s]

  0%|          | 0/1 [00:00<?, ?it/s]
100%|██████████| 1/1 [00:00<00:00,  4.48it/s]
100%|██████████| 1/1 [00:00<00:00,  4.48it/s]

  0%|          | 0/1 [00:00<?, ?it/s]
100%|██████████| 1/1 [00:00<00:00,  4.94it/s]
100%|██████████| 1/1 [00:00<00:00,  4.93it/s]

  0%|          | 0/1 [00:00<?, ?it/s]
100%|██████████| 1/1 [00:00<00:00,  4.87it/s]
100%|██████████| 1/1 [00:00<00:00,  4.87it/s]

  0%|          | 0/1 [00:00<?, ?it/s]
100%|██████████| 1/1 [00:00<00:00,  5.30it/s]
100%|██████████| 1/1 [00:00<00:00,  5.30it/s]

  0%|          | 0/1 [00:00<?, ?it/s]
100%|██████████| 1/1 [00:00<00:00,  5.24it/s]
100%|██████████| 1/1 [00:00<00:00,  5.24it/s]

  0%|          | 0/1 [00:00<?, ?it/s]
100%|██████████| 1/1 [00:00<00:00,  5.27it/s]
100%|██████████| 1/1 [00:00<00:00,  5.26it/s]

  0%|          | 0/1 [00:00<?, ?it/s]
100%|██████████| 1/1 [00:00<00:00,  5.04it/s]
100%|██████████| 1/1 [00:00<00:00,  5.04it/s]

  0%|          | 0/1 [00:00<?, ?it/s]
100%|██████████| 1/1 [00:00<00:00,  4.54it/s]
100%|██████████| 1/1 [00:00<00:00,  4.53it/s]

  0%|          | 0/1 [00:00<?, ?it/s]
100%|██████████| 1/1 [00:00<00:00,  4.29it/s]
100%|██████████| 1/1 [00:00<00:00,  4.28it/s]

  0%|          | 0/1 [00:00<?, ?it/s]
100%|██████████| 1/1 [00:00<00:00,  4.14it/s]
100%|██████████| 1/1 [00:00<00:00,  4.13it/s]

  0%|          | 0/1 [00:00<?, ?it/s]
100%|██████████| 1/1 [00:00<00:00,  4.96it/s]
100%|██████████| 1/1 [00:00<00:00,  4.95it/s]

  0%|          | 0/1 [00:00<?, ?it/s]
100%|██████████| 1/1 [00:00<00:00,  5.42it/s]
100%|██████████| 1/1 [00:00<00:00,  5.41it/s]

  0%|          | 0/1 [00:00<?, ?it/s]
100%|██████████| 1/1 [00:00<00:00,  4.82it/s]
100%|██████████| 1/1 [00:00<00:00,  4.81it/s]

  0%|          | 0/1 [00:00<?, ?it/s]
100%|██████████| 1/1 [00:00<00:00,  4.56it/s]
100%|██████████| 1/1 [00:00<00:00,  4.56it/s]

  0%|          | 0/1 [00:00<?, ?it/s]
100%|██████████| 1/1 [00:00<00:00,  4.47it/s]
100%|██████████| 1/1 [00:00<00:00,  4.47it/s]

  0%|          | 0/1 [00:00<?, ?it/s]
100%|██████████| 1/1 [00:00<00:00,  4.50it/s]
100%|██████████| 1/1 [00:00<00:00,  4.49it/s]

  0%|          | 0/1 [00:00<?, ?it/s]
100%|██████████| 1/1 [00:00<00:00,  4.77it/s]
100%|██████████| 1/1 [00:00<00:00,  4.77it/s]

  0%|          | 0/1 [00:00<?, ?it/s]
100%|██████████| 1/1 [00:00<00:00,  4.73it/s]
100%|██████████| 1/1 [00:00<00:00,  4.73it/s]

  0%|          | 0/1 [00:00<?, ?it/s]
100%|██████████| 1/1 [00:00<00:00,  5.10it/s]
100%|██████████| 1/1 [00:00<00:00,  5.09it/s]

  0%|          | 0/1 [00:00<?, ?it/s]
100%|██████████| 1/1 [00:00<00:00,  4.92it/s]
100%|██████████| 1/1 [00:00<00:00,  4.92it/s]

  0%|          | 0/1 [00:00<?, ?it/s]
100%|██████████| 1/1 [00:00<00:00,  5.11it/s]
100%|██████████| 1/1 [00:00<00:00,  5.10it/s]

  0%|          | 0/1 [00:00<?, ?it/s]
100%|██████████| 1/1 [00:00<00:00,  5.06it/s]
100%|██████████| 1/1 [00:00<00:00,  5.05it/s]

  0%|          | 0/1 [00:00<?, ?it/s]
100%|██████████| 1/1 [00:00<00:00,  5.06it/s]
100%|██████████| 1/1 [00:00<00:00,  5.05it/s]

  0%|          | 0/1 [00:00<?, ?it/s]
100%|██████████| 1/1 [00:00<00:00,  5.24it/s]
100%|██████████| 1/1 [00:00<00:00,  5.23it/s]

  0%|          | 0/1 [00:00<?, ?it/s]
100%|██████████| 1/1 [00:00<00:00,  5.29it/s]
100%|██████████| 1/1 [00:00<00:00,  5.28it/s]

  0%|          | 0/1 [00:00<?, ?it/s]
100%|██████████| 1/1 [00:00<00:00,  5.04it/s]
100%|██████████| 1/1 [00:00<00:00,  5.03it/s]

  0%|          | 0/1 [00:00<?, ?it/s]
100%|██████████| 1/1 [00:00<00:00,  5.32it/s]
100%|██████████| 1/1 [00:00<00:00,  5.31it/s]

  0%|          | 0/1 [00:00<?, ?it/s]
100%|██████████| 1/1 [00:00<00:00,  5.32it/s]
100%|██████████| 1/1 [00:00<00:00,  5.31it/s]

  0%|          | 0/1 [00:00<?, ?it/s]
100%|██████████| 1/1 [00:00<00:00,  5.12it/s]
100%|██████████| 1/1 [00:00<00:00,  5.12it/s]

  0%|          | 0/1 [00:00<?, ?it/s]
100%|██████████| 1/1 [00:00<00:00,  5.39it/s]
100%|██████████| 1/1 [00:00<00:00,  5.38it/s]

  0%|          | 0/1 [00:00<?, ?it/s]
100%|██████████| 1/1 [00:00<00:00,  5.44it/s]
100%|██████████| 1/1 [00:00<00:00,  5.43it/s]

  0%|          | 0/1 [00:00<?, ?it/s]
100%|██████████| 1/1 [00:00<00:00,  5.44it/s]
100%|██████████| 1/1 [00:00<00:00,  5.43it/s]

  0%|          | 0/1 [00:00<?, ?it/s]
100%|██████████| 1/1 [00:00<00:00,  5.41it/s]
100%|██████████| 1/1 [00:00<00:00,  5.41it/s]

  0%|          | 0/1 [00:00<?, ?it/s]
100%|██████████| 1/1 [00:00<00:00,  4.75it/s]
100%|██████████| 1/1 [00:00<00:00,  4.74it/s]

  0%|          | 0/1 [00:00<?, ?it/s]
100%|██████████| 1/1 [00:00<00:00,  4.45it/s]
100%|██████████| 1/1 [00:00<00:00,  4.44it/s]

  0%|          | 0/1 [00:00<?, ?it/s]
100%|██████████| 1/1 [00:00<00:00,  5.21it/s]
100%|██████████| 1/1 [00:00<00:00,  5.20it/s]

  0%|          | 0/1 [00:00<?, ?it/s]
100%|██████████| 1/1 [00:00<00:00,  4.85it/s]
100%|██████████| 1/1 [00:00<00:00,  4.84it/s]

  0%|          | 0/1 [00:00<?, ?it/s]
100%|██████████| 1/1 [00:00<00:00,  4.97it/s]
100%|██████████| 1/1 [00:00<00:00,  4.97it/s]

  0%|          | 0/1 [00:00<?, ?it/s]
100%|██████████| 1/1 [00:00<00:00,  4.48it/s]
100%|██████████| 1/1 [00:00<00:00,  4.48it/s]

  0%|          | 0/1 [00:00<?, ?it/s]
100%|██████████| 1/1 [00:00<00:00,  4.97it/s]
100%|██████████| 1/1 [00:00<00:00,  4.96it/s]

  0%|          | 0/1 [00:00<?, ?it/s]
100%|██████████| 1/1 [00:00<00:00,  4.70it/s]
100%|██████████| 1/1 [00:00<00:00,  4.69it/s]

  0%|          | 0/1 [00:00<?, ?it/s]
100%|██████████| 1/1 [00:00<00:00,  5.44it/s]
100%|██████████| 1/1 [00:00<00:00,  5.43it/s]

  0%|          | 0/1 [00:00<?, ?it/s]
100%|██████████| 1/1 [00:00<00:00,  5.28it/s]
100%|██████████| 1/1 [00:00<00:00,  5.27it/s]

  0%|          | 0/1 [00:00<?, ?it/s]
100%|██████████| 1/1 [00:00<00:00,  5.64it/s]
100%|██████████| 1/1 [00:00<00:00,  5.63it/s]

  0%|          | 0/1 [00:00<?, ?it/s]
100%|██████████| 1/1 [00:00<00:00,  5.39it/s]
100%|██████████| 1/1 [00:00<00:00,  5.38it/s]

  0%|          | 0/1 [00:00<?, ?it/s]
100%|██████████| 1/1 [00:00<00:00,  5.27it/s]
100%|██████████| 1/1 [00:00<00:00,  5.26it/s]

  0%|          | 0/1 [00:00<?, ?it/s]
100%|██████████| 1/1 [00:00<00:00,  5.04it/s]
100%|██████████| 1/1 [00:00<00:00,  5.03it/s]

  0%|          | 0/1 [00:00<?, ?it/s]
100%|██████████| 1/1 [00:00<00:00,  4.74it/s]
100%|██████████| 1/1 [00:00<00:00,  4.73it/s]

  0%|          | 0/1 [00:00<?, ?it/s]
100%|██████████| 1/1 [00:00<00:00,  4.50it/s]
100%|██████████| 1/1 [00:00<00:00,  4.49it/s]

  0%|          | 0/1 [00:00<?, ?it/s]
100%|██████████| 1/1 [00:00<00:00,  4.44it/s]
100%|██████████| 1/1 [00:00<00:00,  4.44it/s]

  0%|          | 0/1 [00:00<?, ?it/s]
100%|██████████| 1/1 [00:00<00:00,  4.93it/s]
100%|██████████| 1/1 [00:00<00:00,  4.93it/s]

  0%|          | 0/1 [00:00<?, ?it/s]
100%|██████████| 1/1 [00:00<00:00,  5.29it/s]
100%|██████████| 1/1 [00:00<00:00,  5.28it/s]

  0%|          | 0/1 [00:00<?, ?it/s]
100%|██████████| 1/1 [00:00<00:00,  5.02it/s]
100%|██████████| 1/1 [00:00<00:00,  5.01it/s]

  0%|          | 0/1 [00:00<?, ?it/s]
100%|██████████| 1/1 [00:00<00:00,  4.75it/s]
100%|██████████| 1/1 [00:00<00:00,  4.75it/s]

  0%|          | 0/1 [00:00<?, ?it/s]
100%|██████████| 1/1 [00:00<00:00,  4.28it/s]
100%|██████████| 1/1 [00:00<00:00,  4.28it/s]

  0%|          | 0/1 [00:00<?, ?it/s]
100%|██████████| 1/1 [00:00<00:00,  4.70it/s]
100%|██████████| 1/1 [00:00<00:00,  4.70it/s]

  0%|          | 0/1 [00:00<?, ?it/s]
100%|██████████| 1/1 [00:00<00:00,  4.34it/s]
100%|██████████| 1/1 [00:00<00:00,  4.33it/s]

  0%|          | 0/1 [00:00<?, ?it/s]
100%|██████████| 1/1 [00:00<00:00,  4.86it/s]
100%|██████████| 1/1 [00:00<00:00,  4.86it/s]

  0%|          | 0/1 [00:00<?, ?it/s]
100%|██████████| 1/1 [00:00<00:00,  4.92it/s]
100%|██████████| 1/1 [00:00<00:00,  4.91it/s]

  0%|          | 0/1 [00:00<?, ?it/s]
100%|██████████| 1/1 [00:00<00:00,  4.76it/s]
100%|██████████| 1/1 [00:00<00:00,  4.75it/s]

  0%|          | 0/1 [00:00<?, ?it/s]
100%|██████████| 1/1 [00:00<00:00,  4.65it/s]
100%|██████████| 1/1 [00:00<00:00,  4.65it/s]

  0%|          | 0/1 [00:00<?, ?it/s]
100%|██████████| 1/1 [00:00<00:00,  4.73it/s]
100%|██████████| 1/1 [00:00<00:00,  4.72it/s]

  0%|          | 0/1 [00:00<?, ?it/s]
100%|██████████| 1/1 [00:00<00:00,  4.56it/s]
100%|██████████| 1/1 [00:00<00:00,  4.55it/s]

  0%|          | 0/1 [00:00<?, ?it/s]
100%|██████████| 1/1 [00:00<00:00,  4.57it/s]
100%|██████████| 1/1 [00:00<00:00,  4.57it/s]

  0%|          | 0/1 [00:00<?, ?it/s]
100%|██████████| 1/1 [00:00<00:00,  4.86it/s]
100%|██████████| 1/1 [00:00<00:00,  4.85it/s]

  0%|          | 0/1 [00:00<?, ?it/s]
100%|██████████| 1/1 [00:00<00:00,  4.87it/s]
100%|██████████| 1/1 [00:00<00:00,  4.87it/s]

  0%|          | 0/1 [00:00<?, ?it/s]
100%|██████████| 1/1 [00:00<00:00,  4.78it/s]
100%|██████████| 1/1 [00:00<00:00,  4.77it/s]

  0%|          | 0/1 [00:00<?, ?it/s]
100%|██████████| 1/1 [00:00<00:00,  5.31it/s]
100%|██████████| 1/1 [00:00<00:00,  5.31it/s]

  0%|          | 0/1 [00:00<?, ?it/s]
100%|██████████| 1/1 [00:00<00:00,  5.13it/s]
100%|██████████| 1/1 [00:00<00:00,  5.13it/s]

  0%|          | 0/1 [00:00<?, ?it/s]
100%|██████████| 1/1 [00:00<00:00,  5.65it/s]
100%|██████████| 1/1 [00:00<00:00,  5.65it/s]

  0%|          | 0/1 [00:00<?, ?it/s]
100%|██████████| 1/1 [00:00<00:00,  5.49it/s]
100%|██████████| 1/1 [00:00<00:00,  5.48it/s]

  0%|          | 0/1 [00:00<?, ?it/s]
100%|██████████| 1/1 [00:00<00:00,  5.30it/s]
100%|██████████| 1/1 [00:00<00:00,  5.29it/s]

  0%|          | 0/1 [00:00<?, ?it/s]
100%|██████████| 1/1 [00:00<00:00,  5.26it/s]
100%|██████████| 1/1 [00:00<00:00,  5.25it/s]

  0%|          | 0/1 [00:00<?, ?it/s]
100%|██████████| 1/1 [00:00<00:00,  5.37it/s]
100%|██████████| 1/1 [00:00<00:00,  5.36it/s]

  0%|          | 0/1 [00:00<?, ?it/s]
100%|██████████| 1/1 [00:00<00:00,  4.71it/s]
100%|██████████| 1/1 [00:00<00:00,  4.70it/s]

  0%|          | 0/1 [00:00<?, ?it/s]
100%|██████████| 1/1 [00:00<00:00,  4.46it/s]
100%|██████████| 1/1 [00:00<00:00,  4.45it/s]

  0%|          | 0/1 [00:00<?, ?it/s]
100%|██████████| 1/1 [00:00<00:00,  4.91it/s]
100%|██████████| 1/1 [00:00<00:00,  4.90it/s]

  0%|          | 0/1 [00:00<?, ?it/s]
100%|██████████| 1/1 [00:00<00:00,  4.92it/s]
100%|██████████| 1/1 [00:00<00:00,  4.92it/s]

  0%|          | 0/1 [00:00<?, ?it/s]
100%|██████████| 1/1 [00:00<00:00,  4.59it/s]
100%|██████████| 1/1 [00:00<00:00,  4.59it/s]

  0%|          | 0/1 [00:00<?, ?it/s]
100%|██████████| 1/1 [00:00<00:00,  4.87it/s]
100%|██████████| 1/1 [00:00<00:00,  4.86it/s]

  0%|          | 0/1 [00:00<?, ?it/s]
100%|██████████| 1/1 [00:00<00:00,  4.75it/s]
100%|██████████| 1/1 [00:00<00:00,  4.74it/s]

  0%|          | 0/1 [00:00<?, ?it/s]
100%|██████████| 1/1 [00:00<00:00,  4.63it/s]
100%|██████████| 1/1 [00:00<00:00,  4.63it/s]

  0%|          | 0/1 [00:00<?, ?it/s]
100%|██████████| 1/1 [00:00<00:00,  3.43it/s]
100%|██████████| 1/1 [00:00<00:00,  3.43it/s]

  0%|          | 0/1 [00:00<?, ?it/s]
100%|██████████| 1/1 [00:00<00:00,  4.64it/s]
100%|██████████| 1/1 [00:00<00:00,  4.64it/s]

  0%|          | 0/1 [00:00<?, ?it/s]
100%|██████████| 1/1 [00:00<00:00,  3.50it/s]
100%|██████████| 1/1 [00:00<00:00,  3.49it/s]

  0%|          | 0/1 [00:00<?, ?it/s]
100%|██████████| 1/1 [00:00<00:00,  3.61it/s]
100%|██████████| 1/1 [00:00<00:00,  3.61it/s]

  0%|          | 0/1 [00:00<?, ?it/s]
100%|██████████| 1/1 [00:00<00:00,  4.26it/s]
100%|██████████| 1/1 [00:00<00:00,  4.26it/s]

  0%|          | 0/1 [00:00<?, ?it/s]
100%|██████████| 1/1 [00:00<00:00,  4.60it/s]
100%|██████████| 1/1 [00:00<00:00,  4.60it/s]

  0%|          | 0/1 [00:00<?, ?it/s]
100%|██████████| 1/1 [00:00<00:00,  4.50it/s]
100%|██████████| 1/1 [00:00<00:00,  4.49it/s]

  0%|          | 0/1 [00:00<?, ?it/s]
100%|██████████| 1/1 [00:00<00:00,  4.30it/s]
100%|██████████| 1/1 [00:00<00:00,  4.30it/s]

  0%|          | 0/1 [00:00<?, ?it/s]
100%|██████████| 1/1 [00:00<00:00,  4.98it/s]
100%|██████████| 1/1 [00:00<00:00,  4.97it/s]

  0%|          | 0/1 [00:00<?, ?it/s]
100%|██████████| 1/1 [00:00<00:00,  5.21it/s]
100%|██████████| 1/1 [00:00<00:00,  5.20it/s]

  0%|          | 0/1 [00:00<?, ?it/s]
100%|██████████| 1/1 [00:00<00:00,  4.87it/s]
100%|██████████| 1/1 [00:00<00:00,  4.86it/s]

  0%|          | 0/1 [00:00<?, ?it/s]
100%|██████████| 1/1 [00:00<00:00,  4.36it/s]
100%|██████████| 1/1 [00:00<00:00,  4.35it/s]

  0%|          | 0/1 [00:00<?, ?it/s]
100%|██████████| 1/1 [00:00<00:00,  4.28it/s]
100%|██████████| 1/1 [00:00<00:00,  4.27it/s]

  0%|          | 0/1 [00:00<?, ?it/s]
100%|██████████| 1/1 [00:00<00:00,  4.65it/s]
100%|██████████| 1/1 [00:00<00:00,  4.64it/s]

  0%|          | 0/1 [00:00<?, ?it/s]
100%|██████████| 1/1 [00:00<00:00,  4.49it/s]
100%|██████████| 1/1 [00:00<00:00,  4.48it/s]

  0%|          | 0/1 [00:00<?, ?it/s]
100%|██████████| 1/1 [00:00<00:00,  5.01it/s]
100%|██████████| 1/1 [00:00<00:00,  5.01it/s]

  0%|          | 0/1 [00:00<?, ?it/s]
100%|██████████| 1/1 [00:00<00:00,  4.66it/s]
100%|██████████| 1/1 [00:00<00:00,  4.66it/s]

  0%|          | 0/1 [00:00<?, ?it/s]
100%|██████████| 1/1 [00:00<00:00,  5.18it/s]
100%|██████████| 1/1 [00:00<00:00,  5.18it/s]

  0%|          | 0/1 [00:00<?, ?it/s]
100%|██████████| 1/1 [00:00<00:00,  5.12it/s]
100%|██████████| 1/1 [00:00<00:00,  5.11it/s]

  0%|          | 0/1 [00:00<?, ?it/s]
100%|██████████| 1/1 [00:00<00:00,  5.14it/s]
100%|██████████| 1/1 [00:00<00:00,  5.14it/s]

  0%|          | 0/1 [00:00<?, ?it/s]
100%|██████████| 1/1 [00:00<00:00,  5.05it/s]
100%|██████████| 1/1 [00:00<00:00,  5.04it/s]

  0%|          | 0/1 [00:00<?, ?it/s]
100%|██████████| 1/1 [00:00<00:00,  5.35it/s]
100%|██████████| 1/1 [00:00<00:00,  5.34it/s]

  0%|          | 0/1 [00:00<?, ?it/s]
100%|██████████| 1/1 [00:00<00:00,  5.35it/s]
100%|██████████| 1/1 [00:00<00:00,  5.35it/s]

  0%|          | 0/1 [00:00<?, ?it/s]
100%|██████████| 1/1 [00:00<00:00,  5.32it/s]
100%|██████████| 1/1 [00:00<00:00,  5.32it/s]

  0%|          | 0/1 [00:00<?, ?it/s]
100%|██████████| 1/1 [00:00<00:00,  4.99it/s]
100%|██████████| 1/1 [00:00<00:00,  4.99it/s]

  0%|          | 0/1 [00:00<?, ?it/s]
100%|██████████| 1/1 [00:00<00:00,  5.03it/s]
100%|██████████| 1/1 [00:00<00:00,  5.02it/s]

  0%|          | 0/1 [00:00<?, ?it/s]
100%|██████████| 1/1 [00:00<00:00,  5.02it/s]
100%|██████████| 1/1 [00:00<00:00,  5.01it/s]

  0%|          | 0/1 [00:00<?, ?it/s]
100%|██████████| 1/1 [00:00<00:00,  5.33it/s]
100%|██████████| 1/1 [00:00<00:00,  5.32it/s]

  0%|          | 0/1 [00:00<?, ?it/s]
100%|██████████| 1/1 [00:00<00:00,  5.34it/s]
100%|██████████| 1/1 [00:00<00:00,  5.33it/s]

  0%|          | 0/1 [00:00<?, ?it/s]
100%|██████████| 1/1 [00:00<00:00,  5.37it/s]
100%|██████████| 1/1 [00:00<00:00,  5.36it/s]

  0%|          | 0/1 [00:00<?, ?it/s]
100%|██████████| 1/1 [00:00<00:00,  5.38it/s]
100%|██████████| 1/1 [00:00<00:00,  5.37it/s]

  0%|          | 0/1 [00:00<?, ?it/s]
100%|██████████| 1/1 [00:00<00:00,  5.18it/s]
100%|██████████| 1/1 [00:00<00:00,  5.17it/s]

  0%|          | 0/1 [00:00<?, ?it/s]
100%|██████████| 1/1 [00:00<00:00,  5.20it/s]
100%|██████████| 1/1 [00:00<00:00,  5.19it/s]

  0%|          | 0/1 [00:00<?, ?it/s]
100%|██████████| 1/1 [00:00<00:00,  5.32it/s]
100%|██████████| 1/1 [00:00<00:00,  5.31it/s]

  0%|          | 0/1 [00:00<?, ?it/s]
100%|██████████| 1/1 [00:00<00:00,  5.37it/s]
100%|██████████| 1/1 [00:00<00:00,  5.36it/s]

  0%|          | 0/1 [00:00<?, ?it/s]
100%|██████████| 1/1 [00:00<00:00,  5.41it/s]
100%|██████████| 1/1 [00:00<00:00,  5.40it/s]

  0%|          | 0/1 [00:00<?, ?it/s]
100%|██████████| 1/1 [00:00<00:00,  5.38it/s]
100%|██████████| 1/1 [00:00<00:00,  5.37it/s]

  0%|          | 0/1 [00:00<?, ?it/s]
100%|██████████| 1/1 [00:00<00:00,  5.38it/s]
100%|██████████| 1/1 [00:00<00:00,  5.37it/s]

  0%|          | 0/1 [00:00<?, ?it/s]
100%|██████████| 1/1 [00:00<00:00,  5.40it/s]
100%|██████████| 1/1 [00:00<00:00,  5.40it/s]

  0%|          | 0/1 [00:00<?, ?it/s]
100%|██████████| 1/1 [00:00<00:00,  5.30it/s]
100%|██████████| 1/1 [00:00<00:00,  5.29it/s]

  0%|          | 0/1 [00:00<?, ?it/s]
100%|██████████| 1/1 [00:00<00:00,  5.28it/s]
100%|██████████| 1/1 [00:00<00:00,  5.27it/s]

  0%|          | 0/1 [00:00<?, ?it/s]
100%|██████████| 1/1 [00:00<00:00,  5.12it/s]
100%|██████████| 1/1 [00:00<00:00,  5.11it/s]

  0%|          | 0/1 [00:00<?, ?it/s]
100%|██████████| 1/1 [00:00<00:00,  5.21it/s]
100%|██████████| 1/1 [00:00<00:00,  5.20it/s]

  0%|          | 0/1 [00:00<?, ?it/s]
100%|██████████| 1/1 [00:00<00:00,  5.19it/s]
100%|██████████| 1/1 [00:00<00:00,  5.18it/s]

  0%|          | 0/1 [00:00<?, ?it/s]
100%|██████████| 1/1 [00:00<00:00,  5.17it/s]
100%|██████████| 1/1 [00:00<00:00,  5.17it/s]

  0%|          | 0/1 [00:00<?, ?it/s]
100%|██████████| 1/1 [00:00<00:00,  4.65it/s]
100%|██████████| 1/1 [00:00<00:00,  4.64it/s]

  0%|          | 0/1 [00:00<?, ?it/s]
100%|██████████| 1/1 [00:00<00:00,  5.44it/s]
100%|██████████| 1/1 [00:00<00:00,  5.43it/s]

  0%|          | 0/1 [00:00<?, ?it/s]
100%|██████████| 1/1 [00:00<00:00,  5.33it/s]
100%|██████████| 1/1 [00:00<00:00,  5.32it/s]

  0%|          | 0/1 [00:00<?, ?it/s]
100%|██████████| 1/1 [00:00<00:00,  5.54it/s]
100%|██████████| 1/1 [00:00<00:00,  5.53it/s]

  0%|          | 0/1 [00:00<?, ?it/s]
100%|██████████| 1/1 [00:00<00:00,  5.58it/s]
100%|██████████| 1/1 [00:00<00:00,  5.57it/s]

  0%|          | 0/1 [00:00<?, ?it/s]
100%|██████████| 1/1 [00:00<00:00,  4.95it/s]
100%|██████████| 1/1 [00:00<00:00,  4.94it/s]

  0%|          | 0/1 [00:00<?, ?it/s]
100%|██████████| 1/1 [00:00<00:00,  5.17it/s]
100%|██████████| 1/1 [00:00<00:00,  5.16it/s]

  0%|          | 0/1 [00:00<?, ?it/s]
100%|██████████| 1/1 [00:00<00:00,  5.61it/s]
100%|██████████| 1/1 [00:00<00:00,  5.60it/s]

  0%|          | 0/1 [00:00<?, ?it/s]
100%|██████████| 1/1 [00:00<00:00,  5.57it/s]
100%|██████████| 1/1 [00:00<00:00,  5.57it/s]

  0%|          | 0/1 [00:00<?, ?it/s]
100%|██████████| 1/1 [00:00<00:00,  4.98it/s]
100%|██████████| 1/1 [00:00<00:00,  4.97it/s]

  0%|          | 0/1 [00:00<?, ?it/s]
100%|██████████| 1/1 [00:00<00:00,  4.48it/s]
100%|██████████| 1/1 [00:00<00:00,  4.47it/s]

  0%|          | 0/1 [00:00<?, ?it/s]
100%|██████████| 1/1 [00:00<00:00,  4.50it/s]
100%|██████████| 1/1 [00:00<00:00,  4.49it/s]

  0%|          | 0/1 [00:00<?, ?it/s]
100%|██████████| 1/1 [00:00<00:00,  4.54it/s]
100%|██████████| 1/1 [00:00<00:00,  4.54it/s]

  0%|          | 0/1 [00:00<?, ?it/s]
100%|██████████| 1/1 [00:00<00:00,  5.61it/s]
100%|██████████| 1/1 [00:00<00:00,  5.60it/s]

  0%|          | 0/1 [00:00<?, ?it/s]
100%|██████████| 1/1 [00:00<00:00,  5.72it/s]
100%|██████████| 1/1 [00:00<00:00,  5.71it/s]

  0%|          | 0/1 [00:00<?, ?it/s]
100%|██████████| 1/1 [00:00<00:00,  5.43it/s]
100%|██████████| 1/1 [00:00<00:00,  5.42it/s]

  0%|          | 0/1 [00:00<?, ?it/s]
100%|██████████| 1/1 [00:00<00:00,  5.69it/s]
100%|██████████| 1/1 [00:00<00:00,  5.68it/s]

  0%|          | 0/1 [00:00<?, ?it/s]
100%|██████████| 1/1 [00:00<00:00,  5.71it/s]
100%|██████████| 1/1 [00:00<00:00,  5.70it/s]

  0%|          | 0/1 [00:00<?, ?it/s]
100%|██████████| 1/1 [00:00<00:00,  5.66it/s]
100%|██████████| 1/1 [00:00<00:00,  5.65it/s]

  0%|          | 0/1 [00:00<?, ?it/s]
100%|██████████| 1/1 [00:00<00:00,  5.59it/s]
100%|██████████| 1/1 [00:00<00:00,  5.59it/s]

  0%|          | 0/1 [00:00<?, ?it/s]
100%|██████████| 1/1 [00:00<00:00,  3.79it/s]
100%|██████████| 1/1 [00:00<00:00,  3.79it/s]

  0%|          | 0/1 [00:00<?, ?it/s]
100%|██████████| 1/1 [00:00<00:00,  5.48it/s]
100%|██████████| 1/1 [00:00<00:00,  5.48it/s]

  0%|          | 0/1 [00:00<?, ?it/s]
100%|██████████| 1/1 [00:00<00:00,  5.12it/s]
100%|██████████| 1/1 [00:00<00:00,  5.11it/s]

  0%|          | 0/1 [00:00<?, ?it/s]
100%|██████████| 1/1 [00:00<00:00,  5.46it/s]
100%|██████████| 1/1 [00:00<00:00,  5.45it/s]

  0%|          | 0/1 [00:00<?, ?it/s]
100%|██████████| 1/1 [00:00<00:00,  5.46it/s]
100%|██████████| 1/1 [00:00<00:00,  5.45it/s]

  0%|          | 0/1 [00:00<?, ?it/s]
100%|██████████| 1/1 [00:00<00:00,  5.33it/s]
100%|██████████| 1/1 [00:00<00:00,  5.33it/s]

  0%|          | 0/1 [00:00<?, ?it/s]
100%|██████████| 1/1 [00:00<00:00,  5.03it/s]
100%|██████████| 1/1 [00:00<00:00,  5.03it/s]

  0%|          | 0/1 [00:00<?, ?it/s]
100%|██████████| 1/1 [00:00<00:00,  5.08it/s]
100%|██████████| 1/1 [00:00<00:00,  5.08it/s]

  0%|          | 0/1 [00:00<?, ?it/s]
100%|██████████| 1/1 [00:00<00:00,  5.25it/s]
100%|██████████| 1/1 [00:00<00:00,  5.24it/s]

  0%|          | 0/1 [00:00<?, ?it/s]
100%|██████████| 1/1 [00:00<00:00,  5.33it/s]
100%|██████████| 1/1 [00:00<00:00,  5.33it/s]

  0%|          | 0/1 [00:00<?, ?it/s]
100%|██████████| 1/1 [00:00<00:00,  4.17it/s]
100%|██████████| 1/1 [00:00<00:00,  4.16it/s]

  0%|          | 0/1 [00:00<?, ?it/s]
100%|██████████| 1/1 [00:00<00:00,  4.35it/s]
100%|██████████| 1/1 [00:00<00:00,  4.34it/s]

  0%|          | 0/1 [00:00<?, ?it/s]
100%|██████████| 1/1 [00:00<00:00,  4.20it/s]
100%|██████████| 1/1 [00:00<00:00,  4.19it/s]

  0%|          | 0/1 [00:00<?, ?it/s]
100%|██████████| 1/1 [00:00<00:00,  5.06it/s]
100%|██████████| 1/1 [00:00<00:00,  5.05it/s]

  0%|          | 0/1 [00:00<?, ?it/s]
100%|██████████| 1/1 [00:00<00:00,  5.10it/s]
100%|██████████| 1/1 [00:00<00:00,  5.10it/s]

  0%|          | 0/1 [00:00<?, ?it/s]
100%|██████████| 1/1 [00:00<00:00,  5.10it/s]
100%|██████████| 1/1 [00:00<00:00,  5.09it/s]

  0%|          | 0/1 [00:00<?, ?it/s]
100%|██████████| 1/1 [00:00<00:00,  5.06it/s]
100%|██████████| 1/1 [00:00<00:00,  5.05it/s]

  0%|          | 0/1 [00:00<?, ?it/s]
100%|██████████| 1/1 [00:00<00:00,  5.12it/s]
100%|██████████| 1/1 [00:00<00:00,  5.11it/s]

  0%|          | 0/1 [00:00<?, ?it/s]
100%|██████████| 1/1 [00:00<00:00,  5.08it/s]
100%|██████████| 1/1 [00:00<00:00,  5.07it/s]

  0%|          | 0/1 [00:00<?, ?it/s]
100%|██████████| 1/1 [00:00<00:00,  4.99it/s]
100%|██████████| 1/1 [00:00<00:00,  4.98it/s]

  0%|          | 0/1 [00:00<?, ?it/s]
100%|██████████| 1/1 [00:00<00:00,  4.84it/s]
100%|██████████| 1/1 [00:00<00:00,  4.84it/s]

  0%|          | 0/1 [00:00<?, ?it/s]
100%|██████████| 1/1 [00:00<00:00,  4.26it/s]
100%|██████████| 1/1 [00:00<00:00,  4.26it/s]

  0%|          | 0/1 [00:00<?, ?it/s]
100%|██████████| 1/1 [00:00<00:00,  4.26it/s]
100%|██████████| 1/1 [00:00<00:00,  4.26it/s]

  0%|          | 0/1 [00:00<?, ?it/s]
100%|██████████| 1/1 [00:00<00:00,  4.82it/s]
100%|██████████| 1/1 [00:00<00:00,  4.82it/s]

  0%|          | 0/1 [00:00<?, ?it/s]
100%|██████████| 1/1 [00:00<00:00,  4.81it/s]
100%|██████████| 1/1 [00:00<00:00,  4.80it/s]

  0%|          | 0/1 [00:00<?, ?it/s]
100%|██████████| 1/1 [00:00<00:00,  4.53it/s]
100%|██████████| 1/1 [00:00<00:00,  4.52it/s]

  0%|          | 0/1 [00:00<?, ?it/s]
100%|██████████| 1/1 [00:00<00:00,  4.19it/s]
100%|██████████| 1/1 [00:00<00:00,  4.18it/s]

  0%|          | 0/1 [00:00<?, ?it/s]
100%|██████████| 1/1 [00:00<00:00,  4.17it/s]
100%|██████████| 1/1 [00:00<00:00,  4.16it/s]

  0%|          | 0/1 [00:00<?, ?it/s]
100%|██████████| 1/1 [00:00<00:00,  3.76it/s]
100%|██████████| 1/1 [00:00<00:00,  3.75it/s]

  0%|          | 0/1 [00:00<?, ?it/s]
100%|██████████| 1/1 [00:00<00:00,  3.19it/s]
100%|██████████| 1/1 [00:00<00:00,  3.19it/s]

  0%|          | 0/1 [00:00<?, ?it/s]
100%|██████████| 1/1 [00:00<00:00,  2.85it/s]
100%|██████████| 1/1 [00:00<00:00,  2.85it/s]

  0%|          | 0/1 [00:00<?, ?it/s]
100%|██████████| 1/1 [00:00<00:00,  1.74it/s]
100%|██████████| 1/1 [00:00<00:00,  1.73it/s]

  0%|          | 0/1 [00:00<?, ?it/s]
100%|██████████| 1/1 [00:00<00:00,  3.91it/s]
100%|██████████| 1/1 [00:00<00:00,  3.91it/s]

  0%|          | 0/1 [00:00<?, ?it/s]
100%|██████████| 1/1 [00:00<00:00,  3.63it/s]
100%|██████████| 1/1 [00:00<00:00,  3.63it/s]

  0%|          | 0/1 [00:00<?, ?it/s]
100%|██████████| 1/1 [00:00<00:00,  1.53it/s]
100%|██████████| 1/1 [00:00<00:00,  1.53it/s]

  0%|          | 0/1 [00:00<?, ?it/s]
100%|██████████| 1/1 [00:00<00:00,  4.18it/s]
100%|██████████| 1/1 [00:00<00:00,  4.18it/s]

  0%|          | 0/1 [00:00<?, ?it/s]
100%|██████████| 1/1 [00:00<00:00,  3.83it/s]
100%|██████████| 1/1 [00:00<00:00,  3.82it/s]

  0%|          | 0/1 [00:00<?, ?it/s]
100%|██████████| 1/1 [00:00<00:00,  3.78it/s]
100%|██████████| 1/1 [00:00<00:00,  3.78it/s]

  0%|          | 0/1 [00:00<?, ?it/s]
100%|██████████| 1/1 [00:00<00:00,  2.20it/s]
100%|██████████| 1/1 [00:00<00:00,  2.20it/s]

  0%|          | 0/1 [00:00<?, ?it/s]
100%|██████████| 1/1 [00:00<00:00,  2.37it/s]
100%|██████████| 1/1 [00:00<00:00,  2.37it/s]

  0%|          | 0/1 [00:00<?, ?it/s]
100%|██████████| 1/1 [00:00<00:00,  3.86it/s]
100%|██████████| 1/1 [00:00<00:00,  3.86it/s]

  0%|          | 0/1 [00:00<?, ?it/s]
100%|██████████| 1/1 [00:00<00:00,  3.85it/s]
100%|██████████| 1/1 [00:00<00:00,  3.84it/s]

  0%|          | 0/1 [00:00<?, ?it/s]
100%|██████████| 1/1 [00:00<00:00,  4.42it/s]
100%|██████████| 1/1 [00:00<00:00,  4.41it/s]

  0%|          | 0/1 [00:00<?, ?it/s]
100%|██████████| 1/1 [00:00<00:00,  3.89it/s]
100%|██████████| 1/1 [00:00<00:00,  3.89it/s]

  0%|          | 0/1 [00:00<?, ?it/s]
100%|██████████| 1/1 [00:00<00:00,  2.09it/s]
100%|██████████| 1/1 [00:00<00:00,  2.09it/s]

  0%|          | 0/1 [00:00<?, ?it/s]
100%|██████████| 1/1 [00:00<00:00,  3.92it/s]
100%|██████████| 1/1 [00:00<00:00,  3.92it/s]

  0%|          | 0/1 [00:00<?, ?it/s]
100%|██████████| 1/1 [00:00<00:00,  4.01it/s]
100%|██████████| 1/1 [00:00<00:00,  4.00it/s]

  0%|          | 0/1 [00:00<?, ?it/s]
100%|██████████| 1/1 [00:00<00:00,  3.96it/s]
100%|██████████| 1/1 [00:00<00:00,  3.96it/s]

  0%|          | 0/1 [00:00<?, ?it/s]
100%|██████████| 1/1 [00:00<00:00,  3.93it/s]
100%|██████████| 1/1 [00:00<00:00,  3.93it/s]

  0%|          | 0/1 [00:00<?, ?it/s]
100%|██████████| 1/1 [00:00<00:00,  3.07it/s]
100%|██████████| 1/1 [00:00<00:00,  3.07it/s]

  0%|          | 0/1 [00:00<?, ?it/s]
100%|██████████| 1/1 [00:00<00:00,  1.42it/s]
100%|██████████| 1/1 [00:00<00:00,  1.42it/s]

  0%|          | 0/1 [00:00<?, ?it/s]
100%|██████████| 1/1 [00:00<00:00,  3.80it/s]
100%|██████████| 1/1 [00:00<00:00,  3.80it/s]

  0%|          | 0/1 [00:00<?, ?it/s]
100%|██████████| 1/1 [00:00<00:00,  3.98it/s]
100%|██████████| 1/1 [00:00<00:00,  3.98it/s]

  0%|          | 0/1 [00:00<?, ?it/s]
100%|██████████| 1/1 [00:00<00:00,  4.21it/s]
100%|██████████| 1/1 [00:00<00:00,  4.20it/s]

  0%|          | 0/1 [00:00<?, ?it/s]
100%|██████████| 1/1 [00:00<00:00,  3.78it/s]
100%|██████████| 1/1 [00:00<00:00,  3.78it/s]

  0%|          | 0/1 [00:00<?, ?it/s]
100%|██████████| 1/1 [00:00<00:00,  3.70it/s]
100%|██████████| 1/1 [00:00<00:00,  3.70it/s]

  0%|          | 0/1 [00:00<?, ?it/s]
100%|██████████| 1/1 [00:00<00:00,  3.96it/s]
100%|██████████| 1/1 [00:00<00:00,  3.95it/s]

  0%|          | 0/1 [00:00<?, ?it/s]
100%|██████████| 1/1 [00:00<00:00,  4.08it/s]
100%|██████████| 1/1 [00:00<00:00,  4.07it/s]

  0%|          | 0/1 [00:00<?, ?it/s]
100%|██████████| 1/1 [00:00<00:00,  3.90it/s]
100%|██████████| 1/1 [00:00<00:00,  3.89it/s]

  0%|          | 0/1 [00:00<?, ?it/s]
100%|██████████| 1/1 [00:00<00:00,  4.13it/s]
100%|██████████| 1/1 [00:00<00:00,  4.13it/s]

  0%|          | 0/1 [00:00<?, ?it/s]
100%|██████████| 1/1 [00:00<00:00,  4.58it/s]
100%|██████████| 1/1 [00:00<00:00,  4.57it/s]

  0%|          | 0/1 [00:00<?, ?it/s]
100%|██████████| 1/1 [00:00<00:00,  4.85it/s]
100%|██████████| 1/1 [00:00<00:00,  4.84it/s]

  0%|          | 0/1 [00:00<?, ?it/s]
100%|██████████| 1/1 [00:00<00:00,  5.27it/s]
100%|██████████| 1/1 [00:00<00:00,  5.26it/s]

  0%|          | 0/1 [00:00<?, ?it/s]
100%|██████████| 1/1 [00:00<00:00,  5.09it/s]
100%|██████████| 1/1 [00:00<00:00,  5.09it/s]

  0%|          | 0/1 [00:00<?, ?it/s]
100%|██████████| 1/1 [00:00<00:00,  4.23it/s]
100%|██████████| 1/1 [00:00<00:00,  4.23it/s]

  0%|          | 0/1 [00:00<?, ?it/s]
100%|██████████| 1/1 [00:00<00:00,  4.30it/s]
100%|██████████| 1/1 [00:00<00:00,  4.29it/s]

  0%|          | 0/1 [00:00<?, ?it/s]
100%|██████████| 1/1 [00:00<00:00,  4.42it/s]
100%|██████████| 1/1 [00:00<00:00,  4.41it/s]

  0%|          | 0/1 [00:00<?, ?it/s]
100%|██████████| 1/1 [00:00<00:00,  4.47it/s]
100%|██████████| 1/1 [00:00<00:00,  4.46it/s]

  0%|          | 0/1 [00:00<?, ?it/s]
100%|██████████| 1/1 [00:00<00:00,  4.80it/s]
100%|██████████| 1/1 [00:00<00:00,  4.79it/s]

  0%|          | 0/1 [00:00<?, ?it/s]
100%|██████████| 1/1 [00:00<00:00,  4.86it/s]
100%|██████████| 1/1 [00:00<00:00,  4.85it/s]

  0%|          | 0/1 [00:00<?, ?it/s]
100%|██████████| 1/1 [00:00<00:00,  4.84it/s]
100%|██████████| 1/1 [00:00<00:00,  4.84it/s]

  0%|          | 0/1 [00:00<?, ?it/s]
100%|██████████| 1/1 [00:00<00:00,  4.77it/s]
100%|██████████| 1/1 [00:00<00:00,  4.76it/s]

  0%|          | 0/1 [00:00<?, ?it/s]
100%|██████████| 1/1 [00:00<00:00,  4.82it/s]
100%|██████████| 1/1 [00:00<00:00,  4.82it/s]

  0%|          | 0/1 [00:00<?, ?it/s]
100%|██████████| 1/1 [00:00<00:00,  5.01it/s]
100%|██████████| 1/1 [00:00<00:00,  5.01it/s]

  0%|          | 0/1 [00:00<?, ?it/s]
100%|██████████| 1/1 [00:00<00:00,  5.31it/s]
100%|██████████| 1/1 [00:00<00:00,  5.30it/s]

  0%|          | 0/1 [00:00<?, ?it/s]
100%|██████████| 1/1 [00:00<00:00,  4.26it/s]
100%|██████████| 1/1 [00:00<00:00,  4.26it/s]

  0%|          | 0/1 [00:00<?, ?it/s]
100%|██████████| 1/1 [00:00<00:00,  4.31it/s]
100%|██████████| 1/1 [00:00<00:00,  4.30it/s]

  0%|          | 0/1 [00:00<?, ?it/s]
100%|██████████| 1/1 [00:00<00:00,  2.25it/s]
100%|██████████| 1/1 [00:00<00:00,  2.25it/s]

  0%|          | 0/1 [00:00<?, ?it/s]
100%|██████████| 1/1 [00:00<00:00,  4.75it/s]
100%|██████████| 1/1 [00:00<00:00,  4.75it/s]

  0%|          | 0/1 [00:00<?, ?it/s]
100%|██████████| 1/1 [00:00<00:00,  3.07it/s]
100%|██████████| 1/1 [00:00<00:00,  3.07it/s]

  0%|          | 0/1 [00:00<?, ?it/s]
100%|██████████| 1/1 [00:00<00:00,  4.18it/s]
100%|██████████| 1/1 [00:00<00:00,  4.17it/s]

  0%|          | 0/1 [00:00<?, ?it/s]
100%|██████████| 1/1 [00:00<00:00,  1.90it/s]
100%|██████████| 1/1 [00:00<00:00,  1.90it/s]

  0%|          | 0/1 [00:00<?, ?it/s]
100%|██████████| 1/1 [00:00<00:00,  4.54it/s]
100%|██████████| 1/1 [00:00<00:00,  4.54it/s]

  0%|          | 0/1 [00:00<?, ?it/s]
100%|██████████| 1/1 [00:00<00:00,  4.16it/s]
100%|██████████| 1/1 [00:00<00:00,  4.16it/s]

  0%|          | 0/1 [00:00<?, ?it/s]
100%|██████████| 1/1 [00:00<00:00,  3.03it/s]
100%|██████████| 1/1 [00:00<00:00,  3.03it/s]

  0%|          | 0/1 [00:00<?, ?it/s]
100%|██████████| 1/1 [00:00<00:00,  2.41it/s]
100%|██████████| 1/1 [00:00<00:00,  2.41it/s]

  0%|          | 0/1 [00:00<?, ?it/s]
100%|██████████| 1/1 [00:00<00:00,  3.83it/s]
100%|██████████| 1/1 [00:00<00:00,  3.82it/s]

  0%|          | 0/1 [00:00<?, ?it/s]
100%|██████████| 1/1 [00:00<00:00,  3.93it/s]
100%|██████████| 1/1 [00:00<00:00,  3.93it/s]

  0%|          | 0/1 [00:00<?, ?it/s]
100%|██████████| 1/1 [00:00<00:00,  2.73it/s]
100%|██████████| 1/1 [00:00<00:00,  2.73it/s]

  0%|          | 0/1 [00:00<?, ?it/s]
100%|██████████| 1/1 [00:00<00:00,  2.67it/s]
100%|██████████| 1/1 [00:00<00:00,  2.67it/s]

  0%|          | 0/1 [00:00<?, ?it/s]
100%|██████████| 1/1 [00:00<00:00,  3.67it/s]
100%|██████████| 1/1 [00:00<00:00,  3.67it/s]

  0%|          | 0/1 [00:00<?, ?it/s]
100%|██████████| 1/1 [00:00<00:00,  3.88it/s]
100%|██████████| 1/1 [00:00<00:00,  3.88it/s]

  0%|          | 0/1 [00:00<?, ?it/s]
100%|██████████| 1/1 [00:00<00:00,  2.51it/s]
100%|██████████| 1/1 [00:00<00:00,  2.51it/s]

  0%|          | 0/1 [00:00<?, ?it/s]
100%|██████████| 1/1 [00:00<00:00,  3.39it/s]
100%|██████████| 1/1 [00:00<00:00,  3.39it/s]

  0%|          | 0/1 [00:00<?, ?it/s]
100%|██████████| 1/1 [00:00<00:00,  3.84it/s]
100%|██████████| 1/1 [00:00<00:00,  3.83it/s]

  0%|          | 0/1 [00:00<?, ?it/s]
100%|██████████| 1/1 [00:00<00:00,  4.12it/s]
100%|██████████| 1/1 [00:00<00:00,  4.12it/s]

  0%|          | 0/1 [00:00<?, ?it/s]
100%|██████████| 1/1 [00:00<00:00,  4.10it/s]
100%|██████████| 1/1 [00:00<00:00,  4.10it/s]

  0%|          | 0/1 [00:00<?, ?it/s]
100%|██████████| 1/1 [00:00<00:00,  5.03it/s]
100%|██████████| 1/1 [00:00<00:00,  5.02it/s]

  0%|          | 0/1 [00:00<?, ?it/s]
100%|██████████| 1/1 [00:00<00:00,  5.08it/s]
100%|██████████| 1/1 [00:00<00:00,  5.07it/s]

  0%|          | 0/1 [00:00<?, ?it/s]
100%|██████████| 1/1 [00:00<00:00,  4.60it/s]
100%|██████████| 1/1 [00:00<00:00,  4.59it/s]

  0%|          | 0/1 [00:00<?, ?it/s]
100%|██████████| 1/1 [00:00<00:00,  4.29it/s]
100%|██████████| 1/1 [00:00<00:00,  4.28it/s]

  0%|          | 0/1 [00:00<?, ?it/s]
100%|██████████| 1/1 [00:00<00:00,  4.41it/s]
100%|██████████| 1/1 [00:00<00:00,  4.41it/s]

  0%|          | 0/1 [00:00<?, ?it/s]
100%|██████████| 1/1 [00:00<00:00,  4.47it/s]
100%|██████████| 1/1 [00:00<00:00,  4.47it/s]

  0%|          | 0/1 [00:00<?, ?it/s]
100%|██████████| 1/1 [00:00<00:00,  4.35it/s]
100%|██████████| 1/1 [00:00<00:00,  4.34it/s]

  0%|          | 0/1 [00:00<?, ?it/s]
100%|██████████| 1/1 [00:00<00:00,  4.46it/s]
100%|██████████| 1/1 [00:00<00:00,  4.46it/s]

  0%|          | 0/1 [00:00<?, ?it/s]
100%|██████████| 1/1 [00:00<00:00,  4.99it/s]
100%|██████████| 1/1 [00:00<00:00,  4.98it/s]

  0%|          | 0/1 [00:00<?, ?it/s]
100%|██████████| 1/1 [00:00<00:00,  4.88it/s]
100%|██████████| 1/1 [00:00<00:00,  4.87it/s]

  0%|          | 0/1 [00:00<?, ?it/s]
100%|██████████| 1/1 [00:00<00:00,  5.12it/s]
100%|██████████| 1/1 [00:00<00:00,  5.12it/s]

  0%|          | 0/1 [00:00<?, ?it/s]
100%|██████████| 1/1 [00:00<00:00,  4.81it/s]
100%|██████████| 1/1 [00:00<00:00,  4.81it/s]

  0%|          | 0/1 [00:00<?, ?it/s]
100%|██████████| 1/1 [00:00<00:00,  5.03it/s]
100%|██████████| 1/1 [00:00<00:00,  5.02it/s]

  0%|          | 0/1 [00:00<?, ?it/s]
100%|██████████| 1/1 [00:00<00:00,  5.06it/s]
100%|██████████| 1/1 [00:00<00:00,  5.06it/s]

  0%|          | 0/1 [00:00<?, ?it/s]
100%|██████████| 1/1 [00:00<00:00,  5.09it/s]
100%|██████████| 1/1 [00:00<00:00,  5.09it/s]

  0%|          | 0/1 [00:00<?, ?it/s]
100%|██████████| 1/1 [00:00<00:00,  5.08it/s]
100%|██████████| 1/1 [00:00<00:00,  5.07it/s]

  0%|          | 0/1 [00:00<?, ?it/s]
100%|██████████| 1/1 [00:00<00:00,  5.09it/s]
100%|██████████| 1/1 [00:00<00:00,  5.08it/s]

  0%|          | 0/1 [00:00<?, ?it/s]
100%|██████████| 1/1 [00:00<00:00,  5.13it/s]
100%|██████████| 1/1 [00:00<00:00,  5.13it/s]

  0%|          | 0/1 [00:00<?, ?it/s]
100%|██████████| 1/1 [00:00<00:00,  4.23it/s]
100%|██████████| 1/1 [00:00<00:00,  4.22it/s]

  0%|          | 0/1 [00:00<?, ?it/s]
100%|██████████| 1/1 [00:00<00:00,  3.85it/s]
100%|██████████| 1/1 [00:00<00:00,  3.85it/s]

  0%|          | 0/1 [00:00<?, ?it/s]
100%|██████████| 1/1 [00:00<00:00,  3.75it/s]
100%|██████████| 1/1 [00:00<00:00,  3.75it/s]

  0%|          | 0/1 [00:00<?, ?it/s]
100%|██████████| 1/1 [00:00<00:00,  4.19it/s]
100%|██████████| 1/1 [00:00<00:00,  4.19it/s]

  0%|          | 0/1 [00:00<?, ?it/s]
100%|██████████| 1/1 [00:00<00:00,  4.59it/s]
100%|██████████| 1/1 [00:00<00:00,  4.58it/s]

  0%|          | 0/1 [00:00<?, ?it/s]
100%|██████████| 1/1 [00:00<00:00,  4.49it/s]
100%|██████████| 1/1 [00:00<00:00,  4.48it/s]

  0%|          | 0/1 [00:00<?, ?it/s]
100%|██████████| 1/1 [00:00<00:00,  3.69it/s]
100%|██████████| 1/1 [00:00<00:00,  3.68it/s]

  0%|          | 0/1 [00:00<?, ?it/s]
100%|██████████| 1/1 [00:00<00:00,  4.28it/s]
100%|██████████| 1/1 [00:00<00:00,  4.28it/s]

  0%|          | 0/1 [00:00<?, ?it/s]
100%|██████████| 1/1 [00:00<00:00,  4.54it/s]
100%|██████████| 1/1 [00:00<00:00,  4.53it/s]

  0%|          | 0/1 [00:00<?, ?it/s]
100%|██████████| 1/1 [00:00<00:00,  4.81it/s]
100%|██████████| 1/1 [00:00<00:00,  4.80it/s]

  0%|          | 0/1 [00:00<?, ?it/s]
100%|██████████| 1/1 [00:00<00:00,  5.08it/s]
100%|██████████| 1/1 [00:00<00:00,  5.07it/s]

  0%|          | 0/1 [00:00<?, ?it/s]
100%|██████████| 1/1 [00:00<00:00,  4.55it/s]
100%|██████████| 1/1 [00:00<00:00,  4.55it/s]

  0%|          | 0/1 [00:00<?, ?it/s]
100%|██████████| 1/1 [00:00<00:00,  5.02it/s]
100%|██████████| 1/1 [00:00<00:00,  5.02it/s]

  0%|          | 0/1 [00:00<?, ?it/s]
100%|██████████| 1/1 [00:00<00:00,  4.87it/s]
100%|██████████| 1/1 [00:00<00:00,  4.86it/s]

  0%|          | 0/1 [00:00<?, ?it/s]
100%|██████████| 1/1 [00:00<00:00,  4.96it/s]
100%|██████████| 1/1 [00:00<00:00,  4.95it/s]

  0%|          | 0/1 [00:00<?, ?it/s]
100%|██████████| 1/1 [00:00<00:00,  5.16it/s]
100%|██████████| 1/1 [00:00<00:00,  5.16it/s]

  0%|          | 0/1 [00:00<?, ?it/s]
100%|██████████| 1/1 [00:00<00:00,  4.90it/s]
100%|██████████| 1/1 [00:00<00:00,  4.89it/s]

  0%|          | 0/1 [00:00<?, ?it/s]
100%|██████████| 1/1 [00:00<00:00,  5.12it/s]
100%|██████████| 1/1 [00:00<00:00,  5.12it/s]

  0%|          | 0/1 [00:00<?, ?it/s]
100%|██████████| 1/1 [00:00<00:00,  4.91it/s]
100%|██████████| 1/1 [00:00<00:00,  4.90it/s]

  0%|          | 0/1 [00:00<?, ?it/s]
100%|██████████| 1/1 [00:00<00:00,  5.10it/s]
100%|██████████| 1/1 [00:00<00:00,  5.09it/s]

  0%|          | 0/1 [00:00<?, ?it/s]
100%|██████████| 1/1 [00:00<00:00,  5.10it/s]
100%|██████████| 1/1 [00:00<00:00,  5.09it/s]

  0%|          | 0/1 [00:00<?, ?it/s]
100%|██████████| 1/1 [00:00<00:00,  4.88it/s]
100%|██████████| 1/1 [00:00<00:00,  4.87it/s]

  0%|          | 0/1 [00:00<?, ?it/s]
100%|██████████| 1/1 [00:00<00:00,  4.83it/s]
100%|██████████| 1/1 [00:00<00:00,  4.82it/s]

  0%|          | 0/1 [00:00<?, ?it/s]
100%|██████████| 1/1 [00:00<00:00,  5.03it/s]
100%|██████████| 1/1 [00:00<00:00,  5.02it/s]

  0%|          | 0/1 [00:00<?, ?it/s]
100%|██████████| 1/1 [00:00<00:00,  5.14it/s]
100%|██████████| 1/1 [00:00<00:00,  5.13it/s]

  0%|          | 0/1 [00:00<?, ?it/s]
100%|██████████| 1/1 [00:00<00:00,  5.21it/s]
100%|██████████| 1/1 [00:00<00:00,  5.20it/s]

  0%|          | 0/1 [00:00<?, ?it/s]
100%|██████████| 1/1 [00:00<00:00,  5.11it/s]
100%|██████████| 1/1 [00:00<00:00,  5.11it/s]

  0%|          | 0/1 [00:00<?, ?it/s]
100%|██████████| 1/1 [00:00<00:00,  5.12it/s]
100%|██████████| 1/1 [00:00<00:00,  5.11it/s]

  0%|          | 0/1 [00:00<?, ?it/s]
100%|██████████| 1/1 [00:00<00:00,  5.11it/s]
100%|██████████| 1/1 [00:00<00:00,  5.11it/s]

  0%|          | 0/1 [00:00<?, ?it/s]
100%|██████████| 1/1 [00:00<00:00,  4.97it/s]
100%|██████████| 1/1 [00:00<00:00,  4.97it/s]

  0%|          | 0/1 [00:00<?, ?it/s]
100%|██████████| 1/1 [00:00<00:00,  4.82it/s]
100%|██████████| 1/1 [00:00<00:00,  4.81it/s]

  0%|          | 0/1 [00:00<?, ?it/s]
100%|██████████| 1/1 [00:00<00:00,  5.00it/s]
100%|██████████| 1/1 [00:00<00:00,  4.99it/s]

  0%|          | 0/1 [00:00<?, ?it/s]
100%|██████████| 1/1 [00:00<00:00,  3.36it/s]
100%|██████████| 1/1 [00:00<00:00,  3.36it/s]

  0%|          | 0/1 [00:00<?, ?it/s]
100%|██████████| 1/1 [00:00<00:00,  3.77it/s]
100%|██████████| 1/1 [00:00<00:00,  3.77it/s]

  0%|          | 0/1 [00:00<?, ?it/s]
100%|██████████| 1/1 [00:00<00:00,  4.12it/s]
100%|██████████| 1/1 [00:00<00:00,  4.12it/s]

  0%|          | 0/1 [00:00<?, ?it/s]
100%|██████████| 1/1 [00:00<00:00,  4.08it/s]
100%|██████████| 1/1 [00:00<00:00,  4.07it/s]

  0%|          | 0/1 [00:00<?, ?it/s]
100%|██████████| 1/1 [00:00<00:00,  4.04it/s]
100%|██████████| 1/1 [00:00<00:00,  4.04it/s]

  0%|          | 0/1 [00:00<?, ?it/s]
100%|██████████| 1/1 [00:00<00:00,  3.92it/s]
100%|██████████| 1/1 [00:00<00:00,  3.92it/s]

  0%|          | 0/1 [00:00<?, ?it/s]
100%|██████████| 1/1 [00:00<00:00,  4.13it/s]
100%|██████████| 1/1 [00:00<00:00,  4.13it/s]

  0%|          | 0/1 [00:00<?, ?it/s]
100%|██████████| 1/1 [00:00<00:00,  4.12it/s]
100%|██████████| 1/1 [00:00<00:00,  4.12it/s]

  0%|          | 0/1 [00:00<?, ?it/s]
100%|██████████| 1/1 [00:00<00:00,  4.05it/s]
100%|██████████| 1/1 [00:00<00:00,  4.04it/s]

  0%|          | 0/1 [00:00<?, ?it/s]
100%|██████████| 1/1 [00:00<00:00,  3.94it/s]
100%|██████████| 1/1 [00:00<00:00,  3.94it/s]

  0%|          | 0/1 [00:00<?, ?it/s]
100%|██████████| 1/1 [00:00<00:00,  4.07it/s]
100%|██████████| 1/1 [00:00<00:00,  4.06it/s]

  0%|          | 0/1 [00:00<?, ?it/s]
100%|██████████| 1/1 [00:00<00:00,  4.68it/s]
100%|██████████| 1/1 [00:00<00:00,  4.68it/s]

  0%|          | 0/1 [00:00<?, ?it/s]
100%|██████████| 1/1 [00:00<00:00,  4.68it/s]
100%|██████████| 1/1 [00:00<00:00,  4.67it/s]

  0%|          | 0/1 [00:00<?, ?it/s]
100%|██████████| 1/1 [00:00<00:00,  5.22it/s]
100%|██████████| 1/1 [00:00<00:00,  5.21it/s]

  0%|          | 0/1 [00:00<?, ?it/s]
100%|██████████| 1/1 [00:00<00:00,  5.43it/s]
100%|██████████| 1/1 [00:00<00:00,  5.43it/s]

  0%|          | 0/1 [00:00<?, ?it/s]
100%|██████████| 1/1 [00:00<00:00,  5.40it/s]
100%|██████████| 1/1 [00:00<00:00,  5.39it/s]

  0%|          | 0/1 [00:00<?, ?it/s]
100%|██████████| 1/1 [00:00<00:00,  5.12it/s]
100%|██████████| 1/1 [00:00<00:00,  5.12it/s]

  0%|          | 0/1 [00:00<?, ?it/s]
100%|██████████| 1/1 [00:00<00:00,  4.52it/s]
100%|██████████| 1/1 [00:00<00:00,  4.51it/s]

  0%|          | 0/1 [00:00<?, ?it/s]
100%|██████████| 1/1 [00:00<00:00,  4.61it/s]
100%|██████████| 1/1 [00:00<00:00,  4.61it/s]

  0%|          | 0/1 [00:00<?, ?it/s]
100%|██████████| 1/1 [00:00<00:00,  4.60it/s]
100%|██████████| 1/1 [00:00<00:00,  4.60it/s]

  0%|          | 0/1 [00:00<?, ?it/s]
100%|██████████| 1/1 [00:00<00:00,  4.62it/s]
100%|██████████| 1/1 [00:00<00:00,  4.62it/s]

  0%|          | 0/1 [00:00<?, ?it/s]
100%|██████████| 1/1 [00:00<00:00,  4.60it/s]
100%|██████████| 1/1 [00:00<00:00,  4.60it/s]

  0%|          | 0/1 [00:00<?, ?it/s]
100%|██████████| 1/1 [00:00<00:00,  4.57it/s]
100%|██████████| 1/1 [00:00<00:00,  4.57it/s]

  0%|          | 0/1 [00:00<?, ?it/s]
100%|██████████| 1/1 [00:00<00:00,  5.09it/s]
100%|██████████| 1/1 [00:00<00:00,  5.09it/s]

  0%|          | 0/1 [00:00<?, ?it/s]
100%|██████████| 1/1 [00:00<00:00,  5.10it/s]
100%|██████████| 1/1 [00:00<00:00,  5.10it/s]

  0%|          | 0/1 [00:00<?, ?it/s]
100%|██████████| 1/1 [00:00<00:00,  4.81it/s]
100%|██████████| 1/1 [00:00<00:00,  4.80it/s]

  0%|          | 0/1 [00:00<?, ?it/s]
100%|██████████| 1/1 [00:00<00:00,  4.65it/s]
100%|██████████| 1/1 [00:00<00:00,  4.64it/s]

  0%|          | 0/1 [00:00<?, ?it/s]
100%|██████████| 1/1 [00:00<00:00,  5.12it/s]
100%|██████████| 1/1 [00:00<00:00,  5.11it/s]

  0%|          | 0/1 [00:00<?, ?it/s]
100%|██████████| 1/1 [00:00<00:00,  4.98it/s]
100%|██████████| 1/1 [00:00<00:00,  4.98it/s]

  0%|          | 0/1 [00:00<?, ?it/s]
100%|██████████| 1/1 [00:00<00:00,  4.28it/s]
100%|██████████| 1/1 [00:00<00:00,  4.28it/s]

  0%|          | 0/1 [00:00<?, ?it/s]
100%|██████████| 1/1 [00:00<00:00,  4.17it/s]
100%|██████████| 1/1 [00:00<00:00,  4.17it/s]

  0%|          | 0/1 [00:00<?, ?it/s]
100%|██████████| 1/1 [00:00<00:00,  4.14it/s]
100%|██████████| 1/1 [00:00<00:00,  4.13it/s]

  0%|          | 0/1 [00:00<?, ?it/s]
100%|██████████| 1/1 [00:00<00:00,  4.36it/s]
100%|██████████| 1/1 [00:00<00:00,  4.36it/s]

  0%|          | 0/1 [00:00<?, ?it/s]
100%|██████████| 1/1 [00:00<00:00,  4.29it/s]
100%|██████████| 1/1 [00:00<00:00,  4.29it/s]

  0%|          | 0/1 [00:00<?, ?it/s]
100%|██████████| 1/1 [00:00<00:00,  4.37it/s]
100%|██████████| 1/1 [00:00<00:00,  4.37it/s]

  0%|          | 0/1 [00:00<?, ?it/s]
100%|██████████| 1/1 [00:00<00:00,  4.37it/s]
100%|██████████| 1/1 [00:00<00:00,  4.36it/s]

  0%|          | 0/1 [00:00<?, ?it/s]
100%|██████████| 1/1 [00:00<00:00,  4.42it/s]
100%|██████████| 1/1 [00:00<00:00,  4.42it/s]

  0%|          | 0/1 [00:00<?, ?it/s]
100%|██████████| 1/1 [00:00<00:00,  4.41it/s]
100%|██████████| 1/1 [00:00<00:00,  4.41it/s]

  0%|          | 0/1 [00:00<?, ?it/s]
100%|██████████| 1/1 [00:00<00:00,  4.28it/s]
100%|██████████| 1/1 [00:00<00:00,  4.28it/s]

  0%|          | 0/1 [00:00<?, ?it/s]
100%|██████████| 1/1 [00:00<00:00,  4.00it/s]
100%|██████████| 1/1 [00:00<00:00,  4.00it/s]

  0%|          | 0/1 [00:00<?, ?it/s]
100%|██████████| 1/1 [00:00<00:00,  4.06it/s]
100%|██████████| 1/1 [00:00<00:00,  4.06it/s]

  0%|          | 0/1 [00:00<?, ?it/s]
100%|██████████| 1/1 [00:00<00:00,  4.43it/s]
100%|██████████| 1/1 [00:00<00:00,  4.42it/s]

  0%|          | 0/1 [00:00<?, ?it/s]
100%|██████████| 1/1 [00:00<00:00,  4.72it/s]
100%|██████████| 1/1 [00:00<00:00,  4.72it/s]

  0%|          | 0/1 [00:00<?, ?it/s]
100%|██████████| 1/1 [00:00<00:00,  4.36it/s]
100%|██████████| 1/1 [00:00<00:00,  4.35it/s]

  0%|          | 0/1 [00:00<?, ?it/s]
100%|██████████| 1/1 [00:00<00:00,  4.39it/s]
100%|██████████| 1/1 [00:00<00:00,  4.39it/s]

  0%|          | 0/1 [00:00<?, ?it/s]
100%|██████████| 1/1 [00:00<00:00,  4.08it/s]
100%|██████████| 1/1 [00:00<00:00,  4.08it/s]

  0%|          | 0/1 [00:00<?, ?it/s]
100%|██████████| 1/1 [00:00<00:00,  4.66it/s]
100%|██████████| 1/1 [00:00<00:00,  4.65it/s]

  0%|          | 0/1 [00:00<?, ?it/s]
100%|██████████| 1/1 [00:00<00:00,  4.78it/s]
100%|██████████| 1/1 [00:00<00:00,  4.78it/s]

  0%|          | 0/1 [00:00<?, ?it/s]
100%|██████████| 1/1 [00:00<00:00,  4.05it/s]
100%|██████████| 1/1 [00:00<00:00,  4.04it/s]

  0%|          | 0/1 [00:00<?, ?it/s]
100%|██████████| 1/1 [00:00<00:00,  3.54it/s]
100%|██████████| 1/1 [00:00<00:00,  3.54it/s]

  0%|          | 0/1 [00:00<?, ?it/s]
100%|██████████| 1/1 [00:00<00:00,  4.07it/s]
100%|██████████| 1/1 [00:00<00:00,  4.06it/s]

  0%|          | 0/1 [00:00<?, ?it/s]
100%|██████████| 1/1 [00:00<00:00,  3.99it/s]
100%|██████████| 1/1 [00:00<00:00,  3.98it/s]

  0%|          | 0/1 [00:00<?, ?it/s]
100%|██████████| 1/1 [00:00<00:00,  4.00it/s]
100%|██████████| 1/1 [00:00<00:00,  4.00it/s]

  0%|          | 0/1 [00:00<?, ?it/s]
100%|██████████| 1/1 [00:00<00:00,  4.03it/s]
100%|██████████| 1/1 [00:00<00:00,  4.03it/s]

  0%|          | 0/1 [00:00<?, ?it/s]
100%|██████████| 1/1 [00:00<00:00,  4.52it/s]
100%|██████████| 1/1 [00:00<00:00,  4.51it/s]

  0%|          | 0/1 [00:00<?, ?it/s]
100%|██████████| 1/1 [00:00<00:00,  4.57it/s]
100%|██████████| 1/1 [00:00<00:00,  4.57it/s]

  0%|          | 0/1 [00:00<?, ?it/s]
100%|██████████| 1/1 [00:00<00:00,  4.86it/s]
100%|██████████| 1/1 [00:00<00:00,  4.85it/s]

  0%|          | 0/1 [00:00<?, ?it/s]
100%|██████████| 1/1 [00:00<00:00,  4.64it/s]
100%|██████████| 1/1 [00:00<00:00,  4.63it/s]

  0%|          | 0/1 [00:00<?, ?it/s]
100%|██████████| 1/1 [00:00<00:00,  3.89it/s]
100%|██████████| 1/1 [00:00<00:00,  3.89it/s]

  0%|          | 0/1 [00:00<?, ?it/s]
100%|██████████| 1/1 [00:00<00:00,  4.13it/s]
100%|██████████| 1/1 [00:00<00:00,  4.13it/s]

  0%|          | 0/1 [00:00<?, ?it/s]
100%|██████████| 1/1 [00:00<00:00,  4.07it/s]
100%|██████████| 1/1 [00:00<00:00,  4.07it/s]

  0%|          | 0/1 [00:00<?, ?it/s]
100%|██████████| 1/1 [00:00<00:00,  4.10it/s]
100%|██████████| 1/1 [00:00<00:00,  4.09it/s]

  0%|          | 0/1 [00:00<?, ?it/s]
100%|██████████| 1/1 [00:00<00:00,  3.97it/s]
100%|██████████| 1/1 [00:00<00:00,  3.97it/s]

  0%|          | 0/1 [00:00<?, ?it/s]
100%|██████████| 1/1 [00:00<00:00,  4.04it/s]
100%|██████████| 1/1 [00:00<00:00,  4.04it/s]

  0%|          | 0/1 [00:00<?, ?it/s]
100%|██████████| 1/1 [00:00<00:00,  4.11it/s]
100%|██████████| 1/1 [00:00<00:00,  4.10it/s]

  0%|          | 0/1 [00:00<?, ?it/s]
100%|██████████| 1/1 [00:00<00:00,  3.86it/s]
100%|██████████| 1/1 [00:00<00:00,  3.86it/s]

  0%|          | 0/1 [00:00<?, ?it/s]
100%|██████████| 1/1 [00:00<00:00,  3.93it/s]
100%|██████████| 1/1 [00:00<00:00,  3.93it/s]

  0%|          | 0/1 [00:00<?, ?it/s]
100%|██████████| 1/1 [00:00<00:00,  3.78it/s]
100%|██████████| 1/1 [00:00<00:00,  3.77it/s]

  0%|          | 0/1 [00:00<?, ?it/s]
100%|██████████| 1/1 [00:00<00:00,  4.14it/s]
100%|██████████| 1/1 [00:00<00:00,  4.13it/s]

  0%|          | 0/1 [00:00<?, ?it/s]
100%|██████████| 1/1 [00:00<00:00,  4.55it/s]
100%|██████████| 1/1 [00:00<00:00,  4.54it/s]

  0%|          | 0/1 [00:00<?, ?it/s]
100%|██████████| 1/1 [00:00<00:00,  2.10it/s]
100%|██████████| 1/1 [00:00<00:00,  2.10it/s]

  0%|          | 0/1 [00:00<?, ?it/s]
100%|██████████| 1/1 [00:00<00:00,  2.75it/s]
100%|██████████| 1/1 [00:00<00:00,  2.75it/s]

  0%|          | 0/1 [00:00<?, ?it/s]
100%|██████████| 1/1 [00:00<00:00,  3.98it/s]
100%|██████████| 1/1 [00:00<00:00,  3.97it/s]

  0%|          | 0/1 [00:00<?, ?it/s]
100%|██████████| 1/1 [00:00<00:00,  4.13it/s]
100%|██████████| 1/1 [00:00<00:00,  4.12it/s]

  0%|          | 0/1 [00:00<?, ?it/s]
100%|██████████| 1/1 [00:00<00:00,  3.98it/s]
100%|██████████| 1/1 [00:00<00:00,  3.98it/s]

  0%|          | 0/1 [00:00<?, ?it/s]
100%|██████████| 1/1 [00:00<00:00,  3.95it/s]
100%|██████████| 1/1 [00:00<00:00,  3.95it/s]

  0%|          | 0/1 [00:00<?, ?it/s]
100%|██████████| 1/1 [00:00<00:00,  4.37it/s]
100%|██████████| 1/1 [00:00<00:00,  4.36it/s]

  0%|          | 0/1 [00:00<?, ?it/s]
100%|██████████| 1/1 [00:00<00:00,  3.45it/s]
100%|██████████| 1/1 [00:00<00:00,  3.45it/s]

  0%|          | 0/1 [00:00<?, ?it/s]
100%|██████████| 1/1 [00:00<00:00,  3.81it/s]
100%|██████████| 1/1 [00:00<00:00,  3.81it/s]

  0%|          | 0/1 [00:00<?, ?it/s]
100%|██████████| 1/1 [00:00<00:00,  3.95it/s]
100%|██████████| 1/1 [00:00<00:00,  3.95it/s]

  0%|          | 0/1 [00:00<?, ?it/s]
100%|██████████| 1/1 [00:00<00:00,  3.82it/s]
100%|██████████| 1/1 [00:00<00:00,  3.82it/s]

  0%|          | 0/1 [00:00<?, ?it/s]
100%|██████████| 1/1 [00:00<00:00,  3.64it/s]
100%|██████████| 1/1 [00:00<00:00,  3.63it/s]

  0%|          | 0/1 [00:00<?, ?it/s]
100%|██████████| 1/1 [00:00<00:00,  3.93it/s]
100%|██████████| 1/1 [00:00<00:00,  3.93it/s]

  0%|          | 0/1 [00:00<?, ?it/s]
100%|██████████| 1/1 [00:00<00:00,  4.46it/s]
100%|██████████| 1/1 [00:00<00:00,  4.45it/s]

  0%|          | 0/1 [00:00<?, ?it/s]
100%|██████████| 1/1 [00:00<00:00,  5.09it/s]
100%|██████████| 1/1 [00:00<00:00,  5.08it/s]

  0%|          | 0/1 [00:00<?, ?it/s]
100%|██████████| 1/1 [00:00<00:00,  5.28it/s]
100%|██████████| 1/1 [00:00<00:00,  5.27it/s]

  0%|          | 0/1 [00:00<?, ?it/s]
100%|██████████| 1/1 [00:00<00:00,  5.08it/s]
100%|██████████| 1/1 [00:00<00:00,  5.08it/s]

  0%|          | 0/1 [00:00<?, ?it/s]
100%|██████████| 1/1 [00:00<00:00,  5.14it/s]
100%|██████████| 1/1 [00:00<00:00,  5.13it/s]

  0%|          | 0/1 [00:00<?, ?it/s]
100%|██████████| 1/1 [00:00<00:00,  5.04it/s]
100%|██████████| 1/1 [00:00<00:00,  5.04it/s]

  0%|          | 0/1 [00:00<?, ?it/s]
100%|██████████| 1/1 [00:00<00:00,  5.15it/s]
100%|██████████| 1/1 [00:00<00:00,  5.15it/s]

  0%|          | 0/1 [00:00<?, ?it/s]
100%|██████████| 1/1 [00:00<00:00,  5.02it/s]
100%|██████████| 1/1 [00:00<00:00,  5.02it/s]

  0%|          | 0/1 [00:00<?, ?it/s]
100%|██████████| 1/1 [00:00<00:00,  4.48it/s]
100%|██████████| 1/1 [00:00<00:00,  4.48it/s]

  0%|          | 0/1 [00:00<?, ?it/s]
100%|██████████| 1/1 [00:00<00:00,  4.76it/s]
100%|██████████| 1/1 [00:00<00:00,  4.75it/s]

  0%|          | 0/1 [00:00<?, ?it/s]
100%|██████████| 1/1 [00:00<00:00,  2.58it/s]
100%|██████████| 1/1 [00:00<00:00,  2.58it/s]

  0%|          | 0/1 [00:00<?, ?it/s]
100%|██████████| 1/1 [00:00<00:00,  3.93it/s]
100%|██████████| 1/1 [00:00<00:00,  3.93it/s]

  0%|          | 0/1 [00:00<?, ?it/s]
100%|██████████| 1/1 [00:00<00:00,  3.74it/s]
100%|██████████| 1/1 [00:00<00:00,  3.74it/s]

  0%|          | 0/1 [00:00<?, ?it/s]
100%|██████████| 1/1 [00:00<00:00,  2.64it/s]
100%|██████████| 1/1 [00:00<00:00,  2.64it/s]

  0%|          | 0/1 [00:00<?, ?it/s]
100%|██████████| 1/1 [00:00<00:00,  3.55it/s]
100%|██████████| 1/1 [00:00<00:00,  3.55it/s]

  0%|          | 0/1 [00:00<?, ?it/s]
100%|██████████| 1/1 [00:00<00:00,  3.70it/s]
100%|██████████| 1/1 [00:00<00:00,  3.69it/s]

  0%|          | 0/1 [00:00<?, ?it/s]
100%|██████████| 1/1 [00:00<00:00,  4.41it/s]
100%|██████████| 1/1 [00:00<00:00,  4.40it/s]

  0%|          | 0/1 [00:00<?, ?it/s]
100%|██████████| 1/1 [00:00<00:00,  2.50it/s]
100%|██████████| 1/1 [00:00<00:00,  2.50it/s]

  0%|          | 0/1 [00:00<?, ?it/s]
100%|██████████| 1/1 [00:00<00:00,  3.84it/s]
100%|██████████| 1/1 [00:00<00:00,  3.84it/s]

  0%|          | 0/1 [00:00<?, ?it/s]
100%|██████████| 1/1 [00:00<00:00,  2.72it/s]
100%|██████████| 1/1 [00:00<00:00,  2.72it/s]

  0%|          | 0/1 [00:00<?, ?it/s]
100%|██████████| 1/1 [00:00<00:00,  1.35it/s]
100%|██████████| 1/1 [00:00<00:00,  1.35it/s]

  0%|          | 0/1 [00:00<?, ?it/s]
100%|██████████| 1/1 [00:00<00:00,  2.57it/s]
100%|██████████| 1/1 [00:00<00:00,  2.57it/s]

  0%|          | 0/1 [00:00<?, ?it/s]
100%|██████████| 1/1 [00:00<00:00,  4.53it/s]
100%|██████████| 1/1 [00:00<00:00,  4.53it/s]

  0%|          | 0/1 [00:00<?, ?it/s]
100%|██████████| 1/1 [00:00<00:00,  1.61it/s]
100%|██████████| 1/1 [00:00<00:00,  1.61it/s]

  0%|          | 0/1 [00:00<?, ?it/s]
100%|██████████| 1/1 [00:00<00:00,  3.08it/s]
100%|██████████| 1/1 [00:00<00:00,  3.08it/s]

  0%|          | 0/1 [00:00<?, ?it/s]
100%|██████████| 1/1 [00:00<00:00,  4.19it/s]
100%|██████████| 1/1 [00:00<00:00,  4.18it/s]

  0%|          | 0/1 [00:00<?, ?it/s]
100%|██████████| 1/1 [00:00<00:00,  4.49it/s]
100%|██████████| 1/1 [00:00<00:00,  4.48it/s]

  0%|          | 0/1 [00:00<?, ?it/s]
100%|██████████| 1/1 [00:00<00:00,  4.76it/s]
100%|██████████| 1/1 [00:00<00:00,  4.76it/s]

  0%|          | 0/1 [00:00<?, ?it/s]
100%|██████████| 1/1 [00:00<00:00,  1.73it/s]
100%|██████████| 1/1 [00:00<00:00,  1.73it/s]

  0%|          | 0/1 [00:00<?, ?it/s]
100%|██████████| 1/1 [00:00<00:00,  3.97it/s]
100%|██████████| 1/1 [00:00<00:00,  3.97it/s]

  0%|          | 0/1 [00:00<?, ?it/s]
100%|██████████| 1/1 [00:00<00:00,  2.15it/s]
100%|██████████| 1/1 [00:00<00:00,  2.15it/s]

  0%|          | 0/1 [00:00<?, ?it/s]
100%|██████████| 1/1 [00:00<00:00,  3.72it/s]
100%|██████████| 1/1 [00:00<00:00,  3.72it/s]

  0%|          | 0/1 [00:00<?, ?it/s]
100%|██████████| 1/1 [00:00<00:00,  3.78it/s]
100%|██████████| 1/1 [00:00<00:00,  3.78it/s]

  0%|          | 0/1 [00:00<?, ?it/s]
100%|██████████| 1/1 [00:00<00:00,  3.38it/s]
100%|██████████| 1/1 [00:00<00:00,  3.38it/s]

  0%|          | 0/1 [00:00<?, ?it/s]
100%|██████████| 1/1 [00:00<00:00,  3.23it/s]
100%|██████████| 1/1 [00:00<00:00,  3.23it/s]

  0%|          | 0/1 [00:00<?, ?it/s]
100%|██████████| 1/1 [00:00<00:00,  3.17it/s]
100%|██████████| 1/1 [00:00<00:00,  3.17it/s]

  0%|          | 0/1 [00:00<?, ?it/s]
100%|██████████| 1/1 [00:00<00:00,  3.94it/s]
100%|██████████| 1/1 [00:00<00:00,  3.94it/s]

  0%|          | 0/1 [00:00<?, ?it/s]
100%|██████████| 1/1 [00:00<00:00,  3.72it/s]
100%|██████████| 1/1 [00:00<00:00,  3.72it/s]

  0%|          | 0/1 [00:00<?, ?it/s]
100%|██████████| 1/1 [00:00<00:00,  2.65it/s]
100%|██████████| 1/1 [00:00<00:00,  2.64it/s]

  0%|          | 0/1 [00:00<?, ?it/s]
100%|██████████| 1/1 [00:00<00:00,  3.76it/s]
100%|██████████| 1/1 [00:00<00:00,  3.76it/s]

  0%|          | 0/1 [00:00<?, ?it/s]
100%|██████████| 1/1 [00:00<00:00,  3.24it/s]
100%|██████████| 1/1 [00:00<00:00,  3.24it/s]

  0%|          | 0/1 [00:00<?, ?it/s]
100%|██████████| 1/1 [00:00<00:00,  2.62it/s]
100%|██████████| 1/1 [00:00<00:00,  2.61it/s]

  0%|          | 0/1 [00:00<?, ?it/s]
100%|██████████| 1/1 [00:00<00:00,  3.16it/s]
100%|██████████| 1/1 [00:00<00:00,  3.16it/s]

  0%|          | 0/1 [00:00<?, ?it/s]
100%|██████████| 1/1 [00:00<00:00,  3.59it/s]
100%|██████████| 1/1 [00:00<00:00,  3.58it/s]

  0%|          | 0/1 [00:00<?, ?it/s]
100%|██████████| 1/1 [00:00<00:00,  1.98it/s]
100%|██████████| 1/1 [00:00<00:00,  1.98it/s]

  0%|          | 0/1 [00:00<?, ?it/s]
100%|██████████| 1/1 [00:00<00:00,  4.75it/s]
100%|██████████| 1/1 [00:00<00:00,  4.74it/s]

  0%|          | 0/1 [00:00<?, ?it/s]
100%|██████████| 1/1 [00:00<00:00,  4.65it/s]
100%|██████████| 1/1 [00:00<00:00,  4.64it/s]

  0%|          | 0/1 [00:00<?, ?it/s]
100%|██████████| 1/1 [00:00<00:00,  4.24it/s]
100%|██████████| 1/1 [00:00<00:00,  4.23it/s]

  0%|          | 0/1 [00:00<?, ?it/s]
100%|██████████| 1/1 [00:00<00:00,  4.11it/s]
100%|██████████| 1/1 [00:00<00:00,  4.11it/s]

  0%|          | 0/1 [00:00<?, ?it/s]
100%|██████████| 1/1 [00:00<00:00,  4.09it/s]
100%|██████████| 1/1 [00:00<00:00,  4.09it/s]

  0%|          | 0/1 [00:00<?, ?it/s]
100%|██████████| 1/1 [00:00<00:00,  3.77it/s]
100%|██████████| 1/1 [00:00<00:00,  3.77it/s]

  0%|          | 0/1 [00:00<?, ?it/s]
100%|██████████| 1/1 [00:00<00:00,  3.87it/s]
100%|██████████| 1/1 [00:00<00:00,  3.86it/s]

  0%|          | 0/1 [00:00<?, ?it/s]
100%|██████████| 1/1 [00:00<00:00,  3.01it/s]
100%|██████████| 1/1 [00:00<00:00,  3.00it/s]

  0%|          | 0/1 [00:00<?, ?it/s]
100%|██████████| 1/1 [00:00<00:00,  4.18it/s]
100%|██████████| 1/1 [00:00<00:00,  4.17it/s]

  0%|          | 0/1 [00:00<?, ?it/s]
100%|██████████| 1/1 [00:00<00:00,  4.22it/s]
100%|██████████| 1/1 [00:00<00:00,  4.22it/s]

  0%|          | 0/1 [00:00<?, ?it/s]
100%|██████████| 1/1 [00:00<00:00,  4.70it/s]
100%|██████████| 1/1 [00:00<00:00,  4.69it/s]

  0%|          | 0/1 [00:00<?, ?it/s]
100%|██████████| 1/1 [00:00<00:00,  4.78it/s]
100%|██████████| 1/1 [00:00<00:00,  4.77it/s]

  0%|          | 0/1 [00:00<?, ?it/s]
100%|██████████| 1/1 [00:00<00:00,  4.16it/s]
100%|██████████| 1/1 [00:00<00:00,  4.16it/s]

  0%|          | 0/1 [00:00<?, ?it/s]
100%|██████████| 1/1 [00:00<00:00,  4.68it/s]
100%|██████████| 1/1 [00:00<00:00,  4.67it/s]

  0%|          | 0/1 [00:00<?, ?it/s]
100%|██████████| 1/1 [00:00<00:00,  4.86it/s]
100%|██████████| 1/1 [00:00<00:00,  4.85it/s]

  0%|          | 0/1 [00:00<?, ?it/s]
100%|██████████| 1/1 [00:00<00:00,  4.52it/s]
100%|██████████| 1/1 [00:00<00:00,  4.52it/s]

  0%|          | 0/1 [00:00<?, ?it/s]
100%|██████████| 1/1 [00:00<00:00,  4.16it/s]
100%|██████████| 1/1 [00:00<00:00,  4.16it/s]

  0%|          | 0/1 [00:00<?, ?it/s]
100%|██████████| 1/1 [00:00<00:00,  4.07it/s]
100%|██████████| 1/1 [00:00<00:00,  4.07it/s]

  0%|          | 0/1 [00:00<?, ?it/s]
100%|██████████| 1/1 [00:00<00:00,  3.97it/s]
100%|██████████| 1/1 [00:00<00:00,  3.96it/s]

  0%|          | 0/1 [00:00<?, ?it/s]
100%|██████████| 1/1 [00:00<00:00,  3.31it/s]
100%|██████████| 1/1 [00:00<00:00,  3.31it/s]

  0%|          | 0/1 [00:00<?, ?it/s]
100%|██████████| 1/1 [00:00<00:00,  2.05it/s]
100%|██████████| 1/1 [00:00<00:00,  2.05it/s]

  0%|          | 0/1 [00:00<?, ?it/s]
100%|██████████| 1/1 [00:00<00:00,  3.13it/s]
100%|██████████| 1/1 [00:00<00:00,  3.13it/s]

  0%|          | 0/1 [00:00<?, ?it/s]
100%|██████████| 1/1 [00:00<00:00,  2.27it/s]
100%|██████████| 1/1 [00:00<00:00,  2.27it/s]

  0%|          | 0/1 [00:00<?, ?it/s]
100%|██████████| 1/1 [00:00<00:00,  3.76it/s]
100%|██████████| 1/1 [00:00<00:00,  3.76it/s]

  0%|          | 0/1 [00:00<?, ?it/s]
100%|██████████| 1/1 [00:00<00:00,  2.95it/s]
100%|██████████| 1/1 [00:00<00:00,  2.95it/s]

  0%|          | 0/1 [00:00<?, ?it/s]
100%|██████████| 1/1 [00:00<00:00,  2.35it/s]
100%|██████████| 1/1 [00:00<00:00,  2.35it/s]

  0%|          | 0/1 [00:00<?, ?it/s]
100%|██████████| 1/1 [00:00<00:00,  2.29it/s]
100%|██████████| 1/1 [00:00<00:00,  2.29it/s]

  0%|          | 0/1 [00:00<?, ?it/s]
100%|██████████| 1/1 [00:00<00:00,  3.90it/s]
100%|██████████| 1/1 [00:00<00:00,  3.89it/s]

  0%|          | 0/1 [00:00<?, ?it/s]
100%|██████████| 1/1 [00:00<00:00,  4.12it/s]
100%|██████████| 1/1 [00:00<00:00,  4.12it/s]

  0%|          | 0/1 [00:00<?, ?it/s]
100%|██████████| 1/1 [00:00<00:00,  1.76it/s]
100%|██████████| 1/1 [00:00<00:00,  1.76it/s]

  0%|          | 0/1 [00:00<?, ?it/s]
100%|██████████| 1/1 [00:00<00:00,  4.00it/s]
100%|██████████| 1/1 [00:00<00:00,  3.99it/s]

  0%|          | 0/1 [00:00<?, ?it/s]
100%|██████████| 1/1 [00:00<00:00,  3.63it/s]
100%|██████████| 1/1 [00:00<00:00,  3.63it/s]

  0%|          | 0/1 [00:00<?, ?it/s]
100%|██████████| 1/1 [00:00<00:00,  4.20it/s]
100%|██████████| 1/1 [00:00<00:00,  4.19it/s]

  0%|          | 0/1 [00:00<?, ?it/s]
100%|██████████| 1/1 [00:00<00:00,  4.32it/s]
100%|██████████| 1/1 [00:00<00:00,  4.32it/s]

  0%|          | 0/1 [00:00<?, ?it/s]
100%|██████████| 1/1 [00:00<00:00,  2.21it/s]
100%|██████████| 1/1 [00:00<00:00,  2.20it/s]

  0%|          | 0/1 [00:00<?, ?it/s]
100%|██████████| 1/1 [00:00<00:00,  2.70it/s]
100%|██████████| 1/1 [00:00<00:00,  2.70it/s]

  0%|          | 0/1 [00:00<?, ?it/s]
100%|██████████| 1/1 [00:00<00:00,  2.40it/s]
100%|██████████| 1/1 [00:00<00:00,  2.40it/s]

  0%|          | 0/1 [00:00<?, ?it/s]
100%|██████████| 1/1 [00:00<00:00,  2.24it/s]
100%|██████████| 1/1 [00:00<00:00,  2.24it/s]

  0%|          | 0/1 [00:00<?, ?it/s]
100%|██████████| 1/1 [00:00<00:00,  4.15it/s]
100%|██████████| 1/1 [00:00<00:00,  4.14it/s]

  0%|          | 0/1 [00:00<?, ?it/s]
100%|██████████| 1/1 [00:00<00:00,  4.56it/s]
100%|██████████| 1/1 [00:00<00:00,  4.56it/s]

  0%|          | 0/1 [00:00<?, ?it/s]
100%|██████████| 1/1 [00:00<00:00,  3.96it/s]
100%|██████████| 1/1 [00:00<00:00,  3.96it/s]

  0%|          | 0/1 [00:00<?, ?it/s]
100%|██████████| 1/1 [00:00<00:00,  3.93it/s]
100%|██████████| 1/1 [00:00<00:00,  3.93it/s]

  0%|          | 0/1 [00:00<?, ?it/s]
100%|██████████| 1/1 [00:00<00:00,  4.13it/s]
100%|██████████| 1/1 [00:00<00:00,  4.12it/s]

  0%|          | 0/1 [00:00<?, ?it/s]
100%|██████████| 1/1 [00:00<00:00,  3.57it/s]
100%|██████████| 1/1 [00:00<00:00,  3.56it/s]

  0%|          | 0/1 [00:00<?, ?it/s]
100%|██████████| 1/1 [00:00<00:00,  2.43it/s]
100%|██████████| 1/1 [00:00<00:00,  2.42it/s]

  0%|          | 0/1 [00:00<?, ?it/s]
100%|██████████| 1/1 [00:00<00:00,  3.72it/s]
100%|██████████| 1/1 [00:00<00:00,  3.71it/s]

  0%|          | 0/1 [00:00<?, ?it/s]
100%|██████████| 1/1 [00:00<00:00,  4.09it/s]
100%|██████████| 1/1 [00:00<00:00,  4.09it/s]

  0%|          | 0/1 [00:00<?, ?it/s]
100%|██████████| 1/1 [00:00<00:00,  4.46it/s]
100%|██████████| 1/1 [00:00<00:00,  4.45it/s]

  0%|          | 0/1 [00:00<?, ?it/s]
100%|██████████| 1/1 [00:00<00:00,  3.48it/s]
100%|██████████| 1/1 [00:00<00:00,  3.47it/s]

  0%|          | 0/1 [00:00<?, ?it/s]
100%|██████████| 1/1 [00:00<00:00,  4.24it/s]
100%|██████████| 1/1 [00:00<00:00,  4.23it/s]

  0%|          | 0/1 [00:00<?, ?it/s]
100%|██████████| 1/1 [00:00<00:00,  1.70it/s]
100%|██████████| 1/1 [00:00<00:00,  1.70it/s]

  0%|          | 0/1 [00:00<?, ?it/s]
100%|██████████| 1/1 [00:00<00:00,  4.54it/s]
100%|██████████| 1/1 [00:00<00:00,  4.53it/s]

  0%|          | 0/1 [00:00<?, ?it/s]
100%|██████████| 1/1 [00:00<00:00,  4.01it/s]
100%|██████████| 1/1 [00:00<00:00,  4.01it/s]

  0%|          | 0/1 [00:00<?, ?it/s]
100%|██████████| 1/1 [00:00<00:00,  3.16it/s]
100%|██████████| 1/1 [00:00<00:00,  3.16it/s]

  0%|          | 0/1 [00:00<?, ?it/s]
100%|██████████| 1/1 [00:00<00:00,  3.61it/s]
100%|██████████| 1/1 [00:00<00:00,  3.61it/s]

  0%|          | 0/1 [00:00<?, ?it/s]
100%|██████████| 1/1 [00:00<00:00,  2.40it/s]
100%|██████████| 1/1 [00:00<00:00,  2.40it/s]

  0%|          | 0/1 [00:00<?, ?it/s]
100%|██████████| 1/1 [00:00<00:00,  4.57it/s]
100%|██████████| 1/1 [00:00<00:00,  4.57it/s]

  0%|          | 0/1 [00:00<?, ?it/s]
100%|██████████| 1/1 [00:00<00:00,  4.16it/s]
100%|██████████| 1/1 [00:00<00:00,  4.15it/s]

  0%|          | 0/1 [00:00<?, ?it/s]
100%|██████████| 1/1 [00:00<00:00,  4.08it/s]
100%|██████████| 1/1 [00:00<00:00,  4.07it/s]

  0%|          | 0/1 [00:00<?, ?it/s]
100%|██████████| 1/1 [00:00<00:00,  1.48it/s]
100%|██████████| 1/1 [00:00<00:00,  1.48it/s]

  0%|          | 0/1 [00:00<?, ?it/s]
100%|██████████| 1/1 [00:00<00:00,  3.76it/s]
100%|██████████| 1/1 [00:00<00:00,  3.76it/s]

  0%|          | 0/1 [00:00<?, ?it/s]
100%|██████████| 1/1 [00:00<00:00,  3.75it/s]
100%|██████████| 1/1 [00:00<00:00,  3.75it/s]

  0%|          | 0/1 [00:00<?, ?it/s]
100%|██████████| 1/1 [00:00<00:00,  4.02it/s]
100%|██████████| 1/1 [00:00<00:00,  4.02it/s]

  0%|          | 0/1 [00:00<?, ?it/s]
100%|██████████| 1/1 [00:00<00:00,  2.11it/s]
100%|██████████| 1/1 [00:00<00:00,  2.11it/s]

  0%|          | 0/1 [00:00<?, ?it/s]
100%|██████████| 1/1 [00:00<00:00,  4.06it/s]
100%|██████████| 1/1 [00:00<00:00,  4.06it/s]

  0%|          | 0/1 [00:00<?, ?it/s]
100%|██████████| 1/1 [00:00<00:00,  3.85it/s]
100%|██████████| 1/1 [00:00<00:00,  3.84it/s]

  0%|          | 0/1 [00:00<?, ?it/s]
100%|██████████| 1/1 [00:00<00:00,  3.84it/s]
100%|██████████| 1/1 [00:00<00:00,  3.84it/s]

  0%|          | 0/1 [00:00<?, ?it/s]
100%|██████████| 1/1 [00:00<00:00,  4.08it/s]
100%|██████████| 1/1 [00:00<00:00,  4.07it/s]

  0%|          | 0/1 [00:00<?, ?it/s]
100%|██████████| 1/1 [00:00<00:00,  4.41it/s]
100%|██████████| 1/1 [00:00<00:00,  4.41it/s]

  0%|          | 0/1 [00:00<?, ?it/s]
100%|██████████| 1/1 [00:00<00:00,  4.34it/s]
100%|██████████| 1/1 [00:00<00:00,  4.34it/s]

  0%|          | 0/1 [00:00<?, ?it/s]
100%|██████████| 1/1 [00:00<00:00,  3.34it/s]
100%|██████████| 1/1 [00:00<00:00,  3.33it/s]

  0%|          | 0/1 [00:00<?, ?it/s]
100%|██████████| 1/1 [00:00<00:00,  4.64it/s]
100%|██████████| 1/1 [00:00<00:00,  4.63it/s]

  0%|          | 0/1 [00:00<?, ?it/s]
100%|██████████| 1/1 [00:00<00:00,  4.07it/s]
100%|██████████| 1/1 [00:00<00:00,  4.06it/s]

  0%|          | 0/1 [00:00<?, ?it/s]
100%|██████████| 1/1 [00:00<00:00,  3.69it/s]
100%|██████████| 1/1 [00:00<00:00,  3.68it/s]

  0%|          | 0/1 [00:00<?, ?it/s]
100%|██████████| 1/1 [00:00<00:00,  3.92it/s]
100%|██████████| 1/1 [00:00<00:00,  3.92it/s]

  0%|          | 0/1 [00:00<?, ?it/s]
100%|██████████| 1/1 [00:00<00:00,  4.43it/s]
100%|██████████| 1/1 [00:00<00:00,  4.42it/s]

  0%|          | 0/1 [00:00<?, ?it/s]
100%|██████████| 1/1 [00:00<00:00,  4.78it/s]
100%|██████████| 1/1 [00:00<00:00,  4.77it/s]

  0%|          | 0/1 [00:00<?, ?it/s]
100%|██████████| 1/1 [00:00<00:00,  3.27it/s]
100%|██████████| 1/1 [00:00<00:00,  3.27it/s]

  0%|          | 0/1 [00:00<?, ?it/s]
100%|██████████| 1/1 [00:00<00:00,  3.73it/s]
100%|██████████| 1/1 [00:00<00:00,  3.73it/s]

  0%|          | 0/1 [00:00<?, ?it/s]
100%|██████████| 1/1 [00:00<00:00,  3.31it/s]
100%|██████████| 1/1 [00:00<00:00,  3.30it/s]

  0%|          | 0/1 [00:00<?, ?it/s]
100%|██████████| 1/1 [00:00<00:00,  3.51it/s]
100%|██████████| 1/1 [00:00<00:00,  3.51it/s]

  0%|          | 0/1 [00:00<?, ?it/s]
100%|██████████| 1/1 [00:00<00:00,  4.97it/s]
100%|██████████| 1/1 [00:00<00:00,  4.96it/s]

  0%|          | 0/1 [00:00<?, ?it/s]
100%|██████████| 1/1 [00:00<00:00,  4.71it/s]
100%|██████████| 1/1 [00:00<00:00,  4.70it/s]

  0%|          | 0/1 [00:00<?, ?it/s]
100%|██████████| 1/1 [00:00<00:00,  4.45it/s]
100%|██████████| 1/1 [00:00<00:00,  4.45it/s]

  0%|          | 0/1 [00:00<?, ?it/s]
100%|██████████| 1/1 [00:00<00:00,  4.42it/s]
100%|██████████| 1/1 [00:00<00:00,  4.41it/s]

  0%|          | 0/1 [00:00<?, ?it/s]
100%|██████████| 1/1 [00:00<00:00,  4.32it/s]
100%|██████████| 1/1 [00:00<00:00,  4.31it/s]

  0%|          | 0/1 [00:00<?, ?it/s]
100%|██████████| 1/1 [00:00<00:00,  4.16it/s]
100%|██████████| 1/1 [00:00<00:00,  4.15it/s]

  0%|          | 0/1 [00:00<?, ?it/s]
100%|██████████| 1/1 [00:00<00:00,  4.35it/s]
100%|██████████| 1/1 [00:00<00:00,  4.35it/s]

  0%|          | 0/1 [00:00<?, ?it/s]
100%|██████████| 1/1 [00:00<00:00,  4.31it/s]
100%|██████████| 1/1 [00:00<00:00,  4.30it/s]

  0%|          | 0/1 [00:00<?, ?it/s]
100%|██████████| 1/1 [00:00<00:00,  4.91it/s]
100%|██████████| 1/1 [00:00<00:00,  4.90it/s]

  0%|          | 0/1 [00:00<?, ?it/s]
100%|██████████| 1/1 [00:00<00:00,  4.52it/s]
100%|██████████| 1/1 [00:00<00:00,  4.51it/s]

  0%|          | 0/1 [00:00<?, ?it/s]
100%|██████████| 1/1 [00:00<00:00,  4.76it/s]
100%|██████████| 1/1 [00:00<00:00,  4.75it/s]

  0%|          | 0/1 [00:00<?, ?it/s]
100%|██████████| 1/1 [00:00<00:00,  5.19it/s]
100%|██████████| 1/1 [00:00<00:00,  5.18it/s]

  0%|          | 0/1 [00:00<?, ?it/s]
100%|██████████| 1/1 [00:00<00:00,  4.57it/s]
100%|██████████| 1/1 [00:00<00:00,  4.56it/s]

  0%|          | 0/1 [00:00<?, ?it/s]
100%|██████████| 1/1 [00:00<00:00,  4.71it/s]
100%|██████████| 1/1 [00:00<00:00,  4.71it/s]

  0%|          | 0/1 [00:00<?, ?it/s]
100%|██████████| 1/1 [00:00<00:00,  4.34it/s]
100%|██████████| 1/1 [00:00<00:00,  4.33it/s]

  0%|          | 0/1 [00:00<?, ?it/s]
100%|██████████| 1/1 [00:00<00:00,  4.37it/s]
100%|██████████| 1/1 [00:00<00:00,  4.37it/s]

  0%|          | 0/1 [00:00<?, ?it/s]
100%|██████████| 1/1 [00:00<00:00,  4.13it/s]
100%|██████████| 1/1 [00:00<00:00,  4.13it/s]

  0%|          | 0/1 [00:00<?, ?it/s]
100%|██████████| 1/1 [00:00<00:00,  4.65it/s]
100%|██████████| 1/1 [00:00<00:00,  4.65it/s]

  0%|          | 0/1 [00:00<?, ?it/s]
100%|██████████| 1/1 [00:00<00:00,  4.87it/s]
100%|██████████| 1/1 [00:00<00:00,  4.87it/s]

  0%|          | 0/1 [00:00<?, ?it/s]
100%|██████████| 1/1 [00:00<00:00,  4.29it/s]
100%|██████████| 1/1 [00:00<00:00,  4.29it/s]

  0%|          | 0/1 [00:00<?, ?it/s]
100%|██████████| 1/1 [00:00<00:00,  3.86it/s]
100%|██████████| 1/1 [00:00<00:00,  3.85it/s]

  0%|          | 0/1 [00:00<?, ?it/s]
100%|██████████| 1/1 [00:00<00:00,  4.72it/s]
100%|██████████| 1/1 [00:00<00:00,  4.71it/s]

  0%|          | 0/1 [00:00<?, ?it/s]
100%|██████████| 1/1 [00:00<00:00,  4.82it/s]
100%|██████████| 1/1 [00:00<00:00,  4.81it/s]

  0%|          | 0/1 [00:00<?, ?it/s]
100%|██████████| 1/1 [00:00<00:00,  4.91it/s]
100%|██████████| 1/1 [00:00<00:00,  4.90it/s]

  0%|          | 0/1 [00:00<?, ?it/s]
100%|██████████| 1/1 [00:00<00:00,  4.47it/s]
100%|██████████| 1/1 [00:00<00:00,  4.47it/s]

  0%|          | 0/1 [00:00<?, ?it/s]
100%|██████████| 1/1 [00:00<00:00,  4.35it/s]
100%|██████████| 1/1 [00:00<00:00,  4.34it/s]

  0%|          | 0/1 [00:00<?, ?it/s]
100%|██████████| 1/1 [00:00<00:00,  4.93it/s]
100%|██████████| 1/1 [00:00<00:00,  4.92it/s]

  0%|          | 0/1 [00:00<?, ?it/s]
100%|██████████| 1/1 [00:00<00:00,  4.96it/s]
100%|██████████| 1/1 [00:00<00:00,  4.95it/s]

  0%|          | 0/1 [00:00<?, ?it/s]
100%|██████████| 1/1 [00:00<00:00,  3.69it/s]
100%|██████████| 1/1 [00:00<00:00,  3.69it/s]

  0%|          | 0/1 [00:00<?, ?it/s]
100%|██████████| 1/1 [00:00<00:00,  3.05it/s]
100%|██████████| 1/1 [00:00<00:00,  3.05it/s]

  0%|          | 0/1 [00:00<?, ?it/s]
100%|██████████| 1/1 [00:00<00:00,  4.09it/s]
100%|██████████| 1/1 [00:00<00:00,  4.08it/s]

  0%|          | 0/1 [00:00<?, ?it/s]
100%|██████████| 1/1 [00:00<00:00,  4.65it/s]
100%|██████████| 1/1 [00:00<00:00,  4.64it/s]

  0%|          | 0/1 [00:00<?, ?it/s]
100%|██████████| 1/1 [00:00<00:00,  4.59it/s]
100%|██████████| 1/1 [00:00<00:00,  4.59it/s]

  0%|          | 0/1 [00:00<?, ?it/s]
100%|██████████| 1/1 [00:00<00:00,  4.75it/s]
100%|██████████| 1/1 [00:00<00:00,  4.75it/s]

  0%|          | 0/1 [00:00<?, ?it/s]
100%|██████████| 1/1 [00:00<00:00,  4.66it/s]
100%|██████████| 1/1 [00:00<00:00,  4.65it/s]

  0%|          | 0/1 [00:00<?, ?it/s]
100%|██████████| 1/1 [00:00<00:00,  4.62it/s]
100%|██████████| 1/1 [00:00<00:00,  4.62it/s]

  0%|          | 0/1 [00:00<?, ?it/s]
100%|██████████| 1/1 [00:00<00:00,  4.97it/s]
100%|██████████| 1/1 [00:00<00:00,  4.97it/s]

  0%|          | 0/1 [00:00<?, ?it/s]
100%|██████████| 1/1 [00:00<00:00,  4.66it/s]
100%|██████████| 1/1 [00:00<00:00,  4.66it/s]

  0%|          | 0/1 [00:00<?, ?it/s]
100%|██████████| 1/1 [00:00<00:00,  4.68it/s]
100%|██████████| 1/1 [00:00<00:00,  4.67it/s]

  0%|          | 0/1 [00:00<?, ?it/s]
100%|██████████| 1/1 [00:00<00:00,  4.64it/s]
100%|██████████| 1/1 [00:00<00:00,  4.64it/s]

  0%|          | 0/1 [00:00<?, ?it/s]
100%|██████████| 1/1 [00:00<00:00,  4.70it/s]
100%|██████████| 1/1 [00:00<00:00,  4.70it/s]

  0%|          | 0/1 [00:00<?, ?it/s]
100%|██████████| 1/1 [00:00<00:00,  4.47it/s]
100%|██████████| 1/1 [00:00<00:00,  4.47it/s]

  0%|          | 0/1 [00:00<?, ?it/s]
100%|██████████| 1/1 [00:00<00:00,  4.63it/s]
100%|██████████| 1/1 [00:00<00:00,  4.63it/s]

  0%|          | 0/1 [00:00<?, ?it/s]
100%|██████████| 1/1 [00:00<00:00,  4.85it/s]
100%|██████████| 1/1 [00:00<00:00,  4.84it/s]

  0%|          | 0/1 [00:00<?, ?it/s]
100%|██████████| 1/1 [00:00<00:00,  4.50it/s]
100%|██████████| 1/1 [00:00<00:00,  4.50it/s]

  0%|          | 0/1 [00:00<?, ?it/s]
100%|██████████| 1/1 [00:00<00:00,  5.19it/s]
100%|██████████| 1/1 [00:00<00:00,  5.18it/s]

  0%|          | 0/1 [00:00<?, ?it/s]
100%|██████████| 1/1 [00:00<00:00,  5.22it/s]
100%|██████████| 1/1 [00:00<00:00,  5.21it/s]

  0%|          | 0/1 [00:00<?, ?it/s]
100%|██████████| 1/1 [00:00<00:00,  5.19it/s]
100%|██████████| 1/1 [00:00<00:00,  5.18it/s]

  0%|          | 0/1 [00:00<?, ?it/s]
100%|██████████| 1/1 [00:00<00:00,  5.19it/s]
100%|██████████| 1/1 [00:00<00:00,  5.18it/s]

  0%|          | 0/1 [00:00<?, ?it/s]
100%|██████████| 1/1 [00:00<00:00,  4.76it/s]
100%|██████████| 1/1 [00:00<00:00,  4.76it/s]

  0%|          | 0/1 [00:00<?, ?it/s]
100%|██████████| 1/1 [00:00<00:00,  4.88it/s]
100%|██████████| 1/1 [00:00<00:00,  4.88it/s]

  0%|          | 0/1 [00:00<?, ?it/s]
100%|██████████| 1/1 [00:00<00:00,  5.21it/s]
100%|██████████| 1/1 [00:00<00:00,  5.20it/s]

  0%|          | 0/1 [00:00<?, ?it/s]
100%|██████████| 1/1 [00:00<00:00,  5.25it/s]
100%|██████████| 1/1 [00:00<00:00,  5.25it/s]

  0%|          | 0/1 [00:00<?, ?it/s]
100%|██████████| 1/1 [00:00<00:00,  5.15it/s]
100%|██████████| 1/1 [00:00<00:00,  5.14it/s]

  0%|          | 0/1 [00:00<?, ?it/s]
100%|██████████| 1/1 [00:00<00:00,  5.21it/s]
100%|██████████| 1/1 [00:00<00:00,  5.20it/s]

  0%|          | 0/1 [00:00<?, ?it/s]
100%|██████████| 1/1 [00:00<00:00,  4.66it/s]
100%|██████████| 1/1 [00:00<00:00,  4.66it/s]

  0%|          | 0/1 [00:00<?, ?it/s]
100%|██████████| 1/1 [00:00<00:00,  4.78it/s]
100%|██████████| 1/1 [00:00<00:00,  4.78it/s]

  0%|          | 0/1 [00:00<?, ?it/s]
100%|██████████| 1/1 [00:00<00:00,  4.86it/s]
100%|██████████| 1/1 [00:00<00:00,  4.86it/s]

  0%|          | 0/1 [00:00<?, ?it/s]
100%|██████████| 1/1 [00:00<00:00,  4.88it/s]
100%|██████████| 1/1 [00:00<00:00,  4.87it/s]

  0%|          | 0/1 [00:00<?, ?it/s]
100%|██████████| 1/1 [00:00<00:00,  4.88it/s]
100%|██████████| 1/1 [00:00<00:00,  4.88it/s]

  0%|          | 0/1 [00:00<?, ?it/s]
100%|██████████| 1/1 [00:00<00:00,  5.13it/s]
100%|██████████| 1/1 [00:00<00:00,  5.12it/s]

  0%|          | 0/1 [00:00<?, ?it/s]
100%|██████████| 1/1 [00:00<00:00,  5.00it/s]
100%|██████████| 1/1 [00:00<00:00,  4.99it/s]

  0%|          | 0/1 [00:00<?, ?it/s]
100%|██████████| 1/1 [00:00<00:00,  5.07it/s]
100%|██████████| 1/1 [00:00<00:00,  5.06it/s]

  0%|          | 0/1 [00:00<?, ?it/s]
100%|██████████| 1/1 [00:00<00:00,  5.12it/s]
100%|██████████| 1/1 [00:00<00:00,  5.11it/s]

  0%|          | 0/1 [00:00<?, ?it/s]
100%|██████████| 1/1 [00:00<00:00,  4.71it/s]
100%|██████████| 1/1 [00:00<00:00,  4.71it/s]

  0%|          | 0/1 [00:00<?, ?it/s]
100%|██████████| 1/1 [00:00<00:00,  4.25it/s]
100%|██████████| 1/1 [00:00<00:00,  4.25it/s]

  0%|          | 0/1 [00:00<?, ?it/s]
100%|██████████| 1/1 [00:00<00:00,  1.90it/s]
100%|██████████| 1/1 [00:00<00:00,  1.90it/s]

  0%|          | 0/1 [00:00<?, ?it/s]
100%|██████████| 1/1 [00:00<00:00,  4.02it/s]
100%|██████████| 1/1 [00:00<00:00,  4.02it/s]

  0%|          | 0/1 [00:00<?, ?it/s]
100%|██████████| 1/1 [00:00<00:00,  4.19it/s]
100%|██████████| 1/1 [00:00<00:00,  4.19it/s]

  0%|          | 0/1 [00:00<?, ?it/s]
100%|██████████| 1/1 [00:00<00:00,  3.67it/s]
100%|██████████| 1/1 [00:00<00:00,  3.67it/s]

  0%|          | 0/1 [00:00<?, ?it/s]
100%|██████████| 1/1 [00:00<00:00,  3.14it/s]
100%|██████████| 1/1 [00:00<00:00,  3.13it/s]

  0%|          | 0/1 [00:00<?, ?it/s]
100%|██████████| 1/1 [00:00<00:00,  3.86it/s]
100%|██████████| 1/1 [00:00<00:00,  3.86it/s]

  0%|          | 0/1 [00:00<?, ?it/s]
100%|██████████| 1/1 [00:00<00:00,  3.49it/s]
100%|██████████| 1/1 [00:00<00:00,  3.49it/s]

  0%|          | 0/1 [00:00<?, ?it/s]
100%|██████████| 1/1 [00:00<00:00,  3.88it/s]
100%|██████████| 1/1 [00:00<00:00,  3.88it/s]

  0%|          | 0/1 [00:00<?, ?it/s]
100%|██████████| 1/1 [00:00<00:00,  4.28it/s]
100%|██████████| 1/1 [00:00<00:00,  4.28it/s]

  0%|          | 0/1 [00:00<?, ?it/s]
100%|██████████| 1/1 [00:00<00:00,  4.24it/s]
100%|██████████| 1/1 [00:00<00:00,  4.23it/s]

  0%|          | 0/1 [00:00<?, ?it/s]
100%|██████████| 1/1 [00:00<00:00,  4.27it/s]
100%|██████████| 1/1 [00:00<00:00,  4.27it/s]

  0%|          | 0/1 [00:00<?, ?it/s]
100%|██████████| 1/1 [00:00<00:00,  4.16it/s]
100%|██████████| 1/1 [00:00<00:00,  4.16it/s]

  0%|          | 0/1 [00:00<?, ?it/s]
100%|██████████| 1/1 [00:00<00:00,  4.18it/s]
100%|██████████| 1/1 [00:00<00:00,  4.18it/s]

  0%|          | 0/1 [00:00<?, ?it/s]
100%|██████████| 1/1 [00:00<00:00,  4.36it/s]
100%|██████████| 1/1 [00:00<00:00,  4.36it/s]

  0%|          | 0/1 [00:00<?, ?it/s]
100%|██████████| 1/1 [00:00<00:00,  4.30it/s]
100%|██████████| 1/1 [00:00<00:00,  4.30it/s]

  0%|          | 0/1 [00:00<?, ?it/s]
100%|██████████| 1/1 [00:00<00:00,  4.69it/s]
100%|██████████| 1/1 [00:00<00:00,  4.69it/s]

  0%|          | 0/1 [00:00<?, ?it/s]
100%|██████████| 1/1 [00:00<00:00,  4.88it/s]
100%|██████████| 1/1 [00:00<00:00,  4.87it/s]

  0%|          | 0/1 [00:00<?, ?it/s]
100%|██████████| 1/1 [00:00<00:00,  4.17it/s]
100%|██████████| 1/1 [00:00<00:00,  4.17it/s]

  0%|          | 0/1 [00:00<?, ?it/s]
100%|██████████| 1/1 [00:00<00:00,  4.57it/s]
100%|██████████| 1/1 [00:00<00:00,  4.56it/s]

  0%|          | 0/1 [00:00<?, ?it/s]
100%|██████████| 1/1 [00:00<00:00,  4.71it/s]
100%|██████████| 1/1 [00:00<00:00,  4.70it/s]

  0%|          | 0/1 [00:00<?, ?it/s]
100%|██████████| 1/1 [00:00<00:00,  4.41it/s]
100%|██████████| 1/1 [00:00<00:00,  4.40it/s]

  0%|          | 0/1 [00:00<?, ?it/s]
100%|██████████| 1/1 [00:00<00:00,  4.78it/s]
100%|██████████| 1/1 [00:00<00:00,  4.77it/s]

  0%|          | 0/1 [00:00<?, ?it/s]
100%|██████████| 1/1 [00:00<00:00,  4.76it/s]
100%|██████████| 1/1 [00:00<00:00,  4.76it/s]

  0%|          | 0/1 [00:00<?, ?it/s]
100%|██████████| 1/1 [00:00<00:00,  4.77it/s]
100%|██████████| 1/1 [00:00<00:00,  4.77it/s]

  0%|          | 0/1 [00:00<?, ?it/s]
100%|██████████| 1/1 [00:00<00:00,  5.02it/s]
100%|██████████| 1/1 [00:00<00:00,  5.01it/s]

  0%|          | 0/1 [00:00<?, ?it/s]
100%|██████████| 1/1 [00:00<00:00,  4.74it/s]
100%|██████████| 1/1 [00:00<00:00,  4.74it/s]

  0%|          | 0/1 [00:00<?, ?it/s]
100%|██████████| 1/1 [00:00<00:00,  5.01it/s]
100%|██████████| 1/1 [00:00<00:00,  5.01it/s]

  0%|          | 0/1 [00:00<?, ?it/s]
100%|██████████| 1/1 [00:00<00:00,  5.09it/s]
100%|██████████| 1/1 [00:00<00:00,  5.08it/s]

  0%|          | 0/1 [00:00<?, ?it/s]
100%|██████████| 1/1 [00:00<00:00,  5.13it/s]
100%|██████████| 1/1 [00:00<00:00,  5.12it/s]

  0%|          | 0/1 [00:00<?, ?it/s]
100%|██████████| 1/1 [00:00<00:00,  5.03it/s]
100%|██████████| 1/1 [00:00<00:00,  5.02it/s]

  0%|          | 0/1 [00:00<?, ?it/s]
100%|██████████| 1/1 [00:00<00:00,  4.95it/s]
100%|██████████| 1/1 [00:00<00:00,  4.95it/s]

  0%|          | 0/1 [00:00<?, ?it/s]
100%|██████████| 1/1 [00:00<00:00,  5.11it/s]
100%|██████████| 1/1 [00:00<00:00,  5.10it/s]

  0%|          | 0/1 [00:00<?, ?it/s]
100%|██████████| 1/1 [00:00<00:00,  5.13it/s]
100%|██████████| 1/1 [00:00<00:00,  5.13it/s]

  0%|          | 0/1 [00:00<?, ?it/s]
100%|██████████| 1/1 [00:00<00:00,  4.04it/s]
100%|██████████| 1/1 [00:00<00:00,  4.03it/s]

  0%|          | 0/1 [00:00<?, ?it/s]
100%|██████████| 1/1 [00:00<00:00,  4.11it/s]
100%|██████████| 1/1 [00:00<00:00,  4.11it/s]

  0%|          | 0/1 [00:00<?, ?it/s]
100%|██████████| 1/1 [00:00<00:00,  4.00it/s]
100%|██████████| 1/1 [00:00<00:00,  4.00it/s]

  0%|          | 0/1 [00:00<?, ?it/s]
100%|██████████| 1/1 [00:00<00:00,  2.53it/s]
100%|██████████| 1/1 [00:00<00:00,  2.53it/s]

  0%|          | 0/1 [00:00<?, ?it/s]
100%|██████████| 1/1 [00:00<00:00,  4.07it/s]
100%|██████████| 1/1 [00:00<00:00,  4.07it/s]

  0%|          | 0/1 [00:00<?, ?it/s]
100%|██████████| 1/1 [00:00<00:00,  4.10it/s]
100%|██████████| 1/1 [00:00<00:00,  4.10it/s]

  0%|          | 0/1 [00:00<?, ?it/s]
100%|██████████| 1/1 [00:00<00:00,  4.91it/s]
100%|██████████| 1/1 [00:00<00:00,  4.90it/s]

  0%|          | 0/1 [00:00<?, ?it/s]
100%|██████████| 1/1 [00:00<00:00,  4.97it/s]
100%|██████████| 1/1 [00:00<00:00,  4.96it/s]

  0%|          | 0/1 [00:00<?, ?it/s]
100%|██████████| 1/1 [00:00<00:00,  4.91it/s]
100%|██████████| 1/1 [00:00<00:00,  4.91it/s]

  0%|          | 0/1 [00:00<?, ?it/s]
100%|██████████| 1/1 [00:00<00:00,  4.43it/s]
100%|██████████| 1/1 [00:00<00:00,  4.43it/s]

  0%|          | 0/1 [00:00<?, ?it/s]
100%|██████████| 1/1 [00:00<00:00,  3.96it/s]
100%|██████████| 1/1 [00:00<00:00,  3.95it/s]

  0%|          | 0/1 [00:00<?, ?it/s]
100%|██████████| 1/1 [00:00<00:00,  3.77it/s]
100%|██████████| 1/1 [00:00<00:00,  3.77it/s]

  0%|          | 0/1 [00:00<?, ?it/s]
100%|██████████| 1/1 [00:00<00:00,  4.09it/s]
100%|██████████| 1/1 [00:00<00:00,  4.08it/s]

  0%|          | 0/1 [00:00<?, ?it/s]
100%|██████████| 1/1 [00:00<00:00,  2.42it/s]
100%|██████████| 1/1 [00:00<00:00,  2.42it/s]

  0%|          | 0/1 [00:00<?, ?it/s]
100%|██████████| 1/1 [00:00<00:00,  4.12it/s]
100%|██████████| 1/1 [00:00<00:00,  4.12it/s]

  0%|          | 0/1 [00:00<?, ?it/s]
100%|██████████| 1/1 [00:00<00:00,  4.11it/s]
100%|██████████| 1/1 [00:00<00:00,  4.10it/s]

  0%|          | 0/1 [00:00<?, ?it/s]
100%|██████████| 1/1 [00:00<00:00,  3.72it/s]
100%|██████████| 1/1 [00:00<00:00,  3.72it/s]

  0%|          | 0/1 [00:00<?, ?it/s]
100%|██████████| 1/1 [00:00<00:00,  3.99it/s]
100%|██████████| 1/1 [00:00<00:00,  3.99it/s]

  0%|          | 0/1 [00:00<?, ?it/s]
100%|██████████| 1/1 [00:00<00:00,  4.85it/s]
100%|██████████| 1/1 [00:00<00:00,  4.85it/s]

  0%|          | 0/1 [00:00<?, ?it/s]
100%|██████████| 1/1 [00:00<00:00,  4.72it/s]
100%|██████████| 1/1 [00:00<00:00,  4.72it/s]

  0%|          | 0/1 [00:00<?, ?it/s]
100%|██████████| 1/1 [00:00<00:00,  2.53it/s]
100%|██████████| 1/1 [00:00<00:00,  2.53it/s]

  0%|          | 0/1 [00:00<?, ?it/s]
100%|██████████| 1/1 [00:00<00:00,  4.29it/s]
100%|██████████| 1/1 [00:00<00:00,  4.28it/s]

  0%|          | 0/1 [00:00<?, ?it/s]
100%|██████████| 1/1 [00:00<00:00,  4.18it/s]
100%|██████████| 1/1 [00:00<00:00,  4.18it/s]

  0%|          | 0/1 [00:00<?, ?it/s]
100%|██████████| 1/1 [00:00<00:00,  4.21it/s]
100%|██████████| 1/1 [00:00<00:00,  4.21it/s]

  0%|          | 0/1 [00:00<?, ?it/s]
100%|██████████| 1/1 [00:00<00:00,  4.29it/s]
100%|██████████| 1/1 [00:00<00:00,  4.29it/s]

  0%|          | 0/1 [00:00<?, ?it/s]
100%|██████████| 1/1 [00:00<00:00,  3.55it/s]
100%|██████████| 1/1 [00:00<00:00,  3.54it/s]

  0%|          | 0/1 [00:00<?, ?it/s]
100%|██████████| 1/1 [00:00<00:00,  5.14it/s]
100%|██████████| 1/1 [00:00<00:00,  5.13it/s]

  0%|          | 0/1 [00:00<?, ?it/s]
100%|██████████| 1/1 [00:00<00:00,  1.48it/s]
100%|██████████| 1/1 [00:00<00:00,  1.48it/s]

  0%|          | 0/1 [00:00<?, ?it/s]
100%|██████████| 1/1 [00:00<00:00,  2.50it/s]
100%|██████████| 1/1 [00:00<00:00,  2.50it/s]

  0%|          | 0/1 [00:00<?, ?it/s]
100%|██████████| 1/1 [00:00<00:00,  4.26it/s]
100%|██████████| 1/1 [00:00<00:00,  4.25it/s]

  0%|          | 0/1 [00:00<?, ?it/s]
100%|██████████| 1/1 [00:00<00:00,  4.35it/s]
100%|██████████| 1/1 [00:00<00:00,  4.34it/s]

  0%|          | 0/1 [00:00<?, ?it/s]
100%|██████████| 1/1 [00:00<00:00,  4.96it/s]
100%|██████████| 1/1 [00:00<00:00,  4.95it/s]

  0%|          | 0/1 [00:00<?, ?it/s]
100%|██████████| 1/1 [00:00<00:00,  2.50it/s]
100%|██████████| 1/1 [00:00<00:00,  2.50it/s]

  0%|          | 0/1 [00:00<?, ?it/s]
100%|██████████| 1/1 [00:00<00:00,  4.25it/s]
100%|██████████| 1/1 [00:00<00:00,  4.24it/s]

  0%|          | 0/1 [00:00<?, ?it/s]
100%|██████████| 1/1 [00:00<00:00,  3.88it/s]
100%|██████████| 1/1 [00:00<00:00,  3.87it/s]

  0%|          | 0/1 [00:00<?, ?it/s]
100%|██████████| 1/1 [00:00<00:00,  2.68it/s]
100%|██████████| 1/1 [00:00<00:00,  2.67it/s]

  0%|          | 0/1 [00:00<?, ?it/s]
100%|██████████| 1/1 [00:00<00:00,  3.49it/s]
100%|██████████| 1/1 [00:00<00:00,  3.49it/s]

  0%|          | 0/1 [00:00<?, ?it/s]
100%|██████████| 1/1 [00:00<00:00,  4.23it/s]
100%|██████████| 1/1 [00:00<00:00,  4.23it/s]

  0%|          | 0/1 [00:00<?, ?it/s]
100%|██████████| 1/1 [00:00<00:00,  4.08it/s]
100%|██████████| 1/1 [00:00<00:00,  4.08it/s]

  0%|          | 0/1 [00:00<?, ?it/s]
100%|██████████| 1/1 [00:00<00:00,  3.96it/s]
100%|██████████| 1/1 [00:00<00:00,  3.96it/s]

  0%|          | 0/1 [00:00<?, ?it/s]
100%|██████████| 1/1 [00:00<00:00,  2.23it/s]
100%|██████████| 1/1 [00:00<00:00,  2.23it/s]

  0%|          | 0/1 [00:00<?, ?it/s]
100%|██████████| 1/1 [00:00<00:00,  4.03it/s]
100%|██████████| 1/1 [00:00<00:00,  4.03it/s]

  0%|          | 0/1 [00:00<?, ?it/s]
100%|██████████| 1/1 [00:00<00:00,  4.04it/s]
100%|██████████| 1/1 [00:00<00:00,  4.04it/s]

  0%|          | 0/1 [00:00<?, ?it/s]
100%|██████████| 1/1 [00:00<00:00,  2.49it/s]
100%|██████████| 1/1 [00:00<00:00,  2.49it/s]

  0%|          | 0/1 [00:00<?, ?it/s]
100%|██████████| 1/1 [00:00<00:00,  3.50it/s]
100%|██████████| 1/1 [00:00<00:00,  3.50it/s]

  0%|          | 0/1 [00:00<?, ?it/s]
100%|██████████| 1/1 [00:00<00:00,  4.18it/s]
100%|██████████| 1/1 [00:00<00:00,  4.17it/s]

  0%|          | 0/1 [00:00<?, ?it/s]
100%|██████████| 1/1 [00:00<00:00,  3.80it/s]
100%|██████████| 1/1 [00:00<00:00,  3.80it/s]

  0%|          | 0/1 [00:00<?, ?it/s]
100%|██████████| 1/1 [00:00<00:00,  1.99it/s]
100%|██████████| 1/1 [00:00<00:00,  1.99it/s]

  0%|          | 0/1 [00:00<?, ?it/s]
100%|██████████| 1/1 [00:00<00:00,  4.02it/s]
100%|██████████| 1/1 [00:00<00:00,  4.02it/s]

  0%|          | 0/1 [00:00<?, ?it/s]
100%|██████████| 1/1 [00:00<00:00,  3.91it/s]
100%|██████████| 1/1 [00:00<00:00,  3.91it/s]

  0%|          | 0/1 [00:00<?, ?it/s]
100%|██████████| 1/1 [00:00<00:00,  3.09it/s]
100%|██████████| 1/1 [00:00<00:00,  3.09it/s]

  0%|          | 0/1 [00:00<?, ?it/s]
100%|██████████| 1/1 [00:00<00:00,  2.02it/s]
100%|██████████| 1/1 [00:00<00:00,  2.02it/s]

  0%|          | 0/1 [00:00<?, ?it/s]
100%|██████████| 1/1 [00:00<00:00,  4.26it/s]
100%|██████████| 1/1 [00:00<00:00,  4.26it/s]

  0%|          | 0/1 [00:00<?, ?it/s]
100%|██████████| 1/1 [00:00<00:00,  4.50it/s]
100%|██████████| 1/1 [00:00<00:00,  4.49it/s]

  0%|          | 0/1 [00:00<?, ?it/s]
100%|██████████| 1/1 [00:00<00:00,  4.20it/s]
100%|██████████| 1/1 [00:00<00:00,  4.19it/s]

  0%|          | 0/1 [00:00<?, ?it/s]
100%|██████████| 1/1 [00:00<00:00,  4.19it/s]
100%|██████████| 1/1 [00:00<00:00,  4.19it/s]

  0%|          | 0/1 [00:00<?, ?it/s]
100%|██████████| 1/1 [00:00<00:00,  4.59it/s]
100%|██████████| 1/1 [00:00<00:00,  4.59it/s]

  0%|          | 0/1 [00:00<?, ?it/s]
100%|██████████| 1/1 [00:00<00:00,  5.21it/s]
100%|██████████| 1/1 [00:00<00:00,  5.21it/s]

  0%|          | 0/1 [00:00<?, ?it/s]
100%|██████████| 1/1 [00:00<00:00,  5.06it/s]
100%|██████████| 1/1 [00:00<00:00,  5.05it/s]

  0%|          | 0/1 [00:00<?, ?it/s]
100%|██████████| 1/1 [00:00<00:00,  5.24it/s]
100%|██████████| 1/1 [00:00<00:00,  5.24it/s]

  0%|          | 0/1 [00:00<?, ?it/s]
100%|██████████| 1/1 [00:00<00:00,  5.09it/s]
100%|██████████| 1/1 [00:00<00:00,  5.08it/s]

  0%|          | 0/1 [00:00<?, ?it/s]
100%|██████████| 1/1 [00:00<00:00,  5.15it/s]
100%|██████████| 1/1 [00:00<00:00,  5.15it/s]

  0%|          | 0/1 [00:00<?, ?it/s]
100%|██████████| 1/1 [00:00<00:00,  5.05it/s]
100%|██████████| 1/1 [00:00<00:00,  5.04it/s]

  0%|          | 0/1 [00:00<?, ?it/s]
100%|██████████| 1/1 [00:00<00:00,  4.93it/s]
100%|██████████| 1/1 [00:00<00:00,  4.92it/s]

  0%|          | 0/1 [00:00<?, ?it/s]
100%|██████████| 1/1 [00:00<00:00,  4.51it/s]
100%|██████████| 1/1 [00:00<00:00,  4.50it/s]

  0%|          | 0/1 [00:00<?, ?it/s]
100%|██████████| 1/1 [00:00<00:00,  4.35it/s]
100%|██████████| 1/1 [00:00<00:00,  4.35it/s]

  0%|          | 0/1 [00:00<?, ?it/s]
100%|██████████| 1/1 [00:00<00:00,  4.52it/s]
100%|██████████| 1/1 [00:00<00:00,  4.51it/s]

  0%|          | 0/1 [00:00<?, ?it/s]
100%|██████████| 1/1 [00:00<00:00,  4.51it/s]
100%|██████████| 1/1 [00:00<00:00,  4.50it/s]

  0%|          | 0/1 [00:00<?, ?it/s]
100%|██████████| 1/1 [00:00<00:00,  4.00it/s]
100%|██████████| 1/1 [00:00<00:00,  3.99it/s]

  0%|          | 0/1 [00:00<?, ?it/s]
100%|██████████| 1/1 [00:00<00:00,  4.75it/s]
100%|██████████| 1/1 [00:00<00:00,  4.75it/s]

  0%|          | 0/1 [00:00<?, ?it/s]
100%|██████████| 1/1 [00:00<00:00,  5.00it/s]
100%|██████████| 1/1 [00:00<00:00,  4.99it/s]

  0%|          | 0/1 [00:00<?, ?it/s]
100%|██████████| 1/1 [00:00<00:00,  5.31it/s]
100%|██████████| 1/1 [00:00<00:00,  5.31it/s]

  0%|          | 0/1 [00:00<?, ?it/s]
100%|██████████| 1/1 [00:00<00:00,  5.05it/s]
100%|██████████| 1/1 [00:00<00:00,  5.05it/s]

  0%|          | 0/1 [00:00<?, ?it/s]
100%|██████████| 1/1 [00:00<00:00,  4.72it/s]
100%|██████████| 1/1 [00:00<00:00,  4.72it/s]

  0%|          | 0/1 [00:00<?, ?it/s]
100%|██████████| 1/1 [00:00<00:00,  5.14it/s]
100%|██████████| 1/1 [00:00<00:00,  5.13it/s]

  0%|          | 0/1 [00:00<?, ?it/s]
100%|██████████| 1/1 [00:00<00:00,  4.97it/s]
100%|██████████| 1/1 [00:00<00:00,  4.97it/s]

  0%|          | 0/1 [00:00<?, ?it/s]
100%|██████████| 1/1 [00:00<00:00,  4.97it/s]
100%|██████████| 1/1 [00:00<00:00,  4.96it/s]

  0%|          | 0/1 [00:00<?, ?it/s]
100%|██████████| 1/1 [00:00<00:00,  4.97it/s]
100%|██████████| 1/1 [00:00<00:00,  4.97it/s]

  0%|          | 0/1 [00:00<?, ?it/s]
100%|██████████| 1/1 [00:00<00:00,  3.80it/s]
100%|██████████| 1/1 [00:00<00:00,  3.80it/s]

  0%|          | 0/1 [00:00<?, ?it/s]
100%|██████████| 1/1 [00:00<00:00,  4.58it/s]
100%|██████████| 1/1 [00:00<00:00,  4.58it/s]

  0%|          | 0/1 [00:00<?, ?it/s]
100%|██████████| 1/1 [00:00<00:00,  5.25it/s]
100%|██████████| 1/1 [00:00<00:00,  5.24it/s]

  0%|          | 0/1 [00:00<?, ?it/s]
100%|██████████| 1/1 [00:00<00:00,  5.73it/s]
100%|██████████| 1/1 [00:00<00:00,  5.72it/s]

  0%|          | 0/1 [00:00<?, ?it/s]
100%|██████████| 1/1 [00:00<00:00,  4.97it/s]
100%|██████████| 1/1 [00:00<00:00,  4.96it/s]

  0%|          | 0/1 [00:00<?, ?it/s]
100%|██████████| 1/1 [00:00<00:00,  5.05it/s]
100%|██████████| 1/1 [00:00<00:00,  5.05it/s]

  0%|          | 0/1 [00:00<?, ?it/s]
100%|██████████| 1/1 [00:00<00:00,  5.26it/s]
100%|██████████| 1/1 [00:00<00:00,  5.25it/s]

  0%|          | 0/1 [00:00<?, ?it/s]
100%|██████████| 1/1 [00:00<00:00,  5.61it/s]
100%|██████████| 1/1 [00:00<00:00,  5.60it/s]

  0%|          | 0/1 [00:00<?, ?it/s]
100%|██████████| 1/1 [00:00<00:00,  5.59it/s]
100%|██████████| 1/1 [00:00<00:00,  5.58it/s]

  0%|          | 0/1 [00:00<?, ?it/s]
100%|██████████| 1/1 [00:00<00:00,  3.08it/s]
100%|██████████| 1/1 [00:00<00:00,  3.07it/s]

  0%|          | 0/1 [00:00<?, ?it/s]
100%|██████████| 1/1 [00:00<00:00,  5.56it/s]
100%|██████████| 1/1 [00:00<00:00,  5.55it/s]

  0%|          | 0/1 [00:00<?, ?it/s]
100%|██████████| 1/1 [00:00<00:00,  5.60it/s]
100%|██████████| 1/1 [00:00<00:00,  5.59it/s]

  0%|          | 0/1 [00:00<?, ?it/s]
100%|██████████| 1/1 [00:00<00:00,  5.94it/s]
100%|██████████| 1/1 [00:00<00:00,  5.94it/s]

  0%|          | 0/1 [00:00<?, ?it/s]
100%|██████████| 1/1 [00:00<00:00,  5.28it/s]
100%|██████████| 1/1 [00:00<00:00,  5.27it/s]

  0%|          | 0/1 [00:00<?, ?it/s]
100%|██████████| 1/1 [00:00<00:00,  5.17it/s]
100%|██████████| 1/1 [00:00<00:00,  5.17it/s]

  0%|          | 0/1 [00:00<?, ?it/s]
100%|██████████| 1/1 [00:00<00:00,  5.38it/s]
100%|██████████| 1/1 [00:00<00:00,  5.37it/s]

  0%|          | 0/1 [00:00<?, ?it/s]
100%|██████████| 1/1 [00:00<00:00,  5.37it/s]
100%|██████████| 1/1 [00:00<00:00,  5.37it/s]

  0%|          | 0/1 [00:00<?, ?it/s]
100%|██████████| 1/1 [00:00<00:00,  5.36it/s]
100%|██████████| 1/1 [00:00<00:00,  5.35it/s]

  0%|          | 0/1 [00:00<?, ?it/s]
100%|██████████| 1/1 [00:00<00:00,  5.39it/s]
100%|██████████| 1/1 [00:00<00:00,  5.38it/s]

  0%|          | 0/1 [00:00<?, ?it/s]
100%|██████████| 1/1 [00:00<00:00,  5.39it/s]
100%|██████████| 1/1 [00:00<00:00,  5.38it/s]

  0%|          | 0/1 [00:00<?, ?it/s]
100%|██████████| 1/1 [00:00<00:00,  5.35it/s]
100%|██████████| 1/1 [00:00<00:00,  5.34it/s]

  0%|          | 0/1 [00:00<?, ?it/s]
100%|██████████| 1/1 [00:00<00:00,  5.21it/s]
100%|██████████| 1/1 [00:00<00:00,  5.20it/s]

  0%|          | 0/1 [00:00<?, ?it/s]
100%|██████████| 1/1 [00:00<00:00,  2.43it/s]
100%|██████████| 1/1 [00:00<00:00,  2.43it/s]

  0%|          | 0/1 [00:00<?, ?it/s]
100%|██████████| 1/1 [00:00<00:00,  4.23it/s]
100%|██████████| 1/1 [00:00<00:00,  4.22it/s]

  0%|          | 0/1 [00:00<?, ?it/s]
100%|██████████| 1/1 [00:00<00:00,  4.25it/s]
100%|██████████| 1/1 [00:00<00:00,  4.25it/s]

  0%|          | 0/1 [00:00<?, ?it/s]
100%|██████████| 1/1 [00:00<00:00,  4.00it/s]
100%|██████████| 1/1 [00:00<00:00,  4.00it/s]

  0%|          | 0/1 [00:00<?, ?it/s]
100%|██████████| 1/1 [00:00<00:00,  4.30it/s]
100%|██████████| 1/1 [00:00<00:00,  4.30it/s]

  0%|          | 0/1 [00:00<?, ?it/s]
100%|██████████| 1/1 [00:00<00:00,  4.10it/s]
100%|██████████| 1/1 [00:00<00:00,  4.10it/s]

  0%|          | 0/1 [00:00<?, ?it/s]
100%|██████████| 1/1 [00:00<00:00,  3.89it/s]
100%|██████████| 1/1 [00:00<00:00,  3.89it/s]

  0%|          | 0/1 [00:00<?, ?it/s]
100%|██████████| 1/1 [00:00<00:00,  4.39it/s]
100%|██████████| 1/1 [00:00<00:00,  4.38it/s]

  0%|          | 0/1 [00:00<?, ?it/s]
100%|██████████| 1/1 [00:00<00:00,  4.23it/s]
100%|██████████| 1/1 [00:00<00:00,  4.22it/s]

  0%|          | 0/1 [00:00<?, ?it/s]
100%|██████████| 1/1 [00:00<00:00,  4.05it/s]
100%|██████████| 1/1 [00:00<00:00,  4.05it/s]

  0%|          | 0/1 [00:00<?, ?it/s]
100%|██████████| 1/1 [00:00<00:00,  4.51it/s]
100%|██████████| 1/1 [00:00<00:00,  4.51it/s]

  0%|          | 0/1 [00:00<?, ?it/s]
100%|██████████| 1/1 [00:00<00:00,  4.07it/s]
100%|██████████| 1/1 [00:00<00:00,  4.07it/s]

  0%|          | 0/1 [00:00<?, ?it/s]
100%|██████████| 1/1 [00:00<00:00,  4.20it/s]
100%|██████████| 1/1 [00:00<00:00,  4.20it/s]

  0%|          | 0/1 [00:00<?, ?it/s]
100%|██████████| 1/1 [00:00<00:00,  3.77it/s]
100%|██████████| 1/1 [00:00<00:00,  3.76it/s]

  0%|          | 0/1 [00:00<?, ?it/s]
100%|██████████| 1/1 [00:00<00:00,  3.79it/s]
100%|██████████| 1/1 [00:00<00:00,  3.78it/s]

  0%|          | 0/1 [00:00<?, ?it/s]
100%|██████████| 1/1 [00:00<00:00,  4.02it/s]
100%|██████████| 1/1 [00:00<00:00,  4.02it/s]

  0%|          | 0/1 [00:00<?, ?it/s]
100%|██████████| 1/1 [00:00<00:00,  3.91it/s]
100%|██████████| 1/1 [00:00<00:00,  3.91it/s]

  0%|          | 0/1 [00:00<?, ?it/s]
100%|██████████| 1/1 [00:00<00:00,  2.97it/s]
100%|██████████| 1/1 [00:00<00:00,  2.97it/s]

  0%|          | 0/1 [00:00<?, ?it/s]
100%|██████████| 1/1 [00:00<00:00,  3.91it/s]
100%|██████████| 1/1 [00:00<00:00,  3.91it/s]

  0%|          | 0/1 [00:00<?, ?it/s]
100%|██████████| 1/1 [00:00<00:00,  4.12it/s]
100%|██████████| 1/1 [00:00<00:00,  4.11it/s]

  0%|          | 0/1 [00:00<?, ?it/s]
100%|██████████| 1/1 [00:00<00:00,  1.50it/s]
100%|██████████| 1/1 [00:00<00:00,  1.50it/s]

  0%|          | 0/1 [00:00<?, ?it/s]
100%|██████████| 1/1 [00:00<00:00,  4.33it/s]
100%|██████████| 1/1 [00:00<00:00,  4.33it/s]

  0%|          | 0/1 [00:00<?, ?it/s]
100%|██████████| 1/1 [00:00<00:00,  4.38it/s]
100%|██████████| 1/1 [00:00<00:00,  4.37it/s]

  0%|          | 0/1 [00:00<?, ?it/s]
100%|██████████| 1/1 [00:00<00:00,  4.14it/s]
100%|██████████| 1/1 [00:00<00:00,  4.13it/s]

  0%|          | 0/1 [00:00<?, ?it/s]
100%|██████████| 1/1 [00:00<00:00,  4.67it/s]
100%|██████████| 1/1 [00:00<00:00,  4.67it/s]

  0%|          | 0/1 [00:00<?, ?it/s]
100%|██████████| 1/1 [00:00<00:00,  2.19it/s]
100%|██████████| 1/1 [00:00<00:00,  2.18it/s]

  0%|          | 0/1 [00:00<?, ?it/s]
100%|██████████| 1/1 [00:00<00:00,  4.15it/s]
100%|██████████| 1/1 [00:00<00:00,  4.15it/s]

  0%|          | 0/1 [00:00<?, ?it/s]
100%|██████████| 1/1 [00:00<00:00,  2.53it/s]
100%|██████████| 1/1 [00:00<00:00,  2.52it/s]

  0%|          | 0/1 [00:00<?, ?it/s]
100%|██████████| 1/1 [00:00<00:00,  3.51it/s]
100%|██████████| 1/1 [00:00<00:00,  3.51it/s]

  0%|          | 0/1 [00:00<?, ?it/s]
100%|██████████| 1/1 [00:00<00:00,  4.19it/s]
100%|██████████| 1/1 [00:00<00:00,  4.19it/s]

  0%|          | 0/1 [00:00<?, ?it/s]
100%|██████████| 1/1 [00:00<00:00,  4.68it/s]
100%|██████████| 1/1 [00:00<00:00,  4.67it/s]

  0%|          | 0/1 [00:00<?, ?it/s]
100%|██████████| 1/1 [00:00<00:00,  4.68it/s]
100%|██████████| 1/1 [00:00<00:00,  4.67it/s]

  0%|          | 0/1 [00:00<?, ?it/s]
100%|██████████| 1/1 [00:00<00:00,  2.40it/s]
100%|██████████| 1/1 [00:00<00:00,  2.39it/s]

  0%|          | 0/1 [00:00<?, ?it/s]
100%|██████████| 1/1 [00:00<00:00,  4.33it/s]
100%|██████████| 1/1 [00:00<00:00,  4.33it/s]

  0%|          | 0/1 [00:00<?, ?it/s]
100%|██████████| 1/1 [00:00<00:00,  4.67it/s]
100%|██████████| 1/1 [00:00<00:00,  4.66it/s]

  0%|          | 0/1 [00:00<?, ?it/s]
100%|██████████| 1/1 [00:00<00:00,  4.47it/s]
100%|██████████| 1/1 [00:00<00:00,  4.46it/s]

  0%|          | 0/1 [00:00<?, ?it/s]
100%|██████████| 1/1 [00:00<00:00,  4.37it/s]
100%|██████████| 1/1 [00:00<00:00,  4.37it/s]

  0%|          | 0/1 [00:00<?, ?it/s]
100%|██████████| 1/1 [00:00<00:00,  4.54it/s]
100%|██████████| 1/1 [00:00<00:00,  4.54it/s]

  0%|          | 0/1 [00:00<?, ?it/s]
100%|██████████| 1/1 [00:00<00:00,  4.47it/s]
100%|██████████| 1/1 [00:00<00:00,  4.46it/s]

  0%|          | 0/1 [00:00<?, ?it/s]
100%|██████████| 1/1 [00:00<00:00,  4.76it/s]
100%|██████████| 1/1 [00:00<00:00,  4.76it/s]

  0%|          | 0/1 [00:00<?, ?it/s]
100%|██████████| 1/1 [00:00<00:00,  4.93it/s]
100%|██████████| 1/1 [00:00<00:00,  4.93it/s]

  0%|          | 0/1 [00:00<?, ?it/s]
100%|██████████| 1/1 [00:00<00:00,  5.30it/s]
100%|██████████| 1/1 [00:00<00:00,  5.30it/s]

  0%|          | 0/1 [00:00<?, ?it/s]
100%|██████████| 1/1 [00:00<00:00,  5.10it/s]
100%|██████████| 1/1 [00:00<00:00,  5.09it/s]

  0%|          | 0/1 [00:00<?, ?it/s]
100%|██████████| 1/1 [00:00<00:00,  5.27it/s]
100%|██████████| 1/1 [00:00<00:00,  5.27it/s]

  0%|          | 0/1 [00:00<?, ?it/s]
100%|██████████| 1/1 [00:00<00:00,  4.64it/s]
100%|██████████| 1/1 [00:00<00:00,  4.63it/s]

  0%|          | 0/1 [00:00<?, ?it/s]
100%|██████████| 1/1 [00:00<00:00,  4.36it/s]
100%|██████████| 1/1 [00:00<00:00,  4.36it/s]

  0%|          | 0/1 [00:00<?, ?it/s]
100%|██████████| 1/1 [00:00<00:00,  3.92it/s]
100%|██████████| 1/1 [00:00<00:00,  3.92it/s]

  0%|          | 0/1 [00:00<?, ?it/s]
100%|██████████| 1/1 [00:00<00:00,  3.20it/s]
100%|██████████| 1/1 [00:00<00:00,  3.19it/s]

  0%|          | 0/1 [00:00<?, ?it/s]
100%|██████████| 1/1 [00:00<00:00,  3.97it/s]
100%|██████████| 1/1 [00:00<00:00,  3.96it/s]

  0%|          | 0/1 [00:00<?, ?it/s]
100%|██████████| 1/1 [00:00<00:00,  4.21it/s]
100%|██████████| 1/1 [00:00<00:00,  4.21it/s]

  0%|          | 0/1 [00:00<?, ?it/s]
100%|██████████| 1/1 [00:00<00:00,  4.60it/s]
100%|██████████| 1/1 [00:00<00:00,  4.59it/s]

  0%|          | 0/1 [00:00<?, ?it/s]
100%|██████████| 1/1 [00:00<00:00,  4.40it/s]
100%|██████████| 1/1 [00:00<00:00,  4.40it/s]

  0%|          | 0/1 [00:00<?, ?it/s]
100%|██████████| 1/1 [00:00<00:00,  4.37it/s]
100%|██████████| 1/1 [00:00<00:00,  4.36it/s]

  0%|          | 0/1 [00:00<?, ?it/s]
100%|██████████| 1/1 [00:00<00:00,  4.44it/s]
100%|██████████| 1/1 [00:00<00:00,  4.44it/s]

  0%|          | 0/1 [00:00<?, ?it/s]
100%|██████████| 1/1 [00:00<00:00,  4.31it/s]
100%|██████████| 1/1 [00:00<00:00,  4.30it/s]

  0%|          | 0/1 [00:00<?, ?it/s]
100%|██████████| 1/1 [00:00<00:00,  4.49it/s]
100%|██████████| 1/1 [00:00<00:00,  4.49it/s]

  0%|          | 0/1 [00:00<?, ?it/s]
100%|██████████| 1/1 [00:00<00:00,  4.89it/s]
100%|██████████| 1/1 [00:00<00:00,  4.89it/s]

  0%|          | 0/1 [00:00<?, ?it/s]
100%|██████████| 1/1 [00:00<00:00,  4.83it/s]
100%|██████████| 1/1 [00:00<00:00,  4.82it/s]

  0%|          | 0/1 [00:00<?, ?it/s]
100%|██████████| 1/1 [00:00<00:00,  4.70it/s]
100%|██████████| 1/1 [00:00<00:00,  4.70it/s]

  0%|          | 0/1 [00:00<?, ?it/s]
100%|██████████| 1/1 [00:00<00:00,  4.54it/s]
100%|██████████| 1/1 [00:00<00:00,  4.53it/s]

  0%|          | 0/1 [00:00<?, ?it/s]
100%|██████████| 1/1 [00:00<00:00,  5.14it/s]
100%|██████████| 1/1 [00:00<00:00,  5.14it/s]

  0%|          | 0/1 [00:00<?, ?it/s]
100%|██████████| 1/1 [00:00<00:00,  5.02it/s]
100%|██████████| 1/1 [00:00<00:00,  5.01it/s]

  0%|          | 0/1 [00:00<?, ?it/s]
100%|██████████| 1/1 [00:00<00:00,  4.87it/s]
100%|██████████| 1/1 [00:00<00:00,  4.86it/s]

  0%|          | 0/1 [00:00<?, ?it/s]
100%|██████████| 1/1 [00:00<00:00,  4.81it/s]
100%|██████████| 1/1 [00:00<00:00,  4.81it/s]

  0%|          | 0/1 [00:00<?, ?it/s]
100%|██████████| 1/1 [00:00<00:00,  5.21it/s]
100%|██████████| 1/1 [00:00<00:00,  5.20it/s]

  0%|          | 0/1 [00:00<?, ?it/s]
100%|██████████| 1/1 [00:00<00:00,  4.99it/s]
100%|██████████| 1/1 [00:00<00:00,  4.98it/s]

  0%|          | 0/1 [00:00<?, ?it/s]
100%|██████████| 1/1 [00:00<00:00,  4.86it/s]
100%|██████████| 1/1 [00:00<00:00,  4.86it/s]

  0%|          | 0/1 [00:00<?, ?it/s]
100%|██████████| 1/1 [00:00<00:00,  5.34it/s]
100%|██████████| 1/1 [00:00<00:00,  5.33it/s]

  0%|          | 0/1 [00:00<?, ?it/s]
100%|██████████| 1/1 [00:00<00:00,  5.01it/s]
100%|██████████| 1/1 [00:00<00:00,  5.01it/s]

  0%|          | 0/1 [00:00<?, ?it/s]
100%|██████████| 1/1 [00:00<00:00,  5.30it/s]
100%|██████████| 1/1 [00:00<00:00,  5.30it/s]

  0%|          | 0/1 [00:00<?, ?it/s]
100%|██████████| 1/1 [00:00<00:00,  5.15it/s]
100%|██████████| 1/1 [00:00<00:00,  5.15it/s]

  0%|          | 0/1 [00:00<?, ?it/s]
100%|██████████| 1/1 [00:00<00:00,  5.16it/s]
100%|██████████| 1/1 [00:00<00:00,  5.15it/s]

  0%|          | 0/1 [00:00<?, ?it/s]
100%|██████████| 1/1 [00:00<00:00,  5.33it/s]
100%|██████████| 1/1 [00:00<00:00,  5.33it/s]

  0%|          | 0/1 [00:00<?, ?it/s]
100%|██████████| 1/1 [00:00<00:00,  5.47it/s]
100%|██████████| 1/1 [00:00<00:00,  5.46it/s]

  0%|          | 0/1 [00:00<?, ?it/s]
100%|██████████| 1/1 [00:00<00:00,  5.23it/s]
100%|██████████| 1/1 [00:00<00:00,  5.22it/s]

  0%|          | 0/1 [00:00<?, ?it/s]
100%|██████████| 1/1 [00:00<00:00,  5.72it/s]
100%|██████████| 1/1 [00:00<00:00,  5.71it/s]

  0%|          | 0/1 [00:00<?, ?it/s]
100%|██████████| 1/1 [00:00<00:00,  5.62it/s]
100%|██████████| 1/1 [00:00<00:00,  5.61it/s]

  0%|          | 0/1 [00:00<?, ?it/s]
100%|██████████| 1/1 [00:00<00:00,  5.58it/s]
100%|██████████| 1/1 [00:00<00:00,  5.57it/s]

  0%|          | 0/1 [00:00<?, ?it/s]
100%|██████████| 1/1 [00:00<00:00,  4.99it/s]
100%|██████████| 1/1 [00:00<00:00,  4.99it/s]

  0%|          | 0/1 [00:00<?, ?it/s]
100%|██████████| 1/1 [00:00<00:00,  5.01it/s]
100%|██████████| 1/1 [00:00<00:00,  5.01it/s]

  0%|          | 0/1 [00:00<?, ?it/s]
100%|██████████| 1/1 [00:00<00:00,  5.27it/s]
100%|██████████| 1/1 [00:00<00:00,  5.26it/s]

  0%|          | 0/1 [00:00<?, ?it/s]
100%|██████████| 1/1 [00:00<00:00,  5.74it/s]
100%|██████████| 1/1 [00:00<00:00,  5.73it/s]

  0%|          | 0/1 [00:00<?, ?it/s]
100%|██████████| 1/1 [00:00<00:00,  3.76it/s]
100%|██████████| 1/1 [00:00<00:00,  3.75it/s]

  0%|          | 0/1 [00:00<?, ?it/s]
100%|██████████| 1/1 [00:00<00:00,  3.16it/s]
100%|██████████| 1/1 [00:00<00:00,  3.16it/s]

  0%|          | 0/1 [00:00<?, ?it/s]
100%|██████████| 1/1 [00:00<00:00,  2.69it/s]
100%|██████████| 1/1 [00:00<00:00,  2.69it/s]

  0%|          | 0/1 [00:00<?, ?it/s]
100%|██████████| 1/1 [00:00<00:00,  3.50it/s]
100%|██████████| 1/1 [00:00<00:00,  3.50it/s]

  0%|          | 0/1 [00:00<?, ?it/s]
100%|██████████| 1/1 [00:00<00:00,  4.59it/s]
100%|██████████| 1/1 [00:00<00:00,  4.58it/s]

  0%|          | 0/1 [00:00<?, ?it/s]
100%|██████████| 1/1 [00:00<00:00,  5.31it/s]
100%|██████████| 1/1 [00:00<00:00,  5.30it/s]

  0%|          | 0/1 [00:00<?, ?it/s]
100%|██████████| 1/1 [00:00<00:00,  4.06it/s]
100%|██████████| 1/1 [00:00<00:00,  4.05it/s]

  0%|          | 0/1 [00:00<?, ?it/s]
100%|██████████| 1/1 [00:00<00:00,  4.10it/s]
100%|██████████| 1/1 [00:00<00:00,  4.10it/s]

  0%|          | 0/1 [00:00<?, ?it/s]
100%|██████████| 1/1 [00:00<00:00,  4.20it/s]
100%|██████████| 1/1 [00:00<00:00,  4.20it/s]

  0%|          | 0/1 [00:00<?, ?it/s]
100%|██████████| 1/1 [00:00<00:00,  1.91it/s]
100%|██████████| 1/1 [00:00<00:00,  1.91it/s]

  0%|          | 0/1 [00:00<?, ?it/s]
100%|██████████| 1/1 [00:00<00:00,  3.64it/s]
100%|██████████| 1/1 [00:00<00:00,  3.63it/s]

  0%|          | 0/1 [00:00<?, ?it/s]
100%|██████████| 1/1 [00:00<00:00,  4.44it/s]
100%|██████████| 1/1 [00:00<00:00,  4.43it/s]

  0%|          | 0/1 [00:00<?, ?it/s]
100%|██████████| 1/1 [00:00<00:00,  3.99it/s]
100%|██████████| 1/1 [00:00<00:00,  3.99it/s]

  0%|          | 0/1 [00:00<?, ?it/s]
100%|██████████| 1/1 [00:00<00:00,  4.37it/s]
100%|██████████| 1/1 [00:00<00:00,  4.36it/s]

  0%|          | 0/1 [00:00<?, ?it/s]
100%|██████████| 1/1 [00:00<00:00,  3.84it/s]
100%|██████████| 1/1 [00:00<00:00,  3.83it/s]

  0%|          | 0/1 [00:00<?, ?it/s]
100%|██████████| 1/1 [00:00<00:00,  1.75it/s]
100%|██████████| 1/1 [00:00<00:00,  1.74it/s]

  0%|          | 0/1 [00:00<?, ?it/s]
100%|██████████| 1/1 [00:00<00:00,  4.01it/s]
100%|██████████| 1/1 [00:00<00:00,  4.01it/s]

  0%|          | 0/1 [00:00<?, ?it/s]
100%|██████████| 1/1 [00:00<00:00,  3.91it/s]
100%|██████████| 1/1 [00:00<00:00,  3.90it/s]

  0%|          | 0/1 [00:00<?, ?it/s]
100%|██████████| 1/1 [00:00<00:00,  4.21it/s]
100%|██████████| 1/1 [00:00<00:00,  4.20it/s]

  0%|          | 0/1 [00:00<?, ?it/s]
100%|██████████| 1/1 [00:00<00:00,  4.60it/s]
100%|██████████| 1/1 [00:00<00:00,  4.59it/s]

  0%|          | 0/1 [00:00<?, ?it/s]
100%|██████████| 1/1 [00:00<00:00,  2.03it/s]
100%|██████████| 1/1 [00:00<00:00,  2.03it/s]

  0%|          | 0/1 [00:00<?, ?it/s]
100%|██████████| 1/1 [00:00<00:00,  3.66it/s]
100%|██████████| 1/1 [00:00<00:00,  3.66it/s]

  0%|          | 0/1 [00:00<?, ?it/s]
100%|██████████| 1/1 [00:00<00:00,  3.10it/s]
100%|██████████| 1/1 [00:00<00:00,  3.10it/s]

  0%|          | 0/1 [00:00<?, ?it/s]
100%|██████████| 1/1 [00:00<00:00,  4.02it/s]
100%|██████████| 1/1 [00:00<00:00,  4.02it/s]

  0%|          | 0/1 [00:00<?, ?it/s]
100%|██████████| 1/1 [00:00<00:00,  4.21it/s]
100%|██████████| 1/1 [00:00<00:00,  4.20it/s]

  0%|          | 0/1 [00:00<?, ?it/s]
100%|██████████| 1/1 [00:00<00:00,  2.21it/s]
100%|██████████| 1/1 [00:00<00:00,  2.21it/s]

  0%|          | 0/1 [00:00<?, ?it/s]
100%|██████████| 1/1 [00:00<00:00,  2.80it/s]
100%|██████████| 1/1 [00:00<00:00,  2.80it/s]

  0%|          | 0/1 [00:00<?, ?it/s]
100%|██████████| 1/1 [00:00<00:00,  2.55it/s]
100%|██████████| 1/1 [00:00<00:00,  2.55it/s]

  0%|          | 0/1 [00:00<?, ?it/s]
100%|██████████| 1/1 [00:00<00:00,  4.23it/s]
100%|██████████| 1/1 [00:00<00:00,  4.23it/s]

  0%|          | 0/1 [00:00<?, ?it/s]
100%|██████████| 1/1 [00:00<00:00,  4.19it/s]
100%|██████████| 1/1 [00:00<00:00,  4.18it/s]

  0%|          | 0/1 [00:00<?, ?it/s]
100%|██████████| 1/1 [00:00<00:00,  3.67it/s]
100%|██████████| 1/1 [00:00<00:00,  3.66it/s]

  0%|          | 0/1 [00:00<?, ?it/s]
100%|██████████| 1/1 [00:00<00:00,  4.02it/s]
100%|██████████| 1/1 [00:00<00:00,  4.02it/s]

  0%|          | 0/1 [00:00<?, ?it/s]
100%|██████████| 1/1 [00:00<00:00,  4.18it/s]
100%|██████████| 1/1 [00:00<00:00,  4.18it/s]

  0%|          | 0/1 [00:00<?, ?it/s]
100%|██████████| 1/1 [00:00<00:00,  4.42it/s]
100%|██████████| 1/1 [00:00<00:00,  4.42it/s]

  0%|          | 0/1 [00:00<?, ?it/s]
100%|██████████| 1/1 [00:00<00:00,  4.26it/s]
100%|██████████| 1/1 [00:00<00:00,  4.26it/s]

  0%|          | 0/1 [00:00<?, ?it/s]
100%|██████████| 1/1 [00:00<00:00,  3.57it/s]
100%|██████████| 1/1 [00:00<00:00,  3.56it/s]

  0%|          | 0/1 [00:00<?, ?it/s]
100%|██████████| 1/1 [00:00<00:00,  4.29it/s]
100%|██████████| 1/1 [00:00<00:00,  4.29it/s]

  0%|          | 0/1 [00:00<?, ?it/s]
100%|██████████| 1/1 [00:00<00:00,  4.78it/s]
100%|██████████| 1/1 [00:00<00:00,  4.78it/s]

  0%|          | 0/1 [00:00<?, ?it/s]
100%|██████████| 1/1 [00:00<00:00,  4.31it/s]
100%|██████████| 1/1 [00:00<00:00,  4.30it/s]

  0%|          | 0/1 [00:00<?, ?it/s]
100%|██████████| 1/1 [00:00<00:00,  4.52it/s]
100%|██████████| 1/1 [00:00<00:00,  4.52it/s]

  0%|          | 0/1 [00:00<?, ?it/s]
100%|██████████| 1/1 [00:00<00:00,  4.47it/s]
100%|██████████| 1/1 [00:00<00:00,  4.46it/s]

  0%|          | 0/1 [00:00<?, ?it/s]
100%|██████████| 1/1 [00:00<00:00,  2.33it/s]
100%|██████████| 1/1 [00:00<00:00,  2.33it/s]

  0%|          | 0/1 [00:00<?, ?it/s]
100%|██████████| 1/1 [00:00<00:00,  3.15it/s]
100%|██████████| 1/1 [00:00<00:00,  3.15it/s]

  0%|          | 0/1 [00:00<?, ?it/s]
100%|██████████| 1/1 [00:00<00:00,  3.85it/s]
100%|██████████| 1/1 [00:00<00:00,  3.85it/s]

  0%|          | 0/1 [00:00<?, ?it/s]
100%|██████████| 1/1 [00:00<00:00,  4.12it/s]
100%|██████████| 1/1 [00:00<00:00,  4.12it/s]

  0%|          | 0/1 [00:00<?, ?it/s]
100%|██████████| 1/1 [00:00<00:00,  3.89it/s]
100%|██████████| 1/1 [00:00<00:00,  3.88it/s]

  0%|          | 0/1 [00:00<?, ?it/s]
100%|██████████| 1/1 [00:00<00:00,  3.58it/s]
100%|██████████| 1/1 [00:00<00:00,  3.58it/s]

  0%|          | 0/1 [00:00<?, ?it/s]
100%|██████████| 1/1 [00:00<00:00,  4.33it/s]
100%|██████████| 1/1 [00:00<00:00,  4.32it/s]

  0%|          | 0/1 [00:00<?, ?it/s]
100%|██████████| 1/1 [00:00<00:00,  3.23it/s]
100%|██████████| 1/1 [00:00<00:00,  3.23it/s]

  0%|          | 0/1 [00:00<?, ?it/s]
100%|██████████| 1/1 [00:00<00:00,  4.02it/s]
100%|██████████| 1/1 [00:00<00:00,  4.02it/s]

  0%|          | 0/1 [00:00<?, ?it/s]
100%|██████████| 1/1 [00:00<00:00,  4.09it/s]
100%|██████████| 1/1 [00:00<00:00,  4.09it/s]

  0%|          | 0/1 [00:00<?, ?it/s]
100%|██████████| 1/1 [00:00<00:00,  4.52it/s]
100%|██████████| 1/1 [00:00<00:00,  4.51it/s]

  0%|          | 0/1 [00:00<?, ?it/s]
100%|██████████| 1/1 [00:00<00:00,  4.84it/s]
100%|██████████| 1/1 [00:00<00:00,  4.83it/s]

  0%|          | 0/1 [00:00<?, ?it/s]
100%|██████████| 1/1 [00:00<00:00,  4.41it/s]
100%|██████████| 1/1 [00:00<00:00,  4.41it/s]

  0%|          | 0/1 [00:00<?, ?it/s]
100%|██████████| 1/1 [00:00<00:00,  4.25it/s]
100%|██████████| 1/1 [00:00<00:00,  4.25it/s]

  0%|          | 0/1 [00:00<?, ?it/s]
100%|██████████| 1/1 [00:00<00:00,  3.98it/s]
100%|██████████| 1/1 [00:00<00:00,  3.98it/s]

  0%|          | 0/1 [00:00<?, ?it/s]
100%|██████████| 1/1 [00:00<00:00,  3.82it/s]
100%|██████████| 1/1 [00:00<00:00,  3.81it/s]

  0%|          | 0/1 [00:00<?, ?it/s]
100%|██████████| 1/1 [00:00<00:00,  4.42it/s]
100%|██████████| 1/1 [00:00<00:00,  4.41it/s]

  0%|          | 0/1 [00:00<?, ?it/s]
100%|██████████| 1/1 [00:00<00:00,  4.29it/s]
100%|██████████| 1/1 [00:00<00:00,  4.29it/s]

  0%|          | 0/1 [00:00<?, ?it/s]
100%|██████████| 1/1 [00:00<00:00,  4.60it/s]
100%|██████████| 1/1 [00:00<00:00,  4.59it/s]

  0%|          | 0/1 [00:00<?, ?it/s]
100%|██████████| 1/1 [00:00<00:00,  4.94it/s]
100%|██████████| 1/1 [00:00<00:00,  4.94it/s]

  0%|          | 0/1 [00:00<?, ?it/s]
100%|██████████| 1/1 [00:00<00:00,  5.39it/s]
100%|██████████| 1/1 [00:00<00:00,  5.39it/s]

  0%|          | 0/1 [00:00<?, ?it/s]
100%|██████████| 1/1 [00:00<00:00,  5.36it/s]
100%|██████████| 1/1 [00:00<00:00,  5.35it/s]

  0%|          | 0/1 [00:00<?, ?it/s]
100%|██████████| 1/1 [00:00<00:00,  5.04it/s]
100%|██████████| 1/1 [00:00<00:00,  5.03it/s]

  0%|          | 0/1 [00:00<?, ?it/s]
100%|██████████| 1/1 [00:00<00:00,  5.05it/s]
100%|██████████| 1/1 [00:00<00:00,  5.04it/s]

  0%|          | 0/1 [00:00<?, ?it/s]
100%|██████████| 1/1 [00:00<00:00,  4.92it/s]
100%|██████████| 1/1 [00:00<00:00,  4.91it/s]

  0%|          | 0/1 [00:00<?, ?it/s]
100%|██████████| 1/1 [00:00<00:00,  4.89it/s]
100%|██████████| 1/1 [00:00<00:00,  4.88it/s]

  0%|          | 0/1 [00:00<?, ?it/s]
100%|██████████| 1/1 [00:00<00:00,  5.11it/s]
100%|██████████| 1/1 [00:00<00:00,  5.10it/s]

  0%|          | 0/1 [00:00<?, ?it/s]
100%|██████████| 1/1 [00:00<00:00,  5.06it/s]
100%|██████████| 1/1 [00:00<00:00,  5.05it/s]

  0%|          | 0/1 [00:00<?, ?it/s]
100%|██████████| 1/1 [00:00<00:00,  4.96it/s]
100%|██████████| 1/1 [00:00<00:00,  4.96it/s]

  0%|          | 0/1 [00:00<?, ?it/s]
100%|██████████| 1/1 [00:00<00:00,  4.45it/s]
100%|██████████| 1/1 [00:00<00:00,  4.45it/s]

  0%|          | 0/1 [00:00<?, ?it/s]
100%|██████████| 1/1 [00:00<00:00,  4.78it/s]
100%|██████████| 1/1 [00:00<00:00,  4.77it/s]

  0%|          | 0/1 [00:00<?, ?it/s]
100%|██████████| 1/1 [00:00<00:00,  4.80it/s]
100%|██████████| 1/1 [00:00<00:00,  4.79it/s]

  0%|          | 0/1 [00:00<?, ?it/s]
100%|██████████| 1/1 [00:00<00:00,  4.90it/s]
100%|██████████| 1/1 [00:00<00:00,  4.89it/s]

  0%|          | 0/1 [00:00<?, ?it/s]
100%|██████████| 1/1 [00:00<00:00,  4.66it/s]
100%|██████████| 1/1 [00:00<00:00,  4.65it/s]

  0%|          | 0/1 [00:00<?, ?it/s]
100%|██████████| 1/1 [00:00<00:00,  4.74it/s]
100%|██████████| 1/1 [00:00<00:00,  4.74it/s]

  0%|          | 0/1 [00:00<?, ?it/s]
100%|██████████| 1/1 [00:00<00:00,  4.96it/s]
100%|██████████| 1/1 [00:00<00:00,  4.95it/s]

  0%|          | 0/1 [00:00<?, ?it/s]
100%|██████████| 1/1 [00:00<00:00,  4.62it/s]
100%|██████████| 1/1 [00:00<00:00,  4.61it/s]

  0%|          | 0/1 [00:00<?, ?it/s]
100%|██████████| 1/1 [00:00<00:00,  5.46it/s]
100%|██████████| 1/1 [00:00<00:00,  5.46it/s]

  0%|          | 0/1 [00:00<?, ?it/s]
100%|██████████| 1/1 [00:00<00:00,  5.38it/s]
100%|██████████| 1/1 [00:00<00:00,  5.37it/s]

  0%|          | 0/1 [00:00<?, ?it/s]
100%|██████████| 1/1 [00:00<00:00,  5.53it/s]
100%|██████████| 1/1 [00:00<00:00,  5.52it/s]

  0%|          | 0/1 [00:00<?, ?it/s]
100%|██████████| 1/1 [00:00<00:00,  5.49it/s]
100%|██████████| 1/1 [00:00<00:00,  5.48it/s]

  0%|          | 0/1 [00:00<?, ?it/s]
100%|██████████| 1/1 [00:00<00:00,  5.15it/s]
100%|██████████| 1/1 [00:00<00:00,  5.14it/s]

  0%|          | 0/1 [00:00<?, ?it/s]
100%|██████████| 1/1 [00:00<00:00,  5.32it/s]
100%|██████████| 1/1 [00:00<00:00,  5.31it/s]

  0%|          | 0/1 [00:00<?, ?it/s]
100%|██████████| 1/1 [00:00<00:00,  5.37it/s]
100%|██████████| 1/1 [00:00<00:00,  5.36it/s]

  0%|          | 0/1 [00:00<?, ?it/s]
100%|██████████| 1/1 [00:00<00:00,  5.32it/s]
100%|██████████| 1/1 [00:00<00:00,  5.32it/s]

  0%|          | 0/1 [00:00<?, ?it/s]
100%|██████████| 1/1 [00:00<00:00,  5.27it/s]
100%|██████████| 1/1 [00:00<00:00,  5.26it/s]

  0%|          | 0/1 [00:00<?, ?it/s]
100%|██████████| 1/1 [00:00<00:00,  5.60it/s]
100%|██████████| 1/1 [00:00<00:00,  5.59it/s]

  0%|          | 0/1 [00:00<?, ?it/s]
100%|██████████| 1/1 [00:00<00:00,  5.61it/s]
100%|██████████| 1/1 [00:00<00:00,  5.60it/s]

  0%|          | 0/1 [00:00<?, ?it/s]
100%|██████████| 1/1 [00:00<00:00,  5.61it/s]
100%|██████████| 1/1 [00:00<00:00,  5.60it/s]

  0%|          | 0/1 [00:00<?, ?it/s]
100%|██████████| 1/1 [00:00<00:00,  5.61it/s]
100%|██████████| 1/1 [00:00<00:00,  5.61it/s]

  0%|          | 0/1 [00:00<?, ?it/s]
100%|██████████| 1/1 [00:00<00:00,  5.61it/s]
100%|██████████| 1/1 [00:00<00:00,  5.60it/s]

  0%|          | 0/1 [00:00<?, ?it/s]
100%|██████████| 1/1 [00:00<00:00,  5.60it/s]
100%|██████████| 1/1 [00:00<00:00,  5.60it/s]

  0%|          | 0/1 [00:00<?, ?it/s]
100%|██████████| 1/1 [00:00<00:00,  5.57it/s]
100%|██████████| 1/1 [00:00<00:00,  5.57it/s]

  0%|          | 0/1 [00:00<?, ?it/s]
100%|██████████| 1/1 [00:00<00:00,  5.64it/s]
100%|██████████| 1/1 [00:00<00:00,  5.63it/s]

  0%|          | 0/1 [00:00<?, ?it/s]
100%|██████████| 1/1 [00:00<00:00,  5.61it/s]
100%|██████████| 1/1 [00:00<00:00,  5.61it/s]

  0%|          | 0/1 [00:00<?, ?it/s]
100%|██████████| 1/1 [00:00<00:00,  5.57it/s]
100%|██████████| 1/1 [00:00<00:00,  5.56it/s]

  0%|          | 0/1 [00:00<?, ?it/s]
100%|██████████| 1/1 [00:00<00:00,  5.59it/s]
100%|██████████| 1/1 [00:00<00:00,  5.58it/s]

  0%|          | 0/1 [00:00<?, ?it/s]
100%|██████████| 1/1 [00:00<00:00,  5.59it/s]
100%|██████████| 1/1 [00:00<00:00,  5.59it/s]

  0%|          | 0/1 [00:00<?, ?it/s]
100%|██████████| 1/1 [00:00<00:00,  5.61it/s]
100%|██████████| 1/1 [00:00<00:00,  5.60it/s]

  0%|          | 0/1 [00:00<?, ?it/s]
100%|██████████| 1/1 [00:00<00:00,  4.95it/s]
100%|██████████| 1/1 [00:00<00:00,  4.94it/s]

  0%|          | 0/1 [00:00<?, ?it/s]
100%|██████████| 1/1 [00:00<00:00,  4.74it/s]
100%|██████████| 1/1 [00:00<00:00,  4.74it/s]

  0%|          | 0/1 [00:00<?, ?it/s]
100%|██████████| 1/1 [00:00<00:00,  4.78it/s]
100%|██████████| 1/1 [00:00<00:00,  4.78it/s]

  0%|          | 0/1 [00:00<?, ?it/s]
100%|██████████| 1/1 [00:00<00:00,  4.83it/s]
100%|██████████| 1/1 [00:00<00:00,  4.83it/s]

  0%|          | 0/1 [00:00<?, ?it/s]
100%|██████████| 1/1 [00:00<00:00,  5.47it/s]
100%|██████████| 1/1 [00:00<00:00,  5.46it/s]

  0%|          | 0/1 [00:00<?, ?it/s]
100%|██████████| 1/1 [00:00<00:00,  5.39it/s]
100%|██████████| 1/1 [00:00<00:00,  5.38it/s]

  0%|          | 0/1 [00:00<?, ?it/s]
100%|██████████| 1/1 [00:00<00:00,  5.37it/s]
100%|██████████| 1/1 [00:00<00:00,  5.36it/s]

  0%|          | 0/1 [00:00<?, ?it/s]
100%|██████████| 1/1 [00:00<00:00,  5.38it/s]
100%|██████████| 1/1 [00:00<00:00,  5.37it/s]

  0%|          | 0/1 [00:00<?, ?it/s]
100%|██████████| 1/1 [00:00<00:00,  5.54it/s]
100%|██████████| 1/1 [00:00<00:00,  5.53it/s]

  0%|          | 0/1 [00:00<?, ?it/s]
100%|██████████| 1/1 [00:00<00:00,  5.41it/s]
100%|██████████| 1/1 [00:00<00:00,  5.40it/s]

  0%|          | 0/1 [00:00<?, ?it/s]
100%|██████████| 1/1 [00:00<00:00,  5.01it/s]
100%|██████████| 1/1 [00:00<00:00,  5.00it/s]

  0%|          | 0/1 [00:00<?, ?it/s]
100%|██████████| 1/1 [00:00<00:00,  5.26it/s]
100%|██████████| 1/1 [00:00<00:00,  5.25it/s]

  0%|          | 0/1 [00:00<?, ?it/s]
100%|██████████| 1/1 [00:00<00:00,  5.47it/s]
100%|██████████| 1/1 [00:00<00:00,  5.46it/s]

  0%|          | 0/1 [00:00<?, ?it/s]
100%|██████████| 1/1 [00:00<00:00,  5.02it/s]
100%|██████████| 1/1 [00:00<00:00,  5.01it/s]

  0%|          | 0/1 [00:00<?, ?it/s]
100%|██████████| 1/1 [00:00<00:00,  5.54it/s]
100%|██████████| 1/1 [00:00<00:00,  5.53it/s]

  0%|          | 0/1 [00:00<?, ?it/s]
100%|██████████| 1/1 [00:00<00:00,  5.40it/s]
100%|██████████| 1/1 [00:00<00:00,  5.39it/s]

  0%|          | 0/1 [00:00<?, ?it/s]
100%|██████████| 1/1 [00:00<00:00,  5.41it/s]
100%|██████████| 1/1 [00:00<00:00,  5.40it/s]

  0%|          | 0/1 [00:00<?, ?it/s]
100%|██████████| 1/1 [00:00<00:00,  5.36it/s]
100%|██████████| 1/1 [00:00<00:00,  5.35it/s]

  0%|          | 0/1 [00:00<?, ?it/s]
100%|██████████| 1/1 [00:00<00:00,  5.36it/s]
100%|██████████| 1/1 [00:00<00:00,  5.35it/s]

  0%|          | 0/1 [00:00<?, ?it/s]
100%|██████████| 1/1 [00:00<00:00,  4.85it/s]
100%|██████████| 1/1 [00:00<00:00,  4.84it/s]

  0%|          | 0/1 [00:00<?, ?it/s]
100%|██████████| 1/1 [00:00<00:00,  4.73it/s]
100%|██████████| 1/1 [00:00<00:00,  4.73it/s]

  0%|          | 0/1 [00:00<?, ?it/s]
100%|██████████| 1/1 [00:00<00:00,  4.44it/s]
100%|██████████| 1/1 [00:00<00:00,  4.44it/s]

  0%|          | 0/1 [00:00<?, ?it/s]
100%|██████████| 1/1 [00:00<00:00,  4.83it/s]
100%|██████████| 1/1 [00:00<00:00,  4.82it/s]

  0%|          | 0/1 [00:00<?, ?it/s]
100%|██████████| 1/1 [00:00<00:00,  4.96it/s]
100%|██████████| 1/1 [00:00<00:00,  4.95it/s]

  0%|          | 0/1 [00:00<?, ?it/s]
100%|██████████| 1/1 [00:00<00:00,  5.18it/s]
100%|██████████| 1/1 [00:00<00:00,  5.18it/s]

  0%|          | 0/1 [00:00<?, ?it/s]
100%|██████████| 1/1 [00:00<00:00,  4.81it/s]
100%|██████████| 1/1 [00:00<00:00,  4.80it/s]

  0%|          | 0/1 [00:00<?, ?it/s]
100%|██████████| 1/1 [00:00<00:00,  5.19it/s]
100%|██████████| 1/1 [00:00<00:00,  5.18it/s]

  0%|          | 0/1 [00:00<?, ?it/s]
100%|██████████| 1/1 [00:00<00:00,  5.32it/s]
100%|██████████| 1/1 [00:00<00:00,  5.31it/s]

  0%|          | 0/1 [00:00<?, ?it/s]
100%|██████████| 1/1 [00:00<00:00,  4.96it/s]
100%|██████████| 1/1 [00:00<00:00,  4.95it/s]

  0%|          | 0/1 [00:00<?, ?it/s]
100%|██████████| 1/1 [00:00<00:00,  4.64it/s]
100%|██████████| 1/1 [00:00<00:00,  4.64it/s]

  0%|          | 0/1 [00:00<?, ?it/s]
100%|██████████| 1/1 [00:00<00:00,  1.37it/s]
100%|██████████| 1/1 [00:00<00:00,  1.37it/s]

  0%|          | 0/1 [00:00<?, ?it/s]
100%|██████████| 1/1 [00:00<00:00,  3.97it/s]
100%|██████████| 1/1 [00:00<00:00,  3.96it/s]

  0%|          | 0/1 [00:00<?, ?it/s]
100%|██████████| 1/1 [00:00<00:00,  3.99it/s]
100%|██████████| 1/1 [00:00<00:00,  3.98it/s]

  0%|          | 0/1 [00:00<?, ?it/s]
100%|██████████| 1/1 [00:00<00:00,  4.01it/s]
100%|██████████| 1/1 [00:00<00:00,  4.01it/s]

  0%|          | 0/1 [00:00<?, ?it/s]
100%|██████████| 1/1 [00:00<00:00,  2.20it/s]
100%|██████████| 1/1 [00:00<00:00,  2.20it/s]

  0%|          | 0/1 [00:00<?, ?it/s]
100%|██████████| 1/1 [00:00<00:00,  4.28it/s]
100%|██████████| 1/1 [00:00<00:00,  4.28it/s]

  0%|          | 0/1 [00:00<?, ?it/s]
100%|██████████| 1/1 [00:00<00:00,  3.66it/s]
100%|██████████| 1/1 [00:00<00:00,  3.66it/s]

  0%|          | 0/1 [00:00<?, ?it/s]
100%|██████████| 1/1 [00:00<00:00,  3.09it/s]
100%|██████████| 1/1 [00:00<00:00,  3.09it/s]

  0%|          | 0/1 [00:00<?, ?it/s]
100%|██████████| 1/1 [00:00<00:00,  4.00it/s]
100%|██████████| 1/1 [00:00<00:00,  3.99it/s]

  0%|          | 0/1 [00:00<?, ?it/s]
100%|██████████| 1/1 [00:00<00:00,  4.32it/s]
100%|██████████| 1/1 [00:00<00:00,  4.32it/s]

  0%|          | 0/1 [00:00<?, ?it/s]
100%|██████████| 1/1 [00:00<00:00,  4.25it/s]
100%|██████████| 1/1 [00:00<00:00,  4.25it/s]

  0%|          | 0/1 [00:00<?, ?it/s]
100%|██████████| 1/1 [00:00<00:00,  4.17it/s]
100%|██████████| 1/1 [00:00<00:00,  4.16it/s]

  0%|          | 0/1 [00:00<?, ?it/s]
100%|██████████| 1/1 [00:00<00:00,  4.44it/s]
100%|██████████| 1/1 [00:00<00:00,  4.43it/s]

  0%|          | 0/1 [00:00<?, ?it/s]
100%|██████████| 1/1 [00:00<00:00,  4.03it/s]
100%|██████████| 1/1 [00:00<00:00,  4.03it/s]

  0%|          | 0/1 [00:00<?, ?it/s]
100%|██████████| 1/1 [00:00<00:00,  3.84it/s]
100%|██████████| 1/1 [00:00<00:00,  3.84it/s]

  0%|          | 0/1 [00:00<?, ?it/s]
100%|██████████| 1/1 [00:00<00:00,  4.81it/s]
100%|██████████| 1/1 [00:00<00:00,  4.80it/s]

  0%|          | 0/1 [00:00<?, ?it/s]
100%|██████████| 1/1 [00:00<00:00,  4.89it/s]
100%|██████████| 1/1 [00:00<00:00,  4.88it/s]

  0%|          | 0/1 [00:00<?, ?it/s]
100%|██████████| 1/1 [00:00<00:00,  5.56it/s]
100%|██████████| 1/1 [00:00<00:00,  5.55it/s]

  0%|          | 0/1 [00:00<?, ?it/s]
100%|██████████| 1/1 [00:00<00:00,  5.53it/s]
100%|██████████| 1/1 [00:00<00:00,  5.52it/s]

  0%|          | 0/1 [00:00<?, ?it/s]
100%|██████████| 1/1 [00:00<00:00,  4.47it/s]
100%|██████████| 1/1 [00:00<00:00,  4.46it/s]

  0%|          | 0/1 [00:00<?, ?it/s]
100%|██████████| 1/1 [00:00<00:00,  4.35it/s]
100%|██████████| 1/1 [00:00<00:00,  4.34it/s]

  0%|          | 0/1 [00:00<?, ?it/s]
100%|██████████| 1/1 [00:00<00:00,  3.75it/s]
100%|██████████| 1/1 [00:00<00:00,  3.75it/s]

  0%|          | 0/1 [00:00<?, ?it/s]
100%|██████████| 1/1 [00:00<00:00,  4.27it/s]
100%|██████████| 1/1 [00:00<00:00,  4.26it/s]

  0%|          | 0/1 [00:00<?, ?it/s]
100%|██████████| 1/1 [00:00<00:00,  4.67it/s]
100%|██████████| 1/1 [00:00<00:00,  4.66it/s]

  0%|          | 0/1 [00:00<?, ?it/s]
100%|██████████| 1/1 [00:00<00:00,  4.77it/s]
100%|██████████| 1/1 [00:00<00:00,  4.76it/s]

  0%|          | 0/1 [00:00<?, ?it/s]
100%|██████████| 1/1 [00:00<00:00,  4.75it/s]
100%|██████████| 1/1 [00:00<00:00,  4.74it/s]

  0%|          | 0/1 [00:00<?, ?it/s]
100%|██████████| 1/1 [00:00<00:00,  4.45it/s]
100%|██████████| 1/1 [00:00<00:00,  4.44it/s]

  0%|          | 0/1 [00:00<?, ?it/s]
100%|██████████| 1/1 [00:00<00:00,  5.18it/s]
100%|██████████| 1/1 [00:00<00:00,  5.18it/s]

  0%|          | 0/1 [00:00<?, ?it/s]
100%|██████████| 1/1 [00:00<00:00,  4.36it/s]
100%|██████████| 1/1 [00:00<00:00,  4.36it/s]

  0%|          | 0/1 [00:00<?, ?it/s]
100%|██████████| 1/1 [00:00<00:00,  4.37it/s]
100%|██████████| 1/1 [00:00<00:00,  4.36it/s]

  0%|          | 0/1 [00:00<?, ?it/s]
100%|██████████| 1/1 [00:00<00:00,  5.28it/s]
100%|██████████| 1/1 [00:00<00:00,  5.27it/s]

  0%|          | 0/1 [00:00<?, ?it/s]
100%|██████████| 1/1 [00:00<00:00,  5.46it/s]
100%|██████████| 1/1 [00:00<00:00,  5.45it/s]

  0%|          | 0/1 [00:00<?, ?it/s]
100%|██████████| 1/1 [00:00<00:00,  5.47it/s]
100%|██████████| 1/1 [00:00<00:00,  5.46it/s]

  0%|          | 0/1 [00:00<?, ?it/s]
100%|██████████| 1/1 [00:00<00:00,  5.54it/s]
100%|██████████| 1/1 [00:00<00:00,  5.53it/s]

  0%|          | 0/1 [00:00<?, ?it/s]
100%|██████████| 1/1 [00:00<00:00,  5.04it/s]
100%|██████████| 1/1 [00:00<00:00,  5.03it/s]

  0%|          | 0/1 [00:00<?, ?it/s]
100%|██████████| 1/1 [00:00<00:00,  5.13it/s]
100%|██████████| 1/1 [00:00<00:00,  5.13it/s]

  0%|          | 0/1 [00:00<?, ?it/s]
100%|██████████| 1/1 [00:00<00:00,  4.92it/s]
100%|██████████| 1/1 [00:00<00:00,  4.92it/s]

  0%|          | 0/1 [00:00<?, ?it/s]
100%|██████████| 1/1 [00:00<00:00,  2.81it/s]
100%|██████████| 1/1 [00:00<00:00,  2.80it/s]

  0%|          | 0/1 [00:00<?, ?it/s]
100%|██████████| 1/1 [00:00<00:00,  4.65it/s]
100%|██████████| 1/1 [00:00<00:00,  4.65it/s]

  0%|          | 0/1 [00:00<?, ?it/s]
100%|██████████| 1/1 [00:00<00:00,  4.51it/s]
100%|██████████| 1/1 [00:00<00:00,  4.50it/s]

  0%|          | 0/1 [00:00<?, ?it/s]
100%|██████████| 1/1 [00:00<00:00,  4.27it/s]
100%|██████████| 1/1 [00:00<00:00,  4.27it/s]

  0%|          | 0/1 [00:00<?, ?it/s]
100%|██████████| 1/1 [00:00<00:00,  4.67it/s]
100%|██████████| 1/1 [00:00<00:00,  4.66it/s]

  0%|          | 0/1 [00:00<?, ?it/s]
100%|██████████| 1/1 [00:00<00:00,  4.71it/s]
100%|██████████| 1/1 [00:00<00:00,  4.71it/s]

  0%|          | 0/1 [00:00<?, ?it/s]
100%|██████████| 1/1 [00:00<00:00,  4.82it/s]
100%|██████████| 1/1 [00:00<00:00,  4.82it/s]

  0%|          | 0/1 [00:00<?, ?it/s]
100%|██████████| 1/1 [00:00<00:00,  4.90it/s]
100%|██████████| 1/1 [00:00<00:00,  4.89it/s]

  0%|          | 0/1 [00:00<?, ?it/s]
100%|██████████| 1/1 [00:00<00:00,  4.71it/s]
100%|██████████| 1/1 [00:00<00:00,  4.71it/s]

  0%|          | 0/1 [00:00<?, ?it/s]
100%|██████████| 1/1 [00:00<00:00,  5.12it/s]
100%|██████████| 1/1 [00:00<00:00,  5.12it/s]

  0%|          | 0/1 [00:00<?, ?it/s]
100%|██████████| 1/1 [00:00<00:00,  5.22it/s]
100%|██████████| 1/1 [00:00<00:00,  5.21it/s]

  0%|          | 0/1 [00:00<?, ?it/s]
100%|██████████| 1/1 [00:00<00:00,  5.01it/s]
100%|██████████| 1/1 [00:00<00:00,  5.01it/s]

  0%|          | 0/1 [00:00<?, ?it/s]
100%|██████████| 1/1 [00:00<00:00,  5.08it/s]
100%|██████████| 1/1 [00:00<00:00,  5.07it/s]

  0%|          | 0/1 [00:00<?, ?it/s]
100%|██████████| 1/1 [00:00<00:00,  5.06it/s]
100%|██████████| 1/1 [00:00<00:00,  5.05it/s]

  0%|          | 0/1 [00:00<?, ?it/s]
100%|██████████| 1/1 [00:00<00:00,  5.09it/s]
100%|██████████| 1/1 [00:00<00:00,  5.08it/s]

  0%|          | 0/1 [00:00<?, ?it/s]
100%|██████████| 1/1 [00:00<00:00,  5.10it/s]
100%|██████████| 1/1 [00:00<00:00,  5.09it/s]

  0%|          | 0/1 [00:00<?, ?it/s]
100%|██████████| 1/1 [00:00<00:00,  5.07it/s]
100%|██████████| 1/1 [00:00<00:00,  5.06it/s]

  0%|          | 0/1 [00:00<?, ?it/s]
100%|██████████| 1/1 [00:00<00:00,  5.14it/s]
100%|██████████| 1/1 [00:00<00:00,  5.13it/s]

  0%|          | 0/1 [00:00<?, ?it/s]
100%|██████████| 1/1 [00:00<00:00,  5.08it/s]
100%|██████████| 1/1 [00:00<00:00,  5.08it/s]

  0%|          | 0/1 [00:00<?, ?it/s]
100%|██████████| 1/1 [00:00<00:00,  5.02it/s]
100%|██████████| 1/1 [00:00<00:00,  5.02it/s]

  0%|          | 0/1 [00:00<?, ?it/s]
100%|██████████| 1/1 [00:00<00:00,  5.03it/s]
100%|██████████| 1/1 [00:00<00:00,  5.02it/s]

  0%|          | 0/1 [00:00<?, ?it/s]
100%|██████████| 1/1 [00:00<00:00,  4.89it/s]
100%|██████████| 1/1 [00:00<00:00,  4.88it/s]

  0%|          | 0/1 [00:00<?, ?it/s]
100%|██████████| 1/1 [00:00<00:00,  4.78it/s]
100%|██████████| 1/1 [00:00<00:00,  4.78it/s]

  0%|          | 0/1 [00:00<?, ?it/s]
100%|██████████| 1/1 [00:00<00:00,  5.19it/s]
100%|██████████| 1/1 [00:00<00:00,  5.18it/s]

  0%|          | 0/1 [00:00<?, ?it/s]
100%|██████████| 1/1 [00:00<00:00,  5.07it/s]
100%|██████████| 1/1 [00:00<00:00,  5.07it/s]

  0%|          | 0/1 [00:00<?, ?it/s]
100%|██████████| 1/1 [00:00<00:00,  4.78it/s]
100%|██████████| 1/1 [00:00<00:00,  4.78it/s]

  0%|          | 0/1 [00:00<?, ?it/s]
100%|██████████| 1/1 [00:00<00:00,  4.82it/s]
100%|██████████| 1/1 [00:00<00:00,  4.81it/s]

  0%|          | 0/1 [00:00<?, ?it/s]
100%|██████████| 1/1 [00:00<00:00,  5.10it/s]
100%|██████████| 1/1 [00:00<00:00,  5.09it/s]

  0%|          | 0/1 [00:00<?, ?it/s]
100%|██████████| 1/1 [00:00<00:00,  5.17it/s]
100%|██████████| 1/1 [00:00<00:00,  5.17it/s]

  0%|          | 0/1 [00:00<?, ?it/s]
100%|██████████| 1/1 [00:00<00:00,  5.52it/s]
100%|██████████| 1/1 [00:00<00:00,  5.51it/s]

  0%|          | 0/1 [00:00<?, ?it/s]
100%|██████████| 1/1 [00:00<00:00,  5.50it/s]
100%|██████████| 1/1 [00:00<00:00,  5.50it/s]

  0%|          | 0/1 [00:00<?, ?it/s]
100%|██████████| 1/1 [00:00<00:00,  5.49it/s]
100%|██████████| 1/1 [00:00<00:00,  5.48it/s]

  0%|          | 0/1 [00:00<?, ?it/s]
100%|██████████| 1/1 [00:00<00:00,  5.46it/s]
100%|██████████| 1/1 [00:00<00:00,  5.45it/s]

  0%|          | 0/1 [00:00<?, ?it/s]
100%|██████████| 1/1 [00:00<00:00,  5.36it/s]
100%|██████████| 1/1 [00:00<00:00,  5.36it/s]

  0%|          | 0/1 [00:00<?, ?it/s]
100%|██████████| 1/1 [00:00<00:00,  5.33it/s]
100%|██████████| 1/1 [00:00<00:00,  5.33it/s]

  0%|          | 0/1 [00:00<?, ?it/s]
100%|██████████| 1/1 [00:00<00:00,  5.34it/s]
100%|██████████| 1/1 [00:00<00:00,  5.33it/s]

  0%|          | 0/1 [00:00<?, ?it/s]
100%|██████████| 1/1 [00:00<00:00,  2.90it/s]
100%|██████████| 1/1 [00:00<00:00,  2.90it/s]

  0%|          | 0/1 [00:00<?, ?it/s]
100%|██████████| 1/1 [00:00<00:00,  5.42it/s]
100%|██████████| 1/1 [00:00<00:00,  5.42it/s]

  0%|          | 0/1 [00:00<?, ?it/s]
100%|██████████| 1/1 [00:00<00:00,  5.47it/s]
100%|██████████| 1/1 [00:00<00:00,  5.46it/s]

  0%|          | 0/1 [00:00<?, ?it/s]
100%|██████████| 1/1 [00:00<00:00,  4.85it/s]
100%|██████████| 1/1 [00:00<00:00,  4.84it/s]

  0%|          | 0/1 [00:00<?, ?it/s]
100%|██████████| 1/1 [00:00<00:00,  5.44it/s]
100%|██████████| 1/1 [00:00<00:00,  5.43it/s]

  0%|          | 0/1 [00:00<?, ?it/s]
100%|██████████| 1/1 [00:00<00:00,  5.42it/s]
100%|██████████| 1/1 [00:00<00:00,  5.41it/s]

  0%|          | 0/1 [00:00<?, ?it/s]
100%|██████████| 1/1 [00:00<00:00,  5.43it/s]
100%|██████████| 1/1 [00:00<00:00,  5.43it/s]

  0%|          | 0/1 [00:00<?, ?it/s]
100%|██████████| 1/1 [00:00<00:00,  5.38it/s]
100%|██████████| 1/1 [00:00<00:00,  5.38it/s]

  0%|          | 0/1 [00:00<?, ?it/s]
100%|██████████| 1/1 [00:00<00:00,  5.08it/s]
100%|██████████| 1/1 [00:00<00:00,  5.07it/s]

  0%|          | 0/1 [00:00<?, ?it/s]
100%|██████████| 1/1 [00:00<00:00,  2.22it/s]
100%|██████████| 1/1 [00:00<00:00,  2.22it/s]

  0%|          | 0/1 [00:00<?, ?it/s]
100%|██████████| 1/1 [00:00<00:00,  5.30it/s]
100%|██████████| 1/1 [00:00<00:00,  5.29it/s]

  0%|          | 0/1 [00:00<?, ?it/s]
100%|██████████| 1/1 [00:00<00:00,  4.21it/s]
100%|██████████| 1/1 [00:00<00:00,  4.21it/s]

  0%|          | 0/1 [00:00<?, ?it/s]
100%|██████████| 1/1 [00:00<00:00,  4.14it/s]
100%|██████████| 1/1 [00:00<00:00,  4.14it/s]

  0%|          | 0/1 [00:00<?, ?it/s]
100%|██████████| 1/1 [00:00<00:00,  4.84it/s]
100%|██████████| 1/1 [00:00<00:00,  4.83it/s]

  0%|          | 0/1 [00:00<?, ?it/s]
100%|██████████| 1/1 [00:00<00:00,  4.98it/s]
100%|██████████| 1/1 [00:00<00:00,  4.97it/s]

  0%|          | 0/1 [00:00<?, ?it/s]
100%|██████████| 1/1 [00:00<00:00,  4.15it/s]
100%|██████████| 1/1 [00:00<00:00,  4.14it/s]

  0%|          | 0/1 [00:00<?, ?it/s]
100%|██████████| 1/1 [00:00<00:00,  4.16it/s]
100%|██████████| 1/1 [00:00<00:00,  4.15it/s]

  0%|          | 0/1 [00:00<?, ?it/s]
100%|██████████| 1/1 [00:00<00:00,  3.85it/s]
100%|██████████| 1/1 [00:00<00:00,  3.85it/s]

  0%|          | 0/1 [00:00<?, ?it/s]
100%|██████████| 1/1 [00:00<00:00,  4.38it/s]
100%|██████████| 1/1 [00:00<00:00,  4.37it/s]

  0%|          | 0/1 [00:00<?, ?it/s]
100%|██████████| 1/1 [00:00<00:00,  4.22it/s]
100%|██████████| 1/1 [00:00<00:00,  4.22it/s]

  0%|          | 0/1 [00:00<?, ?it/s]
100%|██████████| 1/1 [00:00<00:00,  4.37it/s]
100%|██████████| 1/1 [00:00<00:00,  4.36it/s]

  0%|          | 0/1 [00:00<?, ?it/s]
100%|██████████| 1/1 [00:00<00:00,  4.13it/s]
100%|██████████| 1/1 [00:00<00:00,  4.13it/s]

  0%|          | 0/1 [00:00<?, ?it/s]
100%|██████████| 1/1 [00:00<00:00,  4.34it/s]
100%|██████████| 1/1 [00:00<00:00,  4.33it/s]

  0%|          | 0/1 [00:00<?, ?it/s]
100%|██████████| 1/1 [00:00<00:00,  3.51it/s]
100%|██████████| 1/1 [00:00<00:00,  3.50it/s]

  0%|          | 0/1 [00:00<?, ?it/s]
100%|██████████| 1/1 [00:00<00:00,  4.24it/s]
100%|██████████| 1/1 [00:00<00:00,  4.23it/s]

  0%|          | 0/1 [00:00<?, ?it/s]
100%|██████████| 1/1 [00:00<00:00,  4.57it/s]
100%|██████████| 1/1 [00:00<00:00,  4.56it/s]

  0%|          | 0/1 [00:00<?, ?it/s]
100%|██████████| 1/1 [00:00<00:00,  4.47it/s]
100%|██████████| 1/1 [00:00<00:00,  4.46it/s]

  0%|          | 0/1 [00:00<?, ?it/s]
100%|██████████| 1/1 [00:00<00:00,  4.55it/s]
100%|██████████| 1/1 [00:00<00:00,  4.55it/s]

  0%|          | 0/1 [00:00<?, ?it/s]
100%|██████████| 1/1 [00:00<00:00,  4.52it/s]
100%|██████████| 1/1 [00:00<00:00,  4.51it/s]

  0%|          | 0/1 [00:00<?, ?it/s]
100%|██████████| 1/1 [00:00<00:00,  4.46it/s]
100%|██████████| 1/1 [00:00<00:00,  4.46it/s]

  0%|          | 0/1 [00:00<?, ?it/s]
100%|██████████| 1/1 [00:00<00:00,  4.58it/s]
100%|██████████| 1/1 [00:00<00:00,  4.57it/s]

  0%|          | 0/1 [00:00<?, ?it/s]
100%|██████████| 1/1 [00:00<00:00,  4.11it/s]
100%|██████████| 1/1 [00:00<00:00,  4.10it/s]

  0%|          | 0/1 [00:00<?, ?it/s]
100%|██████████| 1/1 [00:00<00:00,  4.25it/s]
100%|██████████| 1/1 [00:00<00:00,  4.24it/s]

  0%|          | 0/1 [00:00<?, ?it/s]
100%|██████████| 1/1 [00:00<00:00,  2.76it/s]
100%|██████████| 1/1 [00:00<00:00,  2.76it/s]

  0%|          | 0/1 [00:00<?, ?it/s]
100%|██████████| 1/1 [00:00<00:00,  4.48it/s]
100%|██████████| 1/1 [00:00<00:00,  4.48it/s]

  0%|          | 0/1 [00:00<?, ?it/s]
100%|██████████| 1/1 [00:00<00:00,  4.98it/s]
100%|██████████| 1/1 [00:00<00:00,  4.97it/s]

  0%|          | 0/1 [00:00<?, ?it/s]
100%|██████████| 1/1 [00:00<00:00,  4.95it/s]
100%|██████████| 1/1 [00:00<00:00,  4.94it/s]

  0%|          | 0/1 [00:00<?, ?it/s]
100%|██████████| 1/1 [00:00<00:00,  5.05it/s]
100%|██████████| 1/1 [00:00<00:00,  5.05it/s]

  0%|          | 0/1 [00:00<?, ?it/s]
100%|██████████| 1/1 [00:00<00:00,  4.94it/s]
100%|██████████| 1/1 [00:00<00:00,  4.94it/s]

  0%|          | 0/1 [00:00<?, ?it/s]
100%|██████████| 1/1 [00:00<00:00,  4.74it/s]
100%|██████████| 1/1 [00:00<00:00,  4.73it/s]

  0%|          | 0/1 [00:00<?, ?it/s]
100%|██████████| 1/1 [00:00<00:00,  4.75it/s]
100%|██████████| 1/1 [00:00<00:00,  4.75it/s]

  0%|          | 0/1 [00:00<?, ?it/s]
100%|██████████| 1/1 [00:00<00:00,  4.97it/s]
100%|██████████| 1/1 [00:00<00:00,  4.97it/s]

  0%|          | 0/1 [00:00<?, ?it/s]
100%|██████████| 1/1 [00:00<00:00,  4.82it/s]
100%|██████████| 1/1 [00:00<00:00,  4.82it/s]

  0%|          | 0/1 [00:00<?, ?it/s]
100%|██████████| 1/1 [00:00<00:00,  4.63it/s]
100%|██████████| 1/1 [00:00<00:00,  4.62it/s]

  0%|          | 0/1 [00:00<?, ?it/s]
100%|██████████| 1/1 [00:00<00:00,  4.87it/s]
100%|██████████| 1/1 [00:00<00:00,  4.87it/s]

  0%|          | 0/1 [00:00<?, ?it/s]
100%|██████████| 1/1 [00:00<00:00,  4.75it/s]
100%|██████████| 1/1 [00:00<00:00,  4.75it/s]

  0%|          | 0/1 [00:00<?, ?it/s]
100%|██████████| 1/1 [00:00<00:00,  4.50it/s]
100%|██████████| 1/1 [00:00<00:00,  4.50it/s]

  0%|          | 0/1 [00:00<?, ?it/s]
100%|██████████| 1/1 [00:00<00:00,  4.58it/s]
100%|██████████| 1/1 [00:00<00:00,  4.58it/s]

  0%|          | 0/1 [00:00<?, ?it/s]
100%|██████████| 1/1 [00:00<00:00,  4.91it/s]
100%|██████████| 1/1 [00:00<00:00,  4.90it/s]

  0%|          | 0/1 [00:00<?, ?it/s]
100%|██████████| 1/1 [00:00<00:00,  5.05it/s]
100%|██████████| 1/1 [00:00<00:00,  5.04it/s]

  0%|          | 0/1 [00:00<?, ?it/s]
100%|██████████| 1/1 [00:00<00:00,  4.79it/s]
100%|██████████| 1/1 [00:00<00:00,  4.79it/s]

  0%|          | 0/1 [00:00<?, ?it/s]
100%|██████████| 1/1 [00:00<00:00,  4.92it/s]
100%|██████████| 1/1 [00:00<00:00,  4.91it/s]

  0%|          | 0/1 [00:00<?, ?it/s]
100%|██████████| 1/1 [00:00<00:00,  5.34it/s]
100%|██████████| 1/1 [00:00<00:00,  5.34it/s]

  0%|          | 0/1 [00:00<?, ?it/s]
100%|██████████| 1/1 [00:00<00:00,  5.64it/s]
100%|██████████| 1/1 [00:00<00:00,  5.64it/s]

  0%|          | 0/1 [00:00<?, ?it/s]
100%|██████████| 1/1 [00:00<00:00,  5.22it/s]
100%|██████████| 1/1 [00:00<00:00,  5.21it/s]

  0%|          | 0/1 [00:00<?, ?it/s]
100%|██████████| 1/1 [00:00<00:00,  5.18it/s]
100%|██████████| 1/1 [00:00<00:00,  5.17it/s]

  0%|          | 0/1 [00:00<?, ?it/s]
100%|██████████| 1/1 [00:00<00:00,  5.24it/s]
100%|██████████| 1/1 [00:00<00:00,  5.24it/s]

  0%|          | 0/1 [00:00<?, ?it/s]
100%|██████████| 1/1 [00:00<00:00,  5.16it/s]
100%|██████████| 1/1 [00:00<00:00,  5.15it/s]

  0%|          | 0/1 [00:00<?, ?it/s]
100%|██████████| 1/1 [00:00<00:00,  5.50it/s]
100%|██████████| 1/1 [00:00<00:00,  5.50it/s]

  0%|          | 0/1 [00:00<?, ?it/s]
100%|██████████| 1/1 [00:00<00:00,  5.49it/s]
100%|██████████| 1/1 [00:00<00:00,  5.48it/s]

  0%|          | 0/1 [00:00<?, ?it/s]
100%|██████████| 1/1 [00:00<00:00,  4.86it/s]
100%|██████████| 1/1 [00:00<00:00,  4.85it/s]

  0%|          | 0/1 [00:00<?, ?it/s]
100%|██████████| 1/1 [00:00<00:00,  4.59it/s]
100%|██████████| 1/1 [00:00<00:00,  4.58it/s]

  0%|          | 0/1 [00:00<?, ?it/s]
100%|██████████| 1/1 [00:00<00:00,  5.14it/s]
100%|██████████| 1/1 [00:00<00:00,  5.13it/s]

  0%|          | 0/1 [00:00<?, ?it/s]
100%|██████████| 1/1 [00:00<00:00,  5.21it/s]
100%|██████████| 1/1 [00:00<00:00,  5.21it/s]

  0%|          | 0/1 [00:00<?, ?it/s]
100%|██████████| 1/1 [00:00<00:00,  5.34it/s]
100%|██████████| 1/1 [00:00<00:00,  5.33it/s]

  0%|          | 0/1 [00:00<?, ?it/s]
100%|██████████| 1/1 [00:00<00:00,  5.29it/s]
100%|██████████| 1/1 [00:00<00:00,  5.29it/s]

  0%|          | 0/1 [00:00<?, ?it/s]
100%|██████████| 1/1 [00:00<00:00,  4.42it/s]
100%|██████████| 1/1 [00:00<00:00,  4.42it/s]

  0%|          | 0/1 [00:00<?, ?it/s]
100%|██████████| 1/1 [00:00<00:00,  3.20it/s]
100%|██████████| 1/1 [00:00<00:00,  3.20it/s]

  0%|          | 0/1 [00:00<?, ?it/s]
100%|██████████| 1/1 [00:00<00:00,  3.48it/s]
100%|██████████| 1/1 [00:00<00:00,  3.48it/s]

  0%|          | 0/1 [00:00<?, ?it/s]
100%|██████████| 1/1 [00:00<00:00,  2.83it/s]
100%|██████████| 1/1 [00:00<00:00,  2.83it/s]

  0%|          | 0/1 [00:00<?, ?it/s]
100%|██████████| 1/1 [00:00<00:00,  4.83it/s]
100%|██████████| 1/1 [00:00<00:00,  4.82it/s]

  0%|          | 0/1 [00:00<?, ?it/s]
100%|██████████| 1/1 [00:00<00:00,  5.37it/s]
100%|██████████| 1/1 [00:00<00:00,  5.36it/s]

  0%|          | 0/1 [00:00<?, ?it/s]
100%|██████████| 1/1 [00:00<00:00,  5.07it/s]
100%|██████████| 1/1 [00:00<00:00,  5.06it/s]

  0%|          | 0/1 [00:00<?, ?it/s]
100%|██████████| 1/1 [00:00<00:00,  4.67it/s]
100%|██████████| 1/1 [00:00<00:00,  4.67it/s]

  0%|          | 0/1 [00:00<?, ?it/s]
100%|██████████| 1/1 [00:00<00:00,  4.44it/s]
100%|██████████| 1/1 [00:00<00:00,  4.43it/s]

  0%|          | 0/1 [00:00<?, ?it/s]
100%|██████████| 1/1 [00:00<00:00,  2.82it/s]
100%|██████████| 1/1 [00:00<00:00,  2.82it/s]

  0%|          | 0/1 [00:00<?, ?it/s]
100%|██████████| 1/1 [00:00<00:00,  4.36it/s]
100%|██████████| 1/1 [00:00<00:00,  4.35it/s]

  0%|          | 0/1 [00:00<?, ?it/s]
100%|██████████| 1/1 [00:00<00:00,  4.51it/s]
100%|██████████| 1/1 [00:00<00:00,  4.50it/s]

  0%|          | 0/1 [00:00<?, ?it/s]
100%|██████████| 1/1 [00:00<00:00,  4.42it/s]
100%|██████████| 1/1 [00:00<00:00,  4.41it/s]

  0%|          | 0/1 [00:00<?, ?it/s]
100%|██████████| 1/1 [00:00<00:00,  2.43it/s]
100%|██████████| 1/1 [00:00<00:00,  2.43it/s]

  0%|          | 0/1 [00:00<?, ?it/s]
100%|██████████| 1/1 [00:00<00:00,  5.34it/s]
100%|██████████| 1/1 [00:00<00:00,  5.33it/s]

  0%|          | 0/1 [00:00<?, ?it/s]
100%|██████████| 1/1 [00:00<00:00,  4.56it/s]
100%|██████████| 1/1 [00:00<00:00,  4.56it/s]

  0%|          | 0/1 [00:00<?, ?it/s]
100%|██████████| 1/1 [00:00<00:00,  3.76it/s]
100%|██████████| 1/1 [00:00<00:00,  3.76it/s]

  0%|          | 0/1 [00:00<?, ?it/s]
100%|██████████| 1/1 [00:00<00:00,  5.08it/s]
100%|██████████| 1/1 [00:00<00:00,  5.07it/s]

  0%|          | 0/1 [00:00<?, ?it/s]
100%|██████████| 1/1 [00:00<00:00,  2.60it/s]
100%|██████████| 1/1 [00:00<00:00,  2.60it/s]

  0%|          | 0/1 [00:00<?, ?it/s]
100%|██████████| 1/1 [00:00<00:00,  3.70it/s]
100%|██████████| 1/1 [00:00<00:00,  3.69it/s]

  0%|          | 0/1 [00:00<?, ?it/s]
100%|██████████| 1/1 [00:00<00:00,  3.83it/s]
100%|██████████| 1/1 [00:00<00:00,  3.82it/s]

  0%|          | 0/1 [00:00<?, ?it/s]
100%|██████████| 1/1 [00:00<00:00,  4.13it/s]
100%|██████████| 1/1 [00:00<00:00,  4.13it/s]

  0%|          | 0/1 [00:00<?, ?it/s]
100%|██████████| 1/1 [00:00<00:00,  2.60it/s]
100%|██████████| 1/1 [00:00<00:00,  2.60it/s]

  0%|          | 0/1 [00:00<?, ?it/s]
100%|██████████| 1/1 [00:00<00:00,  4.15it/s]
100%|██████████| 1/1 [00:00<00:00,  4.15it/s]

  0%|          | 0/1 [00:00<?, ?it/s]
100%|██████████| 1/1 [00:00<00:00,  4.17it/s]
100%|██████████| 1/1 [00:00<00:00,  4.17it/s]

  0%|          | 0/1 [00:00<?, ?it/s]
100%|██████████| 1/1 [00:00<00:00,  4.27it/s]
100%|██████████| 1/1 [00:00<00:00,  4.26it/s]

  0%|          | 0/1 [00:00<?, ?it/s]
100%|██████████| 1/1 [00:00<00:00,  2.59it/s]
100%|██████████| 1/1 [00:00<00:00,  2.58it/s]

  0%|          | 0/1 [00:00<?, ?it/s]
100%|██████████| 1/1 [00:00<00:00,  2.71it/s]
100%|██████████| 1/1 [00:00<00:00,  2.71it/s]

  0%|          | 0/1 [00:00<?, ?it/s]
100%|██████████| 1/1 [00:00<00:00,  4.15it/s]
100%|██████████| 1/1 [00:00<00:00,  4.15it/s]

  0%|          | 0/1 [00:00<?, ?it/s]
100%|██████████| 1/1 [00:00<00:00,  4.62it/s]
100%|██████████| 1/1 [00:00<00:00,  4.61it/s]
加载 replica1...
加载 replica2...
加载 replica3...
批量模式：找到 60 个 seqs.fa
Predicted melting temperature: [83.97493743896484]
Predicted melting temperature: [78.78016662597656]
Predicted melting temperature: [78.2007827758789]
  seed_2000 arm=n2 target=-29 charge=-20.7   Tm=80.32  replicas=[84.0, 78.8, 78.2]
Predicted melting temperature: [84.0390396118164]
Predicted melting temperature: [79.4661865234375]
Predicted melting temperature: [80.88692474365234]
  seed_2001 arm=n2 target=-29 charge=-38.8   Tm=81.46  replicas=[84.0, 79.5, 80.9]
Predicted melting temperature: [78.87572479248047]
Predicted melting temperature: [77.3740234375]
Predicted melting temperature: [80.7276382446289]
  seed_2002 arm=n2 target=-29 charge=-35.6   Tm=78.99  replicas=[78.9, 77.4, 80.7]
Predicted melting temperature: [83.60274505615234]
Predicted melting temperature: [78.53652954101562]
Predicted melting temperature: [77.4537124633789]
  seed_2003 arm=n2 target=-29 charge=-24.8   Tm=79.86  replicas=[83.6, 78.5, 77.5]
Predicted melting temperature: [83.38571166992188]
Predicted melting temperature: [78.67837524414062]
Predicted melting temperature: [79.7682113647461]
  seed_2004 arm=n2 target=-29 charge=-32.7   Tm=80.61  replicas=[83.4, 78.7, 79.8]
Predicted melting temperature: [83.86979675292969]
Predicted melting temperature: [78.50894165039062]
Predicted melting temperature: [79.27442932128906]
  seed_2005 arm=n2 target=-29 charge=-25.5   Tm=80.55  replicas=[83.9, 78.5, 79.3]
Predicted melting temperature: [83.66410064697266]
Predicted melting temperature: [78.33283996582031]
Predicted melting temperature: [77.94254302978516]
  seed_2006 arm=n2 target=-29 charge=-28.5   Tm=79.98  replicas=[83.7, 78.3, 77.9]
Predicted melting temperature: [83.3902587890625]
Predicted melting temperature: [79.38316345214844]
Predicted melting temperature: [79.76876068115234]
  seed_2007 arm=n2 target=-29 charge=-35.8   Tm=80.85  replicas=[83.4, 79.4, 79.8]
Predicted melting temperature: [82.63555908203125]
Predicted melting temperature: [78.69659423828125]
Predicted melting temperature: [79.63313293457031]
  seed_2008 arm=n2 target=-29 charge=-35.6   Tm=80.32  replicas=[82.6, 78.7, 79.6]
Predicted melting temperature: [83.07801055908203]
Predicted melting temperature: [78.98431396484375]
Predicted melting temperature: [79.65583038330078]
  seed_2009 arm=n2 target=-29 charge=-25.7   Tm=80.57  replicas=[83.1, 79.0, 79.7]
Predicted melting temperature: [83.8800048828125]
Predicted melting temperature: [79.15009307861328]
Predicted melting temperature: [80.27664184570312]
  seed_2010 arm=n2 target=-29 charge=-39.7   Tm=81.10  replicas=[83.9, 79.2, 80.3]
Predicted melting temperature: [83.38426971435547]
Predicted melting temperature: [78.2096939086914]
Predicted melting temperature: [78.03681182861328]
  seed_2011 arm=n2 target=-29 charge=-25.6   Tm=79.88  replicas=[83.4, 78.2, 78.0]
Predicted melting temperature: [83.92577362060547]
Predicted melting temperature: [78.74111938476562]
Predicted melting temperature: [80.32061767578125]
  seed_2012 arm=n2 target=-29 charge=-28.8   Tm=81.00  replicas=[83.9, 78.7, 80.3]
Predicted melting temperature: [83.93048095703125]
Predicted melting temperature: [78.47369384765625]
Predicted melting temperature: [78.8053207397461]
  seed_2013 arm=n2 target=-29 charge=-30.9   Tm=80.40  replicas=[83.9, 78.5, 78.8]
Predicted melting temperature: [84.076416015625]
Predicted melting temperature: [79.2032699584961]
Predicted melting temperature: [79.93863677978516]
  seed_2014 arm=n2 target=-29 charge=-27.5   Tm=81.07  replicas=[84.1, 79.2, 79.9]
Predicted melting temperature: [83.55099487304688]
Predicted melting temperature: [79.26351165771484]
Predicted melting temperature: [80.30088806152344]
  seed_2015 arm=n2 target=-29 charge=-32.8   Tm=81.04  replicas=[83.6, 79.3, 80.3]
Predicted melting temperature: [83.95403289794922]
Predicted melting temperature: [79.40253448486328]
Predicted melting temperature: [79.85309600830078]
  seed_2016 arm=n2 target=-29 charge=-25.1   Tm=81.07  replicas=[84.0, 79.4, 79.9]
Predicted melting temperature: [82.09306335449219]
Predicted melting temperature: [78.27230834960938]
Predicted melting temperature: [80.50577545166016]
  seed_2017 arm=n2 target=-29 charge=-37.7   Tm=80.29  replicas=[82.1, 78.3, 80.5]
Predicted melting temperature: [83.76818084716797]
Predicted melting temperature: [78.64200592041016]
Predicted melting temperature: [77.44024658203125]
  seed_2018 arm=n2 target=-29 charge=-37.7   Tm=79.95  replicas=[83.8, 78.6, 77.4]
Predicted melting temperature: [83.95213317871094]
Predicted melting temperature: [79.52041625976562]
Predicted melting temperature: [81.81721496582031]
  seed_2019 arm=n2 target=-29 charge=-38.6   Tm=81.76  replicas=[84.0, 79.5, 81.8]
Predicted melting temperature: [83.90023040771484]
Predicted melting temperature: [79.30740356445312]
Predicted melting temperature: [79.9063949584961]
  seed_2020 arm=n2 target=-29 charge=-42.6   Tm=81.04  replicas=[83.9, 79.3, 79.9]
Predicted melting temperature: [83.54435729980469]
Predicted melting temperature: [78.41526794433594]
Predicted melting temperature: [77.3626480102539]
  seed_2021 arm=n2 target=-29 charge=-42.7   Tm=79.77  replicas=[83.5, 78.4, 77.4]
Predicted melting temperature: [83.58358764648438]
Predicted melting temperature: [79.02328491210938]
Predicted melting temperature: [80.61833190917969]
  seed_2022 arm=n2 target=-29 charge=-29.7   Tm=81.08  replicas=[83.6, 79.0, 80.6]
Predicted melting temperature: [83.85977172851562]
Predicted melting temperature: [78.53347778320312]
Predicted melting temperature: [80.28168487548828]
  seed_2023 arm=n2 target=-29 charge=-20.2   Tm=80.89  replicas=[83.9, 78.5, 80.3]
Predicted melting temperature: [83.6126480102539]
Predicted melting temperature: [78.92569732666016]
Predicted melting temperature: [78.11837005615234]
  seed_2024 arm=n2 target=-29 charge=-29.8   Tm=80.22  replicas=[83.6, 78.9, 78.1]
Predicted melting temperature: [83.97635650634766]
Predicted melting temperature: [79.1422119140625]
Predicted melting temperature: [80.80207824707031]
  seed_2025 arm=n2 target=-29 charge=-50.7   Tm=81.31  replicas=[84.0, 79.1, 80.8]
Predicted melting temperature: [84.51365661621094]
Predicted melting temperature: [79.63755798339844]
Predicted melting temperature: [80.0819320678711]
  seed_2026 arm=n2 target=-29 charge=-38.6   Tm=81.41  replicas=[84.5, 79.6, 80.1]
Predicted melting temperature: [83.5818862915039]
Predicted melting temperature: [79.0639419555664]
Predicted melting temperature: [78.77400207519531]
  seed_2027 arm=n2 target=-29 charge=-28.8   Tm=80.47  replicas=[83.6, 79.1, 78.8]
Predicted melting temperature: [84.1104965209961]
Predicted melting temperature: [79.06188201904297]
Predicted melting temperature: [81.35945892333984]
  seed_2028 arm=n2 target=-29 charge=-43.8   Tm=81.51  replicas=[84.1, 79.1, 81.4]
Predicted melting temperature: [83.72938537597656]
Predicted melting temperature: [79.05610656738281]
Predicted melting temperature: [81.34844207763672]
  seed_2029 arm=n2 target=-29 charge=-30.8   Tm=81.38  replicas=[83.7, 79.1, 81.3]
Predicted melting temperature: [54.17635726928711]
Predicted melting temperature: [54.754459381103516]
Predicted melting temperature: [45.41244125366211]
  native charge=-26.85                       Tm=51.45  replicas=[54.2, 54.8, 45.4]
  [output/tm_sol_v12_2/seqs/1A65/arm_n2/seqs.fa] 已写 output/tm_sol_v12_2/seqs/1A65/arm_n2/seqs.fa.tm.csv
Predicted melting temperature: [83.9120101928711]
Predicted melting temperature: [78.99466705322266]
Predicted melting temperature: [79.7372817993164]
  seed_2000 arm=n8 target=-35 charge=-27.7   Tm=80.88  replicas=[83.9, 79.0, 79.7]
Predicted melting temperature: [84.22388458251953]
Predicted melting temperature: [79.86158752441406]
Predicted melting temperature: [80.37007904052734]
  seed_2001 arm=n8 target=-35 charge=-44.9   Tm=81.49  replicas=[84.2, 79.9, 80.4]
Predicted melting temperature: [80.9734878540039]
Predicted melting temperature: [77.42257690429688]
Predicted melting temperature: [76.88433074951172]
  seed_2002 arm=n8 target=-35 charge=-42.6   Tm=78.43  replicas=[81.0, 77.4, 76.9]
Predicted melting temperature: [82.97346496582031]
Predicted melting temperature: [78.78251647949219]
Predicted melting temperature: [80.7422866821289]
  seed_2003 arm=n8 target=-35 charge=-33.7   Tm=80.83  replicas=[83.0, 78.8, 80.7]
Predicted melting temperature: [83.70761108398438]
Predicted melting temperature: [79.51042938232422]
Predicted melting temperature: [79.55289459228516]
  seed_2004 arm=n8 target=-35 charge=-35.7   Tm=80.92  replicas=[83.7, 79.5, 79.6]
Predicted melting temperature: [83.8151626586914]
Predicted melting temperature: [78.82828521728516]
Predicted melting temperature: [78.04926300048828]
  seed_2005 arm=n8 target=-35 charge=-34.5   Tm=80.23  replicas=[83.8, 78.8, 78.0]
Predicted melting temperature: [83.90813446044922]
Predicted melting temperature: [78.69181823730469]
Predicted melting temperature: [78.71224975585938]
  seed_2006 arm=n8 target=-35 charge=-30.4   Tm=80.44  replicas=[83.9, 78.7, 78.7]
Predicted melting temperature: [83.55231475830078]
Predicted melting temperature: [79.23331451416016]
Predicted melting temperature: [78.3419418334961]
  seed_2007 arm=n8 target=-35 charge=-42.8   Tm=80.38  replicas=[83.6, 79.2, 78.3]
Predicted melting temperature: [83.14019775390625]
Predicted melting temperature: [78.52960205078125]
Predicted melting temperature: [80.3935775756836]
  seed_2008 arm=n8 target=-35 charge=-40.8   Tm=80.69  replicas=[83.1, 78.5, 80.4]
Predicted melting temperature: [80.80342102050781]
Predicted melting temperature: [79.18616485595703]
Predicted melting temperature: [81.22103118896484]
  seed_2009 arm=n8 target=-35 charge=-33.8   Tm=80.40  replicas=[80.8, 79.2, 81.2]
Predicted melting temperature: [83.84432220458984]
Predicted melting temperature: [78.7829360961914]
Predicted melting temperature: [80.1244125366211]
  seed_2010 arm=n8 target=-35 charge=-39.7   Tm=80.92  replicas=[83.8, 78.8, 80.1]
Predicted melting temperature: [84.54927825927734]
Predicted melting temperature: [78.92533874511719]
Predicted melting temperature: [80.06243133544922]
  seed_2011 arm=n8 target=-35 charge=-25.8   Tm=81.18  replicas=[84.5, 78.9, 80.1]
Predicted melting temperature: [84.1809310913086]
Predicted melting temperature: [79.91876220703125]
Predicted melting temperature: [79.47061920166016]
  seed_2012 arm=n8 target=-35 charge=-36.6   Tm=81.19  replicas=[84.2, 79.9, 79.5]
Predicted melting temperature: [84.203125]
Predicted melting temperature: [79.09777069091797]
Predicted melting temperature: [78.13007354736328]
  seed_2013 arm=n8 target=-35 charge=-37.9   Tm=80.48  replicas=[84.2, 79.1, 78.1]
Predicted melting temperature: [83.87442779541016]
Predicted melting temperature: [78.59504699707031]
Predicted melting temperature: [79.34217834472656]
  seed_2014 arm=n8 target=-35 charge=-31.5   Tm=80.60  replicas=[83.9, 78.6, 79.3]
Predicted melting temperature: [83.76547241210938]
Predicted melting temperature: [79.28691101074219]
Predicted melting temperature: [79.29194641113281]
  seed_2015 arm=n8 target=-35 charge=-29.8   Tm=80.78  replicas=[83.8, 79.3, 79.3]
Predicted melting temperature: [83.70999145507812]
Predicted melting temperature: [79.27627563476562]
Predicted melting temperature: [80.24030303955078]
  seed_2016 arm=n8 target=-35 charge=-35.2   Tm=81.08  replicas=[83.7, 79.3, 80.2]
Predicted melting temperature: [83.32491302490234]
Predicted melting temperature: [78.65409851074219]
Predicted melting temperature: [80.3174819946289]
  seed_2017 arm=n8 target=-35 charge=-40.7   Tm=80.77  replicas=[83.3, 78.7, 80.3]
Predicted melting temperature: [83.95484924316406]
Predicted melting temperature: [78.35981750488281]
Predicted melting temperature: [77.85456085205078]
  seed_2018 arm=n8 target=-35 charge=-39.7   Tm=80.06  replicas=[84.0, 78.4, 77.9]
Predicted melting temperature: [83.7361068725586]
Predicted melting temperature: [79.42364501953125]
Predicted melting temperature: [81.94701385498047]
  seed_2019 arm=n8 target=-35 charge=-49.6   Tm=81.70  replicas=[83.7, 79.4, 81.9]
Predicted melting temperature: [82.20964813232422]
Predicted melting temperature: [79.37571716308594]
Predicted melting temperature: [80.55411529541016]
  seed_2020 arm=n8 target=-35 charge=-52.6   Tm=80.71  replicas=[82.2, 79.4, 80.6]
Predicted melting temperature: [83.27337646484375]
Predicted melting temperature: [78.65611267089844]
Predicted melting temperature: [80.00826263427734]
  seed_2021 arm=n8 target=-35 charge=-46.8   Tm=80.65  replicas=[83.3, 78.7, 80.0]
Predicted melting temperature: [83.62146759033203]
Predicted melting temperature: [79.41920471191406]
Predicted melting temperature: [81.25260925292969]
  seed_2022 arm=n8 target=-35 charge=-38.6   Tm=81.43  replicas=[83.6, 79.4, 81.3]
Predicted melting temperature: [84.25602722167969]
Predicted melting temperature: [79.20375061035156]
Predicted melting temperature: [80.57453155517578]
  seed_2023 arm=n8 target=-35 charge=-30.3   Tm=81.34  replicas=[84.3, 79.2, 80.6]
Predicted melting temperature: [83.77265930175781]
Predicted melting temperature: [79.48211669921875]
Predicted melting temperature: [79.95003509521484]
  seed_2024 arm=n8 target=-35 charge=-37.7   Tm=81.07  replicas=[83.8, 79.5, 80.0]
Predicted melting temperature: [83.76750183105469]
Predicted melting temperature: [78.61849975585938]
Predicted melting temperature: [79.28916931152344]
  seed_2025 arm=n8 target=-35 charge=-52.7   Tm=80.56  replicas=[83.8, 78.6, 79.3]
Predicted melting temperature: [84.37322235107422]
Predicted melting temperature: [79.67916870117188]
Predicted melting temperature: [79.92384338378906]
  seed_2026 arm=n8 target=-35 charge=-35.5   Tm=81.33  replicas=[84.4, 79.7, 79.9]
Predicted melting temperature: [83.78067016601562]
Predicted melting temperature: [79.63835144042969]
Predicted melting temperature: [79.21719360351562]
  seed_2027 arm=n8 target=-35 charge=-26.8   Tm=80.88  replicas=[83.8, 79.6, 79.2]
Predicted melting temperature: [84.10586547851562]
Predicted melting temperature: [79.23234558105469]
Predicted melting temperature: [81.9032211303711]
  seed_2028 arm=n8 target=-35 charge=-48.9   Tm=81.75  replicas=[84.1, 79.2, 81.9]
Predicted melting temperature: [84.1097183227539]
Predicted melting temperature: [79.45005798339844]
Predicted melting temperature: [81.1562728881836]
  seed_2029 arm=n8 target=-35 charge=-32.8   Tm=81.57  replicas=[84.1, 79.5, 81.2]
Predicted melting temperature: [54.17635726928711]
Predicted melting temperature: [54.754459381103516]
Predicted melting temperature: [45.41244125366211]
  native charge=-26.85                       Tm=51.45  replicas=[54.2, 54.8, 45.4]
  [output/tm_sol_v12_2/seqs/1A65/arm_n8/seqs.fa] 已写 output/tm_sol_v12_2/seqs/1A65/arm_n8/seqs.fa.tm.csv
Predicted melting temperature: [83.81236267089844]
Predicted melting temperature: [78.85741424560547]
Predicted melting temperature: [77.85848236083984]
  seed_2000 arm=native target=-27 charge=-   Tm=80.18  replicas=[83.8, 78.9, 77.9]
Predicted melting temperature: [84.01746368408203]
Predicted melting temperature: [79.4967269897461]
Predicted melting temperature: [80.93624114990234]
  seed_2001 arm=native target=-27 charge=-   Tm=81.48  replicas=[84.0, 79.5, 80.9]
Predicted melting temperature: [76.00775909423828]
Predicted melting temperature: [76.357421875]
Predicted melting temperature: [78.631103515625]
  seed_2002 arm=native target=-27 charge=-   Tm=77.00  replicas=[76.0, 76.4, 78.6]
Predicted melting temperature: [83.87723541259766]
Predicted melting temperature: [78.12786865234375]
Predicted melting temperature: [75.20728302001953]
  seed_2003 arm=native target=-27 charge=-   Tm=79.07  replicas=[83.9, 78.1, 75.2]
Predicted melting temperature: [83.46455383300781]
Predicted melting temperature: [78.59837341308594]
Predicted melting temperature: [78.93511199951172]
  seed_2004 arm=native target=-27 charge=-   Tm=80.33  replicas=[83.5, 78.6, 78.9]
Predicted melting temperature: [83.6292953491211]
Predicted melting temperature: [78.5077133178711]
Predicted melting temperature: [77.60787963867188]
  seed_2005 arm=native target=-27 charge=-   Tm=79.91  replicas=[83.6, 78.5, 77.6]
Predicted melting temperature: [83.81089782714844]
Predicted melting temperature: [78.37284851074219]
Predicted melting temperature: [78.03846740722656]
  seed_2006 arm=native target=-27 charge=-   Tm=80.07  replicas=[83.8, 78.4, 78.0]
Predicted melting temperature: [82.97761535644531]
Predicted melting temperature: [79.06059265136719]
Predicted melting temperature: [78.4415283203125]
  seed_2007 arm=native target=-27 charge=-   Tm=80.16  replicas=[83.0, 79.1, 78.4]
Predicted melting temperature: [82.41278076171875]
Predicted melting temperature: [78.6497802734375]
Predicted melting temperature: [79.26371002197266]
  seed_2008 arm=native target=-27 charge=-   Tm=80.11  replicas=[82.4, 78.6, 79.3]
Predicted melting temperature: [83.27964782714844]
Predicted melting temperature: [79.19744873046875]
Predicted melting temperature: [79.71212005615234]
  seed_2009 arm=native target=-27 charge=-   Tm=80.73  replicas=[83.3, 79.2, 79.7]
Predicted melting temperature: [83.6381607055664]
Predicted melting temperature: [79.0927734375]
Predicted melting temperature: [80.41309356689453]
  seed_2010 arm=native target=-27 charge=-   Tm=81.05  replicas=[83.6, 79.1, 80.4]
Predicted melting temperature: [83.58430480957031]
Predicted melting temperature: [77.92912292480469]
Predicted melting temperature: [78.0417709350586]
  seed_2011 arm=native target=-27 charge=-   Tm=79.85  replicas=[83.6, 77.9, 78.0]
Predicted melting temperature: [83.69219207763672]
Predicted melting temperature: [78.62835693359375]
Predicted melting temperature: [80.00713348388672]
  seed_2012 arm=native target=-27 charge=-   Tm=80.78  replicas=[83.7, 78.6, 80.0]
Predicted melting temperature: [83.82987213134766]
Predicted melting temperature: [78.45524597167969]
Predicted melting temperature: [81.4928207397461]
  seed_2013 arm=native target=-27 charge=-   Tm=81.26  replicas=[83.8, 78.5, 81.5]
Predicted melting temperature: [84.04357147216797]
Predicted melting temperature: [79.19792175292969]
Predicted melting temperature: [79.7900161743164]
  seed_2014 arm=native target=-27 charge=-   Tm=81.01  replicas=[84.0, 79.2, 79.8]
Predicted melting temperature: [83.53347778320312]
Predicted melting temperature: [79.12725830078125]
Predicted melting temperature: [79.46356201171875]
  seed_2015 arm=native target=-27 charge=-   Tm=80.71  replicas=[83.5, 79.1, 79.5]
Predicted melting temperature: [83.90153503417969]
Predicted melting temperature: [79.16349792480469]
Predicted melting temperature: [80.22038269042969]
  seed_2016 arm=native target=-27 charge=-   Tm=81.10  replicas=[83.9, 79.2, 80.2]
Predicted melting temperature: [82.55300903320312]
Predicted melting temperature: [78.5942153930664]
Predicted melting temperature: [81.35308074951172]
  seed_2017 arm=native target=-27 charge=-   Tm=80.83  replicas=[82.6, 78.6, 81.4]
Predicted melting temperature: [83.65985870361328]
Predicted melting temperature: [78.53326416015625]
Predicted melting temperature: [78.18875885009766]
  seed_2018 arm=native target=-27 charge=-   Tm=80.13  replicas=[83.7, 78.5, 78.2]
Predicted melting temperature: [83.85614776611328]
Predicted melting temperature: [79.49639892578125]
Predicted melting temperature: [81.94224548339844]
  seed_2019 arm=native target=-27 charge=-   Tm=81.76  replicas=[83.9, 79.5, 81.9]
Predicted melting temperature: [83.96489715576172]
Predicted melting temperature: [79.37139129638672]
Predicted melting temperature: [80.0160140991211]
  seed_2020 arm=native target=-27 charge=-   Tm=81.12  replicas=[84.0, 79.4, 80.0]
Predicted melting temperature: [83.5975570678711]
Predicted melting temperature: [79.02561950683594]
Predicted melting temperature: [79.33016967773438]
  seed_2021 arm=native target=-27 charge=-   Tm=80.65  replicas=[83.6, 79.0, 79.3]
Predicted melting temperature: [83.58353424072266]
Predicted melting temperature: [79.0469970703125]
Predicted melting temperature: [81.38623809814453]
  seed_2022 arm=native target=-27 charge=-   Tm=81.34  replicas=[83.6, 79.0, 81.4]
Predicted melting temperature: [83.75052642822266]
Predicted melting temperature: [78.29397583007812]
Predicted melting temperature: [77.49633026123047]
  seed_2023 arm=native target=-27 charge=-   Tm=79.85  replicas=[83.8, 78.3, 77.5]
Predicted melting temperature: [83.5887222290039]
Predicted melting temperature: [78.94300842285156]
Predicted melting temperature: [77.35236358642578]
  seed_2024 arm=native target=-27 charge=-   Tm=79.96  replicas=[83.6, 78.9, 77.4]
Predicted melting temperature: [84.22759246826172]
Predicted melting temperature: [79.49134826660156]
Predicted melting temperature: [81.47905731201172]
  seed_2025 arm=native target=-27 charge=-   Tm=81.73  replicas=[84.2, 79.5, 81.5]
Predicted melting temperature: [84.6737060546875]
Predicted melting temperature: [79.56227111816406]
Predicted melting temperature: [79.62444305419922]
  seed_2026 arm=native target=-27 charge=-   Tm=81.29  replicas=[84.7, 79.6, 79.6]
Predicted melting temperature: [83.54158020019531]
Predicted melting temperature: [79.11328125]
Predicted melting temperature: [78.81780242919922]
  seed_2027 arm=native target=-27 charge=-   Tm=80.49  replicas=[83.5, 79.1, 78.8]
Predicted melting temperature: [84.26802825927734]
Predicted melting temperature: [79.17423248291016]
Predicted melting temperature: [80.62390899658203]
  seed_2028 arm=native target=-27 charge=-   Tm=81.36  replicas=[84.3, 79.2, 80.6]
Predicted melting temperature: [83.6751708984375]
Predicted melting temperature: [78.95486450195312]
Predicted melting temperature: [81.1755142211914]
  seed_2029 arm=native target=-27 charge=-   Tm=81.27  replicas=[83.7, 79.0, 81.2]
Predicted melting temperature: [54.17635726928711]
Predicted melting temperature: [54.754459381103516]
Predicted melting temperature: [45.41244125366211]
  native charge=-26.85                       Tm=51.45  replicas=[54.2, 54.8, 45.4]
  [output/tm_sol_v12_2/seqs/1A65/arm_native/seqs.fa] 已写 output/tm_sol_v12_2/seqs/1A65/arm_native/seqs.fa.tm.csv
Predicted melting temperature: [54.17635726928711]
Predicted melting temperature: [54.754459381103516]
Predicted melting temperature: [45.41244125366211]
  1A65_native L=504                          Tm=51.45  replicas=[54.2, 54.8, 45.4]
  [output/tm_sol_v12_2/seqs/1A65/arm_native_ref/seqs.fa] 已写 output/tm_sol_v12_2/seqs/1A65/arm_native_ref/seqs.fa.tm.csv
Predicted melting temperature: [83.81912231445312]
Predicted melting temperature: [78.77954864501953]
Predicted melting temperature: [78.05121612548828]
  seed_2000 arm=p2 target=-25 charge=-22.7   Tm=80.22  replicas=[83.8, 78.8, 78.1]
Predicted melting temperature: [84.0728530883789]
Predicted melting temperature: [79.32649993896484]
Predicted melting temperature: [80.37273406982422]
  seed_2001 arm=p2 target=-25 charge=-35.8   Tm=81.26  replicas=[84.1, 79.3, 80.4]
Predicted melting temperature: [69.14662170410156]
Predicted melting temperature: [76.56981658935547]
Predicted melting temperature: [77.73865509033203]
  seed_2002 arm=p2 target=-25 charge=-32.5   Tm=74.49  replicas=[69.1, 76.6, 77.7]
Predicted melting temperature: [83.44457244873047]
Predicted melting temperature: [77.63960266113281]
Predicted melting temperature: [72.76802825927734]
  seed_2003 arm=p2 target=-25 charge=-20.8   Tm=77.95  replicas=[83.4, 77.6, 72.8]
Predicted melting temperature: [82.05757141113281]
Predicted melting temperature: [77.57571411132812]
Predicted melting temperature: [77.81087493896484]
  seed_2004 arm=p2 target=-25 charge=-28.8   Tm=79.15  replicas=[82.1, 77.6, 77.8]
Predicted melting temperature: [83.60905456542969]
Predicted melting temperature: [78.25900268554688]
Predicted melting temperature: [76.79185485839844]
  seed_2005 arm=p2 target=-25 charge=-23.5   Tm=79.55  replicas=[83.6, 78.3, 76.8]
Predicted melting temperature: [83.67939758300781]
Predicted melting temperature: [77.63872528076172]
Predicted melting temperature: [76.75563049316406]
  seed_2006 arm=p2 target=-25 charge=-26.6   Tm=79.36  replicas=[83.7, 77.6, 76.8]
Predicted melting temperature: [83.03129577636719]
Predicted melting temperature: [78.82694244384766]
Predicted melting temperature: [78.97466278076172]
  seed_2007 arm=p2 target=-25 charge=-26.8   Tm=80.28  replicas=[83.0, 78.8, 79.0]
Predicted melting temperature: [82.49943542480469]
Predicted melting temperature: [78.46391296386719]
Predicted melting temperature: [79.50171661376953]
  seed_2008 arm=p2 target=-25 charge=-30.7   Tm=80.16  replicas=[82.5, 78.5, 79.5]
Predicted melting temperature: [83.40623474121094]
Predicted melting temperature: [79.17401885986328]
Predicted melting temperature: [80.34180450439453]
  seed_2009 arm=p2 target=-25 charge=-26.8   Tm=80.97  replicas=[83.4, 79.2, 80.3]
Predicted melting temperature: [83.84226989746094]
Predicted melting temperature: [79.11569213867188]
Predicted melting temperature: [80.28515625]
  seed_2010 arm=p2 target=-25 charge=-29.8   Tm=81.08  replicas=[83.8, 79.1, 80.3]
Predicted melting temperature: [83.2990951538086]
Predicted melting temperature: [78.24051666259766]
Predicted melting temperature: [78.1668701171875]
  seed_2011 arm=p2 target=-25 charge=-24.6   Tm=79.90  replicas=[83.3, 78.2, 78.2]
Predicted melting temperature: [82.95771026611328]
Predicted melting temperature: [78.52944946289062]
Predicted melting temperature: [79.6803970336914]
  seed_2012 arm=p2 target=-25 charge=-27.8   Tm=80.39  replicas=[83.0, 78.5, 79.7]
Predicted melting temperature: [83.09290313720703]
Predicted melting temperature: [78.24990844726562]
Predicted melting temperature: [79.95503997802734]
  seed_2013 arm=p2 target=-25 charge=-31.8   Tm=80.43  replicas=[83.1, 78.2, 80.0]
Predicted melting temperature: [83.8759765625]
Predicted melting temperature: [79.14811706542969]
Predicted melting temperature: [79.62561798095703]
  seed_2014 arm=p2 target=-25 charge=-26.6   Tm=80.88  replicas=[83.9, 79.1, 79.6]
Predicted melting temperature: [83.19229125976562]
Predicted melting temperature: [78.93315124511719]
Predicted melting temperature: [78.24396514892578]
  seed_2015 arm=p2 target=-25 charge=-25.8   Tm=80.12  replicas=[83.2, 78.9, 78.2]
Predicted melting temperature: [83.73799133300781]
Predicted melting temperature: [79.10758972167969]
Predicted melting temperature: [79.99734497070312]
  seed_2016 arm=p2 target=-25 charge=-20.1   Tm=80.95  replicas=[83.7, 79.1, 80.0]
Predicted melting temperature: [82.39800262451172]
Predicted melting temperature: [78.53178405761719]
Predicted melting temperature: [80.87586212158203]
  seed_2017 arm=p2 target=-25 charge=-27.7   Tm=80.60  replicas=[82.4, 78.5, 80.9]
Predicted melting temperature: [83.39134216308594]
Predicted melting temperature: [78.00163269042969]
Predicted melting temperature: [77.26396942138672]
  seed_2018 arm=p2 target=-25 charge=-29.7   Tm=79.55  replicas=[83.4, 78.0, 77.3]
Predicted melting temperature: [83.8150405883789]
Predicted melting temperature: [79.25360107421875]
Predicted melting temperature: [81.37116241455078]
  seed_2019 arm=p2 target=-25 charge=-32.8   Tm=81.48  replicas=[83.8, 79.3, 81.4]
Predicted melting temperature: [83.67379760742188]
Predicted melting temperature: [79.03331756591797]
Predicted melting temperature: [80.25726318359375]
  seed_2020 arm=p2 target=-25 charge=-40.8   Tm=80.99  replicas=[83.7, 79.0, 80.3]
Predicted melting temperature: [83.71715545654297]
Predicted melting temperature: [78.87196350097656]
Predicted melting temperature: [77.06266784667969]
  seed_2021 arm=p2 target=-25 charge=-28.7   Tm=79.88  replicas=[83.7, 78.9, 77.1]
Predicted melting temperature: [83.90039825439453]
Predicted melting temperature: [78.83100891113281]
Predicted melting temperature: [80.86917114257812]
  seed_2022 arm=p2 target=-25 charge=-22.6   Tm=81.20  replicas=[83.9, 78.8, 80.9]
Predicted melting temperature: [83.6096420288086]
Predicted melting temperature: [78.21754455566406]
Predicted melting temperature: [77.3093490600586]
  seed_2023 arm=p2 target=-25 charge=-20.2   Tm=79.71  replicas=[83.6, 78.2, 77.3]
Predicted melting temperature: [83.6262435913086]
Predicted melting temperature: [78.88380432128906]
Predicted melting temperature: [76.16722869873047]
  seed_2024 arm=p2 target=-25 charge=-29.9   Tm=79.56  replicas=[83.6, 78.9, 76.2]
Predicted melting temperature: [83.91827392578125]
Predicted melting temperature: [79.22531127929688]
Predicted melting temperature: [81.16571807861328]
  seed_2025 arm=p2 target=-25 charge=-39.7   Tm=81.44  replicas=[83.9, 79.2, 81.2]
Predicted melting temperature: [84.56278228759766]
Predicted melting temperature: [79.28668975830078]
Predicted melting temperature: [79.9966812133789]
  seed_2026 arm=p2 target=-25 charge=-33.6   Tm=81.28  replicas=[84.6, 79.3, 80.0]
Predicted melting temperature: [83.75729370117188]
Predicted melting temperature: [78.8689193725586]
Predicted melting temperature: [79.14592742919922]
  seed_2027 arm=p2 target=-25 charge=-27.6   Tm=80.59  replicas=[83.8, 78.9, 79.1]
Predicted melting temperature: [84.12435913085938]
Predicted melting temperature: [79.28617858886719]
Predicted melting temperature: [79.71611785888672]
  seed_2028 arm=p2 target=-25 charge=-37.8   Tm=81.04  replicas=[84.1, 79.3, 79.7]
Predicted melting temperature: [82.77367401123047]
Predicted melting temperature: [77.9764404296875]
Predicted melting temperature: [80.24507904052734]
  seed_2029 arm=p2 target=-25 charge=-28.8   Tm=80.33  replicas=[82.8, 78.0, 80.2]
Predicted melting temperature: [54.17635726928711]
Predicted melting temperature: [54.754459381103516]
Predicted melting temperature: [45.41244125366211]
  native charge=-26.85                       Tm=51.45  replicas=[54.2, 54.8, 45.4]
  [output/tm_sol_v12_2/seqs/1A65/arm_p2/seqs.fa] 已写 output/tm_sol_v12_2/seqs/1A65/arm_p2/seqs.fa.tm.csv
Predicted melting temperature: [83.04071044921875]
Predicted melting temperature: [78.44265747070312]
Predicted melting temperature: [78.36698150634766]
  seed_2000 arm=p8 target=-19 charge=-21.7   Tm=79.95  replicas=[83.0, 78.4, 78.4]
Predicted melting temperature: [83.9280014038086]
Predicted melting temperature: [79.01406860351562]
Predicted melting temperature: [80.40546417236328]
  seed_2001 arm=p8 target=-19 charge=-29.8   Tm=81.12  replicas=[83.9, 79.0, 80.4]
Predicted melting temperature: [66.93246459960938]
Predicted melting temperature: [74.82853698730469]
Predicted melting temperature: [72.33873748779297]
  seed_2002 arm=p8 target=-19 charge=-26.5   Tm=71.37  replicas=[66.9, 74.8, 72.3]
Predicted melting temperature: [81.7546157836914]
Predicted melting temperature: [76.84115600585938]
Predicted melting temperature: [72.41687774658203]
  seed_2003 arm=p8 target=-19 charge=-16.9   Tm=77.00  replicas=[81.8, 76.8, 72.4]
Predicted melting temperature: [81.53905487060547]
Predicted melting temperature: [77.03585815429688]
Predicted melting temperature: [75.31082916259766]
  seed_2004 arm=p8 target=-19 charge=-17.7   Tm=77.96  replicas=[81.5, 77.0, 75.3]
Predicted melting temperature: [83.73481750488281]
Predicted melting temperature: [78.70880126953125]
Predicted melting temperature: [77.78362274169922]
  seed_2005 arm=p8 target=-19 charge=-22.6   Tm=80.08  replicas=[83.7, 78.7, 77.8]
Predicted melting temperature: [83.74300384521484]
Predicted melting temperature: [76.82102966308594]
Predicted melting temperature: [78.98798370361328]
  seed_2006 arm=p8 target=-19 charge=-14.7   Tm=79.85  replicas=[83.7, 76.8, 79.0]
Predicted melting temperature: [82.74156188964844]
Predicted melting temperature: [78.38137817382812]
Predicted melting temperature: [78.52255249023438]
  seed_2007 arm=p8 target=-19 charge=-17.7   Tm=79.88  replicas=[82.7, 78.4, 78.5]
Predicted melting temperature: [80.25016021728516]
Predicted melting temperature: [76.92447662353516]
Predicted melting temperature: [78.03689575195312]
  seed_2008 arm=p8 target=-19 charge=-27.8   Tm=78.40  replicas=[80.3, 76.9, 78.0]
Predicted melting temperature: [82.33812713623047]
Predicted melting temperature: [78.64530181884766]
Predicted melting temperature: [79.48023223876953]
  seed_2009 arm=p8 target=-19 charge=-24.7   Tm=80.15  replicas=[82.3, 78.6, 79.5]
Predicted melting temperature: [83.73992156982422]
Predicted melting temperature: [78.65077209472656]
Predicted melting temperature: [78.51361846923828]
  seed_2010 arm=p8 target=-19 charge=-22.8   Tm=80.30  replicas=[83.7, 78.7, 78.5]
Predicted melting temperature: [80.79205322265625]
Predicted melting temperature: [76.73300170898438]
Predicted melting temperature: [74.86530303955078]
  seed_2011 arm=p8 target=-19 charge=-17.5   Tm=77.46  replicas=[80.8, 76.7, 74.9]
Predicted melting temperature: [81.90750885009766]
Predicted melting temperature: [78.02691650390625]
Predicted melting temperature: [76.75495147705078]
  seed_2012 arm=p8 target=-19 charge=-20.8   Tm=78.90  replicas=[81.9, 78.0, 76.8]
Predicted melting temperature: [79.88814544677734]
Predicted melting temperature: [78.11386108398438]
Predicted melting temperature: [78.63333129882812]
  seed_2013 arm=p8 target=-19 charge=-23.7   Tm=78.88  replicas=[79.9, 78.1, 78.6]
Predicted melting temperature: [83.33360290527344]
Predicted melting temperature: [78.96595764160156]
Predicted melting temperature: [77.82534790039062]
  seed_2014 arm=p8 target=-19 charge=-22.6   Tm=80.04  replicas=[83.3, 79.0, 77.8]
Predicted melting temperature: [83.38846588134766]
Predicted melting temperature: [78.89857482910156]
Predicted melting temperature: [74.1751480102539]
  seed_2015 arm=p8 target=-19 charge=-14.8   Tm=78.82  replicas=[83.4, 78.9, 74.2]
Predicted melting temperature: [83.57797241210938]
Predicted melting temperature: [79.15532684326172]
Predicted melting temperature: [80.04723358154297]
  seed_2016 arm=p8 target=-19 charge=-15.9   Tm=80.93  replicas=[83.6, 79.2, 80.0]
Predicted melting temperature: [82.84671783447266]
Predicted melting temperature: [78.31737518310547]
Predicted melting temperature: [80.32117462158203]
  seed_2017 arm=p8 target=-19 charge=-20.8   Tm=80.50  replicas=[82.8, 78.3, 80.3]
Predicted melting temperature: [81.8177490234375]
Predicted melting temperature: [77.33161926269531]
Predicted melting temperature: [74.48759460449219]
  seed_2018 arm=p8 target=-19 charge=-24.7   Tm=77.88  replicas=[81.8, 77.3, 74.5]
Predicted melting temperature: [83.45010375976562]
Predicted melting temperature: [78.78893280029297]
Predicted melting temperature: [79.1606216430664]
  seed_2019 arm=p8 target=-19 charge=-24.8   Tm=80.47  replicas=[83.5, 78.8, 79.2]
Predicted melting temperature: [83.04743957519531]
Predicted melting temperature: [78.49150085449219]
Predicted melting temperature: [77.6276626586914]
  seed_2020 arm=p8 target=-19 charge=-27.7   Tm=79.72  replicas=[83.0, 78.5, 77.6]
Predicted melting temperature: [82.8835678100586]
Predicted melting temperature: [78.15640258789062]
Predicted melting temperature: [76.24744415283203]
  seed_2021 arm=p8 target=-19 charge=-26.8   Tm=79.10  replicas=[82.9, 78.2, 76.2]
Predicted melting temperature: [82.70484924316406]
Predicted melting temperature: [77.76979064941406]
Predicted melting temperature: [76.89756774902344]
  seed_2022 arm=p8 target=-19 charge=-18.6   Tm=79.12  replicas=[82.7, 77.8, 76.9]
Predicted melting temperature: [78.22691345214844]
Predicted melting temperature: [77.1049575805664]
Predicted melting temperature: [77.05723571777344]
  seed_2023 arm=p8 target=-19 charge=-22.2   Tm=77.46  replicas=[78.2, 77.1, 77.1]
Predicted melting temperature: [74.73345947265625]
Predicted melting temperature: [78.08427429199219]
Predicted melting temperature: [74.31066131591797]
  seed_2024 arm=p8 target=-19 charge=-18.9   Tm=75.71  replicas=[74.7, 78.1, 74.3]
Predicted melting temperature: [81.28753662109375]
Predicted melting temperature: [77.91736602783203]
Predicted melting temperature: [77.21835327148438]
  seed_2025 arm=p8 target=-19 charge=-31.9   Tm=78.81  replicas=[81.3, 77.9, 77.2]
Predicted melting temperature: [83.44391632080078]
Predicted melting temperature: [78.15543365478516]
Predicted melting temperature: [77.76465606689453]
  seed_2026 arm=p8 target=-19 charge=-32.6   Tm=79.79  replicas=[83.4, 78.2, 77.8]
Predicted melting temperature: [83.5555191040039]
Predicted melting temperature: [78.06049346923828]
Predicted melting temperature: [77.37129974365234]
  seed_2027 arm=p8 target=-19 charge=-22.8   Tm=79.66  replicas=[83.6, 78.1, 77.4]
Predicted melting temperature: [82.83158111572266]
Predicted melting temperature: [78.45287322998047]
Predicted melting temperature: [78.63233947753906]
  seed_2028 arm=p8 target=-19 charge=-33.9   Tm=79.97  replicas=[82.8, 78.5, 78.6]
Predicted melting temperature: [80.16761016845703]
Predicted melting temperature: [77.00736999511719]
Predicted melting temperature: [77.87633514404297]
  seed_2029 arm=p8 target=-19 charge=-26.8   Tm=78.35  replicas=[80.2, 77.0, 77.9]
Predicted melting temperature: [54.17635726928711]
Predicted melting temperature: [54.754459381103516]
Predicted melting temperature: [45.41244125366211]
  native charge=-26.85                       Tm=51.45  replicas=[54.2, 54.8, 45.4]
  [output/tm_sol_v12_2/seqs/1A65/arm_p8/seqs.fa] 已写 output/tm_sol_v12_2/seqs/1A65/arm_p8/seqs.fa.tm.csv
Predicted melting temperature: [60.609947204589844]
Predicted melting temperature: [60.853233337402344]
Predicted melting temperature: [65.68421173095703]
  seed_2000 arm=n2 target=-10 charge=-5.26   Tm=62.38  replicas=[60.6, 60.9, 65.7]
Predicted melting temperature: [62.12140655517578]
Predicted melting temperature: [59.409950256347656]
Predicted melting temperature: [62.785438537597656]
  seed_2001 arm=n2 target=-10 charge=-8.72   Tm=61.44  replicas=[62.1, 59.4, 62.8]
Predicted melting temperature: [54.47495651245117]
Predicted melting temperature: [56.17146682739258]
Predicted melting temperature: [59.80139923095703]
  seed_2002 arm=n2 target=-10 charge=-8.34   Tm=56.82  replicas=[54.5, 56.2, 59.8]
Predicted melting temperature: [54.70854568481445]
Predicted melting temperature: [54.51936340332031]
Predicted melting temperature: [53.00237274169922]
  seed_2003 arm=n2 target=-10 charge=-4.42   Tm=54.08  replicas=[54.7, 54.5, 53.0]
Predicted melting temperature: [53.249637603759766]
Predicted melting temperature: [56.26409149169922]
Predicted melting temperature: [61.094547271728516]
  seed_2004 arm=n2 target=-10 charge=-16.4   Tm=56.87  replicas=[53.2, 56.3, 61.1]
Predicted melting temperature: [63.982975006103516]
Predicted melting temperature: [58.93263244628906]
Predicted melting temperature: [65.5572738647461]
  seed_2005 arm=n2 target=-10 charge=-10.5   Tm=62.82  replicas=[64.0, 58.9, 65.6]
Predicted melting temperature: [52.43410873413086]
Predicted melting temperature: [55.59925079345703]
Predicted melting temperature: [57.14863586425781]
  seed_2006 arm=n2 target=-10 charge=-7.52   Tm=55.06  replicas=[52.4, 55.6, 57.1]
Predicted melting temperature: [62.25884246826172]
Predicted melting temperature: [61.15111541748047]
Predicted melting temperature: [63.85020446777344]
  seed_2007 arm=n2 target=-10 charge=-10.4   Tm=62.42  replicas=[62.3, 61.2, 63.9]
Predicted melting temperature: [55.01188659667969]
Predicted melting temperature: [57.39014434814453]
Predicted melting temperature: [52.459754943847656]
  seed_2008 arm=n2 target=-10 charge=-10.9   Tm=54.95  replicas=[55.0, 57.4, 52.5]
Predicted melting temperature: [56.08362579345703]
Predicted melting temperature: [58.867828369140625]
Predicted melting temperature: [66.0423812866211]
  seed_2009 arm=n2 target=-10 charge=-13.3   Tm=60.33  replicas=[56.1, 58.9, 66.0]
Predicted melting temperature: [59.63835144042969]
Predicted melting temperature: [57.91072082519531]
Predicted melting temperature: [59.59101104736328]
  seed_2010 arm=n2 target=-10 charge=-15.4   Tm=59.05  replicas=[59.6, 57.9, 59.6]
Predicted melting temperature: [59.59543228149414]
Predicted melting temperature: [59.85541534423828]
Predicted melting temperature: [57.29848098754883]
  seed_2011 arm=n2 target=-10 charge=-12.6   Tm=58.92  replicas=[59.6, 59.9, 57.3]
Predicted melting temperature: [60.00708770751953]
Predicted melting temperature: [65.21381378173828]
Predicted melting temperature: [62.773136138916016]
  seed_2012 arm=n2 target=-10 charge=-14.6   Tm=62.66  replicas=[60.0, 65.2, 62.8]
Predicted melting temperature: [62.18877410888672]
Predicted melting temperature: [59.397987365722656]
Predicted melting temperature: [65.01643371582031]
  seed_2013 arm=n2 target=-10 charge=-16.1   Tm=62.20  replicas=[62.2, 59.4, 65.0]
Predicted melting temperature: [57.35670471191406]
Predicted melting temperature: [60.693824768066406]
Predicted melting temperature: [62.893409729003906]
  seed_2014 arm=n2 target=-10 charge=-13.5   Tm=60.31  replicas=[57.4, 60.7, 62.9]
Predicted melting temperature: [63.17808532714844]
Predicted melting temperature: [63.28556823730469]
Predicted melting temperature: [65.96199035644531]
  seed_2015 arm=n2 target=-10 charge=-7.22   Tm=64.14  replicas=[63.2, 63.3, 66.0]
Predicted melting temperature: [64.43683624267578]
Predicted melting temperature: [61.64923858642578]
Predicted melting temperature: [62.260616302490234]
  seed_2016 arm=n2 target=-10 charge=-13.1   Tm=62.78  replicas=[64.4, 61.6, 62.3]
Predicted melting temperature: [58.10188674926758]
Predicted melting temperature: [64.14104461669922]
Predicted melting temperature: [59.84556579589844]
  seed_2017 arm=n2 target=-10 charge=-13.5   Tm=60.70  replicas=[58.1, 64.1, 59.8]
Predicted melting temperature: [59.44575500488281]
Predicted melting temperature: [65.39550018310547]
Predicted melting temperature: [64.16311645507812]
  seed_2018 arm=n2 target=-10 charge=-5.12   Tm=63.00  replicas=[59.4, 65.4, 64.2]
Predicted melting temperature: [70.51612854003906]
Predicted melting temperature: [65.47284698486328]
Predicted melting temperature: [67.17839813232422]
  seed_2019 arm=n2 target=-10 charge=-4.04   Tm=67.72  replicas=[70.5, 65.5, 67.2]
Predicted melting temperature: [62.78937530517578]
Predicted melting temperature: [57.692771911621094]
Predicted melting temperature: [57.089359283447266]
  seed_2020 arm=n2 target=-10 charge=-17.0   Tm=59.19  replicas=[62.8, 57.7, 57.1]
Predicted melting temperature: [59.62255096435547]
Predicted melting temperature: [56.52622985839844]
Predicted melting temperature: [63.272857666015625]
  seed_2021 arm=n2 target=-10 charge=-13.1   Tm=59.81  replicas=[59.6, 56.5, 63.3]
Predicted melting temperature: [59.501644134521484]
Predicted melting temperature: [61.19911193847656]
Predicted melting temperature: [57.30413818359375]
  seed_2022 arm=n2 target=-10 charge=-17.3   Tm=59.33  replicas=[59.5, 61.2, 57.3]
Predicted melting temperature: [61.80262756347656]
Predicted melting temperature: [57.543235778808594]
Predicted melting temperature: [60.50436782836914]
  seed_2023 arm=n2 target=-10 charge=-12.5   Tm=59.95  replicas=[61.8, 57.5, 60.5]
Predicted melting temperature: [68.36392974853516]
Predicted melting temperature: [65.58735656738281]
Predicted melting temperature: [65.59212493896484]
  seed_2024 arm=n2 target=-10 charge=-13.2   Tm=66.51  replicas=[68.4, 65.6, 65.6]
Predicted melting temperature: [58.307682037353516]
Predicted melting temperature: [56.95613479614258]
Predicted melting temperature: [60.05254364013672]
  seed_2025 arm=n2 target=-10 charge=-11.6   Tm=58.44  replicas=[58.3, 57.0, 60.1]
Predicted melting temperature: [58.841583251953125]
Predicted melting temperature: [58.55693435668945]
Predicted melting temperature: [63.100032806396484]
  seed_2026 arm=n2 target=-10 charge=-13.1   Tm=60.17  replicas=[58.8, 58.6, 63.1]
Predicted melting temperature: [63.216552734375]
Predicted melting temperature: [66.31416320800781]
Predicted melting temperature: [72.02581024169922]
  seed_2027 arm=n2 target=-10 charge=-12.5   Tm=67.19  replicas=[63.2, 66.3, 72.0]
Predicted melting temperature: [61.805328369140625]
Predicted melting temperature: [64.07100677490234]
Predicted melting temperature: [60.51160430908203]
  seed_2028 arm=n2 target=-10 charge=-8.56   Tm=62.13  replicas=[61.8, 64.1, 60.5]
Predicted melting temperature: [49.44346237182617]
Predicted melting temperature: [59.340335845947266]
Predicted melting temperature: [64.2890625]
  seed_2029 arm=n2 target=-10 charge=-9.71   Tm=57.69  replicas=[49.4, 59.3, 64.3]
Predicted melting temperature: [65.0419692993164]
Predicted melting temperature: [67.83343505859375]
Predicted melting temperature: [67.84387969970703]
  native charge=-8.16                        Tm=66.91  replicas=[65.0, 67.8, 67.8]
  [output/tm_sol_v12_2/seqs/1AG0/arm_n2/seqs.fa] 已写 output/tm_sol_v12_2/seqs/1AG0/arm_n2/seqs.fa.tm.csv
Predicted melting temperature: [53.94972229003906]
Predicted melting temperature: [56.893821716308594]
Predicted melting temperature: [60.629066467285156]
  seed_2000 arm=n8 target=-16 charge=-9.41   Tm=57.16  replicas=[53.9, 56.9, 60.6]
Predicted melting temperature: [56.864994049072266]
Predicted melting temperature: [55.94813537597656]
Predicted melting temperature: [58.11915588378906]
  seed_2001 arm=n8 target=-16 charge=-16.5   Tm=56.98  replicas=[56.9, 55.9, 58.1]
Predicted melting temperature: [55.27402877807617]
Predicted melting temperature: [54.585506439208984]
Predicted melting temperature: [61.43866729736328]
  seed_2002 arm=n8 target=-16 charge=-16.3   Tm=57.10  replicas=[55.3, 54.6, 61.4]
Predicted melting temperature: [50.89548873901367]
Predicted melting temperature: [57.424949645996094]
Predicted melting temperature: [55.81539535522461]
  seed_2003 arm=n8 target=-16 charge=-15.4   Tm=54.71  replicas=[50.9, 57.4, 55.8]
Predicted melting temperature: [58.64208984375]
Predicted melting temperature: [57.45575714111328]
Predicted melting temperature: [62.58487319946289]
  seed_2004 arm=n8 target=-16 charge=-21.5   Tm=59.56  replicas=[58.6, 57.5, 62.6]
Predicted melting temperature: [55.80363464355469]
Predicted melting temperature: [56.886810302734375]
Predicted melting temperature: [60.493343353271484]
  seed_2005 arm=n8 target=-16 charge=-13.3   Tm=57.73  replicas=[55.8, 56.9, 60.5]
Predicted melting temperature: [55.495399475097656]
Predicted melting temperature: [58.96213912963867]
Predicted melting temperature: [62.95710372924805]
  seed_2006 arm=n8 target=-16 charge=-13.4   Tm=59.14  replicas=[55.5, 59.0, 63.0]
Predicted melting temperature: [65.904296875]
Predicted melting temperature: [58.97694396972656]
Predicted melting temperature: [65.89268493652344]
  seed_2007 arm=n8 target=-16 charge=-21.5   Tm=63.59  replicas=[65.9, 59.0, 65.9]
Predicted melting temperature: [54.888431549072266]
Predicted melting temperature: [57.376678466796875]
Predicted melting temperature: [62.842864990234375]
  seed_2008 arm=n8 target=-16 charge=-14.9   Tm=58.37  replicas=[54.9, 57.4, 62.8]
Predicted melting temperature: [57.574058532714844]
Predicted melting temperature: [56.48741912841797]
Predicted melting temperature: [61.44491195678711]
  seed_2009 arm=n8 target=-16 charge=-23.6   Tm=58.50  replicas=[57.6, 56.5, 61.4]
Predicted melting temperature: [57.151668548583984]
Predicted melting temperature: [60.57331085205078]
Predicted melting temperature: [61.210548400878906]
  seed_2010 arm=n8 target=-16 charge=-18.4   Tm=59.65  replicas=[57.2, 60.6, 61.2]
Predicted melting temperature: [55.274658203125]
Predicted melting temperature: [56.283042907714844]
Predicted melting temperature: [54.15615463256836]
  seed_2011 arm=n8 target=-16 charge=-16.6   Tm=55.24  replicas=[55.3, 56.3, 54.2]
Predicted melting temperature: [62.73060989379883]
Predicted melting temperature: [63.401485443115234]
Predicted melting temperature: [64.93191528320312]
  seed_2012 arm=n8 target=-16 charge=-23.5   Tm=63.69  replicas=[62.7, 63.4, 64.9]
Predicted melting temperature: [61.54650115966797]
Predicted melting temperature: [56.62085723876953]
Predicted melting temperature: [57.74717712402344]
  seed_2013 arm=n8 target=-16 charge=-18.4   Tm=58.64  replicas=[61.5, 56.6, 57.7]
Predicted melting temperature: [62.12378692626953]
Predicted melting temperature: [60.30824279785156]
Predicted melting temperature: [67.72284698486328]
  seed_2014 arm=n8 target=-16 charge=-19.5   Tm=63.38  replicas=[62.1, 60.3, 67.7]
Predicted melting temperature: [65.66149139404297]
Predicted melting temperature: [62.336421966552734]
Predicted melting temperature: [61.78486633300781]
  seed_2015 arm=n8 target=-16 charge=-8.25   Tm=63.26  replicas=[65.7, 62.3, 61.8]
Predicted melting temperature: [65.19601440429688]
Predicted melting temperature: [67.5645980834961]
Predicted melting temperature: [66.77178192138672]
  seed_2016 arm=n8 target=-16 charge=-14.3   Tm=66.51  replicas=[65.2, 67.6, 66.8]
Predicted melting temperature: [56.044551849365234]
Predicted melting temperature: [57.18461990356445]
Predicted melting temperature: [62.444522857666016]
  seed_2017 arm=n8 target=-16 charge=-14.6   Tm=58.56  replicas=[56.0, 57.2, 62.4]
Predicted melting temperature: [69.50273132324219]
Predicted melting temperature: [67.19204711914062]
Predicted melting temperature: [63.75658416748047]
  seed_2018 arm=n8 target=-16 charge=-11.1   Tm=66.82  replicas=[69.5, 67.2, 63.8]
Predicted melting temperature: [52.36970138549805]
Predicted melting temperature: [62.92008972167969]
Predicted melting temperature: [64.83019256591797]
  seed_2019 arm=n8 target=-16 charge=-17.0   Tm=60.04  replicas=[52.4, 62.9, 64.8]
Predicted melting temperature: [61.53489303588867]
Predicted melting temperature: [63.163055419921875]
Predicted melting temperature: [57.748966217041016]
  seed_2020 arm=n8 target=-16 charge=-23.0   Tm=60.82  replicas=[61.5, 63.2, 57.7]
Predicted melting temperature: [63.57959747314453]
Predicted melting temperature: [58.676116943359375]
Predicted melting temperature: [69.26667022705078]
  seed_2021 arm=n8 target=-16 charge=-16.1   Tm=63.84  replicas=[63.6, 58.7, 69.3]
Predicted melting temperature: [56.2763786315918]
Predicted melting temperature: [57.778472900390625]
Predicted melting temperature: [65.35665130615234]
  seed_2022 arm=n8 target=-16 charge=-25.2   Tm=59.80  replicas=[56.3, 57.8, 65.4]
Predicted melting temperature: [62.41941833496094]
Predicted melting temperature: [58.62114334106445]
Predicted melting temperature: [62.06928253173828]
  seed_2023 arm=n8 target=-16 charge=-22.5   Tm=61.04  replicas=[62.4, 58.6, 62.1]
Predicted melting temperature: [57.042633056640625]
Predicted melting temperature: [60.29505920410156]
Predicted melting temperature: [64.6549301147461]
  seed_2024 arm=n8 target=-16 charge=-21.2   Tm=60.66  replicas=[57.0, 60.3, 64.7]
Predicted melting temperature: [53.52512741088867]
Predicted melting temperature: [62.453365325927734]
Predicted melting temperature: [61.78532409667969]
  seed_2025 arm=n8 target=-16 charge=-16.6   Tm=59.25  replicas=[53.5, 62.5, 61.8]
Predicted melting temperature: [55.5490837097168]
Predicted melting temperature: [57.88999938964844]
Predicted melting temperature: [58.1383171081543]
  seed_2026 arm=n8 target=-16 charge=-20.3   Tm=57.19  replicas=[55.5, 57.9, 58.1]
Predicted melting temperature: [55.39645004272461]
Predicted melting temperature: [61.63606262207031]
Predicted melting temperature: [67.32097625732422]
  seed_2027 arm=n8 target=-16 charge=-19.6   Tm=61.45  replicas=[55.4, 61.6, 67.3]
Predicted melting temperature: [65.64227294921875]
Predicted melting temperature: [61.08146286010742]
Predicted melting temperature: [61.50550079345703]
  seed_2028 arm=n8 target=-16 charge=-16.4   Tm=62.74  replicas=[65.6, 61.1, 61.5]
Predicted melting temperature: [50.099029541015625]
Predicted melting temperature: [56.681739807128906]
Predicted melting temperature: [66.27106475830078]
  seed_2029 arm=n8 target=-16 charge=-14.7   Tm=57.68  replicas=[50.1, 56.7, 66.3]
Predicted melting temperature: [65.0419692993164]
Predicted melting temperature: [67.83343505859375]
Predicted melting temperature: [67.84387969970703]
  native charge=-8.16                        Tm=66.91  replicas=[65.0, 67.8, 67.8]
  [output/tm_sol_v12_2/seqs/1AG0/arm_n8/seqs.fa] 已写 output/tm_sol_v12_2/seqs/1AG0/arm_n8/seqs.fa.tm.csv
Predicted melting temperature: [59.164798736572266]
Predicted melting temperature: [61.867515563964844]
Predicted melting temperature: [66.53691864013672]
  seed_2000 arm=native target=-8 charge=-5   Tm=62.52  replicas=[59.2, 61.9, 66.5]
Predicted melting temperature: [56.59284973144531]
Predicted melting temperature: [58.03788375854492]
Predicted melting temperature: [61.956520080566406]
  seed_2001 arm=native target=-8 charge=-5   Tm=58.86  replicas=[56.6, 58.0, 62.0]
Predicted melting temperature: [53.022682189941406]
Predicted melting temperature: [56.99052047729492]
Predicted melting temperature: [58.733177185058594]
  seed_2002 arm=native target=-8 charge=-7   Tm=56.25  replicas=[53.0, 57.0, 58.7]
Predicted melting temperature: [53.57276916503906]
Predicted melting temperature: [55.943992614746094]
Predicted melting temperature: [52.651512145996094]
  seed_2003 arm=native target=-8 charge=-0   Tm=54.06  replicas=[53.6, 55.9, 52.7]
Predicted melting temperature: [56.15302658081055]
Predicted melting temperature: [57.09474182128906]
Predicted melting temperature: [61.404083251953125]
  seed_2004 arm=native target=-8 charge=-1   Tm=58.22  replicas=[56.2, 57.1, 61.4]
Predicted melting temperature: [66.29249572753906]
Predicted melting temperature: [59.554386138916016]
Predicted melting temperature: [66.53656768798828]
  seed_2005 arm=native target=-8 charge=-1   Tm=64.13  replicas=[66.3, 59.6, 66.5]
Predicted melting temperature: [61.68313980102539]
Predicted melting temperature: [58.31011199951172]
Predicted melting temperature: [63.00508117675781]
  seed_2006 arm=native target=-8 charge=-4   Tm=61.00  replicas=[61.7, 58.3, 63.0]
Predicted melting temperature: [65.65189361572266]
Predicted melting temperature: [60.959354400634766]
Predicted melting temperature: [64.0019760131836]
  seed_2007 arm=native target=-8 charge=-2   Tm=63.54  replicas=[65.7, 61.0, 64.0]
Predicted melting temperature: [56.16293716430664]
Predicted melting temperature: [59.25331497192383]
Predicted melting temperature: [56.548072814941406]
  seed_2008 arm=native target=-8 charge=-1   Tm=57.32  replicas=[56.2, 59.3, 56.5]
Predicted melting temperature: [55.87947463989258]
Predicted melting temperature: [58.326114654541016]
Predicted melting temperature: [64.94721984863281]
  seed_2009 arm=native target=-8 charge=-1   Tm=59.72  replicas=[55.9, 58.3, 64.9]
Predicted melting temperature: [64.89716339111328]
Predicted melting temperature: [61.22888946533203]
Predicted melting temperature: [58.828433990478516]
  seed_2010 arm=native target=-8 charge=-1   Tm=61.65  replicas=[64.9, 61.2, 58.8]
Predicted melting temperature: [60.66999435424805]
Predicted melting temperature: [61.50624084472656]
Predicted melting temperature: [54.52175521850586]
  seed_2011 arm=native target=-8 charge=-7   Tm=58.90  replicas=[60.7, 61.5, 54.5]
Predicted melting temperature: [57.21470642089844]
Predicted melting temperature: [63.72555160522461]
Predicted melting temperature: [64.25776672363281]
  seed_2012 arm=native target=-8 charge=-1   Tm=61.73  replicas=[57.2, 63.7, 64.3]
Predicted melting temperature: [63.12978744506836]
Predicted melting temperature: [58.68547439575195]
Predicted melting temperature: [61.185707092285156]
  seed_2013 arm=native target=-8 charge=-1   Tm=61.00  replicas=[63.1, 58.7, 61.2]
Predicted melting temperature: [53.96672439575195]
Predicted melting temperature: [56.8380126953125]
Predicted melting temperature: [61.730186462402344]
  seed_2014 arm=native target=-8 charge=-9   Tm=57.51  replicas=[54.0, 56.8, 61.7]
Predicted melting temperature: [66.14594268798828]
Predicted melting temperature: [63.445762634277344]
Predicted melting temperature: [65.37779235839844]
  seed_2015 arm=native target=-8 charge=-4   Tm=64.99  replicas=[66.1, 63.4, 65.4]
Predicted melting temperature: [63.06301498413086]
Predicted melting temperature: [60.737003326416016]
Predicted melting temperature: [62.28882598876953]
  seed_2016 arm=native target=-8 charge=-1   Tm=62.03  replicas=[63.1, 60.7, 62.3]
Predicted melting temperature: [58.187721252441406]
Predicted melting temperature: [63.92842102050781]
Predicted melting temperature: [61.800933837890625]
  seed_2017 arm=native target=-8 charge=-1   Tm=61.31  replicas=[58.2, 63.9, 61.8]
Predicted melting temperature: [64.48657989501953]
Predicted melting temperature: [66.74577331542969]
Predicted melting temperature: [64.23687744140625]
  seed_2018 arm=native target=-8 charge=-2   Tm=65.16  replicas=[64.5, 66.7, 64.2]
Predicted melting temperature: [70.8775863647461]
Predicted melting temperature: [66.17149353027344]
Predicted melting temperature: [70.34403228759766]
  seed_2019 arm=native target=-8 charge=-2   Tm=69.13  replicas=[70.9, 66.2, 70.3]
Predicted melting temperature: [63.130775451660156]
Predicted melting temperature: [59.125003814697266]
Predicted melting temperature: [56.8707275390625]
  seed_2020 arm=native target=-8 charge=-8   Tm=59.71  replicas=[63.1, 59.1, 56.9]
Predicted melting temperature: [60.29497146606445]
Predicted melting temperature: [56.92538833618164]
Predicted melting temperature: [61.64204788208008]
  seed_2021 arm=native target=-8 charge=-1   Tm=59.62  replicas=[60.3, 56.9, 61.6]
Predicted melting temperature: [57.338844299316406]
Predicted melting temperature: [56.67189025878906]
Predicted melting temperature: [60.74083709716797]
  seed_2022 arm=native target=-8 charge=-1   Tm=58.25  replicas=[57.3, 56.7, 60.7]
Predicted melting temperature: [61.38966751098633]
Predicted melting temperature: [56.723106384277344]
Predicted melting temperature: [59.62847900390625]
  seed_2023 arm=native target=-8 charge=-1   Tm=59.25  replicas=[61.4, 56.7, 59.6]
Predicted melting temperature: [67.46698760986328]
Predicted melting temperature: [64.35228729248047]
Predicted melting temperature: [66.89185333251953]
  seed_2024 arm=native target=-8 charge=-1   Tm=66.24  replicas=[67.5, 64.4, 66.9]
Predicted melting temperature: [57.927345275878906]
Predicted melting temperature: [60.12092590332031]
Predicted melting temperature: [59.063682556152344]
  seed_2025 arm=native target=-8 charge=-6   Tm=59.04  replicas=[57.9, 60.1, 59.1]
Predicted melting temperature: [56.07133483886719]
Predicted melting temperature: [59.3074951171875]
Predicted melting temperature: [61.2080192565918]
  seed_2026 arm=native target=-8 charge=-1   Tm=58.86  replicas=[56.1, 59.3, 61.2]
Predicted melting temperature: [65.05162811279297]
Predicted melting temperature: [65.957763671875]
Predicted melting temperature: [72.3946304321289]
  seed_2027 arm=native target=-8 charge=-1   Tm=67.80  replicas=[65.1, 66.0, 72.4]
Predicted melting temperature: [59.53002166748047]
Predicted melting temperature: [62.848567962646484]
Predicted melting temperature: [59.62049102783203]
  seed_2028 arm=native target=-8 charge=-4   Tm=60.67  replicas=[59.5, 62.8, 59.6]
Predicted melting temperature: [51.95585632324219]
Predicted melting temperature: [59.690460205078125]
Predicted melting temperature: [64.68803405761719]
  seed_2029 arm=native target=-8 charge=-5   Tm=58.78  replicas=[52.0, 59.7, 64.7]
Predicted melting temperature: [65.0419692993164]
Predicted melting temperature: [67.83343505859375]
Predicted melting temperature: [67.84387969970703]
  native charge=-8.16                        Tm=66.91  replicas=[65.0, 67.8, 67.8]
  [output/tm_sol_v12_2/seqs/1AG0/arm_native/seqs.fa] 已写 output/tm_sol_v12_2/seqs/1AG0/arm_native/seqs.fa.tm.csv
Predicted melting temperature: [65.0419692993164]
Predicted melting temperature: [67.83343505859375]
Predicted melting temperature: [67.84387969970703]
  1AG0_native L=256                          Tm=66.91  replicas=[65.0, 67.8, 67.8]
  [output/tm_sol_v12_2/seqs/1AG0/arm_native_ref/seqs.fa] 已写 output/tm_sol_v12_2/seqs/1AG0/arm_native_ref/seqs.fa.tm.csv
Predicted melting temperature: [52.08015441894531]
Predicted melting temperature: [58.60576629638672]
Predicted melting temperature: [64.33071899414062]
  seed_2000 arm=p2 target=-6 charge=-2.49    Tm=58.34  replicas=[52.1, 58.6, 64.3]
Predicted melting temperature: [60.18230438232422]
Predicted melting temperature: [59.649234771728516]
Predicted melting temperature: [63.118736267089844]
  seed_2001 arm=p2 target=-6 charge=+0.32    Tm=60.98  replicas=[60.2, 59.6, 63.1]
Predicted melting temperature: [57.022281646728516]
Predicted melting temperature: [60.881919860839844]
Predicted melting temperature: [54.621315002441406]
  seed_2002 arm=p2 target=-6 charge=-7.26    Tm=57.51  replicas=[57.0, 60.9, 54.6]
Predicted melting temperature: [53.63386535644531]
Predicted melting temperature: [56.450592041015625]
Predicted melting temperature: [57.53852081298828]
  seed_2003 arm=p2 target=-6 charge=-3.41    Tm=55.87  replicas=[53.6, 56.5, 57.5]
Predicted melting temperature: [56.354801177978516]
Predicted melting temperature: [57.49075698852539]
Predicted melting temperature: [63.136077880859375]
  seed_2004 arm=p2 target=-6 charge=-15.33   Tm=58.99  replicas=[56.4, 57.5, 63.1]
Predicted melting temperature: [66.43446350097656]
Predicted melting temperature: [59.32710266113281]
Predicted melting temperature: [68.721923828125]
  seed_2005 arm=p2 target=-6 charge=-10.60   Tm=64.83  replicas=[66.4, 59.3, 68.7]
Predicted melting temperature: [58.489471435546875]
Predicted melting temperature: [56.549468994140625]
Predicted melting temperature: [61.92178726196289]
  seed_2006 arm=p2 target=-6 charge=-4.45    Tm=58.99  replicas=[58.5, 56.5, 61.9]
Predicted melting temperature: [63.55393981933594]
Predicted melting temperature: [58.513427734375]
Predicted melting temperature: [64.18338012695312]
  seed_2007 arm=p2 target=-6 charge=-0.41    Tm=62.08  replicas=[63.6, 58.5, 64.2]
Predicted melting temperature: [52.84650421142578]
Predicted melting temperature: [58.13173294067383]
Predicted melting temperature: [57.81840133666992]
  seed_2008 arm=p2 target=-6 charge=-8.96    Tm=56.27  replicas=[52.8, 58.1, 57.8]
Predicted melting temperature: [54.73673629760742]
Predicted melting temperature: [58.31422424316406]
Predicted melting temperature: [68.37328338623047]
  seed_2009 arm=p2 target=-6 charge=-11.40   Tm=60.47  replicas=[54.7, 58.3, 68.4]
Predicted melting temperature: [63.353092193603516]
Predicted melting temperature: [59.50893783569336]
Predicted melting temperature: [57.38370895385742]
  seed_2010 arm=p2 target=-6 charge=-8.37    Tm=60.08  replicas=[63.4, 59.5, 57.4]
Predicted melting temperature: [60.87761688232422]
Predicted melting temperature: [58.41375732421875]
Predicted melting temperature: [59.240692138671875]
  seed_2011 arm=p2 target=-6 charge=-7.60    Tm=59.51  replicas=[60.9, 58.4, 59.2]
Predicted melting temperature: [60.9190559387207]
Predicted melting temperature: [65.56678009033203]
Predicted melting temperature: [61.35311508178711]
  seed_2012 arm=p2 target=-6 charge=-12.33   Tm=62.61  replicas=[60.9, 65.6, 61.4]
Predicted melting temperature: [62.416778564453125]
Predicted melting temperature: [61.97161102294922]
Predicted melting temperature: [61.94104766845703]
  seed_2013 arm=p2 target=-6 charge=-13.37   Tm=62.11  replicas=[62.4, 62.0, 61.9]
Predicted melting temperature: [54.97788619995117]
Predicted melting temperature: [56.36284637451172]
Predicted melting temperature: [63.448143005371094]
  seed_2014 arm=p2 target=-6 charge=-9.48    Tm=58.26  replicas=[55.0, 56.4, 63.4]
Predicted melting temperature: [65.6443862915039]
Predicted melting temperature: [61.72734832763672]
Predicted melting temperature: [65.76907348632812]
  seed_2015 arm=p2 target=-6 charge=-1.15    Tm=64.38  replicas=[65.6, 61.7, 65.8]
Predicted melting temperature: [62.70801544189453]
Predicted melting temperature: [59.46967697143555]
Predicted melting temperature: [61.322052001953125]
  seed_2016 arm=p2 target=-6 charge=-6.19    Tm=61.17  replicas=[62.7, 59.5, 61.3]
Predicted melting temperature: [60.99274826049805]
Predicted melting temperature: [65.18980407714844]
Predicted melting temperature: [61.687294006347656]
  seed_2017 arm=p2 target=-6 charge=-10.48   Tm=62.62  replicas=[61.0, 65.2, 61.7]
Predicted melting temperature: [63.774078369140625]
Predicted melting temperature: [65.52989196777344]
Predicted melting temperature: [57.647071838378906]
  seed_2018 arm=p2 target=-6 charge=-2.23    Tm=62.32  replicas=[63.8, 65.5, 57.6]
Predicted melting temperature: [67.42523193359375]
Predicted melting temperature: [66.25592041015625]
Predicted melting temperature: [68.1376953125]
  seed_2019 arm=p2 target=-6 charge=-2.12    Tm=67.27  replicas=[67.4, 66.3, 68.1]
Predicted melting temperature: [61.249698638916016]
Predicted melting temperature: [56.61766815185547]
Predicted melting temperature: [57.56659698486328]
  seed_2020 arm=p2 target=-6 charge=-9.92    Tm=58.48  replicas=[61.2, 56.6, 57.6]
Predicted melting temperature: [58.84111022949219]
Predicted melting temperature: [56.439090728759766]
Predicted melting temperature: [59.886878967285156]
  seed_2021 arm=p2 target=-6 charge=-9.37    Tm=58.39  replicas=[58.8, 56.4, 59.9]
Predicted melting temperature: [52.072261810302734]
Predicted melting temperature: [60.25939178466797]
Predicted melting temperature: [57.92225646972656]
  seed_2022 arm=p2 target=-6 charge=-8.44    Tm=56.75  replicas=[52.1, 60.3, 57.9]
Predicted melting temperature: [62.60871124267578]
Predicted melting temperature: [61.05452346801758]
Predicted melting temperature: [59.03755187988281]
  seed_2023 arm=p2 target=-6 charge=-5.45    Tm=60.90  replicas=[62.6, 61.1, 59.0]
Predicted melting temperature: [66.52507019042969]
Predicted melting temperature: [64.26498413085938]
Predicted melting temperature: [66.00850677490234]
  seed_2024 arm=p2 target=-6 charge=-11.30   Tm=65.60  replicas=[66.5, 64.3, 66.0]
Predicted melting temperature: [57.15469741821289]
Predicted melting temperature: [55.851539611816406]
Predicted melting temperature: [59.301963806152344]
  seed_2025 arm=p2 target=-6 charge=-5.60    Tm=57.44  replicas=[57.2, 55.9, 59.3]
Predicted melting temperature: [58.08681869506836]
Predicted melting temperature: [59.4808235168457]
Predicted melting temperature: [65.05072021484375]
  seed_2026 arm=p2 target=-6 charge=-13.14   Tm=60.87  replicas=[58.1, 59.5, 65.1]
Predicted melting temperature: [64.33221435546875]
Predicted melting temperature: [66.57998657226562]
Predicted melting temperature: [70.45084381103516]
  seed_2027 arm=p2 target=-6 charge=-12.56   Tm=67.12  replicas=[64.3, 66.6, 70.5]
Predicted melting temperature: [62.34981918334961]
Predicted melting temperature: [61.01469039916992]
Predicted melting temperature: [59.154640197753906]
  seed_2028 arm=p2 target=-6 charge=-1.45    Tm=60.84  replicas=[62.3, 61.0, 59.2]
Predicted melting temperature: [53.78705978393555]
Predicted melting temperature: [59.073577880859375]
Predicted melting temperature: [61.465415954589844]
  seed_2029 arm=p2 target=-6 charge=+0.36    Tm=58.11  replicas=[53.8, 59.1, 61.5]
Predicted melting temperature: [65.0419692993164]
Predicted melting temperature: [67.83343505859375]
Predicted melting temperature: [67.84387969970703]
  native charge=-8.16                        Tm=66.91  replicas=[65.0, 67.8, 67.8]
  [output/tm_sol_v12_2/seqs/1AG0/arm_p2/seqs.fa] 已写 output/tm_sol_v12_2/seqs/1AG0/arm_p2/seqs.fa.tm.csv
Predicted melting temperature: [51.87349319458008]
Predicted melting temperature: [57.67169952392578]
Predicted melting temperature: [54.823974609375]
  seed_2000 arm=p8 target=+0 charge=+2.59    Tm=54.79  replicas=[51.9, 57.7, 54.8]
Predicted melting temperature: [56.41738510131836]
Predicted melting temperature: [66.92704010009766]
Predicted melting temperature: [60.29905319213867]
  seed_2001 arm=p8 target=+0 charge=+1.48    Tm=61.21  replicas=[56.4, 66.9, 60.3]
Predicted melting temperature: [58.65972900390625]
Predicted melting temperature: [59.62757873535156]
Predicted melting temperature: [61.70960998535156]
  seed_2002 arm=p8 target=+0 charge=-3.22    Tm=60.00  replicas=[58.7, 59.6, 61.7]
Predicted melting temperature: [54.46573257446289]
Predicted melting temperature: [54.71489715576172]
Predicted melting temperature: [61.75896072387695]
  seed_2003 arm=p8 target=+0 charge=+5.40    Tm=56.98  replicas=[54.5, 54.7, 61.8]
Predicted melting temperature: [61.34708023071289]
Predicted melting temperature: [59.19873046875]
Predicted melting temperature: [59.817283630371094]
  seed_2004 arm=p8 target=+0 charge=-11.34   Tm=60.12  replicas=[61.3, 59.2, 59.8]
Predicted melting temperature: [65.11346435546875]
Predicted melting temperature: [61.07033157348633]
Predicted melting temperature: [65.90313720703125]
  seed_2005 arm=p8 target=+0 charge=-6.60    Tm=64.03  replicas=[65.1, 61.1, 65.9]
Predicted melting temperature: [52.64845275878906]
Predicted melting temperature: [58.31736755371094]
Predicted melting temperature: [60.24014663696289]
  seed_2006 arm=p8 target=+0 charge=+4.59    Tm=57.07  replicas=[52.6, 58.3, 60.2]
Predicted melting temperature: [61.41976547241211]
Predicted melting temperature: [57.91883087158203]
Predicted melting temperature: [58.08421325683594]
  seed_2007 arm=p8 target=+0 charge=+0.44    Tm=59.14  replicas=[61.4, 57.9, 58.1]
Predicted melting temperature: [54.03784942626953]
Predicted melting temperature: [62.659420013427734]
Predicted melting temperature: [60.458343505859375]
  seed_2008 arm=p8 target=+0 charge=-4.04    Tm=59.05  replicas=[54.0, 62.7, 60.5]
Predicted melting temperature: [63.975555419921875]
Predicted melting temperature: [60.822959899902344]
Predicted melting temperature: [64.97364044189453]
  seed_2009 arm=p8 target=+0 charge=-1.25    Tm=63.26  replicas=[64.0, 60.8, 65.0]
Predicted melting temperature: [56.090675354003906]
Predicted melting temperature: [61.513763427734375]
Predicted melting temperature: [59.11504364013672]
  seed_2010 arm=p8 target=+0 charge=-4.33    Tm=58.91  replicas=[56.1, 61.5, 59.1]
Predicted melting temperature: [62.519935607910156]
Predicted melting temperature: [56.68650817871094]
Predicted melting temperature: [62.63937759399414]
  seed_2011 arm=p8 target=+0 charge=-7.49    Tm=60.62  replicas=[62.5, 56.7, 62.6]
Predicted melting temperature: [58.149513244628906]
Predicted melting temperature: [59.414852142333984]
Predicted melting temperature: [57.37725830078125]
  seed_2012 arm=p8 target=+0 charge=-5.37    Tm=58.31  replicas=[58.1, 59.4, 57.4]
Predicted melting temperature: [61.40613555908203]
Predicted melting temperature: [60.328163146972656]
Predicted melting temperature: [63.371360778808594]
  seed_2013 arm=p8 target=+0 charge=-6.14    Tm=61.70  replicas=[61.4, 60.3, 63.4]
Predicted melting temperature: [58.83344650268555]
Predicted melting temperature: [63.876731872558594]
Predicted melting temperature: [71.44890594482422]
  seed_2014 arm=p8 target=+0 charge=-5.25    Tm=64.72  replicas=[58.8, 63.9, 71.4]
Predicted melting temperature: [53.418487548828125]
Predicted melting temperature: [61.23096466064453]
Predicted melting temperature: [59.31407165527344]
  seed_2015 arm=p8 target=+0 charge=+5.89    Tm=57.99  replicas=[53.4, 61.2, 59.3]
Predicted melting temperature: [63.282859802246094]
Predicted melting temperature: [57.964447021484375]
Predicted melting temperature: [60.17638397216797]
  seed_2016 arm=p8 target=+0 charge=-3.37    Tm=60.47  replicas=[63.3, 58.0, 60.2]
Predicted melting temperature: [63.95043182373047]
Predicted melting temperature: [60.83942794799805]
Predicted melting temperature: [65.1855697631836]
  seed_2017 arm=p8 target=+0 charge=-4.48    Tm=63.33  replicas=[64.0, 60.8, 65.2]
Predicted melting temperature: [61.83007049560547]
Predicted melting temperature: [65.66121673583984]
Predicted melting temperature: [62.49508285522461]
  seed_2018 arm=p8 target=+0 charge=-2.16    Tm=63.33  replicas=[61.8, 65.7, 62.5]
Predicted melting temperature: [69.23808288574219]
Predicted melting temperature: [65.8216552734375]
Predicted melting temperature: [66.54309844970703]
  seed_2019 arm=p8 target=+0 charge=+1.07    Tm=67.20  replicas=[69.2, 65.8, 66.5]
Predicted melting temperature: [61.22538757324219]
Predicted melting temperature: [56.20931625366211]
Predicted melting temperature: [58.66099548339844]
  seed_2020 arm=p8 target=+0 charge=-1.19    Tm=58.70  replicas=[61.2, 56.2, 58.7]
Predicted melting temperature: [52.492557525634766]
Predicted melting temperature: [54.982421875]
Predicted melting temperature: [58.91827392578125]
  seed_2021 arm=p8 target=+0 charge=-1.26    Tm=55.46  replicas=[52.5, 55.0, 58.9]
Predicted melting temperature: [53.35285186767578]
Predicted melting temperature: [59.69990158081055]
Predicted melting temperature: [57.73976135253906]
  seed_2022 arm=p8 target=+0 charge=-6.11    Tm=56.93  replicas=[53.4, 59.7, 57.7]
Predicted melting temperature: [59.94668197631836]
Predicted melting temperature: [65.72035217285156]
Predicted melting temperature: [63.151954650878906]
  seed_2023 arm=p8 target=+0 charge=-5.30    Tm=62.94  replicas=[59.9, 65.7, 63.2]
Predicted melting temperature: [65.5762939453125]
Predicted melting temperature: [67.2979736328125]
Predicted melting temperature: [65.49507904052734]
  seed_2024 arm=p8 target=+0 charge=-5.23    Tm=66.12  replicas=[65.6, 67.3, 65.5]
Predicted melting temperature: [56.88296127319336]
Predicted melting temperature: [57.62571716308594]
Predicted melting temperature: [53.73683166503906]
  seed_2025 arm=p8 target=+0 charge=-3.37    Tm=56.08  replicas=[56.9, 57.6, 53.7]
Predicted melting temperature: [63.3279914855957]
Predicted melting temperature: [62.209754943847656]
Predicted melting temperature: [65.98334503173828]
  seed_2026 arm=p8 target=+0 charge=-7.14    Tm=63.84  replicas=[63.3, 62.2, 66.0]
Predicted melting temperature: [55.08443069458008]
Predicted melting temperature: [58.32389831542969]
Predicted melting temperature: [57.45368957519531]
  seed_2027 arm=p8 target=+0 charge=+0.55    Tm=56.95  replicas=[55.1, 58.3, 57.5]
Predicted melting temperature: [61.50606918334961]
Predicted melting temperature: [59.87730026245117]
Predicted melting temperature: [62.94859313964844]
  seed_2028 arm=p8 target=+0 charge=-1.15    Tm=61.44  replicas=[61.5, 59.9, 62.9]
Predicted melting temperature: [59.632530212402344]
Predicted melting temperature: [62.90596008300781]
Predicted melting temperature: [61.994483947753906]
  seed_2029 arm=p8 target=+0 charge=+1.51    Tm=61.51  replicas=[59.6, 62.9, 62.0]
Predicted melting temperature: [65.0419692993164]
Predicted melting temperature: [67.83343505859375]
Predicted melting temperature: [67.84387969970703]
  native charge=-8.16                        Tm=66.91  replicas=[65.0, 67.8, 67.8]
  [output/tm_sol_v12_2/seqs/1AG0/arm_p8/seqs.fa] 已写 output/tm_sol_v12_2/seqs/1AG0/arm_p8/seqs.fa.tm.csv
Predicted melting temperature: [49.91670608520508]
Predicted melting temperature: [50.318336486816406]
Predicted melting temperature: [49.32612228393555]
  seed_2000 arm=n2 target=-5 charge=-7.82    Tm=49.85  replicas=[49.9, 50.3, 49.3]
Predicted melting temperature: [53.476139068603516]
Predicted melting temperature: [49.13456344604492]
Predicted melting temperature: [48.57854461669922]
  seed_2001 arm=n2 target=-5 charge=-9.87    Tm=50.40  replicas=[53.5, 49.1, 48.6]
Predicted melting temperature: [51.27558898925781]
Predicted melting temperature: [46.375144958496094]
Predicted melting temperature: [49.25922393798828]
  seed_2002 arm=n2 target=-5 charge=-3.94    Tm=48.97  replicas=[51.3, 46.4, 49.3]
Predicted melting temperature: [54.081031799316406]
Predicted melting temperature: [64.83355712890625]
Predicted melting temperature: [48.018455505371094]
  seed_2003 arm=n2 target=-5 charge=+5.01    Tm=55.64  replicas=[54.1, 64.8, 48.0]
Predicted melting temperature: [50.25395965576172]
Predicted melting temperature: [45.83890914916992]
Predicted melting temperature: [48.396366119384766]
  seed_2004 arm=n2 target=-5 charge=-5.90    Tm=48.16  replicas=[50.3, 45.8, 48.4]
Predicted melting temperature: [53.03367233276367]
Predicted melting temperature: [45.69689178466797]
Predicted melting temperature: [51.229949951171875]
  seed_2005 arm=n2 target=-5 charge=-4.87    Tm=49.99  replicas=[53.0, 45.7, 51.2]
Predicted melting temperature: [53.65141677856445]
Predicted melting temperature: [50.88502502441406]
Predicted melting temperature: [49.37733459472656]
  seed_2006 arm=n2 target=-5 charge=-9.87    Tm=51.30  replicas=[53.7, 50.9, 49.4]
Predicted melting temperature: [52.559120178222656]
Predicted melting temperature: [46.2514762878418]
Predicted melting temperature: [48.914794921875]
  seed_2007 arm=n2 target=-5 charge=-9.94    Tm=49.24  replicas=[52.6, 46.3, 48.9]
Predicted melting temperature: [53.406776428222656]
Predicted melting temperature: [60.19725036621094]
Predicted melting temperature: [46.77549743652344]
  seed_2008 arm=n2 target=-5 charge=+3.08    Tm=53.46  replicas=[53.4, 60.2, 46.8]
Predicted melting temperature: [53.53950881958008]
Predicted melting temperature: [53.16539001464844]
Predicted melting temperature: [48.8621940612793]
  seed_2009 arm=n2 target=-5 charge=-2.98    Tm=51.86  replicas=[53.5, 53.2, 48.9]
Predicted melting temperature: [49.813472747802734]
Predicted melting temperature: [53.16151809692383]
Predicted melting temperature: [46.84838104248047]
  seed_2010 arm=n2 target=-5 charge=-2.94    Tm=49.94  replicas=[49.8, 53.2, 46.8]
Predicted melting temperature: [53.14487075805664]
Predicted melting temperature: [49.521366119384766]
Predicted melting temperature: [49.058414459228516]
  seed_2011 arm=n2 target=-5 charge=-15.82   Tm=50.57  replicas=[53.1, 49.5, 49.1]
Predicted melting temperature: [52.697723388671875]
Predicted melting temperature: [51.44888687133789]
Predicted melting temperature: [47.83447265625]
  seed_2012 arm=n2 target=-5 charge=+0.10    Tm=50.66  replicas=[52.7, 51.4, 47.8]
Predicted melting temperature: [51.4992561340332]
Predicted melting temperature: [48.23965835571289]
Predicted melting temperature: [50.152427673339844]
  seed_2013 arm=n2 target=-5 charge=-11.90   Tm=49.96  replicas=[51.5, 48.2, 50.2]
Predicted melting temperature: [49.25822448730469]
Predicted melting temperature: [49.07081604003906]
Predicted melting temperature: [48.06310272216797]
  seed_2014 arm=n2 target=-5 charge=-10.90   Tm=48.80  replicas=[49.3, 49.1, 48.1]
Predicted melting temperature: [52.35945510864258]
Predicted melting temperature: [48.35456085205078]
Predicted melting temperature: [50.10710144042969]
  seed_2015 arm=n2 target=-5 charge=+6.13    Tm=50.27  replicas=[52.4, 48.4, 50.1]
Predicted melting temperature: [49.094459533691406]
Predicted melting temperature: [52.982337951660156]
Predicted melting temperature: [48.77753829956055]
  seed_2016 arm=n2 target=-5 charge=+4.17    Tm=50.28  replicas=[49.1, 53.0, 48.8]
Predicted melting temperature: [52.11085891723633]
Predicted melting temperature: [49.93119812011719]
Predicted melting temperature: [47.95100021362305]
  seed_2017 arm=n2 target=-5 charge=-8.87    Tm=50.00  replicas=[52.1, 49.9, 48.0]
Predicted melting temperature: [51.507083892822266]
Predicted melting temperature: [49.923736572265625]
Predicted melting temperature: [48.80120086669922]
  seed_2018 arm=n2 target=-5 charge=-4.87    Tm=50.08  replicas=[51.5, 49.9, 48.8]
Predicted melting temperature: [49.613304138183594]
Predicted melting temperature: [45.913307189941406]
Predicted melting temperature: [48.33832931518555]
  seed_2019 arm=n2 target=-5 charge=-4.94    Tm=47.95  replicas=[49.6, 45.9, 48.3]
Predicted melting temperature: [50.84220886230469]
Predicted melting temperature: [56.95886993408203]
Predicted melting temperature: [46.77228927612305]
  seed_2020 arm=n2 target=-5 charge=-7.91    Tm=51.52  replicas=[50.8, 57.0, 46.8]
Predicted melting temperature: [52.56792449951172]
Predicted melting temperature: [60.7902717590332]
Predicted melting temperature: [48.049346923828125]
  seed_2021 arm=n2 target=-5 charge=-5.99    Tm=53.80  replicas=[52.6, 60.8, 48.0]
Predicted melting temperature: [49.00362014770508]
Predicted melting temperature: [48.95747756958008]
Predicted melting temperature: [46.610206604003906]
  seed_2022 arm=n2 target=-5 charge=-0.90    Tm=48.19  replicas=[49.0, 49.0, 46.6]
Predicted melting temperature: [53.26110076904297]
Predicted melting temperature: [50.73964309692383]
Predicted melting temperature: [48.20426940917969]
  seed_2023 arm=n2 target=-5 charge=+0.17    Tm=50.74  replicas=[53.3, 50.7, 48.2]
Predicted melting temperature: [54.0962028503418]
Predicted melting temperature: [45.74359893798828]
Predicted melting temperature: [48.914817810058594]
  seed_2024 arm=n2 target=-5 charge=-14.82   Tm=49.58  replicas=[54.1, 45.7, 48.9]
Predicted melting temperature: [51.42207336425781]
Predicted melting temperature: [46.401390075683594]
Predicted melting temperature: [49.19845962524414]
  seed_2025 arm=n2 target=-5 charge=-3.87    Tm=49.01  replicas=[51.4, 46.4, 49.2]
Predicted melting temperature: [48.2635498046875]
Predicted melting temperature: [51.655967712402344]
Predicted melting temperature: [50.370208740234375]
  seed_2026 arm=n2 target=-5 charge=+0.03    Tm=50.10  replicas=[48.3, 51.7, 50.4]
Predicted melting temperature: [47.186683654785156]
Predicted melting temperature: [51.088863372802734]
Predicted melting temperature: [50.97499084472656]
  seed_2027 arm=n2 target=-5 charge=-1.91    Tm=49.75  replicas=[47.2, 51.1, 51.0]
Predicted melting temperature: [51.18152618408203]
Predicted melting temperature: [67.28807830810547]
Predicted melting temperature: [48.69795608520508]
  seed_2028 arm=n2 target=-5 charge=-6.86    Tm=55.72  replicas=[51.2, 67.3, 48.7]
Predicted melting temperature: [51.87490463256836]
Predicted melting temperature: [50.98033142089844]
Predicted melting temperature: [50.663978576660156]
  seed_2029 arm=n2 target=-5 charge=+2.13    Tm=51.17  replicas=[51.9, 51.0, 50.7]
Predicted melting temperature: [53.59208297729492]
Predicted melting temperature: [46.90811538696289]
Predicted melting temperature: [44.87671661376953]
  native charge=-2.69                        Tm=48.46  replicas=[53.6, 46.9, 44.9]
  [output/tm_sol_v12_2/seqs/1AS2/arm_n2/seqs.fa] 已写 output/tm_sol_v12_2/seqs/1AS2/arm_n2/seqs.fa.tm.csv
Predicted melting temperature: [53.5582389831543]
Predicted melting temperature: [51.25554656982422]
Predicted melting temperature: [46.02389144897461]
  seed_2000 arm=n8 target=-11 charge=-12.8   Tm=50.28  replicas=[53.6, 51.3, 46.0]
Predicted melting temperature: [52.093963623046875]
Predicted melting temperature: [56.85329055786133]
Predicted melting temperature: [48.01008224487305]
  seed_2001 arm=n8 target=-11 charge=-10.8   Tm=52.32  replicas=[52.1, 56.9, 48.0]
Predicted melting temperature: [54.861392974853516]
Predicted melting temperature: [49.54596710205078]
Predicted melting temperature: [48.931365966796875]
  seed_2002 arm=n8 target=-11 charge=-15.9   Tm=51.11  replicas=[54.9, 49.5, 48.9]
Predicted melting temperature: [66.99549102783203]
Predicted melting temperature: [68.62564849853516]
Predicted melting temperature: [53.12712097167969]
  seed_2003 arm=n8 target=-11 charge=-5.94   Tm=62.92  replicas=[67.0, 68.6, 53.1]
Predicted melting temperature: [49.82058334350586]
Predicted melting temperature: [48.849361419677734]
Predicted melting temperature: [49.43206024169922]
  seed_2004 arm=n8 target=-11 charge=-16.9   Tm=49.37  replicas=[49.8, 48.8, 49.4]
Predicted melting temperature: [52.44028091430664]
Predicted melting temperature: [45.926944732666016]
Predicted melting temperature: [50.78496170043945]
  seed_2005 arm=n8 target=-11 charge=-15.8   Tm=49.72  replicas=[52.4, 45.9, 50.8]
Predicted melting temperature: [54.73468780517578]
Predicted melting temperature: [59.139007568359375]
Predicted melting temperature: [46.64088821411133]
  seed_2006 arm=n8 target=-11 charge=-18.8   Tm=53.50  replicas=[54.7, 59.1, 46.6]
Predicted melting temperature: [56.50883483886719]
Predicted melting temperature: [62.61573028564453]
Predicted melting temperature: [50.070796966552734]
  seed_2007 arm=n8 target=-11 charge=-8.87   Tm=56.40  replicas=[56.5, 62.6, 50.1]
Predicted melting temperature: [58.30271530151367]
Predicted melting temperature: [64.14049530029297]
Predicted melting temperature: [46.11077880859375]
  seed_2008 arm=n8 target=-11 charge=-10.0   Tm=56.18  replicas=[58.3, 64.1, 46.1]
Predicted melting temperature: [52.943641662597656]
Predicted melting temperature: [58.12961196899414]
Predicted melting temperature: [48.985321044921875]
  seed_2009 arm=n8 target=-11 charge=-12.0   Tm=53.35  replicas=[52.9, 58.1, 49.0]
Predicted melting temperature: [58.34453201293945]
Predicted melting temperature: [63.623291015625]
Predicted melting temperature: [50.75259017944336]
  seed_2010 arm=n8 target=-11 charge=-8.94   Tm=57.57  replicas=[58.3, 63.6, 50.8]
Predicted melting temperature: [52.94683837890625]
Predicted melting temperature: [49.637908935546875]
Predicted melting temperature: [50.540626525878906]
  seed_2011 arm=n8 target=-11 charge=-22.8   Tm=51.04  replicas=[52.9, 49.6, 50.5]
Predicted melting temperature: [67.37816619873047]
Predicted melting temperature: [68.68548583984375]
Predicted melting temperature: [50.22498321533203]
  seed_2012 arm=n8 target=-11 charge=-6.89   Tm=62.10  replicas=[67.4, 68.7, 50.2]
Predicted melting temperature: [49.3534049987793]
Predicted melting temperature: [43.787109375]
Predicted melting temperature: [50.462989807128906]
  seed_2013 arm=n8 target=-11 charge=-15.9   Tm=47.87  replicas=[49.4, 43.8, 50.5]
Predicted melting temperature: [50.649898529052734]
Predicted melting temperature: [44.90991973876953]
Predicted melting temperature: [48.07881164550781]
  seed_2014 arm=n8 target=-11 charge=-12.9   Tm=47.88  replicas=[50.6, 44.9, 48.1]
Predicted melting temperature: [47.50009536743164]
Predicted melting temperature: [47.40970993041992]
Predicted melting temperature: [46.74858856201172]
  seed_2015 arm=n8 target=-11 charge=-3.87   Tm=47.22  replicas=[47.5, 47.4, 46.7]
Predicted melting temperature: [50.263343811035156]
Predicted melting temperature: [57.74535369873047]
Predicted melting temperature: [48.884246826171875]
  seed_2016 arm=n8 target=-11 charge=+2.13   Tm=52.30  replicas=[50.3, 57.7, 48.9]
Predicted melting temperature: [51.434139251708984]
Predicted melting temperature: [50.22603225708008]
Predicted melting temperature: [47.94440460205078]
  seed_2017 arm=n8 target=-11 charge=-10.8   Tm=49.87  replicas=[51.4, 50.2, 47.9]
Predicted melting temperature: [52.800235748291016]
Predicted melting temperature: [48.62139892578125]
Predicted melting temperature: [48.61378860473633]
  seed_2018 arm=n8 target=-11 charge=-17.9   Tm=50.01  replicas=[52.8, 48.6, 48.6]
Predicted melting temperature: [50.01450729370117]
Predicted melting temperature: [46.5919189453125]
Predicted melting temperature: [46.67485809326172]
  seed_2019 arm=n8 target=-11 charge=-5.98   Tm=47.76  replicas=[50.0, 46.6, 46.7]
Predicted melting temperature: [55.169986724853516]
Predicted melting temperature: [66.85441589355469]
Predicted melting temperature: [46.58464050292969]
  seed_2020 arm=n8 target=-11 charge=-14.8   Tm=56.20  replicas=[55.2, 66.9, 46.6]
Predicted melting temperature: [53.83842468261719]
Predicted melting temperature: [51.19240951538086]
Predicted melting temperature: [46.67138671875]
  seed_2021 arm=n8 target=-11 charge=-10.9   Tm=50.57  replicas=[53.8, 51.2, 46.7]
Predicted melting temperature: [48.348777770996094]
Predicted melting temperature: [47.64991760253906]
Predicted melting temperature: [47.978065490722656]
  seed_2022 arm=n8 target=-11 charge=-5.95   Tm=47.99  replicas=[48.3, 47.6, 48.0]
Predicted melting temperature: [52.77471160888672]
Predicted melting temperature: [48.51555633544922]
Predicted melting temperature: [48.938392639160156]
  seed_2023 arm=n8 target=-11 charge=-8.87   Tm=50.08  replicas=[52.8, 48.5, 48.9]
Predicted melting temperature: [53.20594787597656]
Predicted melting temperature: [47.748863220214844]
Predicted melting temperature: [48.14988708496094]
  seed_2024 arm=n8 target=-11 charge=-19.8   Tm=49.70  replicas=[53.2, 47.7, 48.1]
Predicted melting temperature: [56.594112396240234]
Predicted melting temperature: [53.587371826171875]
Predicted melting temperature: [47.156211853027344]
  seed_2025 arm=n8 target=-11 charge=-7.87   Tm=52.45  replicas=[56.6, 53.6, 47.2]
Predicted melting temperature: [51.55227279663086]
Predicted melting temperature: [48.244285583496094]
Predicted melting temperature: [48.030181884765625]
  seed_2026 arm=n8 target=-11 charge=-13.0   Tm=49.28  replicas=[51.6, 48.2, 48.0]
Predicted melting temperature: [47.941768646240234]
Predicted melting temperature: [47.520931243896484]
Predicted melting temperature: [48.498741149902344]
  seed_2027 arm=n8 target=-11 charge=-9.02   Tm=47.99  replicas=[47.9, 47.5, 48.5]
Predicted melting temperature: [53.055503845214844]
Predicted melting temperature: [60.894744873046875]
Predicted melting temperature: [48.78522491455078]
  seed_2028 arm=n8 target=-11 charge=-13.8   Tm=54.25  replicas=[53.1, 60.9, 48.8]
Predicted melting temperature: [53.8178596496582]
Predicted melting temperature: [50.21393585205078]
Predicted melting temperature: [50.46843338012695]
  seed_2029 arm=n8 target=-11 charge=-8.87   Tm=51.50  replicas=[53.8, 50.2, 50.5]
Predicted melting temperature: [53.59208297729492]
Predicted melting temperature: [46.90811538696289]
Predicted melting temperature: [44.87671661376953]
  native charge=-2.69                        Tm=48.46  replicas=[53.6, 46.9, 44.9]
  [output/tm_sol_v12_2/seqs/1AS2/arm_n8/seqs.fa] 已写 output/tm_sol_v12_2/seqs/1AS2/arm_n8/seqs.fa.tm.csv
Predicted melting temperature: [49.58484649658203]
Predicted melting temperature: [48.46800231933594]
Predicted melting temperature: [49.432167053222656]
  seed_2000 arm=native target=-3 charge=-0   Tm=49.16  replicas=[49.6, 48.5, 49.4]
Predicted melting temperature: [52.825923919677734]
Predicted melting temperature: [48.1337890625]
Predicted melting temperature: [48.286407470703125]
  seed_2001 arm=native target=-3 charge=-4   Tm=49.75  replicas=[52.8, 48.1, 48.3]
Predicted melting temperature: [48.8636360168457]
Predicted melting temperature: [42.847721099853516]
Predicted melting temperature: [46.86771011352539]
  seed_2002 arm=native target=-3 charge=-7   Tm=46.19  replicas=[48.9, 42.8, 46.9]
Predicted melting temperature: [52.85365295410156]
Predicted melting temperature: [63.22357940673828]
Predicted melting temperature: [49.278324127197266]
  seed_2003 arm=native target=-3 charge=+1   Tm=55.12  replicas=[52.9, 63.2, 49.3]
Predicted melting temperature: [49.93321228027344]
Predicted melting temperature: [45.163307189941406]
Predicted melting temperature: [47.22743225097656]
  seed_2004 arm=native target=-3 charge=-8   Tm=47.44  replicas=[49.9, 45.2, 47.2]
Predicted melting temperature: [52.453636169433594]
Predicted melting temperature: [45.70465087890625]
Predicted melting temperature: [49.943878173828125]
  seed_2005 arm=native target=-3 charge=-2   Tm=49.37  replicas=[52.5, 45.7, 49.9]
Predicted melting temperature: [52.69853591918945]
Predicted melting temperature: [53.615474700927734]
Predicted melting temperature: [48.187522888183594]
  seed_2006 arm=native target=-3 charge=-5   Tm=51.50  replicas=[52.7, 53.6, 48.2]
Predicted melting temperature: [52.49635696411133]
Predicted melting temperature: [46.77669906616211]
Predicted melting temperature: [49.47515869140625]
  seed_2007 arm=native target=-3 charge=+0   Tm=49.58  replicas=[52.5, 46.8, 49.5]
Predicted melting temperature: [54.62166976928711]
Predicted melting temperature: [61.65937423706055]
Predicted melting temperature: [47.610374450683594]
  seed_2008 arm=native target=-3 charge=+6   Tm=54.63  replicas=[54.6, 61.7, 47.6]
Predicted melting temperature: [53.09938430786133]
Predicted melting temperature: [51.44706344604492]
Predicted melting temperature: [49.60762023925781]
  seed_2009 arm=native target=-3 charge=-0   Tm=51.38  replicas=[53.1, 51.4, 49.6]
Predicted melting temperature: [50.32878875732422]
Predicted melting temperature: [52.17424774169922]
Predicted melting temperature: [47.027950286865234]
  seed_2010 arm=native target=-3 charge=-1   Tm=49.84  replicas=[50.3, 52.2, 47.0]
Predicted melting temperature: [53.060752868652344]
Predicted melting temperature: [47.00398254394531]
Predicted melting temperature: [47.465538024902344]
  seed_2011 arm=native target=-3 charge=-1   Tm=49.18  replicas=[53.1, 47.0, 47.5]
Predicted melting temperature: [52.25080108642578]
Predicted melting temperature: [53.91642761230469]
Predicted melting temperature: [47.73914337158203]
  seed_2012 arm=native target=-3 charge=+3   Tm=51.30  replicas=[52.3, 53.9, 47.7]
Predicted melting temperature: [54.36640930175781]
Predicted melting temperature: [49.77845001220703]
Predicted melting temperature: [49.75823211669922]
  seed_2013 arm=native target=-3 charge=-4   Tm=51.30  replicas=[54.4, 49.8, 49.8]
Predicted melting temperature: [49.36455535888672]
Predicted melting temperature: [47.07311248779297]
Predicted melting temperature: [48.973819732666016]
  seed_2014 arm=native target=-3 charge=-5   Tm=48.47  replicas=[49.4, 47.1, 49.0]
Predicted melting temperature: [51.977909088134766]
Predicted melting temperature: [45.866859436035156]
Predicted melting temperature: [48.8916015625]
  seed_2015 arm=native target=-3 charge=+1   Tm=48.91  replicas=[52.0, 45.9, 48.9]
Predicted melting temperature: [49.78717041015625]
Predicted melting temperature: [52.723243713378906]
Predicted melting temperature: [48.16905212402344]
  seed_2016 arm=native target=-3 charge=+8   Tm=50.23  replicas=[49.8, 52.7, 48.2]
Predicted melting temperature: [51.78898239135742]
Predicted melting temperature: [48.13442611694336]
Predicted melting temperature: [48.942909240722656]
  seed_2017 arm=native target=-3 charge=-5   Tm=49.62  replicas=[51.8, 48.1, 48.9]
Predicted melting temperature: [52.59709930419922]
Predicted melting temperature: [50.35235595703125]
Predicted melting temperature: [49.17222595214844]
  seed_2018 arm=native target=-3 charge=-6   Tm=50.71  replicas=[52.6, 50.4, 49.2]
Predicted melting temperature: [48.761207580566406]
Predicted melting temperature: [46.16291809082031]
Predicted melting temperature: [48.22663497924805]
  seed_2019 arm=native target=-3 charge=-0   Tm=47.72  replicas=[48.8, 46.2, 48.2]
Predicted melting temperature: [50.955360412597656]
Predicted melting temperature: [53.289119720458984]
Predicted melting temperature: [47.542877197265625]
  seed_2020 arm=native target=-3 charge=-3   Tm=50.60  replicas=[51.0, 53.3, 47.5]
Predicted melting temperature: [53.155029296875]
Predicted melting temperature: [63.22770690917969]
Predicted melting temperature: [48.158573150634766]
  seed_2021 arm=native target=-3 charge=-2   Tm=54.85  replicas=[53.2, 63.2, 48.2]
Predicted melting temperature: [49.985233306884766]
Predicted melting temperature: [51.98457336425781]
Predicted melting temperature: [46.64320755004883]
  seed_2022 arm=native target=-3 charge=+2   Tm=49.54  replicas=[50.0, 52.0, 46.6]
Predicted melting temperature: [54.012210845947266]
Predicted melting temperature: [49.87160873413086]
Predicted melting temperature: [47.175987243652344]
  seed_2023 arm=native target=-3 charge=+2   Tm=50.35  replicas=[54.0, 49.9, 47.2]
Predicted melting temperature: [51.542335510253906]
Predicted melting temperature: [46.301231384277344]
Predicted melting temperature: [48.68853759765625]
  seed_2024 arm=native target=-3 charge=-1   Tm=48.84  replicas=[51.5, 46.3, 48.7]
Predicted melting temperature: [52.518592834472656]
Predicted melting temperature: [46.59730529785156]
Predicted melting temperature: [50.24100112915039]
  seed_2025 arm=native target=-3 charge=-5   Tm=49.79  replicas=[52.5, 46.6, 50.2]
Predicted melting temperature: [49.56756591796875]
Predicted melting temperature: [50.59230041503906]
Predicted melting temperature: [50.283447265625]
  seed_2026 arm=native target=-3 charge=-0   Tm=50.15  replicas=[49.6, 50.6, 50.3]
Predicted melting temperature: [52.67273712158203]
Predicted melting temperature: [52.12816619873047]
Predicted melting temperature: [49.53253173828125]
  seed_2027 arm=native target=-3 charge=+0   Tm=51.44  replicas=[52.7, 52.1, 49.5]
Predicted melting temperature: [51.86259078979492]
Predicted melting temperature: [54.76202392578125]
Predicted melting temperature: [49.73723602294922]
  seed_2028 arm=native target=-3 charge=-5   Tm=52.12  replicas=[51.9, 54.8, 49.7]
Predicted melting temperature: [51.39683532714844]
Predicted melting temperature: [51.19911575317383]
Predicted melting temperature: [49.80616760253906]
  seed_2029 arm=native target=-3 charge=+5   Tm=50.80  replicas=[51.4, 51.2, 49.8]
Predicted melting temperature: [53.59208297729492]
Predicted melting temperature: [46.90811538696289]
Predicted melting temperature: [44.87671661376953]
  native charge=-2.69                        Tm=48.46  replicas=[53.6, 46.9, 44.9]
  [output/tm_sol_v12_2/seqs/1AS2/arm_native/seqs.fa] 已写 output/tm_sol_v12_2/seqs/1AS2/arm_native/seqs.fa.tm.csv
Predicted melting temperature: [53.59208297729492]
Predicted melting temperature: [46.90811538696289]
Predicted melting temperature: [44.87671661376953]
  1AS2_native L=312                          Tm=48.46  replicas=[53.6, 46.9, 44.9]
  [output/tm_sol_v12_2/seqs/1AS2/arm_native_ref/seqs.fa] 已写 output/tm_sol_v12_2/seqs/1AS2/arm_native_ref/seqs.fa.tm.csv
Predicted melting temperature: [50.40217590332031]
Predicted melting temperature: [48.750030517578125]
Predicted melting temperature: [49.82878112792969]
  seed_2000 arm=p2 target=-1 charge=+1.14    Tm=49.66  replicas=[50.4, 48.8, 49.8]
Predicted melting temperature: [52.19234848022461]
Predicted melting temperature: [47.32278060913086]
Predicted melting temperature: [47.9853515625]
  seed_2001 arm=p2 target=-1 charge=-4.90    Tm=49.17  replicas=[52.2, 47.3, 48.0]
Predicted melting temperature: [49.311527252197266]
Predicted melting temperature: [44.88276672363281]
Predicted melting temperature: [47.75111389160156]
  seed_2002 arm=p2 target=-1 charge=-3.87    Tm=47.32  replicas=[49.3, 44.9, 47.8]
Predicted melting temperature: [53.40243911743164]
Predicted melting temperature: [62.86772537231445]
Predicted melting temperature: [50.73988723754883]
  seed_2003 arm=p2 target=-1 charge=+8.97    Tm=55.67  replicas=[53.4, 62.9, 50.7]
Predicted melting temperature: [49.75896072387695]
Predicted melting temperature: [46.308128356933594]
Predicted melting temperature: [48.24617385864258]
  seed_2004 arm=p2 target=-1 charge=-5.78    Tm=48.10  replicas=[49.8, 46.3, 48.2]
Predicted melting temperature: [51.98603820800781]
Predicted melting temperature: [45.56806564331055]
Predicted melting temperature: [51.07197189331055]
  seed_2005 arm=p2 target=-1 charge=-1.91    Tm=49.54  replicas=[52.0, 45.6, 51.1]
Predicted melting temperature: [53.29840087890625]
Predicted melting temperature: [50.23473358154297]
Predicted melting temperature: [47.35224533081055]
  seed_2006 arm=p2 target=-1 charge=-6.94    Tm=50.30  replicas=[53.3, 50.2, 47.4]
Predicted melting temperature: [52.480140686035156]
Predicted melting temperature: [46.1158332824707]
Predicted melting temperature: [48.915042877197266]
  seed_2007 arm=p2 target=-1 charge=-0.87    Tm=49.17  replicas=[52.5, 46.1, 48.9]
Predicted melting temperature: [56.2630615234375]
Predicted melting temperature: [62.650569915771484]
Predicted melting temperature: [48.762489318847656]
  seed_2008 arm=p2 target=-1 charge=+5.04    Tm=55.89  replicas=[56.3, 62.7, 48.8]
Predicted melting temperature: [52.92449188232422]
Predicted melting temperature: [50.9947509765625]
Predicted melting temperature: [48.921024322509766]
  seed_2009 arm=p2 target=-1 charge=-0.94    Tm=50.95  replicas=[52.9, 51.0, 48.9]
Predicted melting temperature: [51.918663024902344]
Predicted melting temperature: [52.59227752685547]
Predicted melting temperature: [48.62303161621094]
  seed_2010 arm=p2 target=-1 charge=-3.94    Tm=51.04  replicas=[51.9, 52.6, 48.6]
Predicted melting temperature: [53.27727508544922]
Predicted melting temperature: [47.49305725097656]
Predicted melting temperature: [48.208045959472656]
  seed_2011 arm=p2 target=-1 charge=-12.85   Tm=49.66  replicas=[53.3, 47.5, 48.2]
Predicted melting temperature: [52.75725555419922]
Predicted melting temperature: [53.83225631713867]
Predicted melting temperature: [48.5833740234375]
  seed_2012 arm=p2 target=-1 charge=+9.14    Tm=51.72  replicas=[52.8, 53.8, 48.6]
Predicted melting temperature: [53.7362174987793]
Predicted melting temperature: [52.04698944091797]
Predicted melting temperature: [49.37891387939453]
  seed_2013 arm=p2 target=-1 charge=-2.91    Tm=51.72  replicas=[53.7, 52.0, 49.4]
Predicted melting temperature: [49.67556381225586]
Predicted melting temperature: [45.03722381591797]
Predicted melting temperature: [50.978294372558594]
  seed_2014 arm=p2 target=-1 charge=-0.78    Tm=48.56  replicas=[49.7, 45.0, 51.0]
Predicted melting temperature: [52.08837127685547]
Predicted melting temperature: [46.349761962890625]
Predicted melting temperature: [48.532569885253906]
  seed_2015 arm=p2 target=-1 charge=+13.13   Tm=48.99  replicas=[52.1, 46.3, 48.5]
Predicted melting temperature: [49.50389862060547]
Predicted melting temperature: [55.330039978027344]
Predicted melting temperature: [48.366676330566406]
  seed_2016 arm=p2 target=-1 charge=+10.13   Tm=51.07  replicas=[49.5, 55.3, 48.4]
Predicted melting temperature: [51.642250061035156]
Predicted melting temperature: [48.313682556152344]
Predicted melting temperature: [48.10084533691406]
  seed_2017 arm=p2 target=-1 charge=-0.83    Tm=49.35  replicas=[51.6, 48.3, 48.1]
Predicted melting temperature: [49.616641998291016]
Predicted melting temperature: [47.06438446044922]
Predicted melting temperature: [49.40116882324219]
  seed_2018 arm=p2 target=-1 charge=-5.87    Tm=48.69  replicas=[49.6, 47.1, 49.4]
Predicted melting temperature: [50.15617752075195]
Predicted melting temperature: [46.31562042236328]
Predicted melting temperature: [48.56532669067383]
  seed_2019 arm=p2 target=-1 charge=+0.14    Tm=48.35  replicas=[50.2, 46.3, 48.6]
Predicted melting temperature: [51.89567947387695]
Predicted melting temperature: [50.53004455566406]
Predicted melting temperature: [48.920230865478516]
  seed_2020 arm=p2 target=-1 charge=-0.87    Tm=50.45  replicas=[51.9, 50.5, 48.9]
Predicted melting temperature: [52.897613525390625]
Predicted melting temperature: [64.5907211303711]
Predicted melting temperature: [47.25047302246094]
  seed_2021 arm=p2 target=-1 charge=-1.99    Tm=54.91  replicas=[52.9, 64.6, 47.3]
Predicted melting temperature: [51.035011291503906]
Predicted melting temperature: [45.13854217529297]
Predicted melting temperature: [46.25898742675781]
  seed_2022 arm=p2 target=-1 charge=+5.18    Tm=47.48  replicas=[51.0, 45.1, 46.3]
Predicted melting temperature: [54.11360168457031]
Predicted melting temperature: [50.555145263671875]
Predicted melting temperature: [47.613990783691406]
  seed_2023 arm=p2 target=-1 charge=+1.13    Tm=50.76  replicas=[54.1, 50.6, 47.6]
Predicted melting temperature: [52.12189483642578]
Predicted melting temperature: [46.294742584228516]
Predicted melting temperature: [48.137638092041016]
  seed_2024 arm=p2 target=-1 charge=-9.94    Tm=48.85  replicas=[52.1, 46.3, 48.1]
Predicted melting temperature: [52.66062927246094]
Predicted melting temperature: [47.35437774658203]
Predicted melting temperature: [49.037681579589844]
  seed_2025 arm=p2 target=-1 charge=-1.86    Tm=49.68  replicas=[52.7, 47.4, 49.0]
Predicted melting temperature: [47.458343505859375]
Predicted melting temperature: [50.36317443847656]
Predicted melting temperature: [49.6114616394043]
  seed_2026 arm=p2 target=-1 charge=+1.10    Tm=49.14  replicas=[47.5, 50.4, 49.6]
Predicted melting temperature: [47.930423736572266]
Predicted melting temperature: [51.31842803955078]
Predicted melting temperature: [52.974910736083984]
  seed_2027 arm=p2 target=-1 charge=+2.09    Tm=50.74  replicas=[47.9, 51.3, 53.0]
Predicted melting temperature: [55.95380401611328]
Predicted melting temperature: [64.34713745117188]
Predicted melting temperature: [48.723575592041016]
  seed_2028 arm=p2 target=-1 charge=-1.86    Tm=56.34  replicas=[56.0, 64.3, 48.7]
Predicted melting temperature: [51.78123474121094]
Predicted melting temperature: [50.44612503051758]
Predicted melting temperature: [49.809165954589844]
  seed_2029 arm=p2 target=-1 charge=+5.09    Tm=50.68  replicas=[51.8, 50.4, 49.8]
Predicted melting temperature: [53.59208297729492]
Predicted melting temperature: [46.90811538696289]
Predicted melting temperature: [44.87671661376953]
  native charge=-2.69                        Tm=48.46  replicas=[53.6, 46.9, 44.9]
  [output/tm_sol_v12_2/seqs/1AS2/arm_p2/seqs.fa] 已写 output/tm_sol_v12_2/seqs/1AS2/arm_p2/seqs.fa.tm.csv
Predicted melting temperature: [51.10266876220703]
Predicted melting temperature: [52.5508918762207]
Predicted melting temperature: [45.690521240234375]
  seed_2000 arm=p8 target=+5 charge=-0.89    Tm=49.78  replicas=[51.1, 52.6, 45.7]
Predicted melting temperature: [50.07783889770508]
Predicted melting temperature: [47.93695068359375]
Predicted melting temperature: [46.97209548950195]
  seed_2001 arm=p8 target=+5 charge=+2.13    Tm=48.33  replicas=[50.1, 47.9, 47.0]
Predicted melting temperature: [50.58125686645508]
Predicted melting temperature: [44.66172790527344]
Predicted melting temperature: [46.12640380859375]
  seed_2002 arm=p8 target=+5 charge=+9.17    Tm=47.12  replicas=[50.6, 44.7, 46.1]
Predicted melting temperature: [53.938961029052734]
Predicted melting temperature: [59.530391693115234]
Predicted melting temperature: [51.27395248413086]
  seed_2003 arm=p8 target=+5 charge=+17.86   Tm=54.91  replicas=[53.9, 59.5, 51.3]
Predicted melting temperature: [48.84510803222656]
Predicted melting temperature: [49.82289505004883]
Predicted melting temperature: [49.81834030151367]
  seed_2004 arm=p8 target=+5 charge=-3.82    Tm=49.50  replicas=[48.8, 49.8, 49.8]
Predicted melting temperature: [50.2364616394043]
Predicted melting temperature: [47.23135757446289]
Predicted melting temperature: [50.37126922607422]
  seed_2005 arm=p8 target=+5 charge=+4.18    Tm=49.28  replicas=[50.2, 47.2, 50.4]
Predicted melting temperature: [52.44096755981445]
Predicted melting temperature: [48.48670196533203]
Predicted melting temperature: [48.73893356323242]
  seed_2006 arm=p8 target=+5 charge=+4.09    Tm=49.89  replicas=[52.4, 48.5, 48.7]
Predicted melting temperature: [50.93205261230469]
Predicted melting temperature: [45.1657829284668]
Predicted melting temperature: [50.17375183105469]
  seed_2007 arm=p8 target=+5 charge=+8.13    Tm=48.76  replicas=[50.9, 45.2, 50.2]
Predicted melting temperature: [51.884525299072266]
Predicted melting temperature: [56.44430923461914]
Predicted melting temperature: [46.87858963012695]
  seed_2008 arm=p8 target=+5 charge=+5.09    Tm=51.74  replicas=[51.9, 56.4, 46.9]
Predicted melting temperature: [53.49391174316406]
Predicted melting temperature: [51.70270538330078]
Predicted melting temperature: [50.281005859375]
  seed_2009 arm=p8 target=+5 charge=+4.18    Tm=51.83  replicas=[53.5, 51.7, 50.3]
Predicted melting temperature: [47.57501220703125]
Predicted melting temperature: [64.4014892578125]
Predicted melting temperature: [53.52509307861328]
  seed_2010 arm=p8 target=+5 charge=+6.10    Tm=55.17  replicas=[47.6, 64.4, 53.5]
Predicted melting temperature: [53.00634002685547]
Predicted melting temperature: [50.31403350830078]
Predicted melting temperature: [47.442657470703125]
  seed_2011 arm=p8 target=+5 charge=-1.82    Tm=50.25  replicas=[53.0, 50.3, 47.4]
Predicted melting temperature: [53.51025390625]
Predicted melting temperature: [52.765281677246094]
Predicted melting temperature: [48.51659393310547]
  seed_2012 arm=p8 target=+5 charge=+13.18   Tm=51.60  replicas=[53.5, 52.8, 48.5]
Predicted melting temperature: [50.909149169921875]
Predicted melting temperature: [53.78421401977539]
Predicted melting temperature: [48.23097229003906]
  seed_2013 arm=p8 target=+5 charge=+5.14    Tm=50.97  replicas=[50.9, 53.8, 48.2]
Predicted melting temperature: [49.5629768371582]
Predicted melting temperature: [44.691749572753906]
Predicted melting temperature: [47.79507064819336]
  seed_2014 arm=p8 target=+5 charge=-0.86    Tm=47.35  replicas=[49.6, 44.7, 47.8]
Predicted melting temperature: [51.94875717163086]
Predicted melting temperature: [45.40071105957031]
Predicted melting temperature: [47.595176696777344]
  seed_2015 arm=p8 target=+5 charge=+10.14   Tm=48.31  replicas=[51.9, 45.4, 47.6]
Predicted melting temperature: [47.230445861816406]
Predicted melting temperature: [55.673954010009766]
Predicted melting temperature: [47.95438003540039]
  seed_2016 arm=p8 target=+5 charge=+12.13   Tm=50.29  replicas=[47.2, 55.7, 48.0]
Predicted melting temperature: [49.42612838745117]
Predicted melting temperature: [48.276939392089844]
Predicted melting temperature: [46.11402893066406]
  seed_2017 arm=p8 target=+5 charge=+3.21    Tm=47.94  replicas=[49.4, 48.3, 46.1]
Predicted melting temperature: [49.63947296142578]
Predicted melting temperature: [44.68792724609375]
Predicted melting temperature: [46.387489318847656]
  seed_2018 arm=p8 target=+5 charge=-2.83    Tm=46.90  replicas=[49.6, 44.7, 46.4]
Predicted melting temperature: [48.60625076293945]
Predicted melting temperature: [45.608184814453125]
Predicted melting temperature: [49.07065200805664]
  seed_2019 arm=p8 target=+5 charge=+3.11    Tm=47.76  replicas=[48.6, 45.6, 49.1]
Predicted melting temperature: [52.177616119384766]
Predicted melting temperature: [47.23688507080078]
Predicted melting temperature: [48.86767578125]
  seed_2020 arm=p8 target=+5 charge=+4.17    Tm=49.43  replicas=[52.2, 47.2, 48.9]
Predicted melting temperature: [52.2650260925293]
Predicted melting temperature: [61.26442337036133]
Predicted melting temperature: [47.95360565185547]
  seed_2021 arm=p8 target=+5 charge=+2.02    Tm=53.83  replicas=[52.3, 61.3, 48.0]
Predicted melting temperature: [50.388450622558594]
Predicted melting temperature: [47.077571868896484]
Predicted melting temperature: [42.17072296142578]
  seed_2022 arm=p8 target=+5 charge=+8.22    Tm=46.55  replicas=[50.4, 47.1, 42.2]
Predicted melting temperature: [53.18170928955078]
Predicted melting temperature: [49.41987609863281]
Predicted melting temperature: [48.45257568359375]
  seed_2023 arm=p8 target=+5 charge=+8.17    Tm=50.35  replicas=[53.2, 49.4, 48.5]
Predicted melting temperature: [52.83668518066406]
Predicted melting temperature: [48.66368103027344]
Predicted melting temperature: [48.777034759521484]
  seed_2024 arm=p8 target=+5 charge=-6.82    Tm=50.09  replicas=[52.8, 48.7, 48.8]
Predicted melting temperature: [49.826873779296875]
Predicted melting temperature: [49.15711975097656]
Predicted melting temperature: [49.415977478027344]
  seed_2025 arm=p8 target=+5 charge=+8.13    Tm=49.47  replicas=[49.8, 49.2, 49.4]
Predicted melting temperature: [47.707359313964844]
Predicted melting temperature: [45.812278747558594]
Predicted melting temperature: [46.421348571777344]
  seed_2026 arm=p8 target=+5 charge=+5.11    Tm=46.65  replicas=[47.7, 45.8, 46.4]
Predicted melting temperature: [48.84819412231445]
Predicted melting temperature: [48.84485626220703]
Predicted melting temperature: [47.833404541015625]
  seed_2027 arm=p8 target=+5 charge=+7.02    Tm=48.51  replicas=[48.8, 48.8, 47.8]
Predicted melting temperature: [71.05521392822266]
Predicted melting temperature: [71.07516479492188]
Predicted melting temperature: [65.53484344482422]
  seed_2028 arm=p8 target=+5 charge=+17.06   Tm=69.22  replicas=[71.1, 71.1, 65.5]
Predicted melting temperature: [53.29962921142578]
Predicted melting temperature: [51.35295104980469]
Predicted melting temperature: [47.37629318237305]
  seed_2029 arm=p8 target=+5 charge=+11.14   Tm=50.68  replicas=[53.3, 51.4, 47.4]
Predicted melting temperature: [53.59208297729492]
Predicted melting temperature: [46.90811538696289]
Predicted melting temperature: [44.87671661376953]
  native charge=-2.69                        Tm=48.46  replicas=[53.6, 46.9, 44.9]
  [output/tm_sol_v12_2/seqs/1AS2/arm_p8/seqs.fa] 已写 output/tm_sol_v12_2/seqs/1AS2/arm_p8/seqs.fa.tm.csv
Predicted melting temperature: [68.49430084228516]
Predicted melting temperature: [75.17108154296875]
Predicted melting temperature: [72.08837127685547]
  seed_2000 arm=n2 target=-20 charge=-15.6   Tm=71.92  replicas=[68.5, 75.2, 72.1]
Predicted melting temperature: [70.02326965332031]
Predicted melting temperature: [72.60569763183594]
Predicted melting temperature: [82.53819274902344]
  seed_2001 arm=n2 target=-20 charge=-15.6   Tm=75.06  replicas=[70.0, 72.6, 82.5]
Predicted melting temperature: [60.534915924072266]
Predicted melting temperature: [66.88666534423828]
Predicted melting temperature: [58.90323257446289]
  seed_2002 arm=n2 target=-20 charge=-28.8   Tm=62.11  replicas=[60.5, 66.9, 58.9]
Predicted melting temperature: [56.04033660888672]
Predicted melting temperature: [63.962371826171875]
Predicted melting temperature: [60.15830993652344]
  seed_2003 arm=n2 target=-20 charge=-12.6   Tm=60.05  replicas=[56.0, 64.0, 60.2]
Predicted melting temperature: [65.49839782714844]
Predicted melting temperature: [72.0287094116211]
Predicted melting temperature: [58.306976318359375]
  seed_2004 arm=n2 target=-20 charge=-20.6   Tm=65.28  replicas=[65.5, 72.0, 58.3]
Predicted melting temperature: [54.65093994140625]
Predicted melting temperature: [67.61738586425781]
Predicted melting temperature: [54.73406219482422]
  seed_2005 arm=n2 target=-20 charge=-15.7   Tm=59.00  replicas=[54.7, 67.6, 54.7]
Predicted melting temperature: [71.76025390625]
Predicted melting temperature: [74.90337371826172]
Predicted melting temperature: [72.59173583984375]
  seed_2006 arm=n2 target=-20 charge=-16.9   Tm=73.09  replicas=[71.8, 74.9, 72.6]
Predicted melting temperature: [62.477420806884766]
Predicted melting temperature: [72.24095153808594]
Predicted melting temperature: [59.062068939208984]
  seed_2007 arm=n2 target=-20 charge=-23.7   Tm=64.59  replicas=[62.5, 72.2, 59.1]
Predicted melting temperature: [56.93260192871094]
Predicted melting temperature: [60.84861755371094]
Predicted melting temperature: [60.70907974243164]
  seed_2008 arm=n2 target=-20 charge=-9.71   Tm=59.50  replicas=[56.9, 60.8, 60.7]
Predicted melting temperature: [67.21490478515625]
Predicted melting temperature: [73.30595397949219]
Predicted melting temperature: [66.92548370361328]
  seed_2009 arm=n2 target=-20 charge=-10.9   Tm=69.15  replicas=[67.2, 73.3, 66.9]
Predicted melting temperature: [73.88311767578125]
Predicted melting temperature: [74.37010192871094]
Predicted melting temperature: [83.72549438476562]
  seed_2010 arm=n2 target=-20 charge=-6.87   Tm=77.33  replicas=[73.9, 74.4, 83.7]
Predicted melting temperature: [58.980712890625]
Predicted melting temperature: [66.27190399169922]
Predicted melting temperature: [62.478153228759766]
  seed_2011 arm=n2 target=-20 charge=-8.72   Tm=62.58  replicas=[59.0, 66.3, 62.5]
Predicted melting temperature: [58.90705490112305]
Predicted melting temperature: [69.82719421386719]
Predicted melting temperature: [65.19075012207031]
  seed_2012 arm=n2 target=-20 charge=-19.7   Tm=64.64  replicas=[58.9, 69.8, 65.2]
Predicted melting temperature: [72.51289367675781]
Predicted melting temperature: [75.01615905761719]
Predicted melting temperature: [77.83222198486328]
  seed_2013 arm=n2 target=-20 charge=-16.6   Tm=75.12  replicas=[72.5, 75.0, 77.8]
Predicted melting temperature: [62.83368682861328]
Predicted melting temperature: [73.30703735351562]
Predicted melting temperature: [70.58743286132812]
  seed_2014 arm=n2 target=-20 charge=-16.5   Tm=68.91  replicas=[62.8, 73.3, 70.6]
Predicted melting temperature: [66.34737396240234]
Predicted melting temperature: [74.35399627685547]
Predicted melting temperature: [79.65510559082031]
  seed_2015 arm=n2 target=-20 charge=-20.6   Tm=73.45  replicas=[66.3, 74.4, 79.7]
Predicted melting temperature: [69.17574310302734]
Predicted melting temperature: [74.72032928466797]
Predicted melting temperature: [74.69750213623047]
  seed_2016 arm=n2 target=-20 charge=-23.9   Tm=72.86  replicas=[69.2, 74.7, 74.7]
Predicted melting temperature: [67.51314544677734]
Predicted melting temperature: [75.15518188476562]
Predicted melting temperature: [58.22382354736328]
  seed_2017 arm=n2 target=-20 charge=-18.6   Tm=66.96  replicas=[67.5, 75.2, 58.2]
Predicted melting temperature: [61.079795837402344]
Predicted melting temperature: [69.80023193359375]
Predicted melting temperature: [65.22351837158203]
  seed_2018 arm=n2 target=-20 charge=-26.6   Tm=65.37  replicas=[61.1, 69.8, 65.2]
Predicted melting temperature: [63.600318908691406]
Predicted melting temperature: [72.2296142578125]
Predicted melting temperature: [81.51627349853516]
  seed_2019 arm=n2 target=-20 charge=-17.6   Tm=72.45  replicas=[63.6, 72.2, 81.5]
Predicted melting temperature: [66.25476837158203]
Predicted melting temperature: [73.98890686035156]
Predicted melting temperature: [72.41321563720703]
  seed_2020 arm=n2 target=-20 charge=-16.9   Tm=70.89  replicas=[66.3, 74.0, 72.4]
Predicted melting temperature: [53.64590072631836]
Predicted melting temperature: [68.37327575683594]
Predicted melting temperature: [61.616477966308594]
  seed_2021 arm=n2 target=-20 charge=-21.6   Tm=61.21  replicas=[53.6, 68.4, 61.6]
Predicted melting temperature: [65.30856323242188]
Predicted melting temperature: [68.66278076171875]
Predicted melting temperature: [60.64591598510742]
  seed_2022 arm=n2 target=-20 charge=-19.7   Tm=64.87  replicas=[65.3, 68.7, 60.6]
Predicted melting temperature: [70.88693237304688]
Predicted melting temperature: [74.37980651855469]
Predicted melting temperature: [76.72700500488281]
  seed_2023 arm=n2 target=-20 charge=+0.22   Tm=74.00  replicas=[70.9, 74.4, 76.7]
Predicted melting temperature: [74.54431915283203]
Predicted melting temperature: [74.93559265136719]
Predicted melting temperature: [78.27367401123047]
  seed_2024 arm=n2 target=-20 charge=-10.6   Tm=75.92  replicas=[74.5, 74.9, 78.3]
Predicted melting temperature: [69.65911865234375]
Predicted melting temperature: [73.72378540039062]
Predicted melting temperature: [66.98776245117188]
  seed_2025 arm=n2 target=-20 charge=-22.7   Tm=70.12  replicas=[69.7, 73.7, 67.0]
Predicted melting temperature: [56.44841384887695]
Predicted melting temperature: [67.46746826171875]
Predicted melting temperature: [63.759185791015625]
  seed_2026 arm=n2 target=-20 charge=-15.7   Tm=62.56  replicas=[56.4, 67.5, 63.8]
Predicted melting temperature: [63.96466827392578]
Predicted melting temperature: [74.28709411621094]
Predicted melting temperature: [71.74597930908203]
  seed_2027 arm=n2 target=-20 charge=-6.80   Tm=70.00  replicas=[64.0, 74.3, 71.7]
Predicted melting temperature: [64.38713836669922]
Predicted melting temperature: [73.30262756347656]
Predicted melting temperature: [81.7895278930664]
  seed_2028 arm=n2 target=-20 charge=-25.7   Tm=73.16  replicas=[64.4, 73.3, 81.8]
Predicted melting temperature: [73.22509765625]
Predicted melting temperature: [75.06475830078125]
Predicted melting temperature: [84.40045166015625]
  seed_2029 arm=n2 target=-20 charge=-14.6   Tm=77.56  replicas=[73.2, 75.1, 84.4]
Predicted melting temperature: [59.87940979003906]
Predicted melting temperature: [70.428955078125]
Predicted melting temperature: [62.248329162597656]
  native charge=-18.30                       Tm=64.19  replicas=[59.9, 70.4, 62.2]
  [output/tm_sol_v12_2/seqs/1AXW/arm_n2/seqs.fa] 已写 output/tm_sol_v12_2/seqs/1AXW/arm_n2/seqs.fa.tm.csv
Predicted melting temperature: [73.98793029785156]
Predicted melting temperature: [75.60921478271484]
Predicted melting temperature: [74.88365936279297]
  seed_2000 arm=n8 target=-26 charge=-27.5   Tm=74.83  replicas=[74.0, 75.6, 74.9]
Predicted melting temperature: [73.96209716796875]
Predicted melting temperature: [75.05084228515625]
Predicted melting temperature: [80.1728744506836]
  seed_2001 arm=n8 target=-26 charge=-21.5   Tm=76.40  replicas=[74.0, 75.1, 80.2]
Predicted melting temperature: [76.73377227783203]
Predicted melting temperature: [75.63834381103516]
Predicted melting temperature: [81.1844482421875]
  seed_2002 arm=n8 target=-26 charge=-31.8   Tm=77.85  replicas=[76.7, 75.6, 81.2]
Predicted melting temperature: [76.20072174072266]
Predicted melting temperature: [75.02899169921875]
Predicted melting temperature: [73.15894317626953]
  seed_2003 arm=n8 target=-26 charge=-16.8   Tm=74.80  replicas=[76.2, 75.0, 73.2]
Predicted melting temperature: [75.27980041503906]
Predicted melting temperature: [75.16731262207031]
Predicted melting temperature: [79.92430877685547]
  seed_2004 arm=n8 target=-26 charge=-24.6   Tm=76.79  replicas=[75.3, 75.2, 79.9]
Predicted melting temperature: [77.24980926513672]
Predicted melting temperature: [75.53575897216797]
Predicted melting temperature: [78.17305755615234]
  seed_2005 arm=n8 target=-26 charge=-24.7   Tm=76.99  replicas=[77.2, 75.5, 78.2]
Predicted melting temperature: [74.75199890136719]
Predicted melting temperature: [76.25321960449219]
Predicted melting temperature: [81.61650848388672]
  seed_2006 arm=n8 target=-26 charge=-19.8   Tm=77.54  replicas=[74.8, 76.3, 81.6]
Predicted melting temperature: [71.68797302246094]
Predicted melting temperature: [75.12257385253906]
Predicted melting temperature: [82.7462158203125]
  seed_2007 arm=n8 target=-26 charge=-37.5   Tm=76.52  replicas=[71.7, 75.1, 82.7]
Predicted melting temperature: [76.628173828125]
Predicted melting temperature: [74.85359191894531]
Predicted melting temperature: [80.32604217529297]
  seed_2008 arm=n8 target=-26 charge=-21.7   Tm=77.27  replicas=[76.6, 74.9, 80.3]
Predicted melting temperature: [63.31437683105469]
Predicted melting temperature: [74.85182189941406]
Predicted melting temperature: [80.99312591552734]
  seed_2009 arm=n8 target=-26 charge=-13.7   Tm=73.05  replicas=[63.3, 74.9, 81.0]
Predicted melting temperature: [78.9761962890625]
Predicted melting temperature: [75.91726684570312]
Predicted melting temperature: [82.18505096435547]
  seed_2010 arm=n8 target=-26 charge=-29.8   Tm=79.03  replicas=[79.0, 75.9, 82.2]
Predicted melting temperature: [77.27215576171875]
Predicted melting temperature: [75.44000244140625]
Predicted melting temperature: [82.41321563720703]
  seed_2011 arm=n8 target=-26 charge=-9.64   Tm=78.38  replicas=[77.3, 75.4, 82.4]
Predicted melting temperature: [75.38069152832031]
Predicted melting temperature: [74.92845153808594]
Predicted melting temperature: [79.48662567138672]
  seed_2012 arm=n8 target=-26 charge=-27.8   Tm=76.60  replicas=[75.4, 74.9, 79.5]
Predicted melting temperature: [71.80538940429688]
Predicted melting temperature: [75.67890930175781]
Predicted melting temperature: [84.45897674560547]
  seed_2013 arm=n8 target=-26 charge=-17.6   Tm=77.31  replicas=[71.8, 75.7, 84.5]
Predicted melting temperature: [71.92396545410156]
Predicted melting temperature: [75.53340911865234]
Predicted melting temperature: [81.90213012695312]
  seed_2014 arm=n8 target=-26 charge=-22.5   Tm=76.45  replicas=[71.9, 75.5, 81.9]
Predicted melting temperature: [78.8890609741211]
Predicted melting temperature: [76.39952850341797]
Predicted melting temperature: [84.72040557861328]
  seed_2015 arm=n8 target=-26 charge=-28.5   Tm=80.00  replicas=[78.9, 76.4, 84.7]
Predicted melting temperature: [70.9542236328125]
Predicted melting temperature: [73.7226791381836]
Predicted melting temperature: [75.1788101196289]
  seed_2016 arm=n8 target=-26 charge=-31.0   Tm=73.29  replicas=[71.0, 73.7, 75.2]
Predicted melting temperature: [70.36512756347656]
Predicted melting temperature: [75.87240600585938]
Predicted melting temperature: [78.78216552734375]
  seed_2017 arm=n8 target=-26 charge=-35.5   Tm=75.01  replicas=[70.4, 75.9, 78.8]
Predicted melting temperature: [71.87445831298828]
Predicted melting temperature: [74.48431396484375]
Predicted melting temperature: [78.1784896850586]
  seed_2018 arm=n8 target=-26 charge=-29.5   Tm=74.85  replicas=[71.9, 74.5, 78.2]
Predicted melting temperature: [80.33760833740234]
Predicted melting temperature: [76.0872802734375]
Predicted melting temperature: [85.38715362548828]
  seed_2019 arm=n8 target=-26 charge=-24.7   Tm=80.60  replicas=[80.3, 76.1, 85.4]
Predicted melting temperature: [73.0738754272461]
Predicted melting temperature: [75.98775482177734]
Predicted melting temperature: [84.88324737548828]
  seed_2020 arm=n8 target=-26 charge=-24.9   Tm=77.98  replicas=[73.1, 76.0, 84.9]
Predicted melting temperature: [72.23190307617188]
Predicted melting temperature: [74.67022705078125]
Predicted melting temperature: [81.28685760498047]
  seed_2021 arm=n8 target=-26 charge=-25.7   Tm=76.06  replicas=[72.2, 74.7, 81.3]
Predicted melting temperature: [76.0641860961914]
Predicted melting temperature: [75.74604797363281]
Predicted melting temperature: [79.98194122314453]
  seed_2022 arm=n8 target=-26 charge=-33.6   Tm=77.26  replicas=[76.1, 75.7, 80.0]
Predicted melting temperature: [75.87362670898438]
Predicted melting temperature: [74.56947326660156]
Predicted melting temperature: [76.88260650634766]
  seed_2023 arm=n8 target=-26 charge=-9.73   Tm=75.78  replicas=[75.9, 74.6, 76.9]
Predicted melting temperature: [76.229248046875]
Predicted melting temperature: [75.72199249267578]
Predicted melting temperature: [86.38321685791016]
  seed_2024 arm=n8 target=-26 charge=-27.6   Tm=79.44  replicas=[76.2, 75.7, 86.4]
Predicted melting temperature: [75.19507598876953]
Predicted melting temperature: [75.42379760742188]
Predicted melting temperature: [81.6639175415039]
  seed_2025 arm=n8 target=-26 charge=-25.6   Tm=77.43  replicas=[75.2, 75.4, 81.7]
Predicted melting temperature: [71.63465881347656]
Predicted melting temperature: [73.998046875]
Predicted melting temperature: [82.02208709716797]
  seed_2026 arm=n8 target=-26 charge=-21.5   Tm=75.88  replicas=[71.6, 74.0, 82.0]
Predicted melting temperature: [74.15977478027344]
Predicted melting temperature: [75.08955383300781]
Predicted melting temperature: [81.96869659423828]
  seed_2027 arm=n8 target=-26 charge=-20.5   Tm=77.07  replicas=[74.2, 75.1, 82.0]
Predicted melting temperature: [72.82180786132812]
Predicted melting temperature: [75.51557159423828]
Predicted melting temperature: [84.78728485107422]
  seed_2028 arm=n8 target=-26 charge=-30.4   Tm=77.71  replicas=[72.8, 75.5, 84.8]
Predicted melting temperature: [77.08843994140625]
Predicted melting temperature: [76.92582702636719]
Predicted melting temperature: [85.47288513183594]
  seed_2029 arm=n8 target=-26 charge=-30.6   Tm=79.83  replicas=[77.1, 76.9, 85.5]
Predicted melting temperature: [59.87940979003906]
Predicted melting temperature: [70.428955078125]
Predicted melting temperature: [62.248329162597656]
  native charge=-18.30                       Tm=64.19  replicas=[59.9, 70.4, 62.2]
  [output/tm_sol_v12_2/seqs/1AXW/arm_n8/seqs.fa] 已写 output/tm_sol_v12_2/seqs/1AXW/arm_n8/seqs.fa.tm.csv
Predicted melting temperature: [67.29842376708984]
Predicted melting temperature: [74.50642395019531]
Predicted melting temperature: [60.63313293457031]
  seed_2000 arm=native target=-18 charge=-   Tm=67.48  replicas=[67.3, 74.5, 60.6]
Predicted melting temperature: [69.37003326416016]
Predicted melting temperature: [71.46783447265625]
Predicted melting temperature: [76.43781280517578]
  seed_2001 arm=native target=-18 charge=-   Tm=72.43  replicas=[69.4, 71.5, 76.4]
Predicted melting temperature: [55.6287727355957]
Predicted melting temperature: [69.93692779541016]
Predicted melting temperature: [56.446197509765625]
  seed_2002 arm=native target=-18 charge=-   Tm=60.67  replicas=[55.6, 69.9, 56.4]
Predicted melting temperature: [56.51112747192383]
Predicted melting temperature: [61.235755920410156]
Predicted melting temperature: [60.26612091064453]
  seed_2003 arm=native target=-18 charge=-   Tm=59.34  replicas=[56.5, 61.2, 60.3]
Predicted melting temperature: [66.90137481689453]
Predicted melting temperature: [72.64857482910156]
Predicted melting temperature: [55.50606918334961]
  seed_2004 arm=native target=-18 charge=-   Tm=65.02  replicas=[66.9, 72.6, 55.5]
Predicted melting temperature: [56.52381134033203]
Predicted melting temperature: [70.4203109741211]
Predicted melting temperature: [54.19785690307617]
  seed_2005 arm=native target=-18 charge=-   Tm=60.38  replicas=[56.5, 70.4, 54.2]
Predicted melting temperature: [68.69845581054688]
Predicted melting temperature: [74.10576629638672]
Predicted melting temperature: [63.26423645019531]
  seed_2006 arm=native target=-18 charge=-   Tm=68.69  replicas=[68.7, 74.1, 63.3]
Predicted melting temperature: [56.42170333862305]
Predicted melting temperature: [64.09538269042969]
Predicted melting temperature: [55.60144805908203]
  seed_2007 arm=native target=-18 charge=-   Tm=58.71  replicas=[56.4, 64.1, 55.6]
Predicted melting temperature: [57.60620880126953]
Predicted melting temperature: [60.01798629760742]
Predicted melting temperature: [63.958744049072266]
  seed_2008 arm=native target=-18 charge=-   Tm=60.53  replicas=[57.6, 60.0, 64.0]
Predicted melting temperature: [63.240413665771484]
Predicted melting temperature: [71.74758911132812]
Predicted melting temperature: [63.35066223144531]
  seed_2009 arm=native target=-18 charge=-   Tm=66.11  replicas=[63.2, 71.7, 63.4]
Predicted melting temperature: [66.46912384033203]
Predicted melting temperature: [73.61337280273438]
Predicted melting temperature: [75.8122787475586]
  seed_2010 arm=native target=-18 charge=-   Tm=71.96  replicas=[66.5, 73.6, 75.8]
Predicted melting temperature: [54.723289489746094]
Predicted melting temperature: [60.68109130859375]
Predicted melting temperature: [60.06632614135742]
  seed_2011 arm=native target=-18 charge=-   Tm=58.49  replicas=[54.7, 60.7, 60.1]
Predicted melting temperature: [57.63930892944336]
Predicted melting temperature: [75.94334411621094]
Predicted melting temperature: [61.082435607910156]
  seed_2012 arm=native target=-18 charge=-   Tm=64.89  replicas=[57.6, 75.9, 61.1]
Predicted melting temperature: [62.803688049316406]
Predicted melting temperature: [74.08531188964844]
Predicted melting temperature: [70.75041961669922]
  seed_2013 arm=native target=-18 charge=-   Tm=69.21  replicas=[62.8, 74.1, 70.8]
Predicted melting temperature: [68.8803939819336]
Predicted melting temperature: [73.83414459228516]
Predicted melting temperature: [67.1417465209961]
  seed_2014 arm=native target=-18 charge=-   Tm=69.95  replicas=[68.9, 73.8, 67.1]
Predicted melting temperature: [60.33701705932617]
Predicted melting temperature: [71.58563232421875]
Predicted melting temperature: [76.83060455322266]
  seed_2015 arm=native target=-18 charge=-   Tm=69.58  replicas=[60.3, 71.6, 76.8]
Predicted melting temperature: [67.71073150634766]
Predicted melting temperature: [74.7170639038086]
Predicted melting temperature: [81.89153289794922]
  seed_2016 arm=native target=-18 charge=-   Tm=74.77  replicas=[67.7, 74.7, 81.9]
Predicted melting temperature: [63.47843551635742]
Predicted melting temperature: [72.83396911621094]
Predicted melting temperature: [55.36754608154297]
  seed_2017 arm=native target=-18 charge=-   Tm=63.89  replicas=[63.5, 72.8, 55.4]
Predicted melting temperature: [63.36220169067383]
Predicted melting temperature: [70.24063110351562]
Predicted melting temperature: [66.99982452392578]
  seed_2018 arm=native target=-18 charge=-   Tm=66.87  replicas=[63.4, 70.2, 67.0]
Predicted melting temperature: [70.39864349365234]
Predicted melting temperature: [73.6212387084961]
Predicted melting temperature: [75.13658905029297]
  seed_2019 arm=native target=-18 charge=-   Tm=73.05  replicas=[70.4, 73.6, 75.1]
Predicted melting temperature: [65.54508209228516]
Predicted melting temperature: [73.31303405761719]
Predicted melting temperature: [70.81627655029297]
  seed_2020 arm=native target=-18 charge=-   Tm=69.89  replicas=[65.5, 73.3, 70.8]
Predicted melting temperature: [49.87172317504883]
Predicted melting temperature: [66.96534729003906]
Predicted melting temperature: [50.89762496948242]
  seed_2021 arm=native target=-18 charge=-   Tm=55.91  replicas=[49.9, 67.0, 50.9]
Predicted melting temperature: [62.06121063232422]
Predicted melting temperature: [69.67204284667969]
Predicted melting temperature: [59.39552307128906]
  seed_2022 arm=native target=-18 charge=-   Tm=63.71  replicas=[62.1, 69.7, 59.4]
Predicted melting temperature: [67.4916000366211]
Predicted melting temperature: [73.38751220703125]
Predicted melting temperature: [64.79988098144531]
  seed_2023 arm=native target=-18 charge=-   Tm=68.56  replicas=[67.5, 73.4, 64.8]
Predicted melting temperature: [73.93883514404297]
Predicted melting temperature: [74.27799987792969]
Predicted melting temperature: [66.64282989501953]
  seed_2024 arm=native target=-18 charge=-   Tm=71.62  replicas=[73.9, 74.3, 66.6]
Predicted melting temperature: [73.31165313720703]
Predicted melting temperature: [74.4228515625]
Predicted melting temperature: [68.73432922363281]
  seed_2025 arm=native target=-18 charge=-   Tm=72.16  replicas=[73.3, 74.4, 68.7]
Predicted melting temperature: [67.3946304321289]
Predicted melting temperature: [72.56742095947266]
Predicted melting temperature: [67.82781219482422]
  seed_2026 arm=native target=-18 charge=-   Tm=69.26  replicas=[67.4, 72.6, 67.8]
Predicted melting temperature: [55.9881706237793]
Predicted melting temperature: [71.86857604980469]
Predicted melting temperature: [67.00147247314453]
  seed_2027 arm=native target=-18 charge=-   Tm=64.95  replicas=[56.0, 71.9, 67.0]
Predicted melting temperature: [57.268768310546875]
Predicted melting temperature: [63.601280212402344]
Predicted melting temperature: [63.839134216308594]
  seed_2028 arm=native target=-18 charge=-   Tm=61.57  replicas=[57.3, 63.6, 63.8]
Predicted melting temperature: [68.16337585449219]
Predicted melting temperature: [74.20553588867188]
Predicted melting temperature: [80.82390594482422]
  seed_2029 arm=native target=-18 charge=-   Tm=74.40  replicas=[68.2, 74.2, 80.8]
Predicted melting temperature: [59.87940979003906]
Predicted melting temperature: [70.428955078125]
Predicted melting temperature: [62.248329162597656]
  native charge=-18.30                       Tm=64.19  replicas=[59.9, 70.4, 62.2]
  [output/tm_sol_v12_2/seqs/1AXW/arm_native/seqs.fa] 已写 output/tm_sol_v12_2/seqs/1AXW/arm_native/seqs.fa.tm.csv
Predicted melting temperature: [59.87940979003906]
Predicted melting temperature: [70.428955078125]
Predicted melting temperature: [62.248329162597656]
  1AXW_native L=528                          Tm=64.19  replicas=[59.9, 70.4, 62.2]
  [output/tm_sol_v12_2/seqs/1AXW/arm_native_ref/seqs.fa] 已写 output/tm_sol_v12_2/seqs/1AXW/arm_native_ref/seqs.fa.tm.csv
Predicted melting temperature: [62.92984390258789]
Predicted melting temperature: [71.93113708496094]
Predicted melting temperature: [57.21596908569336]
  seed_2000 arm=p2 target=-16 charge=-17.6   Tm=64.03  replicas=[62.9, 71.9, 57.2]
Predicted melting temperature: [64.28817749023438]
Predicted melting temperature: [70.04015350341797]
Predicted melting temperature: [65.45089721679688]
  seed_2001 arm=p2 target=-16 charge=-12.6   Tm=66.59  replicas=[64.3, 70.0, 65.5]
Predicted melting temperature: [55.19285583496094]
Predicted melting temperature: [65.86613464355469]
Predicted melting temperature: [52.6591911315918]
  seed_2002 arm=p2 target=-16 charge=-13.8   Tm=57.91  replicas=[55.2, 65.9, 52.7]
Predicted melting temperature: [54.345001220703125]
Predicted melting temperature: [57.197120666503906]
Predicted melting temperature: [55.66370391845703]
  seed_2003 arm=p2 target=-16 charge=-10.7   Tm=55.74  replicas=[54.3, 57.2, 55.7]
Predicted melting temperature: [65.93458557128906]
Predicted melting temperature: [72.41537475585938]
Predicted melting temperature: [59.64381790161133]
  seed_2004 arm=p2 target=-16 charge=-16.6   Tm=66.00  replicas=[65.9, 72.4, 59.6]
Predicted melting temperature: [57.734130859375]
Predicted melting temperature: [65.5821533203125]
Predicted melting temperature: [53.07679748535156]
  seed_2005 arm=p2 target=-16 charge=-7.68   Tm=58.80  replicas=[57.7, 65.6, 53.1]
Predicted melting temperature: [56.599491119384766]
Predicted melting temperature: [71.45918273925781]
Predicted melting temperature: [56.0584831237793]
  seed_2006 arm=p2 target=-16 charge=-10.8   Tm=61.37  replicas=[56.6, 71.5, 56.1]
Predicted melting temperature: [54.926082611083984]
Predicted melting temperature: [59.076263427734375]
Predicted melting temperature: [54.5267448425293]
  seed_2007 arm=p2 target=-16 charge=-14.8   Tm=56.18  replicas=[54.9, 59.1, 54.5]
Predicted melting temperature: [51.195953369140625]
Predicted melting temperature: [61.5565185546875]
Predicted melting temperature: [55.89727020263672]
  seed_2008 arm=p2 target=-16 charge=-4.73   Tm=56.22  replicas=[51.2, 61.6, 55.9]
Predicted melting temperature: [59.462738037109375]
Predicted melting temperature: [67.23684692382812]
Predicted melting temperature: [64.0972671508789]
  seed_2009 arm=p2 target=-16 charge=-8.87   Tm=63.60  replicas=[59.5, 67.2, 64.1]
Predicted melting temperature: [62.3044319152832]
Predicted melting temperature: [69.80644989013672]
Predicted melting temperature: [68.22648620605469]
  seed_2010 arm=p2 target=-16 charge=-2.85   Tm=66.78  replicas=[62.3, 69.8, 68.2]
Predicted melting temperature: [58.23603820800781]
Predicted melting temperature: [62.91383743286133]
Predicted melting temperature: [58.50202560424805]
  seed_2011 arm=p2 target=-16 charge=-1.78   Tm=59.88  replicas=[58.2, 62.9, 58.5]
Predicted melting temperature: [55.73009490966797]
Predicted melting temperature: [65.16324615478516]
Predicted melting temperature: [59.324493408203125]
  seed_2012 arm=p2 target=-16 charge=-8.78   Tm=60.07  replicas=[55.7, 65.2, 59.3]
Predicted melting temperature: [57.47311782836914]
Predicted melting temperature: [71.51659393310547]
Predicted melting temperature: [59.941490173339844]
  seed_2013 arm=p2 target=-16 charge=-6.73   Tm=62.98  replicas=[57.5, 71.5, 59.9]
Predicted melting temperature: [74.2297134399414]
Predicted melting temperature: [73.93380737304688]
Predicted melting temperature: [62.991050720214844]
  seed_2014 arm=p2 target=-16 charge=-9.65   Tm=70.38  replicas=[74.2, 73.9, 63.0]
Predicted melting temperature: [70.63813018798828]
Predicted melting temperature: [73.99009704589844]
Predicted melting temperature: [76.48014831542969]
  seed_2015 arm=p2 target=-16 charge=-19.6   Tm=73.70  replicas=[70.6, 74.0, 76.5]
Predicted melting temperature: [64.39813232421875]
Predicted melting temperature: [72.93553924560547]
Predicted melting temperature: [76.48042297363281]
  seed_2016 arm=p2 target=-16 charge=-19.9   Tm=71.27  replicas=[64.4, 72.9, 76.5]
Predicted melting temperature: [60.530330657958984]
Predicted melting temperature: [62.21110916137695]
Predicted melting temperature: [55.853939056396484]
  seed_2017 arm=p2 target=-16 charge=-14.6   Tm=59.53  replicas=[60.5, 62.2, 55.9]
Predicted melting temperature: [63.969242095947266]
Predicted melting temperature: [71.84622192382812]
Predicted melting temperature: [57.067771911621094]
  seed_2018 arm=p2 target=-16 charge=-14.6   Tm=64.29  replicas=[64.0, 71.8, 57.1]
Predicted melting temperature: [63.561344146728516]
Predicted melting temperature: [70.79238891601562]
Predicted melting temperature: [77.50264739990234]
  seed_2019 arm=p2 target=-16 charge=-16.8   Tm=70.62  replicas=[63.6, 70.8, 77.5]
Predicted melting temperature: [66.36595916748047]
Predicted melting temperature: [73.83732604980469]
Predicted melting temperature: [70.70024108886719]
  seed_2020 arm=p2 target=-16 charge=-8.96   Tm=70.30  replicas=[66.4, 73.8, 70.7]
Predicted melting temperature: [51.45161437988281]
Predicted melting temperature: [61.93001937866211]
Predicted melting temperature: [55.919246673583984]
  seed_2021 arm=p2 target=-16 charge=-7.76   Tm=56.43  replicas=[51.5, 61.9, 55.9]
Predicted melting temperature: [60.28678512573242]
Predicted melting temperature: [70.22129821777344]
Predicted melting temperature: [56.87349319458008]
  seed_2022 arm=p2 target=-16 charge=-14.7   Tm=62.46  replicas=[60.3, 70.2, 56.9]
Predicted melting temperature: [61.42805862426758]
Predicted melting temperature: [73.87507629394531]
Predicted melting temperature: [55.13740539550781]
  seed_2023 arm=p2 target=-16 charge=-2.75   Tm=63.48  replicas=[61.4, 73.9, 55.1]
Predicted melting temperature: [66.05680847167969]
Predicted melting temperature: [73.92069244384766]
Predicted melting temperature: [57.808380126953125]
  seed_2024 arm=p2 target=-16 charge=-7.66   Tm=65.93  replicas=[66.1, 73.9, 57.8]
Predicted melting temperature: [66.73857116699219]
Predicted melting temperature: [73.15742492675781]
Predicted melting temperature: [66.51433563232422]
  seed_2025 arm=p2 target=-16 charge=-14.8   Tm=68.80  replicas=[66.7, 73.2, 66.5]
Predicted melting temperature: [57.74241638183594]
Predicted melting temperature: [68.7530746459961]
Predicted melting temperature: [52.66933822631836]
  seed_2026 arm=p2 target=-16 charge=-6.80   Tm=59.72  replicas=[57.7, 68.8, 52.7]
Predicted melting temperature: [62.95230484008789]
Predicted melting temperature: [76.8189468383789]
Predicted melting temperature: [59.811614990234375]
  seed_2027 arm=p2 target=-16 charge=-4.82   Tm=66.53  replicas=[63.0, 76.8, 59.8]
Predicted melting temperature: [51.34050369262695]
Predicted melting temperature: [71.350830078125]
Predicted melting temperature: [55.710723876953125]
  seed_2028 arm=p2 target=-16 charge=-18.6   Tm=59.47  replicas=[51.3, 71.4, 55.7]
Predicted melting temperature: [66.18849182128906]
Predicted melting temperature: [72.19325256347656]
Predicted melting temperature: [70.4739990234375]
  seed_2029 arm=p2 target=-16 charge=-7.68   Tm=69.62  replicas=[66.2, 72.2, 70.5]
Predicted melting temperature: [59.87940979003906]
Predicted melting temperature: [70.428955078125]
Predicted melting temperature: [62.248329162597656]
  native charge=-18.30                       Tm=64.19  replicas=[59.9, 70.4, 62.2]
  [output/tm_sol_v12_2/seqs/1AXW/arm_p2/seqs.fa] 已写 output/tm_sol_v12_2/seqs/1AXW/arm_p2/seqs.fa.tm.csv
Predicted melting temperature: [60.788612365722656]
Predicted melting temperature: [68.50607299804688]
Predicted melting temperature: [64.74515533447266]
  seed_2000 arm=p8 target=-10 charge=+9.30   Tm=64.68  replicas=[60.8, 68.5, 64.7]
Predicted melting temperature: [61.083438873291016]
Predicted melting temperature: [68.00480651855469]
Predicted melting temperature: [55.33032989501953]
  seed_2001 arm=p8 target=-10 charge=+1.23   Tm=61.47  replicas=[61.1, 68.0, 55.3]
Predicted melting temperature: [57.69499969482422]
Predicted melting temperature: [74.43971252441406]
Predicted melting temperature: [54.340660095214844]
  seed_2002 arm=p8 target=-10 charge=-5.84   Tm=62.16  replicas=[57.7, 74.4, 54.3]
Predicted melting temperature: [52.71030044555664]
Predicted melting temperature: [56.70987319946289]
Predicted melting temperature: [53.744972229003906]
  seed_2003 arm=p8 target=-10 charge=-3.83   Tm=54.39  replicas=[52.7, 56.7, 53.7]
Predicted melting temperature: [60.00421142578125]
Predicted melting temperature: [72.86114501953125]
Predicted melting temperature: [52.958221435546875]
  seed_2004 arm=p8 target=-10 charge=-1.80   Tm=61.94  replicas=[60.0, 72.9, 53.0]
Predicted melting temperature: [62.50138854980469]
Predicted melting temperature: [76.47242736816406]
Predicted melting temperature: [57.82696533203125]
  seed_2005 arm=p8 target=-10 charge=-9.68   Tm=65.60  replicas=[62.5, 76.5, 57.8]
Predicted melting temperature: [51.10874557495117]
Predicted melting temperature: [67.25657653808594]
Predicted melting temperature: [56.24222946166992]
  seed_2006 arm=p8 target=-10 charge=+2.25   Tm=58.20  replicas=[51.1, 67.3, 56.2]
Predicted melting temperature: [51.73320007324219]
Predicted melting temperature: [74.42416381835938]
Predicted melting temperature: [54.41856384277344]
  seed_2007 arm=p8 target=-10 charge=-9.81   Tm=60.19  replicas=[51.7, 74.4, 54.4]
Predicted melting temperature: [54.30624771118164]
Predicted melting temperature: [62.61298751831055]
Predicted melting temperature: [52.55011749267578]
  seed_2008 arm=p8 target=-10 charge=-6.72   Tm=56.49  replicas=[54.3, 62.6, 52.6]
Predicted melting temperature: [56.2633171081543]
Predicted melting temperature: [65.71168518066406]
Predicted melting temperature: [58.11194610595703]
  seed_2009 arm=p8 target=-10 charge=-0.91   Tm=60.03  replicas=[56.3, 65.7, 58.1]
Predicted melting temperature: [58.93389892578125]
Predicted melting temperature: [75.38348388671875]
Predicted melting temperature: [62.06435775756836]
  seed_2010 arm=p8 target=-10 charge=-2.92   Tm=65.46  replicas=[58.9, 75.4, 62.1]
Predicted melting temperature: [59.58798599243164]
Predicted melting temperature: [69.80586242675781]
Predicted melting temperature: [52.622615814208984]
  seed_2011 arm=p8 target=-10 charge=+7.26   Tm=60.67  replicas=[59.6, 69.8, 52.6]
Predicted melting temperature: [63.714969635009766]
Predicted melting temperature: [69.9063949584961]
Predicted melting temperature: [56.21873474121094]
  seed_2012 arm=p8 target=-10 charge=-5.83   Tm=63.28  replicas=[63.7, 69.9, 56.2]
Predicted melting temperature: [60.83085632324219]
Predicted melting temperature: [74.16692352294922]
Predicted melting temperature: [68.35091400146484]
  seed_2013 arm=p8 target=-10 charge=-3.81   Tm=67.78  replicas=[60.8, 74.2, 68.4]
Predicted melting temperature: [60.53221893310547]
Predicted melting temperature: [72.53303527832031]
Predicted melting temperature: [64.94149780273438]
  seed_2014 arm=p8 target=-10 charge=-3.61   Tm=66.00  replicas=[60.5, 72.5, 64.9]
Predicted melting temperature: [61.255157470703125]
Predicted melting temperature: [68.44512939453125]
Predicted melting temperature: [59.45357131958008]
  seed_2015 arm=p8 target=-10 charge=-4.61   Tm=63.05  replicas=[61.3, 68.4, 59.5]
Predicted melting temperature: [60.73671340942383]
Predicted melting temperature: [68.79845428466797]
Predicted melting temperature: [69.15238952636719]
  seed_2016 arm=p8 target=-10 charge=-15.8   Tm=66.23  replicas=[60.7, 68.8, 69.2]
Predicted melting temperature: [54.169918060302734]
Predicted melting temperature: [71.33956909179688]
Predicted melting temperature: [63.3420295715332]
  seed_2017 arm=p8 target=-10 charge=-8.64   Tm=62.95  replicas=[54.2, 71.3, 63.3]
Predicted melting temperature: [55.166107177734375]
Predicted melting temperature: [71.11487579345703]
Predicted melting temperature: [57.19397735595703]
  seed_2018 arm=p8 target=-10 charge=-10.6   Tm=61.16  replicas=[55.2, 71.1, 57.2]
Predicted melting temperature: [67.27177429199219]
Predicted melting temperature: [70.84214782714844]
Predicted melting temperature: [74.67980194091797]
  seed_2019 arm=p8 target=-10 charge=-2.81   Tm=70.93  replicas=[67.3, 70.8, 74.7]
Predicted melting temperature: [59.402565002441406]
Predicted melting temperature: [68.18658447265625]
Predicted melting temperature: [55.42648696899414]
  seed_2020 arm=p8 target=-10 charge=-2.92   Tm=61.01  replicas=[59.4, 68.2, 55.4]
Predicted melting temperature: [51.97695541381836]
Predicted melting temperature: [66.11106872558594]
Predicted melting temperature: [49.9530143737793]
  seed_2021 arm=p8 target=-10 charge=-5.68   Tm=56.01  replicas=[52.0, 66.1, 50.0]
Predicted melting temperature: [57.92348098754883]
Predicted melting temperature: [70.93921661376953]
Predicted melting temperature: [63.689048767089844]
  seed_2022 arm=p8 target=-10 charge=-0.72   Tm=64.18  replicas=[57.9, 70.9, 63.7]
Predicted melting temperature: [60.4087028503418]
Predicted melting temperature: [69.04437255859375]
Predicted melting temperature: [54.45355224609375]
  seed_2023 arm=p8 target=-10 charge=+3.22   Tm=61.30  replicas=[60.4, 69.0, 54.5]
Predicted melting temperature: [59.6821403503418]
Predicted melting temperature: [70.25041198730469]
Predicted melting temperature: [65.76246643066406]
  seed_2024 arm=p8 target=-10 charge=-1.68   Tm=65.23  replicas=[59.7, 70.3, 65.8]
Predicted melting temperature: [65.1741943359375]
Predicted melting temperature: [76.80438232421875]
Predicted melting temperature: [65.08987426757812]
  seed_2025 arm=p8 target=-10 charge=-4.78   Tm=69.02  replicas=[65.2, 76.8, 65.1]
Predicted melting temperature: [56.87599182128906]
Predicted melting temperature: [62.802059173583984]
Predicted melting temperature: [53.30027770996094]
  seed_2026 arm=p8 target=-10 charge=-0.73   Tm=57.66  replicas=[56.9, 62.8, 53.3]
Predicted melting temperature: [61.00577926635742]
Predicted melting temperature: [75.41928100585938]
Predicted melting temperature: [64.13249206542969]
  seed_2027 arm=p8 target=-10 charge=+5.20   Tm=66.85  replicas=[61.0, 75.4, 64.1]
Predicted melting temperature: [61.7862663269043]
Predicted melting temperature: [72.24461364746094]
Predicted melting temperature: [74.6038589477539]
  seed_2028 arm=p8 target=-10 charge=-5.68   Tm=69.54  replicas=[61.8, 72.2, 74.6]
Predicted melting temperature: [57.15497970581055]
Predicted melting temperature: [70.30342864990234]
Predicted melting temperature: [62.11052322387695]
  seed_2029 arm=p8 target=-10 charge=-0.62   Tm=63.19  replicas=[57.2, 70.3, 62.1]
Predicted melting temperature: [59.87940979003906]
Predicted melting temperature: [70.428955078125]
Predicted melting temperature: [62.248329162597656]
  native charge=-18.30                       Tm=64.19  replicas=[59.9, 70.4, 62.2]
  [output/tm_sol_v12_2/seqs/1AXW/arm_p8/seqs.fa] 已写 output/tm_sol_v12_2/seqs/1AXW/arm_p8/seqs.fa.tm.csv
Predicted melting temperature: [52.485931396484375]
Predicted melting temperature: [55.835853576660156]
Predicted melting temperature: [51.638336181640625]
  seed_2000 arm=n2 target=-4 charge=-3.91    Tm=53.32  replicas=[52.5, 55.8, 51.6]
Predicted melting temperature: [51.46903610229492]
Predicted melting temperature: [55.03297424316406]
Predicted melting temperature: [54.711341857910156]
  seed_2001 arm=n2 target=-4 charge=-3.02    Tm=53.74  replicas=[51.5, 55.0, 54.7]
Predicted melting temperature: [53.80158615112305]
Predicted melting temperature: [53.63654327392578]
Predicted melting temperature: [53.03205490112305]
  seed_2002 arm=n2 target=-4 charge=-8.10    Tm=53.49  replicas=[53.8, 53.6, 53.0]
Predicted melting temperature: [52.808074951171875]
Predicted melting temperature: [55.79318618774414]
Predicted melting temperature: [57.40160369873047]
  seed_2003 arm=n2 target=-4 charge=-3.99    Tm=55.33  replicas=[52.8, 55.8, 57.4]
Predicted melting temperature: [55.610694885253906]
Predicted melting temperature: [54.77446746826172]
Predicted melting temperature: [55.39610290527344]
  seed_2004 arm=n2 target=-4 charge=-1.07    Tm=55.26  replicas=[55.6, 54.8, 55.4]
Predicted melting temperature: [54.293312072753906]
Predicted melting temperature: [57.16868591308594]
Predicted melting temperature: [45.82012176513672]
  seed_2005 arm=n2 target=-4 charge=+0.05    Tm=52.43  replicas=[54.3, 57.2, 45.8]
Predicted melting temperature: [57.70466613769531]
Predicted melting temperature: [54.73147964477539]
Predicted melting temperature: [57.84685516357422]
  seed_2006 arm=n2 target=-4 charge=-3.03    Tm=56.76  replicas=[57.7, 54.7, 57.8]
Predicted melting temperature: [56.80799102783203]
Predicted melting temperature: [55.82380676269531]
Predicted melting temperature: [55.500667572021484]
  seed_2007 arm=n2 target=-4 charge=-4.03    Tm=56.04  replicas=[56.8, 55.8, 55.5]
Predicted melting temperature: [54.18269348144531]
Predicted melting temperature: [53.21807098388672]
Predicted melting temperature: [54.230133056640625]
  seed_2008 arm=n2 target=-4 charge=+0.97    Tm=53.88  replicas=[54.2, 53.2, 54.2]
Predicted melting temperature: [53.641021728515625]
Predicted melting temperature: [51.517677307128906]
Predicted melting temperature: [54.17778015136719]
  seed_2009 arm=n2 target=-4 charge=-4.02    Tm=53.11  replicas=[53.6, 51.5, 54.2]
Predicted melting temperature: [54.62677764892578]
Predicted melting temperature: [54.705474853515625]
Predicted melting temperature: [58.35200500488281]
  seed_2010 arm=n2 target=-4 charge=+3.97    Tm=55.89  replicas=[54.6, 54.7, 58.4]
Predicted melting temperature: [51.35576629638672]
Predicted melting temperature: [51.21689987182617]
Predicted melting temperature: [51.85094451904297]
  seed_2011 arm=n2 target=-4 charge=-2.02    Tm=51.47  replicas=[51.4, 51.2, 51.9]
Predicted melting temperature: [56.265289306640625]
Predicted melting temperature: [55.65733337402344]
Predicted melting temperature: [58.63142776489258]
  seed_2012 arm=n2 target=-4 charge=+2.05    Tm=56.85  replicas=[56.3, 55.7, 58.6]
Predicted melting temperature: [53.81032943725586]
Predicted melting temperature: [54.34376907348633]
Predicted melting temperature: [53.499977111816406]
  seed_2013 arm=n2 target=-4 charge=-4.14    Tm=53.88  replicas=[53.8, 54.3, 53.5]
Predicted melting temperature: [55.18937301635742]
Predicted melting temperature: [56.025733947753906]
Predicted melting temperature: [56.09654235839844]
  seed_2014 arm=n2 target=-4 charge=+1.01    Tm=55.77  replicas=[55.2, 56.0, 56.1]
Predicted melting temperature: [53.658912658691406]
Predicted melting temperature: [58.59908676147461]
Predicted melting temperature: [54.49758529663086]
  seed_2015 arm=n2 target=-4 charge=-2.10    Tm=55.59  replicas=[53.7, 58.6, 54.5]
Predicted melting temperature: [56.28200149536133]
Predicted melting temperature: [52.70704650878906]
Predicted melting temperature: [57.65692138671875]
  seed_2016 arm=n2 target=-4 charge=-4.03    Tm=55.55  replicas=[56.3, 52.7, 57.7]
Predicted melting temperature: [55.4254035949707]
Predicted melting temperature: [53.824546813964844]
Predicted melting temperature: [56.29975891113281]
  seed_2017 arm=n2 target=-4 charge=-1.11    Tm=55.18  replicas=[55.4, 53.8, 56.3]
Predicted melting temperature: [51.973365783691406]
Predicted melting temperature: [55.838504791259766]
Predicted melting temperature: [54.86542510986328]
  seed_2018 arm=n2 target=-4 charge=-5.90    Tm=54.23  replicas=[52.0, 55.8, 54.9]
Predicted melting temperature: [54.43033218383789]
Predicted melting temperature: [52.72592544555664]
Predicted melting temperature: [52.202999114990234]
  seed_2019 arm=n2 target=-4 charge=+2.97    Tm=53.12  replicas=[54.4, 52.7, 52.2]
Predicted melting temperature: [53.5948600769043]
Predicted melting temperature: [52.183860778808594]
Predicted melting temperature: [54.348411560058594]
  seed_2020 arm=n2 target=-4 charge=-4.03    Tm=53.38  replicas=[53.6, 52.2, 54.3]
Predicted melting temperature: [54.54347229003906]
Predicted melting temperature: [54.05381393432617]
Predicted melting temperature: [53.53680419921875]
  seed_2021 arm=n2 target=-4 charge=-2.96    Tm=54.04  replicas=[54.5, 54.1, 53.5]
Predicted melting temperature: [54.322784423828125]
Predicted melting temperature: [54.788108825683594]
Predicted melting temperature: [55.61615753173828]
  seed_2022 arm=n2 target=-4 charge=-4.11    Tm=54.91  replicas=[54.3, 54.8, 55.6]
Predicted melting temperature: [51.38039779663086]
Predicted melting temperature: [52.27755355834961]
Predicted melting temperature: [48.882606506347656]
  seed_2023 arm=n2 target=-4 charge=+6.01    Tm=50.85  replicas=[51.4, 52.3, 48.9]
Predicted melting temperature: [50.535369873046875]
Predicted melting temperature: [52.78443145751953]
Predicted melting temperature: [50.11100769042969]
  seed_2024 arm=n2 target=-4 charge=-3.95    Tm=51.14  replicas=[50.5, 52.8, 50.1]
Predicted melting temperature: [51.259483337402344]
Predicted melting temperature: [53.42820739746094]
Predicted melting temperature: [54.793968200683594]
  seed_2025 arm=n2 target=-4 charge=+0.97    Tm=53.16  replicas=[51.3, 53.4, 54.8]
Predicted melting temperature: [55.52602767944336]
Predicted melting temperature: [51.80506134033203]
Predicted melting temperature: [56.29227828979492]
  seed_2026 arm=n2 target=-4 charge=-8.02    Tm=54.54  replicas=[55.5, 51.8, 56.3]
Predicted melting temperature: [54.080169677734375]
Predicted melting temperature: [53.724220275878906]
Predicted melting temperature: [52.84172439575195]
  seed_2027 arm=n2 target=-4 charge=-0.06    Tm=53.55  replicas=[54.1, 53.7, 52.8]
Predicted melting temperature: [62.20347213745117]
Predicted melting temperature: [55.53325653076172]
Predicted melting temperature: [57.66844177246094]
  seed_2028 arm=n2 target=-4 charge=-2.96    Tm=58.47  replicas=[62.2, 55.5, 57.7]
Predicted melting temperature: [55.43431854248047]
Predicted melting temperature: [55.99658203125]
Predicted melting temperature: [51.565982818603516]
  seed_2029 arm=n2 target=-4 charge=+1.90    Tm=54.33  replicas=[55.4, 56.0, 51.6]
Predicted melting temperature: [50.03664779663086]
Predicted melting temperature: [52.65222930908203]
Predicted melting temperature: [50.54158401489258]
  native charge=-1.71                        Tm=51.08  replicas=[50.0, 52.7, 50.5]
  [output/tm_sol_v12_2/seqs/1AZM/arm_n2/seqs.fa] 已写 output/tm_sol_v12_2/seqs/1AZM/arm_n2/seqs.fa.tm.csv
Predicted melting temperature: [53.223045349121094]
Predicted melting temperature: [61.629783630371094]
Predicted melting temperature: [54.500099182128906]
  seed_2000 arm=n8 target=-10 charge=-12.8   Tm=56.45  replicas=[53.2, 61.6, 54.5]
Predicted melting temperature: [57.21141815185547]
Predicted melting temperature: [62.575592041015625]
Predicted melting temperature: [54.08788299560547]
  seed_2001 arm=n8 target=-10 charge=-1.95   Tm=57.96  replicas=[57.2, 62.6, 54.1]
Predicted melting temperature: [53.486717224121094]
Predicted melting temperature: [55.65007019042969]
Predicted melting temperature: [55.465248107910156]
  seed_2002 arm=n8 target=-10 charge=-18.0   Tm=54.87  replicas=[53.5, 55.7, 55.5]
Predicted melting temperature: [50.629547119140625]
Predicted melting temperature: [56.54597091674805]
Predicted melting temperature: [53.57666778564453]
  seed_2003 arm=n8 target=-10 charge=-15.9   Tm=53.58  replicas=[50.6, 56.5, 53.6]
Predicted melting temperature: [54.18236541748047]
Predicted melting temperature: [56.14635467529297]
Predicted melting temperature: [55.5032844543457]
  seed_2004 arm=n8 target=-10 charge=-11.1   Tm=55.28  replicas=[54.2, 56.1, 55.5]
Predicted melting temperature: [52.323394775390625]
Predicted melting temperature: [61.46665954589844]
Predicted melting temperature: [51.6327018737793]
  seed_2005 arm=n8 target=-10 charge=-10.0   Tm=55.14  replicas=[52.3, 61.5, 51.6]
Predicted melting temperature: [56.06275177001953]
Predicted melting temperature: [58.1090087890625]
Predicted melting temperature: [52.106101989746094]
  seed_2006 arm=n8 target=-10 charge=-15.0   Tm=55.43  replicas=[56.1, 58.1, 52.1]
Predicted melting temperature: [55.19524383544922]
Predicted melting temperature: [56.02974319458008]
Predicted melting temperature: [57.925331115722656]
  seed_2007 arm=n8 target=-10 charge=-13.0   Tm=56.38  replicas=[55.2, 56.0, 57.9]
Predicted melting temperature: [54.67228317260742]
Predicted melting temperature: [54.219627380371094]
Predicted melting temperature: [54.5001106262207]
  seed_2008 arm=n8 target=-10 charge=-9.10   Tm=54.46  replicas=[54.7, 54.2, 54.5]
Predicted melting temperature: [54.061126708984375]
Predicted melting temperature: [55.6949348449707]
Predicted melting temperature: [53.595069885253906]
  seed_2009 arm=n8 target=-10 charge=-10.8   Tm=54.45  replicas=[54.1, 55.7, 53.6]
Predicted melting temperature: [53.507137298583984]
Predicted melting temperature: [57.47381591796875]
Predicted melting temperature: [55.804954528808594]
  seed_2010 arm=n8 target=-10 charge=-9.80   Tm=55.60  replicas=[53.5, 57.5, 55.8]
Predicted melting temperature: [51.73798370361328]
Predicted melting temperature: [54.96009826660156]
Predicted melting temperature: [52.21680450439453]
  seed_2011 arm=n8 target=-10 charge=-12.0   Tm=52.97  replicas=[51.7, 55.0, 52.2]
Predicted melting temperature: [59.11445999145508]
Predicted melting temperature: [56.832115173339844]
Predicted melting temperature: [56.17350769042969]
  seed_2012 arm=n8 target=-10 charge=-10.9   Tm=57.37  replicas=[59.1, 56.8, 56.2]
Predicted melting temperature: [56.77742385864258]
Predicted melting temperature: [57.76048278808594]
Predicted melting temperature: [55.09992980957031]
  seed_2013 arm=n8 target=-10 charge=-5.06   Tm=56.55  replicas=[56.8, 57.8, 55.1]
Predicted melting temperature: [55.402706146240234]
Predicted melting temperature: [58.11476516723633]
Predicted melting temperature: [60.507415771484375]
  seed_2014 arm=n8 target=-10 charge=-6.99   Tm=58.01  replicas=[55.4, 58.1, 60.5]
Predicted melting temperature: [54.201171875]
Predicted melting temperature: [62.443809509277344]
Predicted melting temperature: [56.675819396972656]
  seed_2015 arm=n8 target=-10 charge=-13.9   Tm=57.77  replicas=[54.2, 62.4, 56.7]
Predicted melting temperature: [50.70412063598633]
Predicted melting temperature: [52.94341278076172]
Predicted melting temperature: [58.26629638671875]
  seed_2016 arm=n8 target=-10 charge=-13.0   Tm=53.97  replicas=[50.7, 52.9, 58.3]
Predicted melting temperature: [52.0308952331543]
Predicted melting temperature: [56.85293960571289]
Predicted melting temperature: [55.778587341308594]
  seed_2017 arm=n8 target=-10 charge=-13.0   Tm=54.89  replicas=[52.0, 56.9, 55.8]
Predicted melting temperature: [48.415531158447266]
Predicted melting temperature: [55.88966369628906]
Predicted melting temperature: [51.522308349609375]
  seed_2018 arm=n8 target=-10 charge=-6.95   Tm=51.94  replicas=[48.4, 55.9, 51.5]
Predicted melting temperature: [55.50926208496094]
Predicted melting temperature: [53.951507568359375]
Predicted melting temperature: [49.807613372802734]
  seed_2019 arm=n8 target=-10 charge=-7.96   Tm=53.09  replicas=[55.5, 54.0, 49.8]
Predicted melting temperature: [51.31599426269531]
Predicted melting temperature: [53.78063201904297]
Predicted melting temperature: [50.34025573730469]
  seed_2020 arm=n8 target=-10 charge=-17.9   Tm=51.81  replicas=[51.3, 53.8, 50.3]
Predicted melting temperature: [52.76720428466797]
Predicted melting temperature: [57.43790054321289]
Predicted melting temperature: [50.421791076660156]
  seed_2021 arm=n8 target=-10 charge=-8.96   Tm=53.54  replicas=[52.8, 57.4, 50.4]
Predicted melting temperature: [54.45290756225586]
Predicted melting temperature: [55.66416931152344]
Predicted melting temperature: [50.51102066040039]
  seed_2022 arm=n8 target=-10 charge=-13.2   Tm=53.54  replicas=[54.5, 55.7, 50.5]
Predicted melting temperature: [51.06922912597656]
Predicted melting temperature: [54.190467834472656]
Predicted melting temperature: [49.80747985839844]
  seed_2023 arm=n8 target=-10 charge=-0.83   Tm=51.69  replicas=[51.1, 54.2, 49.8]
Predicted melting temperature: [50.10652542114258]
Predicted melting temperature: [59.10943603515625]
Predicted melting temperature: [54.195457458496094]
  seed_2024 arm=n8 target=-10 charge=-12.8   Tm=54.47  replicas=[50.1, 59.1, 54.2]
Predicted melting temperature: [50.85101318359375]
Predicted melting temperature: [56.95172882080078]
Predicted melting temperature: [52.116783142089844]
  seed_2025 arm=n8 target=-10 charge=-10.0   Tm=53.31  replicas=[50.9, 57.0, 52.1]
Predicted melting temperature: [51.828800201416016]
Predicted melting temperature: [56.632301330566406]
Predicted melting temperature: [56.51783752441406]
  seed_2026 arm=n8 target=-10 charge=-9.17   Tm=54.99  replicas=[51.8, 56.6, 56.5]
Predicted melting temperature: [52.955787658691406]
Predicted melting temperature: [55.3951301574707]
Predicted melting temperature: [56.404808044433594]
  seed_2027 arm=n8 target=-10 charge=-6.87   Tm=54.92  replicas=[53.0, 55.4, 56.4]
Predicted melting temperature: [56.499977111816406]
Predicted melting temperature: [55.48979187011719]
Predicted melting temperature: [58.76780700683594]
  seed_2028 arm=n8 target=-10 charge=-10.9   Tm=56.92  replicas=[56.5, 55.5, 58.8]
Predicted melting temperature: [52.58180236816406]
Predicted melting temperature: [58.51519012451172]
Predicted melting temperature: [55.118492126464844]
  seed_2029 arm=n8 target=-10 charge=-4.11   Tm=55.41  replicas=[52.6, 58.5, 55.1]
Predicted melting temperature: [50.03664779663086]
Predicted melting temperature: [52.65222930908203]
Predicted melting temperature: [50.54158401489258]
  native charge=-1.71                        Tm=51.08  replicas=[50.0, 52.7, 50.5]
  [output/tm_sol_v12_2/seqs/1AZM/arm_n8/seqs.fa] 已写 output/tm_sol_v12_2/seqs/1AZM/arm_n8/seqs.fa.tm.csv
Predicted melting temperature: [52.60797882080078]
Predicted melting temperature: [55.97027587890625]
Predicted melting temperature: [52.152381896972656]
  seed_2000 arm=native target=-2 charge=-5   Tm=53.58  replicas=[52.6, 56.0, 52.2]
Predicted melting temperature: [54.18667221069336]
Predicted melting temperature: [53.64635467529297]
Predicted melting temperature: [53.490814208984375]
  seed_2001 arm=native target=-2 charge=-2   Tm=53.77  replicas=[54.2, 53.6, 53.5]
Predicted melting temperature: [54.00183868408203]
Predicted melting temperature: [53.12734603881836]
Predicted melting temperature: [52.32422637939453]
  seed_2002 arm=native target=-2 charge=-9   Tm=53.15  replicas=[54.0, 53.1, 52.3]
Predicted melting temperature: [52.51126480102539]
Predicted melting temperature: [54.45800018310547]
Predicted melting temperature: [54.988380432128906]
  seed_2003 arm=native target=-2 charge=-2   Tm=53.99  replicas=[52.5, 54.5, 55.0]
Predicted melting temperature: [54.57645797729492]
Predicted melting temperature: [53.678955078125]
Predicted melting temperature: [55.0615119934082]
  seed_2004 arm=native target=-2 charge=+1   Tm=54.44  replicas=[54.6, 53.7, 55.1]
Predicted melting temperature: [53.00957107543945]
Predicted melting temperature: [54.16661834716797]
Predicted melting temperature: [45.07268524169922]
  seed_2005 arm=native target=-2 charge=+1   Tm=50.75  replicas=[53.0, 54.2, 45.1]
Predicted melting temperature: [57.933048248291016]
Predicted melting temperature: [54.60197448730469]
Predicted melting temperature: [56.16484069824219]
  seed_2006 arm=native target=-2 charge=+0   Tm=56.23  replicas=[57.9, 54.6, 56.2]
Predicted melting temperature: [56.48255920410156]
Predicted melting temperature: [56.587791442871094]
Predicted melting temperature: [54.84775924682617]
  seed_2007 arm=native target=-2 charge=-3   Tm=55.97  replicas=[56.5, 56.6, 54.8]
Predicted melting temperature: [53.71262741088867]
Predicted melting temperature: [53.72332763671875]
Predicted melting temperature: [53.01422119140625]
  seed_2008 arm=native target=-2 charge=+4   Tm=53.48  replicas=[53.7, 53.7, 53.0]
Predicted melting temperature: [54.060585021972656]
Predicted melting temperature: [51.41493225097656]
Predicted melting temperature: [54.688507080078125]
  seed_2009 arm=native target=-2 charge=-3   Tm=53.39  replicas=[54.1, 51.4, 54.7]
Predicted melting temperature: [55.18123245239258]
Predicted melting temperature: [55.487762451171875]
Predicted melting temperature: [59.959007263183594]
  seed_2010 arm=native target=-2 charge=+2   Tm=56.88  replicas=[55.2, 55.5, 60.0]
Predicted melting temperature: [51.39991760253906]
Predicted melting temperature: [51.24030303955078]
Predicted melting temperature: [50.88346481323242]
  seed_2011 arm=native target=-2 charge=+0   Tm=51.17  replicas=[51.4, 51.2, 50.9]
Predicted melting temperature: [54.5092658996582]
Predicted melting temperature: [55.105384826660156]
Predicted melting temperature: [58.84000778198242]
  seed_2012 arm=native target=-2 charge=+4   Tm=56.15  replicas=[54.5, 55.1, 58.8]
Predicted melting temperature: [53.010597229003906]
Predicted melting temperature: [52.09381103515625]
Predicted melting temperature: [49.63286590576172]
  seed_2013 arm=native target=-2 charge=-3   Tm=51.58  replicas=[53.0, 52.1, 49.6]
Predicted melting temperature: [54.6173095703125]
Predicted melting temperature: [55.43363571166992]
Predicted melting temperature: [56.14842987060547]
  seed_2014 arm=native target=-2 charge=+1   Tm=55.40  replicas=[54.6, 55.4, 56.1]
Predicted melting temperature: [54.20468521118164]
Predicted melting temperature: [56.768768310546875]
Predicted melting temperature: [52.34489440917969]
  seed_2015 arm=native target=-2 charge=-0   Tm=54.44  replicas=[54.2, 56.8, 52.3]
Predicted melting temperature: [55.60533905029297]
Predicted melting temperature: [54.74138641357422]
Predicted melting temperature: [55.845977783203125]
  seed_2016 arm=native target=-2 charge=-5   Tm=55.40  replicas=[55.6, 54.7, 55.8]
Predicted melting temperature: [56.537296295166016]
Predicted melting temperature: [53.0960807800293]
Predicted melting temperature: [55.98768615722656]
  seed_2017 arm=native target=-2 charge=+1   Tm=55.21  replicas=[56.5, 53.1, 56.0]
Predicted melting temperature: [52.920806884765625]
Predicted melting temperature: [54.80156707763672]
Predicted melting temperature: [57.75361633300781]
  seed_2018 arm=native target=-2 charge=-3   Tm=55.16  replicas=[52.9, 54.8, 57.8]
Predicted melting temperature: [57.46760940551758]
Predicted melting temperature: [54.60040283203125]
Predicted melting temperature: [48.72985076904297]
  seed_2019 arm=native target=-2 charge=+9   Tm=53.60  replicas=[57.5, 54.6, 48.7]
Predicted melting temperature: [54.73307418823242]
Predicted melting temperature: [53.27299880981445]
Predicted melting temperature: [53.04322814941406]
  seed_2020 arm=native target=-2 charge=-2   Tm=53.68  replicas=[54.7, 53.3, 53.0]
Predicted melting temperature: [54.52595138549805]
Predicted melting temperature: [52.592288970947266]
Predicted melting temperature: [54.239471435546875]
  seed_2021 arm=native target=-2 charge=-2   Tm=53.79  replicas=[54.5, 52.6, 54.2]
Predicted melting temperature: [53.97600173950195]
Predicted melting temperature: [52.57298278808594]
Predicted melting temperature: [57.70982360839844]
  seed_2022 arm=native target=-2 charge=-3   Tm=54.75  replicas=[54.0, 52.6, 57.7]
Predicted melting temperature: [52.77108383178711]
Predicted melting temperature: [52.33092498779297]
Predicted melting temperature: [48.91697692871094]
  seed_2023 arm=native target=-2 charge=+5   Tm=51.34  replicas=[52.8, 52.3, 48.9]
Predicted melting temperature: [50.55744171142578]
Predicted melting temperature: [54.63056945800781]
Predicted melting temperature: [46.08888626098633]
  seed_2024 arm=native target=-2 charge=-3   Tm=50.43  replicas=[50.6, 54.6, 46.1]
Predicted melting temperature: [53.992557525634766]
Predicted melting temperature: [51.352970123291016]
Predicted melting temperature: [57.265987396240234]
  seed_2025 arm=native target=-2 charge=+2   Tm=54.20  replicas=[54.0, 51.4, 57.3]
Predicted melting temperature: [54.25913619995117]
Predicted melting temperature: [50.292198181152344]
Predicted melting temperature: [55.0176887512207]
  seed_2026 arm=native target=-2 charge=-1   Tm=53.19  replicas=[54.3, 50.3, 55.0]
Predicted melting temperature: [53.08527755737305]
Predicted melting temperature: [54.09925842285156]
Predicted melting temperature: [53.8278923034668]
  seed_2027 arm=native target=-2 charge=+3   Tm=53.67  replicas=[53.1, 54.1, 53.8]
Predicted melting temperature: [55.79709243774414]
Predicted melting temperature: [54.43208312988281]
Predicted melting temperature: [57.81309509277344]
  seed_2028 arm=native target=-2 charge=-1   Tm=56.01  replicas=[55.8, 54.4, 57.8]
Predicted melting temperature: [52.25788116455078]
Predicted melting temperature: [55.29026794433594]
Predicted melting temperature: [52.84720993041992]
  seed_2029 arm=native target=-2 charge=+4   Tm=53.47  replicas=[52.3, 55.3, 52.8]
Predicted melting temperature: [50.03664779663086]
Predicted melting temperature: [52.65222930908203]
Predicted melting temperature: [50.54158401489258]
  native charge=-1.71                        Tm=51.08  replicas=[50.0, 52.7, 50.5]
  [output/tm_sol_v12_2/seqs/1AZM/arm_native/seqs.fa] 已写 output/tm_sol_v12_2/seqs/1AZM/arm_native/seqs.fa.tm.csv
Predicted melting temperature: [50.03664779663086]
Predicted melting temperature: [52.65222930908203]
Predicted melting temperature: [50.54158401489258]
  1AZM_native L=258                          Tm=51.08  replicas=[50.0, 52.7, 50.5]
  [output/tm_sol_v12_2/seqs/1AZM/arm_native_ref/seqs.fa] 已写 output/tm_sol_v12_2/seqs/1AZM/arm_native_ref/seqs.fa.tm.csv
Predicted melting temperature: [47.96860122680664]
Predicted melting temperature: [54.0665283203125]
Predicted melting temperature: [48.36276626586914]
  seed_2000 arm=p2 target=+0 charge=+4.02    Tm=50.13  replicas=[48.0, 54.1, 48.4]
Predicted melting temperature: [54.85450744628906]
Predicted melting temperature: [54.021705627441406]
Predicted melting temperature: [53.74286651611328]
  seed_2001 arm=p2 target=+0 charge=+0.02    Tm=54.21  replicas=[54.9, 54.0, 53.7]
Predicted melting temperature: [53.66552734375]
Predicted melting temperature: [53.29147720336914]
Predicted melting temperature: [53.94281005859375]
  seed_2002 arm=p2 target=+0 charge=-5.97    Tm=53.63  replicas=[53.7, 53.3, 53.9]
Predicted melting temperature: [51.06262969970703]
Predicted melting temperature: [53.02604675292969]
Predicted melting temperature: [52.49365997314453]
  seed_2003 arm=p2 target=+0 charge=-0.03    Tm=52.19  replicas=[51.1, 53.0, 52.5]
Predicted melting temperature: [54.26647186279297]
Predicted melting temperature: [52.75823974609375]
Predicted melting temperature: [55.4998779296875]
  seed_2004 arm=p2 target=+0 charge=+3.98    Tm=54.17  replicas=[54.3, 52.8, 55.5]
Predicted melting temperature: [53.66933059692383]
Predicted melting temperature: [54.98179626464844]
Predicted melting temperature: [44.20550537109375]
  seed_2005 arm=p2 target=+0 charge=+0.05    Tm=50.95  replicas=[53.7, 55.0, 44.2]
Predicted melting temperature: [56.241798400878906]
Predicted melting temperature: [53.78681945800781]
Predicted melting temperature: [54.47147750854492]
  seed_2006 arm=p2 target=+0 charge=+6.97    Tm=54.83  replicas=[56.2, 53.8, 54.5]
Predicted melting temperature: [53.53849792480469]
Predicted melting temperature: [54.62107467651367]
Predicted melting temperature: [54.764530181884766]
  seed_2007 arm=p2 target=+0 charge=+1.01    Tm=54.31  replicas=[53.5, 54.6, 54.8]
Predicted melting temperature: [53.4395751953125]
Predicted melting temperature: [54.063148498535156]
Predicted melting temperature: [53.16477966308594]
  seed_2008 arm=p2 target=+0 charge=+6.01    Tm=53.56  replicas=[53.4, 54.1, 53.2]
Predicted melting temperature: [53.333251953125]
Predicted melting temperature: [53.85552978515625]
Predicted melting temperature: [56.267539978027344]
  seed_2009 arm=p2 target=+0 charge=+0.98    Tm=54.49  replicas=[53.3, 53.9, 56.3]
Predicted melting temperature: [53.96526336669922]
Predicted melting temperature: [54.786888122558594]
Predicted melting temperature: [58.24995803833008]
  seed_2010 arm=p2 target=+0 charge=+4.02    Tm=55.67  replicas=[54.0, 54.8, 58.2]
Predicted melting temperature: [51.3524169921875]
Predicted melting temperature: [53.232357025146484]
Predicted melting temperature: [50.965614318847656]
  seed_2011 arm=p2 target=+0 charge=-2.10    Tm=51.85  replicas=[51.4, 53.2, 51.0]
Predicted melting temperature: [52.95781707763672]
Predicted melting temperature: [56.143768310546875]
Predicted melting temperature: [55.20344161987305]
  seed_2012 arm=p2 target=+0 charge=+8.05    Tm=54.77  replicas=[53.0, 56.1, 55.2]
Predicted melting temperature: [54.52695846557617]
Predicted melting temperature: [52.413246154785156]
Predicted melting temperature: [52.417701721191406]
  seed_2013 arm=p2 target=+0 charge=+2.93    Tm=53.12  replicas=[54.5, 52.4, 52.4]
Predicted melting temperature: [55.03263473510742]
Predicted melting temperature: [56.400726318359375]
Predicted melting temperature: [55.19038772583008]
  seed_2014 arm=p2 target=+0 charge=+2.09    Tm=55.54  replicas=[55.0, 56.4, 55.2]
Predicted melting temperature: [54.18768310546875]
Predicted melting temperature: [58.0189094543457]
Predicted melting temperature: [52.051971435546875]
  seed_2015 arm=p2 target=+0 charge=+0.91    Tm=54.75  replicas=[54.2, 58.0, 52.1]
Predicted melting temperature: [54.053768157958984]
Predicted melting temperature: [59.17439270019531]
Predicted melting temperature: [56.1810417175293]
  seed_2016 arm=p2 target=+0 charge=-3.97    Tm=56.47  replicas=[54.1, 59.2, 56.2]
Predicted melting temperature: [56.303871154785156]
Predicted melting temperature: [52.22447967529297]
Predicted melting temperature: [55.70917892456055]
  seed_2017 arm=p2 target=+0 charge=+1.97    Tm=54.75  replicas=[56.3, 52.2, 55.7]
Predicted melting temperature: [52.53034591674805]
Predicted melting temperature: [52.59030532836914]
Predicted melting temperature: [57.429962158203125]
  seed_2018 arm=p2 target=+0 charge=-3.94    Tm=54.18  replicas=[52.5, 52.6, 57.4]
Predicted melting temperature: [54.30522537231445]
Predicted melting temperature: [54.97864532470703]
Predicted melting temperature: [46.093292236328125]
  seed_2019 arm=p2 target=+0 charge=+10.97   Tm=51.79  replicas=[54.3, 55.0, 46.1]
Predicted melting temperature: [53.145137786865234]
Predicted melting temperature: [52.103004455566406]
Predicted melting temperature: [52.617088317871094]
  seed_2020 arm=p2 target=+0 charge=-1.10    Tm=52.62  replicas=[53.1, 52.1, 52.6]
Predicted melting temperature: [55.89188003540039]
Predicted melting temperature: [54.45155715942383]
Predicted melting temperature: [54.04724884033203]
  seed_2021 arm=p2 target=+0 charge=+2.01    Tm=54.80  replicas=[55.9, 54.5, 54.0]
Predicted melting temperature: [53.29780197143555]
Predicted melting temperature: [52.11595153808594]
Predicted melting temperature: [53.56040954589844]
  seed_2022 arm=p2 target=+0 charge=-1.02    Tm=52.99  replicas=[53.3, 52.1, 53.6]
Predicted melting temperature: [51.18281173706055]
Predicted melting temperature: [52.7486457824707]
Predicted melting temperature: [51.23744201660156]
  seed_2023 arm=p2 target=+0 charge=+9.02    Tm=51.72  replicas=[51.2, 52.7, 51.2]
Predicted melting temperature: [50.449764251708984]
Predicted melting temperature: [54.21828079223633]
Predicted melting temperature: [48.46643829345703]
  seed_2024 arm=p2 target=+0 charge=-0.99    Tm=51.04  replicas=[50.4, 54.2, 48.5]
Predicted melting temperature: [54.500362396240234]
Predicted melting temperature: [54.38822937011719]
Predicted melting temperature: [54.28797912597656]
  seed_2025 arm=p2 target=+0 charge=+5.98    Tm=54.39  replicas=[54.5, 54.4, 54.3]
Predicted melting temperature: [54.68171691894531]
Predicted melting temperature: [53.622589111328125]
Predicted melting temperature: [55.469085693359375]
  seed_2026 arm=p2 target=+0 charge=+0.02    Tm=54.59  replicas=[54.7, 53.6, 55.5]
Predicted melting temperature: [50.746734619140625]
Predicted melting temperature: [54.14399719238281]
Predicted melting temperature: [53.4345703125]
  seed_2027 arm=p2 target=+0 charge=+6.90    Tm=52.78  replicas=[50.7, 54.1, 53.4]
Predicted melting temperature: [53.04167556762695]
Predicted melting temperature: [53.592159271240234]
Predicted melting temperature: [57.03139114379883]
  seed_2028 arm=p2 target=+0 charge=+2.08    Tm=54.56  replicas=[53.0, 53.6, 57.0]
Predicted melting temperature: [51.56837463378906]
Predicted melting temperature: [53.519012451171875]
Predicted melting temperature: [49.4647102355957]
  seed_2029 arm=p2 target=+0 charge=+6.90    Tm=51.52  replicas=[51.6, 53.5, 49.5]
Predicted melting temperature: [50.03664779663086]
Predicted melting temperature: [52.65222930908203]
Predicted melting temperature: [50.54158401489258]
  native charge=-1.71                        Tm=51.08  replicas=[50.0, 52.7, 50.5]
  [output/tm_sol_v12_2/seqs/1AZM/arm_p2/seqs.fa] 已写 output/tm_sol_v12_2/seqs/1AZM/arm_p2/seqs.fa.tm.csv
Predicted melting temperature: [47.871639251708984]
Predicted melting temperature: [58.20608901977539]
Predicted melting temperature: [45.20127868652344]
  seed_2000 arm=p8 target=+6 charge=+8.03    Tm=50.43  replicas=[47.9, 58.2, 45.2]
Predicted melting temperature: [54.94324493408203]
Predicted melting temperature: [55.63637161254883]
Predicted melting temperature: [51.42184829711914]
  seed_2001 arm=p8 target=+6 charge=+6.25    Tm=54.00  replicas=[54.9, 55.6, 51.4]
Predicted melting temperature: [52.712886810302734]
Predicted melting temperature: [57.10022735595703]
Predicted melting temperature: [49.11211395263672]
  seed_2002 arm=p8 target=+6 charge=-2.89    Tm=52.98  replicas=[52.7, 57.1, 49.1]
Predicted melting temperature: [51.07916259765625]
Predicted melting temperature: [53.0470085144043]
Predicted melting temperature: [52.58173370361328]
  seed_2003 arm=p8 target=+6 charge=+9.01    Tm=52.24  replicas=[51.1, 53.0, 52.6]
Predicted melting temperature: [55.191162109375]
Predicted melting temperature: [56.83919143676758]
Predicted melting temperature: [52.734039306640625]
  seed_2004 arm=p8 target=+6 charge=+3.98    Tm=54.92  replicas=[55.2, 56.8, 52.7]
Predicted melting temperature: [64.23329162597656]
Predicted melting temperature: [59.47454071044922]
Predicted melting temperature: [47.793479919433594]
  seed_2005 arm=p8 target=+6 charge=+6.07    Tm=57.17  replicas=[64.2, 59.5, 47.8]
Predicted melting temperature: [49.85569381713867]
Predicted melting temperature: [53.80535888671875]
Predicted melting temperature: [53.160728454589844]
  seed_2006 arm=p8 target=+6 charge=+14.09   Tm=52.27  replicas=[49.9, 53.8, 53.2]
Predicted melting temperature: [56.5643424987793]
Predicted melting temperature: [62.17527770996094]
Predicted melting temperature: [53.56712341308594]
  seed_2007 arm=p8 target=+6 charge=+7.94    Tm=57.44  replicas=[56.6, 62.2, 53.6]
Predicted melting temperature: [48.386844635009766]
Predicted melting temperature: [54.705955505371094]
Predicted melting temperature: [48.580970764160156]
  seed_2008 arm=p8 target=+6 charge=+14.98   Tm=50.56  replicas=[48.4, 54.7, 48.6]
Predicted melting temperature: [53.77957534790039]
Predicted melting temperature: [58.93853759765625]
Predicted melting temperature: [54.335472106933594]
  seed_2009 arm=p8 target=+6 charge=+2.02    Tm=55.68  replicas=[53.8, 58.9, 54.3]
Predicted melting temperature: [48.984771728515625]
Predicted melting temperature: [53.772361755371094]
Predicted melting temperature: [52.2155876159668]
  seed_2010 arm=p8 target=+6 charge=+4.99    Tm=51.66  replicas=[49.0, 53.8, 52.2]
Predicted melting temperature: [51.05946350097656]
Predicted melting temperature: [55.219505310058594]
Predicted melting temperature: [54.3653564453125]
  seed_2011 arm=p8 target=+6 charge=+8.94    Tm=53.55  replicas=[51.1, 55.2, 54.4]
Predicted melting temperature: [51.1680908203125]
Predicted melting temperature: [59.01795959472656]
Predicted melting temperature: [52.34989929199219]
  seed_2012 arm=p8 target=+6 charge=+11.98   Tm=54.18  replicas=[51.2, 59.0, 52.3]
Predicted melting temperature: [52.05353546142578]
Predicted melting temperature: [52.73583984375]
Predicted melting temperature: [47.893035888671875]
  seed_2013 arm=p8 target=+6 charge=+10.98   Tm=50.89  replicas=[52.1, 52.7, 47.9]
Predicted melting temperature: [55.6318473815918]
Predicted melting temperature: [57.27690505981445]
Predicted melting temperature: [56.64320373535156]
  seed_2014 arm=p8 target=+6 charge=+6.99    Tm=56.52  replicas=[55.6, 57.3, 56.6]
Predicted melting temperature: [55.871788024902344]
Predicted melting temperature: [59.46635437011719]
Predicted melting temperature: [52.01831817626953]
  seed_2015 arm=p8 target=+6 charge=+12.07   Tm=55.79  replicas=[55.9, 59.5, 52.0]
Predicted melting temperature: [52.52016067504883]
Predicted melting temperature: [53.775901794433594]
Predicted melting temperature: [54.48747253417969]
  seed_2016 arm=p8 target=+6 charge=-5.93    Tm=53.59  replicas=[52.5, 53.8, 54.5]
Predicted melting temperature: [52.00279235839844]
Predicted melting temperature: [53.66119384765625]
Predicted melting temperature: [52.875633239746094]
  seed_2017 arm=p8 target=+6 charge=+2.06    Tm=52.85  replicas=[52.0, 53.7, 52.9]
Predicted melting temperature: [52.568397521972656]
Predicted melting temperature: [53.92003631591797]
Predicted melting temperature: [56.20582962036133]
  seed_2018 arm=p8 target=+6 charge=+3.03    Tm=54.23  replicas=[52.6, 53.9, 56.2]
Predicted melting temperature: [56.152305603027344]
Predicted melting temperature: [57.445533752441406]
Predicted melting temperature: [48.682647705078125]
  seed_2019 arm=p8 target=+6 charge=+18.09   Tm=54.09  replicas=[56.2, 57.4, 48.7]
Predicted melting temperature: [50.73793029785156]
Predicted melting temperature: [55.81682205200195]
Predicted melting temperature: [51.030357360839844]
  seed_2020 arm=p8 target=+6 charge=+4.98    Tm=52.53  replicas=[50.7, 55.8, 51.0]
Predicted melting temperature: [53.622032165527344]
Predicted melting temperature: [56.72291946411133]
Predicted melting temperature: [59.65300750732422]
  seed_2021 arm=p8 target=+6 charge=+2.10    Tm=56.67  replicas=[53.6, 56.7, 59.7]
Predicted melting temperature: [51.62006759643555]
Predicted melting temperature: [55.13347625732422]
Predicted melting temperature: [45.93235397338867]
  seed_2022 arm=p8 target=+6 charge=+1.07    Tm=50.90  replicas=[51.6, 55.1, 45.9]
Predicted melting temperature: [47.46400833129883]
Predicted melting temperature: [54.236915588378906]
Predicted melting temperature: [49.99771499633789]
  seed_2023 arm=p8 target=+6 charge=+14.09   Tm=50.57  replicas=[47.5, 54.2, 50.0]
Predicted melting temperature: [52.60627365112305]
Predicted melting temperature: [54.19947052001953]
Predicted melting temperature: [46.17915725708008]
  seed_2024 arm=p8 target=+6 charge=+10.13   Tm=50.99  replicas=[52.6, 54.2, 46.2]
Predicted melting temperature: [51.947628021240234]
Predicted melting temperature: [53.66368103027344]
Predicted melting temperature: [53.00757598876953]
  seed_2025 arm=p8 target=+6 charge=+6.06    Tm=52.87  replicas=[51.9, 53.7, 53.0]
Predicted melting temperature: [53.584716796875]
Predicted melting temperature: [55.09385681152344]
Predicted melting temperature: [54.668155670166016]
  seed_2026 arm=p8 target=+6 charge=+11.06   Tm=54.45  replicas=[53.6, 55.1, 54.7]
Predicted melting temperature: [50.77609634399414]
Predicted melting temperature: [54.94649887084961]
Predicted melting temperature: [48.039730072021484]
  seed_2027 arm=p8 target=+6 charge=+8.03    Tm=51.25  replicas=[50.8, 54.9, 48.0]
Predicted melting temperature: [50.063602447509766]
Predicted melting temperature: [54.20482635498047]
Predicted melting temperature: [47.912017822265625]
  seed_2028 arm=p8 target=+6 charge=+7.02    Tm=50.73  replicas=[50.1, 54.2, 47.9]
Predicted melting temperature: [51.18564987182617]
Predicted melting temperature: [51.185184478759766]
Predicted melting temperature: [47.610652923583984]
  seed_2029 arm=p8 target=+6 charge=+6.98    Tm=49.99  replicas=[51.2, 51.2, 47.6]
Predicted melting temperature: [50.03664779663086]
Predicted melting temperature: [52.65222930908203]
Predicted melting temperature: [50.54158401489258]
  native charge=-1.71                        Tm=51.08  replicas=[50.0, 52.7, 50.5]
  [output/tm_sol_v12_2/seqs/1AZM/arm_p8/seqs.fa] 已写 output/tm_sol_v12_2/seqs/1AZM/arm_p8/seqs.fa.tm.csv
Predicted melting temperature: [80.12889862060547]
Predicted melting temperature: [79.8354263305664]
Predicted melting temperature: [81.41570281982422]
  seed_2000 arm=n2 target=-2 charge=-8.38    Tm=80.46  replicas=[80.1, 79.8, 81.4]
Predicted melting temperature: [77.45226287841797]
Predicted melting temperature: [79.47593688964844]
Predicted melting temperature: [81.29791259765625]
  seed_2001 arm=n2 target=-2 charge=-2.27    Tm=79.41  replicas=[77.5, 79.5, 81.3]
Predicted melting temperature: [81.61734771728516]
Predicted melting temperature: [79.23280334472656]
Predicted melting temperature: [80.36437225341797]
  seed_2002 arm=n2 target=-2 charge=-6.19    Tm=80.40  replicas=[81.6, 79.2, 80.4]
Predicted melting temperature: [63.86163330078125]
Predicted melting temperature: [77.23710632324219]
Predicted melting temperature: [64.38639831542969]
  seed_2003 arm=n2 target=-2 charge=-6.51    Tm=68.50  replicas=[63.9, 77.2, 64.4]
Predicted melting temperature: [81.67034912109375]
Predicted melting temperature: [79.18488311767578]
Predicted melting temperature: [79.59062957763672]
  seed_2004 arm=n2 target=-2 charge=+2.95    Tm=80.15  replicas=[81.7, 79.2, 79.6]
Predicted melting temperature: [78.76134490966797]
Predicted melting temperature: [78.45045471191406]
Predicted melting temperature: [74.52954864501953]
  seed_2005 arm=n2 target=-2 charge=-2.97    Tm=77.25  replicas=[78.8, 78.5, 74.5]
Predicted melting temperature: [77.11524200439453]
Predicted melting temperature: [77.21087646484375]
Predicted melting temperature: [75.26055145263672]
  seed_2006 arm=n2 target=-2 charge=-0.00    Tm=76.53  replicas=[77.1, 77.2, 75.3]
Predicted melting temperature: [80.18278503417969]
Predicted melting temperature: [79.01759338378906]
Predicted melting temperature: [80.74092864990234]
  seed_2007 arm=n2 target=-2 charge=+3.65    Tm=79.98  replicas=[80.2, 79.0, 80.7]
Predicted melting temperature: [58.529380798339844]
Predicted melting temperature: [59.38623809814453]
Predicted melting temperature: [53.99773406982422]
  seed_2008 arm=n2 target=-2 charge=-1.01    Tm=57.30  replicas=[58.5, 59.4, 54.0]
Predicted melting temperature: [77.68184661865234]
Predicted melting temperature: [78.67448425292969]
Predicted melting temperature: [77.86519622802734]
  seed_2009 arm=n2 target=-2 charge=-2.24    Tm=78.07  replicas=[77.7, 78.7, 77.9]
Predicted melting temperature: [73.18060302734375]
Predicted melting temperature: [79.28424072265625]
Predicted melting temperature: [74.73046112060547]
  seed_2010 arm=n2 target=-2 charge=-11.09   Tm=75.73  replicas=[73.2, 79.3, 74.7]
Predicted melting temperature: [81.3360595703125]
Predicted melting temperature: [79.66947937011719]
Predicted melting temperature: [72.67804718017578]
  seed_2011 arm=n2 target=-2 charge=+8.64    Tm=77.89  replicas=[81.3, 79.7, 72.7]
Predicted melting temperature: [84.08528137207031]
Predicted melting temperature: [79.43927001953125]
Predicted melting temperature: [83.29713439941406]
  seed_2012 arm=n2 target=-2 charge=-1.23    Tm=82.27  replicas=[84.1, 79.4, 83.3]
Predicted melting temperature: [81.12799835205078]
Predicted melting temperature: [80.3787612915039]
Predicted melting temperature: [78.97826385498047]
  seed_2013 arm=n2 target=-2 charge=-12.12   Tm=80.16  replicas=[81.1, 80.4, 79.0]
Predicted melting temperature: [73.15184783935547]
Predicted melting temperature: [77.38078308105469]
Predicted melting temperature: [71.70816802978516]
  seed_2014 arm=n2 target=-2 charge=-2.16    Tm=74.08  replicas=[73.2, 77.4, 71.7]
Predicted melting temperature: [81.3095703125]
Predicted melting temperature: [80.63750457763672]
Predicted melting temperature: [81.05548858642578]
  seed_2015 arm=n2 target=-2 charge=-7.96    Tm=81.00  replicas=[81.3, 80.6, 81.1]
Predicted melting temperature: [76.77960968017578]
Predicted melting temperature: [77.15837097167969]
Predicted melting temperature: [69.42162322998047]
  seed_2016 arm=n2 target=-2 charge=-0.26    Tm=74.45  replicas=[76.8, 77.2, 69.4]
Predicted melting temperature: [80.35511016845703]
Predicted melting temperature: [80.29145050048828]
Predicted melting temperature: [81.17437744140625]
  seed_2017 arm=n2 target=-2 charge=-15.20   Tm=80.61  replicas=[80.4, 80.3, 81.2]
Predicted melting temperature: [74.85173034667969]
Predicted melting temperature: [78.39747619628906]
Predicted melting temperature: [65.75727081298828]
  seed_2018 arm=n2 target=-2 charge=-3.42    Tm=73.00  replicas=[74.9, 78.4, 65.8]
Predicted melting temperature: [63.57020568847656]
Predicted melting temperature: [72.60040283203125]
Predicted melting temperature: [58.74264907836914]
  seed_2019 arm=n2 target=-2 charge=-7.31    Tm=64.97  replicas=[63.6, 72.6, 58.7]
Predicted melting temperature: [78.20663452148438]
Predicted melting temperature: [78.92708587646484]
Predicted melting temperature: [83.3279800415039]
  seed_2020 arm=n2 target=-2 charge=-8.19    Tm=80.15  replicas=[78.2, 78.9, 83.3]
Predicted melting temperature: [82.94187927246094]
Predicted melting temperature: [81.10685729980469]
Predicted melting temperature: [83.1715087890625]
  seed_2021 arm=n2 target=-2 charge=-0.97    Tm=82.41  replicas=[82.9, 81.1, 83.2]
Predicted melting temperature: [82.84309387207031]
Predicted melting temperature: [80.58090209960938]
Predicted melting temperature: [77.79473114013672]
  seed_2022 arm=n2 target=-2 charge=-16.07   Tm=80.41  replicas=[82.8, 80.6, 77.8]
Predicted melting temperature: [65.14915466308594]
Predicted melting temperature: [74.412109375]
Predicted melting temperature: [64.65880584716797]
  seed_2023 arm=n2 target=-2 charge=+1.76    Tm=68.07  replicas=[65.1, 74.4, 64.7]
Predicted melting temperature: [77.68374633789062]
Predicted melting temperature: [78.81407165527344]
Predicted melting temperature: [75.97749328613281]
  seed_2024 arm=n2 target=-2 charge=-8.53    Tm=77.49  replicas=[77.7, 78.8, 76.0]
Predicted melting temperature: [82.05146026611328]
Predicted melting temperature: [80.54666900634766]
Predicted melting temperature: [83.47003936767578]
  seed_2025 arm=n2 target=-2 charge=-2.23    Tm=82.02  replicas=[82.1, 80.5, 83.5]
Predicted melting temperature: [75.48464965820312]
Predicted melting temperature: [78.38438415527344]
Predicted melting temperature: [77.54625701904297]
  seed_2026 arm=n2 target=-2 charge=-3.02    Tm=77.14  replicas=[75.5, 78.4, 77.5]
Predicted melting temperature: [80.90531921386719]
Predicted melting temperature: [79.56492614746094]
Predicted melting temperature: [77.08185577392578]
  seed_2027 arm=n2 target=-2 charge=-0.24    Tm=79.18  replicas=[80.9, 79.6, 77.1]
Predicted melting temperature: [77.27325439453125]
Predicted melting temperature: [77.39836883544922]
Predicted melting temperature: [72.98444366455078]
  seed_2028 arm=n2 target=-2 charge=-0.36    Tm=75.89  replicas=[77.3, 77.4, 73.0]
Predicted melting temperature: [72.05642700195312]
Predicted melting temperature: [78.93417358398438]
Predicted melting temperature: [76.06896209716797]
  seed_2029 arm=n2 target=-2 charge=+0.99    Tm=75.69  replicas=[72.1, 78.9, 76.1]
Predicted melting temperature: [64.30297088623047]
Predicted melting temperature: [53.8978157043457]
Predicted melting temperature: [60.0755615234375]
  native charge=+0.42                        Tm=59.43  replicas=[64.3, 53.9, 60.1]
  [output/tm_sol_v12_2/seqs/1BJ4/arm_n2/seqs.fa] 已写 output/tm_sol_v12_2/seqs/1BJ4/arm_n2/seqs.fa.tm.csv
Predicted melting temperature: [81.78951263427734]
Predicted melting temperature: [80.07372283935547]
Predicted melting temperature: [82.0459213256836]
  seed_2000 arm=n8 target=-8 charge=-10.42   Tm=81.30  replicas=[81.8, 80.1, 82.0]
Predicted melting temperature: [82.8250961303711]
Predicted melting temperature: [80.63693237304688]
Predicted melting temperature: [82.15665435791016]
  seed_2001 arm=n8 target=-8 charge=-5.27    Tm=81.87  replicas=[82.8, 80.6, 82.2]
Predicted melting temperature: [82.33570098876953]
Predicted melting temperature: [79.62353515625]
Predicted melting temperature: [78.36351776123047]
  seed_2002 arm=n8 target=-8 charge=-3.20    Tm=80.11  replicas=[82.3, 79.6, 78.4]
Predicted melting temperature: [66.44880676269531]
Predicted melting temperature: [77.3019790649414]
Predicted melting temperature: [73.60917663574219]
  seed_2003 arm=n8 target=-8 charge=-16.35   Tm=72.45  replicas=[66.4, 77.3, 73.6]
Predicted melting temperature: [81.49919891357422]
Predicted melting temperature: [79.55128479003906]
Predicted melting temperature: [79.1189193725586]
  seed_2004 arm=n8 target=-8 charge=-2.17    Tm=80.06  replicas=[81.5, 79.6, 79.1]
Predicted melting temperature: [79.59318542480469]
Predicted melting temperature: [80.79690551757812]
Predicted melting temperature: [79.41255950927734]
  seed_2005 arm=n8 target=-8 charge=-14.00   Tm=79.93  replicas=[79.6, 80.8, 79.4]
Predicted melting temperature: [78.27264404296875]
Predicted melting temperature: [77.52293395996094]
Predicted melting temperature: [79.2103042602539]
  seed_2006 arm=n8 target=-8 charge=-11.07   Tm=78.34  replicas=[78.3, 77.5, 79.2]
Predicted melting temperature: [82.55516052246094]
Predicted melting temperature: [80.71182250976562]
Predicted melting temperature: [82.11940002441406]
  seed_2007 arm=n8 target=-8 charge=-0.24    Tm=81.80  replicas=[82.6, 80.7, 82.1]
Predicted melting temperature: [70.78004455566406]
Predicted melting temperature: [71.74528503417969]
Predicted melting temperature: [67.3032455444336]
  seed_2008 arm=n8 target=-8 charge=-6.04    Tm=69.94  replicas=[70.8, 71.7, 67.3]
Predicted melting temperature: [82.31977844238281]
Predicted melting temperature: [79.93000030517578]
Predicted melting temperature: [80.44759368896484]
  seed_2009 arm=n8 target=-8 charge=-8.23    Tm=80.90  replicas=[82.3, 79.9, 80.4]
Predicted melting temperature: [77.33415222167969]
Predicted melting temperature: [79.90776062011719]
Predicted melting temperature: [78.64534759521484]
  seed_2010 arm=n8 target=-8 charge=-15.09   Tm=78.63  replicas=[77.3, 79.9, 78.6]
Predicted melting temperature: [82.6639175415039]
Predicted melting temperature: [80.580322265625]
Predicted melting temperature: [74.2596206665039]
  seed_2011 arm=n8 target=-8 charge=+4.61    Tm=79.17  replicas=[82.7, 80.6, 74.3]
Predicted melting temperature: [83.7352523803711]
Predicted melting temperature: [79.18572998046875]
Predicted melting temperature: [82.78095245361328]
  seed_2012 arm=n8 target=-8 charge=-6.41    Tm=81.90  replicas=[83.7, 79.2, 82.8]
Predicted melting temperature: [82.83734130859375]
Predicted melting temperature: [80.40188598632812]
Predicted melting temperature: [82.03253173828125]
  seed_2013 arm=n8 target=-8 charge=-22.50   Tm=81.76  replicas=[82.8, 80.4, 82.0]
Predicted melting temperature: [78.5754165649414]
Predicted melting temperature: [77.34371948242188]
Predicted melting temperature: [72.3888168334961]
  seed_2014 arm=n8 target=-8 charge=-16.16   Tm=76.10  replicas=[78.6, 77.3, 72.4]
Predicted melting temperature: [82.26268005371094]
Predicted melting temperature: [80.67247009277344]
Predicted melting temperature: [80.48616790771484]
  seed_2015 arm=n8 target=-8 charge=-8.23    Tm=81.14  replicas=[82.3, 80.7, 80.5]
Predicted melting temperature: [82.80333709716797]
Predicted melting temperature: [80.17919921875]
Predicted melting temperature: [83.8144760131836]
  seed_2016 arm=n8 target=-8 charge=-9.26    Tm=82.27  replicas=[82.8, 80.2, 83.8]
Predicted melting temperature: [79.2968978881836]
Predicted melting temperature: [78.92839813232422]
Predicted melting temperature: [78.84894561767578]
  seed_2017 arm=n8 target=-8 charge=-16.35   Tm=79.02  replicas=[79.3, 78.9, 78.8]
Predicted melting temperature: [77.3918685913086]
Predicted melting temperature: [79.33360290527344]
Predicted melting temperature: [76.36044311523438]
  seed_2018 arm=n8 target=-8 charge=-17.42   Tm=77.70  replicas=[77.4, 79.3, 76.4]
Predicted melting temperature: [75.4803695678711]
Predicted melting temperature: [79.02279663085938]
Predicted melting temperature: [80.39643096923828]
  seed_2019 arm=n8 target=-8 charge=-10.52   Tm=78.30  replicas=[75.5, 79.0, 80.4]
Predicted melting temperature: [78.15890502929688]
Predicted melting temperature: [78.46092987060547]
Predicted melting temperature: [80.9372329711914]
  seed_2020 arm=n8 target=-8 charge=-16.24   Tm=79.19  replicas=[78.2, 78.5, 80.9]
Predicted melting temperature: [84.05480194091797]
Predicted melting temperature: [81.27732849121094]
Predicted melting temperature: [84.57039642333984]
  seed_2021 arm=n8 target=-8 charge=-6.93    Tm=83.30  replicas=[84.1, 81.3, 84.6]
Predicted melting temperature: [83.80230712890625]
Predicted melting temperature: [80.93051147460938]
Predicted melting temperature: [83.74047088623047]
  seed_2022 arm=n8 target=-8 charge=-18.18   Tm=82.82  replicas=[83.8, 80.9, 83.7]
Predicted melting temperature: [67.5682144165039]
Predicted melting temperature: [76.34881591796875]
Predicted melting temperature: [66.39459991455078]
  seed_2023 arm=n8 target=-8 charge=-6.24    Tm=70.10  replicas=[67.6, 76.3, 66.4]
Predicted melting temperature: [80.33382415771484]
Predicted melting temperature: [80.47210693359375]
Predicted melting temperature: [81.99048614501953]
  seed_2024 arm=n8 target=-8 charge=-13.49   Tm=80.93  replicas=[80.3, 80.5, 82.0]
Predicted melting temperature: [82.45755004882812]
Predicted melting temperature: [80.8751449584961]
Predicted melting temperature: [84.0722427368164]
  seed_2025 arm=n8 target=-8 charge=-8.16    Tm=82.47  replicas=[82.5, 80.9, 84.1]
Predicted melting temperature: [78.07201385498047]
Predicted melting temperature: [78.72494506835938]
Predicted melting temperature: [82.1274185180664]
  seed_2026 arm=n8 target=-8 charge=-10.13   Tm=79.64  replicas=[78.1, 78.7, 82.1]
Predicted melting temperature: [82.16207122802734]
Predicted melting temperature: [80.29315948486328]
Predicted melting temperature: [79.06622314453125]
  seed_2027 arm=n8 target=-8 charge=-4.35    Tm=80.51  replicas=[82.2, 80.3, 79.1]
Predicted melting temperature: [82.92265319824219]
Predicted melting temperature: [78.52500915527344]
Predicted melting temperature: [82.43292999267578]
  seed_2028 arm=n8 target=-8 charge=-10.31   Tm=81.29  replicas=[82.9, 78.5, 82.4]
Predicted melting temperature: [82.1080093383789]
Predicted melting temperature: [80.98039245605469]
Predicted melting temperature: [83.13097381591797]
  seed_2029 arm=n8 target=-8 charge=-5.98    Tm=82.07  replicas=[82.1, 81.0, 83.1]
Predicted melting temperature: [64.30297088623047]
Predicted melting temperature: [53.8978157043457]
Predicted melting temperature: [60.0755615234375]
  native charge=+0.42                        Tm=59.43  replicas=[64.3, 53.9, 60.1]
  [output/tm_sol_v12_2/seqs/1BJ4/arm_n8/seqs.fa] 已写 output/tm_sol_v12_2/seqs/1BJ4/arm_n8/seqs.fa.tm.csv
Predicted melting temperature: [80.88485717773438]
Predicted melting temperature: [80.35739135742188]
Predicted melting temperature: [81.7824478149414]
  seed_2000 arm=native target=+0 charge=-6   Tm=81.01  replicas=[80.9, 80.4, 81.8]
Predicted melting temperature: [77.983642578125]
Predicted melting temperature: [79.39580535888672]
Predicted melting temperature: [79.42291259765625]
  seed_2001 arm=native target=+0 charge=+1   Tm=78.93  replicas=[78.0, 79.4, 79.4]
Predicted melting temperature: [79.5747299194336]
Predicted melting temperature: [78.2624740600586]
Predicted melting temperature: [78.08734893798828]
  seed_2002 arm=native target=+0 charge=-6   Tm=78.64  replicas=[79.6, 78.3, 78.1]
Predicted melting temperature: [67.5399169921875]
Predicted melting temperature: [77.8486328125]
Predicted melting temperature: [64.23561096191406]
  seed_2003 arm=native target=+0 charge=-2   Tm=69.87  replicas=[67.5, 77.8, 64.2]
Predicted melting temperature: [81.84445190429688]
Predicted melting temperature: [79.58197784423828]
Predicted melting temperature: [79.5711441040039]
  seed_2004 arm=native target=+0 charge=+4   Tm=80.33  replicas=[81.8, 79.6, 79.6]
Predicted melting temperature: [78.8594970703125]
Predicted melting temperature: [78.95664978027344]
Predicted melting temperature: [74.59871673583984]
  seed_2005 arm=native target=+0 charge=-0   Tm=77.47  replicas=[78.9, 79.0, 74.6]
Predicted melting temperature: [75.8331298828125]
Predicted melting temperature: [76.9382095336914]
Predicted melting temperature: [74.72664642333984]
  seed_2006 arm=native target=+0 charge=-0   Tm=75.83  replicas=[75.8, 76.9, 74.7]
Predicted melting temperature: [79.92436981201172]
Predicted melting temperature: [78.986328125]
Predicted melting temperature: [80.73206329345703]
  seed_2007 arm=native target=+0 charge=+4   Tm=79.88  replicas=[79.9, 79.0, 80.7]
Predicted melting temperature: [57.6646728515625]
Predicted melting temperature: [57.782958984375]
Predicted melting temperature: [55.129676818847656]
  seed_2008 arm=native target=+0 charge=+0   Tm=56.86  replicas=[57.7, 57.8, 55.1]
Predicted melting temperature: [76.8703384399414]
Predicted melting temperature: [78.65164184570312]
Predicted melting temperature: [76.78076934814453]
  seed_2009 arm=native target=+0 charge=+1   Tm=77.43  replicas=[76.9, 78.7, 76.8]
Predicted melting temperature: [72.95259094238281]
Predicted melting temperature: [78.83023071289062]
Predicted melting temperature: [72.44910430908203]
  seed_2010 arm=native target=+0 charge=-5   Tm=74.74  replicas=[73.0, 78.8, 72.4]
Predicted melting temperature: [80.22762298583984]
Predicted melting temperature: [80.00910186767578]
Predicted melting temperature: [75.19193267822266]
  seed_2011 arm=native target=+0 charge=+1   Tm=78.48  replicas=[80.2, 80.0, 75.2]
Predicted melting temperature: [83.89781951904297]
Predicted melting temperature: [79.1272201538086]
Predicted melting temperature: [81.60082244873047]
  seed_2012 arm=native target=+0 charge=+0   Tm=81.54  replicas=[83.9, 79.1, 81.6]
Predicted melting temperature: [81.88031768798828]
Predicted melting temperature: [80.55070495605469]
Predicted melting temperature: [78.97759246826172]
  seed_2013 arm=native target=+0 charge=-9   Tm=80.47  replicas=[81.9, 80.6, 79.0]
Predicted melting temperature: [65.44999694824219]
Predicted melting temperature: [76.62019348144531]
Predicted melting temperature: [66.6758041381836]
  seed_2014 arm=native target=+0 charge=+1   Tm=69.58  replicas=[65.4, 76.6, 66.7]
Predicted melting temperature: [79.58364868164062]
Predicted melting temperature: [79.2392578125]
Predicted melting temperature: [80.01415252685547]
  seed_2015 arm=native target=+0 charge=-5   Tm=79.61  replicas=[79.6, 79.2, 80.0]
Predicted melting temperature: [77.60696411132812]
Predicted melting temperature: [78.06346130371094]
Predicted melting temperature: [71.13297271728516]
  seed_2016 arm=native target=+0 charge=-0   Tm=75.60  replicas=[77.6, 78.1, 71.1]
Predicted melting temperature: [79.87761688232422]
Predicted melting temperature: [79.79617309570312]
Predicted melting temperature: [81.23790740966797]
  seed_2017 arm=native target=+0 charge=-1   Tm=80.30  replicas=[79.9, 79.8, 81.2]
Predicted melting temperature: [74.54312896728516]
Predicted melting temperature: [78.42529296875]
Predicted melting temperature: [67.14441680908203]
  seed_2018 arm=native target=+0 charge=-2   Tm=73.37  replicas=[74.5, 78.4, 67.1]
Predicted melting temperature: [64.14844512939453]
Predicted melting temperature: [74.57565307617188]
Predicted melting temperature: [64.3951416015625]
  seed_2019 arm=native target=+0 charge=-4   Tm=67.71  replicas=[64.1, 74.6, 64.4]
Predicted melting temperature: [77.621337890625]
Predicted melting temperature: [78.81571197509766]
Predicted melting temperature: [82.04651641845703]
  seed_2020 arm=native target=+0 charge=-8   Tm=79.49  replicas=[77.6, 78.8, 82.0]
Predicted melting temperature: [82.49526977539062]
Predicted melting temperature: [81.12466430664062]
Predicted melting temperature: [82.65816497802734]
  seed_2021 arm=native target=+0 charge=-3   Tm=82.09  replicas=[82.5, 81.1, 82.7]
Predicted melting temperature: [81.33739471435547]
Predicted melting temperature: [80.90480041503906]
Predicted melting temperature: [79.50215911865234]
  seed_2022 arm=native target=+0 charge=-1   Tm=80.58  replicas=[81.3, 80.9, 79.5]
Predicted melting temperature: [60.63700866699219]
Predicted melting temperature: [72.91612243652344]
Predicted melting temperature: [63.707359313964844]
  seed_2023 arm=native target=+0 charge=+3   Tm=65.75  replicas=[60.6, 72.9, 63.7]
Predicted melting temperature: [77.01844787597656]
Predicted melting temperature: [79.22660827636719]
Predicted melting temperature: [76.27059936523438]
  seed_2024 arm=native target=+0 charge=-6   Tm=77.51  replicas=[77.0, 79.2, 76.3]
Predicted melting temperature: [82.16790771484375]
Predicted melting temperature: [80.6934814453125]
Predicted melting temperature: [83.34326934814453]
  seed_2025 arm=native target=+0 charge=-1   Tm=82.07  replicas=[82.2, 80.7, 83.3]
Predicted melting temperature: [73.81597137451172]
Predicted melting temperature: [77.65022277832031]
Predicted melting temperature: [73.03022003173828]
  seed_2026 arm=native target=+0 charge=-2   Tm=74.83  replicas=[73.8, 77.7, 73.0]
Predicted melting temperature: [80.776123046875]
Predicted melting temperature: [79.30519104003906]
Predicted melting temperature: [79.09749603271484]
  seed_2027 arm=native target=+0 charge=+1   Tm=79.73  replicas=[80.8, 79.3, 79.1]
Predicted melting temperature: [78.20536804199219]
Predicted melting temperature: [77.9676513671875]
Predicted melting temperature: [73.42176055908203]
  seed_2028 arm=native target=+0 charge=+2   Tm=76.53  replicas=[78.2, 78.0, 73.4]
Predicted melting temperature: [70.23873138427734]
Predicted melting temperature: [78.98306274414062]
Predicted melting temperature: [76.23274993896484]
  seed_2029 arm=native target=+0 charge=-1   Tm=75.15  replicas=[70.2, 79.0, 76.2]
Predicted melting temperature: [64.30297088623047]
Predicted melting temperature: [53.8978157043457]
Predicted melting temperature: [60.0755615234375]
  native charge=+0.42                        Tm=59.43  replicas=[64.3, 53.9, 60.1]
  [output/tm_sol_v12_2/seqs/1BJ4/arm_native/seqs.fa] 已写 output/tm_sol_v12_2/seqs/1BJ4/arm_native/seqs.fa.tm.csv
Predicted melting temperature: [64.30297088623047]
Predicted melting temperature: [53.8978157043457]
Predicted melting temperature: [60.0755615234375]
  1BJ4_native L=470                          Tm=59.43  replicas=[64.3, 53.9, 60.1]
  [output/tm_sol_v12_2/seqs/1BJ4/arm_native_ref/seqs.fa] 已写 output/tm_sol_v12_2/seqs/1BJ4/arm_native_ref/seqs.fa.tm.csv
Predicted melting temperature: [78.05152893066406]
Predicted melting temperature: [79.37506103515625]
Predicted melting temperature: [80.8968734741211]
  seed_2000 arm=p2 target=+2 charge=-3.34    Tm=79.44  replicas=[78.1, 79.4, 80.9]
Predicted melting temperature: [78.22720336914062]
Predicted melting temperature: [79.97755432128906]
Predicted melting temperature: [79.28984832763672]
  seed_2001 arm=p2 target=+2 charge=+3.72    Tm=79.16  replicas=[78.2, 80.0, 79.3]
Predicted melting temperature: [78.96128845214844]
Predicted melting temperature: [77.79557800292969]
Predicted melting temperature: [76.26066589355469]
  seed_2002 arm=p2 target=+2 charge=-3.16    Tm=77.67  replicas=[79.0, 77.8, 76.3]
Predicted melting temperature: [63.17162322998047]
Predicted melting temperature: [76.52833557128906]
Predicted melting temperature: [62.84284210205078]
  seed_2003 arm=p2 target=+2 charge=-0.50    Tm=67.51  replicas=[63.2, 76.5, 62.8]
Predicted melting temperature: [80.67539978027344]
Predicted melting temperature: [78.86721801757812]
Predicted melting temperature: [75.97042846679688]
  seed_2004 arm=p2 target=+2 charge=+2.99    Tm=78.50  replicas=[80.7, 78.9, 76.0]
Predicted melting temperature: [74.55845642089844]
Predicted melting temperature: [77.63204956054688]
Predicted melting temperature: [68.9831314086914]
  seed_2005 arm=p2 target=+2 charge=+5.14    Tm=73.72  replicas=[74.6, 77.6, 69.0]
Predicted melting temperature: [73.80498504638672]
Predicted melting temperature: [76.8477783203125]
Predicted melting temperature: [72.97647857666016]
  seed_2006 arm=p2 target=+2 charge=+1.99    Tm=74.54  replicas=[73.8, 76.8, 73.0]
Predicted melting temperature: [78.59056854248047]
Predicted melting temperature: [79.1872329711914]
Predicted melting temperature: [80.09379577636719]
  seed_2007 arm=p2 target=+2 charge=+1.76    Tm=79.29  replicas=[78.6, 79.2, 80.1]
Predicted melting temperature: [59.44035720825195]
Predicted melting temperature: [60.57365417480469]
Predicted melting temperature: [58.88218688964844]
  seed_2008 arm=p2 target=+2 charge=+6.95    Tm=59.63  replicas=[59.4, 60.6, 58.9]
Predicted melting temperature: [75.53301239013672]
Predicted melting temperature: [78.08406066894531]
Predicted melting temperature: [76.90039825439453]
  seed_2009 arm=p2 target=+2 charge=+3.77    Tm=76.84  replicas=[75.5, 78.1, 76.9]
Predicted melting temperature: [65.31254577636719]
Predicted melting temperature: [77.13499450683594]
Predicted melting temperature: [67.53980255126953]
  seed_2010 arm=p2 target=+2 charge=-4.13    Tm=70.00  replicas=[65.3, 77.1, 67.5]
Predicted melting temperature: [82.25301361083984]
Predicted melting temperature: [80.22740936279297]
Predicted melting temperature: [75.39708709716797]
  seed_2011 arm=p2 target=+2 charge=+15.75   Tm=79.29  replicas=[82.3, 80.2, 75.4]
Predicted melting temperature: [83.71612548828125]
Predicted melting temperature: [79.75180053710938]
Predicted melting temperature: [82.31840515136719]
  seed_2012 arm=p2 target=+2 charge=+1.84    Tm=81.93  replicas=[83.7, 79.8, 82.3]
Predicted melting temperature: [81.2875747680664]
Predicted melting temperature: [80.15899658203125]
Predicted melting temperature: [78.34982299804688]
  seed_2013 arm=p2 target=+2 charge=-11.12   Tm=79.93  replicas=[81.3, 80.2, 78.3]
Predicted melting temperature: [66.81221771240234]
Predicted melting temperature: [76.09915161132812]
Predicted melting temperature: [65.6155014038086]
  seed_2014 arm=p2 target=+2 charge=+2.83    Tm=69.51  replicas=[66.8, 76.1, 65.6]
Predicted melting temperature: [81.60883331298828]
Predicted melting temperature: [80.09041595458984]
Predicted melting temperature: [81.03337860107422]
  seed_2015 arm=p2 target=+2 charge=+0.03    Tm=80.91  replicas=[81.6, 80.1, 81.0]
Predicted melting temperature: [75.55178833007812]
Predicted melting temperature: [77.28047943115234]
Predicted melting temperature: [67.2621078491211]
  seed_2016 arm=p2 target=+2 charge=+8.66    Tm=73.36  replicas=[75.6, 77.3, 67.3]
Predicted melting temperature: [75.75074005126953]
Predicted melting temperature: [78.4059066772461]
Predicted melting temperature: [78.68510437011719]
  seed_2017 arm=p2 target=+2 charge=-8.16    Tm=77.61  replicas=[75.8, 78.4, 78.7]
Predicted melting temperature: [74.60942077636719]
Predicted melting temperature: [77.94931030273438]
Predicted melting temperature: [66.98432159423828]
  seed_2018 arm=p2 target=+2 charge=+4.61    Tm=73.18  replicas=[74.6, 77.9, 67.0]
Predicted melting temperature: [64.03343963623047]
Predicted melting temperature: [67.93569946289062]
Predicted melting temperature: [59.71350860595703]
  seed_2019 arm=p2 target=+2 charge=-5.27    Tm=63.89  replicas=[64.0, 67.9, 59.7]
Predicted melting temperature: [77.06941986083984]
Predicted melting temperature: [78.20349884033203]
Predicted melting temperature: [80.12714385986328]
  seed_2020 arm=p2 target=+2 charge=-6.19    Tm=78.47  replicas=[77.1, 78.2, 80.1]
Predicted melting temperature: [82.94482421875]
Predicted melting temperature: [80.90371704101562]
Predicted melting temperature: [82.77913665771484]
  seed_2021 arm=p2 target=+2 charge=-2.01    Tm=82.21  replicas=[82.9, 80.9, 82.8]
Predicted melting temperature: [80.84303283691406]
Predicted melting temperature: [80.91668701171875]
Predicted melting temperature: [82.19074249267578]
  seed_2022 arm=p2 target=+2 charge=-12.21   Tm=81.32  replicas=[80.8, 80.9, 82.2]
Predicted melting temperature: [61.39889907836914]
Predicted melting temperature: [72.81901550292969]
Predicted melting temperature: [63.82895278930664]
  seed_2023 arm=p2 target=+2 charge=+6.76    Tm=66.02  replicas=[61.4, 72.8, 63.8]
Predicted melting temperature: [78.23915100097656]
Predicted melting temperature: [78.98956298828125]
Predicted melting temperature: [75.7089614868164]
  seed_2024 arm=p2 target=+2 charge=-5.38    Tm=77.65  replicas=[78.2, 79.0, 75.7]
Predicted melting temperature: [82.08283233642578]
Predicted melting temperature: [80.55543518066406]
Predicted melting temperature: [83.16426849365234]
  seed_2025 arm=p2 target=+2 charge=-0.27    Tm=81.93  replicas=[82.1, 80.6, 83.2]
Predicted melting temperature: [74.72528839111328]
Predicted melting temperature: [77.7861099243164]
Predicted melting temperature: [77.08197021484375]
  seed_2026 arm=p2 target=+2 charge=-0.06    Tm=76.53  replicas=[74.7, 77.8, 77.1]
Predicted melting temperature: [79.04459381103516]
Predicted melting temperature: [78.3753662109375]
Predicted melting temperature: [74.04332733154297]
  seed_2027 arm=p2 target=+2 charge=+2.76    Tm=77.15  replicas=[79.0, 78.4, 74.0]
Predicted melting temperature: [78.77751159667969]
Predicted melting temperature: [78.3974380493164]
Predicted melting temperature: [77.79409790039062]
  seed_2028 arm=p2 target=+2 charge=+4.69    Tm=78.32  replicas=[78.8, 78.4, 77.8]
Predicted melting temperature: [66.2231674194336]
Predicted melting temperature: [76.73548126220703]
Predicted melting temperature: [64.04071044921875]
  seed_2029 arm=p2 target=+2 charge=-1.97    Tm=69.00  replicas=[66.2, 76.7, 64.0]
Predicted melting temperature: [64.30297088623047]
Predicted melting temperature: [53.8978157043457]
Predicted melting temperature: [60.0755615234375]
  native charge=+0.42                        Tm=59.43  replicas=[64.3, 53.9, 60.1]
  [output/tm_sol_v12_2/seqs/1BJ4/arm_p2/seqs.fa] 已写 output/tm_sol_v12_2/seqs/1BJ4/arm_p2/seqs.fa.tm.csv
Predicted melting temperature: [80.19306945800781]
Predicted melting temperature: [79.61842346191406]
Predicted melting temperature: [83.06717681884766]
  seed_2000 arm=p8 target=+8 charge=+2.73    Tm=80.96  replicas=[80.2, 79.6, 83.1]
Predicted melting temperature: [78.23353576660156]
Predicted melting temperature: [79.76361083984375]
Predicted melting temperature: [78.57085418701172]
  seed_2001 arm=p8 target=+8 charge=+7.73    Tm=78.86  replicas=[78.2, 79.8, 78.6]
Predicted melting temperature: [77.07098388671875]
Predicted melting temperature: [77.39497375488281]
Predicted melting temperature: [74.3891830444336]
  seed_2002 arm=p8 target=+8 charge=+1.87    Tm=76.29  replicas=[77.1, 77.4, 74.4]
Predicted melting temperature: [63.98295974731445]
Predicted melting temperature: [71.50650024414062]
Predicted melting temperature: [61.26300811767578]
  seed_2003 arm=p8 target=+8 charge=+4.69    Tm=65.58  replicas=[64.0, 71.5, 61.3]
Predicted melting temperature: [79.94190216064453]
Predicted melting temperature: [78.47526550292969]
Predicted melting temperature: [75.87421417236328]
  seed_2004 arm=p8 target=+8 charge=+9.02    Tm=78.10  replicas=[79.9, 78.5, 75.9]
Predicted melting temperature: [77.0843734741211]
Predicted melting temperature: [78.4288330078125]
Predicted melting temperature: [77.07593536376953]
  seed_2005 arm=p8 target=+8 charge=+4.95    Tm=77.53  replicas=[77.1, 78.4, 77.1]
Predicted melting temperature: [71.91114807128906]
Predicted melting temperature: [75.85639953613281]
Predicted melting temperature: [71.98601531982422]
  seed_2006 arm=p8 target=+8 charge=+1.96    Tm=73.25  replicas=[71.9, 75.9, 72.0]
Predicted melting temperature: [71.86022186279297]
Predicted melting temperature: [77.21943664550781]
Predicted melting temperature: [81.93757629394531]
  seed_2007 arm=p8 target=+8 charge=+9.72    Tm=77.01  replicas=[71.9, 77.2, 81.9]
Predicted melting temperature: [60.62327575683594]
Predicted melting temperature: [64.25346374511719]
Predicted melting temperature: [60.268943786621094]
  seed_2008 arm=p8 target=+8 charge=+19.94   Tm=61.72  replicas=[60.6, 64.3, 60.3]
Predicted melting temperature: [77.3702392578125]
Predicted melting temperature: [78.68852996826172]
Predicted melting temperature: [77.22021484375]
  seed_2009 arm=p8 target=+8 charge=+20.87   Tm=77.76  replicas=[77.4, 78.7, 77.2]
Predicted melting temperature: [66.85128021240234]
Predicted melting temperature: [77.57011413574219]
Predicted melting temperature: [70.42388916015625]
  seed_2010 arm=p8 target=+8 charge=+5.90    Tm=71.62  replicas=[66.9, 77.6, 70.4]
Predicted melting temperature: [81.1353530883789]
Predicted melting temperature: [79.48265075683594]
Predicted melting temperature: [76.013916015625]
  seed_2011 arm=p8 target=+8 charge=+20.79   Tm=78.88  replicas=[81.1, 79.5, 76.0]
Predicted melting temperature: [82.92473602294922]
Predicted melting temperature: [78.73639678955078]
Predicted melting temperature: [78.08382415771484]
  seed_2012 arm=p8 target=+8 charge=+9.84    Tm=79.91  replicas=[82.9, 78.7, 78.1]
Predicted melting temperature: [81.58116149902344]
Predicted melting temperature: [80.80654907226562]
Predicted melting temperature: [78.91213989257812]
  seed_2013 arm=p8 target=+8 charge=-5.08    Tm=80.43  replicas=[81.6, 80.8, 78.9]
Predicted melting temperature: [77.75732421875]
Predicted melting temperature: [78.01513671875]
Predicted melting temperature: [72.2898941040039]
  seed_2014 arm=p8 target=+8 charge=+15.98   Tm=76.02  replicas=[77.8, 78.0, 72.3]
Predicted melting temperature: [82.13516998291016]
Predicted melting temperature: [79.29734802246094]
Predicted melting temperature: [82.4360122680664]
  seed_2015 arm=p8 target=+8 charge=+5.00    Tm=81.29  replicas=[82.1, 79.3, 82.4]
Predicted melting temperature: [75.9728012084961]
Predicted melting temperature: [77.66107940673828]
Predicted melting temperature: [65.10387420654297]
  seed_2016 arm=p8 target=+8 charge=+9.77    Tm=72.91  replicas=[76.0, 77.7, 65.1]
Predicted melting temperature: [77.03234100341797]
Predicted melting temperature: [78.5639877319336]
Predicted melting temperature: [81.89485931396484]
  seed_2017 arm=p8 target=+8 charge=-2.20    Tm=79.16  replicas=[77.0, 78.6, 81.9]
Predicted melting temperature: [66.88436889648438]
Predicted melting temperature: [73.07125854492188]
Predicted melting temperature: [63.31011962890625]
  seed_2018 arm=p8 target=+8 charge=+5.71    Tm=67.76  replicas=[66.9, 73.1, 63.3]
Predicted melting temperature: [63.73640060424805]
Predicted melting temperature: [58.795684814453125]
Predicted melting temperature: [54.82676696777344]
  seed_2019 arm=p8 target=+8 charge=-1.42    Tm=59.12  replicas=[63.7, 58.8, 54.8]
Predicted melting temperature: [76.25326538085938]
Predicted melting temperature: [77.66799926757812]
Predicted melting temperature: [77.00457000732422]
  seed_2020 arm=p8 target=+8 charge=+4.85    Tm=76.98  replicas=[76.3, 77.7, 77.0]
Predicted melting temperature: [84.12808990478516]
Predicted melting temperature: [80.96739196777344]
Predicted melting temperature: [83.40657043457031]
  seed_2021 arm=p8 target=+8 charge=+9.99    Tm=82.83  replicas=[84.1, 81.0, 83.4]
Predicted melting temperature: [82.77588653564453]
Predicted melting temperature: [80.0767593383789]
Predicted melting temperature: [83.72956085205078]
  seed_2022 arm=p8 target=+8 charge=-2.18    Tm=82.19  replicas=[82.8, 80.1, 83.7]
Predicted melting temperature: [59.657928466796875]
Predicted melting temperature: [72.48409271240234]
Predicted melting temperature: [62.54938888549805]
  seed_2023 arm=p8 target=+8 charge=+10.87   Tm=64.90  replicas=[59.7, 72.5, 62.5]
Predicted melting temperature: [71.58905792236328]
Predicted melting temperature: [77.470458984375]
Predicted melting temperature: [72.83531951904297]
  seed_2024 arm=p8 target=+8 charge=-4.37    Tm=73.96  replicas=[71.6, 77.5, 72.8]
Predicted melting temperature: [81.64368438720703]
Predicted melting temperature: [80.32951354980469]
Predicted melting temperature: [84.52909088134766]
  seed_2025 arm=p8 target=+8 charge=+3.72    Tm=82.17  replicas=[81.6, 80.3, 84.5]
Predicted melting temperature: [76.52079010009766]
Predicted melting temperature: [77.25090026855469]
Predicted melting temperature: [75.23485565185547]
  seed_2026 arm=p8 target=+8 charge=+4.95    Tm=76.34  replicas=[76.5, 77.3, 75.2]
Predicted melting temperature: [79.0889663696289]
Predicted melting temperature: [78.40100860595703]
Predicted melting temperature: [72.81018829345703]
  seed_2027 arm=p8 target=+8 charge=+10.76   Tm=76.77  replicas=[79.1, 78.4, 72.8]
Predicted melting temperature: [78.44229125976562]
Predicted melting temperature: [78.27763366699219]
Predicted melting temperature: [76.50959777832031]
  seed_2028 arm=p8 target=+8 charge=+4.58    Tm=77.74  replicas=[78.4, 78.3, 76.5]
Predicted melting temperature: [76.863037109375]
Predicted melting temperature: [79.57701110839844]
Predicted melting temperature: [79.07978057861328]
  seed_2029 arm=p8 target=+8 charge=+6.99    Tm=78.51  replicas=[76.9, 79.6, 79.1]
Predicted melting temperature: [64.30297088623047]
Predicted melting temperature: [53.8978157043457]
Predicted melting temperature: [60.0755615234375]
  native charge=+0.42                        Tm=59.43  replicas=[64.3, 53.9, 60.1]
  [output/tm_sol_v12_2/seqs/1BJ4/arm_p8/seqs.fa] 已写 output/tm_sol_v12_2/seqs/1BJ4/arm_p8/seqs.fa.tm.csv
Predicted melting temperature: [65.0860595703125]
Predicted melting temperature: [72.69357299804688]
Predicted melting temperature: [68.48363494873047]
  seed_2000 arm=n2 target=-16 charge=-13.9   Tm=68.75  replicas=[65.1, 72.7, 68.5]
Predicted melting temperature: [73.41170501708984]
Predicted melting temperature: [75.05423736572266]
Predicted melting temperature: [79.76500701904297]
  seed_2001 arm=n2 target=-16 charge=-16.9   Tm=76.08  replicas=[73.4, 75.1, 79.8]
Predicted melting temperature: [65.5346450805664]
Predicted melting temperature: [64.32017517089844]
Predicted melting temperature: [64.95924377441406]
  seed_2002 arm=n2 target=-16 charge=-22.0   Tm=64.94  replicas=[65.5, 64.3, 65.0]
Predicted melting temperature: [70.6104507446289]
Predicted melting temperature: [76.52607727050781]
Predicted melting temperature: [79.15283966064453]
  seed_2003 arm=n2 target=-16 charge=-15.9   Tm=75.43  replicas=[70.6, 76.5, 79.2]
Predicted melting temperature: [75.02727508544922]
Predicted melting temperature: [74.18707275390625]
Predicted melting temperature: [80.6944580078125]
  seed_2004 arm=n2 target=-16 charge=-15.9   Tm=76.64  replicas=[75.0, 74.2, 80.7]
Predicted melting temperature: [70.42733764648438]
Predicted melting temperature: [74.25059509277344]
Predicted melting temperature: [73.94661712646484]
  seed_2005 arm=n2 target=-16 charge=-13.9   Tm=72.87  replicas=[70.4, 74.3, 73.9]
Predicted melting temperature: [75.01464080810547]
Predicted melting temperature: [75.6506118774414]
Predicted melting temperature: [77.85011291503906]
  seed_2006 arm=n2 target=-16 charge=-15.9   Tm=76.17  replicas=[75.0, 75.7, 77.9]
Predicted melting temperature: [71.99260711669922]
Predicted melting temperature: [75.14976501464844]
Predicted melting temperature: [81.2464599609375]
  seed_2007 arm=n2 target=-16 charge=-21.9   Tm=76.13  replicas=[72.0, 75.1, 81.2]
Predicted melting temperature: [71.43612670898438]
Predicted melting temperature: [76.63568115234375]
Predicted melting temperature: [76.99799346923828]
  seed_2008 arm=n2 target=-16 charge=-10.9   Tm=75.02  replicas=[71.4, 76.6, 77.0]
Predicted melting temperature: [66.66679382324219]
Predicted melting temperature: [73.19369506835938]
Predicted melting temperature: [77.61771392822266]
  seed_2009 arm=n2 target=-16 charge=-17.3   Tm=72.49  replicas=[66.7, 73.2, 77.6]
Predicted melting temperature: [75.6400375366211]
Predicted melting temperature: [76.66230010986328]
Predicted melting temperature: [80.04529571533203]
  seed_2010 arm=n2 target=-16 charge=-17.9   Tm=77.45  replicas=[75.6, 76.7, 80.0]
Predicted melting temperature: [62.13700485229492]
Predicted melting temperature: [60.62919616699219]
Predicted melting temperature: [55.01415252685547]
  seed_2011 arm=n2 target=-16 charge=-19.7   Tm=59.26  replicas=[62.1, 60.6, 55.0]
Predicted melting temperature: [75.54910278320312]
Predicted melting temperature: [78.80374908447266]
Predicted melting temperature: [82.63579559326172]
  seed_2012 arm=n2 target=-16 charge=-21.9   Tm=79.00  replicas=[75.5, 78.8, 82.6]
Predicted melting temperature: [73.19073486328125]
Predicted melting temperature: [74.70454406738281]
Predicted melting temperature: [78.48787689208984]
  seed_2013 arm=n2 target=-16 charge=-23.9   Tm=75.46  replicas=[73.2, 74.7, 78.5]
Predicted melting temperature: [71.79872131347656]
Predicted melting temperature: [72.5891342163086]
Predicted melting temperature: [72.8865737915039]
  seed_2014 arm=n2 target=-16 charge=-15.9   Tm=72.42  replicas=[71.8, 72.6, 72.9]
Predicted melting temperature: [75.41832733154297]
Predicted melting temperature: [75.07001495361328]
Predicted melting temperature: [80.49542999267578]
  seed_2015 arm=n2 target=-16 charge=-12.9   Tm=76.99  replicas=[75.4, 75.1, 80.5]
Predicted melting temperature: [82.19581604003906]
Predicted melting temperature: [76.97100830078125]
Predicted melting temperature: [81.39065551757812]
  seed_2016 arm=n2 target=-16 charge=-11.9   Tm=80.19  replicas=[82.2, 77.0, 81.4]
Predicted melting temperature: [74.04813385009766]
Predicted melting temperature: [74.40703582763672]
Predicted melting temperature: [76.2986831665039]
  seed_2017 arm=n2 target=-16 charge=-28.8   Tm=74.92  replicas=[74.0, 74.4, 76.3]
Predicted melting temperature: [70.92620086669922]
Predicted melting temperature: [72.36285400390625]
Predicted melting temperature: [63.973960876464844]
  seed_2018 arm=n2 target=-16 charge=-19.8   Tm=69.09  replicas=[70.9, 72.4, 64.0]
Predicted melting temperature: [73.30150604248047]
Predicted melting temperature: [73.76054382324219]
Predicted melting temperature: [74.10787200927734]
  seed_2019 arm=n2 target=-16 charge=-19.9   Tm=73.72  replicas=[73.3, 73.8, 74.1]
Predicted melting temperature: [75.18069458007812]
Predicted melting temperature: [77.47149658203125]
Predicted melting temperature: [79.25860595703125]
  seed_2020 arm=n2 target=-16 charge=-12.9   Tm=77.30  replicas=[75.2, 77.5, 79.3]
Predicted melting temperature: [69.46017456054688]
Predicted melting temperature: [72.77873992919922]
Predicted melting temperature: [74.1038589477539]
  seed_2021 arm=n2 target=-16 charge=-22.9   Tm=72.11  replicas=[69.5, 72.8, 74.1]
Predicted melting temperature: [69.49752807617188]
Predicted melting temperature: [71.62883758544922]
Predicted melting temperature: [62.56658172607422]
  seed_2022 arm=n2 target=-16 charge=-13.9   Tm=67.90  replicas=[69.5, 71.6, 62.6]
Predicted melting temperature: [65.99017333984375]
Predicted melting temperature: [62.9442024230957]
Predicted melting temperature: [56.64024353027344]
  seed_2023 arm=n2 target=-16 charge=-12.1   Tm=61.86  replicas=[66.0, 62.9, 56.6]
Predicted melting temperature: [70.81301879882812]
Predicted melting temperature: [66.87106323242188]
Predicted melting temperature: [77.08893585205078]
  seed_2024 arm=n2 target=-16 charge=-23.7   Tm=71.59  replicas=[70.8, 66.9, 77.1]
Predicted melting temperature: [73.35506439208984]
Predicted melting temperature: [75.43819427490234]
Predicted melting temperature: [75.30445098876953]
  seed_2025 arm=n2 target=-16 charge=-21.9   Tm=74.70  replicas=[73.4, 75.4, 75.3]
Predicted melting temperature: [71.9649429321289]
Predicted melting temperature: [73.37421417236328]
Predicted melting temperature: [80.56806182861328]
  seed_2026 arm=n2 target=-16 charge=-23.8   Tm=75.30  replicas=[72.0, 73.4, 80.6]
Predicted melting temperature: [69.78459167480469]
Predicted melting temperature: [72.51058959960938]
Predicted melting temperature: [69.64984893798828]
  seed_2027 arm=n2 target=-16 charge=-17.2   Tm=70.65  replicas=[69.8, 72.5, 69.6]
Predicted melting temperature: [73.38552856445312]
Predicted melting temperature: [75.05270385742188]
Predicted melting temperature: [72.5231704711914]
  seed_2028 arm=n2 target=-16 charge=-15.8   Tm=73.65  replicas=[73.4, 75.1, 72.5]
Predicted melting temperature: [68.40826416015625]
Predicted melting temperature: [74.00765991210938]
Predicted melting temperature: [68.95874786376953]
  seed_2029 arm=n2 target=-16 charge=-13.0   Tm=70.46  replicas=[68.4, 74.0, 69.0]
Predicted melting temperature: [56.83778381347656]
Predicted melting temperature: [69.1835708618164]
Predicted melting temperature: [58.65082550048828]
  native charge=-14.31                       Tm=61.56  replicas=[56.8, 69.2, 58.7]
  [output/tm_sol_v12_2/seqs/1C6O/arm_n2/seqs.fa] 已写 output/tm_sol_v12_2/seqs/1C6O/arm_n2/seqs.fa.tm.csv
Predicted melting temperature: [70.22695922851562]
Predicted melting temperature: [73.02525329589844]
Predicted melting temperature: [77.28253173828125]
  seed_2000 arm=n8 target=-22 charge=-20.9   Tm=73.51  replicas=[70.2, 73.0, 77.3]
Predicted melting temperature: [70.64419555664062]
Predicted melting temperature: [75.65794372558594]
Predicted melting temperature: [79.9678726196289]
  seed_2001 arm=n8 target=-22 charge=-31.9   Tm=75.42  replicas=[70.6, 75.7, 80.0]
Predicted melting temperature: [72.58596801757812]
Predicted melting temperature: [72.25406646728516]
Predicted melting temperature: [80.86941528320312]
  seed_2002 arm=n8 target=-22 charge=-34.0   Tm=75.24  replicas=[72.6, 72.3, 80.9]
Predicted melting temperature: [74.25865936279297]
Predicted melting temperature: [76.43455505371094]
Predicted melting temperature: [81.32645416259766]
  seed_2003 arm=n8 target=-22 charge=-22.0   Tm=77.34  replicas=[74.3, 76.4, 81.3]
Predicted melting temperature: [80.17269134521484]
Predicted melting temperature: [77.070556640625]
Predicted melting temperature: [83.34305572509766]
  seed_2004 arm=n8 target=-22 charge=-28.9   Tm=80.20  replicas=[80.2, 77.1, 83.3]
Predicted melting temperature: [80.34677124023438]
Predicted melting temperature: [76.29914093017578]
Predicted melting temperature: [82.46631622314453]
  seed_2005 arm=n8 target=-22 charge=-26.8   Tm=79.70  replicas=[80.3, 76.3, 82.5]
Predicted melting temperature: [77.570068359375]
Predicted melting temperature: [76.26277923583984]
Predicted melting temperature: [80.52630615234375]
  seed_2006 arm=n8 target=-22 charge=-21.9   Tm=78.12  replicas=[77.6, 76.3, 80.5]
Predicted melting temperature: [77.55056762695312]
Predicted melting temperature: [75.67361450195312]
Predicted melting temperature: [81.33993530273438]
  seed_2007 arm=n8 target=-22 charge=-26.9   Tm=78.19  replicas=[77.6, 75.7, 81.3]
Predicted melting temperature: [74.86283874511719]
Predicted melting temperature: [76.36053466796875]
Predicted melting temperature: [79.5901107788086]
  seed_2008 arm=n8 target=-22 charge=-22.9   Tm=76.94  replicas=[74.9, 76.4, 79.6]
Predicted melting temperature: [71.75194549560547]
Predicted melting temperature: [73.10932922363281]
Predicted melting temperature: [81.60665130615234]
  seed_2009 arm=n8 target=-22 charge=-25.1   Tm=75.49  replicas=[71.8, 73.1, 81.6]
Predicted melting temperature: [72.79798889160156]
Predicted melting temperature: [74.56779479980469]
Predicted melting temperature: [77.37065124511719]
  seed_2010 arm=n8 target=-22 charge=-27.9   Tm=74.91  replicas=[72.8, 74.6, 77.4]
Predicted melting temperature: [64.15618133544922]
Predicted melting temperature: [68.71952819824219]
Predicted melting temperature: [70.01673889160156]
  seed_2011 arm=n8 target=-22 charge=-27.9   Tm=67.63  replicas=[64.2, 68.7, 70.0]
Predicted melting temperature: [79.16498565673828]
Predicted melting temperature: [77.31672668457031]
Predicted melting temperature: [81.29835510253906]
  seed_2012 arm=n8 target=-22 charge=-32.9   Tm=79.26  replicas=[79.2, 77.3, 81.3]
Predicted melting temperature: [76.54635620117188]
Predicted melting temperature: [75.53913116455078]
Predicted melting temperature: [82.00606536865234]
  seed_2013 arm=n8 target=-22 charge=-33.9   Tm=78.03  replicas=[76.5, 75.5, 82.0]
Predicted melting temperature: [73.4269027709961]
Predicted melting temperature: [67.99021911621094]
Predicted melting temperature: [75.2963638305664]
  seed_2014 arm=n8 target=-22 charge=-35.9   Tm=72.24  replicas=[73.4, 68.0, 75.3]
Predicted melting temperature: [75.3074951171875]
Predicted melting temperature: [76.03082275390625]
Predicted melting temperature: [80.57984161376953]
  seed_2015 arm=n8 target=-22 charge=-23.9   Tm=77.31  replicas=[75.3, 76.0, 80.6]
Predicted melting temperature: [79.23140716552734]
Predicted melting temperature: [76.61907958984375]
Predicted melting temperature: [81.61003875732422]
  seed_2016 arm=n8 target=-22 charge=-23.9   Tm=79.15  replicas=[79.2, 76.6, 81.6]
Predicted melting temperature: [75.98648834228516]
Predicted melting temperature: [75.60252380371094]
Predicted melting temperature: [80.59386444091797]
  seed_2017 arm=n8 target=-22 charge=-34.9   Tm=77.39  replicas=[76.0, 75.6, 80.6]
Predicted melting temperature: [71.1494140625]
Predicted melting temperature: [73.72865295410156]
Predicted melting temperature: [75.92405700683594]
  seed_2018 arm=n8 target=-22 charge=-24.9   Tm=73.60  replicas=[71.1, 73.7, 75.9]
Predicted melting temperature: [76.99840545654297]
Predicted melting temperature: [75.04757690429688]
Predicted melting temperature: [81.43411254882812]
  seed_2019 arm=n8 target=-22 charge=-24.9   Tm=77.83  replicas=[77.0, 75.0, 81.4]
Predicted melting temperature: [75.55786895751953]
Predicted melting temperature: [75.28587341308594]
Predicted melting temperature: [80.0586166381836]
  seed_2020 arm=n8 target=-22 charge=-22.9   Tm=76.97  replicas=[75.6, 75.3, 80.1]
Predicted melting temperature: [74.16849517822266]
Predicted melting temperature: [73.00775146484375]
Predicted melting temperature: [80.30579376220703]
  seed_2021 arm=n8 target=-22 charge=-32.9   Tm=75.83  replicas=[74.2, 73.0, 80.3]
Predicted melting temperature: [74.8503646850586]
Predicted melting temperature: [73.81301879882812]
Predicted melting temperature: [76.90499877929688]
  seed_2022 arm=n8 target=-22 charge=-19.9   Tm=75.19  replicas=[74.9, 73.8, 76.9]
Predicted melting temperature: [66.99102020263672]
Predicted melting temperature: [70.83982849121094]
Predicted melting temperature: [60.86504364013672]
  seed_2023 arm=n8 target=-22 charge=-18.9   Tm=66.23  replicas=[67.0, 70.8, 60.9]
Predicted melting temperature: [71.00279998779297]
Predicted melting temperature: [75.99750518798828]
Predicted melting temperature: [81.88450622558594]
  seed_2024 arm=n8 target=-22 charge=-25.8   Tm=76.29  replicas=[71.0, 76.0, 81.9]
Predicted melting temperature: [76.88050842285156]
Predicted melting temperature: [76.37239074707031]
Predicted melting temperature: [81.16625213623047]
  seed_2025 arm=n8 target=-22 charge=-25.9   Tm=78.14  replicas=[76.9, 76.4, 81.2]
Predicted melting temperature: [76.76300048828125]
Predicted melting temperature: [72.60049438476562]
Predicted melting temperature: [78.8852310180664]
  seed_2026 arm=n8 target=-22 charge=-34.9   Tm=76.08  replicas=[76.8, 72.6, 78.9]
Predicted melting temperature: [75.1171646118164]
Predicted melting temperature: [73.24583435058594]
Predicted melting temperature: [80.19610595703125]
  seed_2027 arm=n8 target=-22 charge=-22.2   Tm=76.19  replicas=[75.1, 73.2, 80.2]
Predicted melting temperature: [73.58245849609375]
Predicted melting temperature: [74.632080078125]
Predicted melting temperature: [77.73919677734375]
  seed_2028 arm=n8 target=-22 charge=-25.8   Tm=75.32  replicas=[73.6, 74.6, 77.7]
Predicted melting temperature: [74.26197052001953]
Predicted melting temperature: [75.11479187011719]
Predicted melting temperature: [80.92105865478516]
  seed_2029 arm=n8 target=-22 charge=-25.9   Tm=76.77  replicas=[74.3, 75.1, 80.9]
Predicted melting temperature: [56.83778381347656]
Predicted melting temperature: [69.1835708618164]
Predicted melting temperature: [58.65082550048828]
  native charge=-14.31                       Tm=61.56  replicas=[56.8, 69.2, 58.7]
  [output/tm_sol_v12_2/seqs/1C6O/arm_n8/seqs.fa] 已写 output/tm_sol_v12_2/seqs/1C6O/arm_n8/seqs.fa.tm.csv
Predicted melting temperature: [65.1776123046875]
Predicted melting temperature: [73.17728424072266]
Predicted melting temperature: [61.649513244628906]
  seed_2000 arm=native target=-14 charge=-   Tm=66.67  replicas=[65.2, 73.2, 61.6]
Predicted melting temperature: [75.4729995727539]
Predicted melting temperature: [76.41029357910156]
Predicted melting temperature: [81.3176040649414]
  seed_2001 arm=native target=-14 charge=-   Tm=77.73  replicas=[75.5, 76.4, 81.3]
Predicted melting temperature: [67.82909393310547]
Predicted melting temperature: [67.20370483398438]
Predicted melting temperature: [69.47956085205078]
  seed_2002 arm=native target=-14 charge=-   Tm=68.17  replicas=[67.8, 67.2, 69.5]
Predicted melting temperature: [77.20072174072266]
Predicted melting temperature: [76.53557586669922]
Predicted melting temperature: [75.19898223876953]
  seed_2003 arm=native target=-14 charge=-   Tm=76.31  replicas=[77.2, 76.5, 75.2]
Predicted melting temperature: [70.93932342529297]
Predicted melting temperature: [73.19061279296875]
Predicted melting temperature: [69.68423461914062]
  seed_2004 arm=native target=-14 charge=-   Tm=71.27  replicas=[70.9, 73.2, 69.7]
Predicted melting temperature: [71.36614990234375]
Predicted melting temperature: [74.90167999267578]
Predicted melting temperature: [69.34746551513672]
  seed_2005 arm=native target=-14 charge=-   Tm=71.87  replicas=[71.4, 74.9, 69.3]
Predicted melting temperature: [74.88245391845703]
Predicted melting temperature: [75.1025161743164]
Predicted melting temperature: [80.8665771484375]
  seed_2006 arm=native target=-14 charge=-   Tm=76.95  replicas=[74.9, 75.1, 80.9]
Predicted melting temperature: [72.9212875366211]
Predicted melting temperature: [75.31089782714844]
Predicted melting temperature: [72.16112518310547]
  seed_2007 arm=native target=-14 charge=-   Tm=73.46  replicas=[72.9, 75.3, 72.2]
Predicted melting temperature: [71.30625915527344]
Predicted melting temperature: [76.69674682617188]
Predicted melting temperature: [79.34160614013672]
  seed_2008 arm=native target=-14 charge=-   Tm=75.78  replicas=[71.3, 76.7, 79.3]
Predicted melting temperature: [76.00729370117188]
Predicted melting temperature: [75.32350158691406]
Predicted melting temperature: [80.1555404663086]
  seed_2009 arm=native target=-14 charge=-   Tm=77.16  replicas=[76.0, 75.3, 80.2]
Predicted melting temperature: [72.88883972167969]
Predicted melting temperature: [75.70263671875]
Predicted melting temperature: [76.27544403076172]
  seed_2010 arm=native target=-14 charge=-   Tm=74.96  replicas=[72.9, 75.7, 76.3]
Predicted melting temperature: [64.53324127197266]
Predicted melting temperature: [60.777137756347656]
Predicted melting temperature: [59.22547912597656]
  seed_2011 arm=native target=-14 charge=-   Tm=61.51  replicas=[64.5, 60.8, 59.2]
Predicted melting temperature: [77.11986541748047]
Predicted melting temperature: [76.46862030029297]
Predicted melting temperature: [80.3240737915039]
  seed_2012 arm=native target=-14 charge=-   Tm=77.97  replicas=[77.1, 76.5, 80.3]
Predicted melting temperature: [70.43238067626953]
Predicted melting temperature: [70.3115005493164]
Predicted melting temperature: [60.331787109375]
  seed_2013 arm=native target=-14 charge=-   Tm=67.03  replicas=[70.4, 70.3, 60.3]
Predicted melting temperature: [72.0920639038086]
Predicted melting temperature: [75.48397827148438]
Predicted melting temperature: [76.7658920288086]
  seed_2014 arm=native target=-14 charge=-   Tm=74.78  replicas=[72.1, 75.5, 76.8]
Predicted melting temperature: [74.7401351928711]
Predicted melting temperature: [73.42538452148438]
Predicted melting temperature: [78.7186279296875]
  seed_2015 arm=native target=-14 charge=-   Tm=75.63  replicas=[74.7, 73.4, 78.7]
Predicted melting temperature: [81.66879272460938]
Predicted melting temperature: [75.54988098144531]
Predicted melting temperature: [81.34898376464844]
  seed_2016 arm=native target=-14 charge=-   Tm=79.52  replicas=[81.7, 75.5, 81.3]
Predicted melting temperature: [71.99805450439453]
Predicted melting temperature: [73.61236572265625]
Predicted melting temperature: [76.46668243408203]
  seed_2017 arm=native target=-14 charge=-   Tm=74.03  replicas=[72.0, 73.6, 76.5]
Predicted melting temperature: [69.59486389160156]
Predicted melting temperature: [70.07064819335938]
Predicted melting temperature: [63.85401153564453]
  seed_2018 arm=native target=-14 charge=-   Tm=67.84  replicas=[69.6, 70.1, 63.9]
Predicted melting temperature: [74.34324645996094]
Predicted melting temperature: [65.92727661132812]
Predicted melting temperature: [64.07268524169922]
  seed_2019 arm=native target=-14 charge=-   Tm=68.11  replicas=[74.3, 65.9, 64.1]
Predicted melting temperature: [74.02136993408203]
Predicted melting temperature: [75.99230194091797]
Predicted melting temperature: [75.69080352783203]
  seed_2020 arm=native target=-14 charge=-   Tm=75.23  replicas=[74.0, 76.0, 75.7]
Predicted melting temperature: [71.86408233642578]
Predicted melting temperature: [72.52787780761719]
Predicted melting temperature: [68.41146850585938]
  seed_2021 arm=native target=-14 charge=-   Tm=70.93  replicas=[71.9, 72.5, 68.4]
Predicted melting temperature: [70.50657653808594]
Predicted melting temperature: [71.90275573730469]
Predicted melting temperature: [63.143062591552734]
  seed_2022 arm=native target=-14 charge=-   Tm=68.52  replicas=[70.5, 71.9, 63.1]
Predicted melting temperature: [64.83100891113281]
Predicted melting temperature: [63.9338264465332]
Predicted melting temperature: [60.89902114868164]
  seed_2023 arm=native target=-14 charge=-   Tm=63.22  replicas=[64.8, 63.9, 60.9]
Predicted melting temperature: [69.95164489746094]
Predicted melting temperature: [71.50377655029297]
Predicted melting temperature: [80.08039855957031]
  seed_2024 arm=native target=-14 charge=-   Tm=73.85  replicas=[70.0, 71.5, 80.1]
Predicted melting temperature: [71.10508728027344]
Predicted melting temperature: [70.37181091308594]
Predicted melting temperature: [69.66228485107422]
  seed_2025 arm=native target=-14 charge=-   Tm=70.38  replicas=[71.1, 70.4, 69.7]
Predicted melting temperature: [71.48284149169922]
Predicted melting temperature: [73.39002990722656]
Predicted melting temperature: [75.53547668457031]
  seed_2026 arm=native target=-14 charge=-   Tm=73.47  replicas=[71.5, 73.4, 75.5]
Predicted melting temperature: [73.20206451416016]
Predicted melting temperature: [74.81365203857422]
Predicted melting temperature: [78.15496063232422]
  seed_2027 arm=native target=-14 charge=-   Tm=75.39  replicas=[73.2, 74.8, 78.2]
Predicted melting temperature: [74.06368255615234]
Predicted melting temperature: [74.46917724609375]
Predicted melting temperature: [58.054443359375]
  seed_2028 arm=native target=-14 charge=-   Tm=68.86  replicas=[74.1, 74.5, 58.1]
Predicted melting temperature: [75.8238296508789]
Predicted melting temperature: [76.25363159179688]
Predicted melting temperature: [73.61245727539062]
  seed_2029 arm=native target=-14 charge=-   Tm=75.23  replicas=[75.8, 76.3, 73.6]
Predicted melting temperature: [56.83778381347656]
Predicted melting temperature: [69.1835708618164]
Predicted melting temperature: [58.65082550048828]
  native charge=-14.31                       Tm=61.56  replicas=[56.8, 69.2, 58.7]
  [output/tm_sol_v12_2/seqs/1C6O/arm_native/seqs.fa] 已写 output/tm_sol_v12_2/seqs/1C6O/arm_native/seqs.fa.tm.csv
Predicted melting temperature: [56.83778381347656]
Predicted melting temperature: [69.1835708618164]
Predicted melting temperature: [58.65082550048828]
  1C6O_native L=177                          Tm=61.56  replicas=[56.8, 69.2, 58.7]
  [output/tm_sol_v12_2/seqs/1C6O/arm_native_ref/seqs.fa] 已写 output/tm_sol_v12_2/seqs/1C6O/arm_native_ref/seqs.fa.tm.csv
Predicted melting temperature: [66.08077239990234]
Predicted melting temperature: [75.41140747070312]
Predicted melting temperature: [66.1937484741211]
  seed_2000 arm=p2 target=-12 charge=-8.98   Tm=69.23  replicas=[66.1, 75.4, 66.2]
Predicted melting temperature: [77.5006103515625]
Predicted melting temperature: [77.13027954101562]
Predicted melting temperature: [81.35269165039062]
  seed_2001 arm=p2 target=-12 charge=-8.97   Tm=78.66  replicas=[77.5, 77.1, 81.4]
Predicted melting temperature: [69.66793823242188]
Predicted melting temperature: [62.87448501586914]
Predicted melting temperature: [59.17311096191406]
  seed_2002 arm=p2 target=-12 charge=-14.9   Tm=63.91  replicas=[69.7, 62.9, 59.2]
Predicted melting temperature: [75.17815399169922]
Predicted melting temperature: [77.7254867553711]
Predicted melting temperature: [81.50713348388672]
  seed_2003 arm=p2 target=-12 charge=-12.0   Tm=78.14  replicas=[75.2, 77.7, 81.5]
Predicted melting temperature: [64.66280364990234]
Predicted melting temperature: [64.02906799316406]
Predicted melting temperature: [55.82543182373047]
  seed_2004 arm=p2 target=-12 charge=-9.94   Tm=61.51  replicas=[64.7, 64.0, 55.8]
Predicted melting temperature: [72.86895751953125]
Predicted melting temperature: [74.05701446533203]
Predicted melting temperature: [68.62743377685547]
  seed_2005 arm=p2 target=-12 charge=-4.94   Tm=71.85  replicas=[72.9, 74.1, 68.6]
Predicted melting temperature: [77.51915740966797]
Predicted melting temperature: [75.64468383789062]
Predicted melting temperature: [79.028076171875]
  seed_2006 arm=p2 target=-12 charge=-9.97   Tm=77.40  replicas=[77.5, 75.6, 79.0]
Predicted melting temperature: [66.3003158569336]
Predicted melting temperature: [70.92242431640625]
Predicted melting temperature: [59.33718490600586]
  seed_2007 arm=p2 target=-12 charge=-13.9   Tm=65.52  replicas=[66.3, 70.9, 59.3]
Predicted melting temperature: [70.63127899169922]
Predicted melting temperature: [77.22457122802734]
Predicted melting temperature: [79.83065032958984]
  seed_2008 arm=p2 target=-12 charge=-8.89   Tm=75.90  replicas=[70.6, 77.2, 79.8]
Predicted melting temperature: [76.92387390136719]
Predicted melting temperature: [76.31491088867188]
Predicted melting temperature: [80.63300323486328]
  seed_2009 arm=p2 target=-12 charge=-13.9   Tm=77.96  replicas=[76.9, 76.3, 80.6]
Predicted melting temperature: [74.06945037841797]
Predicted melting temperature: [76.07907104492188]
Predicted melting temperature: [73.75621032714844]
  seed_2010 arm=p2 target=-12 charge=-7.98   Tm=74.63  replicas=[74.1, 76.1, 73.8]
Predicted melting temperature: [63.43973922729492]
Predicted melting temperature: [65.1166763305664]
Predicted melting temperature: [56.93335723876953]
  seed_2011 arm=p2 target=-12 charge=-17.8   Tm=61.83  replicas=[63.4, 65.1, 56.9]
Predicted melting temperature: [77.1309585571289]
Predicted melting temperature: [75.85372924804688]
Predicted melting temperature: [61.64693069458008]
  seed_2012 arm=p2 target=-12 charge=-11.9   Tm=71.54  replicas=[77.1, 75.9, 61.6]
Predicted melting temperature: [71.05182647705078]
Predicted melting temperature: [68.39714050292969]
Predicted melting temperature: [54.893428802490234]
  seed_2013 arm=p2 target=-12 charge=-17.9   Tm=64.78  replicas=[71.1, 68.4, 54.9]
Predicted melting temperature: [63.032127380371094]
Predicted melting temperature: [65.30659484863281]
Predicted melting temperature: [59.632286071777344]
  seed_2014 arm=p2 target=-12 charge=-3.97   Tm=62.66  replicas=[63.0, 65.3, 59.6]
Predicted melting temperature: [71.43695068359375]
Predicted melting temperature: [74.40568542480469]
Predicted melting temperature: [76.63880157470703]
  seed_2015 arm=p2 target=-12 charge=-10.9   Tm=74.16  replicas=[71.4, 74.4, 76.6]
Predicted melting temperature: [78.40853881835938]
Predicted melting temperature: [74.0096206665039]
Predicted melting temperature: [78.59308624267578]
  seed_2016 arm=p2 target=-12 charge=-9.89   Tm=77.00  replicas=[78.4, 74.0, 78.6]
Predicted melting temperature: [69.3324966430664]
Predicted melting temperature: [70.32649993896484]
Predicted melting temperature: [62.42391586303711]
  seed_2017 arm=p2 target=-12 charge=-23.9   Tm=67.36  replicas=[69.3, 70.3, 62.4]
Predicted melting temperature: [69.725830078125]
Predicted melting temperature: [69.44322204589844]
Predicted melting temperature: [66.70662689208984]
  seed_2018 arm=p2 target=-12 charge=-13.9   Tm=68.63  replicas=[69.7, 69.4, 66.7]
Predicted melting temperature: [76.16252899169922]
Predicted melting temperature: [72.55381774902344]
Predicted melting temperature: [71.77519226074219]
  seed_2019 arm=p2 target=-12 charge=-7.89   Tm=73.50  replicas=[76.2, 72.6, 71.8]
Predicted melting temperature: [74.52140808105469]
Predicted melting temperature: [73.92388153076172]
Predicted melting temperature: [67.4035873413086]
  seed_2020 arm=p2 target=-12 charge=-8.97   Tm=71.95  replicas=[74.5, 73.9, 67.4]
Predicted melting temperature: [76.26993560791016]
Predicted melting temperature: [73.134033203125]
Predicted melting temperature: [59.784767150878906]
  seed_2021 arm=p2 target=-12 charge=-14.9   Tm=69.73  replicas=[76.3, 73.1, 59.8]
Predicted melting temperature: [66.37996673583984]
Predicted melting temperature: [73.828369140625]
Predicted melting temperature: [76.59807586669922]
  seed_2022 arm=p2 target=-12 charge=-9.97   Tm=72.27  replicas=[66.4, 73.8, 76.6]
Predicted melting temperature: [64.95903015136719]
Predicted melting temperature: [62.99212646484375]
Predicted melting temperature: [56.965633392333984]
  seed_2023 arm=p2 target=-12 charge=-6.90   Tm=61.64  replicas=[65.0, 63.0, 57.0]
Predicted melting temperature: [71.26583099365234]
Predicted melting temperature: [74.19943237304688]
Predicted melting temperature: [80.7578125]
  seed_2024 arm=p2 target=-12 charge=-16.8   Tm=75.41  replicas=[71.3, 74.2, 80.8]
Predicted melting temperature: [70.44024658203125]
Predicted melting temperature: [72.61022186279297]
Predicted melting temperature: [76.72227478027344]
  seed_2025 arm=p2 target=-12 charge=-11.9   Tm=73.26  replicas=[70.4, 72.6, 76.7]
Predicted melting temperature: [70.48341369628906]
Predicted melting temperature: [74.85247802734375]
Predicted melting temperature: [76.51534271240234]
  seed_2026 arm=p2 target=-12 charge=-17.9   Tm=73.95  replicas=[70.5, 74.9, 76.5]
Predicted melting temperature: [72.44489288330078]
Predicted melting temperature: [74.2815170288086]
Predicted melting temperature: [71.3566665649414]
  seed_2027 arm=p2 target=-12 charge=-12.0   Tm=72.69  replicas=[72.4, 74.3, 71.4]
Predicted melting temperature: [65.0317611694336]
Predicted melting temperature: [67.3521728515625]
Predicted melting temperature: [60.14222717285156]
  seed_2028 arm=p2 target=-12 charge=-3.90   Tm=64.18  replicas=[65.0, 67.4, 60.1]
Predicted melting temperature: [74.84481811523438]
Predicted melting temperature: [75.1185302734375]
Predicted melting temperature: [67.42202758789062]
  seed_2029 arm=p2 target=-12 charge=-12.0   Tm=72.46  replicas=[74.8, 75.1, 67.4]
Predicted melting temperature: [56.83778381347656]
Predicted melting temperature: [69.1835708618164]
Predicted melting temperature: [58.65082550048828]
  native charge=-14.31                       Tm=61.56  replicas=[56.8, 69.2, 58.7]
  [output/tm_sol_v12_2/seqs/1C6O/arm_p2/seqs.fa] 已写 output/tm_sol_v12_2/seqs/1C6O/arm_p2/seqs.fa.tm.csv
Predicted melting temperature: [69.76874542236328]
Predicted melting temperature: [75.01260375976562]
Predicted melting temperature: [76.06951904296875]
  seed_2000 arm=p8 target=-6 charge=-4.94    Tm=73.62  replicas=[69.8, 75.0, 76.1]
Predicted melting temperature: [62.3571662902832]
Predicted melting temperature: [61.68896484375]
Predicted melting temperature: [57.741756439208984]
  seed_2001 arm=p8 target=-6 charge=-2.97    Tm=60.60  replicas=[62.4, 61.7, 57.7]
Predicted melting temperature: [63.804412841796875]
Predicted melting temperature: [62.401817321777344]
Predicted melting temperature: [52.08944320678711]
  seed_2002 arm=p8 target=-6 charge=-4.02    Tm=59.43  replicas=[63.8, 62.4, 52.1]
Predicted melting temperature: [65.83905792236328]
Predicted melting temperature: [64.50137329101562]
Predicted melting temperature: [60.22491455078125]
  seed_2003 arm=p8 target=-6 charge=-6.94    Tm=63.52  replicas=[65.8, 64.5, 60.2]
Predicted melting temperature: [64.43588256835938]
Predicted melting temperature: [67.7569808959961]
Predicted melting temperature: [61.19225311279297]
  seed_2004 arm=p8 target=-6 charge=-7.90    Tm=64.46  replicas=[64.4, 67.8, 61.2]
Predicted melting temperature: [75.04090118408203]
Predicted melting temperature: [71.88679504394531]
Predicted melting temperature: [59.880714416503906]
  seed_2005 arm=p8 target=-6 charge=-0.98    Tm=68.94  replicas=[75.0, 71.9, 59.9]
Predicted melting temperature: [75.51461029052734]
Predicted melting temperature: [75.87354278564453]
Predicted melting temperature: [77.67133331298828]
  seed_2006 arm=p8 target=-6 charge=-4.94    Tm=76.35  replicas=[75.5, 75.9, 77.7]
Predicted melting temperature: [64.95257568359375]
Predicted melting temperature: [64.19512939453125]
Predicted melting temperature: [55.86957931518555]
  seed_2007 arm=p8 target=-6 charge=-2.90    Tm=61.67  replicas=[65.0, 64.2, 55.9]
Predicted melting temperature: [67.35321044921875]
Predicted melting temperature: [73.52015686035156]
Predicted melting temperature: [76.27600860595703]
  seed_2008 arm=p8 target=-6 charge=+1.10    Tm=72.38  replicas=[67.4, 73.5, 76.3]
Predicted melting temperature: [65.18303680419922]
Predicted melting temperature: [71.00365447998047]
Predicted melting temperature: [61.74616241455078]
  seed_2009 arm=p8 target=-6 charge=-8.97    Tm=65.98  replicas=[65.2, 71.0, 61.7]
Predicted melting temperature: [69.0275650024414]
Predicted melting temperature: [72.76554870605469]
Predicted melting temperature: [67.4181900024414]
  seed_2010 arm=p8 target=-6 charge=-5.94    Tm=69.74  replicas=[69.0, 72.8, 67.4]
Predicted melting temperature: [60.6627197265625]
Predicted melting temperature: [64.9939193725586]
Predicted melting temperature: [60.625396728515625]
  seed_2011 arm=p8 target=-6 charge=-4.08    Tm=62.09  replicas=[60.7, 65.0, 60.6]
Predicted melting temperature: [61.94060134887695]
Predicted melting temperature: [66.28701782226562]
Predicted melting temperature: [58.90375518798828]
  seed_2012 arm=p8 target=-6 charge=-6.89    Tm=62.38  replicas=[61.9, 66.3, 58.9]
Predicted melting temperature: [63.224449157714844]
Predicted melting temperature: [66.98867797851562]
Predicted melting temperature: [54.759307861328125]
  seed_2013 arm=p8 target=-6 charge=-3.94    Tm=61.66  replicas=[63.2, 67.0, 54.8]
Predicted melting temperature: [76.87789154052734]
Predicted melting temperature: [77.36929321289062]
Predicted melting temperature: [80.2584457397461]
  seed_2014 arm=p8 target=-6 charge=-3.89    Tm=78.17  replicas=[76.9, 77.4, 80.3]
Predicted melting temperature: [63.64633560180664]
Predicted melting temperature: [62.934547424316406]
Predicted melting temperature: [72.82197570800781]
  seed_2015 arm=p8 target=-6 charge=-1.98    Tm=66.47  replicas=[63.6, 62.9, 72.8]
Predicted melting temperature: [72.92188262939453]
Predicted melting temperature: [75.15090942382812]
Predicted melting temperature: [79.00666046142578]
  seed_2016 arm=p8 target=-6 charge=-1.87    Tm=75.69  replicas=[72.9, 75.2, 79.0]
Predicted melting temperature: [64.37564849853516]
Predicted melting temperature: [69.32811737060547]
Predicted melting temperature: [63.52516174316406]
  seed_2017 arm=p8 target=-6 charge=-11.12   Tm=65.74  replicas=[64.4, 69.3, 63.5]
Predicted melting temperature: [63.126712799072266]
Predicted melting temperature: [61.87675857543945]
Predicted melting temperature: [58.13722229003906]
  seed_2018 arm=p8 target=-6 charge=-4.94    Tm=61.05  replicas=[63.1, 61.9, 58.1]
Predicted melting temperature: [65.73453521728516]
Predicted melting temperature: [63.05345153808594]
Predicted melting temperature: [61.77350616455078]
  seed_2019 arm=p8 target=-6 charge=-0.86    Tm=63.52  replicas=[65.7, 63.1, 61.8]
Predicted melting temperature: [71.6857681274414]
Predicted melting temperature: [67.63328552246094]
Predicted melting temperature: [66.90330505371094]
  seed_2020 arm=p8 target=-6 charge=-1.97    Tm=68.74  replicas=[71.7, 67.6, 66.9]
Predicted melting temperature: [75.26527404785156]
Predicted melting temperature: [70.24008178710938]
Predicted melting temperature: [58.78345489501953]
  seed_2021 arm=p8 target=-6 charge=-8.98    Tm=68.10  replicas=[75.3, 70.2, 58.8]
Predicted melting temperature: [62.52678298950195]
Predicted melting temperature: [64.413818359375]
Predicted melting temperature: [58.70018768310547]
  seed_2022 arm=p8 target=-6 charge=-6.93    Tm=61.88  replicas=[62.5, 64.4, 58.7]
Predicted melting temperature: [62.07572937011719]
Predicted melting temperature: [62.215858459472656]
Predicted melting temperature: [57.26152038574219]
  seed_2023 arm=p8 target=-6 charge=-5.94    Tm=60.52  replicas=[62.1, 62.2, 57.3]
Predicted melting temperature: [68.0645751953125]
Predicted melting temperature: [66.92544555664062]
Predicted melting temperature: [62.56524658203125]
  seed_2024 arm=p8 target=-6 charge=-10.78   Tm=65.85  replicas=[68.1, 66.9, 62.6]
Predicted melting temperature: [61.843467712402344]
Predicted melting temperature: [69.13373565673828]
Predicted melting temperature: [60.799842834472656]
  seed_2025 arm=p8 target=-6 charge=-8.89    Tm=63.93  replicas=[61.8, 69.1, 60.8]
Predicted melting temperature: [62.1404914855957]
Predicted melting temperature: [69.13670349121094]
Predicted melting temperature: [56.84257888793945]
  seed_2026 arm=p8 target=-6 charge=-3.87    Tm=62.71  replicas=[62.1, 69.1, 56.8]
Predicted melting temperature: [77.89541625976562]
Predicted melting temperature: [75.19393920898438]
Predicted melting temperature: [78.95994567871094]
  seed_2027 arm=p8 target=-6 charge=-4.82    Tm=77.35  replicas=[77.9, 75.2, 79.0]
Predicted melting temperature: [78.42899322509766]
Predicted melting temperature: [77.59020233154297]
Predicted melting temperature: [80.98065185546875]
  seed_2028 arm=p8 target=-6 charge=-2.86    Tm=79.00  replicas=[78.4, 77.6, 81.0]
Predicted melting temperature: [66.5308609008789]
Predicted melting temperature: [67.3818359375]
Predicted melting temperature: [67.07640075683594]
  seed_2029 arm=p8 target=-6 charge=-11.90   Tm=67.00  replicas=[66.5, 67.4, 67.1]
Predicted melting temperature: [56.83778381347656]
Predicted melting temperature: [69.1835708618164]
Predicted melting temperature: [58.65082550048828]
  native charge=-14.31                       Tm=61.56  replicas=[56.8, 69.2, 58.7]
  [output/tm_sol_v12_2/seqs/1C6O/arm_p8/seqs.fa] 已写 output/tm_sol_v12_2/seqs/1C6O/arm_p8/seqs.fa.tm.csv
Predicted melting temperature: [73.70905303955078]
Predicted melting temperature: [74.39969635009766]
Predicted melting temperature: [62.42436218261719]
  seed_2000 arm=n2 target=-14 charge=-15.9   Tm=70.18  replicas=[73.7, 74.4, 62.4]
Predicted melting temperature: [73.85601806640625]
Predicted melting temperature: [75.28276062011719]
Predicted melting temperature: [74.35645294189453]
  seed_2001 arm=n2 target=-14 charge=-7.97   Tm=74.50  replicas=[73.9, 75.3, 74.4]
Predicted melting temperature: [69.52706146240234]
Predicted melting temperature: [72.80337524414062]
Predicted melting temperature: [51.65571594238281]
  seed_2002 arm=n2 target=-14 charge=-11.9   Tm=64.66  replicas=[69.5, 72.8, 51.7]
Predicted melting temperature: [72.29023742675781]
Predicted melting temperature: [74.40406799316406]
Predicted melting temperature: [60.98433303833008]
  seed_2003 arm=n2 target=-14 charge=-15.0   Tm=69.23  replicas=[72.3, 74.4, 61.0]
Predicted melting temperature: [72.72272491455078]
Predicted melting temperature: [74.76942443847656]
Predicted melting temperature: [65.26287078857422]
  seed_2004 arm=n2 target=-14 charge=-16.9   Tm=70.92  replicas=[72.7, 74.8, 65.3]
Predicted melting temperature: [74.19010162353516]
Predicted melting temperature: [74.61751556396484]
Predicted melting temperature: [66.63121795654297]
  seed_2005 arm=n2 target=-14 charge=-17.9   Tm=71.81  replicas=[74.2, 74.6, 66.6]
Predicted melting temperature: [76.24002075195312]
Predicted melting temperature: [77.25093078613281]
Predicted melting temperature: [79.57275390625]
  seed_2006 arm=n2 target=-14 charge=-15.9   Tm=77.69  replicas=[76.2, 77.3, 79.6]
Predicted melting temperature: [74.67367553710938]
Predicted melting temperature: [76.71218872070312]
Predicted melting temperature: [70.18644714355469]
  seed_2007 arm=n2 target=-14 charge=-12.9   Tm=73.86  replicas=[74.7, 76.7, 70.2]
Predicted melting temperature: [73.71752166748047]
Predicted melting temperature: [72.62108612060547]
Predicted melting temperature: [71.1807632446289]
  seed_2008 arm=n2 target=-14 charge=-11.0   Tm=72.51  replicas=[73.7, 72.6, 71.2]
Predicted melting temperature: [78.38245391845703]
Predicted melting temperature: [78.68287658691406]
Predicted melting temperature: [78.21710968017578]
  seed_2009 arm=n2 target=-14 charge=-21.0   Tm=78.43  replicas=[78.4, 78.7, 78.2]
Predicted melting temperature: [72.76189422607422]
Predicted melting temperature: [72.32170104980469]
Predicted melting temperature: [56.14143753051758]
  seed_2010 arm=n2 target=-14 charge=-11.9   Tm=67.08  replicas=[72.8, 72.3, 56.1]
Predicted melting temperature: [69.0365982055664]
Predicted melting temperature: [73.04331970214844]
Predicted melting temperature: [52.929168701171875]
  seed_2011 arm=n2 target=-14 charge=-9.94   Tm=65.00  replicas=[69.0, 73.0, 52.9]
Predicted melting temperature: [75.05753326416016]
Predicted melting temperature: [75.49830627441406]
Predicted melting temperature: [74.75439453125]
  seed_2012 arm=n2 target=-14 charge=-16.9   Tm=75.10  replicas=[75.1, 75.5, 74.8]
Predicted melting temperature: [67.15274810791016]
Predicted melting temperature: [72.07421112060547]
Predicted melting temperature: [63.676292419433594]
  seed_2013 arm=n2 target=-14 charge=-17.0   Tm=67.63  replicas=[67.2, 72.1, 63.7]
Predicted melting temperature: [76.11727142333984]
Predicted melting temperature: [79.5592041015625]
Predicted melting temperature: [80.13359832763672]
  seed_2014 arm=n2 target=-14 charge=-12.9   Tm=78.60  replicas=[76.1, 79.6, 80.1]
Predicted melting temperature: [76.24103546142578]
Predicted melting temperature: [76.67442321777344]
Predicted melting temperature: [79.19464874267578]
  seed_2015 arm=n2 target=-14 charge=-10.0   Tm=77.37  replicas=[76.2, 76.7, 79.2]
Predicted melting temperature: [61.743743896484375]
Predicted melting temperature: [70.64727783203125]
Predicted melting temperature: [53.793861389160156]
  seed_2016 arm=n2 target=-14 charge=-16.1   Tm=62.06  replicas=[61.7, 70.6, 53.8]
Predicted melting temperature: [76.66795349121094]
Predicted melting temperature: [79.95341491699219]
Predicted melting temperature: [78.81458282470703]
  seed_2017 arm=n2 target=-14 charge=-9.94   Tm=78.48  replicas=[76.7, 80.0, 78.8]
Predicted melting temperature: [75.55769348144531]
Predicted melting temperature: [78.43297576904297]
Predicted melting temperature: [76.43955993652344]
  seed_2018 arm=n2 target=-14 charge=-12.0   Tm=76.81  replicas=[75.6, 78.4, 76.4]
Predicted melting temperature: [76.02572631835938]
Predicted melting temperature: [78.80939483642578]
Predicted melting temperature: [79.04999542236328]
  seed_2019 arm=n2 target=-14 charge=-7.94   Tm=77.96  replicas=[76.0, 78.8, 79.0]
Predicted melting temperature: [73.93690490722656]
Predicted melting temperature: [75.70556640625]
Predicted melting temperature: [69.5206069946289]
  seed_2020 arm=n2 target=-14 charge=-14.9   Tm=73.05  replicas=[73.9, 75.7, 69.5]
Predicted melting temperature: [68.10059356689453]
Predicted melting temperature: [73.78639221191406]
Predicted melting temperature: [57.677947998046875]
  seed_2021 arm=n2 target=-14 charge=-13.9   Tm=66.52  replicas=[68.1, 73.8, 57.7]
Predicted melting temperature: [78.5494613647461]
Predicted melting temperature: [79.75033569335938]
Predicted melting temperature: [82.27787017822266]
  seed_2022 arm=n2 target=-14 charge=-13.9   Tm=80.19  replicas=[78.5, 79.8, 82.3]
Predicted melting temperature: [76.20259857177734]
Predicted melting temperature: [77.41574096679688]
Predicted melting temperature: [78.75263214111328]
  seed_2023 arm=n2 target=-14 charge=-13.9   Tm=77.46  replicas=[76.2, 77.4, 78.8]
Predicted melting temperature: [76.4855728149414]
Predicted melting temperature: [79.01332092285156]
Predicted melting temperature: [75.83235168457031]
  seed_2024 arm=n2 target=-14 charge=-14.9   Tm=77.11  replicas=[76.5, 79.0, 75.8]
Predicted melting temperature: [62.138248443603516]
Predicted melting temperature: [72.20619201660156]
Predicted melting temperature: [53.22427749633789]
  seed_2025 arm=n2 target=-14 charge=-19.0   Tm=62.52  replicas=[62.1, 72.2, 53.2]
Predicted melting temperature: [73.06373596191406]
Predicted melting temperature: [77.49737548828125]
Predicted melting temperature: [73.0184555053711]
  seed_2026 arm=n2 target=-14 charge=-16.0   Tm=74.53  replicas=[73.1, 77.5, 73.0]
Predicted melting temperature: [71.13858795166016]
Predicted melting temperature: [73.17605590820312]
Predicted melting temperature: [57.21391296386719]
  seed_2027 arm=n2 target=-14 charge=-12.9   Tm=67.18  replicas=[71.1, 73.2, 57.2]
Predicted melting temperature: [74.93352508544922]
Predicted melting temperature: [74.7445068359375]
Predicted melting temperature: [79.0142593383789]
  seed_2028 arm=n2 target=-14 charge=-15.0   Tm=76.23  replicas=[74.9, 74.7, 79.0]
Predicted melting temperature: [68.43370819091797]
Predicted melting temperature: [71.94651794433594]
Predicted melting temperature: [59.78662872314453]
  seed_2029 arm=n2 target=-14 charge=-9.98   Tm=66.72  replicas=[68.4, 71.9, 59.8]
Predicted melting temperature: [58.20558547973633]
Predicted melting temperature: [63.93151092529297]
Predicted melting temperature: [48.42242431640625]
  native charge=-11.66                       Tm=56.85  replicas=[58.2, 63.9, 48.4]
  [output/tm_sol_v12_2/seqs/1CGE/arm_n2/seqs.fa] 已写 output/tm_sol_v12_2/seqs/1CGE/arm_n2/seqs.fa.tm.csv
Predicted melting temperature: [77.1300277709961]
Predicted melting temperature: [77.89418029785156]
Predicted melting temperature: [72.27973937988281]
  seed_2000 arm=n8 target=-20 charge=-23.9   Tm=75.77  replicas=[77.1, 77.9, 72.3]
Predicted melting temperature: [76.14635467529297]
Predicted melting temperature: [75.5000991821289]
Predicted melting temperature: [79.82823944091797]
  seed_2001 arm=n8 target=-20 charge=-13.0   Tm=77.16  replicas=[76.1, 75.5, 79.8]
Predicted melting temperature: [74.79421997070312]
Predicted melting temperature: [74.23048400878906]
Predicted melting temperature: [70.75135040283203]
  seed_2002 arm=n8 target=-20 charge=-19.9   Tm=73.26  replicas=[74.8, 74.2, 70.8]
Predicted melting temperature: [76.35871124267578]
Predicted melting temperature: [76.25025939941406]
Predicted melting temperature: [71.26689910888672]
  seed_2003 arm=n8 target=-20 charge=-23.0   Tm=74.63  replicas=[76.4, 76.3, 71.3]
Predicted melting temperature: [77.85511779785156]
Predicted melting temperature: [78.82618713378906]
Predicted melting temperature: [78.05721282958984]
  seed_2004 arm=n8 target=-20 charge=-28.9   Tm=78.25  replicas=[77.9, 78.8, 78.1]
Predicted melting temperature: [77.17914581298828]
Predicted melting temperature: [74.47807312011719]
Predicted melting temperature: [73.48517608642578]
  seed_2005 arm=n8 target=-20 charge=-25.0   Tm=75.05  replicas=[77.2, 74.5, 73.5]
Predicted melting temperature: [79.51172637939453]
Predicted melting temperature: [78.98783874511719]
Predicted melting temperature: [81.81986999511719]
  seed_2006 arm=n8 target=-20 charge=-21.1   Tm=80.11  replicas=[79.5, 79.0, 81.8]
Predicted melting temperature: [80.3670654296875]
Predicted melting temperature: [79.1040267944336]
Predicted melting temperature: [81.80309295654297]
  seed_2007 arm=n8 target=-20 charge=-16.9   Tm=80.42  replicas=[80.4, 79.1, 81.8]
Predicted melting temperature: [78.08352661132812]
Predicted melting temperature: [78.49988555908203]
Predicted melting temperature: [79.59349060058594]
  seed_2008 arm=n8 target=-20 charge=-20.0   Tm=78.73  replicas=[78.1, 78.5, 79.6]
Predicted melting temperature: [80.7857666015625]
Predicted melting temperature: [78.56044006347656]
Predicted melting temperature: [81.5198974609375]
  seed_2009 arm=n8 target=-20 charge=-25.9   Tm=80.29  replicas=[80.8, 78.6, 81.5]
Predicted melting temperature: [78.28589630126953]
Predicted melting temperature: [76.47320556640625]
Predicted melting temperature: [76.56907653808594]
  seed_2010 arm=n8 target=-20 charge=-16.9   Tm=77.11  replicas=[78.3, 76.5, 76.6]
Predicted melting temperature: [77.46345520019531]
Predicted melting temperature: [78.97306823730469]
Predicted melting temperature: [81.6240234375]
  seed_2011 arm=n8 target=-20 charge=-19.9   Tm=79.35  replicas=[77.5, 79.0, 81.6]
Predicted melting temperature: [78.37040710449219]
Predicted melting temperature: [78.11102294921875]
Predicted melting temperature: [80.80940246582031]
  seed_2012 arm=n8 target=-20 charge=-18.9   Tm=79.10  replicas=[78.4, 78.1, 80.8]
Predicted melting temperature: [69.13813018798828]
Predicted melting temperature: [71.70108795166016]
Predicted melting temperature: [69.2790298461914]
  seed_2013 arm=n8 target=-20 charge=-22.0   Tm=70.04  replicas=[69.1, 71.7, 69.3]
Predicted melting temperature: [75.6352310180664]
Predicted melting temperature: [76.1585693359375]
Predicted melting temperature: [80.5165786743164]
  seed_2014 arm=n8 target=-20 charge=-23.9   Tm=77.44  replicas=[75.6, 76.2, 80.5]
Predicted melting temperature: [78.43663024902344]
Predicted melting temperature: [77.7824935913086]
Predicted melting temperature: [82.0966567993164]
  seed_2015 arm=n8 target=-20 charge=-22.0   Tm=79.44  replicas=[78.4, 77.8, 82.1]
Predicted melting temperature: [72.36553192138672]
Predicted melting temperature: [72.35398864746094]
Predicted melting temperature: [59.708396911621094]
  seed_2016 arm=n8 target=-20 charge=-23.2   Tm=68.14  replicas=[72.4, 72.4, 59.7]
Predicted melting temperature: [79.79814910888672]
Predicted melting temperature: [79.79512023925781]
Predicted melting temperature: [80.30289459228516]
  seed_2017 arm=n8 target=-20 charge=-24.9   Tm=79.97  replicas=[79.8, 79.8, 80.3]
Predicted melting temperature: [80.56417846679688]
Predicted melting temperature: [79.21810913085938]
Predicted melting temperature: [80.57829284667969]
  seed_2018 arm=n8 target=-20 charge=-18.9   Tm=80.12  replicas=[80.6, 79.2, 80.6]
Predicted melting temperature: [78.15239715576172]
Predicted melting temperature: [79.48564147949219]
Predicted melting temperature: [81.04727172851562]
  seed_2019 arm=n8 target=-20 charge=-12.9   Tm=79.56  replicas=[78.2, 79.5, 81.0]
Predicted melting temperature: [76.33039093017578]
Predicted melting temperature: [74.50469207763672]
Predicted melting temperature: [71.96480560302734]
  seed_2020 arm=n8 target=-20 charge=-25.9   Tm=74.27  replicas=[76.3, 74.5, 72.0]
Predicted melting temperature: [78.2114486694336]
Predicted melting temperature: [77.34143829345703]
Predicted melting temperature: [79.25120544433594]
  seed_2021 arm=n8 target=-20 charge=-22.0   Tm=78.27  replicas=[78.2, 77.3, 79.3]
Predicted melting temperature: [79.5701904296875]
Predicted melting temperature: [80.268310546875]
Predicted melting temperature: [82.39968872070312]
  seed_2022 arm=n8 target=-20 charge=-10.9   Tm=80.75  replicas=[79.6, 80.3, 82.4]
Predicted melting temperature: [76.84490966796875]
Predicted melting temperature: [77.59725952148438]
Predicted melting temperature: [79.40142059326172]
  seed_2023 arm=n8 target=-20 charge=-20.9   Tm=77.95  replicas=[76.8, 77.6, 79.4]
Predicted melting temperature: [77.37982940673828]
Predicted melting temperature: [79.57595825195312]
Predicted melting temperature: [78.56855010986328]
  seed_2024 arm=n8 target=-20 charge=-18.0   Tm=78.51  replicas=[77.4, 79.6, 78.6]
Predicted melting temperature: [73.10808563232422]
Predicted melting temperature: [73.65155029296875]
Predicted melting temperature: [76.31645965576172]
  seed_2025 arm=n8 target=-20 charge=-26.0   Tm=74.36  replicas=[73.1, 73.7, 76.3]
Predicted melting temperature: [76.13449096679688]
Predicted melting temperature: [77.5819320678711]
Predicted melting temperature: [78.81417083740234]
  seed_2026 arm=n8 target=-20 charge=-27.0   Tm=77.51  replicas=[76.1, 77.6, 78.8]
Predicted melting temperature: [77.8532943725586]
Predicted melting temperature: [76.90143585205078]
Predicted melting temperature: [80.61156463623047]
  seed_2027 arm=n8 target=-20 charge=-20.8   Tm=78.46  replicas=[77.9, 76.9, 80.6]
Predicted melting temperature: [78.38095092773438]
Predicted melting temperature: [77.56461334228516]
Predicted melting temperature: [81.21099090576172]
  seed_2028 arm=n8 target=-20 charge=-23.0   Tm=79.05  replicas=[78.4, 77.6, 81.2]
Predicted melting temperature: [74.22138214111328]
Predicted melting temperature: [75.40960693359375]
Predicted melting temperature: [73.25934600830078]
  seed_2029 arm=n8 target=-20 charge=-21.9   Tm=74.30  replicas=[74.2, 75.4, 73.3]
Predicted melting temperature: [58.20558547973633]
Predicted melting temperature: [63.93151092529297]
Predicted melting temperature: [48.42242431640625]
  native charge=-11.66                       Tm=56.85  replicas=[58.2, 63.9, 48.4]
  [output/tm_sol_v12_2/seqs/1CGE/arm_n8/seqs.fa] 已写 output/tm_sol_v12_2/seqs/1CGE/arm_n8/seqs.fa.tm.csv
Predicted melting temperature: [76.03836059570312]
Predicted melting temperature: [76.23432159423828]
Predicted melting temperature: [69.6177978515625]
  seed_2000 arm=native target=-12 charge=-   Tm=73.96  replicas=[76.0, 76.2, 69.6]
Predicted melting temperature: [76.29029083251953]
Predicted melting temperature: [75.42757415771484]
Predicted melting temperature: [68.5295181274414]
  seed_2001 arm=native target=-12 charge=-   Tm=73.42  replicas=[76.3, 75.4, 68.5]
Predicted melting temperature: [66.0499038696289]
Predicted melting temperature: [72.17947387695312]
Predicted melting temperature: [53.12483215332031]
  seed_2002 arm=native target=-12 charge=-   Tm=63.78  replicas=[66.0, 72.2, 53.1]
Predicted melting temperature: [71.29095458984375]
Predicted melting temperature: [73.68203735351562]
Predicted melting temperature: [58.53168487548828]
  seed_2003 arm=native target=-12 charge=-   Tm=67.83  replicas=[71.3, 73.7, 58.5]
Predicted melting temperature: [68.45269775390625]
Predicted melting temperature: [73.93661499023438]
Predicted melting temperature: [58.92867660522461]
  seed_2004 arm=native target=-12 charge=-   Tm=67.11  replicas=[68.5, 73.9, 58.9]
Predicted melting temperature: [72.59918975830078]
Predicted melting temperature: [73.84308624267578]
Predicted melting temperature: [63.734066009521484]
  seed_2005 arm=native target=-12 charge=-   Tm=70.06  replicas=[72.6, 73.8, 63.7]
Predicted melting temperature: [73.52423095703125]
Predicted melting temperature: [75.12416076660156]
Predicted melting temperature: [73.807373046875]
  seed_2006 arm=native target=-12 charge=-   Tm=74.15  replicas=[73.5, 75.1, 73.8]
Predicted melting temperature: [73.23524475097656]
Predicted melting temperature: [76.59823608398438]
Predicted melting temperature: [56.667137145996094]
  seed_2007 arm=native target=-12 charge=-   Tm=68.83  replicas=[73.2, 76.6, 56.7]
Predicted melting temperature: [76.02350616455078]
Predicted melting temperature: [74.3814926147461]
Predicted melting temperature: [76.37833404541016]
  seed_2008 arm=native target=-12 charge=-   Tm=75.59  replicas=[76.0, 74.4, 76.4]
Predicted melting temperature: [76.8633804321289]
Predicted melting temperature: [78.44390106201172]
Predicted melting temperature: [79.20878601074219]
  seed_2009 arm=native target=-12 charge=-   Tm=78.17  replicas=[76.9, 78.4, 79.2]
Predicted melting temperature: [75.51289367675781]
Predicted melting temperature: [75.78790283203125]
Predicted melting temperature: [70.4758071899414]
  seed_2010 arm=native target=-12 charge=-   Tm=73.93  replicas=[75.5, 75.8, 70.5]
Predicted melting temperature: [69.11636352539062]
Predicted melting temperature: [71.66191101074219]
Predicted melting temperature: [50.381778717041016]
  seed_2011 arm=native target=-12 charge=-   Tm=63.72  replicas=[69.1, 71.7, 50.4]
Predicted melting temperature: [75.72991180419922]
Predicted melting temperature: [77.70999145507812]
Predicted melting temperature: [78.26622009277344]
  seed_2012 arm=native target=-12 charge=-   Tm=77.24  replicas=[75.7, 77.7, 78.3]
Predicted melting temperature: [66.78791809082031]
Predicted melting temperature: [72.43081665039062]
Predicted melting temperature: [60.558570861816406]
  seed_2013 arm=native target=-12 charge=-   Tm=66.59  replicas=[66.8, 72.4, 60.6]
Predicted melting temperature: [73.45287322998047]
Predicted melting temperature: [75.5749740600586]
Predicted melting temperature: [72.74324798583984]
  seed_2014 arm=native target=-12 charge=-   Tm=73.92  replicas=[73.5, 75.6, 72.7]
Predicted melting temperature: [73.2393569946289]
Predicted melting temperature: [74.22274780273438]
Predicted melting temperature: [74.3037109375]
  seed_2015 arm=native target=-12 charge=-   Tm=73.92  replicas=[73.2, 74.2, 74.3]
Predicted melting temperature: [60.061588287353516]
Predicted melting temperature: [71.38896179199219]
Predicted melting temperature: [53.308067321777344]
  seed_2016 arm=native target=-12 charge=-   Tm=61.59  replicas=[60.1, 71.4, 53.3]
Predicted melting temperature: [76.35758209228516]
Predicted melting temperature: [79.43536376953125]
Predicted melting temperature: [77.81803131103516]
  seed_2017 arm=native target=-12 charge=-   Tm=77.87  replicas=[76.4, 79.4, 77.8]
Predicted melting temperature: [74.8167953491211]
Predicted melting temperature: [77.00004577636719]
Predicted melting temperature: [75.6435775756836]
  seed_2018 arm=native target=-12 charge=-   Tm=75.82  replicas=[74.8, 77.0, 75.6]
Predicted melting temperature: [73.07389068603516]
Predicted melting temperature: [77.76676940917969]
Predicted melting temperature: [73.5908432006836]
  seed_2019 arm=native target=-12 charge=-   Tm=74.81  replicas=[73.1, 77.8, 73.6]
Predicted melting temperature: [66.29658508300781]
Predicted melting temperature: [72.94244384765625]
Predicted melting temperature: [51.74714279174805]
  seed_2020 arm=native target=-12 charge=-   Tm=63.66  replicas=[66.3, 72.9, 51.7]
Predicted melting temperature: [67.726806640625]
Predicted melting temperature: [73.79226684570312]
Predicted melting temperature: [56.62385559082031]
  seed_2021 arm=native target=-12 charge=-   Tm=66.05  replicas=[67.7, 73.8, 56.6]
Predicted melting temperature: [77.3425064086914]
Predicted melting temperature: [79.11408996582031]
Predicted melting temperature: [80.67322540283203]
  seed_2022 arm=native target=-12 charge=-   Tm=79.04  replicas=[77.3, 79.1, 80.7]
Predicted melting temperature: [75.76671600341797]
Predicted melting temperature: [76.38099670410156]
Predicted melting temperature: [74.8949966430664]
  seed_2023 arm=native target=-12 charge=-   Tm=75.68  replicas=[75.8, 76.4, 74.9]
Predicted melting temperature: [75.13015747070312]
Predicted melting temperature: [78.06807708740234]
Predicted melting temperature: [73.9894790649414]
  seed_2024 arm=native target=-12 charge=-   Tm=75.73  replicas=[75.1, 78.1, 74.0]
Predicted melting temperature: [57.074256896972656]
Predicted melting temperature: [69.3466567993164]
Predicted melting temperature: [50.58478546142578]
  seed_2025 arm=native target=-12 charge=-   Tm=59.00  replicas=[57.1, 69.3, 50.6]
Predicted melting temperature: [75.1148910522461]
Predicted melting temperature: [77.9129638671875]
Predicted melting temperature: [77.47966766357422]
  seed_2026 arm=native target=-12 charge=-   Tm=76.84  replicas=[75.1, 77.9, 77.5]
Predicted melting temperature: [69.21302795410156]
Predicted melting temperature: [73.030029296875]
Predicted melting temperature: [56.03655242919922]
  seed_2027 arm=native target=-12 charge=-   Tm=66.09  replicas=[69.2, 73.0, 56.0]
Predicted melting temperature: [74.83446502685547]
Predicted melting temperature: [74.08514404296875]
Predicted melting temperature: [75.84944152832031]
  seed_2028 arm=native target=-12 charge=-   Tm=74.92  replicas=[74.8, 74.1, 75.8]
Predicted melting temperature: [69.22747802734375]
Predicted melting temperature: [71.92329406738281]
Predicted melting temperature: [57.708717346191406]
  seed_2029 arm=native target=-12 charge=-   Tm=66.29  replicas=[69.2, 71.9, 57.7]
Predicted melting temperature: [58.20558547973633]
Predicted melting temperature: [63.93151092529297]
Predicted melting temperature: [48.42242431640625]
  native charge=-11.66                       Tm=56.85  replicas=[58.2, 63.9, 48.4]
  [output/tm_sol_v12_2/seqs/1CGE/arm_native/seqs.fa] 已写 output/tm_sol_v12_2/seqs/1CGE/arm_native/seqs.fa.tm.csv
Predicted melting temperature: [58.20558547973633]
Predicted melting temperature: [63.93151092529297]
Predicted melting temperature: [48.42242431640625]
  1CGE_native L=162                          Tm=56.85  replicas=[58.2, 63.9, 48.4]
  [output/tm_sol_v12_2/seqs/1CGE/arm_native_ref/seqs.fa] 已写 output/tm_sol_v12_2/seqs/1CGE/arm_native_ref/seqs.fa.tm.csv
Predicted melting temperature: [73.65797424316406]
Predicted melting temperature: [75.52853393554688]
Predicted melting temperature: [68.03447723388672]
  seed_2000 arm=p2 target=-10 charge=-9.95   Tm=72.41  replicas=[73.7, 75.5, 68.0]
Predicted melting temperature: [75.74933624267578]
Predicted melting temperature: [76.81198120117188]
Predicted melting temperature: [76.3662338256836]
  seed_2001 arm=p2 target=-10 charge=-4.94   Tm=76.31  replicas=[75.7, 76.8, 76.4]
Predicted melting temperature: [65.8161849975586]
Predicted melting temperature: [73.26370239257812]
Predicted melting temperature: [67.69583892822266]
  seed_2002 arm=p2 target=-10 charge=-7.94   Tm=68.93  replicas=[65.8, 73.3, 67.7]
Predicted melting temperature: [73.81165313720703]
Predicted melting temperature: [75.15160369873047]
Predicted melting temperature: [71.91506958007812]
  seed_2003 arm=p2 target=-10 charge=-12.0   Tm=73.63  replicas=[73.8, 75.2, 71.9]
Predicted melting temperature: [70.71047973632812]
Predicted melting temperature: [73.57817840576172]
Predicted melting temperature: [58.07472229003906]
  seed_2004 arm=p2 target=-10 charge=-15.9   Tm=67.45  replicas=[70.7, 73.6, 58.1]
Predicted melting temperature: [72.17635345458984]
Predicted melting temperature: [72.96734619140625]
Predicted melting temperature: [62.31108856201172]
  seed_2005 arm=p2 target=-10 charge=-12.0   Tm=69.15  replicas=[72.2, 73.0, 62.3]
Predicted melting temperature: [74.2332992553711]
Predicted melting temperature: [74.857421875]
Predicted melting temperature: [73.03211975097656]
  seed_2006 arm=p2 target=-10 charge=-12.0   Tm=74.04  replicas=[74.2, 74.9, 73.0]
Predicted melting temperature: [66.7548828125]
Predicted melting temperature: [72.7449951171875]
Predicted melting temperature: [54.09836959838867]
  seed_2007 arm=p2 target=-10 charge=-4.94   Tm=64.53  replicas=[66.8, 72.7, 54.1]
Predicted melting temperature: [75.86299133300781]
Predicted melting temperature: [75.02229309082031]
Predicted melting temperature: [76.71263885498047]
  seed_2008 arm=p2 target=-10 charge=-11.0   Tm=75.87  replicas=[75.9, 75.0, 76.7]
Predicted melting temperature: [76.77232360839844]
Predicted melting temperature: [78.55591583251953]
Predicted melting temperature: [80.0874252319336]
  seed_2009 arm=p2 target=-10 charge=-11.0   Tm=78.47  replicas=[76.8, 78.6, 80.1]
Predicted melting temperature: [74.8470687866211]
Predicted melting temperature: [75.21087646484375]
Predicted melting temperature: [67.62162017822266]
  seed_2010 arm=p2 target=-10 charge=-11.9   Tm=72.56  replicas=[74.8, 75.2, 67.6]
Predicted melting temperature: [63.33388137817383]
Predicted melting temperature: [71.0164566040039]
Predicted melting temperature: [50.81330108642578]
  seed_2011 arm=p2 target=-10 charge=-8.99   Tm=61.72  replicas=[63.3, 71.0, 50.8]
Predicted melting temperature: [72.95626068115234]
Predicted melting temperature: [75.68601989746094]
Predicted melting temperature: [75.14805603027344]
  seed_2012 arm=p2 target=-10 charge=-8.98   Tm=74.60  replicas=[73.0, 75.7, 75.1]
Predicted melting temperature: [66.56795501708984]
Predicted melting temperature: [72.6732177734375]
Predicted melting temperature: [58.918617248535156]
  seed_2013 arm=p2 target=-10 charge=-15.0   Tm=66.05  replicas=[66.6, 72.7, 58.9]
Predicted melting temperature: [71.19524383544922]
Predicted melting temperature: [75.15501403808594]
Predicted melting temperature: [70.73650360107422]
  seed_2014 arm=p2 target=-10 charge=-8.97   Tm=72.36  replicas=[71.2, 75.2, 70.7]
Predicted melting temperature: [67.96480560302734]
Predicted melting temperature: [72.03103637695312]
Predicted melting temperature: [63.29093933105469]
  seed_2015 arm=p2 target=-10 charge=-6.02   Tm=67.76  replicas=[68.0, 72.0, 63.3]
Predicted melting temperature: [64.78009796142578]
Predicted melting temperature: [72.84830474853516]
Predicted melting temperature: [52.97908401489258]
  seed_2016 arm=p2 target=-10 charge=-12.0   Tm=63.54  replicas=[64.8, 72.8, 53.0]
Predicted melting temperature: [75.57747650146484]
Predicted melting temperature: [78.31474304199219]
Predicted melting temperature: [76.06635284423828]
  seed_2017 arm=p2 target=-10 charge=-9.94   Tm=76.65  replicas=[75.6, 78.3, 76.1]
Predicted melting temperature: [72.60106658935547]
Predicted melting temperature: [74.8019790649414]
Predicted melting temperature: [56.22871398925781]
  seed_2018 arm=p2 target=-10 charge=-9.94   Tm=67.88  replicas=[72.6, 74.8, 56.2]
Predicted melting temperature: [71.87049865722656]
Predicted melting temperature: [74.43522644042969]
Predicted melting temperature: [66.75609588623047]
  seed_2019 arm=p2 target=-10 charge=-1.94   Tm=71.02  replicas=[71.9, 74.4, 66.8]
Predicted melting temperature: [65.39614868164062]
Predicted melting temperature: [71.99663543701172]
Predicted melting temperature: [51.59291458129883]
  seed_2020 arm=p2 target=-10 charge=-11.9   Tm=63.00  replicas=[65.4, 72.0, 51.6]
Predicted melting temperature: [74.53871154785156]
Predicted melting temperature: [76.00255584716797]
Predicted melting temperature: [69.50652313232422]
  seed_2021 arm=p2 target=-10 charge=-8.01   Tm=73.35  replicas=[74.5, 76.0, 69.5]
Predicted melting temperature: [77.15223693847656]
Predicted melting temperature: [78.68060302734375]
Predicted melting temperature: [80.42269134521484]
  seed_2022 arm=p2 target=-10 charge=-13.9   Tm=78.75  replicas=[77.2, 78.7, 80.4]
Predicted melting temperature: [71.11984252929688]
Predicted melting temperature: [72.87796020507812]
Predicted melting temperature: [52.52429962158203]
  seed_2023 arm=p2 target=-10 charge=-9.90   Tm=65.51  replicas=[71.1, 72.9, 52.5]
Predicted melting temperature: [72.7744369506836]
Predicted melting temperature: [74.98194122314453]
Predicted melting temperature: [71.23551940917969]
  seed_2024 arm=p2 target=-10 charge=-12.0   Tm=73.00  replicas=[72.8, 75.0, 71.2]
Predicted melting temperature: [61.627201080322266]
Predicted melting temperature: [70.80230712890625]
Predicted melting temperature: [50.78142547607422]
  seed_2025 arm=p2 target=-10 charge=-14.0   Tm=61.07  replicas=[61.6, 70.8, 50.8]
Predicted melting temperature: [75.10855865478516]
Predicted melting temperature: [78.54457092285156]
Predicted melting temperature: [76.42674255371094]
  seed_2026 arm=p2 target=-10 charge=-16.0   Tm=76.69  replicas=[75.1, 78.5, 76.4]
Predicted melting temperature: [68.5579833984375]
Predicted melting temperature: [73.47328186035156]
Predicted melting temperature: [52.96708679199219]
  seed_2027 arm=p2 target=-10 charge=-7.86   Tm=65.00  replicas=[68.6, 73.5, 53.0]
Predicted melting temperature: [73.4834213256836]
Predicted melting temperature: [73.05899047851562]
Predicted melting temperature: [59.921443939208984]
  seed_2028 arm=p2 target=-10 charge=-5.02   Tm=68.82  replicas=[73.5, 73.1, 59.9]
Predicted melting temperature: [65.66926574707031]
Predicted melting temperature: [70.23367309570312]
Predicted melting temperature: [49.75680923461914]
  seed_2029 arm=p2 target=-10 charge=-6.98   Tm=61.89  replicas=[65.7, 70.2, 49.8]
Predicted melting temperature: [58.20558547973633]
Predicted melting temperature: [63.93151092529297]
Predicted melting temperature: [48.42242431640625]
  native charge=-11.66                       Tm=56.85  replicas=[58.2, 63.9, 48.4]
  [output/tm_sol_v12_2/seqs/1CGE/arm_p2/seqs.fa] 已写 output/tm_sol_v12_2/seqs/1CGE/arm_p2/seqs.fa.tm.csv
Predicted melting temperature: [71.91375732421875]
Predicted melting temperature: [73.87516784667969]
Predicted melting temperature: [71.06006622314453]
  seed_2000 arm=p8 target=-4 charge=-3.98    Tm=72.28  replicas=[71.9, 73.9, 71.1]
Predicted melting temperature: [59.87940979003906]
Predicted melting temperature: [71.28894805908203]
Predicted melting temperature: [54.054107666015625]
  seed_2001 arm=p8 target=-4 charge=-2.98    Tm=61.74  replicas=[59.9, 71.3, 54.1]
Predicted melting temperature: [66.27803802490234]
Predicted melting temperature: [71.50532531738281]
Predicted melting temperature: [52.183738708496094]
  seed_2002 arm=p8 target=-4 charge=-0.02    Tm=63.32  replicas=[66.3, 71.5, 52.2]
Predicted melting temperature: [69.93730926513672]
Predicted melting temperature: [70.53948974609375]
Predicted melting temperature: [54.36211013793945]
  seed_2003 arm=p8 target=-4 charge=-2.98    Tm=64.95  replicas=[69.9, 70.5, 54.4]
Predicted melting temperature: [67.55956268310547]
Predicted melting temperature: [70.5692138671875]
Predicted melting temperature: [53.89904022216797]
  seed_2004 arm=p8 target=-4 charge=-8.98    Tm=64.01  replicas=[67.6, 70.6, 53.9]
Predicted melting temperature: [68.37553405761719]
Predicted melting temperature: [70.96057891845703]
Predicted melting temperature: [53.799041748046875]
  seed_2005 arm=p8 target=-4 charge=-9.02    Tm=64.38  replicas=[68.4, 71.0, 53.8]
Predicted melting temperature: [71.48155212402344]
Predicted melting temperature: [72.70437622070312]
Predicted melting temperature: [65.6463851928711]
  seed_2006 arm=p8 target=-4 charge=-3.02    Tm=69.94  replicas=[71.5, 72.7, 65.6]
Predicted melting temperature: [70.8095474243164]
Predicted melting temperature: [75.4958724975586]
Predicted melting temperature: [63.32093811035156]
  seed_2007 arm=p8 target=-4 charge=-4.94    Tm=69.88  replicas=[70.8, 75.5, 63.3]
Predicted melting temperature: [67.96178436279297]
Predicted melting temperature: [71.52789306640625]
Predicted melting temperature: [59.06189727783203]
  seed_2008 arm=p8 target=-4 charge=-2.03    Tm=66.18  replicas=[68.0, 71.5, 59.1]
Predicted melting temperature: [72.24199676513672]
Predicted melting temperature: [74.39907836914062]
Predicted melting temperature: [65.72907257080078]
  seed_2009 arm=p8 target=-4 charge=-7.02    Tm=70.79  replicas=[72.2, 74.4, 65.7]
Predicted melting temperature: [70.4040298461914]
Predicted melting temperature: [72.8188705444336]
Predicted melting temperature: [61.04656982421875]
  seed_2010 arm=p8 target=-4 charge=-2.95    Tm=68.09  replicas=[70.4, 72.8, 61.0]
Predicted melting temperature: [64.03472137451172]
Predicted melting temperature: [67.50271606445312]
Predicted melting temperature: [50.77055358886719]
  seed_2011 arm=p8 target=-4 charge=-4.99    Tm=60.77  replicas=[64.0, 67.5, 50.8]
Predicted melting temperature: [74.7413101196289]
Predicted melting temperature: [76.28887939453125]
Predicted melting temperature: [74.8165283203125]
  seed_2012 arm=p8 target=-4 charge=+0.98    Tm=75.28  replicas=[74.7, 76.3, 74.8]
Predicted melting temperature: [61.79195785522461]
Predicted melting temperature: [70.99916076660156]
Predicted melting temperature: [51.806949615478516]
  seed_2013 arm=p8 target=-4 charge=-3.02    Tm=61.53  replicas=[61.8, 71.0, 51.8]
Predicted melting temperature: [62.82875061035156]
Predicted melting temperature: [70.8930435180664]
Predicted melting temperature: [55.209754943847656]
  seed_2014 arm=p8 target=-4 charge=-3.99    Tm=62.98  replicas=[62.8, 70.9, 55.2]
Predicted melting temperature: [67.32710266113281]
Predicted melting temperature: [70.83574676513672]
Predicted melting temperature: [57.53236389160156]
  seed_2015 arm=p8 target=-4 charge=-5.02    Tm=65.23  replicas=[67.3, 70.8, 57.5]
Predicted melting temperature: [62.59864807128906]
Predicted melting temperature: [70.40779113769531]
Predicted melting temperature: [51.883155822753906]
  seed_2016 arm=p8 target=-4 charge=-5.02    Tm=61.63  replicas=[62.6, 70.4, 51.9]
Predicted melting temperature: [68.93096160888672]
Predicted melting temperature: [72.70310974121094]
Predicted melting temperature: [59.63948059082031]
  seed_2017 arm=p8 target=-4 charge=-7.99    Tm=67.09  replicas=[68.9, 72.7, 59.6]
Predicted melting temperature: [67.87750244140625]
Predicted melting temperature: [71.53787231445312]
Predicted melting temperature: [59.875953674316406]
  seed_2018 arm=p8 target=-4 charge=-4.02    Tm=66.43  replicas=[67.9, 71.5, 59.9]
Predicted melting temperature: [72.52031707763672]
Predicted melting temperature: [72.25065612792969]
Predicted melting temperature: [55.751888275146484]
  seed_2019 arm=p8 target=-4 charge=+3.02    Tm=66.84  replicas=[72.5, 72.3, 55.8]
Predicted melting temperature: [69.1358413696289]
Predicted melting temperature: [73.03791809082031]
Predicted melting temperature: [52.44041061401367]
  seed_2020 arm=p8 target=-4 charge=-4.99    Tm=64.87  replicas=[69.1, 73.0, 52.4]
Predicted melting temperature: [73.61563873291016]
Predicted melting temperature: [77.42577362060547]
Predicted melting temperature: [67.89240264892578]
  seed_2021 arm=p8 target=-4 charge=+1.98    Tm=72.98  replicas=[73.6, 77.4, 67.9]
Predicted melting temperature: [63.03895568847656]
Predicted melting temperature: [70.57967376708984]
Predicted melting temperature: [51.445945739746094]
  seed_2022 arm=p8 target=-4 charge=-1.02    Tm=61.69  replicas=[63.0, 70.6, 51.4]
Predicted melting temperature: [74.16973876953125]
Predicted melting temperature: [74.07707214355469]
Predicted melting temperature: [68.02925872802734]
  seed_2023 arm=p8 target=-4 charge=-2.95    Tm=72.09  replicas=[74.2, 74.1, 68.0]
Predicted melting temperature: [71.20423889160156]
Predicted melting temperature: [72.53475952148438]
Predicted melting temperature: [63.14546203613281]
  seed_2024 arm=p8 target=-4 charge=-8.02    Tm=68.96  replicas=[71.2, 72.5, 63.1]
Predicted melting temperature: [66.418701171875]
Predicted melting temperature: [68.24723815917969]
Predicted melting temperature: [54.282493591308594]
  seed_2025 arm=p8 target=-4 charge=-3.02    Tm=62.98  replicas=[66.4, 68.2, 54.3]
Predicted melting temperature: [63.70534133911133]
Predicted melting temperature: [70.64961242675781]
Predicted melting temperature: [53.599822998046875]
  seed_2026 arm=p8 target=-4 charge=+3.02    Tm=62.65  replicas=[63.7, 70.6, 53.6]
Predicted melting temperature: [67.43618774414062]
Predicted melting temperature: [72.86669921875]
Predicted melting temperature: [54.047611236572266]
  seed_2027 arm=p8 target=-4 charge=-0.95    Tm=64.78  replicas=[67.4, 72.9, 54.0]
Predicted melting temperature: [70.34483337402344]
Predicted melting temperature: [69.42108917236328]
Predicted melting temperature: [52.859375]
  seed_2028 arm=p8 target=-4 charge=-0.02    Tm=64.21  replicas=[70.3, 69.4, 52.9]
Predicted melting temperature: [64.04114532470703]
Predicted melting temperature: [67.80648803710938]
Predicted melting temperature: [52.388038635253906]
  seed_2029 arm=p8 target=-4 charge=-3.98    Tm=61.41  replicas=[64.0, 67.8, 52.4]
Predicted melting temperature: [58.20558547973633]
Predicted melting temperature: [63.93151092529297]
Predicted melting temperature: [48.42242431640625]
  native charge=-11.66                       Tm=56.85  replicas=[58.2, 63.9, 48.4]
  [output/tm_sol_v12_2/seqs/1CGE/arm_p8/seqs.fa] 已写 output/tm_sol_v12_2/seqs/1CGE/arm_p8/seqs.fa.tm.csv
Predicted melting temperature: [77.6008071899414]
Predicted melting temperature: [75.8570556640625]
Predicted melting temperature: [79.02462005615234]
  seed_2000 arm=n2 target=-9 charge=-10.92   Tm=77.49  replicas=[77.6, 75.9, 79.0]
Predicted melting temperature: [73.24559020996094]
Predicted melting temperature: [73.66695404052734]
Predicted melting temperature: [73.99878692626953]
  seed_2001 arm=n2 target=-9 charge=+2.07    Tm=73.64  replicas=[73.2, 73.7, 74.0]
Predicted melting temperature: [67.6774673461914]
Predicted melting temperature: [71.74644470214844]
Predicted melting temperature: [72.23104858398438]
  seed_2002 arm=n2 target=-9 charge=-8.96    Tm=70.55  replicas=[67.7, 71.7, 72.2]
Predicted melting temperature: [65.50096130371094]
Predicted melting temperature: [70.01351165771484]
Predicted melting temperature: [64.2686538696289]
  seed_2003 arm=n2 target=-9 charge=-4.11    Tm=66.59  replicas=[65.5, 70.0, 64.3]
Predicted melting temperature: [67.0929946899414]
Predicted melting temperature: [74.23297119140625]
Predicted melting temperature: [55.024330139160156]
  seed_2004 arm=n2 target=-9 charge=-3.93    Tm=65.45  replicas=[67.1, 74.2, 55.0]
Predicted melting temperature: [74.45538330078125]
Predicted melting temperature: [72.7950439453125]
Predicted melting temperature: [73.46643829345703]
  seed_2005 arm=n2 target=-9 charge=-12.96   Tm=73.57  replicas=[74.5, 72.8, 73.5]
Predicted melting temperature: [51.59992599487305]
Predicted melting temperature: [48.87226867675781]
Predicted melting temperature: [54.9888801574707]
  seed_2006 arm=n2 target=-9 charge=-15.92   Tm=51.82  replicas=[51.6, 48.9, 55.0]
Predicted melting temperature: [72.4117431640625]
Predicted melting temperature: [75.48197937011719]
Predicted melting temperature: [76.66936492919922]
  seed_2007 arm=n2 target=-9 charge=-2.93    Tm=74.85  replicas=[72.4, 75.5, 76.7]
Predicted melting temperature: [60.38441467285156]
Predicted melting temperature: [72.14839935302734]
Predicted melting temperature: [69.5792236328125]
  seed_2008 arm=n2 target=-9 charge=-10.88   Tm=67.37  replicas=[60.4, 72.1, 69.6]
Predicted melting temperature: [72.05365753173828]
Predicted melting temperature: [73.8228530883789]
Predicted melting temperature: [67.8335189819336]
  seed_2009 arm=n2 target=-9 charge=-8.96    Tm=71.24  replicas=[72.1, 73.8, 67.8]
Predicted melting temperature: [73.29186248779297]
Predicted melting temperature: [75.39115142822266]
Predicted melting temperature: [75.72008514404297]
  seed_2010 arm=n2 target=-9 charge=-2.00    Tm=74.80  replicas=[73.3, 75.4, 75.7]
Predicted melting temperature: [51.0660400390625]
Predicted melting temperature: [48.98993682861328]
Predicted melting temperature: [51.153717041015625]
  seed_2011 arm=n2 target=-9 charge=-8.96    Tm=50.40  replicas=[51.1, 49.0, 51.2]
Predicted melting temperature: [57.35234069824219]
Predicted melting temperature: [73.64334106445312]
Predicted melting temperature: [68.67314910888672]
  seed_2012 arm=n2 target=-9 charge=-5.03    Tm=66.56  replicas=[57.4, 73.6, 68.7]
Predicted melting temperature: [53.82621383666992]
Predicted melting temperature: [68.51942443847656]
Predicted melting temperature: [53.25645446777344]
  seed_2013 arm=n2 target=-9 charge=-3.96    Tm=58.53  replicas=[53.8, 68.5, 53.3]
Predicted melting temperature: [69.6655044555664]
Predicted melting temperature: [75.17799377441406]
Predicted melting temperature: [70.73468780517578]
  seed_2014 arm=n2 target=-9 charge=-11.99   Tm=71.86  replicas=[69.7, 75.2, 70.7]
Predicted melting temperature: [74.6753921508789]
Predicted melting temperature: [75.2903060913086]
Predicted melting temperature: [79.6158676147461]
  seed_2015 arm=n2 target=-9 charge=-1.88    Tm=76.53  replicas=[74.7, 75.3, 79.6]
Predicted melting temperature: [78.3580093383789]
Predicted melting temperature: [75.7449722290039]
Predicted melting temperature: [79.39713287353516]
  seed_2016 arm=n2 target=-9 charge=-15.91   Tm=77.83  replicas=[78.4, 75.7, 79.4]
Predicted melting temperature: [46.925537109375]
Predicted melting temperature: [56.29644012451172]
Predicted melting temperature: [45.458656311035156]
  seed_2017 arm=n2 target=-9 charge=-10.96   Tm=49.56  replicas=[46.9, 56.3, 45.5]
Predicted melting temperature: [71.38529205322266]
Predicted melting temperature: [72.9361572265625]
Predicted melting temperature: [70.94706726074219]
  seed_2018 arm=n2 target=-9 charge=-10.88   Tm=71.76  replicas=[71.4, 72.9, 70.9]
Predicted melting temperature: [71.63611602783203]
Predicted melting temperature: [74.35542297363281]
Predicted melting temperature: [70.83509063720703]
  seed_2019 arm=n2 target=-9 charge=-12.95   Tm=72.28  replicas=[71.6, 74.4, 70.8]
Predicted melting temperature: [76.46883392333984]
Predicted melting temperature: [75.35733032226562]
Predicted melting temperature: [77.34549713134766]
  seed_2020 arm=n2 target=-9 charge=-5.88    Tm=76.39  replicas=[76.5, 75.4, 77.3]
Predicted melting temperature: [53.677181243896484]
Predicted melting temperature: [71.59659576416016]
Predicted melting temperature: [62.76408767700195]
  seed_2021 arm=n2 target=-9 charge=-14.92   Tm=62.68  replicas=[53.7, 71.6, 62.8]
Predicted melting temperature: [76.42509460449219]
Predicted melting temperature: [77.07072448730469]
Predicted melting temperature: [77.05397033691406]
  seed_2022 arm=n2 target=-9 charge=-11.92   Tm=76.85  replicas=[76.4, 77.1, 77.1]
Predicted melting temperature: [53.280399322509766]
Predicted melting temperature: [52.20282745361328]
Predicted melting temperature: [52.729515075683594]
  seed_2023 arm=n2 target=-9 charge=-5.85    Tm=52.74  replicas=[53.3, 52.2, 52.7]
Predicted melting temperature: [75.26945495605469]
Predicted melting temperature: [76.50894165039062]
Predicted melting temperature: [78.44317626953125]
  seed_2024 arm=n2 target=-9 charge=-8.92    Tm=76.74  replicas=[75.3, 76.5, 78.4]
Predicted melting temperature: [54.90584182739258]
Predicted melting temperature: [50.137847900390625]
Predicted melting temperature: [53.86309814453125]
  seed_2025 arm=n2 target=-9 charge=-22.10   Tm=52.97  replicas=[54.9, 50.1, 53.9]
Predicted melting temperature: [72.02557373046875]
Predicted melting temperature: [74.96311950683594]
Predicted melting temperature: [74.91373443603516]
  seed_2026 arm=n2 target=-9 charge=-2.93    Tm=73.97  replicas=[72.0, 75.0, 74.9]
Predicted melting temperature: [75.1873779296875]
Predicted melting temperature: [76.378173828125]
Predicted melting temperature: [76.38410949707031]
  seed_2027 arm=n2 target=-9 charge=-5.88    Tm=75.98  replicas=[75.2, 76.4, 76.4]
Predicted melting temperature: [56.34590530395508]
Predicted melting temperature: [70.33414459228516]
Predicted melting temperature: [68.87165069580078]
  seed_2028 arm=n2 target=-9 charge=-1.01    Tm=65.18  replicas=[56.3, 70.3, 68.9]
Predicted melting temperature: [76.2209701538086]
Predicted melting temperature: [75.20333099365234]
Predicted melting temperature: [79.38458251953125]
  seed_2029 arm=n2 target=-9 charge=-7.96    Tm=76.94  replicas=[76.2, 75.2, 79.4]
Predicted melting temperature: [52.224205017089844]
Predicted melting temperature: [51.92198181152344]
Predicted melting temperature: [49.1476936340332]
  native charge=-6.88                        Tm=51.10  replicas=[52.2, 51.9, 49.1]
  [output/tm_sol_v12_2/seqs/2FEO/arm_n2/seqs.fa] 已写 output/tm_sol_v12_2/seqs/2FEO/arm_n2/seqs.fa.tm.csv
Predicted melting temperature: [79.2766342163086]
Predicted melting temperature: [77.94817352294922]
Predicted melting temperature: [80.0861587524414]
  seed_2000 arm=n8 target=-15 charge=-9.80   Tm=79.10  replicas=[79.3, 77.9, 80.1]
Predicted melting temperature: [78.65998840332031]
Predicted melting temperature: [74.14939880371094]
Predicted melting temperature: [77.57865142822266]
  seed_2001 arm=n8 target=-15 charge=-12.9   Tm=76.80  replicas=[78.7, 74.1, 77.6]
Predicted melting temperature: [69.51429748535156]
Predicted melting temperature: [72.33314514160156]
Predicted melting temperature: [71.99131774902344]
  seed_2002 arm=n8 target=-15 charge=-13.9   Tm=71.28  replicas=[69.5, 72.3, 72.0]
Predicted melting temperature: [69.05268096923828]
Predicted melting temperature: [73.3066635131836]
Predicted melting temperature: [75.56782531738281]
  seed_2003 arm=n8 target=-15 charge=-14.9   Tm=72.64  replicas=[69.1, 73.3, 75.6]
Predicted melting temperature: [74.59947967529297]
Predicted melting temperature: [75.43486785888672]
Predicted melting temperature: [78.80342864990234]
  seed_2004 arm=n8 target=-15 charge=-10.8   Tm=76.28  replicas=[74.6, 75.4, 78.8]
Predicted melting temperature: [78.11448669433594]
Predicted melting temperature: [74.55229949951172]
Predicted melting temperature: [79.21937561035156]
  seed_2005 arm=n8 target=-15 charge=-18.9   Tm=77.30  replicas=[78.1, 74.6, 79.2]
Predicted melting temperature: [69.81641387939453]
Predicted melting temperature: [71.96971893310547]
Predicted melting temperature: [76.42267608642578]
  seed_2006 arm=n8 target=-15 charge=-28.9   Tm=72.74  replicas=[69.8, 72.0, 76.4]
Predicted melting temperature: [75.60403442382812]
Predicted melting temperature: [74.84870910644531]
Predicted melting temperature: [78.40955352783203]
  seed_2007 arm=n8 target=-15 charge=-16.8   Tm=76.29  replicas=[75.6, 74.8, 78.4]
Predicted melting temperature: [75.14192962646484]
Predicted melting temperature: [74.00135803222656]
Predicted melting temperature: [77.31378936767578]
  seed_2008 arm=n8 target=-15 charge=-22.9   Tm=75.49  replicas=[75.1, 74.0, 77.3]
Predicted melting temperature: [75.3926010131836]
Predicted melting temperature: [75.33415222167969]
Predicted melting temperature: [79.83377075195312]
  seed_2009 arm=n8 target=-15 charge=-18.9   Tm=76.85  replicas=[75.4, 75.3, 79.8]
Predicted melting temperature: [76.97526550292969]
Predicted melting temperature: [78.4190444946289]
Predicted melting temperature: [78.7807846069336]
  seed_2010 arm=n8 target=-15 charge=-6.07   Tm=78.06  replicas=[77.0, 78.4, 78.8]
Predicted melting temperature: [70.4885025024414]
Predicted melting temperature: [70.96380615234375]
Predicted melting temperature: [66.88432312011719]
  seed_2011 arm=n8 target=-15 charge=-17.9   Tm=69.45  replicas=[70.5, 71.0, 66.9]
Predicted melting temperature: [78.68071746826172]
Predicted melting temperature: [79.57025146484375]
Predicted melting temperature: [80.5269546508789]
  seed_2012 arm=n8 target=-15 charge=-12.8   Tm=79.59  replicas=[78.7, 79.6, 80.5]
Predicted melting temperature: [67.0513916015625]
Predicted melting temperature: [73.33119201660156]
Predicted melting temperature: [74.65530395507812]
  seed_2013 arm=n8 target=-15 charge=-9.92   Tm=71.68  replicas=[67.1, 73.3, 74.7]
Predicted melting temperature: [79.14197540283203]
Predicted melting temperature: [77.18389892578125]
Predicted melting temperature: [76.4108657836914]
  seed_2014 arm=n8 target=-15 charge=-15.9   Tm=77.58  replicas=[79.1, 77.2, 76.4]
Predicted melting temperature: [80.14371490478516]
Predicted melting temperature: [77.85606384277344]
Predicted melting temperature: [81.10875701904297]
  seed_2015 arm=n8 target=-15 charge=-10.9   Tm=79.70  replicas=[80.1, 77.9, 81.1]
Predicted melting temperature: [77.35368347167969]
Predicted melting temperature: [76.17962646484375]
Predicted melting temperature: [79.13426971435547]
  seed_2016 arm=n8 target=-15 charge=-25.8   Tm=77.56  replicas=[77.4, 76.2, 79.1]
Predicted melting temperature: [73.80450439453125]
Predicted melting temperature: [73.32611083984375]
Predicted melting temperature: [78.71729278564453]
  seed_2017 arm=n8 target=-15 charge=-21.8   Tm=75.28  replicas=[73.8, 73.3, 78.7]
Predicted melting temperature: [77.29718017578125]
Predicted melting temperature: [73.66826629638672]
Predicted melting temperature: [74.39063262939453]
  seed_2018 arm=n8 target=-15 charge=-11.9   Tm=75.12  replicas=[77.3, 73.7, 74.4]
Predicted melting temperature: [74.15098571777344]
Predicted melting temperature: [74.23417663574219]
Predicted melting temperature: [69.66190338134766]
  seed_2019 arm=n8 target=-15 charge=-20.9   Tm=72.68  replicas=[74.2, 74.2, 69.7]
Predicted melting temperature: [80.06549072265625]
Predicted melting temperature: [75.37539672851562]
Predicted melting temperature: [78.99662780761719]
  seed_2020 arm=n8 target=-15 charge=-19.9   Tm=78.15  replicas=[80.1, 75.4, 79.0]
Predicted melting temperature: [66.1660385131836]
Predicted melting temperature: [71.86294555664062]
Predicted melting temperature: [73.8701400756836]
  seed_2021 arm=n8 target=-15 charge=-16.9   Tm=70.63  replicas=[66.2, 71.9, 73.9]
Predicted melting temperature: [77.91365814208984]
Predicted melting temperature: [75.94935607910156]
Predicted melting temperature: [78.67185974121094]
  seed_2022 arm=n8 target=-15 charge=-17.9   Tm=77.51  replicas=[77.9, 75.9, 78.7]
Predicted melting temperature: [58.885231018066406]
Predicted melting temperature: [52.30132293701172]
Predicted melting temperature: [55.538002014160156]
  seed_2023 arm=n8 target=-15 charge=-16.8   Tm=55.57  replicas=[58.9, 52.3, 55.5]
Predicted melting temperature: [69.88410186767578]
Predicted melting temperature: [73.62031555175781]
Predicted melting temperature: [74.8801040649414]
  seed_2024 arm=n8 target=-15 charge=-19.7   Tm=72.79  replicas=[69.9, 73.6, 74.9]
Predicted melting temperature: [72.64053344726562]
Predicted melting temperature: [73.24220275878906]
Predicted melting temperature: [78.63578796386719]
  seed_2025 arm=n8 target=-15 charge=-24.9   Tm=74.84  replicas=[72.6, 73.2, 78.6]
Predicted melting temperature: [79.57892608642578]
Predicted melting temperature: [79.4730224609375]
Predicted melting temperature: [77.71380615234375]
  seed_2026 arm=n8 target=-15 charge=-6.97   Tm=78.92  replicas=[79.6, 79.5, 77.7]
Predicted melting temperature: [75.67784881591797]
Predicted melting temperature: [76.22026824951172]
Predicted melting temperature: [76.51384735107422]
  seed_2027 arm=n8 target=-15 charge=-17.8   Tm=76.14  replicas=[75.7, 76.2, 76.5]
Predicted melting temperature: [74.98656463623047]
Predicted melting temperature: [75.48495483398438]
Predicted melting temperature: [77.79959869384766]
  seed_2028 arm=n8 target=-15 charge=-16.9   Tm=76.09  replicas=[75.0, 75.5, 77.8]
Predicted melting temperature: [77.78899383544922]
Predicted melting temperature: [75.17866516113281]
Predicted melting temperature: [80.6054458618164]
  seed_2029 arm=n8 target=-15 charge=-12.9   Tm=77.86  replicas=[77.8, 75.2, 80.6]
Predicted melting temperature: [52.224205017089844]
Predicted melting temperature: [51.92198181152344]
Predicted melting temperature: [49.1476936340332]
  native charge=-6.88                        Tm=51.10  replicas=[52.2, 51.9, 49.1]
  [output/tm_sol_v12_2/seqs/2FEO/arm_n8/seqs.fa] 已写 output/tm_sol_v12_2/seqs/2FEO/arm_n8/seqs.fa.tm.csv
Predicted melting temperature: [77.20314025878906]
Predicted melting temperature: [75.51219177246094]
Predicted melting temperature: [78.80579376220703]
  seed_2000 arm=native target=-7 charge=-9   Tm=77.17  replicas=[77.2, 75.5, 78.8]
Predicted melting temperature: [73.14569854736328]
Predicted melting temperature: [74.43049621582031]
Predicted melting temperature: [76.9222412109375]
  seed_2001 arm=native target=-7 charge=+1   Tm=74.83  replicas=[73.1, 74.4, 76.9]
Predicted melting temperature: [63.95546340942383]
Predicted melting temperature: [70.67845153808594]
Predicted melting temperature: [57.01872253417969]
  seed_2002 arm=native target=-7 charge=-9   Tm=63.88  replicas=[64.0, 70.7, 57.0]
Predicted melting temperature: [53.60456848144531]
Predicted melting temperature: [55.91266632080078]
Predicted melting temperature: [50.38721466064453]
  seed_2003 arm=native target=-7 charge=-3   Tm=53.30  replicas=[53.6, 55.9, 50.4]
Predicted melting temperature: [75.60204315185547]
Predicted melting temperature: [74.55406188964844]
Predicted melting temperature: [53.486656188964844]
  seed_2004 arm=native target=-7 charge=+0   Tm=67.88  replicas=[75.6, 74.6, 53.5]
Predicted melting temperature: [75.53460693359375]
Predicted melting temperature: [74.1664810180664]
Predicted melting temperature: [73.44470977783203]
  seed_2005 arm=native target=-7 charge=-9   Tm=74.38  replicas=[75.5, 74.2, 73.4]
Predicted melting temperature: [51.239463806152344]
Predicted melting temperature: [51.39085006713867]
Predicted melting temperature: [56.60020065307617]
  seed_2006 arm=native target=-7 charge=-5   Tm=53.08  replicas=[51.2, 51.4, 56.6]
Predicted melting temperature: [73.20803833007812]
Predicted melting temperature: [75.34515380859375]
Predicted melting temperature: [77.1526870727539]
  seed_2007 arm=native target=-7 charge=-0   Tm=75.24  replicas=[73.2, 75.3, 77.2]
Predicted melting temperature: [57.54874038696289]
Predicted melting temperature: [70.65301513671875]
Predicted melting temperature: [62.977237701416016]
  seed_2008 arm=native target=-7 charge=-3   Tm=63.73  replicas=[57.5, 70.7, 63.0]
Predicted melting temperature: [54.26465606689453]
Predicted melting temperature: [52.76417922973633]
Predicted melting temperature: [56.58283233642578]
  seed_2009 arm=native target=-7 charge=+1   Tm=54.54  replicas=[54.3, 52.8, 56.6]
Predicted melting temperature: [57.465057373046875]
Predicted melting temperature: [73.0823974609375]
Predicted melting temperature: [64.96788024902344]
  seed_2010 arm=native target=-7 charge=-0   Tm=65.17  replicas=[57.5, 73.1, 65.0]
Predicted melting temperature: [51.19927978515625]
Predicted melting temperature: [56.59966278076172]
Predicted melting temperature: [52.14173126220703]
  seed_2011 arm=native target=-7 charge=-5   Tm=53.31  replicas=[51.2, 56.6, 52.1]
Predicted melting temperature: [61.60682678222656]
Predicted melting temperature: [74.30620574951172]
Predicted melting temperature: [71.61705017089844]
  seed_2012 arm=native target=-7 charge=-4   Tm=69.18  replicas=[61.6, 74.3, 71.6]
Predicted melting temperature: [52.250511169433594]
Predicted melting temperature: [65.20692443847656]
Predicted melting temperature: [52.06092834472656]
  seed_2013 arm=native target=-7 charge=-1   Tm=56.51  replicas=[52.3, 65.2, 52.1]
Predicted melting temperature: [65.5217514038086]
Predicted melting temperature: [74.34668731689453]
Predicted melting temperature: [61.5658073425293]
  seed_2014 arm=native target=-7 charge=-8   Tm=67.14  replicas=[65.5, 74.3, 61.6]
Predicted melting temperature: [77.72371673583984]
Predicted melting temperature: [75.10841369628906]
Predicted melting temperature: [77.64221954345703]
  seed_2015 arm=native target=-7 charge=+1   Tm=76.82  replicas=[77.7, 75.1, 77.6]
Predicted melting temperature: [78.38214874267578]
Predicted melting temperature: [76.34196472167969]
Predicted melting temperature: [80.39310455322266]
  seed_2016 arm=native target=-7 charge=-1   Tm=78.37  replicas=[78.4, 76.3, 80.4]
Predicted melting temperature: [51.81787872314453]
Predicted melting temperature: [68.56942749023438]
Predicted melting temperature: [48.012046813964844]
  seed_2017 arm=native target=-7 charge=-9   Tm=56.13  replicas=[51.8, 68.6, 48.0]
Predicted melting temperature: [68.7507095336914]
Predicted melting temperature: [71.07719421386719]
Predicted melting temperature: [60.173309326171875]
  seed_2018 arm=native target=-7 charge=-5   Tm=66.67  replicas=[68.8, 71.1, 60.2]
Predicted melting temperature: [71.35565948486328]
Predicted melting temperature: [73.96681213378906]
Predicted melting temperature: [59.849334716796875]
  seed_2019 arm=native target=-7 charge=-4   Tm=68.39  replicas=[71.4, 74.0, 59.8]
Predicted melting temperature: [75.20580291748047]
Predicted melting temperature: [74.71726989746094]
Predicted melting temperature: [77.4496841430664]
  seed_2020 arm=native target=-7 charge=-2   Tm=75.79  replicas=[75.2, 74.7, 77.4]
Predicted melting temperature: [51.5774040222168]
Predicted melting temperature: [73.39443969726562]
Predicted melting temperature: [63.629112243652344]
  seed_2021 arm=native target=-7 charge=-6   Tm=62.87  replicas=[51.6, 73.4, 63.6]
Predicted melting temperature: [76.21784210205078]
Predicted melting temperature: [75.71661376953125]
Predicted melting temperature: [77.15055847167969]
  seed_2022 arm=native target=-7 charge=-5   Tm=76.36  replicas=[76.2, 75.7, 77.2]
Predicted melting temperature: [54.637718200683594]
Predicted melting temperature: [52.32044982910156]
Predicted melting temperature: [58.248836517333984]
  seed_2023 arm=native target=-7 charge=-8   Tm=55.07  replicas=[54.6, 52.3, 58.2]
Predicted melting temperature: [73.57520294189453]
Predicted melting temperature: [75.49542236328125]
Predicted melting temperature: [72.89000701904297]
  seed_2024 arm=native target=-7 charge=-7   Tm=73.99  replicas=[73.6, 75.5, 72.9]
Predicted melting temperature: [58.60724639892578]
Predicted melting temperature: [56.92144012451172]
Predicted melting temperature: [57.09263229370117]
  seed_2025 arm=native target=-7 charge=-1   Tm=57.54  replicas=[58.6, 56.9, 57.1]
Predicted melting temperature: [68.91381072998047]
Predicted melting temperature: [74.35824584960938]
Predicted melting temperature: [72.83727264404297]
  seed_2026 arm=native target=-7 charge=+0   Tm=72.04  replicas=[68.9, 74.4, 72.8]
Predicted melting temperature: [70.92682647705078]
Predicted melting temperature: [74.22289276123047]
Predicted melting temperature: [74.7397232055664]
  seed_2027 arm=native target=-7 charge=-5   Tm=73.30  replicas=[70.9, 74.2, 74.7]
Predicted melting temperature: [50.951053619384766]
Predicted melting temperature: [54.135292053222656]
Predicted melting temperature: [51.67738342285156]
  seed_2028 arm=native target=-7 charge=+0   Tm=52.25  replicas=[51.0, 54.1, 51.7]
Predicted melting temperature: [80.30374145507812]
Predicted melting temperature: [78.07096862792969]
Predicted melting temperature: [80.73162841796875]
  seed_2029 arm=native target=-7 charge=-2   Tm=79.70  replicas=[80.3, 78.1, 80.7]
Predicted melting temperature: [52.224205017089844]
Predicted melting temperature: [51.92198181152344]
Predicted melting temperature: [49.1476936340332]
  native charge=-6.88                        Tm=51.10  replicas=[52.2, 51.9, 49.1]
  [output/tm_sol_v12_2/seqs/2FEO/arm_native/seqs.fa] 已写 output/tm_sol_v12_2/seqs/2FEO/arm_native/seqs.fa.tm.csv
Predicted melting temperature: [52.224205017089844]
Predicted melting temperature: [51.92198181152344]
Predicted melting temperature: [49.1476936340332]
  2FEO_native L=221                          Tm=51.10  replicas=[52.2, 51.9, 49.1]
  [output/tm_sol_v12_2/seqs/2FEO/arm_native_ref/seqs.fa] 已写 output/tm_sol_v12_2/seqs/2FEO/arm_native_ref/seqs.fa.tm.csv
Predicted melting temperature: [75.34761810302734]
Predicted melting temperature: [74.78282165527344]
Predicted melting temperature: [76.14898681640625]
  seed_2000 arm=p2 target=-5 charge=-10.92   Tm=75.43  replicas=[75.3, 74.8, 76.1]
Predicted melting temperature: [72.66621398925781]
Predicted melting temperature: [74.09237670898438]
Predicted melting temperature: [78.32433319091797]
  seed_2001 arm=p2 target=-5 charge=+2.08    Tm=75.03  replicas=[72.7, 74.1, 78.3]
Predicted melting temperature: [68.54460906982422]
Predicted melting temperature: [72.285888671875]
Predicted melting temperature: [66.49274444580078]
  seed_2002 arm=p2 target=-5 charge=-4.92    Tm=69.11  replicas=[68.5, 72.3, 66.5]
Predicted melting temperature: [51.138092041015625]
Predicted melting temperature: [53.36681365966797]
Predicted melting temperature: [46.914207458496094]
  seed_2003 arm=p2 target=-5 charge=-2.96    Tm=50.47  replicas=[51.1, 53.4, 46.9]
Predicted melting temperature: [56.44280242919922]
Predicted melting temperature: [69.46856689453125]
Predicted melting temperature: [49.68021011352539]
  seed_2004 arm=p2 target=-5 charge=+1.16    Tm=58.53  replicas=[56.4, 69.5, 49.7]
Predicted melting temperature: [77.86787414550781]
Predicted melting temperature: [75.08370971679688]
Predicted melting temperature: [75.14156341552734]
  seed_2005 arm=p2 target=-5 charge=-7.92    Tm=76.03  replicas=[77.9, 75.1, 75.1]
Predicted melting temperature: [51.62253189086914]
Predicted melting temperature: [48.567596435546875]
Predicted melting temperature: [49.69145202636719]
  seed_2006 arm=p2 target=-5 charge=-1.92    Tm=49.96  replicas=[51.6, 48.6, 49.7]
Predicted melting temperature: [71.66454315185547]
Predicted melting temperature: [75.28245544433594]
Predicted melting temperature: [73.58792877197266]
  seed_2007 arm=p2 target=-5 charge=+0.08    Tm=73.51  replicas=[71.7, 75.3, 73.6]
Predicted melting temperature: [65.66725158691406]
Predicted melting temperature: [73.97132110595703]
Predicted melting temperature: [69.88245391845703]
  seed_2008 arm=p2 target=-5 charge=-0.96    Tm=69.84  replicas=[65.7, 74.0, 69.9]
Predicted melting temperature: [58.42195510864258]
Predicted melting temperature: [60.104042053222656]
Predicted melting temperature: [62.106361389160156]
  seed_2009 arm=p2 target=-5 charge=+1.08    Tm=60.21  replicas=[58.4, 60.1, 62.1]
Predicted melting temperature: [54.65879821777344]
Predicted melting temperature: [73.25958251953125]
Predicted melting temperature: [69.42754364013672]
  seed_2010 arm=p2 target=-5 charge=+0.01    Tm=65.78  replicas=[54.7, 73.3, 69.4]
Predicted melting temperature: [50.39418411254883]
Predicted melting temperature: [56.40894317626953]
Predicted melting temperature: [53.43547821044922]
  seed_2011 arm=p2 target=-5 charge=-3.96    Tm=53.41  replicas=[50.4, 56.4, 53.4]
Predicted melting temperature: [62.51189422607422]
Predicted melting temperature: [73.23365783691406]
Predicted melting temperature: [67.59127807617188]
  seed_2012 arm=p2 target=-5 charge=-3.03    Tm=67.78  replicas=[62.5, 73.2, 67.6]
Predicted melting temperature: [52.536155700683594]
Predicted melting temperature: [49.170955657958984]
Predicted melting temperature: [49.06956481933594]
  seed_2013 arm=p2 target=-5 charge=-4.88    Tm=50.26  replicas=[52.5, 49.2, 49.1]
Predicted melting temperature: [62.21794509887695]
Predicted melting temperature: [72.6287841796875]
Predicted melting temperature: [49.041778564453125]
  seed_2014 arm=p2 target=-5 charge=-6.88    Tm=61.30  replicas=[62.2, 72.6, 49.0]
Predicted melting temperature: [75.74645233154297]
Predicted melting temperature: [74.10863494873047]
Predicted melting temperature: [75.30171966552734]
  seed_2015 arm=p2 target=-5 charge=+3.08    Tm=75.05  replicas=[75.7, 74.1, 75.3]
Predicted melting temperature: [76.87496948242188]
Predicted melting temperature: [75.00900268554688]
Predicted melting temperature: [78.95249938964844]
  seed_2016 arm=p2 target=-5 charge=-10.91   Tm=76.95  replicas=[76.9, 75.0, 79.0]
Predicted melting temperature: [47.7723388671875]
Predicted melting temperature: [51.26600646972656]
Predicted melting temperature: [46.89164733886719]
  seed_2017 arm=p2 target=-5 charge=-11.88   Tm=48.64  replicas=[47.8, 51.3, 46.9]
Predicted melting temperature: [66.8023681640625]
Predicted melting temperature: [71.07492065429688]
Predicted melting temperature: [59.48066329956055]
  seed_2018 arm=p2 target=-5 charge=-0.92    Tm=65.79  replicas=[66.8, 71.1, 59.5]
Predicted melting temperature: [70.64176940917969]
Predicted melting temperature: [73.43357849121094]
Predicted melting temperature: [56.017616271972656]
  seed_2019 arm=p2 target=-5 charge=-2.95    Tm=66.70  replicas=[70.6, 73.4, 56.0]
Predicted melting temperature: [70.88325500488281]
Predicted melting temperature: [74.02230834960938]
Predicted melting temperature: [71.13981628417969]
  seed_2020 arm=p2 target=-5 charge=+2.16    Tm=72.02  replicas=[70.9, 74.0, 71.1]
Predicted melting temperature: [55.3982048034668]
Predicted melting temperature: [68.92117309570312]
Predicted melting temperature: [55.69377517700195]
  seed_2021 arm=p2 target=-5 charge=-8.92    Tm=60.00  replicas=[55.4, 68.9, 55.7]
Predicted melting temperature: [73.19561004638672]
Predicted melting temperature: [75.47344970703125]
Predicted melting temperature: [76.28412628173828]
  seed_2022 arm=p2 target=-5 charge=-4.84    Tm=74.98  replicas=[73.2, 75.5, 76.3]
Predicted melting temperature: [53.205101013183594]
Predicted melting temperature: [52.989837646484375]
Predicted melting temperature: [60.416961669921875]
  seed_2023 arm=p2 target=-5 charge=-4.85    Tm=55.54  replicas=[53.2, 53.0, 60.4]
Predicted melting temperature: [70.95244598388672]
Predicted melting temperature: [75.15226745605469]
Predicted melting temperature: [68.2624282836914]
  seed_2024 arm=p2 target=-5 charge=-2.92    Tm=71.46  replicas=[71.0, 75.2, 68.3]
Predicted melting temperature: [57.48080825805664]
Predicted melting temperature: [55.976348876953125]
Predicted melting temperature: [56.45253372192383]
  seed_2025 arm=p2 target=-5 charge=-13.99   Tm=56.64  replicas=[57.5, 56.0, 56.5]
Predicted melting temperature: [71.12236785888672]
Predicted melting temperature: [75.2474365234375]
Predicted melting temperature: [73.45793151855469]
  seed_2026 arm=p2 target=-5 charge=+0.07    Tm=73.28  replicas=[71.1, 75.2, 73.5]
Predicted melting temperature: [77.48267364501953]
Predicted melting temperature: [76.03382873535156]
Predicted melting temperature: [78.22745513916016]
  seed_2027 arm=p2 target=-5 charge=-0.88    Tm=77.25  replicas=[77.5, 76.0, 78.2]
Predicted melting temperature: [50.608489990234375]
Predicted melting temperature: [56.19027328491211]
Predicted melting temperature: [51.554847717285156]
  seed_2028 arm=p2 target=-5 charge=+1.03    Tm=52.78  replicas=[50.6, 56.2, 51.6]
Predicted melting temperature: [73.68890380859375]
Predicted melting temperature: [74.94384002685547]
Predicted melting temperature: [74.3617935180664]
  seed_2029 arm=p2 target=-5 charge=-2.92    Tm=74.33  replicas=[73.7, 74.9, 74.4]
Predicted melting temperature: [52.224205017089844]
Predicted melting temperature: [51.92198181152344]
Predicted melting temperature: [49.1476936340332]
  native charge=-6.88                        Tm=51.10  replicas=[52.2, 51.9, 49.1]
  [output/tm_sol_v12_2/seqs/2FEO/arm_p2/seqs.fa] 已写 output/tm_sol_v12_2/seqs/2FEO/arm_p2/seqs.fa.tm.csv
Predicted melting temperature: [76.23223876953125]
Predicted melting temperature: [76.4255599975586]
Predicted melting temperature: [75.78588104248047]
  seed_2000 arm=p8 target=+1 charge=-6.87    Tm=76.15  replicas=[76.2, 76.4, 75.8]
Predicted melting temperature: [78.20278930664062]
Predicted melting temperature: [77.47659301757812]
Predicted melting temperature: [79.06654357910156]
  seed_2001 arm=p8 target=+1 charge=+10.08   Tm=78.25  replicas=[78.2, 77.5, 79.1]
Predicted melting temperature: [64.40445709228516]
Predicted melting temperature: [70.49656677246094]
Predicted melting temperature: [66.547607421875]
  seed_2002 arm=p8 target=+1 charge=-2.96    Tm=67.15  replicas=[64.4, 70.5, 66.5]
Predicted melting temperature: [70.00707244873047]
Predicted melting temperature: [68.68936157226562]
Predicted melting temperature: [68.71985626220703]
  seed_2003 arm=p8 target=+1 charge=+2.00    Tm=69.14  replicas=[70.0, 68.7, 68.7]
Predicted melting temperature: [58.48127365112305]
Predicted melting temperature: [71.0345458984375]
Predicted melting temperature: [56.79669189453125]
  seed_2004 arm=p8 target=+1 charge=+1.16    Tm=62.10  replicas=[58.5, 71.0, 56.8]
Predicted melting temperature: [77.52073669433594]
Predicted melting temperature: [76.03233337402344]
Predicted melting temperature: [73.040283203125]
  seed_2005 arm=p8 target=+1 charge=-1.96    Tm=75.53  replicas=[77.5, 76.0, 73.0]
Predicted melting temperature: [52.81093215942383]
Predicted melting temperature: [57.33275604248047]
Predicted melting temperature: [48.48860168457031]
  seed_2006 arm=p8 target=+1 charge=+5.11    Tm=52.88  replicas=[52.8, 57.3, 48.5]
Predicted melting temperature: [70.40593719482422]
Predicted melting temperature: [74.65782165527344]
Predicted melting temperature: [72.29253387451172]
  seed_2007 arm=p8 target=+1 charge=+7.08    Tm=72.45  replicas=[70.4, 74.7, 72.3]
Predicted melting temperature: [72.23091888427734]
Predicted melting temperature: [75.23579406738281]
Predicted melting temperature: [55.378273010253906]
  seed_2008 arm=p8 target=+1 charge=+1.08    Tm=67.61  replicas=[72.2, 75.2, 55.4]
Predicted melting temperature: [70.46087646484375]
Predicted melting temperature: [76.04756164550781]
Predicted melting temperature: [69.60448455810547]
  seed_2009 arm=p8 target=+1 charge=+6.12    Tm=72.04  replicas=[70.5, 76.0, 69.6]
Predicted melting temperature: [54.63106918334961]
Predicted melting temperature: [56.5192985534668]
Predicted melting temperature: [60.684303283691406]
  seed_2010 arm=p8 target=+1 charge=-1.91    Tm=57.28  replicas=[54.6, 56.5, 60.7]
Predicted melting temperature: [57.091041564941406]
Predicted melting temperature: [70.2919921875]
Predicted melting temperature: [65.19804382324219]
  seed_2011 arm=p8 target=+1 charge=+1.04    Tm=64.19  replicas=[57.1, 70.3, 65.2]
Predicted melting temperature: [72.40959167480469]
Predicted melting temperature: [74.38965606689453]
Predicted melting temperature: [73.05935668945312]
  seed_2012 arm=p8 target=+1 charge=+6.08    Tm=73.29  replicas=[72.4, 74.4, 73.1]
Predicted melting temperature: [53.292022705078125]
Predicted melting temperature: [66.25908660888672]
Predicted melting temperature: [51.45808029174805]
  seed_2013 arm=p8 target=+1 charge=-2.96    Tm=57.00  replicas=[53.3, 66.3, 51.5]
Predicted melting temperature: [74.18128204345703]
Predicted melting temperature: [75.94973754882812]
Predicted melting temperature: [74.94341278076172]
  seed_2014 arm=p8 target=+1 charge=-3.84    Tm=75.02  replicas=[74.2, 75.9, 74.9]
Predicted melting temperature: [76.20443725585938]
Predicted melting temperature: [75.46128845214844]
Predicted melting temperature: [74.12388610839844]
  seed_2015 arm=p8 target=+1 charge=+6.12    Tm=75.26  replicas=[76.2, 75.5, 74.1]
Predicted melting temperature: [74.54608154296875]
Predicted melting temperature: [75.80690002441406]
Predicted melting temperature: [74.50243377685547]
  seed_2016 arm=p8 target=+1 charge=-4.95    Tm=74.95  replicas=[74.5, 75.8, 74.5]
Predicted melting temperature: [51.72837829589844]
Predicted melting temperature: [56.543052673339844]
Predicted melting temperature: [47.22328186035156]
  seed_2017 arm=p8 target=+1 charge=-1.92    Tm=51.83  replicas=[51.7, 56.5, 47.2]
Predicted melting temperature: [56.574615478515625]
Predicted melting temperature: [71.06802368164062]
Predicted melting temperature: [54.753456115722656]
  seed_2018 arm=p8 target=+1 charge=+4.08    Tm=60.80  replicas=[56.6, 71.1, 54.8]
Predicted melting temperature: [71.05361938476562]
Predicted melting temperature: [74.75282287597656]
Predicted melting temperature: [70.97393035888672]
  seed_2019 arm=p8 target=+1 charge=+7.04    Tm=72.26  replicas=[71.1, 74.8, 71.0]
Predicted melting temperature: [82.79588317871094]
Predicted melting temperature: [77.9286117553711]
Predicted melting temperature: [78.08037567138672]
  seed_2020 arm=p8 target=+1 charge=+2.16    Tm=79.60  replicas=[82.8, 77.9, 78.1]
Predicted melting temperature: [71.08460998535156]
Predicted melting temperature: [74.50785827636719]
Predicted melting temperature: [66.24959564208984]
  seed_2021 arm=p8 target=+1 charge=-1.88    Tm=70.61  replicas=[71.1, 74.5, 66.2]
Predicted melting temperature: [77.63898468017578]
Predicted melting temperature: [77.07414245605469]
Predicted melting temperature: [77.92005157470703]
  seed_2022 arm=p8 target=+1 charge=+2.12    Tm=77.54  replicas=[77.6, 77.1, 77.9]
Predicted melting temperature: [53.3298225402832]
Predicted melting temperature: [51.79591369628906]
Predicted melting temperature: [52.902767181396484]
  seed_2023 arm=p8 target=+1 charge=+2.07    Tm=52.68  replicas=[53.3, 51.8, 52.9]
Predicted melting temperature: [72.7800521850586]
Predicted melting temperature: [76.13329315185547]
Predicted melting temperature: [70.8323745727539]
  seed_2024 arm=p8 target=+1 charge=-0.88    Tm=73.25  replicas=[72.8, 76.1, 70.8]
Predicted melting temperature: [65.62803649902344]
Predicted melting temperature: [69.55232238769531]
Predicted melting temperature: [66.51074981689453]
  seed_2025 arm=p8 target=+1 charge=-5.96    Tm=67.23  replicas=[65.6, 69.6, 66.5]
Predicted melting temperature: [77.85562133789062]
Predicted melting temperature: [78.29011535644531]
Predicted melting temperature: [76.89933776855469]
  seed_2026 arm=p8 target=+1 charge=+2.08    Tm=77.68  replicas=[77.9, 78.3, 76.9]
Predicted melting temperature: [77.6456298828125]
Predicted melting temperature: [76.44798278808594]
Predicted melting temperature: [76.72482299804688]
  seed_2027 arm=p8 target=+1 charge=+10.12   Tm=76.94  replicas=[77.6, 76.4, 76.7]
Predicted melting temperature: [69.81745910644531]
Predicted melting temperature: [74.80339050292969]
Predicted melting temperature: [70.47086334228516]
  seed_2028 arm=p8 target=+1 charge=+2.07    Tm=71.70  replicas=[69.8, 74.8, 70.5]
Predicted melting temperature: [81.18834686279297]
Predicted melting temperature: [77.50851440429688]
Predicted melting temperature: [79.46949005126953]
  seed_2029 arm=p8 target=+1 charge=+2.08    Tm=79.39  replicas=[81.2, 77.5, 79.5]
Predicted melting temperature: [52.224205017089844]
Predicted melting temperature: [51.92198181152344]
Predicted melting temperature: [49.1476936340332]
  native charge=-6.88                        Tm=51.10  replicas=[52.2, 51.9, 49.1]
  [output/tm_sol_v12_2/seqs/2FEO/arm_p8/seqs.fa] 已写 output/tm_sol_v12_2/seqs/2FEO/arm_p8/seqs.fa.tm.csv
Predicted melting temperature: [55.12062072753906]
Predicted melting temperature: [53.61684799194336]
Predicted melting temperature: [58.55731964111328]
  seed_2000 arm=n2 target=-8 charge=-10.15   Tm=55.76  replicas=[55.1, 53.6, 58.6]
Predicted melting temperature: [51.69175338745117]
Predicted melting temperature: [44.8317985534668]
Predicted melting temperature: [54.322898864746094]
  seed_2001 arm=n2 target=-8 charge=-9.16    Tm=50.28  replicas=[51.7, 44.8, 54.3]
Predicted melting temperature: [50.85158157348633]
Predicted melting temperature: [45.237022399902344]
Predicted melting temperature: [50.9204216003418]
  seed_2002 arm=n2 target=-8 charge=-14.12   Tm=49.00  replicas=[50.9, 45.2, 50.9]
Predicted melting temperature: [52.42579650878906]
Predicted melting temperature: [61.27513122558594]
Predicted melting temperature: [48.05323791503906]
  seed_2003 arm=n2 target=-8 charge=-4.01    Tm=53.92  replicas=[52.4, 61.3, 48.1]
Predicted melting temperature: [61.09708023071289]
Predicted melting temperature: [73.47174835205078]
Predicted melting temperature: [63.67662811279297]
  seed_2004 arm=n2 target=-8 charge=-2.97    Tm=66.08  replicas=[61.1, 73.5, 63.7]
Predicted melting temperature: [73.21123504638672]
Predicted melting temperature: [78.79705810546875]
Predicted melting temperature: [55.11062240600586]
  seed_2005 arm=n2 target=-8 charge=-10.90   Tm=69.04  replicas=[73.2, 78.8, 55.1]
Predicted melting temperature: [52.65812683105469]
Predicted melting temperature: [73.65838623046875]
Predicted melting temperature: [55.17594909667969]
  seed_2006 arm=n2 target=-8 charge=-12.08   Tm=60.50  replicas=[52.7, 73.7, 55.2]
Predicted melting temperature: [62.89594268798828]
Predicted melting temperature: [66.90293884277344]
Predicted melting temperature: [53.35429382324219]
  seed_2007 arm=n2 target=-8 charge=-6.97    Tm=61.05  replicas=[62.9, 66.9, 53.4]
Predicted melting temperature: [67.12208557128906]
Predicted melting temperature: [63.23167419433594]
Predicted melting temperature: [49.11031723022461]
  seed_2008 arm=n2 target=-8 charge=-2.91    Tm=59.82  replicas=[67.1, 63.2, 49.1]
Predicted melting temperature: [66.71983337402344]
Predicted melting temperature: [72.72846984863281]
Predicted melting temperature: [51.892093658447266]
  seed_2009 arm=n2 target=-8 charge=-6.94    Tm=63.78  replicas=[66.7, 72.7, 51.9]
Predicted melting temperature: [62.39216232299805]
Predicted melting temperature: [71.60539245605469]
Predicted melting temperature: [59.34754943847656]
  seed_2010 arm=n2 target=-8 charge=-12.94   Tm=64.45  replicas=[62.4, 71.6, 59.3]
Predicted melting temperature: [47.909854888916016]
Predicted melting temperature: [51.054656982421875]
Predicted melting temperature: [47.62378692626953]
  seed_2011 arm=n2 target=-8 charge=-8.08    Tm=48.86  replicas=[47.9, 51.1, 47.6]
Predicted melting temperature: [77.00362396240234]
Predicted melting temperature: [77.80068969726562]
Predicted melting temperature: [69.8851547241211]
  seed_2012 arm=n2 target=-8 charge=-7.11    Tm=74.90  replicas=[77.0, 77.8, 69.9]
Predicted melting temperature: [48.90495681762695]
Predicted melting temperature: [73.28746795654297]
Predicted melting temperature: [56.58116149902344]
  seed_2013 arm=n2 target=-8 charge=-11.12   Tm=59.59  replicas=[48.9, 73.3, 56.6]
Predicted melting temperature: [66.99160766601562]
Predicted melting temperature: [77.407958984375]
Predicted melting temperature: [58.75165557861328]
  seed_2014 arm=n2 target=-8 charge=-9.00    Tm=67.72  replicas=[67.0, 77.4, 58.8]
Predicted melting temperature: [68.92510223388672]
Predicted melting temperature: [72.89236450195312]
Predicted melting temperature: [54.452415466308594]
  seed_2015 arm=n2 target=-8 charge=-7.98    Tm=65.42  replicas=[68.9, 72.9, 54.5]
Predicted melting temperature: [51.90087127685547]
Predicted melting temperature: [63.07941436767578]
Predicted melting temperature: [51.66639709472656]
  seed_2016 arm=n2 target=-8 charge=-1.89    Tm=55.55  replicas=[51.9, 63.1, 51.7]
Predicted melting temperature: [67.60723114013672]
Predicted melting temperature: [78.43646240234375]
Predicted melting temperature: [65.01625061035156]
  seed_2017 arm=n2 target=-8 charge=-15.05   Tm=70.35  replicas=[67.6, 78.4, 65.0]
Predicted melting temperature: [60.865074157714844]
Predicted melting temperature: [60.73540496826172]
Predicted melting temperature: [57.019752502441406]
  seed_2018 arm=n2 target=-8 charge=-3.20    Tm=59.54  replicas=[60.9, 60.7, 57.0]
Predicted melting temperature: [79.9281005859375]
Predicted melting temperature: [81.9771499633789]
Predicted melting temperature: [77.90583801269531]
  seed_2019 arm=n2 target=-8 charge=-5.89    Tm=79.94  replicas=[79.9, 82.0, 77.9]
Predicted melting temperature: [74.94520568847656]
Predicted melting temperature: [75.3840103149414]
Predicted melting temperature: [68.85485076904297]
  seed_2020 arm=n2 target=-8 charge=-3.90    Tm=73.06  replicas=[74.9, 75.4, 68.9]
Predicted melting temperature: [75.38653564453125]
Predicted melting temperature: [79.92942810058594]
Predicted melting temperature: [79.52446746826172]
  seed_2021 arm=n2 target=-8 charge=-8.92    Tm=78.28  replicas=[75.4, 79.9, 79.5]
Predicted melting temperature: [52.26103591918945]
Predicted melting temperature: [48.0792236328125]
Predicted melting temperature: [52.62455749511719]
  seed_2022 arm=n2 target=-8 charge=-11.85   Tm=50.99  replicas=[52.3, 48.1, 52.6]
Predicted melting temperature: [49.760005950927734]
Predicted melting temperature: [61.008216857910156]
Predicted melting temperature: [48.72206115722656]
  seed_2023 arm=n2 target=-8 charge=-5.94    Tm=53.16  replicas=[49.8, 61.0, 48.7]
Predicted melting temperature: [55.802459716796875]
Predicted melting temperature: [69.7359619140625]
Predicted melting temperature: [55.22835159301758]
  seed_2024 arm=n2 target=-8 charge=-14.89   Tm=60.26  replicas=[55.8, 69.7, 55.2]
Predicted melting temperature: [48.9918327331543]
Predicted melting temperature: [65.43997192382812]
Predicted melting temperature: [51.0211181640625]
  seed_2025 arm=n2 target=-8 charge=-6.01    Tm=55.15  replicas=[49.0, 65.4, 51.0]
Predicted melting temperature: [54.65485763549805]
Predicted melting temperature: [70.67030334472656]
Predicted melting temperature: [51.65674591064453]
  seed_2026 arm=n2 target=-8 charge=-5.00    Tm=58.99  replicas=[54.7, 70.7, 51.7]
Predicted melting temperature: [68.38410949707031]
Predicted melting temperature: [76.7789306640625]
Predicted melting temperature: [67.12357330322266]
  seed_2027 arm=n2 target=-8 charge=-4.93    Tm=70.76  replicas=[68.4, 76.8, 67.1]
Predicted melting temperature: [53.01158142089844]
Predicted melting temperature: [62.166656494140625]
Predicted melting temperature: [50.365604400634766]
  seed_2028 arm=n2 target=-8 charge=-4.94    Tm=55.18  replicas=[53.0, 62.2, 50.4]
Predicted melting temperature: [58.13843536376953]
Predicted melting temperature: [54.19902038574219]
Predicted melting temperature: [51.666019439697266]
  seed_2029 arm=n2 target=-8 charge=-8.93    Tm=54.67  replicas=[58.1, 54.2, 51.7]
Predicted melting temperature: [57.90772247314453]
Predicted melting temperature: [50.06749725341797]
Predicted melting temperature: [57.34886169433594]
  native charge=-5.53                        Tm=55.11  replicas=[57.9, 50.1, 57.3]
  [output/tm_sol_v12_2/seqs/5CQH/arm_n2/seqs.fa] 已写 output/tm_sol_v12_2/seqs/5CQH/arm_n2/seqs.fa.tm.csv
Predicted melting temperature: [51.428016662597656]
Predicted melting temperature: [72.22135162353516]
Predicted melting temperature: [50.945133209228516]
  seed_2000 arm=n8 target=-14 charge=-13.1   Tm=58.20  replicas=[51.4, 72.2, 50.9]
Predicted melting temperature: [78.2085189819336]
Predicted melting temperature: [80.02975463867188]
Predicted melting temperature: [79.5273208618164]
  seed_2001 arm=n8 target=-14 charge=-13.0   Tm=79.26  replicas=[78.2, 80.0, 79.5]
Predicted melting temperature: [51.8770637512207]
Predicted melting temperature: [70.710205078125]
Predicted melting temperature: [49.28557205200195]
  seed_2002 arm=n8 target=-14 charge=-24.0   Tm=57.29  replicas=[51.9, 70.7, 49.3]
Predicted melting temperature: [56.454402923583984]
Predicted melting temperature: [73.68316650390625]
Predicted melting temperature: [60.8359489440918]
  seed_2003 arm=n8 target=-14 charge=-15.1   Tm=63.66  replicas=[56.5, 73.7, 60.8]
Predicted melting temperature: [64.63933563232422]
Predicted melting temperature: [71.1378173828125]
Predicted melting temperature: [63.552852630615234]
  seed_2004 arm=n8 target=-14 charge=-3.93   Tm=66.44  replicas=[64.6, 71.1, 63.6]
Predicted melting temperature: [63.999107360839844]
Predicted melting temperature: [77.4807357788086]
Predicted melting temperature: [51.96025085449219]
  seed_2005 arm=n8 target=-14 charge=-13.8   Tm=64.48  replicas=[64.0, 77.5, 52.0]
Predicted melting temperature: [63.193016052246094]
Predicted melting temperature: [78.40322875976562]
Predicted melting temperature: [56.89195251464844]
  seed_2006 arm=n8 target=-14 charge=-26.1   Tm=66.16  replicas=[63.2, 78.4, 56.9]
Predicted melting temperature: [59.96257019042969]
Predicted melting temperature: [67.12605285644531]
Predicted melting temperature: [51.848052978515625]
  seed_2007 arm=n8 target=-14 charge=-12.0   Tm=59.65  replicas=[60.0, 67.1, 51.8]
Predicted melting temperature: [58.76908874511719]
Predicted melting temperature: [68.85377502441406]
Predicted melting temperature: [51.60865783691406]
  seed_2008 arm=n8 target=-14 charge=-7.86   Tm=59.74  replicas=[58.8, 68.9, 51.6]
Predicted melting temperature: [75.5767593383789]
Predicted melting temperature: [79.96827697753906]
Predicted melting temperature: [81.22209930419922]
  seed_2009 arm=n8 target=-14 charge=-17.9   Tm=78.92  replicas=[75.6, 80.0, 81.2]
Predicted melting temperature: [56.04584884643555]
Predicted melting temperature: [54.39665603637695]
Predicted melting temperature: [50.69691848754883]
  seed_2010 arm=n8 target=-14 charge=-21.0   Tm=53.71  replicas=[56.0, 54.4, 50.7]
Predicted melting temperature: [49.42805862426758]
Predicted melting temperature: [54.3756103515625]
Predicted melting temperature: [51.53642654418945]
  seed_2011 arm=n8 target=-14 charge=-16.1   Tm=51.78  replicas=[49.4, 54.4, 51.5]
Predicted melting temperature: [78.10423278808594]
Predicted melting temperature: [79.66836547851562]
Predicted melting temperature: [81.6906509399414]
  seed_2012 arm=n8 target=-14 charge=-13.1   Tm=79.82  replicas=[78.1, 79.7, 81.7]
Predicted melting temperature: [70.2651596069336]
Predicted melting temperature: [74.29170227050781]
Predicted melting temperature: [58.409000396728516]
  seed_2013 arm=n8 target=-14 charge=-19.1   Tm=67.66  replicas=[70.3, 74.3, 58.4]
Predicted melting temperature: [78.5718765258789]
Predicted melting temperature: [80.10955810546875]
Predicted melting temperature: [79.78971099853516]
  seed_2014 arm=n8 target=-14 charge=-16.9   Tm=79.49  replicas=[78.6, 80.1, 79.8]
Predicted melting temperature: [68.93705749511719]
Predicted melting temperature: [79.12672424316406]
Predicted melting temperature: [65.36737060546875]
  seed_2015 arm=n8 target=-14 charge=-12.9   Tm=71.14  replicas=[68.9, 79.1, 65.4]
Predicted melting temperature: [60.5247688293457]
Predicted melting temperature: [71.10602569580078]
Predicted melting temperature: [45.37325668334961]
  seed_2016 arm=n8 target=-14 charge=-13.9   Tm=59.00  replicas=[60.5, 71.1, 45.4]
Predicted melting temperature: [78.43440246582031]
Predicted melting temperature: [80.27117156982422]
Predicted melting temperature: [76.92903900146484]
  seed_2017 arm=n8 target=-14 charge=-22.1   Tm=78.54  replicas=[78.4, 80.3, 76.9]
Predicted melting temperature: [49.80236053466797]
Predicted melting temperature: [67.49607849121094]
Predicted melting temperature: [51.313499450683594]
  seed_2018 arm=n8 target=-14 charge=-10.1   Tm=56.20  replicas=[49.8, 67.5, 51.3]
Predicted melting temperature: [77.06159210205078]
Predicted melting temperature: [81.18010711669922]
Predicted melting temperature: [80.33582305908203]
  seed_2019 arm=n8 target=-14 charge=-10.8   Tm=79.53  replicas=[77.1, 81.2, 80.3]
Predicted melting temperature: [77.85393524169922]
Predicted melting temperature: [78.32481384277344]
Predicted melting temperature: [79.61072540283203]
  seed_2020 arm=n8 target=-14 charge=-15.9   Tm=78.60  replicas=[77.9, 78.3, 79.6]
Predicted melting temperature: [79.1326904296875]
Predicted melting temperature: [81.49244689941406]
Predicted melting temperature: [82.8410415649414]
  seed_2021 arm=n8 target=-14 charge=-14.9   Tm=81.16  replicas=[79.1, 81.5, 82.8]
Predicted melting temperature: [66.29798126220703]
Predicted melting temperature: [80.71920776367188]
Predicted melting temperature: [81.49095916748047]
  seed_2022 arm=n8 target=-14 charge=-12.0   Tm=76.17  replicas=[66.3, 80.7, 81.5]
Predicted melting temperature: [72.73624420166016]
Predicted melting temperature: [79.08668518066406]
Predicted melting temperature: [68.17807006835938]
  seed_2023 arm=n8 target=-14 charge=-13.9   Tm=73.33  replicas=[72.7, 79.1, 68.2]
Predicted melting temperature: [76.53479766845703]
Predicted melting temperature: [77.51998901367188]
Predicted melting temperature: [76.18254852294922]
  seed_2024 arm=n8 target=-14 charge=-16.8   Tm=76.75  replicas=[76.5, 77.5, 76.2]
Predicted melting temperature: [61.036617279052734]
Predicted melting temperature: [73.95289611816406]
Predicted melting temperature: [50.136863708496094]
  seed_2025 arm=n8 target=-14 charge=-14.0   Tm=61.71  replicas=[61.0, 74.0, 50.1]
Predicted melting temperature: [59.633628845214844]
Predicted melting temperature: [73.62718200683594]
Predicted melting temperature: [54.65718078613281]
  seed_2026 arm=n8 target=-14 charge=-8.07   Tm=62.64  replicas=[59.6, 73.6, 54.7]
Predicted melting temperature: [77.5849838256836]
Predicted melting temperature: [81.37496948242188]
Predicted melting temperature: [81.04094696044922]
  seed_2027 arm=n8 target=-14 charge=-17.9   Tm=80.00  replicas=[77.6, 81.4, 81.0]
Predicted melting temperature: [52.152523040771484]
Predicted melting temperature: [73.88011169433594]
Predicted melting temperature: [57.23325729370117]
  seed_2028 arm=n8 target=-14 charge=-9.01   Tm=61.09  replicas=[52.2, 73.9, 57.2]
Predicted melting temperature: [61.178768157958984]
Predicted melting temperature: [65.32322692871094]
Predicted melting temperature: [49.129425048828125]
  seed_2029 arm=n8 target=-14 charge=-14.9   Tm=58.54  replicas=[61.2, 65.3, 49.1]
Predicted melting temperature: [57.90772247314453]
Predicted melting temperature: [50.06749725341797]
Predicted melting temperature: [57.34886169433594]
  native charge=-5.53                        Tm=55.11  replicas=[57.9, 50.1, 57.3]
  [output/tm_sol_v12_2/seqs/5CQH/arm_n8/seqs.fa] 已写 output/tm_sol_v12_2/seqs/5CQH/arm_n8/seqs.fa.tm.csv
Predicted melting temperature: [52.2025146484375]
Predicted melting temperature: [49.8796272277832]
Predicted melting temperature: [54.56504821777344]
  seed_2000 arm=native target=-6 charge=-8   Tm=52.22  replicas=[52.2, 49.9, 54.6]
Predicted melting temperature: [59.31684875488281]
Predicted melting temperature: [72.34451293945312]
Predicted melting temperature: [61.49516296386719]
  seed_2001 arm=native target=-6 charge=-1   Tm=64.39  replicas=[59.3, 72.3, 61.5]
Predicted melting temperature: [50.87466049194336]
Predicted melting temperature: [47.96263122558594]
Predicted melting temperature: [49.39461135864258]
  seed_2002 arm=native target=-6 charge=-1   Tm=49.41  replicas=[50.9, 48.0, 49.4]
Predicted melting temperature: [49.157501220703125]
Predicted melting temperature: [51.45240783691406]
Predicted melting temperature: [46.411582946777344]
  seed_2003 arm=native target=-6 charge=-7   Tm=49.01  replicas=[49.2, 51.5, 46.4]
Predicted melting temperature: [59.96931076049805]
Predicted melting temperature: [72.0164566040039]
Predicted melting temperature: [50.576202392578125]
  seed_2004 arm=native target=-6 charge=-4   Tm=60.85  replicas=[60.0, 72.0, 50.6]
Predicted melting temperature: [51.60959243774414]
Predicted melting temperature: [74.86763000488281]
Predicted melting temperature: [47.972900390625]
  seed_2005 arm=native target=-6 charge=-6   Tm=58.15  replicas=[51.6, 74.9, 48.0]
Predicted melting temperature: [52.70122146606445]
Predicted melting temperature: [49.447364807128906]
Predicted melting temperature: [51.61840057373047]
  seed_2006 arm=native target=-6 charge=-6   Tm=51.26  replicas=[52.7, 49.4, 51.6]
Predicted melting temperature: [59.72480773925781]
Predicted melting temperature: [68.33474731445312]
Predicted melting temperature: [53.676483154296875]
  seed_2007 arm=native target=-6 charge=-3   Tm=60.58  replicas=[59.7, 68.3, 53.7]
Predicted melting temperature: [63.70448684692383]
Predicted melting temperature: [65.92505645751953]
Predicted melting temperature: [49.11114501953125]
  seed_2008 arm=native target=-6 charge=-0   Tm=59.58  replicas=[63.7, 65.9, 49.1]
Predicted melting temperature: [47.64882278442383]
Predicted melting temperature: [48.3856086730957]
Predicted melting temperature: [51.48822021484375]
  seed_2009 arm=native target=-6 charge=+0   Tm=49.17  replicas=[47.6, 48.4, 51.5]
Predicted melting temperature: [60.34987258911133]
Predicted melting temperature: [70.90801239013672]
Predicted melting temperature: [55.235504150390625]
  seed_2010 arm=native target=-6 charge=-8   Tm=62.16  replicas=[60.3, 70.9, 55.2]
Predicted melting temperature: [52.811519622802734]
Predicted melting temperature: [58.391090393066406]
Predicted melting temperature: [49.807281494140625]
  seed_2011 arm=native target=-6 charge=-8   Tm=53.67  replicas=[52.8, 58.4, 49.8]
Predicted melting temperature: [53.44172286987305]
Predicted melting temperature: [61.756103515625]
Predicted melting temperature: [57.04805374145508]
  seed_2012 arm=native target=-6 charge=-5   Tm=57.42  replicas=[53.4, 61.8, 57.0]
Predicted melting temperature: [64.13692474365234]
Predicted melting temperature: [73.42637634277344]
Predicted melting temperature: [49.655067443847656]
  seed_2013 arm=native target=-6 charge=-5   Tm=62.41  replicas=[64.1, 73.4, 49.7]
Predicted melting temperature: [66.97061920166016]
Predicted melting temperature: [74.70476531982422]
Predicted melting temperature: [57.93138885498047]
  seed_2014 arm=native target=-6 charge=+0   Tm=66.54  replicas=[67.0, 74.7, 57.9]
Predicted melting temperature: [67.07899475097656]
Predicted melting temperature: [70.2901840209961]
Predicted melting temperature: [51.154842376708984]
  seed_2015 arm=native target=-6 charge=-4   Tm=62.84  replicas=[67.1, 70.3, 51.2]
Predicted melting temperature: [55.18125915527344]
Predicted melting temperature: [61.418853759765625]
Predicted melting temperature: [48.65283966064453]
  seed_2016 arm=native target=-6 charge=-1   Tm=55.08  replicas=[55.2, 61.4, 48.7]
Predicted melting temperature: [67.97584533691406]
Predicted melting temperature: [77.6337890625]
Predicted melting temperature: [63.407047271728516]
  seed_2017 arm=native target=-6 charge=-1   Tm=69.67  replicas=[68.0, 77.6, 63.4]
Predicted melting temperature: [54.41845703125]
Predicted melting temperature: [51.25691223144531]
Predicted melting temperature: [54.468955993652344]
  seed_2018 arm=native target=-6 charge=-3   Tm=53.38  replicas=[54.4, 51.3, 54.5]
Predicted melting temperature: [79.95173645019531]
Predicted melting temperature: [81.9213638305664]
Predicted melting temperature: [79.7126693725586]
  seed_2019 arm=native target=-6 charge=-4   Tm=80.53  replicas=[80.0, 81.9, 79.7]
Predicted melting temperature: [71.84059143066406]
Predicted melting temperature: [73.62024688720703]
Predicted melting temperature: [59.14814376831055]
  seed_2020 arm=native target=-6 charge=+1   Tm=68.20  replicas=[71.8, 73.6, 59.1]
Predicted melting temperature: [64.88392639160156]
Predicted melting temperature: [78.00007629394531]
Predicted melting temperature: [69.43887329101562]
  seed_2021 arm=native target=-6 charge=-6   Tm=70.77  replicas=[64.9, 78.0, 69.4]
Predicted melting temperature: [47.953365325927734]
Predicted melting temperature: [48.44934844970703]
Predicted melting temperature: [48.213401794433594]
  seed_2022 arm=native target=-6 charge=-9   Tm=48.21  replicas=[48.0, 48.4, 48.2]
Predicted melting temperature: [48.799949645996094]
Predicted melting temperature: [49.3819580078125]
Predicted melting temperature: [49.1596565246582]
  seed_2023 arm=native target=-6 charge=-3   Tm=49.11  replicas=[48.8, 49.4, 49.2]
Predicted melting temperature: [54.609886169433594]
Predicted melting temperature: [71.76348876953125]
Predicted melting temperature: [50.5728645324707]
  seed_2024 arm=native target=-6 charge=-9   Tm=58.98  replicas=[54.6, 71.8, 50.6]
Predicted melting temperature: [48.35063934326172]
Predicted melting temperature: [59.001426696777344]
Predicted melting temperature: [50.22257995605469]
  seed_2025 arm=native target=-6 charge=-1   Tm=52.52  replicas=[48.4, 59.0, 50.2]
Predicted melting temperature: [60.33610916137695]
Predicted melting temperature: [70.68588256835938]
Predicted melting temperature: [50.34606170654297]
  seed_2026 arm=native target=-6 charge=-2   Tm=60.46  replicas=[60.3, 70.7, 50.3]
Predicted melting temperature: [70.67198181152344]
Predicted melting temperature: [77.18190002441406]
Predicted melting temperature: [68.62950897216797]
  seed_2027 arm=native target=-6 charge=-4   Tm=72.16  replicas=[70.7, 77.2, 68.6]
Predicted melting temperature: [51.498634338378906]
Predicted melting temperature: [48.82950973510742]
Predicted melting temperature: [49.448577880859375]
  seed_2028 arm=native target=-6 charge=-2   Tm=49.93  replicas=[51.5, 48.8, 49.4]
Predicted melting temperature: [50.54051971435547]
Predicted melting temperature: [47.75048065185547]
Predicted melting temperature: [50.67304229736328]
  seed_2029 arm=native target=-6 charge=-8   Tm=49.65  replicas=[50.5, 47.8, 50.7]
Predicted melting temperature: [57.90772247314453]
Predicted melting temperature: [50.06749725341797]
Predicted melting temperature: [57.34886169433594]
  native charge=-5.53                        Tm=55.11  replicas=[57.9, 50.1, 57.3]
  [output/tm_sol_v12_2/seqs/5CQH/arm_native/seqs.fa] 已写 output/tm_sol_v12_2/seqs/5CQH/arm_native/seqs.fa.tm.csv
Predicted melting temperature: [57.90772247314453]
Predicted melting temperature: [50.06749725341797]
Predicted melting temperature: [57.34886169433594]
  5CQH_native L=183                          Tm=55.11  replicas=[57.9, 50.1, 57.3]
  [output/tm_sol_v12_2/seqs/5CQH/arm_native_ref/seqs.fa] 已写 output/tm_sol_v12_2/seqs/5CQH/arm_native_ref/seqs.fa.tm.csv
Predicted melting temperature: [52.866111755371094]
Predicted melting temperature: [57.34968566894531]
Predicted melting temperature: [53.54396057128906]
  seed_2000 arm=p2 target=-4 charge=-6.04    Tm=54.59  replicas=[52.9, 57.3, 53.5]
Predicted melting temperature: [48.04011917114258]
Predicted melting temperature: [55.653038024902344]
Predicted melting temperature: [52.798282623291016]
  seed_2001 arm=p2 target=-4 charge=-9.15    Tm=52.16  replicas=[48.0, 55.7, 52.8]
Predicted melting temperature: [52.75065231323242]
Predicted melting temperature: [51.416664123535156]
Predicted melting temperature: [52.04521179199219]
  seed_2002 arm=p2 target=-4 charge=-10.97   Tm=52.07  replicas=[52.8, 51.4, 52.0]
Predicted melting temperature: [50.32438278198242]
Predicted melting temperature: [57.247039794921875]
Predicted melting temperature: [46.76785659790039]
  seed_2003 arm=p2 target=-4 charge=-0.01    Tm=51.45  replicas=[50.3, 57.2, 46.8]
Predicted melting temperature: [58.381103515625]
Predicted melting temperature: [67.89704895019531]
Predicted melting temperature: [49.08477783203125]
  seed_2004 arm=p2 target=-4 charge=-3.94    Tm=58.45  replicas=[58.4, 67.9, 49.1]
Predicted melting temperature: [49.22215270996094]
Predicted melting temperature: [72.50379943847656]
Predicted melting temperature: [46.447715759277344]
  seed_2005 arm=p2 target=-4 charge=-7.90    Tm=56.06  replicas=[49.2, 72.5, 46.4]
Predicted melting temperature: [51.779476165771484]
Predicted melting temperature: [44.38975524902344]
Predicted melting temperature: [50.115440368652344]
  seed_2006 arm=p2 target=-4 charge=-4.08    Tm=48.76  replicas=[51.8, 44.4, 50.1]
Predicted melting temperature: [63.87326431274414]
Predicted melting temperature: [69.67489624023438]
Predicted melting temperature: [54.06837463378906]
  seed_2007 arm=p2 target=-4 charge=-2.98    Tm=62.54  replicas=[63.9, 69.7, 54.1]
Predicted melting temperature: [61.47379684448242]
Predicted melting temperature: [68.32426452636719]
Predicted melting temperature: [51.28417205810547]
  seed_2008 arm=p2 target=-4 charge=-1.91    Tm=60.36  replicas=[61.5, 68.3, 51.3]
Predicted melting temperature: [49.179866790771484]
Predicted melting temperature: [49.5711784362793]
Predicted melting temperature: [51.41114044189453]
  seed_2009 arm=p2 target=-4 charge=-0.94    Tm=50.05  replicas=[49.2, 49.6, 51.4]
Predicted melting temperature: [57.22294235229492]
Predicted melting temperature: [70.25386810302734]
Predicted melting temperature: [55.595436096191406]
  seed_2010 arm=p2 target=-4 charge=-6.94    Tm=61.02  replicas=[57.2, 70.3, 55.6]
Predicted melting temperature: [51.47023391723633]
Predicted melting temperature: [54.226558685302734]
Predicted melting temperature: [51.45600891113281]
  seed_2011 arm=p2 target=-4 charge=+0.99    Tm=52.38  replicas=[51.5, 54.2, 51.5]
Predicted melting temperature: [53.076255798339844]
Predicted melting temperature: [62.353275299072266]
Predicted melting temperature: [59.086708068847656]
  seed_2012 arm=p2 target=-4 charge=-3.19    Tm=58.17  replicas=[53.1, 62.4, 59.1]
Predicted melting temperature: [68.85533142089844]
Predicted melting temperature: [74.1156005859375]
Predicted melting temperature: [49.933868408203125]
  seed_2013 arm=p2 target=-4 charge=-0.05    Tm=64.30  replicas=[68.9, 74.1, 49.9]
Predicted melting temperature: [67.91960144042969]
Predicted melting temperature: [73.00051879882812]
Predicted melting temperature: [62.318084716796875]
  seed_2014 arm=p2 target=-4 charge=+2.14    Tm=67.75  replicas=[67.9, 73.0, 62.3]
Predicted melting temperature: [63.968849182128906]
Predicted melting temperature: [72.25344848632812]
Predicted melting temperature: [52.966575622558594]
  seed_2015 arm=p2 target=-4 charge=-1.94    Tm=63.06  replicas=[64.0, 72.3, 53.0]
Predicted melting temperature: [52.89169692993164]
Predicted melting temperature: [66.25039672851562]
Predicted melting temperature: [49.1180419921875]
  seed_2016 arm=p2 target=-4 charge=+1.10    Tm=56.09  replicas=[52.9, 66.3, 49.1]
Predicted melting temperature: [68.09169006347656]
Predicted melting temperature: [77.38999938964844]
Predicted melting temperature: [61.608184814453125]
  seed_2017 arm=p2 target=-4 charge=-7.94    Tm=69.03  replicas=[68.1, 77.4, 61.6]
Predicted melting temperature: [60.022274017333984]
Predicted melting temperature: [66.43091583251953]
Predicted melting temperature: [60.564453125]
  seed_2018 arm=p2 target=-4 charge=-2.94    Tm=62.34  replicas=[60.0, 66.4, 60.6]
Predicted melting temperature: [75.30018615722656]
Predicted melting temperature: [80.1363525390625]
Predicted melting temperature: [79.37103271484375]
  seed_2019 arm=p2 target=-4 charge=-5.93    Tm=78.27  replicas=[75.3, 80.1, 79.4]
Predicted melting temperature: [55.06574249267578]
Predicted melting temperature: [72.65399169921875]
Predicted melting temperature: [62.443519592285156]
  seed_2020 arm=p2 target=-4 charge=+2.09    Tm=63.39  replicas=[55.1, 72.7, 62.4]
Predicted melting temperature: [53.97468566894531]
Predicted melting temperature: [75.88905334472656]
Predicted melting temperature: [64.90289306640625]
  seed_2021 arm=p2 target=-4 charge=-6.93    Tm=64.92  replicas=[54.0, 75.9, 64.9]
Predicted melting temperature: [53.01100158691406]
Predicted melting temperature: [50.45043182373047]
Predicted melting temperature: [52.63433837890625]
  seed_2022 arm=p2 target=-4 charge=-6.86    Tm=52.03  replicas=[53.0, 50.5, 52.6]
Predicted melting temperature: [50.97957992553711]
Predicted melting temperature: [74.2172622680664]
Predicted melting temperature: [48.89878845214844]
  seed_2023 arm=p2 target=-4 charge=-2.94    Tm=58.03  replicas=[51.0, 74.2, 48.9]
Predicted melting temperature: [51.76110076904297]
Predicted melting temperature: [52.63973617553711]
Predicted melting temperature: [54.48754119873047]
  seed_2024 arm=p2 target=-4 charge=-10.92   Tm=52.96  replicas=[51.8, 52.6, 54.5]
Predicted melting temperature: [47.33694076538086]
Predicted melting temperature: [60.153907775878906]
Predicted melting temperature: [48.76732635498047]
  seed_2025 arm=p2 target=-4 charge=-8.16    Tm=52.09  replicas=[47.3, 60.2, 48.8]
Predicted melting temperature: [56.332069396972656]
Predicted melting temperature: [57.404300689697266]
Predicted melting temperature: [50.24522399902344]
  seed_2026 arm=p2 target=-4 charge=+0.14    Tm=54.66  replicas=[56.3, 57.4, 50.2]
Predicted melting temperature: [70.93898010253906]
Predicted melting temperature: [77.09902954101562]
Predicted melting temperature: [66.99960327148438]
  seed_2027 arm=p2 target=-4 charge=-1.97    Tm=71.68  replicas=[70.9, 77.1, 67.0]
Predicted melting temperature: [53.73174285888672]
Predicted melting temperature: [49.91545104980469]
Predicted melting temperature: [49.71315002441406]
  seed_2028 arm=p2 target=-4 charge=-1.90    Tm=51.12  replicas=[53.7, 49.9, 49.7]
Predicted melting temperature: [55.15215301513672]
Predicted melting temperature: [53.12300491333008]
Predicted melting temperature: [50.75578689575195]
  seed_2029 arm=p2 target=-4 charge=-6.94    Tm=53.01  replicas=[55.2, 53.1, 50.8]
Predicted melting temperature: [57.90772247314453]
Predicted melting temperature: [50.06749725341797]
Predicted melting temperature: [57.34886169433594]
  native charge=-5.53                        Tm=55.11  replicas=[57.9, 50.1, 57.3]
  [output/tm_sol_v12_2/seqs/5CQH/arm_p2/seqs.fa] 已写 output/tm_sol_v12_2/seqs/5CQH/arm_p2/seqs.fa.tm.csv
Predicted melting temperature: [74.68270111083984]
Predicted melting temperature: [76.08802032470703]
Predicted melting temperature: [63.708656311035156]
  seed_2000 arm=p8 target=+2 charge=-0.93    Tm=71.49  replicas=[74.7, 76.1, 63.7]
Predicted melting temperature: [65.17452239990234]
Predicted melting temperature: [71.165771484375]
Predicted melting temperature: [51.1220817565918]
  seed_2001 arm=p8 target=+2 charge=+6.84    Tm=62.49  replicas=[65.2, 71.2, 51.1]
Predicted melting temperature: [50.51097106933594]
Predicted melting temperature: [50.452362060546875]
Predicted melting temperature: [49.01542663574219]
  seed_2002 arm=p8 target=+2 charge=-2.90    Tm=49.99  replicas=[50.5, 50.5, 49.0]
Predicted melting temperature: [50.805511474609375]
Predicted melting temperature: [68.00619506835938]
Predicted melting temperature: [50.1490364074707]
  seed_2003 arm=p8 target=+2 charge=+0.99    Tm=56.32  replicas=[50.8, 68.0, 50.1]
Predicted melting temperature: [47.4840202331543]
Predicted melting temperature: [53.63495635986328]
Predicted melting temperature: [46.624778747558594]
  seed_2004 arm=p8 target=+2 charge=+2.06    Tm=49.25  replicas=[47.5, 53.6, 46.6]
Predicted melting temperature: [52.69248962402344]
Predicted melting temperature: [75.08157348632812]
Predicted melting temperature: [47.23698425292969]
  seed_2005 arm=p8 target=+2 charge=+2.06    Tm=58.34  replicas=[52.7, 75.1, 47.2]
Predicted melting temperature: [51.03266143798828]
Predicted melting temperature: [73.5373764038086]
Predicted melting temperature: [62.57875061035156]
  seed_2006 arm=p8 target=+2 charge=+3.10    Tm=62.38  replicas=[51.0, 73.5, 62.6]
Predicted melting temperature: [51.177879333496094]
Predicted melting temperature: [61.41090393066406]
Predicted melting temperature: [49.84191131591797]
  seed_2007 arm=p8 target=+2 charge=+3.06    Tm=54.14  replicas=[51.2, 61.4, 49.8]
Predicted melting temperature: [55.27229690551758]
Predicted melting temperature: [67.94479370117188]
Predicted melting temperature: [50.87669372558594]
  seed_2008 arm=p8 target=+2 charge=+6.98    Tm=58.03  replicas=[55.3, 67.9, 50.9]
Predicted melting temperature: [47.91746139526367]
Predicted melting temperature: [49.99755096435547]
Predicted melting temperature: [50.5252685546875]
  seed_2009 arm=p8 target=+2 charge=+5.11    Tm=49.48  replicas=[47.9, 50.0, 50.5]
Predicted melting temperature: [54.44826889038086]
Predicted melting temperature: [69.52352905273438]
Predicted melting temperature: [49.01506805419922]
  seed_2010 arm=p8 target=+2 charge=-2.90    Tm=57.66  replicas=[54.4, 69.5, 49.0]
Predicted melting temperature: [52.32194137573242]
Predicted melting temperature: [63.71575164794922]
Predicted melting temperature: [54.76622009277344]
  seed_2011 arm=p8 target=+2 charge=+4.10    Tm=56.93  replicas=[52.3, 63.7, 54.8]
Predicted melting temperature: [54.75460433959961]
Predicted melting temperature: [59.48197937011719]
Predicted melting temperature: [63.44566345214844]
  seed_2012 arm=p8 target=+2 charge=+2.14    Tm=59.23  replicas=[54.8, 59.5, 63.4]
Predicted melting temperature: [51.44394302368164]
Predicted melting temperature: [72.67411804199219]
Predicted melting temperature: [51.36798858642578]
  seed_2013 arm=p8 target=+2 charge=+1.11    Tm=58.50  replicas=[51.4, 72.7, 51.4]
Predicted melting temperature: [74.04114532470703]
Predicted melting temperature: [76.18855285644531]
Predicted melting temperature: [63.97944641113281]
  seed_2014 arm=p8 target=+2 charge=+8.11    Tm=71.40  replicas=[74.0, 76.2, 64.0]
Predicted melting temperature: [48.00028991699219]
Predicted melting temperature: [70.07130432128906]
Predicted melting temperature: [48.68669128417969]
  seed_2015 arm=p8 target=+2 charge=+4.06    Tm=55.59  replicas=[48.0, 70.1, 48.7]
Predicted melting temperature: [50.93100357055664]
Predicted melting temperature: [55.13777160644531]
Predicted melting temperature: [50.241416931152344]
  seed_2016 arm=p8 target=+2 charge=+0.03    Tm=52.10  replicas=[50.9, 55.1, 50.2]
Predicted melting temperature: [64.68179321289062]
Predicted melting temperature: [77.42302703857422]
Predicted melting temperature: [67.84041595458984]
  seed_2017 arm=p8 target=+2 charge=+0.06    Tm=69.98  replicas=[64.7, 77.4, 67.8]
Predicted melting temperature: [49.55802536010742]
Predicted melting temperature: [49.287689208984375]
Predicted melting temperature: [48.486141204833984]
  seed_2018 arm=p8 target=+2 charge=+3.95    Tm=49.11  replicas=[49.6, 49.3, 48.5]
Predicted melting temperature: [72.8681411743164]
Predicted melting temperature: [79.61181640625]
Predicted melting temperature: [75.78398132324219]
  seed_2019 arm=p8 target=+2 charge=-0.89    Tm=76.09  replicas=[72.9, 79.6, 75.8]
Predicted melting temperature: [53.79199981689453]
Predicted melting temperature: [72.27037811279297]
Predicted melting temperature: [46.73533630371094]
  seed_2020 arm=p8 target=+2 charge=+4.98    Tm=57.60  replicas=[53.8, 72.3, 46.7]
Predicted melting temperature: [62.67898941040039]
Predicted melting temperature: [77.05043029785156]
Predicted melting temperature: [72.9687728881836]
  seed_2021 arm=p8 target=+2 charge=-1.93    Tm=70.90  replicas=[62.7, 77.1, 73.0]
Predicted melting temperature: [57.89191818237305]
Predicted melting temperature: [71.31697845458984]
Predicted melting temperature: [48.408695220947266]
  seed_2022 arm=p8 target=+2 charge=+1.18    Tm=59.21  replicas=[57.9, 71.3, 48.4]
Predicted melting temperature: [55.82279586791992]
Predicted melting temperature: [69.69183349609375]
Predicted melting temperature: [48.07550048828125]
  seed_2023 arm=p8 target=+2 charge=+6.06    Tm=57.86  replicas=[55.8, 69.7, 48.1]
Predicted melting temperature: [50.997859954833984]
Predicted melting temperature: [50.7564697265625]
Predicted melting temperature: [48.61564636230469]
  seed_2024 arm=p8 target=+2 charge=-6.81    Tm=50.12  replicas=[51.0, 50.8, 48.6]
Predicted melting temperature: [49.22061538696289]
Predicted melting temperature: [46.60324478149414]
Predicted melting temperature: [46.907196044921875]
  seed_2025 arm=p8 target=+2 charge=-7.01    Tm=47.58  replicas=[49.2, 46.6, 46.9]
Predicted melting temperature: [52.04420852661133]
Predicted melting temperature: [64.46984100341797]
Predicted melting temperature: [51.003055572509766]
  seed_2026 arm=p8 target=+2 charge=+6.10    Tm=55.84  replicas=[52.0, 64.5, 51.0]
Predicted melting temperature: [73.08821105957031]
Predicted melting temperature: [79.20645141601562]
Predicted melting temperature: [74.79700469970703]
  seed_2027 arm=p8 target=+2 charge=+1.07    Tm=75.70  replicas=[73.1, 79.2, 74.8]
Predicted melting temperature: [52.428409576416016]
Predicted melting temperature: [51.58794403076172]
Predicted melting temperature: [46.934669494628906]
  seed_2028 arm=p8 target=+2 charge=+1.06    Tm=50.32  replicas=[52.4, 51.6, 46.9]
Predicted melting temperature: [55.47605895996094]
Predicted melting temperature: [53.2598762512207]
Predicted melting temperature: [52.01056671142578]
  seed_2029 arm=p8 target=+2 charge=-1.93    Tm=53.58  replicas=[55.5, 53.3, 52.0]
Predicted melting temperature: [57.90772247314453]
Predicted melting temperature: [50.06749725341797]
Predicted melting temperature: [57.34886169433594]
  native charge=-5.53                        Tm=55.11  replicas=[57.9, 50.1, 57.3]
  [output/tm_sol_v12_2/seqs/5CQH/arm_p8/seqs.fa] 已写 output/tm_sol_v12_2/seqs/5CQH/arm_p8/seqs.fa.tm.csv
